season,draft_year,draft_team,draft_round,draft_ovr,pfr_id,cfb_id,player_name,pos,school,ht,wt,forty,bench,vertical,broad_jump,cone,shuttle
2020,,,,,AdamTr01,trey-adams-2,Trey Adams,OL,Washington,6-8,318.0,5.6,,24.5,92.0,,
2020,2020.0,Cincinnati Bengals,6.0,180.0,AdenHa00,hakeem-adeniji-1,Hakeem Adeniji,OL,Kansas,6-4,302.0,5.17,26.0,34.0,115.0,,
2020,2020.0,Denver Broncos,3.0,95.0,AgimMc00,mctelvin-agim-1,McTelvin Agim,DL,Arkansas,6-3,309.0,4.98,27.0,,,,
2020,,,,,AhmeSa01,salvon-ahmed-1,Salvon Ahmed,RB,Washington,5-11,197.0,4.62,,34.5,120.0,,
2020,2020.0,San Francisco 49ers,1.0,25.0,AiyuBr00,brandon-aiyuk-1,Brandon Aiyuk,WR,Arizona State,6-0,205.0,4.5,11.0,40.0,128.0,,
2020,2020.0,Los Angeles Rams,2.0,52.0,AkerCa00,cam-akers-1,Cam Akers,RB,Florida State,5-10,217.0,4.47,20.0,35.5,122.0,,4.42
2020,2020.0,Dallas Cowboys,5.0,179.0,AnaeBr00,bradlee-anae-1,Bradlee Anae,DL,Utah,6-3,257.0,4.93,25.0,31.0,115.0,7.44,4.43
2020,2020.0,Los Angeles Rams,7.0,250.0,AnchTr00,tremayne-anchrum-1,Tremayne Anchrum,OL,Clemson,6-2,314.0,5.21,26.0,24.5,104.0,,
2020,,,,,AndeDa03,darius-anderson-1,Jet Anderson,RB,TCU,5-10,208.0,4.61,19.0,36.0,128.0,,4.19
2020,2020.0,Las Vegas Raiders,1.0,19.0,ArneDa00,damon-arnette-1,Damon Arnette,CB,Ohio State,6-0,195.0,4.56,,,,,
2020,,,,,ArnoGr01,grayland-arnold-1,Grayland Arnold,CB,Baylor,5-9,186.0,4.59,12.0,33.0,120.0,7.01,4.3
2020,2020.0,New England Patriots,3.0,91.0,AsiaDe00,devin-asiasi-1,Devin Asiasi,TE,UCLA,6-3,257.0,4.73,16.0,30.5,115.0,,
2020,,,,,BachJo01,joe-bachie-1,Joe Bachie,LB,Michigan State,6-1,230.0,4.67,26.0,33.5,119.0,6.93,4.34
2020,2020.0,Cincinnati Bengals,7.0,215.0,BailMa01,markus-bailey-1,Markus Bailey,LB,Purdue,6-0,235.0,,15.0,,,,
2020,,,,,BandTr01,trajan-bandy-1,Trajan Bandy,CB,Miami,5-8,180.0,4.5,10.0,,,,
2020,2020.0,Jacksonville Jaguars,4.0,116.0,BartBe00,,Ben Bartch,OL,Saint John's (MN),6-6,309.0,,,,,,
2020,2020.0,Buffalo Bills,6.0,188.0,BassTy00,tyler-bass-3,Tyler Bass,K,Georgia Southern,5-10,185.0,,,,,,
2020,,,,,BassEs01,essang-bassey-1,Essang Bassey,CB,Wake Forest,5-9,191.0,4.46,12.0,39.5,128.0,6.95,4.13
2020,2020.0,New Orleans Saints,3.0,74.0,BaunZa00,zack-baun-1,Zack Baun,LB,Wisconsin,6-2,238.0,4.65,24.0,32.5,115.0,7.0,4.31
2020,,,,,BaylOm01,omar-bayless-1,Omar Bayless,WR,Arkansas State,6-1,212.0,4.62,11.0,36.0,123.0,7.35,4.5
2020,2020.0,New York Jets,1.0,11.0,BectMe00,mekhi-becton-1,Mekhi Becton,OL,Louisville,6-7,364.0,5.1,23.0,,,,
2020,,,,,BellLe02,levante-bellamy-1,LeVante Bellamy,RB,Western Michigan,5-9,192.0,4.5,16.0,39.5,125.0,,
2020,2020.0,Arizona Cardinals,7.0,222.0,BenjEn00,eno-benjamin-1,Eno Benjamin,RB,Arizona State,5-9,207.0,4.57,12.0,39.0,122.0,6.97,4.25
2020,,,,,BernFr01,francis-bernard-1,Francis Bernard,LB,Utah,6-0,234.0,4.81,19.0,32.5,120.0,,
2020,2020.0,Dallas Cowboys,4.0,146.0,BiadTy00,tyler-biadasz-1,Tyler Biadasz,OL,Wisconsin,6-4,314.0,,,,,,
2020,,,,,BituDa01,daniel-bituli-1,Daniel Bituli,LB,Tennessee,6-2,246.0,4.84,16.0,32.0,121.0,,
2020,2020.0,Houston Texans,2.0,40.0,BlacRo00,ross-blacklock-1,Ross Blacklock,DL,TCU,6-3,290.0,4.9,,29.0,107.0,7.77,4.67
2020,2020.0,Indianapolis Colts,3.0,85.0,BlacJu01,julian-blackmon-1,Julian Blackmon,S,Utah,6-0,187.0,,,,,,
2020,,,,,BlanRo03,rodrigo-blankenship-1,Rodrigo Blankenship,K,Georgia,6-1,190.0,,,,,,
2020,2020.0,Las Vegas Raiders,3.0,80.0,BowdLy00,lynn-bowden-jr-1,Lynn Bowden,WR,Kentucky,5-11,204.0,,13.0,,,,
2020,2020.0,Philadelphia Eagles,6.0,196.0,BradSh00,shaun-bradley-1,Shaun Bradley,LB,Temple,6-1,235.0,4.51,14.0,32.5,121.0,7.07,4.24
2020,2020.0,Baltimore Ravens,4.0,143.0,BredBe00,ben-bredeson-1,Ben Bredeson,OL,Michigan,6-5,315.0,,,,,,
2020,,,,,BreeJa01,jacob-breeland-1,Jacob Breeland,TE,Oregon,6-5,252.0,,,,,,
2020,2020.0,Seattle Seahawks,1.0,27.0,BrooJo01,jordyn-brooks-1,Jordyn Brooks,LB,Texas Tech,6-0,240.0,4.54,,,,,
2020,2020.0,New York Giants,6.0,183.0,BrowCa01,cameron-brown-1,Cameron Brown,LB,Penn State,6-5,233.0,4.72,16.0,35.5,123.0,,
2020,2020.0,Carolina Panthers,1.0,7.0,BrowDe05,derrick-brown-6,Derrick Brown,DL,Auburn,6-5,326.0,5.16,28.0,27.0,108.0,8.22,4.79
2020,,,,,BrowTo02,tony-brown-9,Tony Brown,WR,Colorado,6-1,198.0,4.65,14.0,33.5,119.0,7.21,4.27
2020,2020.0,Cleveland Browns,4.0,115.0,BryaHa00,harrison-bryant-1,Harrison Bryant,TE,Florida Atlantic,6-5,243.0,4.73,13.0,32.5,110.0,7.41,4.37
2020,,,,,BryaHu02,hunter-bryant-2,Hunter Bryant,TE,Washington,6-2,248.0,4.74,23.0,32.5,115.0,7.08,4.46
2020,,,,,BryaKe01,kelly-bryant-1,Kelly Bryant,QB,Missouri,6-3,229.0,4.69,,35.0,125.0,7.33,4.51
2020,,,,,BryaMy01,myles-bryant-1,Myles Bryant,CB,Washington,5-8,183.0,4.62,,31.5,115.0,6.81,4.02
2020,2020.0,Los Angeles Rams,3.0,104.0,BurgTe00,terrell-burgess-1,Terrell Burgess,S,Utah,5-11,202.0,4.46,20.0,33.5,122.0,,
2020,2020.0,Cincinnati Bengals,1.0,1.0,BurrJo01,joe-burrow-1,Joe Burrow,QB,LSU,6-3,221.0,,,,,,
2020,,,,,CabrCo01,cohl-cabral-1,Cohl Cabral,OL,Arizona State,6-5,300.0,,20.0,,,,
2020,,,,,CageLa01,lawrence-cager-1,Lawrence Cager,WR,Georgia,6-5,220.0,,,,,,
2020,2020.0,Tampa Bay Buccaneers,7.0,245.0,CalaRa00,raymond-calais-1,Raymond Calais,RB,Louisiana-Lafayette,5-8,188.0,4.42,20.0,37.5,120.0,,
2020,,,,,CallMa01,marquez-callaway-1,Marquez Callaway,WR,Tennessee,6-1,205.0,4.55,,38.0,126.0,,
2020,,,,,CartSh01,shyheim-carter-1,Shyheim Carter,S,Alabama,5-10,194.0,,,,,,
2020,2020.0,Detroit Lions,5.0,166.0,CephQu00,quintez-cephus-1,Quintez Cephus,WR,Wisconsin,6-1,202.0,4.73,23.0,38.5,124.0,7.2,4.33
2020,2020.0,Jacksonville Jaguars,1.0,20.0,ChaiKL00,klavon-chaisson-1,K'Lavon Chaisson,LB,LSU,6-3,254.0,,,,,,
2020,2020.0,Washington Football Team,4.0,108.0,CharSa00,saahdiq-charles-1,Saahdiq Charles,OL,LSU,6-4,321.0,5.05,,,,,
2020,,,,,CharJo01,joseph-charlton-1,Joseph Charlton,P,South Carolina,6-4,195.0,,,,,,
2020,2020.0,Carolina Panthers,2.0,64.0,ChinJe00,,Jeremy Chinn,S,Southern Illinois,6-3,221.0,4.45,20.0,41.0,138.0,,
2020,2020.0,New York Jets,4.0,129.0,ClarCa00,cameron-clark-2,Cameron Clark,OL,Charlotte,6-4,308.0,5.29,26.0,25.0,101.0,,
2020,,,,,ClarNe00,nevelle-clarke-1,Nevelle Clarke,CB,UCF,6-1,190.0,,10.0,35.0,126.0,6.88,4.31
2020,2020.0,Pittsburgh Steelers,2.0,49.0,ClayCh01,chase-claypool-1,Chase Claypool,WR,Notre Dame,6-4,238.0,4.42,19.0,40.5,126.0,,
2020,,,,,ClemRo01,rodney-clemons-1,Rodney Clemons,S,SMU,6-0,209.0,4.71,21.0,33.5,118.0,,
2020,2020.0,Minnesota Vikings,2.0,58.0,ClevEz00,ezra-cleveland-1,Ezra Cleveland,OL,Boise State,6-6,311.0,4.93,30.0,30.0,111.0,7.26,4.46
2020,2020.0,Denver Broncos,7.0,252.0,ClevTy00,tyrie-cleveland-1,Tyrie Cleveland,WR,Florida,6-2,209.0,4.46,13.0,39.5,126.0,,
2020,,,,,CoatJo01,josiah-coatney-1,Josiah Coatney,DL,Mississippi,6-3,308.0,5.21,22.0,27.0,99.0,8.07,4.82
2020,,,,,CoexNi01,nick-coe-1,Nick Coe,LB,Auburn,6-5,280.0,4.89,21.0,29.0,116.0,,
2020,,,,,ColeKe01,kendall-coleman-1,Kendall Coleman,DL,Syracuse,6-3,257.0,4.95,,32.0,114.0,7.5,4.62
2020,,,,,ColoTr01,trystan-colon-castillo-1,Trystan Colon-Castillo,OL,Missouri,6-3,313.0,,11.0,,,,
2020,2020.0,New York Giants,7.0,218.0,CougCa00,carter-coughlin-1,Carter Coughlin,LB,Minnesota,6-3,236.0,4.57,,36.0,126.0,,
2020,2020.0,Houston Texans,5.0,171.0,CoulIs00,,Isaiah Coulter,WR,Rhode Island,6-2,198.0,4.45,,36.0,121.0,7.28,4.62
2020,2020.0,Washington Football Team,7.0,216.0,CurlKa00,kamren-curl-1,Kamren Curl,S,Arkansas,6-1,206.0,4.6,24.0,34.5,125.0,,
2020,2020.0,Denver Broncos,3.0,83.0,CushLl00,lloyd-cushenberry-iii-1,Lloyd Cushenberry,OL,LSU,6-3,312.0,5.27,25.0,,,,
2020,2020.0,Seattle Seahawks,4.0,144.0,DallDe00,deejay-dallas-1,DeeJay Dallas,RB,Miami,5-10,217.0,4.58,,33.5,119.0,7.18,4.32
2020,,,,,DaniDa04,darrion-daniels-1,Darrion Daniels,DL,Nebraska,6-3,311.0,5.18,21.0,27.0,109.0,7.75,4.93
2020,2020.0,Minnesota Vikings,3.0,89.0,DantCa00,cameron-dantzler-1,Cameron Dantzler,CB,Mississippi State,6-2,188.0,4.64,,34.5,,,
2020,,,,,DaviKe04,,Kevin Davidson,QB,Princeton,6-4,224.0,5.0,,28.0,109.0,7.13,4.37
2020,2020.0,Atlanta Falcons,2.0,47.0,DaviMa01,marlon-davidson-1,Marlon Davidson,DL,Auburn,6-3,303.0,5.04,21.0,,,,
2020,2020.0,New York Jets,3.0,68.0,DaviAs00,ashtyn-davis-1,Ashtyn Davis,S,California,6-1,202.0,,14.0,,,,
2020,2020.0,Pittsburgh Steelers,7.0,232.0,DaviCa03,carlos-davis-3,Carlos Davis,DL,Nebraska,6-2,313.0,4.82,27.0,,,,4.52
2020,2020.0,Buffalo Bills,4.0,128.0,DaviGa01,gabriel-davis-1,Gabriel Davis,WR,UCF,6-2,216.0,4.54,14.0,35.0,124.0,7.08,4.59
2020,,,,,DaviJa10,javaris-davis-1,Javaris Davis,CB,Auburn,5-8,183.0,4.39,11.0,35.5,124.0,,
2020,2020.0,Tampa Bay Buccaneers,6.0,194.0,DaviKh00,khalil-davis-1,Khalil Davis,DL,Nebraska,6-1,308.0,4.75,32.0,,,,
2020,,,,,DaviQu03,quartney-davis-1,Quartney Davis,WR,Texas A&M,6-1,201.0,4.54,,35.5,,,
2020,2020.0,Miami Dolphins,2.0,56.0,DaviRa03,raekwon-davis-1,Raekwon Davis,DL,Alabama,6-6,311.0,5.12,24.0,28.0,111.0,7.95,4.86
2020,2020.0,Cincinnati Bengals,4.0,107.0,DaviAk01,akeem-davis-gaither-1,Akeem Davis-Gaither,LB,Appalachian State,6-1,224.0,,21.0,,,,
2020,2020.0,Green Bay Packers,3.0,94.0,DeguJo00,josiah-deguara-1,Josiah Deguara,TE,Cincinnati,6-2,242.0,4.72,25.0,35.5,115.0,7.15,4.35
2020,2020.0,Cleveland Browns,2.0,44.0,DelpGr00,grant-delpit-1,Grant Delpit,S,LSU,6-2,213.0,,,,,,
2020,2020.0,Dallas Cowboys,2.0,51.0,DiggTr00,trevon-diggs-1,Trevon Diggs,CB,Alabama,6-1,205.0,,,,,,
2020,2020.0,Green Bay Packers,2.0,62.0,DillAJ00,aj-dillon-1,AJ Dillon,RB,Boston College,6-0,247.0,4.53,23.0,41.0,131.0,7.19,
2020,,,,,DiviMi01,michael-divinity-jr-1,Michael Divinity,LB,LSU,6-2,242.0,4.85,14.0,31.0,115.0,,
2020,2020.0,Baltimore Ravens,2.0,55.0,DobbJK00,jk-dobbins-1,J.K. Dobbins,RB,Ohio State,5-9,209.0,,23.0,,,,
2020,,,,,DowdRi01,rico-dowdle-1,Rico Dowdle,RB,South Carolina,5-11,213.0,4.54,,38.0,127.0,,
2020,2020.0,Philadelphia Eagles,4.0,145.0,DrisJa00,jack-driscoll-2,Jack Driscoll,OL,Auburn,6-5,306.0,5.02,23.0,29.5,114.0,,
2020,2020.0,New England Patriots,2.0,37.0,DuggKy00,,Kyle Dugger,S,Lenoir-Rhyne,6-1,217.0,4.49,17.0,42.0,134.0,,
2020,,,,,DuraYa01,yasir-durant-1,Yasir Durant,OL,Missouri,6-6,331.0,5.52,21.0,25.0,,,
2020,2020.0,Baltimore Ravens,3.0,92.0,DuveDe00,devin-duvernay-1,Devin Duvernay,WR,Texas,5-10,200.0,4.39,,35.5,123.0,7.13,4.2
2020,2020.0,Minnesota Vikings,4.0,132.0,DyexTr00,troy-dye-1,Troy Dye,LB,Oregon,6-3,231.0,,,,,,
2020,2020.0,Indianapolis Colts,4.0,122.0,EasoJa00,jacob-eason-1,Jacob Eason,QB,Washington,6-6,231.0,4.89,,27.5,110.0,7.5,4.75
2020,2020.0,Las Vegas Raiders,3.0,81.0,EdwaBr01,bryan-edwards-1,Bryan Edwards,WR,South Carolina,6-3,212.0,,,,,,
2020,2020.0,Kansas City Chiefs,1.0,32.0,EdwaCl00,clyde-edwards-helaire-1,Clyde Edwards-Helaire,RB,LSU,5-7,207.0,4.6,15.0,39.5,123.0,,
2020,,,,,ElliJa05,jalen-elliott-1,Jalen Elliott,S,Notre Dame,6-0,205.0,4.8,15.0,34.0,125.0,6.87,4.3
2020,2020.0,Cleveland Browns,3.0,88.0,ElliJo02,jordan-elliott-1,Jordan Elliott,DL,Missouri,6-4,302.0,5.02,24.0,27.5,,,4.73
2020,2020.0,Buffalo Bills,2.0,54.0,EpenAJ00,aj-epenesa-1,A.J. Epenesa,DL,Iowa,6-5,275.0,5.04,17.0,32.5,117.0,7.34,4.46
2020,2020.0,Tennessee Titans,3.0,93.0,EvanDa02,darrynton-evans-1,Darrynton Evans,RB,Appalachian State,5-10,203.0,4.41,20.0,37.0,125.0,,
2020,2020.0,Miami Dolphins,6.0,185.0,FergBl00,blake-ferguson-3,Blake Ferguson,LS,LSU,6-3,229.0,5.07,,31.0,112.0,7.43,4.52
2020,,,,,FinkCh01,chris-finke-1,Chris Finke,WR,Notre Dame,5-9,186.0,4.57,7.0,40.0,,,
2020,2020.0,Arizona Cardinals,4.0,114.0,FotuLe00,leki-fotu-1,Leki Fotu,DL,Utah,6-5,330.0,5.15,21.0,,,,
2020,2020.0,Buffalo Bills,5.0,167.0,FromJa00,jake-fromm-1,Jake Fromm,QB,Georgia,6-2,219.0,5.01,,30.0,111.0,7.27,4.51
2020,,,,,FullAa01,aaron-fuller-1,Aaron Fuller,WR,Washington,5-11,188.0,4.59,,34.0,118.0,7.14,
2020,2020.0,Los Angeles Rams,6.0,199.0,FullJo01,jordan-fuller-1,Jordan Fuller,S,Ohio State,6-2,203.0,4.67,,35.5,122.0,,4.27
2020,2020.0,Tennessee Titans,2.0,61.0,FultKr00,kristian-fulton-1,Kristian Fulton,CB,LSU,6-0,197.0,4.46,,35.5,123.0,6.94,4.36
2020,,,,,GaleTi01,tipa-galeai-1,Tipa Galeai,LB,Utah State,6-5,235.0,,,,,,
2020,2020.0,Dallas Cowboys,3.0,82.0,GallNe00,neville-gallimore-1,Neville Gallimore,DL,Oklahoma,6-2,304.0,4.79,23.0,,,7.97,5.01
2020,2020.0,Washington Football Team,4.0,142.0,GandAn00,antonio-gandy-golden-1,Antonio Gandy-Golden,WR,Liberty,6-4,223.0,4.6,22.0,36.0,127.0,7.33,4.55
2020,,,,,GarrCa02,cale-garrett-1,Cale Garrett,LB,Missouri,6-2,234.0,4.92,,32.0,124.0,6.91,4.13
2020,2020.0,Green Bay Packers,7.0,242.0,GarvJo00,jonathan-garvin-1,Jonathan Garvin,DL,Miami,6-4,263.0,4.82,23.0,36.0,125.0,,
2020,2020.0,Washington Football Team,3.0,66.0,GibsAn00,antonio-gibson-2,Antonio Gibson,WR,Memphis,6-0,228.0,4.39,16.0,35.0,118.0,,
2020,2020.0,Los Angeles Chargers,6.0,186.0,GilmAl00,alohi-gilman-1,Alohi Gilman,S,Notre Dame,5-10,201.0,4.6,17.0,32.0,119.0,6.81,4.08
2020,2020.0,Chicago Bears,5.0,155.0,GipsTr00,trevis-gipson-1,Trevis Gipson,DL,Tulsa,6-3,261.0,,25.0,,,,
2020,2020.0,Minnesota Vikings,1.0,31.0,GladJe00,jeff-gladney-1,Jeff Gladney,CB,TCU,5-10,191.0,4.48,17.0,37.5,124.0,7.26,
2020,,,,,GordAn01,anthony-gordon-2,Anthony Gordon,QB,Washington State,6-2,205.0,,,,,,
2020,,,,,GreeAJ00,aj-green-4,A.J. Green,CB,Oklahoma State,6-1,202.0,4.62,13.0,,,,
2020,2020.0,Houston Texans,3.0,90.0,GreeJo04,jonathan-greenard-1,Jonathan Greenard,DL,Florida,6-3,263.0,4.87,22.0,30.5,113.0,7.13,4.34
2020,2020.0,Carolina Panthers,2.0,38.0,GrosYe00,yetur-gross-matos-1,Yetur Gross-Matos,DL,Penn State,6-5,266.0,,20.0,34.0,120.0,,
2020,,,,,GuidJa01,javelin-guidry-2,Javelin Guidry,CB,Utah,5-9,191.0,4.29,21.0,,,,
2020,,,,,GuidSt01,stephen-guidry-1,Stephen Guidry,WR,Mississippi State,6-3,201.0,4.47,,34.0,125.0,7.31,4.46
2020,2020.0,New York Jets,5.0,158.0,HallBr02,bryce-hall-1,Bryce Hall,CB,Virginia,6-1,202.0,,11.0,,,,
2020,2020.0,Jacksonville Jaguars,3.0,73.0,HamiDa02,davon-hamilton-1,DaVon Hamilton,DL,Ohio State,6-4,320.0,5.14,33.0,29.5,102.0,7.72,
2020,,,,,HamiLa01,ladarius-hamilton-1,LaDarius Hamilton,DL,North Texas,6-2,262.0,4.89,27.0,30.0,114.0,7.66,4.49
2020,2020.0,Denver Broncos,2.0,46.0,HamlKJ00,kj-hamler-1,KJ Hamler,WR,Penn State,5-9,178.0,,15.0,,,,
2020,2020.0,Minnesota Vikings,5.0,169.0,HandHa00,harrison-hand-2,Harrison Hand,CB,Temple,5-11,197.0,4.52,14.0,41.0,133.0,7.15,4.27
2020,2020.0,Green Bay Packers,6.0,208.0,HansJa00,jake-hanson-1,Jake Hanson,OL,Oregon,6-4,303.0,5.5,33.0,,,,
2020,,,,,HarrDe10,dejon-harris-1,Scoota Harris,LB,Arkansas,6-0,234.0,4.69,18.0,33.0,111.0,7.38,4.32
2020,2020.0,Cleveland Browns,5.0,160.0,HarrNi01,nick-harris-3,Nick Harris,OL,Washington,6-1,302.0,5.1,20.0,29.5,103.0,,
2020,2020.0,Baltimore Ravens,3.0,98.0,HarrMa06,malik-harrison-1,Malik Harrison,LB,Ohio State,6-3,247.0,4.66,,36.0,122.0,6.83,4.32
2020,,,,,HastJa02,jamycal-hasty-1,JaMycal Hasty,RB,Baylor,5-8,205.0,4.55,15.0,39.0,123.0,,4.03
2020,2020.0,Atlanta Falcons,4.0,134.0,HawkJa00,jaylinn-hawkins-1,Jaylinn Hawkins,S,California,6-1,208.0,,,35.5,117.0,,
2020,2020.0,Houston Texans,4.0,126.0,HeckCh00,charlie-heck-1,Charlie Heck,OL,North Carolina,6-8,311.0,5.16,21.0,28.0,112.0,8.02,4.86
2020,2020.0,Jacksonville Jaguars,1.0,9.0,HendCJ00,cj-henderson-1,C.J. Henderson,CB,Florida,6-1,204.0,4.39,20.0,37.5,127.0,,
2020,2020.0,Atlanta Falcons,3.0,78.0,HennMa00,matt-hennessy-1,Matt Hennessy,OL,Temple,6-4,307.0,5.18,23.0,30.0,110.0,7.45,4.6
2020,2020.0,Los Angeles Chargers,1.0,6.0,HerbJu00,justin-herbert-1,Justin Herbert,QB,Oregon,6-6,236.0,4.68,,35.5,123.0,7.06,4.46
2020,,,,,HerrBr00,brian-herrien-1,Brian Herrien,RB,Georgia,5-11,209.0,4.62,18.0,38.5,126.0,7.12,4.4
2020,2020.0,New England Patriots,6.0,195.0,HerrJu00,justin-herron-1,Justin Herron,OL,Wake Forest,6-4,308.0,5.26,27.0,33.0,105.0,8.41,4.88
2020,2020.0,Cincinnati Bengals,2.0,33.0,HiggTe00,tee-higgins-1,Tee Higgins,WR,Clemson,6-4,216.0,,,,,,
2020,2020.0,Pittsburgh Steelers,3.0,102.0,HighAl02,alex-highsmith-1,Alex Highsmith,DL,Charlotte,6-3,248.0,4.7,,33.0,125.0,7.32,4.31
2020,2020.0,Philadelphia Eagles,5.0,168.0,HighJo00,john-hightower-1,John Hightower,WR,Boise State,6-1,189.0,4.43,,38.5,122.0,7.07,4.21
2020,2020.0,Los Angeles Chargers,7.0,220.0,HillKJ00,kj-hill-1,K.J. Hill,WR,Ohio State,6-0,196.0,4.6,17.0,32.5,114.0,,
2020,,,,,HillLa01,lavert-hill-1,Lavert Hill,CB,Michigan,5-10,190.0,,21.0,,,,
2020,,,,,HillTr02,trevon-hill-1,Trevon Hill,DL,Miami,6-3,248.0,4.89,,28.0,113.0,,
2020,2020.0,Buffalo Bills,6.0,207.0,HodgIs00,isaiah-hodgins-1,Isaiah Hodgins,WR,Oregon State,6-4,210.0,4.61,9.0,36.5,124.0,7.01,4.12
2020,2020.0,Atlanta Falcons,7.0,228.0,HofrSt00,sterling-hofrichter-1,Sterling Hofrichter,P,Syracuse,5-10,196.0,,,,,,
2020,2020.0,New York Giants,4.0,110.0,HolmDa01,darnay-holmes-1,Darnay Holmes,CB,UCLA,5-10,195.0,4.48,12.0,,,,
2020,2020.0,Los Angeles Rams,4.0,136.0,HopkBr01,brycen-hopkins-1,Brycen Hopkins,TE,Purdue,6-4,245.0,4.66,21.0,33.5,116.0,7.25,4.28
2020,2020.0,Washington Football Team,5.0,162.0,HudsKh00,khaleke-hudson-1,Khaleke Hudson,LB,Michigan,5-11,224.0,4.56,30.0,33.0,120.0,,
2020,2020.0,Miami Dolphins,2.0,39.0,HuntRo01,robert-hunt-1,Robert Hunt,OL,Louisiana-Lafayette,6-5,323.0,,,,,,
2020,2020.0,Philadelphia Eagles,2.0,53.0,HurtJa00,jalen-hurts-1,Jalen Hurts,QB,Oklahoma,6-1,222.0,4.59,,35.0,125.0,,
2020,2020.0,Miami Dolphins,1.0,30.0,IgbiNo00,noah-igbinoghene-1,Noah Igbinoghene,CB,Auburn,5-10,198.0,4.48,15.0,37.0,128.0,,
2020,2020.0,Minnesota Vikings,7.0,249.0,ColeBr01,brian-cole-1,Brian Cole II,S,Mississippi State,6-2,213.0,4.52,,,,,
2020,2020.0,Arizona Cardinals,4.0,131.0,LawrRa01,rashard-lawrence-1,Rashard Lawrence II,DL,LSU,6-2,308.0,5.07,22.0,,,8.03,
2020,2020.0,Dallas Cowboys,4.0,123.0,RobiRe00,reginald-robinson-ii-1,Reggie Robinson II,CB,Tulsa,6-1,205.0,4.44,22.0,36.0,132.0,7.09,4.18
2020,2020.0,Las Vegas Raiders,1.0,12.0,RuggHe00,henry-ruggs-iii-1,Henry Ruggs III,WR,Alabama,5-11,188.0,4.27,,42.0,131.0,,
2020,2020.0,Washington Football Team,5.0,156.0,IsmaKe00,keith-ismael-1,Keith Ismael,OL,San Diego State,6-3,309.0,5.34,,32.0,108.0,8.14,4.65
2020,,,,,IwuaCo01,cordel-iwuagwu-1,Cordel Iwuagwu,OL,TCU,6-3,309.0,5.22,25.0,27.0,94.0,8.03,4.87
2020,2020.0,Miami Dolphins,1.0,18.0,JackAu00,austin-jackson-2,Austin Jackson,OL,USC,6-5,322.0,5.07,27.0,31.0,115.0,7.95,
2020,2020.0,Buffalo Bills,7.0,239.0,JackDa02,dane-jackson-1,Dane Jackson,CB,Pittsburgh,6-0,187.0,4.57,,35.0,122.0,7.07,4.27
2020,2020.0,Detroit Lions,3.0,75.0,JackJo03,jonah-jackson-1,Jonah Jackson,OL,Ohio State,6-3,306.0,5.23,28.0,26.0,98.0,7.83,5.02
2020,,,,,JackLa01,lamar-jackson-2,Lamar Jackson,CB,Nebraska,6-2,208.0,4.58,10.0,36.5,122.0,,
2020,,,,,JackTr02,trishton-jackson-1,Trishton Jackson,WR,Syracuse,6-1,197.0,4.5,,36.0,117.0,,
2020,2020.0,Minnesota Vikings,1.0,22.0,JeffJu00,justin-jefferson-1,Justin Jefferson,WR,LSU,6-1,202.0,4.43,,37.5,126.0,,
2020,2020.0,Los Angeles Rams,2.0,57.0,JeffVa00,van-jefferson-1,Van Jefferson,WR,Florida,6-1,200.0,,,,,,
2020,2020.0,New England Patriots,3.0,87.0,JennAn00,anfernee-jennings-1,Anfernee Jennings,LB,Alabama,6-2,256.0,,,,,,
2020,2020.0,San Francisco 49ers,7.0,217.0,JennJa00,jauan-jennings-1,Jauan Jennings,WR,Tennessee,6-3,215.0,4.72,,29.0,119.0,,
2020,2020.0,Denver Broncos,1.0,15.0,JeudJe00,jerry-jeudy-1,Jerry Jeudy,WR,Alabama,6-1,193.0,4.45,,35.0,120.0,,4.53
2020,2020.0,Jacksonville Jaguars,5.0,165.0,JohnCo01,collin-johnson-2,Collin Johnson,WR,Texas,6-6,222.0,,17.0,,,,
2020,2020.0,Chicago Bears,2.0,50.0,JohnJa13,jaylon-johnson-1,Jaylon Johnson,CB,Utah,6-0,193.0,4.5,15.0,36.5,124.0,7.01,4.13
2020,,,,,JohnJu02,juwan-johnson-1,Juwan Johnson,WR,Oregon,6-4,230.0,4.58,14.0,33.0,124.0,6.94,4.37
2020,2020.0,Tampa Bay Buccaneers,5.0,161.0,JohnTy00,tyler-johnson-6,Tyler Johnson,WR,Minnesota,6-1,206.0,,,,,,
2020,2020.0,Los Angeles Rams,7.0,234.0,JohnCl00,clay-johnston-1,Clay Johnston,LB,Baylor,6-1,227.0,,18.0,,,,
2020,,,,,JoneBe03,benito-jones-1,Benito Jones,DL,Mississippi,6-1,316.0,5.26,,26.5,,8.21,5.27
2020,2020.0,Miami Dolphins,3.0,70.0,JoneBr06,brandon-jones-13,Brandon Jones,S,Texas,5-11,198.0,,,,,,
2020,2020.0,Arizona Cardinals,3.0,72.0,JoneJo07,josh-jones-4,Joshua Jones,OL,Houston,6-5,319.0,5.27,24.0,28.5,109.0,,
2020,,,,,JoneTo04,tony-jones-jr-1,Tony Jones,RB,Notre Dame,5-10,220.0,4.68,13.0,32.5,119.0,7.18,4.21
2020,2020.0,Pittsburgh Steelers,6.0,198.0,BrooAn00,antoine-brooks-1,Antoine Brooks Jr.,S,Maryland,5-11,220.0,4.64,18.0,34.5,,,
2020,2020.0,Kansas City Chiefs,2.0,63.0,GayJWi00,willie-gay-1,Willie Gay Jr.,LB,Mississippi State,6-1,243.0,4.46,21.0,39.5,136.0,7.08,4.3
2020,2020.0,Jacksonville Jaguars,2.0,42.0,ShenLa00,laviska-shenault-jr-1,Laviska Shenault Jr.,WR,Colorado,6-1,227.0,4.58,17.0,,,,
2020,2020.0,Tampa Bay Buccaneers,2.0,45.0,WinfAn00,antoine-winfield-jr-1,Antoine Winfield Jr.,S,Minnesota,5-9,203.0,4.45,,36.0,124.0,,
2020,,,,,KamaAz01,azur-kamara-1,Azur Kamara,LB,Kansas,6-3,245.0,4.59,13.0,28.0,121.0,7.2,4.46
2020,2020.0,Cincinnati Bengals,5.0,147.0,KareKh00,khalid-kareem-1,Khalid Kareem,DL,Notre Dame,6-4,268.0,,,,,,
2020,2020.0,New England Patriots,3.0,101.0,KeenDa00,dalton-keene-1,Dalton Keene,TE,Virginia Tech,6-4,253.0,4.71,21.0,34.0,125.0,7.07,4.19
2020,2020.0,Los Angeles Chargers,4.0,112.0,KellJo01,joshua-kelley-1,Joshua Kelley,RB,UCLA,5-11,212.0,4.49,23.0,31.0,121.0,6.95,4.28
2020,2020.0,Kansas City Chiefs,7.0,237.0,KeyeTh00,thakarius-keyes-1,BoPete Keyes,CB,Tulane,6-1,202.0,,,36.0,126.0,,
2020,2020.0,Miami Dolphins,4.0,111.0,KindSo00,solomon-kindley-1,Solomon Kindley,OL,Georgia,6-3,337.0,,,,,,
2020,2020.0,San Francisco 49ers,1.0,14.0,KinlJa00,javon-kinlaw-1,Javon Kinlaw,DL,South Carolina,6-5,324.0,,,,,,
2020,2020.0,Chicago Bears,2.0,43.0,KmetCo00,cole-kmet-1,Cole Kmet,TE,Notre Dame,6-6,262.0,4.7,,37.0,123.0,7.44,4.41
2020,2020.0,Dallas Cowboys,1.0,17.0,LambCe00,ceedee-lamb-1,CeeDee Lamb,WR,Oklahoma,6-2,198.0,4.5,11.0,34.5,124.0,,
2020,,,,,LeakJa01,javon-leake-1,Javon Leake,RB,Maryland,6-0,215.0,4.65,,34.0,125.0,,
2020,,,,,LeMaBe00,ben-lemay-1,Benny LeMay,RB,Charlotte,5-8,221.0,4.75,24.0,28.5,112.0,,
2020,2020.0,New York Giants,5.0,150.0,LemiSh00,shane-lemieux-1,Shane Lemieux,OL,Oregon,6-4,310.0,5.11,,25.5,107.0,8.13,4.9
2020,,,,,LeweBr00,brian-lewerke-1,Brian Lewerke,QB,Michigan State,6-2,213.0,4.95,,31.0,113.0,7.14,4.4
2020,2020.0,Seattle Seahawks,3.0,69.0,LewiDa05,damien-lewis-2,Damien Lewis,OL,LSU,6-2,327.0,5.24,27.0,30.0,108.0,,
2020,2020.0,Los Angeles Rams,3.0,84.0,LewiTe00,terrell-lewis-2,Terrell Lewis,LB,Alabama,6-5,262.0,,,37.0,124.0,,
2020,,,,,LipsKa01,kalija-lipscomb-1,Kalija Lipscomb,WR,Vanderbilt,6-0,207.0,4.57,16.0,32.0,127.0,,
2020,2020.0,Green Bay Packers,1.0,26.0,LoveJo03,jordan-love-2,Jordan Love,QB,Utah State,6-4,224.0,4.74,,35.5,118.0,7.21,4.52
2020,2020.0,Jacksonville Jaguars,6.0,189.0,LutoJa00,jake-luton-1,Jake Luton,QB,Oregon State,6-6,224.0,,,,,,
2020,2020.0,Minnesota Vikings,4.0,130.0,LyncJa00,james-lynch-3,James Lynch,DL,Baylor,6-4,289.0,5.01,23.0,29.0,111.0,7.39,4.39
2020,,,,,MackAu01,austin-mack-1,Austin Mack,WR,Ohio State,6-1,208.0,4.59,,31.5,117.0,,4.42
2020,,,,,MackJo02,jordan-mack-1,Jordan Mack,LB,Virginia,6-3,241.0,,,,,,
2020,2020.0,Baltimore Ravens,3.0,71.0,MaduJu00,justin-madubuike-1,Justin Madubuike,DL,Texas A&M,6-3,293.0,4.83,31.0,,,7.37,
2020,2020.0,New York Jets,6.0,191.0,MannBr01,braden-mann-1,Braden Mann,P,Texas A&M,5-11,198.0,4.83,,31.0,111.0,7.03,4.13
2020,2020.0,Green Bay Packers,5.0,175.0,MartKa01,kamal-martin-1,Kamal Martin,LB,Minnesota,6-3,240.0,,,,,,
2020,2020.0,Tennessee Titans,7.0,224.0,McDoCo00,cole-mcdonald-1,Cole McDonald,QB,Hawaii,6-3,215.0,4.58,,36.0,121.0,7.13,4.52
2020,2020.0,Pittsburgh Steelers,4.0,124.0,McFaAn00,anthony-mcfarland-2,Anthony McFarland,RB,Maryland,5-8,208.0,4.44,,29.5,116.0,,
2020,,,,,McKeSe01,sean-mckeon-1,Sean McKeon,TE,Michigan,6-5,242.0,,18.0,,,,
2020,2020.0,New York Giants,2.0,36.0,McKiXa00,xavier-mckinney-1,Xavier McKinney,S,Alabama,6-0,201.0,4.63,19.0,36.0,122.0,,
2020,2020.0,San Francisco 49ers,5.0,153.0,McKiCo00,colton-mckivitz-1,Colton McKivitz,OL,West Virginia,6-6,306.0,5.35,20.0,26.0,106.0,7.87,5.0
2020,2020.0,Minnesota Vikings,6.0,205.0,MeteJo00,josh-metellus-1,Josh Metellus,S,Michigan,5-11,209.0,4.55,20.0,36.5,124.0,6.94,4.4
2020,,,,,MillCh06,chris-miller-11,Chris Miller,S,Baylor,5-11,190.0,4.61,12.0,35.5,133.0,7.09,4.12
2020,2020.0,New York Jets,2.0,59.0,MimsDe00,denzel-mims-1,Denzel Mims,WR,Baylor,6-3,207.0,4.38,16.0,38.5,131.0,6.66,4.43
2020,,,,,MolcJo01,john-molchon-1,John Molchon,OL,Boise State,6-5,309.0,5.13,26.0,34.0,109.0,7.85,4.73
2020,,,,,MolsJJ01,jj-molson-1,JJ Molson,K,UCLA,5-11,182.0,,,,,,
2020,,,,,MontSt01,steven-montez-1,Steven Montez,QB,Colorado,6-4,231.0,4.68,,33.0,117.0,7.25,4.43
2020,2020.0,Chicago Bears,5.0,173.0,MoonDa00,darnell-mooney-1,Darnell Mooney,WR,Tulane,5-10,176.0,4.38,9.0,37.0,124.0,,
2020,2020.0,New York Jets,4.0,125.0,MorgJa00,james-morgan-1,James Morgan,QB,Florida International,6-4,229.0,4.89,,29.0,112.0,7.51,4.64
2020,,,,,MossTh01,thaddeus-moss-1,Thaddeus Moss,TE,LSU,6-2,250.0,,,,,,
2020,2020.0,Buffalo Bills,3.0,86.0,MossZa00,zack-moss-1,Zack Moss,RB,Utah,5-9,223.0,4.65,19.0,33.0,,,4.37
2020,2020.0,Tennessee Titans,5.0,174.0,MurcLa00,larrell-murchison-1,Larrell Murchison,DL,North Carolina State,6-2,297.0,5.05,29.0,29.0,118.0,7.89,4.51
2020,,,,,MurpKy02,,Kyle Murphy,OL,Rhode Island,6-3,316.0,5.3,19.0,28.0,104.0,7.81,4.68
2020,2020.0,Los Angeles Chargers,1.0,23.0,MurrKe00,kenneth-murray-1,Kenneth Murray,LB,Oklahoma,6-2,241.0,4.52,21.0,38.0,129.0,,
2020,2020.0,Las Vegas Raiders,3.0,100.0,MuseTa00,tanner-muse-1,Tanner Muse,S,Clemson,6-2,227.0,4.41,20.0,34.5,124.0,,
2020,2020.0,Denver Broncos,6.0,181.0,MutiNe00,netane-muti-1,Netane Muti,OL,Fresno State,6-3,315.0,,44.0,,,,
2020,2020.0,Kansas City Chiefs,3.0,96.0,NianLu00,lucas-niang-1,Lucas Niang,OL,TCU,6-6,315.0,,,,,,
2020,,,,,OGraCJ00,cj-ogrady-1,C.J. O'Grady,TE,Arkansas,6-4,253.0,4.81,16.0,34.0,119.0,7.3,4.34
2020,2020.0,Denver Broncos,3.0,77.0,OjemMi00,michael-ojemudia-1,Michael Ojemudia,CB,Iowa,6-1,200.0,4.45,,36.0,122.0,6.87,4.21
2020,2020.0,Detroit Lions,1.0,3.0,OkudJe00,jeffrey-okudah-1,Jeff Okudah,CB,Ohio State,6-1,205.0,4.48,11.0,41.0,135.0,,
2020,2020.0,Detroit Lions,3.0,67.0,OkwaJu00,julian-okwara-1,Julian Okwara,DL,Notre Dame,6-4,252.0,,27.0,,,,
2020,2020.0,Denver Broncos,4.0,118.0,OkwuAl00,albert-okwuegbunam-1,Albert Okwuegbunam,TE,Missouri,6-5,258.0,4.49,,,,,
2020,,,,,OlonSe01,sewo-olonilua-1,Sewo Olonilua,RB,TCU,6-3,232.0,4.66,25.0,36.0,123.0,,4.28
2020,,,,,OlsoDa01,,Dante Olson,LB,Montana,6-2,237.0,4.88,15.0,42.0,124.0,7.0,4.32
2020,2020.0,New England Patriots,6.0,182.0,OnweMi00,michael-onwenu-1,Mike Onwenu,OL,Michigan,6-3,344.0,,26.0,,,,
2020,2020.0,Minnesota Vikings,5.0,176.0,OsboKJ00,kj-osborn-1,K.J. Osborn,WR,Miami,5-11,203.0,4.48,18.0,37.5,123.0,7.0,4.35
2020,,,,,ParkAa01,,Aaron Parker,WR,Rhode Island,6-2,209.0,4.57,12.0,26.5,112.0,6.94,4.23
2020,2020.0,Seattle Seahawks,4.0,133.0,ParkCo02,colby-parkinson-1,Colby Parkinson,TE,Stanford,6-7,252.0,4.77,18.0,32.5,109.0,7.15,4.46
2020,2020.0,Indianapolis Colts,6.0,212.0,PatmDe00,dezmon-patmon-1,Dezmon Patmon,WR,Washington State,6-4,225.0,4.48,15.0,36.0,132.0,7.28,4.38
2020,,,,,PattSh00,shea-patterson-1,Shea Patterson,QB,Michigan,6-1,212.0,4.71,,31.0,116.0,7.14,4.5
2020,2020.0,New York Giants,3.0,99.0,PearMa00,matt-peart-1,Matt Peart,OL,Connecticut,6-7,318.0,5.06,26.0,30.0,113.0,8.01,4.92
2020,,,,,PechAl00,,Alex Pechin,P,Bucknell,6-1,213.0,4.69,13.0,34.0,,,
2020,2020.0,Detroit Lions,6.0,197.0,PeniJo00,john-penisini-1,John Penisini,DL,Utah,6-1,318.0,,23.0,25.5,,,4.93
2020,2020.0,Cleveland Browns,6.0,187.0,PeopDo00,donovan-peoples-jones-1,Donovan Peoples-Jones,WR,Michigan,6-2,212.0,4.48,,44.5,139.0,,
2020,2020.0,New York Jets,4.0,120.0,PeriLa00,lamical-perine-1,La'Mical Perine,RB,Florida,5-11,216.0,4.62,22.0,35.0,118.0,7.13,4.31
2020,2020.0,Miami Dolphins,7.0,246.0,PerrMa00,malcolm-perry-1,Malcolm Perry,WR,Navy,5-9,186.0,4.63,10.0,36.0,122.0,7.12,4.31
2020,2020.0,Cleveland Browns,3.0,97.0,PhilJa01,jacob-phillips-1,Jacob Phillips,LB,LSU,6-3,229.0,4.66,,39.0,126.0,7.38,4.33
2020,,,,,PhilSc01,scottie-phillips-1,Scottie Phillips,RB,Mississippi,5-8,209.0,4.56,29.0,30.0,114.0,7.4,4.53
2020,2020.0,Baltimore Ravens,3.0,106.0,PhilTy00,tyre-phillips-1,Tyre Phillips,OL,Mississippi State,6-5,331.0,5.37,22.0,25.0,93.0,8.17,5.11
2020,,,,,PierJa01,james-pierre-1,James Pierre,CB,Florida Atlantic,6-0,183.0,4.59,,33.5,123.0,7.02,
2020,,,,,PincMi01,michael-pinckney-1,Michael Pinckney,LB,Miami,5-11,235.0,,,,,,
2020,,,,,PinkJa02,jared-pinkney-1,Jared Pinkney,TE,Vanderbilt,6-4,257.0,4.96,23.0,,,,
2020,2020.0,Indianapolis Colts,5.0,149.0,PintDa00,danny-pinter-1,Danny Pinter,OL,Ball State,6-4,306.0,4.91,24.0,29.5,110.0,7.76,4.62
2020,2020.0,Indianapolis Colts,2.0,34.0,PittMi01,michael-pittman-jr-1,Michael Pittman,WR,USC,6-4,223.0,4.52,13.0,36.5,121.0,6.96,4.14
2020,2020.0,Carolina Panthers,4.0,113.0,PridTr00,troy-pride-jr-1,Troy Pride,CB,Notre Dame,5-11,193.0,4.4,13.0,35.5,119.0,6.94,4.26
2020,2020.0,Baltimore Ravens,6.0,201.0,ProcJa00,james-proche-1,James Proche,WR,SMU,5-11,201.0,,20.0,34.5,,7.27,4.4
2020,2020.0,Jacksonville Jaguars,4.0,140.0,QuarSh00,shaquille-quarterman-1,Shaquille Quarterman,LB,Miami,6-0,234.0,4.74,23.0,31.0,120.0,,
2020,2020.0,Baltimore Ravens,1.0,28.0,QueePa00,patrick-queen-1,Patrick Queen,LB,LSU,6-0,229.0,4.5,18.0,35.0,125.0,,
2020,2020.0,Philadelphia Eagles,1.0,21.0,ReagJa00,jalen-reagor-1,Jalen Reagor,WR,TCU,5-11,206.0,4.47,17.0,42.0,138.0,7.31,4.46
2020,2020.0,Los Angeles Chargers,5.0,151.0,ReedJo03,joe-reed-4,Joe Reed,WR,Virginia,6-0,224.0,4.47,21.0,38.0,123.0,,
2020,,,,,ReedJR01,jr-reed-3,J.R. Reed,S,Georgia,6-1,202.0,4.54,15.0,34.0,130.0,,
2020,2020.0,Houston Texans,4.0,141.0,ReidJo00,john-reid-1,John Reid,CB,Penn State,5-10,187.0,4.49,20.0,36.5,129.0,6.95,3.97
2020,,,,,RiveCh01,chauncey-rivers-1,Chauncey Rivers,DL,Mississippi State,6-2,262.0,4.97,20.0,30.5,106.0,7.33,4.7
2020,,,,,RoacMa01,malcolm-roach-1,Malcolm Roach,DL,Texas,6-2,297.0,4.84,20.0,30.0,114.0,,
2020,2020.0,Las Vegas Raiders,4.0,139.0,RobeAm00,amik-robertson-1,Amik Robertson,CB,Louisiana Tech,5-8,187.0,,,,,,
2020,2020.0,Seattle Seahawks,5.0,148.0,RobiAl03,alton-robinson-1,Alton Robinson,DL,Syracuse,6-3,264.0,4.69,25.0,35.5,119.0,7.32,4.32
2020,,,,,RobiJa00,,James Robinson,RB,Illinois State,5-9,219.0,4.64,24.0,40.0,125.0,7.03,4.19
2020,,,,,RogeKe00,kendrick-rogers-1,Kendrick Rogers,WR,Texas A&M,6-4,208.0,4.51,17.0,35.5,124.0,7.13,4.48
2020,2020.0,New Orleans Saints,1.0,24.0,RuizCe00,cesar-ruiz-1,Cesar Ruiz,OL,Michigan,6-3,307.0,5.08,28.0,33.0,113.0,7.91,4.64
2020,2020.0,Green Bay Packers,6.0,192.0,RunyJo00,jon-runyan-1,Jon Runyan,OL,Michigan,6-4,306.0,5.08,24.0,30.5,107.0,7.57,4.69
2020,2020.0,Tampa Bay Buccaneers,7.0,241.0,RussCh00,chapelle-russell-1,Chapelle Russell,LB,Temple,6-2,236.0,4.69,21.0,35.0,121.0,7.38,4.41
2020,,,,,SamuSt01,stanford-samuels-iii-1,Stanford Samuels,CB,Florida State,6-1,187.0,4.65,,,,,
2020,2020.0,Jacksonville Jaguars,4.0,137.0,ScotJo00,josiah-scott-1,Josiah Scott,CB,Michigan State,5-9,185.0,4.42,17.0,,,,
2020,,,,,ShepQa00,qaadir-sheppard-1,Qaadir Sheppard,DL,Mississippi,6-3,261.0,4.83,28.0,31.5,115.0,,
2020,2020.0,Arizona Cardinals,1.0,8.0,SimmIs00,isaiah-simmons-1,Isaiah Simmons,LB,Clemson,6-4,238.0,4.39,,39.0,132.0,,
2020,2020.0,Las Vegas Raiders,4.0,109.0,SimpJo00,john-simpson-3,John Simpson,OL,Clemson,6-4,321.0,5.24,34.0,30.0,107.0,8.03,4.87
2020,,,,,SipoAr01,arryn-siposs-1,Arryn Siposs,P,Auburn,6-2,213.0,5.09,,,,,
2020,2020.0,Washington Football Team,7.0,229.0,SmitJa08,james-smith-williams-1,James Smith-Williams,DL,North Carolina State,6-4,265.0,4.6,28.0,32.0,123.0,7.35,4.52
2020,2020.0,Kansas City Chiefs,4.0,138.0,SneeLJ00,ljarius-sneed-1,L'Jarius Sneed,S,Louisiana Tech,6-0,192.0,4.37,12.0,41.0,131.0,,
2020,2020.0,Minnesota Vikings,7.0,244.0,StanNa00,nathan-stanley-2,Nate Stanley,QB,Iowa,6-4,235.0,4.81,,28.5,108.0,7.26,4.48
2020,,,,,SteeTe01,terence-steele-1,Terence Steele,OL,Texas Tech,6-6,312.0,5.03,27.0,27.5,106.0,,5.08
2020,2020.0,Detroit Lions,4.0,121.0,StenLo00,logan-stenberg-1,Logan Stenberg,OL,Kentucky,6-6,317.0,5.3,,26.0,104.0,8.0,4.83
2020,2020.0,Green Bay Packers,6.0,209.0,StepSi00,simon-stepaniak-1,Simon Stepaniak,OL,Indiana,6-4,313.0,,37.0,,,,
2020,,,,,StewDa01,darrell-stewart-jr-1,Darrell Stewart,WR,Michigan State,6-0,212.0,,15.0,35.0,117.0,,
2020,2020.0,Baltimore Ravens,7.0,219.0,StonGe00,geno-stone-1,Geno Stone,S,Iowa,5-10,207.0,4.62,12.0,33.5,116.0,,
2020,2020.0,Denver Broncos,5.0,178.0,StrnJu00,justin-strnad-1,Justin Strnad,LB,Wake Forest,6-3,238.0,4.74,,29.0,113.0,,4.49
2020,2020.0,Miami Dolphins,5.0,154.0,StroJa02,jason-strowbridge-1,Jason Strowbridge,DL,North Carolina,6-4,275.0,4.89,26.0,31.0,113.0,7.45,4.37
2020,2020.0,Seattle Seahawks,7.0,251.0,SullSt00,stephen-sullivan-1,Stephen Sullivan,TE,LSU,6-5,248.0,4.66,,36.5,123.0,7.51,4.62
2020,2020.0,Seattle Seahawks,6.0,214.0,SwaiFr00,freddie-swain-1,Freddie Swain,WR,Florida,6-0,197.0,4.46,16.0,36.5,124.0,7.05,4.26
2020,2020.0,Detroit Lions,2.0,35.0,SwifDA00,dandre-swift-1,D'Andre Swift,RB,Georgia,5-8,212.0,4.48,,35.5,121.0,,
2020,2020.0,Miami Dolphins,1.0,5.0,TagoTu00,tua-tagovailoa-1,Tua Tagovailoa,QB,Alabama,6-0,217.0,,,,,,
2020,,,,,TaumCh01,,Charlie Taumoepeau,TE,Portland State,6-2,240.0,4.75,18.0,36.5,121.0,7.0,4.27
2020,,,,,TaylAl02,,Alex Taylor,OL,South Carolina State,6-8,308.0,5.09,21.0,25.0,116.0,7.77,4.79
2020,2020.0,Seattle Seahawks,2.0,48.0,TaylDa00,darrell-taylor-1,Darrell Taylor,LB,Tennessee,6-4,267.0,,,,,,
2020,2020.0,Philadelphia Eagles,3.0,103.0,TaylDa01,davion-taylor-1,Davion Taylor,LB,Colorado,6-0,228.0,4.49,21.0,35.0,127.0,6.96,4.26
2020,,,,,TaylJJ01,jj-taylor-1,J.J. Taylor,RB,Arizona,5-5,185.0,4.61,19.0,34.5,118.0,7.0,4.15
2020,2020.0,Indianapolis Colts,2.0,41.0,TaylJo02,jonathan-taylor-1,Jonathan Taylor,RB,Wisconsin,5-10,226.0,4.39,17.0,36.0,123.0,7.01,4.24
2020,,,,,TaylPa01,patrick-taylor-jr-1,Patrick Taylor,RB,Memphis,6-1,217.0,4.57,15.0,34.0,123.0,,4.34
2020,2020.0,Atlanta Falcons,1.0,16.0,TerrAJ00,aj-terrell-1,A.J. Terrell,CB,Clemson,6-1,195.0,4.42,15.0,34.5,129.0,,
2020,2020.0,New York Giants,1.0,4.0,ThomAn02,andrew-thomas-2,Andrew Thomas,OL,Georgia,6-5,315.0,5.22,21.0,30.5,109.0,7.58,4.66
2020,2020.0,Jacksonville Jaguars,5.0,157.0,ThomDa07,daniel-thomas-3,Daniel Thomas,S,Auburn,5-10,215.0,4.51,24.0,37.0,125.0,,
2020,,,,,ThomJe04,jeff-thomas-6,Jeff Thomas,WR,Miami,5-9,170.0,4.45,,36.5,125.0,,
2020,2020.0,Carolina Panthers,7.0,221.0,ThomSt00,stantley-thomas-oliver-iii-1,Stantley Thomas-Oliver,CB,Florida International,6-0,192.0,4.48,,34.0,127.0,,
2020,,,,,ThroCa01,calvin-throckmorton-1,Calvin Throckmorton,OL,Oregon,6-5,317.0,5.57,23.0,27.0,97.0,8.07,4.98
2020,2020.0,Philadelphia Eagles,7.0,233.0,ToohCa00,casey-toohill-1,Casey Toohill,LB,Stanford,6-4,250.0,4.62,17.0,39.0,126.0,7.08,4.21
2020,,,,,TownTo01,tommy-townsend-1,Tommy Townsend,P,Florida,6-1,191.0,4.75,,,,,
2020,2020.0,New Orleans Saints,3.0,105.0,TrauAd00,,Adam Trautman,TE,Dayton,6-5,255.0,4.8,18.0,34.5,114.0,6.78,4.27
2020,,,,,,michael-turk-1,Michael Turk,P,Arizona State,6-0,226.0,4.79,25.0,34.5,108.0,,4.72
2020,2020.0,Denver Broncos,7.0,254.0,TuszDe00,,Derrek Tuszka,DL,North Dakota State,6-4,251.0,4.79,24.0,33.5,120.0,6.87,4.34
2020,2020.0,New England Patriots,2.0,60.0,UcheJo00,josh-uche-1,Josh Uche,LB,Michigan,6-1,245.0,,18.0,,,,
2020,2020.0,Tampa Bay Buccaneers,3.0,76.0,VaugKe00,keshawn-vaughn-1,Ke'Shawn Vaughn,RB,Vanderbilt,5-10,214.0,4.51,,32.0,117.0,,
2020,,,,,VictBi01,binjimen-victor-1,Ben Victor,WR,Ohio State,6-4,198.0,4.6,9.0,35.0,128.0,7.1,
2020,2020.0,Chicago Bears,5.0,163.0,VildKi00,kindle-vildor-1,Kindle Vildor,CB,Georgia Southern,5-10,191.0,4.44,22.0,39.5,133.0,7.14,4.28
2020,2020.0,Atlanta Falcons,4.0,119.0,WalkMy00,mykal-walker-1,Mykal Walker,LB,Fresno State,6-3,230.0,4.65,20.0,33.0,122.0,7.09,4.25
2020,2020.0,Philadelphia Eagles,4.0,127.0,WallKV00,kvon-wallace-1,K'Von Wallace,S,Clemson,5-11,206.0,4.53,18.0,38.0,133.0,6.76,4.15
2020,2020.0,Philadelphia Eagles,6.0,210.0,WanoTe00,prince-tega-wanogho-1,Prince Tega Wanogho,OL,Auburn,6-5,308.0,,,,,,
2020,,,,,WarrMi00,michael-warren-ii-1,Mike Warren,RB,Cincinnati,5-9,226.0,,16.0,,,,
2020,2020.0,Baltimore Ravens,5.0,170.0,WashBr01,broderick-washington-1,Broderick Washington,DL,Texas Tech,6-2,305.0,,23.0,,,,
2020,2020.0,Philadelphia Eagles,6.0,200.0,WatkQu00,quez-watkins-1,Quez Watkins,WR,Southern Miss,6-0,185.0,4.35,,36.5,125.0,7.28,4.36
2020,2020.0,Miami Dolphins,5.0,164.0,WeavCu00,curtis-weaver-1,Curtis Weaver,LB,Boise State,6-2,265.0,,,32.5,116.0,7.0,4.27
2020,2020.0,Arizona Cardinals,6.0,202.0,WeavEv00,evan-weaver-1,Evan Weaver,LB,California,6-2,237.0,4.76,15.0,32.0,117.0,7.02,4.21
2020,,,,,WhitCo04,cody-white-3,Cody White,WR,Michigan State,6-3,217.0,4.66,,35.5,120.0,7.19,4.52
2020,,,,,WilcMi01,mitchell-wilcox-1,Mitchell Wilcox,TE,South Florida,6-3,247.0,4.88,,31.0,112.0,7.37,4.43
2020,2020.0,Minnesota Vikings,7.0,225.0,WillKe06,kenny-willekes-1,Kenny Willekes,DL,Michigan State,6-3,264.0,4.87,32.0,32.5,119.0,7.39,
2020,,,,,WillDa13,darryl-williams-3,Darryl Williams,OL,Mississippi State,6-2,304.0,5.23,23.0,25.5,102.0,7.88,4.76
2020,,,,,WillRa03,raequan-williams-1,Raequan Williams,DL,Michigan State,6-4,308.0,5.04,17.0,25.5,101.0,7.72,4.78
2020,2020.0,Cleveland Browns,1.0,10.0,WillJe04,jedrick-wills-jr-1,Jedrick Wills,OL,Alabama,6-4,312.0,5.05,,34.5,113.0,,4.84
2020,2020.0,Tennessee Titans,1.0,29.0,WilsIs00,isaiah-wilson-1,Isaiah Wilson,OL,Georgia,6-6,350.0,5.32,26.0,29.0,110.0,8.26,5.07
2020,2020.0,Cincinnati Bengals,3.0,65.0,WilsLo00,logan-wilson-1,Logan Wilson,LB,Wyoming,6-2,241.0,4.63,21.0,32.0,121.0,7.07,4.27
2020,2020.0,Indianapolis Colts,6.0,193.0,WindRo01,robert-windsor-1,Rob Windsor,DL,Penn State,6-4,290.0,4.9,21.0,28.5,111.0,7.47,4.44
2020,2020.0,Tampa Bay Buccaneers,1.0,13.0,WirfTr00,tristan-wirfs-1,Tristan Wirfs,OL,Iowa,6-5,320.0,4.85,24.0,36.5,121.0,7.65,4.68
2020,,,,,WirtSt00,steve-wirtel-1,Steven Wirtel,LS,Iowa State,6-4,235.0,4.76,,26.0,120.0,7.12,4.28
2020,2020.0,San Francisco 49ers,6.0,190.0,WoerCh00,charlie-woerner-1,Charlie Woerner,TE,Georgia,6-5,244.0,4.78,21.0,34.5,120.0,7.18,4.46
2020,2020.0,Minnesota Vikings,4.0,117.0,WonnDJ00,dj-wonnum-1,D.J. Wonnum,DL,South Carolina,6-5,258.0,4.73,20.0,34.5,123.0,7.25,4.44
2020,,,,,WoodDo01,dominick-wood-anderson-1,Dom Wood-Anderson,TE,Tennessee,6-4,261.0,4.92,,35.0,119.0,,
2020,,,,,WoodDa04,david-woodward-1,David Woodward,LB,Utah State,6-2,230.0,4.79,16.0,33.5,114.0,7.34,4.37
2020,2020.0,Washington Football Team,1.0,2.0,YounCh04,chase-young-1,Chase Young,DL,Ohio State,6-5,264.0,,,,,,
2020,2020.0,New York Jets,3.0,79.0,ZuniJa00,jabari-zuniga-1,Jabari Zuniga,DL,Florida,6-3,264.0,4.64,29.0,33.0,127.0,,
2021,,,,,AdamJo04,jonathan-adams-jr-1,Jonathan Adams,WR,Arkansas St.,6-2,210.0,4.59,,39.0,132.0,7.04,4.38
2021,2021.0,New Orleans Saints,3.0,76.0,AdebPa00,paulson-adebo-1,Paulson Adebo,CB,Stanford,6-1,198.0,4.45,18.0,36.5,121.0,6.69,4.13
2021,,,,,,giles-amos-1,Giles Amos,TE,Arkansas St.,6-3,250.0,5.14,,28.5,111.0,7.65,5.13
2021,,,,,,zayne-anderson-1,Zayne Anderson,LB,BYU,,,4.46,11.0,34.0,120.0,6.78,4.22
2021,,,,,,otis-anderson-1,Otis Anderson,RB,Central Florida,5-7,179.0,4.63,11.0,36.0,113.0,7.04,4.38
2021,2021.0,Buffalo Bills,7.0,236.0,AndeJa01,jack-anderson-3,Jack Anderson,OL,Texas Tech,6-4,314.0,5.28,27.0,29.5,105.0,7.9,4.83
2021,,,,,,dan-archibong-1,Dan Archibong,DT,Temple,6-5,295.0,5.35,28.0,28.5,100.0,8.16,4.68
2021,,,,,AshlCa00,,Calvin Ashley,OL,Florida A&M,6-6,314.0,5.49,15.0,29.0,105.0,7.0,5.1
2021,,,,,,jaytlin-askew-1,Jaytlin Askew,DB,Georgia Tech,5-8,180.0,4.51,18.0,35.5,125.0,7.1,4.31
2021,2021.0,Los Angeles Rams,2.0,57.0,AtweTu00,chatarius-atwell-1,Tutu Atwell,WR,Louisville,5-8,155.0,4.42,,33.0,117.0,6.89,4.14
2021,,,,,AwosKa00,kayode-awosika-1,Kayode Awosika,OL,Buffalo,6-3,307.0,5.19,28.0,30.0,100.0,8.15,4.91
2021,,,,,,kawaan-baker-1,Kawaan Baker,WR,South Alabama,6-0,210.0,4.44,21.0,39.5,129.0,7.42,4.41
2021,2021.0,Dallas Cowboys,4.0,138.0,BallJo00,josh-ball-1,Josh Ball,OL,Marshall,6-7,308.0,5.2,28.0,27.5,106.0,7.77,4.7
2021,2021.0,San Francisco 49ers,2.0,48.0,BankAa00,aaron-banks-4,Aaron Banks,OL,Notre Dame,6-5,325.0,5.32,24.0,31.0,100.0,7.69,4.89
2021,,,,,,cole-banwart-1,Cole Banwart,OL,Iowa,6-1,298.0,5.12,22.0,27.5,103.0,7.5,4.7
2021,2021.0,New England Patriots,2.0,38.0,BarmCh00,christian-barmore-1,Christian Barmore,DL,Alabama,6-4,310.0,4.93,,,,,
2021,2021.0,Detroit Lions,4.0,113.0,BarnDe02,derrick-barnes-2,Derrick Barnes,DE,Purdue,6-0,238.0,4.57,29.0,37.0,119.0,,4.27
2021,2021.0,Buffalo Bills,2.0,61.0,BashCa00,carlos-basham-jr-1,Carlos Basham,DL,Wake Forest,6-3,274.0,4.64,20.0,34.0,122.0,7.13,4.25
2021,2021.0,Baltimore Ravens,1.0,27.0,BateRa00,rashod-bateman-1,Rashod Bateman,WR,Minnesota,6-0,190.0,4.39,,36.0,123.0,,
2021,,,,,,john-bates-1,John Bates,TE,Boise St.,6-5,250.0,4.84,19.0,31.5,120.0,6.85,4.35
2021,,,,,,adam-bay-1,Adam Bay,LS,Wisconsin,5-11,240.0,5.27,14.0,26.0,100.0,7.65,4.56
2021,,,,,BeckTa00,tavante-beckett-1,Tavante Beckett,LB,Marshall,5-10,220.0,4.78,18.0,31.0,106.0,7.34,4.58
2021,,,,,,chase-behrndt-1,Chase Behrndt,OL,West Virginia,6-3,324.0,5.55,25.0,24.5,101.0,8.21,4.93
2021,,,,,BeyeSh00,shaun-beyer-1,Shaun Beyer,TE,Iowa,6-4,250.0,4.78,,31.5,119.0,,4.2
2021,,,,,BlacTa00,tarik-black-1,Tarik Black,WR,Texas,6-2,213.0,4.54,15.0,40.0,132.0,6.91,4.26
2021,,,,,,josh-blancato-1,Josh Blancato,WR,Georgia Tech,5-9,182.0,4.55,17.0,32.0,124.0,6.9,4.31
2021,2021.0,New England Patriots,6.0,188.0,BledJo00,joshuah-bledsoe-1,Joshuah Bledsoe,S,Missouri,,,,,,,,
2021,,,,,,quinton-bohanna-1,Quinton Bohanna,DL,Kentucky,6-4,327.0,5.46,,29.0,99.0,8.21,5.15
2021,2021.0,Kansas City Chiefs,2.0,58.0,BoltNi00,nick-bolton-1,Nick Bolton,LB,Missouri,5-11,237.0,4.6,24.0,32.0,,7.4,4.5
2021,2021.0,New Orleans Saints,4.0,133.0,BookIa00,ian-book-1,Ian Book,QB,Notre Dame,6-0,211.0,4.65,,32.5,115.0,6.99,4.19
2021,,,,,BootDi00,dicaprio-bootle-1,Dicaprio Bootle,CB,Nebraska,5-9,180.0,4.38,16.0,36.5,126.0,6.77,4.03
2021,,,,,BorlTu00,tuf-borland-1,Tuf Borland,LB,Ohio St.,6-0,229.0,4.98,15.0,32.5,109.0,7.17,4.29
2021,2021.0,Chicago Bears,5.0,151.0,BoroLa00,larry-borom-1,Larry Borom,OL,Missouri,6-5,322.0,5.12,,31.0,,,
2021,,,,,BoydRa00,rakeem-boyd-2,Rakeem Boyd,RB,Arkansas,5-11,213.0,4.7,6.0,32.5,98.0,7.22,4.38
2021,,,,,,michael-boykin-1,Michael Boykin,DL,Louisville,6-5,291.0,4.88,24.0,32.0,110.0,7.69,4.58
2021,2021.0,Washington Football Team,7.0,240.0,BradWi00,william-bradley-king-1,William Bradley-King,OLB,Baylor,6-3,252.0,4.74,,34.5,119.0,7.14,4.26
2021,2021.0,Tennessee Titans,6.0,215.0,BreeBr00,brady-breeze-1,Brady Breeze,S,Oregon,5-11,197.0,4.55,20.0,38.0,120.0,7.05,4.22
2021,2021.0,New York Giants,6.0,196.0,BrigGa00,gary-brightwell-1,Gary Brightwell,RB,Arizona,5-10,218.0,4.62,17.0,34.5,118.0,7.51,4.48
2021,2021.0,Tampa Bay Buccaneers,5.0,176.0,BritKJ00,kj-britt-1,K.J. Britt,LB,Auburn,6-0,235.0,4.76,24.0,32.5,118.0,7.38,4.4
2021,,,,,,josiah-bronson-1,Josiah Bronson,DL,Washington,6-2,304.0,5.08,27.0,30.0,101.0,7.63,4.72
2021,,,,,,chris-brown-18,Chris Brown,DB,Texas,5-10,191.0,4.55,15.0,36.0,118.0,6.85,4.18
2021,,,,,,earnest-brown-iv-1,Earnest Brown,DE,Northwestern,6-4,270.0,5.01,25.0,31.0,115.0,7.19,4.5
2021,,,,,,kimere-brown-1,Kimere Brown,CB,Temple,5-11,175.0,4.57,,32.5,124.0,7.37,4.32
2021,2021.0,Carolina Panthers,6.0,193.0,BrowDe06,deonte-brown-1,Deonte Brown,OL,Alabama,6-3,344.0,,,27.0,,,
2021,2021.0,Washington Football Team,3.0,82.0,BrowDy00,dyami-brown-1,Dyami Brown,WR,North Carolina,6-0,189.0,4.46,18.0,35.0,128.0,6.87,4.35
2021,,,,,BrowSh00,shakur-brown-1,Shakur Brown,CB,Michigan St.,5-9,185.0,4.61,17.0,35.5,116.0,7.08,4.23
2021,2021.0,Seattle Seahawks,4.0,137.0,BrowTr03,tre-brown-2,Tre Brown,CB,Oklahoma,5-9,185.0,4.42,13.0,38.0,123.0,7.11,4.27
2021,2021.0,Detroit Lions,4.0,112.0,StxxAm00,amon-ra-st-brown-1,Amon-Ra St. Brown,WR,USC,5-11,197.0,4.51,20.0,38.5,127.0,6.88,4.17
2021,2021.0,Denver Broncos,3.0,105.0,BrowBa01,baron-browning-1,Baron Browning,LB,Ohio St.,6-2,245.0,4.58,23.0,40.0,130.0,6.78,4.23
2021,,,,,,john-brunner-2,John Brunner,OL,North Texas,6-2,194.0,,11.0,32.5,121.0,6.77,4.3
2021,,,,,,calvin-bundage-1,Calvin Bundage,LB,Oklahoma St.,6-1,221.0,4.81,14.0,31.5,116.0,7.31,4.43
2021,,,,,BurnLo00,lorenzo-burns-1,Lorenzo Burns,CB,Arizona,5-10,183.0,4.56,14.0,33.5,123.0,7.55,4.51
2021,,,,,BurrEr00,eric-burrell-1,Eric Burrell,S,Wisconsin,5-11,197.0,4.73,8.0,35.5,124.0,7.21,4.26
2021,,,,,,wesley-burris-1,Wesley Burris,LS,Kansas St.,5-9,203.0,5.3,12.0,30.0,102.0,7.51,4.74
2021,,,,,,jake-burton-1,Jake Burton,OL,Baylor,6-5,303.0,5.49,22.0,26.0,100.0,8.22,4.97
2021,2021.0,Minnesota Vikings,4.0,125.0,BynuCa00,camryn-bynum-1,Camryn Bynum,CB,California,6-0,196.0,4.58,,34.0,129.0,6.99,4.1
2021,,,,,,jalen-camp-1,Jalen Camp,WR,Georgia Tech,6-1,226.0,4.48,29.0,39.5,125.0,7.0,4.14
2021,,,,,,donavaughn-campbell-1,Donavaughn Campbell,OL,Louisiana Tech,6-4,336.0,5.62,,22.0,93.0,8.34,5.15
2021,,,,,CampKy00,kyree-campbell-1,Kyree Campbell,DL,Florida,6-2,287.0,5.46,,25.0,98.0,7.96,5.02
2021,2021.0,Jacksonville Jaguars,2.0,33.0,CampTy01,tyson-campbell-1,Tyson Campbell,DB,Georgia,6-1,193.0,4.4,12.0,34.5,124.0,7.15,4.45
2021,,,,,,joseph-carlson-1,Joseph Carlson,K,Air Force,6-0,175.0,,,,,,
2021,2021.0,Cincinnati Bengals,2.0,46.0,CarmJa00,jackson-carman-1,Jackson Carman,OT,Clemson,6-4,317.0,,,,,,
2021,,,,,,tory-carter-1,Tory Carter,FB,LSU,6-0,229.0,4.86,24.0,35.5,112.0,7.21,4.38
2021,2021.0,New York Jets,4.0,107.0,CartMi03,michael-carter-5,Michael Carter,RB,North Carolina,5-7,201.0,4.5,16.0,34.0,119.0,6.81,3.98
2021,,,,,,jc-chalk-1,J.C. Chalk,TE,Clemson,6-2,250.0,5.18,15.0,28.5,106.0,7.83,4.72
2021,2021.0,Cincinnati Bengals,1.0,5.0,ChasJa00,jamarr-chase-1,Ja'Marr Chase,WR,LSU,6-0,201.0,4.34,,41.0,132.0,6.96,3.99
2021,,,,,,ramaud-chiaokhiao-bowman-1,Ramaud Chiaokhiao-Bowman,WR,Northwestern,6-1,204.0,4.78,11.0,34.5,119.0,6.78,4.2
2021,,,,,ChriDr00,dru-chrisman-1,Drue Chrisman,P,Ohio St.,6-2,209.0,,,,,,
2021,2021.0,Carolina Panthers,3.0,70.0,ChriBr00,brady-christensen-1,Brady Christensen,OL,BYU,,,,30.0,34.0,124.0,,
2021,2021.0,Jacksonville Jaguars,3.0,65.0,CiscAn00,andre-cisco-1,Andre Cisco,DB,Syracuse,,,,17.0,,,,
2021,,,,,,mallory-claybourne-1,Mallory Claybourne,CB,Coastal Carolina,5-9,191.0,4.57,12.0,33.0,116.0,7.37,4.32
2021,2021.0,Baltimore Ravens,3.0,94.0,ClevBe00,ben-cleveland-2,Ben Cleveland,OL,Georgia,6-6,343.0,5.05,30.0,28.0,102.0,,4.88
2021,,,,,,riley-cole-1,Riley Cole,LB,South Alabama,6-2,240.0,4.72,26.0,,,7.46,4.35
2021,2021.0,Houston Texans,3.0,89.0,CollNi00,nico-collins-1,Nico Collins,WR,Michigan,6-4,215.0,4.43,14.0,37.5,125.0,6.78,4.29
2021,2021.0,Arizona Cardinals,1.0,16.0,CollZa00,zaven-collins-1,Zaven Collins,LB,Tulsa,6-4,259.0,4.67,19.0,35.0,122.0,,4.36
2021,,,,,,nolan-cooney-1,Nolan Cooney,P,Syracuse,6-2,195.0,,,,,,
2021,2021.0,Denver Broncos,7.0,239.0,CoopJo02,jonathon-cooper-1,Jonathon Cooper,DE,Ohio St.,6-2,253.0,4.69,28.0,33.0,108.0,6.99,4.31
2021,2021.0,Washington Football Team,2.0,51.0,CosmSa00,samuel-cosmi-1,Samuel Cosmi,OL,Texas,6-5,314.0,4.87,36.0,30.0,117.0,7.35,4.39
2021,,,,,,seth-cottengim-1,Seth Cottengim,S,Arkansas St.,5-11,230.0,,,28.5,,,
2021,2021.0,Dallas Cowboys,4.0,115.0,CoxxJa00,jabril-cox-1,Jabril Cox,LB,LSU,6-3,232.0,,,,,,
2021,,,,,CoxiDa00,damonte-coxie-1,Damonte Coxie,WR,Memphis,6-2,198.0,4.77,4.0,30.5,122.0,6.92,4.45
2021,,,,,,tyler-coyle-1,Tyler Coyle,LB,Purdue,6-1,209.0,4.38,24.0,39.0,133.0,7.14,4.0
2021,,,,,,jack-crane-1,Jack Crane,K,Wake Forest,6-1,193.0,,,,,,
2021,,,,,,daniel-crawford-1,Daniel Crawford,TE,Northern Illinois,6-1,245.0,4.7,14.0,32.5,113.0,7.19,4.45
2021,,,,,,shaun-crawford-1,Shaun Crawford,S,Notre Dame,5-9,182.0,4.55,12.0,35.0,116.0,6.7,4.13
2021,,,,,,harry-crider-1,Harry Crider,OL,Indiana,6-2,307.0,5.25,31.0,27.0,102.0,7.63,4.68
2021,,,,,,jake-curhan-1,Jake Curhan,OL,California,6-5,316.0,5.45,15.0,24.0,102.0,8.07,4.84
2021,,,,,CurrDa02,david-curry-1,David Curry,LB,Georgia Tech,6-1,227.0,,,,,,
2021,2021.0,Atlanta Falcons,4.0,114.0,DalmDr00,drew-dalman-1,Drew Dalman,C,Stanford,6-3,299.0,5.11,33.0,33.0,109.0,7.33,4.52
2021,,,,,DaniDJ00,dj-daniel-2,DJ Daniel,DB,Georgia,5-11,195.0,4.62,11.0,31.0,119.0,7.02,4.12
2021,2021.0,Atlanta Falcons,6.0,187.0,DarbFr00,frank-darby-1,Frank Darby,WR,Arizona St.,6-0,201.0,4.56,19.0,34.5,117.0,7.05,4.25
2021,2021.0,Tampa Bay Buccaneers,4.0,129.0,DardJa00,jaelon-darden-1,Jaelon Darden,WR,North Texas,5-7,174.0,4.47,,35.5,122.0,6.66,3.98
2021,,,,,DaupCo00,corey-dauphine-1,Corey Dauphine,RB,Tulane,5-11,198.0,4.71,14.0,30.0,117.0,7.4,4.53
2021,,,,,,,Zach Davidson,TE,Central Missouri St.,6-6,245.0,4.58,17.0,37.5,117.0,6.95,4.19
2021,,,,,,brady-davis-2,Brady Davis,QB,Memphis,,,4.65,,31.0,114.0,7.06,4.2
2021,2021.0,Washington Football Team,1.0,19.0,DaviJa11,jamin-davis-1,Jamin Davis,LB,Kentucky,6-3,234.0,4.47,,42.0,132.0,,
2021,2021.0,Indianapolis Colts,5.0,165.0,DaviSh02,shawn-davis-3,Shawn Davis,DB,Florida,5-10,202.0,,17.0,39.5,128.0,,
2021,2021.0,Minnesota Vikings,3.0,86.0,DaviWy00,wyatt-davis-1,Wyatt Davis,OL,Ohio St.,6-3,315.0,,25.0,,,,
2021,2021.0,Las Vegas Raiders,3.0,80.0,DeabDi00,divine-deablo-1,Divine Deablo,DB,Virginia Tech,6-3,226.0,4.42,19.0,34.0,126.0,7.12,4.4
2021,,,,,,bryson-denley-1,Bryson Denley,RB,Bowling Green,5-7,189.0,4.56,13.0,27.5,110.0,7.25,4.57
2021,,,,,,jon-dietzen-1,Jon Dietzen,OL,Wisconsin,6-4,312.0,5.32,19.0,27.0,106.0,7.64,4.85
2021,2021.0,Arizona Cardinals,6.0,210.0,DimuVi00,victor-dimukeje-1,Victor Dimukeje,DE,Duke,6-1,262.0,4.87,28.0,34.5,115.0,7.25,4.35
2021,,,,,,brett-dioguardi-1,Brett DioGuardi,LS,Florida,6-3,234.0,5.48,,24.5,98.0,7.88,4.95
2021,,,,,,gerrid-doaks-1,Gerrid Doaks,RB,Cincinnati,5-11,228.0,4.58,19.0,39.5,120.0,7.2,4.27
2021,,,,,,max-duffy-1,Max Duffy,P,Kentucky,6-0,196.0,,,,,,
2021,,,,,,devontres-dukes-1,DeVontres Dukes,WR,South Florida,6-3,216.0,4.81,16.0,33.0,122.0,7.07,4.41
2021,,,,,,keith-duncan-1,Keith Duncan,K,Iowa,,176.0,,,,,,
2021,,,,,,isaiah-dunn-1,Isaiah Dunn,DB,Oregon St.,5-11,189.0,4.39,13.0,35.5,127.0,6.93,4.21
2021,,,,,,wes-dvorak-1,Wes Dvorak,DB,Iowa,5-11,198.0,4.52,,41.5,132.0,6.94,4.33
2021,,,,,EaglBr00,brennan-eagles-1,Brennan Eagles,WR,Texas,6-3,225.0,4.55,,36.5,125.0,6.93,4.42
2021,,,,,EalyAd00,adrian-ealy-1,Adrian Ealy,OL,Oklahoma,6-6,321.0,5.42,18.0,24.5,104.0,8.82,4.87
2021,,,,,,brandin-echols-1,Brandin Echols,DB,Kentucky,5-10,179.0,4.34,13.0,42.5,136.0,6.84,4.12
2021,2021.0,Indianapolis Colts,6.0,218.0,EhliSa00,sam-ehlinger-1,Sam Ehlinger,QB,Texas,6-1,220.0,4.84,,36.5,114.0,7.15,4.44
2021,2021.0,Miami Dolphins,2.0,42.0,EichLi00,liam-eichenberg-1,Liam Eichenberg,OL,Notre Dame,6-6,306.0,,33.0,26.5,105.0,7.53,4.58
2021,,,,,,milo-eifler-1,Milo Eifler,LB,Illinois,6-2,228.0,4.58,14.0,37.5,126.0,7.15,4.35
2021,2021.0,Seattle Seahawks,2.0,56.0,EskrDW00,dwayne-eskridge-1,D'Wayne Eskridge,WR,West. Michigan,5-8,190.0,4.38,,35.0,124.0,6.93,4.22
2021,,,,,EtheDo00,dorian-etheridge-1,Dorian Etheridge,LB,Louisville,6-1,233.0,4.87,,35.0,121.0,7.25,4.47
2021,2021.0,Jacksonville Jaguars,1.0,25.0,EtieTr00,travis-etienne-1,Travis Etienne,RB,Clemson,5-10,215.0,4.45,18.0,33.5,128.0,,
2021,2021.0,Cincinnati Bengals,6.0,202.0,EvanCh02,chris-evans-2,Chris Evans,RB,Michigan,5-11,211.0,4.5,20.0,40.5,127.0,6.83,4.12
2021,,,,,,dillon-faamatau-1,Dillon Faamatau,DL,Oklahoma,6-3,280.0,5.35,22.0,24.5,100.0,8.58,5.15
2021,,,,,FaolAu00,austin-faoliu-1,Austin Faoliu,DT,Oregon,6-3,287.0,,,,,,
2021,,,,,,matt-farniok-1,Matt Farniok,OL,Nebraska,6-5,311.0,5.2,28.0,33.0,105.0,7.14,4.8
2021,2021.0,Jacksonville Jaguars,5.0,145.0,FarrLu00,luke-farrell-1,Luke Farrell,TE,Ohio St.,6-5,251.0,4.79,22.0,36.5,118.0,7.14,4.36
2021,2021.0,Dallas Cowboys,5.0,179.0,FehoSi00,simi-fehoko-1,Simi Fehoko,WR,Stanford,6-3,222.0,4.44,16.0,34.5,120.0,6.78,4.26
2021,2021.0,Cleveland Browns,6.0,211.0,FeltDe00,demetric-felton-1,Demetric Felton,RB,UCLA,5-8,189.0,4.55,,,,,
2021,,,,,,parker-ferguson-1,Parker Ferguson,OT,Air Force,6-3,306.0,5.19,24.0,31.0,105.0,7.75,4.9
2021,2021.0,Chicago Bears,1.0,11.0,FielJu00,justin-fields-2,Justin Fields,QB,Ohio St.,6-2,227.0,4.45,,,,,
2021,2021.0,Cleveland Browns,5.0,153.0,FielTo00,tony-fields-ii-1,Tony Fields,LB,West Virginia,6-0,222.0,4.64,17.0,34.0,114.0,7.15,4.48
2021,,,,,FishPa00,paddy-fisher-1,Paddy Fisher,LB,Northwestern,6-3,240.0,4.91,20.0,31.5,110.0,7.0,4.47
2021,2021.0,Tennessee Titans,4.0,109.0,FitzDe00,dez-fitzpatrick-1,Dez Fitzpatrick,WR,Louisville,6-1,208.0,4.43,,35.0,,7.09,4.26
2021,,,,,,thomas-fletcher-1,Thomas Fletcher,LS,Alabama,,,,,,,,
2021,,,,,FordPa01,paris-ford-1,Paris Ford,DB,Pittsburgh,6-0,197.0,4.85,,28.5,110.0,7.44,4.45
2021,2021.0,Washington Football Team,5.0,163.0,ForrDa00,darrick-forrest-1,Darrick Forrest,S,Cincinnati,5-11,206.0,4.42,21.0,39.0,132.0,6.91,4.23
2021,,,,,ForrMi00,miller-forristall-1,Miller Forristall,TE,Alabama,,,,,,,,
2021,2021.0,Seattle Seahawks,6.0,208.0,ForsSt00,stone-forsythe-1,Stone Forsythe,OL,Florida,6-8,307.0,5.14,25.0,27.5,103.0,7.47,4.65
2021,,,,,FranFe00,feleipe-franks-1,Feleipe Franks,QB,Arkansas,6-6,234.0,4.61,,32.5,117.0,7.16,4.22
2021,2021.0,Pittsburgh Steelers,2.0,55.0,FreiPa00,pat-freiermuth-1,Pat Freiermuth,TE,Penn St.,6-5,251.0,,26.0,,,,
2021,2021.0,Indianapolis Colts,7.0,248.0,FrieWi00,will-fries-1,Will Fries,OL,Penn St.,6-6,309.0,5.37,24.0,31.0,115.0,7.77,4.53
2021,2021.0,Los Angeles Rams,7.0,233.0,FunkJa00,jake-funk-1,Jake Funk,RB,Maryland,5-10,204.0,4.49,22.0,38.0,122.0,6.71,4.12
2021,2021.0,Philadelphia Eagles,5.0,150.0,GainKe00,kenny-gainwell-1,Kenneth Gainwell,RB,Memphis,,201.0,4.42,21.0,,,,
2021,,,,,,bailey-gaither-1,Bailey Gaither,WR,San Jose St.,6-0,188.0,4.45,9.0,31.0,121.0,7.07,4.39
2021,,,,,,blake-gallagher-1,Blake Gallagher,LB,Northwestern,5-11,228.0,4.83,27.0,31.5,107.0,7.23,4.4
2021,,,,,GilbMa02,mark-gilbert-1,Mark Gilbert,CB,Duke,6-0,186.0,4.47,13.0,36.0,130.0,7.05,4.37
2021,2021.0,Las Vegas Raiders,4.0,143.0,GillTy00,tyree-gillespie-1,Tyree Gillespie,S,Missouri,,,4.38,15.0,,,7.06,
2021,2021.0,Dallas Cowboys,3.0,84.0,GolsCh00,chauncey-golston-1,Chauncey Golston,DL,Iowa,6-4,269.0,4.79,,36.0,119.0,7.52,4.65
2021,2021.0,Arizona Cardinals,6.0,223.0,GowaTa00,tay-gowan-1,Tay Gowan,DB,Central Florida,6-0,186.0,4.44,13.0,35.5,118.0,6.88,4.25
2021,2021.0,Atlanta Falcons,5.0,148.0,GrahTa00,taquon-graham-1,Ta'Quon Graham,DL,Texas,6-3,292.0,4.89,32.0,32.5,113.0,7.31,4.68
2021,2021.0,Atlanta Falcons,2.0,40.0,GranRi00,richie-grant-1,Richie Grant,DB,Central Florida,5-11,197.0,4.49,12.0,34.5,129.0,6.78,4.27
2021,2021.0,Kansas City Chiefs,5.0,162.0,GrayNo00,noah-gray-1,Noah Gray,TE,Duke,6-3,240.0,4.55,15.0,35.0,115.0,6.83,4.37
2021,2021.0,Pittsburgh Steelers,3.0,87.0,GreeKe02,kendrick-green-1,Kendrick Green,OL,Illinois,6-1,305.0,4.89,25.0,35.5,119.0,7.79,4.67
2021,,,,,GrimTr00,trevon-grimes-1,Trevon Grimes,WR,Florida,6-4,220.0,4.49,15.0,35.0,118.0,6.98,4.28
2021,,,,,,garrett-groshek-1,Garrett Groshek,RB,Wisconsin,5-11,217.0,4.64,17.0,33.5,115.0,7.08,4.32
2021,2021.0,Tampa Bay Buccaneers,3.0,95.0,HainRo00,robert-hainsey-1,Robert Hainsey,OL,Notre Dame,6-4,306.0,5.2,32.0,27.5,104.0,7.58,4.63
2021,2021.0,Atlanta Falcons,4.0,108.0,HallDa03,darren-hall-1,Darren Hall,CB,San Diego St.,5-11,188.0,4.47,16.0,38.5,132.0,7.07,4.28
2021,2021.0,Buffalo Bills,6.0,212.0,HamlDa00,damar-hamlin-1,Damar Hamlin,DB,Pittsburgh,6-0,200.0,4.6,18.0,35.0,118.0,6.93,4.4
2021,,,,,HampMi00,mike-hampton-2,Mike Hampton,DB,South Florida,5-11,186.0,,22.0,,,,
2021,,,,,,noah-hannon-1,Noah Hannon,OL,Appalachian St.,6-0,238.0,5.15,15.0,29.5,108.0,7.37,4.68
2021,,,,,HardAd00,adrian-hardy-1,Adrian Hardy,WR,Louisiana Tech,6-1,205.0,4.61,12.0,37.5,124.0,6.96,4.5
2021,,,,,HargBr00,bryce-hargrove-1,Bryce Hargrove,OL,Pittsburgh,6-3,310.0,5.46,26.0,27.0,97.0,8.06,5.03
2021,,,,,,darius-harper-2,Darius Harper,OL,Cincinnati,6-6,300.0,5.05,16.0,30.5,105.0,7.7,4.54
2021,,,,,,scooter-harrington-1,Scooter Harrington,TE,Stanford,6-4,250.0,5.19,,29.0,105.0,7.2,4.53
2021,,,,,,jacob-harris-2,Jacob Harris,WR,Central Florida,6-5,219.0,4.39,15.0,40.5,133.0,6.54,4.31
2021,,,,,,jaylen-harris-2,Jaylen Harris,WR,Ohio St.,5-8,170.0,4.77,8.0,30.5,109.0,7.37,4.5
2021,,,,,,pressley-harvin-iii-1,Pressley Harvin,P,Georgia Tech,5-11,263.0,,14.0,,,,
2021,,,,,,blake-haubeil-1,Blake Haubeil,K,Ohio St.,6-3,233.0,,,,,,
2021,,,,,,jake-hausmann-1,Jake Hausmann,TE,Ohio St.,6-4,242.0,4.98,16.0,29.5,112.0,7.65,4.44
2021,,,,,HawkJa01,javian-hawkins-1,Javian Hawkins,RB,Louisville,5-8,183.0,4.46,,36.0,116.0,6.98,4.23
2021,2021.0,Baltimore Ravens,5.0,171.0,HayeDa00,daelin-hayes-1,Daelin Hayes,DL,Notre Dame,6-3,253.0,4.71,26.0,32.5,119.0,7.17,4.29
2021,,,,,HazeDa00,damon-hazelton-jr-1,Damon Hazelton,WR,Missouri,,,4.6,,37.5,,,
2021,,,,,HeflJa00,jack-heflin-1,Jack Heflin,DL,Iowa,,304.0,5.3,,29.0,104.0,7.61,
2021,,,,,HeggBr00,brett-heggie-1,Brett Heggie,OL,Florida,6-4,310.0,5.5,21.0,26.0,105.0,7.66,4.69
2021,,,,,,justin-henderson-2,Justin Henderson,RB,Louisiana Tech,5-7,220.0,4.65,26.0,32.0,118.0,7.22,4.59
2021,2021.0,Chicago Bears,6.0,217.0,HerbKh00,khalil-herbert-1,Khalil Herbert,RB,Virginia Tech,5-8,210.0,4.46,22.0,33.0,115.0,6.96,4.31
2021,,,,,,grant-hermanns-1,Grant Hermanns,OL,Purdue,6-7,300.0,,29.0,27.0,107.0,7.76,4.81
2021,,,,,HerrMa02,malik-herring-1,Malik Herring,DL,Georgia,6-3,283.0,,,,,,
2021,2021.0,Green Bay Packers,7.0,256.0,HillKy00,kylin-hill-1,Kylin Hill,RB,Mississippi St.,5-10,214.0,4.51,22.0,36.0,122.0,7.13,4.35
2021,2021.0,Cincinnati Bengals,6.0,190.0,HillTr03,trey-hill-1,Trey Hill,OL,Georgia,6-3,319.0,5.5,,,,,
2021,,,,,HillJu01,justin-hilliard-1,Justin Hilliard,LB,Ohio St.,6-0,229.0,4.81,27.0,34.5,114.0,7.2,4.34
2021,,,,,,nate-hobbs-1,Nate Hobbs,DB,Illinois,5-11,196.0,4.48,17.0,40.5,135.0,6.85,4.17
2021,,,,,HodgDa01,darius-hodge-1,Darius Hodge,DL,Marshall,6-0,248.0,4.73,26.0,38.5,127.0,7.16,4.67
2021,2021.0,Miami Dolphins,2.0,36.0,HollJe02,jevon-holland-1,Jevon Holland,S,Oregon,6-0,207.0,4.48,19.0,35.5,126.0,,4.14
2021,2021.0,Carolina Panthers,1.0,8.0,HornJa00,jaycee-horn-1,Jaycee Horn,DB,South Carolina,6-0,205.0,4.39,19.0,41.5,133.0,,
2021,,,,,,phil-hoskins-1,Phil Hoskins,DT,Kentucky,6-4,313.0,5.23,20.0,30.5,103.0,7.87,4.85
2021,2021.0,Carolina Panthers,4.0,126.0,HubbCh01,chuba-hubbard-1,Chuba Hubbard,RB,Oklahoma St.,6-0,210.0,4.48,20.0,36.0,120.0,7.24,4.26
2021,2021.0,Cincinnati Bengals,7.0,235.0,HubeWy00,wyatt-hubert-1,Wyatt Hubert,DE,Kansas St.,6-2,258.0,4.93,,32.5,110.0,7.03,4.28
2021,2021.0,Cleveland Browns,4.0,110.0,HudsJa00,james-hudson-1,James Hudson,OL,Cincinnati,6-4,313.0,5.27,22.0,28.5,98.0,8.05,4.79
2021,2021.0,San Francisco 49ers,5.0,180.0,HufaTa00,talanoa-hufanga-1,Talanoa Hufanga,S,USC,,,4.65,,,,,
2021,,,,,,justin-hughes-2,Justin Hughes,LB,Kansas St.,6-0,227.0,5.02,24.0,28.5,104.0,7.37,4.84
2021,2021.0,Kansas City Chiefs,2.0,63.0,HumpCr00,creed-humphrey-1,Creed Humphrey,OL,Oklahoma,6-4,302.0,5.11,29.0,33.0,112.0,7.5,4.49
2021,,,,,HutcSa00,sadarius-hutcherson-1,Sadarius Hutcherson,OL,South Carolina,,321.0,4.95,36.0,,,,
2021,,,,,ImatJo00,josh-imatorbhebhe-1,Josh Imatorbhebhe,WR,Illinois,6-0,218.0,4.53,24.0,46.5,134.0,7.1,4.38
2021,,,,,JackAl01,alaric-jackson-1,Alaric Jackson,OL,Iowa,6-6,321.0,5.2,,25.0,103.0,7.7,
2021,,,,,JackDe02,deon-jackson-1,Deon Jackson,RB,Duke,5-11,218.0,4.41,18.0,36.0,123.0,7.15,4.37
2021,,,,,JackDr00,drake-jackson-1,Drake Jackson,C,Kentucky,6-1,293.0,,,31.0,,,
2021,2021.0,Philadelphia Eagles,6.0,191.0,JackTa02,tarron-jackson-1,Tarron Jackson,DE,Coastal Carolina,6-2,254.0,4.68,25.0,29.0,118.0,7.45,4.51
2021,,,,,JackWa00,warren-jackson-2,Warren Jackson,WR,Colorado St.,6-6,219.0,4.68,,33.5,123.0,7.81,4.53
2021,,,,,JacoJe00,jerry-jacobs-1,Jerry Jacobs,DB,Arkansas,5-10,208.0,4.53,20.0,34.5,120.0,6.95,4.33
2021,2021.0,Los Angeles Chargers,5.0,159.0,JaimBr00,brenden-jaimes-1,Brenden Jaimes,OL,Nebraska,6-5,298.0,,25.0,30.5,112.0,7.5,4.51
2021,,,,,,shemar-jean-charles-1,Shemar Jean-Charles,DB,Appalachian St.,5-10,184.0,4.47,19.0,35.0,124.0,7.19,4.27
2021,2021.0,Detroit Lions,7.0,257.0,JeffJe00,jermar-jefferson-1,Jermar Jefferson,RB,Oregon St.,5-10,206.0,4.57,13.0,31.0,115.0,7.38,4.38
2021,2021.0,Chicago Bears,2.0,39.0,JenkTe00,teven-jenkins-1,Teven Jenkins,OL,Oklahoma St.,6-5,317.0,5.01,36.0,32.5,106.0,7.72,4.66
2021,,,,,,adam-jewell-1,Adam Jewell,OL,Air Force,6-2,289.0,5.37,,27.5,107.0,,
2021,,,,,,sterling-johnson-1,Sterling Johnson,DL,Coastal Carolina,6-3,288.0,5.22,25.0,28.0,103.0,7.56,4.81
2021,,,,,,jerome-johnson-3,Jerome Johnson,DL,Indiana,6-2,296.0,5.12,21.0,27.5,113.0,7.7,4.66
2021,2021.0,Denver Broncos,5.0,164.0,JohnJa15,jamar-johnson-1,Jamar Johnson,DB,Indiana,6-2,205.0,4.58,17.0,35.0,122.0,7.22,4.41
2021,,,,,JohnJo06,josh-johnson-8,Josh Johnson,RB,La-Monroe,5-8,209.0,4.61,22.0,35.5,115.0,7.16,4.4
2021,,,,,JohnJo11,johnathon-johnson-2,Johnathon Johnson,WR,Missouri,,,,,,,,
2021,,,,,JohnMu00,mustafa-johnson-2,Mustafa Johnson,DE,Colorado,6-0,280.0,,27.0,29.0,103.0,7.18,4.51
2021,2021.0,Philadelphia Eagles,7.0,234.0,JohnPa02,patrick-johnson-4,Patrick Johnson,DE,Tulane,6-6,240.0,4.59,16.0,35.0,119.0,6.97,4.41
2021,,,,,JohnZe00,zeandae-johnson-1,Zeandae Johnson,DE,California,6-3,270.0,4.89,22.0,27.5,108.0,,
2021,,,,,,jamal-jones-4,Jamal Jones,RB,Arkansas St.,5-6,198.0,4.67,23.0,28.0,112.0,7.39,4.65
2021,2021.0,Los Angeles Rams,3.0,103.0,JoneEr01,ernest-jones-3,Ernest Jones,LB,South Carolina,6-1,230.0,4.65,,38.5,,,
2021,2021.0,New England Patriots,1.0,15.0,JoneMa05,mac-jones-1,Mac Jones,QB,Alabama,6-2,217.0,4.72,,32.0,116.0,7.04,4.39
2021,,,,,JoneNa01,naquan-jones-1,Naquan Jones,DT,Michigan St.,6-3,313.0,5.42,20.0,25.0,100.0,,4.9
2021,2021.0,Minnesota Vikings,3.0,90.0,JonePa00,patrick-jones-ii-1,Patrick Jones,DL,Pittsburgh,6-4,261.0,4.85,22.0,31.5,107.0,,
2021,,,,,JoneRo02,robert-jones-8,Robert Jones,OL,Middle Tenn. St.,6-4,319.0,5.36,,,,,
2021,2021.0,Houston Texans,5.0,147.0,JordBr00,brevin-jordan-1,Brevin Jordan,TE,Miami (FL),6-2,247.0,4.64,17.0,31.0,116.0,,
2021,2021.0,Dallas Cowboys,2.0,44.0,JoseKe02,kelvin-joseph-1,Kelvin Joseph,DB,Kentucky,5-11,197.0,4.34,,35.0,128.0,7.21,4.22
2021,,,,,,terrace-marshall-jr-1,Terrace Marshall Jr.,WR,LSU,6-2,205.0,4.4,19.0,39.0,125.0,,
2021,,,,,,asante-samuel-jr-1,Asante Samuel Jr.,DB,Florida St.,5-10,180.0,4.45,12.0,35.0,124.0,6.95,4.13
2021,,,,,,thomas-graham-jr-1,Thomas Graham Jr.,CB,Oregon,5-10,192.0,4.49,13.0,34.5,121.0,7.08,4.21
2021,2021.0,Denver Broncos,7.0,237.0,VincKa00,kary-vincent-jr-1,Kary Vincent Jr.,CB,LSU,5-9,185.0,4.36,8.0,35.5,117.0,,
2021,,,,,,hunter-kampmoyer-1,Hunter Kampmoyer,TE,Oregon,6-4,243.0,4.83,21.0,31.0,113.0,7.28,4.54
2021,,,,,,xavier-kelly-2,Xavier Kelly,DL,Arkansas,6-4,306.0,5.17,27.0,27.0,99.0,,
2021,,,,,,alex-kessman-1,Alex Kessman,K,Pittsburgh,6-2,189.0,,,,,,
2021,,,,,,devon-key-1,Devon Key,DB,Western Kentucky,5-11,208.0,4.56,20.0,38.0,123.0,7.13,4.15
2021,,,,,KinlCa00,cameron-kinley-1,Cameron Kinley,CB,Navy,6-0,197.0,4.52,10.0,33.0,116.0,7.06,4.25
2021,,,,,,logan-klusman-1,Logan Klusman,LS,Kansas,6-0,235.0,5.16,,31.5,110.0,7.65,4.65
2021,,,,,KnoxBr00,brenden-knox-1,Brenden Knox,RB,Marshall,5-10,215.0,4.67,23.0,35.0,112.0,7.19,4.39
2021,,,,,,ben-knutson-1,Ben Knutson,OL,Tulane,6-7,301.0,5.27,12.0,24.0,99.0,8.01,4.85
2021,2021.0,Las Vegas Raiders,3.0,79.0,KoonMa00,malcolm-koonce-1,Malcolm Koonce,DE,Buffalo,6-2,249.0,,,,,,
2021,,,,,KraeTo02,tommy-kraemer-1,Tommy Kraemer,OL,Notre Dame,6-5,309.0,,,,,,
2021,,,,,,adam-krumholz-1,Adam Krumholz,WR,Wisconsin,6-0,193.0,4.6,11.0,35.5,118.0,7.03,4.28
2021,,,,,,bruno-labelle-1,Bruno Labelle,TE,Cincinnati,6-4,247.0,4.73,19.0,36.0,123.0,7.36,4.43
2021,2021.0,San Francisco 49ers,1.0,3.0,LancTr00,trey-lance-1,Trey Lance,QB,North Dakota St.,6-3,224.0,,,,,,
2021,2021.0,Green Bay Packers,6.0,214.0,VanxCo00,cole-van-lanen-1,Cole Van Lanen,OL,Wisconsin,6-4,305.0,5.11,22.0,30.0,107.0,7.34,4.64
2021,,,,,,nolan-laufenberg-1,Nolan Laufenberg,OL,Air Force,6-4,312.0,5.34,,29.5,105.0,7.7,4.77
2021,2021.0,Jacksonville Jaguars,1.0,1.0,LawrTr00,trevor-lawrence-1,Trevor Lawrence,QB,Clemson,6-5,213.0,,,,,,
2021,2021.0,Las Vegas Raiders,1.0,17.0,LeatAl00,alex-leatherwood-1,Alex Leatherwood,OL,Alabama,6-5,312.0,4.96,,34.5,118.0,,
2021,2021.0,Cleveland Browns,5.0,169.0,LeCoRi00,richard-lecounte-iii-1,Richard LeCounte,DB,Georgia,5-10,196.0,4.79,,32.5,128.0,7.44,4.49
2021,,,,,,riley-lees-1,Riley Lees,WR,Northwestern,5-11,192.0,4.47,7.0,35.0,119.0,6.78,4.16
2021,2021.0,San Francisco 49ers,5.0,172.0,LenoDe00,deommodore-lenoir-1,Deommodore Lenoir,CB,Oregon,5-10,199.0,4.48,15.0,34.5,121.0,7.02,4.35
2021,2021.0,Jacksonville Jaguars,2.0,45.0,LittWa00,walker-little-1,Walker Little,OT,Stanford,6-7,313.0,5.3,24.0,29.5,111.0,7.44,4.59
2021,,,,,,jeremiah-littles-1,Jeremiah Littles,DL,South Alabama,6-0,278.0,5.15,17.0,26.0,98.0,7.9,4.87
2021,,,,,,roy-lopez-1,Roy Lopez,DL,Arizona,6-1,304.0,5.19,36.0,31.0,105.0,7.39,4.51
2021,2021.0,Pittsburgh Steelers,5.0,156.0,LoudIs00,isaiahh-loudermilk-1,Isaiahh Loudermilk,DE,Wisconsin,6-6,274.0,5.08,21.0,28.5,112.0,7.52,4.55
2021,,,,,,blake-lynch-2,Blake Lynch,K,Kansas St.,5-4,144.0,,,,,,
2021,,,,,,artayvious-lynn-1,Artayvious Lynn,TE,TCU,6-4,271.0,,,,,,
2021,,,,,MackBr00,branden-mack-1,Branden Mack,WR,Temple,6-5,217.0,4.66,11.0,31.0,115.0,7.13,4.37
2021,,,,,MaraCJ00,torrance-marable-1,CJ Marable,RB,Coastal Carolina,5-6,195.0,4.59,17.0,36.0,116.0,7.25,4.39
2021,,,,,,jonathan-marshall-1,Jonathan Marshall,DL,Arkansas,6-3,310.0,4.88,36.0,32.0,114.0,,
2021,,,,,,ben-mason-1,Ben Mason,TE,Michigan,6-2,246.0,4.73,29.0,37.5,117.0,6.96,4.42
2021,,,,,McCaMa02,,Mac McCain,DB,North Carolina A&T,5-11,186.0,4.45,13.0,35.5,123.0,6.94,4.12
2021,,,,,,khalil-mcclain-1,Khalil McClain,WR,Troy,6-2,214.0,4.7,15.0,32.0,114.0,7.72,4.5
2021,,,,,,jaylon-mcclain-sapp-1,Jaylon McClain-Sapp,DB,Marshall,5-9,183.0,4.49,14.0,41.0,125.0,7.21,4.46
2021,,,,,,nick-mccloud-1,Nick McCloud,CB,Notre Dame,6-0,193.0,4.45,12.0,34.0,,6.88,4.16
2021,,,,,,sandon-mccoy-1,Sandon McCoy,RB,Army,5-10,215.0,4.78,18.0,32.0,114.0,7.47,4.56
2021,,,,,McCrGr01,greg-mccrae-1,Greg McCrae,RB,Central Florida,5-9,182.0,4.57,,37.5,124.0,6.89,4.34
2021,2021.0,Los Angeles Chargers,3.0,97.0,McKiTr00,tre-mckitty-1,Tre' McKitty,TE,Georgia,6-4,247.0,,,,,,
2021,,,,,McKnRo00,romeo-mcknight-1,Romeo McKnight,DE,Charlotte,6-4,252.0,4.98,,38.0,118.0,7.06,4.2
2021,,,,,McKoIs00,isaiah-mckoy-1,Isaiah McKoy,WR,Kent St.,6-2,200.0,4.68,12.0,29.5,114.0,7.09,4.36
2021,2021.0,Tennessee Titans,6.0,205.0,McMaRa00,racey-mcmath-1,Racey McMath,WR,LSU,6-2,217.0,4.36,,34.0,124.0,7.38,4.38
2021,,,,,,joshua-mcmillon-1,Joshua McMillon,LB,Alabama,,,,,,,,
2021,,,,,,zech-mcphearson-1,Zech McPhearson,DB,Texas Tech,5-10,191.0,4.48,14.0,40.5,130.0,6.88,4.0
2021,,,,,,evan-mcpherson-1,Evan McPherson,K,Florida,5-11,185.0,,,,,,
2021,,,,,,trae-meadows-1,Trae Meadows,DB,Western Kentucky,6-0,183.0,4.65,6.0,29.0,118.0,7.3,4.39
2021,2021.0,Denver Broncos,3.0,98.0,MeinQu02,,Quinn Meinerz,OL,Wisconsin–Whitewater,6-2,320.0,4.99,,32.0,111.0,7.54,4.58
2021,2021.0,Detroit Lions,3.0,101.0,MeliIf00,ifeatu-melifonwu-1,Ifeatu Melifonwu,DB,Syracuse,6-2,205.0,4.48,16.0,41.5,134.0,7.01,4.34
2021,,,,,,jordan-meredith-1,Jordan Meredith,OL,Western Kentucky,6-2,302.0,5.11,25.0,32.0,109.0,7.41,4.62
2021,,,,,MerrFo00,forrest-merrill-1,Forrest Merrill,DL,Arkansas St.,6-0,322.0,5.27,36.0,26.5,101.0,8.24,4.81
2021,,,,,,scott-meyer-1,Scott Meyer,LS,Vanderbilt,6-1,237.0,,,,102.0,7.54,4.65
2021,2021.0,Houston Texans,3.0,67.0,MillDa02,davis-mills-1,Davis Mills,QB,Stanford,6-3,217.0,4.82,,32.0,110.0,6.95,4.4
2021,,,,,MillDe01,dedrick-mills-1,Dedrick Mills,RB,Nebraska,5-9,217.0,4.65,13.0,32.5,117.0,7.06,4.35
2021,2021.0,Washington Football Team,7.0,258.0,MilnDa00,dax-milne-1,Dax Milne,WR,BYU,,,4.54,14.0,31.0,114.0,,4.19
2021,,,,,,andre-mintze-1,Andre Mintze,LB,Vanderbilt,6-2,253.0,4.59,18.0,,119.0,,
2021,2021.0,San Francisco 49ers,6.0,194.0,MitcEl00,elijah-mitchell-2,Elijah Mitchell,RB,Louisiana,5-10,201.0,4.38,17.0,37.5,128.0,6.94,4.19
2021,2021.0,Las Vegas Raiders,2.0,43.0,MoehTr00,trevon-moehrig-woodard-1,Trevon Moehrig,S,TCU,,,4.5,,33.0,,,4.19
2021,2021.0,Tennessee Titans,3.0,100.0,MoldEl00,elijah-molden-1,Elijah Molden,DB,Washington,5-9,192.0,4.62,13.0,36.5,125.0,,
2021,,,,,,briley-moore-1,Briley Moore,TE,Kansas St.,6-4,240.0,4.66,26.0,37.5,123.0,7.24,4.37
2021,,,,,,jaylon-moore-1,Jaylon Moore,OT,West. Michigan,6-4,311.0,5.25,27.0,30.0,106.0,7.77,4.67
2021,,,,,,david-moore-5,David Moore,QB,Central Michigan,6-0,200.0,4.86,,29.5,112.0,7.62,4.75
2021,2021.0,New York Jets,2.0,34.0,MoorEl00,elijah-moore-1,Elijah Moore,WR,Mississippi,,,4.35,17.0,36.0,121.0,6.63,4.07
2021,2021.0,Arizona Cardinals,2.0,49.0,MoorRo02,rondale-moore-1,Rondale Moore,WR,Purdue,5-7,180.0,4.28,,42.5,,6.65,4.06
2021,,,,,,quintin-morris-1,Quintin Morris,TE,Bowling Green,6-2,243.0,4.6,22.0,34.0,119.0,7.12,4.55
2021,2021.0,Las Vegas Raiders,7.0,230.0,MorrJi00,jimmy-morrissey-1,Jimmy Morrissey,OL,Pittsburgh,6-3,303.0,5.31,26.0,31.0,105.0,7.39,4.47
2021,,,,,,ej-muhammad-1,E.J. Muhammad,DB,Nevada,5-10,184.0,4.72,,31.0,116.0,7.35,4.4
2021,2021.0,Dallas Cowboys,6.0,227.0,MukuIs00,israel-mukuamu-1,Israel Mukuamu,DB,South Carolina,,,,34.0,36.0,,,
2021,2021.0,Green Bay Packers,2.0,62.0,MyerJo00,josh-myers-1,Josh Myers,C,Ohio St.,6-5,310.0,,29.0,,,,
2021,,,,,,jonathan-nance-1,Jonathan Nance,WR,Missouri,,,,,,,,
2021,2021.0,New York Jets,6.0,186.0,NasiHa00,hamsah-nasirildeen-1,Hamsah Nasirildeen,DB,Florida St.,6-3,215.0,,17.0,32.0,,7.05,4.31
2021,,,,,NealLo02,lorenzo-neal-2,Lorenzo Neal,DT,Purdue,,318.0,5.59,27.0,,,,
2021,,,,,,ryan-neuzil-1,Ryan Neuzil,OL,Appalachian St.,6-2,301.0,5.09,30.0,29.0,102.0,7.41,4.53
2021,,,,,,royce-newman-1,Royce Newman,OL,Mississippi,6-5,310.0,5.14,23.0,28.0,104.0,7.91,4.75
2021,,,,,NewmJa00,jamie-newman-1,Jamie Newman,QB,Georgia,6-2,234.0,,,,,,
2021,2021.0,Chicago Bears,6.0,221.0,NewsDa00,dazz-newsome-1,Dazz Newsome,WR,North Carolina,5-10,190.0,4.59,12.0,34.0,121.0,7.38,4.38
2021,2021.0,Cleveland Browns,1.0,26.0,NewsGr00,greg-newsome-ii-1,Greg Newsome,DB,Northwestern,6-0,192.0,4.39,18.0,40.0,123.0,6.9,4.26
2021,,,,,,nick-niemann-1,Nick Niemann,LB,Iowa,6-3,234.0,4.45,,33.5,121.0,6.67,4.14
2021,2021.0,Carolina Panthers,5.0,158.0,NixoDa00,daviyon-nixon-1,Daviyon Nixon,DT,Iowa,6-3,313.0,4.9,,28.5,106.0,7.68,4.7
2021,2021.0,New England Patriots,7.0,242.0,NixoTr01,tre-nixon-1,Tre Nixon,WR,Central Florida,6-0,187.0,4.44,18.0,35.5,125.0,6.81,4.27
2021,2021.0,Pittsburgh Steelers,7.0,245.0,NorwTr00,tre-norwood-1,Tre Norwood,DB,Oklahoma,5-11,192.0,4.58,12.0,33.5,123.0,7.65,4.45
2021,,,,,NunnAn00,antonio-nunn-1,Antonio Nunn,WR,Buffalo,5-11,204.0,4.5,15.0,33.5,120.0,7.12,4.32
2021,2021.0,Indianapolis Colts,2.0,54.0,OdeyDa00,dayo-odeyingbo-1,Dayo Odeyingbo,DL,Vanderbilt,6-5,276.0,,,,,,
2021,,,,,,nick-oelrich-1,Nick Oelrich,DB,Florida,6-0,203.0,4.68,13.0,33.5,117.0,7.28,4.4
2021,,,,,OgboAm00,amen-ogbongbemiga-1,Amen Ogbongbemiga,LB,Oklahoma St.,6-0,231.0,4.66,24.0,32.0,112.0,7.32,4.28
2021,2021.0,Atlanta Falcons,5.0,182.0,OgunAd01,adetokunbo-ogundeji-1,Adetokunbo Ogundeji,DL,Notre Dame,6-4,260.0,4.75,22.0,32.0,120.0,7.17,4.64
2021,2021.0,New York Giants,2.0,50.0,OjulAz00,azeez-ojulari-1,Azeez Ojulari,OLB,Georgia,6-2,249.0,4.63,26.0,30.0,127.0,7.27,4.34
2021,2021.0,Detroit Lions,2.0,41.0,OnwuLe00,levi-onwuzurike-1,Levi Onwuzurike,DL,Washington,6-2,290.0,4.89,29.0,30.0,109.0,,
2021,2021.0,Cincinnati Bengals,3.0,69.0,OssaJo00,joseph-ossai-1,Joseph Ossai,LB,Texas,6-3,256.0,4.63,19.0,41.5,131.0,,
2021,2021.0,Baltimore Ravens,1.0,31.0,OwehJa00,jayson-oweh-1,Jayson Oweh,DE,Penn St.,6-5,257.0,4.36,21.0,39.5,134.0,6.83,4.21
2021,2021.0,Cleveland Browns,2.0,52.0,OwusJe00,jeremiah-owusu-koramoah-1,Jeremiah Owusu-Koramoah,LB,Notre Dame,6-1,221.0,,,36.5,124.0,6.8,4.15
2021,,,,,,jr-pace-1,JR Pace,DB,Northwestern,6-1,205.0,4.72,12.0,35.5,120.0,6.94,4.24
2021,,,,,ParkAJ00,aj-parker-1,AJ Parker,DB,Kansas St.,5-11,182.0,4.53,10.0,33.5,117.0,7.02,4.37
2021,2021.0,Dallas Cowboys,1.0,12.0,ParsMi00,micah-parsons-1,Micah Parsons,LB,Penn St.,6-3,246.0,4.39,19.0,34.0,126.0,6.89,4.4
2021,,,,,,jarrett-patterson-1,Jarrett Patterson,OL,Notre Dame,5-6,195.0,4.52,,,,,
2021,,,,,,riley-patterson-1,Riley Patterson,K,Memphis,5-10,181.0,,,,,,
2021,,,,,PattJa01,jaret-patterson-1,Jaret Patterson,RB,Buffalo,5-6,195.0,4.59,19.0,30.0,117.0,7.03,4.35
2021,2021.0,Indianapolis Colts,1.0,21.0,PayeKw00,kwity-paye-1,Kwity Paye,DL,Michigan,6-2,261.0,4.52,36.0,35.3,118.0,,
2021,,,,,,josh-pederson-1,Josh Pederson,TE,La-Monroe,6-4,234.0,4.81,19.0,28.5,110.0,7.31,4.43
2021,2021.0,New England Patriots,3.0,96.0,PerkRo00,ronnie-perkins-1,Ronnie Perkins,DE,Oklahoma,6-2,253.0,4.71,25.0,32.0,115.0,,4.69
2021,,,,,,jordyn-peters-1,Jordyn Peters,DB,Auburn,6-0,202.0,4.7,7.0,39.5,124.0,7.14,4.47
2021,2021.0,Miami Dolphins,1.0,18.0,PhilJa02,jaelan-phillips-1,Jaelan Phillips,DL,Miami (FL),6-5,260.0,4.56,21.0,36.0,125.0,,
2021,,,,,PhilWh00,whop-philyor-1,Whop Philyor,WR,Indiana,5-9,184.0,4.57,14.0,31.0,120.0,7.2,4.34
2021,,,,,PickNi00,nick-pickett-1,Nick Pickett,S,Oregon,6-0,201.0,4.65,18.0,35.5,119.0,7.4,4.43
2021,,,,,,jason-pinnock-1,Jason Pinnock,DB,Pittsburgh,6-0,204.0,4.49,15.0,39.5,128.0,6.9,4.1
2021,2021.0,Atlanta Falcons,1.0,4.0,PittKy00,kyle-pitts-1,Kyle Pitts,TE,Florida,6-5,245.0,4.44,22.0,33.5,129.0,7.12,4.3
2021,,,,,,kyle-poland-1,Kyle Poland,LS,West Virginia,6-1,237.0,4.97,12.0,32.5,111.0,7.47,4.5
2021,,,,,,elijah-ponder-1,Elijah Ponder,DT,Cincinnati,6-1,268.0,5.06,27.0,30.0,101.0,7.45,4.53
2021,2021.0,Kansas City Chiefs,5.0,181.0,PoweCo00,cornell-powell-1,Cornell Powell,WR,Clemson,6-0,204.0,4.53,16.0,36.5,128.0,7.03,4.21
2021,,,,,ProeBl00,blake-proehl-1,Blake Proehl,WR,East Carolina,6-1,186.0,4.47,12.0,36.0,126.0,7.0,4.06
2021,2021.0,Tennessee Titans,2.0,53.0,RaduDi00,,Dillon Radunz,OT,North Dakota St.,6-5,301.0,5.16,24.0,32.0,112.0,7.27,4.57
2021,,,,,RagaTr00,,Trey Ragas,RB,Louisiana,5-10,214.0,4.6,23.0,33.5,117.0,7.19,4.5
2021,,,,,,john-raine-1,John Raine,TE,Northwestern,6-1,231.0,5.05,15.0,31.0,107.0,7.32,4.54
2021,,,,,RamsPe00,peyton-ramsey-1,Peyton Ramsey,QB,Northwestern,6-1,215.0,4.77,,28.0,108.0,7.28,4.41
2021,,,,,RashHa00,hamilcar-rashed-jr-1,Hamilcar Rashed,OLB,Oregon St.,6-2,251.0,4.58,25.0,35.5,128.0,7.51,4.44
2021,,,,,,jon-rhattigan-1,Jon Rhattigan,LB,Army,6-0,236.0,4.77,22.0,32.0,111.0,7.41,4.3
2021,2021.0,Tennessee Titans,3.0,92.0,RiceMo00,monty-rice-2,Monty Rice,LB,Georgia,6-0,233.0,4.58,,32.0,121.0,7.34,4.33
2021,,,,,,curtis-robinson-1,Curtis Robinson,LB,Stanford,6-3,236.0,4.6,22.0,37.5,117.0,7.0,4.26
2021,2021.0,New York Giants,3.0,71.0,RobiAa00,aaron-robinson-2,Aaron Robinson,DB,Central Florida,5-11,186.0,4.39,15.0,37.0,123.0,6.89,4.29
2021,2021.0,Pittsburgh Steelers,6.0,216.0,RochQu00,quincy-roche-1,Quincy Roche,DL,Miami (FL),,,,23.0,32.5,119.0,,
2021,2021.0,Los Angeles Rams,4.0,130.0,RochRo00,,Robert Rochell,DB,Central Arkansas,5-11,193.0,4.41,9.0,43.0,133.0,6.84,4.08
2021,2021.0,Green Bay Packers,3.0,85.0,RodgAm00,amari-rodgers-1,Amari Rodgers,WR,Clemson,5-9,212.0,4.52,19.0,33.0,121.0,7.07,4.31
2021,,,,,RoseAs00,asim-rose-1,Asim Rose,RB,Kentucky,6-1,215.0,4.51,24.0,34.0,120.0,7.25,4.62
2021,,,,,,zach-von-rosenberg-1,Zach Von Rosenberg,P,LSU,6-4,235.0,,,,,,
2021,2021.0,Los Angeles Chargers,6.0,198.0,RounLa00,larry-rountree-iii-1,Larry Rountree,RB,Missouri,,,4.62,,30.0,,6.96,
2021,2021.0,Buffalo Bills,1.0,30.0,RousGr00,gregory-rousseau-1,Gregory Rousseau,DL,Miami (FL),6-6,266.0,4.68,21.0,30.0,115.0,,
2021,,,,,,dionte-ruffin-1,Dionte Ruffin,DB,Western Kentucky,5-10,180.0,4.54,8.0,36.5,127.0,7.05,4.27
2021,2021.0,Los Angeles Chargers,4.0,118.0,RumpCh00,chris-rumph-ii-1,Chris Rumph,DE,Duke,6-2,244.0,,18.0,,,,
2021,,,,,,kj-sails-1,K.J. Sails,DB,South Florida,5-10,177.0,4.67,9.0,32.5,114.0,7.08,4.44
2021,,,,,,teton-saltes-1,Teton Saltes,OL,New Mexico,6-4,300.0,5.04,22.0,30.5,105.0,7.76,4.64
2021,,,,,,cameron-sample-1,Cameron Sample,DE,Tulane,6-2,267.0,4.72,23.0,37.0,116.0,7.39,4.48
2021,,,,,,foster-sarell-1,Foster Sarell,OL,Stanford,6-6,318.0,5.54,26.0,27.0,97.0,7.63,4.69
2021,,,,,SargMe00,mekhi-sargent-1,Mekhi Sargent,RB,Iowa,5-8,208.0,4.62,,33.5,114.0,7.08,4.39
2021,,,,,,thomas-schaffer-1,Thomas Schaffer,DE,Stanford,6-6,302.0,,23.0,,,,
2021,,,,,,ry-schneider-1,Ry Schneider,OL,Oklahoma St.,6-2,312.0,5.67,26.0,23.5,85.0,8.51,5.37
2021,2021.0,Cleveland Browns,3.0,91.0,SchwAn00,anthony-schwartz-1,Anthony Schwartz,WR,Auburn,6-0,186.0,4.27,,32.0,123.0,7.13,4.25
2021,,,,,ScotJo01,jordon-scott-1,Jordon Scott,DT,Oregon,6-0,311.0,,23.0,,,,
2021,,,,,ScotSt00,stevie-scott-1,Stevie Scott,RB,Indiana,6-0,225.0,4.66,18.0,31.0,119.0,7.14,4.57
2021,2021.0,San Francisco 49ers,3.0,88.0,SermTr00,trey-sermon-1,Trey Sermon,RB,Ohio St.,6-0,215.0,4.57,,37.0,125.0,6.83,4.28
2021,2021.0,Detroit Lions,1.0,7.0,SewePe00,penei-sewell-1,Penei Sewell,OL,Oregon,6-4,331.0,5.13,30.0,28.0,109.0,7.76,4.68
2021,2021.0,Cincinnati Bengals,4.0,122.0,ShelTy00,tyler-shelvin-1,Tyler Shelvin,DT,LSU,6-2,350.0,5.4,,28.5,97.0,8.15,5.05
2021,2021.0,New England Patriots,6.0,197.0,SherWi01,william-sherman-1,William Sherman,OL,Colorado,6-3,304.0,5.19,23.0,26.0,108.0,7.71,4.82
2021,2021.0,New York Jets,5.0,146.0,SherJa00,jamien-sherwood-1,Jamien Sherwood,DB,Auburn,6-1,216.0,4.76,15.0,36.0,123.0,7.15,4.36
2021,,,,,,jacob-shoemaker-1,Jacob Shoemaker,OL,South Alabama,6-3,319.0,5.49,20.0,24.0,93.0,8.2,5.02
2021,,,,,,george-silvanic-1,George Silvanic,DT,Air Force,6-5,286.0,5.21,,29.5,105.0,7.5,4.6
2021,,,,,SimmAn00,antjuan-simmons-1,Antjuan Simmons,LB,Michigan St.,5-11,218.0,4.8,,,,,
2021,,,,,,ben-skowronek-1,Ben Skowronek,WR,Notre Dame,6-2,220.0,,13.0,,,,
2021,2021.0,Los Angeles Chargers,1.0,13.0,SlatRa00,rashawn-slater-1,Rashawn Slater,OL,Northwestern,6-4,304.0,4.91,33.0,33.0,112.0,7.48,4.45
2021,2021.0,Green Bay Packers,5.0,173.0,SlatTe00,tedarrell-slaton-1,Tedarrell Slaton,DL,Florida,6-4,330.0,5.09,27.0,29.0,109.0,7.91,4.81
2021,,,,,,trystan-slinker-1,Trystan Slinker,LB,Baylor,5-10,234.0,4.84,20.0,30.5,119.0,7.59,4.63
2021,,,,,,shaq-smith-1,Shaq Smith,LB,Maryland,6-2,237.0,4.79,22.0,30.0,110.0,7.34,4.3
2021,,,,,,dante-smith-1,D'Ante Smith,OL,East Carolina,6-5,305.0,5.29,24.0,29.0,113.0,7.96,4.81
2021,,,,,,dante-smith-3,DAnte Smith,LB,Arizona,6-5,305.0,5.29,24.0,29.0,113.0,7.96,4.81
2021,,,,,SmitBr07,brandon-smith-11,Brandon Smith,WR,Iowa,6-1,218.0,4.62,,39.5,130.0,,
2021,2021.0,New York Giants,4.0,116.0,SmitEl00,,Elerson Smith,DL,Northern Iowa,,,4.71,26.0,41.5,127.0,7.0,4.39
2021,2021.0,Jacksonville Jaguars,4.0,121.0,SmitJo03,jordan-smith-5,Jordan Smith,OLB,Ala-Birmingham,6-5,264.0,4.8,16.0,33.0,117.0,,
2021,,,,,SmitZa01,zach-smith-6,Zach Smith,QB,Tulsa,6-3,222.0,5.23,,29.5,111.0,7.26,4.52
2021,2021.0,Minnesota Vikings,5.0,157.0,SmitIh00,ihmir-smith-marsette-1,Ihmir Smith-Marsette,WR,Iowa,6-0,181.0,4.43,,37.0,124.0,7.0,4.2
2021,2021.0,Washington Football Team,3.0,74.0,StJuBe00,benjamin-st-juste-1,Benjamin St-Juste,DB,Minnesota,6-3,202.0,4.51,11.0,34.5,119.0,6.63,3.96
2021,2021.0,Denver Broncos,5.0,152.0,SterCa00,caden-sterns-1,Caden Sterns,DB,Texas,5-11,202.0,4.41,14.0,42.0,128.0,6.96,4.13
2021,2021.0,Philadelphia Eagles,6.0,224.0,StevJa00,jacoby-stevens-1,Jacoby Stevens,S,LSU,6-1,212.0,4.63,,42.0,130.0,,
2021,2021.0,Buffalo Bills,6.0,203.0,StevMa00,marquez-stevenson-1,Marquez Stevenson,WR,Houston,5-10,180.0,4.48,,33.0,122.0,6.76,4.14
2021,2021.0,New England Patriots,4.0,120.0,StevRh00,rhamondre-stevenson-1,Rhamondre Stevenson,RB,Oklahoma,5-11,231.0,4.64,15.0,31.5,112.0,7.09,4.15
2021,,,,,StewBr01,brad-stewart-3,Brad Stewart,DB,Florida,6-0,195.0,4.59,11.0,33.5,126.0,,4.44
2021,,,,,StilDa00,darius-stills-1,Darius Stills,DL,West Virginia,6-0,278.0,4.98,23.0,32.5,110.0,7.18,4.49
2021,,,,,,donovan-stiner-1,Donovan Stiner,DB,Florida,6-1,205.0,4.56,15.0,34.5,127.0,7.08,4.3
2021,2021.0,Green Bay Packers,1.0,29.0,StokEr00,eric-stokes-2,Eric Stokes,DB,Georgia,6-0,194.0,4.31,14.0,38.5,128.0,6.96,4.36
2021,,,,,,mason-stokke-1,Mason Stokke,FB,Wisconsin,6-2,242.0,4.96,22.0,30.5,112.0,7.2,4.34
2021,,,,,StolJa00,jack-stoll-1,Jack Stoll,TE,Nebraska,6-3,247.0,4.6,16.0,31.5,119.0,6.86,4.32
2021,,,,,StonDi00,dillon-stoner-1,Dillon Stoner,WR,Oklahoma St.,6-0,194.0,4.51,16.0,37.0,123.0,6.96,4.13
2021,,,,,StovEl00,eli-stove-1,Eli Stove,WR,Auburn,5-11,194.0,4.54,14.0,30.5,119.0,7.34,4.4
2021,,,,,,corey-straughter-1,Corey Straughter,CB,La-Monroe,5-10,184.0,4.62,11.0,35.0,117.0,7.37,4.58
2021,,,,,,elijah-sullivan-1,Elijah Sullivan,LB,Kansas St.,6-0,214.0,4.69,13.0,,115.0,7.12,4.31
2021,2021.0,Minnesota Vikings,3.0,78.0,SurrCh00,chazz-surratt-1,Chazz Surratt,LB,North Carolina,6-2,229.0,4.58,25.0,31.0,,7.02,4.16
2021,,,,,SurrSa00,sage-surratt-1,Sage Surratt,WR,Wake Forest,6-2,209.0,4.66,18.0,,,,4.25
2021,2021.0,Denver Broncos,1.0,9.0,SurtPa01,patrick-surtain-ii-1,Patrick Surtain,DB,Alabama,6-2,208.0,4.42,18.0,39.0,131.0,,
2021,,,,,,jovan-swann-1,Jovan Swann,DL,Indiana,6-2,291.0,4.9,34.0,30.5,109.0,7.74,4.75
2021,,,,,,tim-tanner-blair-1,Tim Tanner-Blair,OL,Bowling Green,6-3,288.0,5.59,32.0,21.0,93.0,8.06,4.95
2021,2021.0,Carolina Panthers,5.0,166.0,TaylKe03,keith-taylor-3,Keith Taylor,DB,Washington,6-2,187.0,4.54,12.0,33.5,127.0,6.85,4.26
2021,,,,,TerrTa00,tamorrion-terry-1,Tamorrion Terry,WR,Florida St.,6-2,207.0,4.44,15.0,32.5,126.0,7.0,4.53
2021,,,,,,kiondre-thomas-1,Kiondre Thomas,DB,Kansas St.,5-11,186.0,4.44,10.0,37.5,122.0,6.94,4.35
2021,2021.0,San Francisco 49ers,3.0,102.0,ThomAm00,ambry-thomas-1,Ambry Thomas,DB,Michigan,5-11,191.0,4.37,15.0,38.0,122.0,,
2021,,,,,ThomZa03,zac-thomas-2,Zac Thomas,QB,Appalachian St.,6-0,205.0,4.59,,30.0,115.0,7.06,4.28
2021,,,,,ThomTy02,tyree-thompson-1,Tyree Thompson,LB,Buffalo,6-1,229.0,5.0,18.0,31.0,109.0,7.87,4.96
2021,,,,,ThomKe05,kevin-thomson-1,Kevin Thomson,QB,Washington,6-0,198.0,4.75,21.0,35.5,126.0,6.98,4.23
2021,2021.0,Cleveland Browns,4.0,132.0,TogiTo00,tommy-togiai-1,Tommy Togiai,DT,Ohio St.,6-1,296.0,4.97,40.0,32.0,105.0,7.2,4.49
2021,,,,,,jet-toner-1,Jet Toner,K,Stanford,6-2,204.0,,,,,,
2021,2021.0,New York Giants,1.0,20.0,ToneKa00,kadarius-toney-1,Kadarius Toney,WR,Florida,5-11,193.0,4.39,9.0,39.5,136.0,6.88,4.25
2021,2021.0,Washington Football Team,7.0,246.0,ToneSh00,shaka-toney-1,Shaka Toney,DE,Penn St.,6-2,242.0,4.51,24.0,39.0,128.0,6.95,4.28
2021,2021.0,Chicago Bears,7.0,250.0,TongKh00,khyiris-tonga-1,Khyiris Tonga,DL,BYU,,,,35.0,,,,
2021,2021.0,Tampa Bay Buccaneers,2.0,64.0,TrasKy00,kyle-trask-1,Kyle Trask,QB,Florida,6-5,236.0,5.1,,31.5,113.0,7.08,4.6
2021,2021.0,Carolina Panthers,3.0,83.0,TremTo00,tommy-tremble-1,Tommy Tremble,TE,Notre Dame,6-3,241.0,4.6,20.0,36.5,122.0,,
2021,,,,,,harry-trotter-1,Harry Trotter,RB,Kansas St.,5-8,207.0,4.63,22.0,32.5,112.0,,
2021,2021.0,Tampa Bay Buccaneers,1.0,32.0,TryoJo00,joe-tryon-1,Joe Tryon,OLB,Washington,6-5,259.0,4.69,22.0,35.0,116.0,7.18,4.36
2021,,,,,,israel-tucker-1,Israel Tucker,RB,Louisiana Tech,5-7,194.0,4.6,20.0,38.5,123.0,7.25,4.52
2021,,,,,TuckCa01,carl-tucker-1,Carl Tucker,TE,Alabama,,,,,,,,
2021,,,,,,ethan-tucky-1,Ethan Tucky,LB,Cincinnati,6-1,231.0,4.62,21.0,31.5,115.0,7.08,4.3
2021,2021.0,Jacksonville Jaguars,4.0,106.0,TufeJa00,jay-tufele-1,Jay Tufele,DL,USC,6-2,305.0,5.0,30.0,30.0,105.0,7.8,4.88
2021,,,,,TuitSy00,syrus-tuitele-1,Syrus Tuitele,OL,Fresno St.,6-5,311.0,5.21,36.0,26.0,94.0,8.25,4.89
2021,2021.0,New Orleans Saints,1.0,28.0,TurnPa02,payton-turner-1,Payton Turner,DL,Houston,6-5,268.0,,23.0,35.5,,6.98,4.33
2021,,,,,,christian-tutt-1,Christian Tutt,DB,Auburn,5-10,180.0,4.73,,29.5,110.0,7.22,4.25
2021,2021.0,Minnesota Vikings,6.0,199.0,TwymJa00,jaylen-twyman-1,Jaylen Twyman,DL,Pittsburgh,6-1,301.0,5.4,40.0,32.5,104.0,8.0,
2021,,,,,,evan-tyler-1,Evan Tyler,S,Boise St.,6-1,199.0,4.58,13.0,33.0,117.0,7.14,4.32
2021,,,,,VaugTy00,tyler-vaughns-1,Tyler Vaughns,WR,USC,6-1,190.0,4.62,7.0,31.5,120.0,7.13,4.36
2021,2021.0,New York Jets,1.0,14.0,VeraAl00,alijah-vera-tucker-1,Alijah Vera-Tucker,OL,USC,6-4,308.0,5.05,36.0,32.0,106.0,7.67,4.7
2021,,,,,,gunnar-vogel-1,Gunnar Vogel,OL,Northwestern,6-6,306.0,5.47,23.0,26.0,105.0,7.67,4.92
2021,,,,,WadeLa00,lamont-wade-1,Lamont Wade,S,Penn St.,5-9,190.0,4.47,16.0,35.5,118.0,7.14,4.34
2021,2021.0,Baltimore Ravens,5.0,160.0,WadeSh00,shaun-wade-1,Shaun Wade,CB,Ohio St.,6-0,196.0,,,,,,
2021,,,,,WalkTr02,tre-walker-3,Tre Walker,WR,San Jose St.,5-10,178.0,4.58,,28.0,113.0,7.75,4.47
2021,2021.0,Baltimore Ravens,4.0,131.0,WallTy00,tylan-wallace-1,Tylan Wallace,WR,Oklahoma St.,5-11,194.0,4.48,11.0,33.0,112.0,6.97,4.25
2021,2021.0,Houston Texans,5.0,170.0,WallGa00,garret-wallow-1,Garret Wallow,LB,TCU,,,4.65,22.0,32.5,122.0,6.87,4.12
2021,,,,,WashAr00,ardarius-washington-1,Ar'Darius Washington,S,TCU,5-7,178.0,4.61,17.0,37.5,127.0,7.06,4.1
2021,,,,,WatsJa01,jamar-watson-1,Jamar Watson,OLB,Kentucky,6-1,241.0,4.78,19.0,30.0,,7.31,4.58
2021,2021.0,Tennessee Titans,4.0,135.0,WeavRa00,rashad-weaver-1,Rashad Weaver,DL,Pittsburgh,6-4,259.0,4.88,20.0,32.0,114.0,6.97,4.26
2021,2021.0,Los Angeles Chargers,7.0,241.0,WebbMa01,mark-webb-1,Mark Webb,DB,Georgia,6-1,207.0,4.61,,36.5,136.0,7.3,4.52
2021,,,,,,connor-wedington-1,Connor Wedington,WR,Stanford,6-0,196.0,4.47,13.0,38.5,117.0,6.66,4.07
2021,,,,,,coby-weiss-1,Coby Weiss,K,South Florida,5-8,155.0,,,,,,
2021,,,,,WellPr00,pro-wells-1,Pro Wells,TE,TCU,,,,,,,,
2021,2021.0,New Orleans Saints,2.0,60.0,WernPe00,pete-werner-1,Pete Werner,LB,Ohio St.,6-2,238.0,4.58,20.0,39.5,122.0,6.95,4.38
2021,,,,,,devon-wharton-1,Devon Wharton,DE,Western Kentucky,6-2,215.0,5.1,4.0,30.5,115.0,8.12,4.7
2021,,,,,,jarell-white-1,Jarell White,LB,Cincinnati,5-8,202.0,4.58,22.0,35.0,125.0,7.21,4.35
2021,,,,,,brendon-white-1,Brendon White,DB,Rutgers,6-1,215.0,4.66,19.0,34.5,112.0,6.82,4.33
2021,,,,,WhitBr00,brady-white-1,Brady White,QB,Memphis,6-1,210.0,4.84,,29.0,,6.97,4.33
2021,,,,,,haydon-whitehead-1,Haydon Whitehead,P,Indiana,6-2,202.0,,,,,,
2021,2021.0,Arizona Cardinals,7.0,243.0,WiggJa00,james-wiggins-1,James Wiggins,S,Cincinnati,5-11,209.0,4.4,22.0,38.0,127.0,,
2021,2021.0,Buffalo Bills,6.0,213.0,WildRa00,rachad-wildgoose-1,Rachad Wildgoose,CB,Wisconsin,5-11,197.0,4.53,11.0,36.0,120.0,7.09,4.18
2021,,,,,,drew-wiley-1,Drew Wiley,DT,Kansas St.,6-4,294.0,5.24,24.0,34.0,112.0,7.34,4.45
2021,,,,,,adam-williams-2,Adam Williams,P,Memphis,6-4,226.0,,,,,,
2021,,,,,,carson-williams-2,Carson Williams,OL,Arkansas St.,6-4,254.0,4.79,18.0,38.0,115.0,,
2021,2021.0,Atlanta Falcons,5.0,183.0,WillAv02,avery-williams-6,Avery Williams,CB,Boise St.,5-8,187.0,4.43,19.0,33.5,121.0,6.88,4.0
2021,2021.0,Denver Broncos,2.0,35.0,WillJa10,javonte-williams-1,Javonte Williams,RB,North Carolina,5-9,212.0,4.55,22.0,36.0,123.0,6.97,4.09
2021,,,,,WillMa11,marlon-williams-5,Marlon Williams,WR,Central Florida,5-11,209.0,4.63,14.0,33.5,119.0,,4.57
2021,2021.0,Philadelphia Eagles,3.0,73.0,WillMi08,milton-williams-1,Milton Williams,DL,Louisiana Tech,6-3,284.0,4.67,34.0,38.5,121.0,6.96,4.33
2021,,,,,WillPo01,pooka-williams-1,Pooka Williams,RB,Kansas,5-9,170.0,4.46,4.0,31.5,118.0,7.03,4.26
2021,2021.0,New York Giants,6.0,201.0,WillRo07,rodarius-williams-1,Rodarius Williams,CB,Oklahoma St.,5-11,189.0,4.5,14.0,36.5,123.0,6.98,4.15
2021,2021.0,Denver Broncos,6.0,219.0,WillSe00,seth-williams-1,Seth Williams,WR,Auburn,6-3,211.0,4.49,12.0,37.0,124.0,7.2,4.43
2021,,,,,WillTr07,trill-williams-1,Trill Williams,CB,Syracuse,6-2,208.0,,20.0,36.0,123.0,,
2021,2021.0,Arizona Cardinals,4.0,136.0,WilsMa04,marco-wilson-1,Marco Wilson,CB,Florida,5-11,191.0,4.37,26.0,43.5,136.0,6.8,4.13
2021,,,,,WilsMa05,marvin-wilson-1,Marvin Wilson,DT,Florida St.,6-3,303.0,5.12,23.0,25.5,107.0,7.64,4.91
2021,2021.0,New York Jets,1.0,2.0,WilsZa00,zach-wilson-3,Zach Wilson,QB,BYU,6-2,214.0,,,,,,
2021,,,,,,brock-wright-1,Brock Wright,TE,Notre Dame,6-4,257.0,4.62,26.0,31.5,118.0,7.27,4.25
2021,2021.0,Dallas Cowboys,3.0,99.0,WrigNa00,nahshon-wright-1,Nahshon Wright,DB,Oregon St.,6-4,183.0,4.46,6.0,31.0,126.0,7.24,4.57
2021,,,,,YeboKe00,kenny-yeboah-1,Kenny Yeboah,TE,Mississippi,6-3,250.0,,,34.0,116.0,,
2021,,,,,,devonte-young-1,Devonte Young,DB,Iowa,5-11,195.0,4.7,,32.0,118.0,7.41,4.38
2021,2021.0,New Orleans Saints,6.0,206.0,YounLa00,landon-young-1,Landon Young,OT,Kentucky,6-6,310.0,5.0,34.0,30.5,108.0,7.7,4.89
2022,,,,,AdomCa00,cal-adomitis-1,Cal Adomitis,LS,Pittsburgh,6-2,235.0,4.97,18.0,29.5,107.0,7.53,4.62
2022,,,,,AlleAu00,austin-allen-2,Austin Allen,TE,Nebraska,6-8,253.0,4.83,,34.0,121.0,7.0,4.26
2022,,,,,AlleCh03,chase-allen-1,Chase Allen,TE,Iowa St.,6-6,251.0,,,33.5,117.0,7.03,4.43
2022,,,,,AlleCh04,christopher-allen-1,Christopher Allen,EDGE,Alabama,6-4,241.0,,,,,,
2022,2022.0,Atlanta Falcons,5.0,151.0,AllgTy00,tyler-allgeier-1,Tyler Allgeier,RB,BYU,5-11,224.0,4.6,,33.0,120.0,,
2022,2022.0,Atlanta Falcons,2.0,58.0,AndeTr00,,Troy Andersen,LB,Montana St.,6-4,243.0,4.42,,36.0,128.0,,
2022,2022.0,Cincinnati Bengals,5.0,166.0,AndeTy00,tycen-anderson-1,Tycen Anderson,S,Toledo,6-2,209.0,4.36,,35.5,123.0,6.64,4.28
2022,,,,,,,Blaise Andries,OG,Minnesota,6-6,308.0,5.1,,30.5,106.0,7.84,4.68
2022,2022.0,Buffalo Bills,6.0,180.0,AraiMa00,matt-araiza-1,Matt Araiza,P,San Diego St.,6-1,200.0,4.68,,32.0,121.0,,
2022,2022.0,Baltimore Ravens,4.0,119.0,ArmoJa00,jalyn-armour-davis-1,Jalyn Armour-Davis,CB,Alabama,6-1,197.0,4.39,14.0,34.5,,,
2022,2022.0,Minnesota Vikings,3.0,66.0,AsamBr00,brian-asamoah-ll-1,Brian Asamoah,LB,Oklahoma,6-0,226.0,4.56,,36.5,124.0,,
2022,2022.0,Pittsburgh Steelers,4.0,138.0,AustCa00,calvin-austin-iii-1,Calvin Austin,WR,Memphis,5-8,170.0,4.32,,39.0,135.0,6.65,4.07
2022,2022.0,Baltimore Ravens,6.0,196.0,BadiTy00,tyler-badie-1,Tyler Badie,RB,Missouri,5-8,197.0,4.45,,33.5,121.0,,
2022,2022.0,Carolina Panthers,7.0,242.0,BarnKa00,kalon-barnes-1,Kalon Barnes,CB,Baylor,6-0,183.0,4.23,,,,,
2022,2022.0,Carolina Panthers,6.0,189.0,BarnAm00,amare-barno-1,Amaré Barno,EDGE,Virginia Tech,6-5,246.0,4.36,,37.0,131.0,,4.45
2022,2022.0,New York Giants,6.0,182.0,BeavDa00,darrian-beavers-1,Darrian Beavers,LB,Cincinnati,6-4,237.0,,,36.5,125.0,6.91,
2022,,,,,,,Markquese Bell,S,Florida A&M,6-2,212.0,4.41,,36.5,123.0,,4.46
2022,2022.0,Cleveland Browns,3.0,99.0,BellDa02,david-bell-6,David Bell,WR,Purdue,6-1,212.0,4.65,,33.0,118.0,7.14,4.57
2022,,,,,BellGr01,greg-bell-5,Greg Bell,RB,San Diego St.,5-11,201.0,,17.0,31.0,120.0,,
2022,2022.0,New York Giants,4.0,112.0,BellDa00,daniel-bellinger-1,Daniel Bellinger,TE,San Diego St.,6-5,253.0,4.63,22.0,34.5,125.0,7.05,4.47
2022,2022.0,New York Giants,4.0,114.0,BeltDa00,dane-belton-1,Dane Belton,S,Iowa,6-1,205.0,4.43,,36.5,123.0,7.01,4.24
2022,2022.0,Buffalo Bills,3.0,89.0,BernTe00,terrel-bernard-1,Terrel Bernard,LB,Baylor,6-1,224.0,,22.0,35.5,123.0,7.03,4.25
2022,,,,,BoldBu00,bubba-bolden-1,Bubba Bolden,S,Miami,6-2,209.0,4.47,,,116.0,,
2022,,,,,BoldSl00,slade-bolden-1,Slade Bolden,WR,Alabama,5-11,193.0,4.66,,32.0,116.0,,
2022,2022.0,Denver Broncos,2.0,64.0,BoniNi00,nik-bonitto-1,Nik Bonitto,EDGE,Oklahoma,6-3,248.0,4.54,,35.5,120.0,7.07,4.23
2022,2022.0,Houston Texans,5.0,150.0,BookTh00,thomas-booker-1,Thomas Booker,DT,Stanford,6-3,301.0,4.94,,,110.0,7.33,4.41
2022,2022.0,Minnesota Vikings,2.0,42.0,BootAn00,andrew-booth-jr-1,Andrew Booth,CB,Clemson,6-0,194.0,,,,,,
2022,,,,,BorgMa00,max-borghi-1,Max Borghi,RB,Washington St.,5-9,210.0,,20.0,,,,
2022,2022.0,Chicago Bears,2.0,48.0,BrisJa01,jaquan-brisker-1,Jaquan Brisker,S,Penn St.,6-1,199.0,4.49,22.0,34.5,124.0,,
2022,,,,,BrkiGa00,gabe-brkic-1,Gabe Brkic,K,Oklahoma,6-2,197.0,,,,,,
2022,,,,,BrooKe01,kennedy-brooks-1,Kennedy Brooks,RB,Oklahoma,5-11,209.0,4.59,,31.0,120.0,,
2022,,,,,BrowBe01,ben-brown-3,Ben Brown,C,Mississippi,6-5,312.0,,,,,,
2022,,,,,BrowLe03,leddie-brown-1,Leddie Brown,RB,West Virginia,6-0,213.0,4.64,,30.0,118.0,,
2022,2022.0,Jacksonville Jaguars,7.0,222.0,BrowMo00,montaric-brown-1,Montaric Brown,CB,Arkansas,6-0,196.0,4.55,,,,,
2022,2022.0,Los Angeles Rams,3.0,104.0,BrusLo00,logan-bruss-1,Logan Bruss,OG,Wisconsin,6-5,309.0,5.32,,31.0,112.0,7.57,4.55
2022,2022.0,Seattle Seahawks,4.0,109.0,BryaCo01,coby-bryant-1,Coby Bryant,CB,Cincinnati,6-1,193.0,4.54,17.0,,,,
2022,2022.0,San Francisco 49ers,4.0,134.0,BurfSp00,spencer-burford-1,Spencer Burford,OG,Texas-San Antonio,6-4,304.0,5.19,,27.5,105.0,,4.73
2022,2022.0,Tennessee Titans,1.0,18.0,BurkTr00,treylon-burks-1,Treylon Burks,WR,Arkansas,6-2,225.0,4.55,,33.0,122.0,7.28,
2022,,,,,ButlDa00,darien-butler-1,Darien Butler,LB,Arizona St.,5-10,221.0,,,,,7.47,
2022,2022.0,Las Vegas Raiders,5.0,175.0,ButlMa02,matthew-butler-1,Matthew Butler,DT,Tennessee,6-4,297.0,5.0,17.0,32.0,112.0,7.89,4.81
2022,2022.0,Washington Commanders,4.0,113.0,ButlPe00,percy-butler-1,Percy Butler,S,Louisiana,6-0,194.0,4.36,,31.5,123.0,,
2022,2022.0,Philadelphia Eagles,6.0,198.0,CalcGr00,grant-calcaterra-1,Grant Calcaterra,TE,SMU,6-4,241.0,4.62,20.0,,,,
2022,2022.0,Tampa Bay Buccaneers,4.0,133.0,CamaJa00,jake-camarda-1,Jake Camarda,P,Georgia,6-1,193.0,4.56,,,,,
2022,2022.0,Tennessee Titans,6.0,219.0,CampCh02,chance-campbell-1,Chance Campbell,LB,Mississippi,6-2,232.0,4.57,,39.5,127.0,,
2022,2022.0,Chicago Bears,7.0,226.0,CartJa04,,Ja'Tyre Carter,OG,Southern,6-3,311.0,5.13,,30.0,108.0,7.84,4.9
2022,2022.0,Cincinnati Bengals,3.0,95.0,CartZa00,zachary-carter-1,Zachary Carter,DE,Florida,6-4,282.0,4.99,19.0,27.5,110.0,,
2022,2022.0,San Francisco 49ers,6.0,221.0,CastTa00,tariq-castro-fields-1,Tariq Castro-Fields,CB,Penn St.,6-1,197.0,4.38,,,,,
2022,2022.0,Minnesota Vikings,5.0,169.0,ChanTy01,ty-chandler-1,Tykevious Chandler,RB,North Carolina,5-11,204.0,4.38,,31.0,121.0,,
2022,2022.0,Kansas City Chiefs,3.0,103.0,ChenLe00,leo-chenal-1,Leo Chenal,LB,Wisconsin,6-3,250.0,4.53,,40.5,128.0,,
2022,2022.0,Minnesota Vikings,1.0,32.0,CineLe00,lewis-cine-1,Lewis Cine,S,Georgia,6-2,199.0,4.37,,36.5,133.0,,
2022,2022.0,Dallas Cowboys,5.0,176.0,ClarDa02,damone-clark-1,Damone Clark,LB,LSU,6-3,239.0,4.57,,36.5,127.0,7.12,
2022,2022.0,New York Jets,4.0,117.0,ClemMi03,micheal-clemons-1,Micheal Clemons,DE,Texas A&M,6-5,263.0,,24.0,,116.0,,
2022,,,,,CoanJa00,jack-coan-1,Jack Coan,QB,Notre Dame,6-3,218.0,4.9,,33.0,115.0,6.95,4.39
2022,,,,,,qwynnterio-cole-1,Qwynnterrio Cole,S,Louisville,6-0,206.0,,16.0,,,,
2022,2022.0,Jacksonville Jaguars,5.0,154.0,ConnSn00,snoop-conner-1,Snoop Conner,RB,Mississippi,5-10,222.0,4.59,25.0,29.5,118.0,,
2022,2022.0,Kansas City Chiefs,2.0,62.0,CookBr02,bryan-cook-2,Bryan Cook,S,Cincinnati,6-1,206.0,,,,,,
2022,2022.0,Buffalo Bills,2.0,63.0,CookJa01,james-cook-2,James Cook,RB,Georgia,5-11,199.0,4.42,,33.0,124.0,,
2022,,,,,CorbJa01,jashaun-corbin-1,Jashaun Corbin,RB,Florida St.,5-11,202.0,,,,,,
2022,,,,,CorkYu00,yusuf-corker-1,Yusuf Corker,S,Kentucky,6-0,203.0,,23.0,,,,
2022,2022.0,Carolina Panthers,3.0,94.0,CorrMa00,matt-corral-1,Matt Corral,QB,Mississippi,6-2,212.0,,,,,,
2022,2022.0,Seattle Seahawks,1.0,9.0,CrosCh00,charles-cross-1,Charles Cross,OT,Mississippi St.,6-5,307.0,4.95,,26.0,112.0,7.88,4.61
2022,2022.0,Indianapolis Colts,3.0,96.0,CrosNi00,nick-cross-1,Nick Cross,S,Maryland,6-0,212.0,4.34,,37.0,130.0,,
2022,,,,,CrumDu00,dustin-crum-1,Dustin Crum,QB,Kent St.,6-1,210.0,4.75,,32.5,120.0,,4.36
2022,,,,,CunnMy00,myron-cunningham-1,Myron Cunningham,OT,Arkansas,6-5,320.0,5.38,,20.0,98.0,8.5,5.16
2022,2022.0,New York Giants,5.0,147.0,DaviDJ00,dj-davidson-1,DJ Davidson,DT,Arizona St.,6-3,327.0,,23.0,28.0,,7.85,4.72
2022,2022.0,Philadelphia Eagles,1.0,13.0,DaviJo03,jordan-davis-9,Jordan Davis,DT,Georgia,6-6,341.0,4.78,,32.0,123.0,,
2022,2022.0,San Francisco 49ers,6.0,220.0,DaviKa01,kalia-davis-1,Kalia Davis,DT,Central Florida,6-1,302.0,,,,,,
2022,2022.0,San Francisco 49ers,3.0,93.0,DaviTy03,tyrion-davis-price-1,Tyrion Davis-Price,RB,LSU,6-0,211.0,4.48,,30.0,117.0,,
2022,2022.0,Philadelphia Eagles,3.0,83.0,DeanNa00,nakobe-dean-1,Nakobe Dean,LB,Georgia,5-11,229.0,,,,,,
2022,2022.0,Cleveland Browns,7.0,246.0,DeatDa00,dawson-deaton-1,Dawson Deaton,C,Texas Tech,6-6,306.0,5.12,24.0,29.0,108.0,7.52,4.49
2022,2022.0,Houston Texans,6.0,205.0,DecuAu00,austin-deculus-1,Austin Deculus,OT,LSU,6-5,321.0,5.08,,28.5,109.0,,4.99
2022,,,,,DickCa00,cameron-dicker-2,Cameron Dicker,K,Texas,6-1,220.0,,,,,,
2022,,,,,DiesKe00,kellen-diesch-1,Kellen Diesch,OT,Arizona St.,6-7,301.0,4.89,,32.5,110.0,7.77,4.43
2022,,,,,,,Dai'Jean Dixon,WR,Nicholls St.,6-3,205.0,4.62,,34.0,125.0,7.28,4.42
2022,,,,,DomaJo00,jojo-domann-1,JoJo Domann,LB,Nebraska,6-1,228.0,4.62,,34.5,119.0,,
2022,2022.0,Washington Commanders,1.0,16.0,DotsJa00,jahan-dotson-1,Jahan Dotson,WR,Penn St.,5-11,178.0,4.43,,36.0,121.0,7.28,
2022,2022.0,Green Bay Packers,4.0,132.0,DoubRo00,romeo-doubs-1,Romeo Doubs,WR,Nevada,6-2,201.0,,,,,,
2022,,,,,DrumDo00,dontario-drummond-1,Dontario Drummond,WR,Mississippi,6-1,215.0,4.65,,34.0,122.0,,
2022,2022.0,Denver Broncos,3.0,80.0,DulcGr00,greg-dulcich-1,Greg Dulcich,TE,UCLA,6-4,243.0,4.69,16.0,34.0,122.0,7.05,4.37
2022,,,,,DunkWi00,william-dunkle-1,William Dunkle,OG,San Diego St.,6-5,328.0,5.44,25.0,26.0,95.0,7.97,4.91
2022,2022.0,Los Angeles Rams,4.0,142.0,DuraDe01,,Cobie Durant,CB,South Carolina St.,5-10,180.0,4.38,,,,,
2022,,,,,EalyJe00,jerrion-ealy-1,Jerrion Ealy,RB,Mississippi,5-8,189.0,4.52,,34.5,128.0,,
2022,2022.0,Atlanta Falcons,2.0,38.0,EbikAr00,arnold-ebiketie-1,Arnold Ebiketie,EDGE,Penn St.,6-2,250.0,,21.0,38.0,128.0,,
2022,2022.0,Chicago Bears,6.0,203.0,EbneTr00,trestan-ebner-1,Trestan Ebner,RB,Baylor,5-11,206.0,4.43,,30.0,,,
2022,2022.0,Carolina Panthers,1.0,6.0,EkwoIk00,ikem-ekwonu-1,Ikem Ekwonu,OT,North Carolina St.,6-4,310.0,4.93,,29.0,108.0,7.82,4.73
2022,2022.0,Buffalo Bills,1.0,23.0,ElamKa00,kaiir-elam-1,Kaiir Elam,CB,Florida,6-2,191.0,4.39,,,,,
2022,,,,,ElebKa00,kaleb-eleby-1,Kaleb Eleby,QB,Western Michigan,6-1,208.0,,,25.5,111.0,7.57,
2022,,,,,,,Noah Elliss,DT,Idaho,6-4,346.0,5.66,,,,,
2022,2022.0,Cleveland Browns,3.0,68.0,EmerMa00,martin-emerson-1,Martin Emerson,CB,Mississippi St.,6-2,201.0,4.53,,,,,
2022,2022.0,Green Bay Packers,5.0,179.0,EnagKi00,kingsley-enagbare-1,Kingsley Enagbare,DE,South Carolina,6-4,258.0,4.87,,36.5,117.0,,
2022,2022.0,Minnesota Vikings,4.0,118.0,EvanAk00,akayleb-evans-1,Akayleb Evans,CB,Missouri,6-2,197.0,4.46,,36.0,129.0,,
2022,,,,,EzexOb00,obinna-eze-1,Obinna Eze,OT,TCU,6-7,321.0,5.17,18.0,27.5,104.0,8.2,5.08
2022,2022.0,New York Giants,3.0,67.0,EzeuJo00,joshua-ezeudu-1,Joshua Ezeudu,OG,North Carolina,6-4,308.0,5.19,,28.5,105.0,7.83,4.56
2022,2022.0,Miami Dolphins,4.0,125.0,EzukEr00,erik-ezukanma-1,Erik Ezukanma,WR,Texas Tech,6-2,209.0,,,36.5,126.0,,4.38
2022,2022.0,Baltimore Ravens,4.0,110.0,FaalDa00,daniel-faalele-1,Daniel Faalele,OT,Minnesota,6-8,384.0,,24.0,,,,
2022,2022.0,Las Vegas Raiders,4.0,126.0,FarrNe00,neil-farrell-jr-1,Neil Farrell,DT,LSU,6-4,330.0,5.41,,21.5,,8.41,
2022,2022.0,Dallas Cowboys,4.0,129.0,FergJa00,jake-ferguson-1,Jake Ferguson,TE,Wisconsin,6-5,250.0,4.81,15.0,31.5,118.0,7.03,4.48
2022,,,,,FielDa02,damarcus-fields-1,DaMarcus Fields,CB,Texas Tech,6-0,193.0,4.48,,34.5,,,
2022,2022.0,New York Giants,3.0,81.0,FlotCo00,cordale-flott-1,Cordale Flott,CB,LSU,6-1,175.0,,,,,,
2022,2022.0,Cleveland Browns,5.0,156.0,FordJe00,jerome-ford-1,Jerome Ford,RB,Cincinnati,5-11,210.0,4.46,,31.0,118.0,,
2022,2022.0,Green Bay Packers,7.0,234.0,FordJo00,jonathan-ford-1,Jonathan Ford,DT,Miami,6-5,333.0,,,29.0,102.0,,
2022,2022.0,Jacksonville Jaguars,3.0,65.0,FortLu01,luke-fortner-1,Luke Fortner,C,Kentucky,6-4,307.0,5.21,,24.0,102.0,7.75,4.95
2022,,,,,FryfTy00,ty-fryfogle-1,Ty Fryfogle,WR,Indiana,6-1,204.0,4.53,,39.0,127.0,,
2022,2022.0,New York Jets,1.0,4.0,GardSa00,ahmad-gardner-1,Ahmad Gardner,CB,Cincinnati,6-3,190.0,4.41,,,,,
2022,,,,,GarrHa00,haskell-garrett-1,Haskell Garrett,DT,Ohio St.,6-2,300.0,5.07,,24.0,,,
2022,,,,,GemmJe00,jeremiah-gemmel-1,Jeremiah Gemmel,LB,North Carolina,6-1,226.0,,,,,,
2022,2022.0,Chicago Bears,7.0,255.0,GillTr01,trenton-gill-1,Trenton Gill,P,North Carolina St.,6-4,220.0,,,,,,
2022,2022.0,Tampa Bay Buccaneers,2.0,57.0,GoedLu00,luke-goedeke-1,Luke Goedeke,OG,Central Michigan,6-5,312.0,,26.0,,,,
2022,,,,,GoodMa02,mario-goodrich-1,Mario Goodrich,CB,Clemson,6-0,176.0,4.52,,,,,
2022,,,,,GoodTy00,tyler-goodson-1,Tyler Goodson,RB,Iowa,5-9,197.0,4.42,,36.5,123.0,,
2022,2022.0,Chicago Bears,2.0,39.0,GordKy00,kyler-gordon-1,Kyler Gordon,CB,Washington,6-0,194.0,4.52,,,,,
2022,,,,,GrahIs00,isaiah-graham-mobley-1,Isaiah Graham-Mobley,LB,Boston Col.,6-1,230.0,4.63,,34.5,124.0,,
2022,2022.0,San Francisco 49ers,3.0,105.0,GrayDa02,danny-gray-1,Danny Gray,WR,SMU,6-0,186.0,4.33,,34.0,126.0,,
2022,,,,,GrayVi00,vincent-gray-1,Vincent Gray,CB,Michigan,6-2,192.0,4.54,,,,,
2022,2022.0,Houston Texans,1.0,15.0,GreeKe03,kenyon-green-1,Kenyon Green,OG,Texas A&M,6-4,323.0,5.24,20.0,26.0,102.0,,5.12
2022,2022.0,Cincinnati Bengals,7.0,252.0,GuntJe01,jeffrey-gunter-1,Jeffrey Gunter,EDGE,Coastal Carolina,6-4,258.0,4.7,,35.5,122.0,7.21,4.35
2022,2022.0,New York Jets,2.0,36.0,HallBr03,breece-hall-1,Breece Hall,RB,Iowa St.,5-11,217.0,4.39,,40.0,126.0,,
2022,,,,,HallJe00,jeremiah-hall-1,Jeremiah Hall,TE,Oklahoma,6-2,239.0,4.96,19.0,29.0,111.0,7.43,4.62
2022,2022.0,Tampa Bay Buccaneers,2.0,33.0,HallLo00,logan-hall-3,Logan Hall,DE,Houston,6-6,283.0,4.88,,30.0,,7.25,4.44
2022,2022.0,Baltimore Ravens,1.0,14.0,HamiKy00,kyle-hamilton-1,Kyle Hamilton,S,Notre Dame,6-4,220.0,4.59,,38.0,131.0,6.9,4.32
2022,,,,,HansJa02,jake-hansen-1,Jake Hansen,LB,Illinois,6-1,238.0,,21.0,,,,
2022,,,,,HansAa00,aaron-hansford-1,Aaron Hansford,LB,Texas A&M,6-2,239.0,,24.0,,,,
2022,2022.0,Houston Texans,3.0,75.0,HarrCh06,christian-harris-3,Christian Harris,LB,Alabama,6-1,226.0,4.44,,34.5,132.0,,
2022,2022.0,New England Patriots,6.0,183.0,HarrKe01,kevin-harris-5,Kevin Harris,RB,South Carolina,5-10,221.0,,21.0,38.5,126.0,,
2022,,,,,HarvKo00,kolby-harvell-peel-1,Kolby Harvell-Peel,S,Oklahoma St.,6-0,213.0,,21.0,,,,
2022,2022.0,Tennessee Titans,4.0,131.0,HaskHa00,hassan-haskins-1,Hassan Haskins,RB,Michigan,6-2,228.0,,27.0,,,,
2022,,,,,HayeBl00,blake-hayes-1,Blake Hayes,P,Illinois,6-4,226.0,,,,,,
2022,2022.0,Arizona Cardinals,7.0,257.0,HayeMa00,marquis-hayes-1,Marquis Hayes,OG,Oklahoma,6-5,318.0,5.3,,23.5,102.0,,
2022,,,,,HendPe01,peyton-hendershot-1,Peyton Hendershot,TE,Indiana,6-4,250.0,4.8,,32.5,117.0,,4.25
2022,2022.0,Pittsburgh Steelers,6.0,208.0,HeywCo00,connor-heyward-1,Connor Heyward,TE,Michigan St.,5-11,233.0,4.72,,32.5,,,
2022,2022.0,Cincinnati Bengals,1.0,31.0,HillDa04,daxton-hill-1,Daxton Hill,S,Michigan,6-0,191.0,4.38,,33.5,121.0,6.57,4.06
2022,2022.0,New England Patriots,6.0,210.0,HineCh00,chasen-hines-1,Chasen Hines,C,LSU,6-3,327.0,5.22,,30.5,108.0,,
2022,,,,,HintCh01,christopher-hinton-1,Christopher Hinton,DT,Michigan,6-4,305.0,5.28,,31.5,106.0,,
2022,,,,,HodgCu00,curtis-hodges-1,Curtis Hodges,TE,Arizona St.,6-8,257.0,4.85,,34.5,117.0,7.14,4.28
2022,2022.0,Washington Commanders,5.0,144.0,HoweSa00,sam-howell-1,Sam Howell,QB,North Carolina,6-1,218.0,,,,,,
2022,2022.0,Detroit Lions,1.0,2.0,HutcAi00,aidan-hutchinson-1,Aidan Hutchinson,DE,Michigan,6-7,260.0,4.74,,36.0,117.0,6.73,4.15
2022,2022.0,New York Jets,1.0,26.0,JohnJe07,jermaine-johnson-3,Jermaine Johnson II,DE,Florida St.,6-5,254.0,4.58,,32.0,125.0,,
2022,,,,,JohnJo12,johnny-johnson-iii-1,Johnny Johnson III,WR,Oregon,6-0,197.0,4.6,,32.0,121.0,7.21,4.54
2022,,,,,McKiVe00,verone-mckinley-iii-1,Verone McKinley III,S,Oregon,5-10,198.0,,16.0,35.0,120.0,,
2022,2022.0,Minnesota Vikings,2.0,59.0,IngrEd00,ed-ingram-1,Ed Ingram,OG,LSU,6-3,307.0,5.02,,20.5,102.0,7.81,4.76
2022,2022.0,Arizona Cardinals,6.0,201.0,IngrKe01,keaontay-ingram-1,Keaontay Ingram,RB,USC,6-0,221.0,4.53,,34.5,122.0,,
2022,2022.0,New Orleans Saints,5.0,161.0,JackDM00,dmarco-jackson-1,D'Marco Jackson,LB,Appalachian St.,6-1,233.0,4.55,,33.0,125.0,,
2022,2022.0,San Francisco 49ers,2.0,61.0,JackDr01,drake-jackson-2,Drake Jackson,EDGE,USC,6-3,254.0,,,36.5,127.0,,
2022,2022.0,New Orleans Saints,6.0,194.0,JackJo06,jordan-jackson-5,Jordan Jackson,DT,Air Force,6-5,294.0,,,,,,
2022,,,,,JobeJo00,josh-jobe-1,Joshua Jobe,CB,Alabama,6-0,182.0,,,,,,
2022,,,,,JohnJo13,josh-johnson-9,Josh Johnson,WR,Tulsa,5-11,183.0,,14.0,,,,
2022,,,,,JohnTy04,tyree-johnson-2,Tyree Johnson,EDGE,Texas A&M,6-3,248.0,,21.0,,,,
2022,2022.0,Los Angeles Chargers,1.0,17.0,JohnZi00,zion-johnson-1,Zion Johnson,OG,Boston Col.,6-3,312.0,5.18,32.0,32.0,112.0,7.38,4.46
2022,2022.0,Chicago Bears,5.0,168.0,JoneBr08,,Braxton Jones,OT,Southern Utah St.,6-5,310.0,4.97,,25.5,108.0,,4.84
2022,2022.0,New England Patriots,4.0,121.0,JoneJa10,jack-jones-5,Jack Jones,CB,Arizona St.,5-11,171.0,4.51,,,,,
2022,2022.0,New England Patriots,3.0,85.0,JoneMa06,marcus-jones-11,Marcus Jones,CB,Houston,5-8,174.0,,,,,,
2022,2022.0,Baltimore Ravens,3.0,76.0,JoneTr00,travis-jones-5,Travis Jones,DT,Connecticut,6-4,325.0,4.92,,28.5,110.0,7.33,4.58
2022,2022.0,Chicago Bears,3.0,71.0,JoneVe00,velus-jones-jr-1,Velus Jones,WR,Tennessee,6-0,204.0,4.31,,33.0,121.0,,
2022,2022.0,Detroit Lions,3.0,97.0,JoseKe03,kerby-joseph-1,Kerby Joseph,S,Illinois,6-1,203.0,,18.0,38.5,123.0,,
2022,,,,,AustKe00,kevin-austin-2,Kevin Austin Jr.,WR,Notre Dame,6-2,200.0,4.43,,39.0,132.0,6.71,4.15
2022,,,,,RobeRe00,reggie-roberson-jr-1,Reggie Roberson Jr.,WR,SMU,5-11,192.0,,,29.0,114.0,,
2022,2022.0,Philadelphia Eagles,2.0,51.0,JurgCa01,cameron-jurgens-1,Cameron Jurgens,C,Nebraska,6-3,303.0,4.92,25.0,,,,
2022,2022.0,Kansas City Chiefs,1.0,30.0,KarlGe00,george-karlaftis-1,George Karlaftis,EDGE,Purdue,6-4,266.0,,21.0,38.0,121.0,,4.36
2022,,,,,,,Cole Kelley,QB,Southeastern Louisiana,6-7,249.0,,,,,,
2022,2022.0,Los Angeles Rams,6.0,212.0,KendDe00,derion-kendrick-1,Derion Kendrick,CB,Georgia,6-0,194.0,,,,,,
2022,,,,,KingDE02,deriq-king-1,D'Eriq King,QB,Miami,5-9,196.0,,,,,,
2022,2022.0,Kansas City Chiefs,5.0,145.0,KinnDa00,darian-kinnard-1,Darian Kinnard,OG,Kentucky,6-5,322.0,5.31,,25.0,99.0,8.11,4.96
2022,,,,,KnigZo00,zonovan-knight-1,Zonovan Knight,RB,North Carolina St.,5-11,209.0,4.58,,31.0,114.0,,
2022,2022.0,Baltimore Ravens,4.0,128.0,KolaCh00,charlie-kolar-1,Charlie Kolar,TE,Iowa St.,6-7,252.0,,,,,,
2022,2022.0,Los Angeles Rams,6.0,211.0,LakeQu00,quentin-lake-1,Quentin Lake,S,UCLA,6-1,201.0,4.59,,,,,
2022,,,,,LandNa01,nate-landman-1,Nate Landman,LB,Colorado,6-3,238.0,4.86,,36.5,119.0,,
2022,2022.0,Pittsburgh Steelers,3.0,84.0,LealDe00,demarvin-leal-1,DeMarvin Leal,DT,Texas A&M,6-4,283.0,5.0,,27.5,106.0,,4.49
2022,2022.0,Baltimore Ravens,4.0,139.0,LikeIs00,isaiah-likely-1,Isaiah Likely,TE,Coastal Carolina,6-5,245.0,,,36.0,,,4.57
2022,2022.0,Baltimore Ravens,1.0,25.0,LindTy00,tyler-linderbaum-1,Tyler Linderbaum,C,Iowa,6-2,296.0,,,,,,
2022,,,,,LindAl00,alec-lindstrom-1,Alec Lindstrom,C,Boston Col.,6-3,296.0,5.18,25.0,29.0,111.0,7.5,4.66
2022,2022.0,Jacksonville Jaguars,1.0,27.0,LloyDe00,devin-lloyd-1,Devin Lloyd,LB,Utah,6-3,237.0,4.66,25.0,35.0,126.0,,
2022,2022.0,Atlanta Falcons,1.0,8.0,LondDr00,drake-london-1,Drake London,WR,USC,6-4,219.0,,,,,,
2022,2022.0,Minnesota Vikings,6.0,184.0,LoweVe00,vederian-lowe-1,Vederian Lowe,OT,Illinois,6-5,314.0,5.22,,25.5,99.0,7.83,4.71
2022,2022.0,Seattle Seahawks,3.0,72.0,LucaAb00,abraham-lucas-1,Abraham Lucas,OT,Washington St.,6-6,315.0,4.92,24.0,27.0,107.0,7.25,4.4
2022,2022.0,Detroit Lions,7.0,237.0,LucaCh01,chase-lucas-1,Chase Lucas,CB,Arizona St.,5-11,180.0,4.48,,39.0,128.0,,
2022,2022.0,Arizona Cardinals,7.0,256.0,LukeJe00,jesse-luketa-1,Jesse Luketa,LB,Penn St.,6-3,253.0,4.89,,37.5,114.0,,
2022,2022.0,Seattle Seahawks,2.0,40.0,MafeBo00,boye-mafe-1,Boye Mafe,EDGE,Minnesota,6-4,261.0,4.53,,38.0,125.0,,
2022,2022.0,Atlanta Falcons,3.0,82.0,MaloDe00,deangelo-malone-1,DeAngelo Malone,EDGE,Western Kentucky,6-3,243.0,,23.0,,,,
2022,2022.0,Denver Broncos,4.0,115.0,MathDa00,damarri-mathis-1,Damarri Mathis,CB,Pittsburgh,5-11,196.0,4.39,,,,,
2022,2022.0,Washington Commanders,2.0,47.0,MathPh00,phidarian-mathis-1,Phidarian Mathis,DT,Alabama,6-4,310.0,,,23.5,109.0,,4.91
2022,2022.0,Carolina Panthers,6.0,199.0,MaysCa00,cade-mays-1,Cade Mays,OG,Tennessee,6-5,311.0,5.24,,26.0,102.0,7.57,4.71
2022,2022.0,Arizona Cardinals,2.0,55.0,McBrTr01,trey-mcbride-1,Trey McBride,TE,Colorado St.,6-4,246.0,,18.0,33.0,117.0,,
2022,,,,,McCaMa03,marquan-mccall-1,Marquan McCall,DT,Kentucky,6-3,342.0,,,,,,
2022,,,,,McClZa00,zakoby-mcclain-1,Zakoby McClain,LB,Auburn,5-11,228.0,4.69,,33.0,117.0,,
2022,2022.0,Tampa Bay Buccaneers,5.0,157.0,McCoZy02,,Zyon McCollum,CB,Sam Houston St.,6-2,199.0,4.33,,39.5,132.0,6.48,3.94
2022,,,,,McCoSi00,sincere-mccormick-1,Sincere McCormick,RB,Texas-San Antonio,5-9,205.0,4.6,,33.5,116.0,,
2022,2022.0,Tennessee Titans,2.0,35.0,McCrRo01,roger-mccreary-1,Roger McCreary,CB,Auburn,5-11,190.0,4.5,,,,,
2022,2022.0,Kansas City Chiefs,1.0,21.0,McDuTr00,trent-mcduffie-1,Trent McDuffie,CB,Washington,5-11,193.0,4.44,,,,,
2022,2022.0,New York Giants,5.0,146.0,McFaMi01,micah-mcfadden-1,Micah McFadden,LB,Indiana,6-1,240.0,,21.0,,,,
2022,2022.0,New York Giants,5.0,173.0,McKeMa01,marcus-mckethan-1,Marcus McKethan,OG,North Carolina,6-7,340.0,5.31,27.0,27.5,110.0,7.81,4.99
2022,2022.0,Seattle Seahawks,7.0,229.0,MeltBo00,bo-melton-1,Bo Melton,WR,Rutgers,5-11,189.0,4.34,,38.0,121.0,6.98,
2022,2022.0,Houston Texans,2.0,44.0,MetcJo00,john-metchie-1,John Metchie,WR,Alabama,5-11,187.0,,,,,,
2022,2022.0,Detroit Lions,5.0,177.0,MitcJa00,james-mitchell-2,James Mitchell,TE,Virginia Tech,6-4,249.0,,,,,,
2022,2022.0,New York Jets,4.0,111.0,MitcMa02,,Max Mitchell,OT,Louisiana,6-6,307.0,5.32,,25.0,106.0,8.09,4.65
2022,,,,,MondSm00,smoke-monday-1,Smoke Monday,S,Auburn,6-2,207.0,4.52,,,124.0,7.0,
2022,,,,,MoonJe00,jeremiah-moon-1,Jeremiah Moon,LB,Florida,6-5,249.0,4.76,,40.5,133.0,7.09,4.55
2022,2022.0,Kansas City Chiefs,2.0,54.0,MoorSk01,skyy-moore-1,Skyy Moore,WR,Western Michigan,5-10,195.0,4.41,,34.5,125.0,7.13,4.32
2022,2022.0,Jacksonville Jaguars,3.0,70.0,MumaCh00,chad-muma-1,Chad Muma,LB,Wyoming,6-3,239.0,4.63,27.0,40.0,129.0,7.06,4.28
2022,2022.0,Las Vegas Raiders,7.0,238.0,MunfTh00,thayer-munford-1,Thayer Munford,OT,Ohio St.,6-6,328.0,5.39,,22.0,104.0,,
2022,2022.0,Minnesota Vikings,6.0,191.0,NailJa00,jalen-nailor-1,Jalen Nailor,WR,Michigan St.,5-11,186.0,4.5,,38.0,128.0,7.03,4.28
2022,2022.0,New York Giants,1.0,7.0,NealEv00,evan-neal-1,Evan Neal,OT,Alabama,6-8,337.0,,,,,,
2022,,,,,ONeaLe01,leon-oneal-jr-1,Leon O'Neal,S,Texas A&M,6-1,204.0,,15.0,35.0,125.0,6.89,
2022,2022.0,Los Angeles Chargers,5.0,160.0,OgboOt00,otito-ogbonnia-1,Otito Ogbonnia,DT,UCLA,6-4,324.0,,29.0,,,,
2022,2022.0,Baltimore Ravens,2.0,45.0,OjabDa00,david-ojabo-1,David Ojabo,EDGE,Michigan,6-4,250.0,4.55,,35.0,122.0,,4.45
2022,2022.0,Tennessee Titans,4.0,143.0,OkonCh00,chigoziem-okonkwo-1,Chigoziem Okonkwo,TE,Maryland,6-3,238.0,4.52,,35.5,,,
2022,2022.0,New Orleans Saints,1.0,11.0,OlavCh00,chris-olave-1,Chris Olave,WR,Ohio St.,6-0,187.0,4.39,,32.0,124.0,,
2022,2022.0,Minnesota Vikings,5.0,165.0,OtomEs00,esezi-otomewo-1,Esezi Otomewo,DE,Minnesota,6-5,282.0,,,,,,
2022,2022.0,Tampa Bay Buccaneers,4.0,106.0,OttoCa00,cade-otton-1,Cade Otton,TE,Washington,6-5,247.0,,,,,,
2022,2022.0,Kansas City Chiefs,7.0,251.0,PachIs00,isaih-pacheco-1,Isiah Pacheco,RB,Rutgers,5-10,216.0,4.37,,33.0,118.0,,
2022,2022.0,Las Vegas Raiders,3.0,90.0,ParhDy00,dylan-parham-2,Dylan Parham,OG,Memphis,6-3,311.0,4.93,,26.5,108.0,7.78,4.7
2022,2022.0,Detroit Lions,2.0,46.0,PascJo00,joshua-paschal-1,Joshua Paschal,DE,Kentucky,6-3,268.0,4.77,,37.5,123.0,,
2022,2022.0,Washington Commanders,7.0,230.0,PaulCh00,chris-paul-3,Chris Paul,OG,Tulsa,6-4,323.0,4.89,,27.0,109.0,7.74,4.83
2022,,,,,PeevJa00,jayden-peevy-1,Jayden Peevy,DT,Texas A&M,6-5,308.0,5.3,,27.0,100.0,,
2022,2022.0,New Orleans Saints,1.0,19.0,PennTr00,,Trevor Penning,OT,Northern Iowa,6-7,325.0,4.89,,28.0,111.0,7.25,4.62
2022,,,,,,,EJ Perry,QB,Brown,6-2,211.0,4.65,,34.5,123.0,6.85,4.18
2022,2022.0,Tennessee Titans,3.0,69.0,PetiNi00,nicholas-petit-frere-1,Nicholas Petit-Frere,OT,Ohio St.,6-5,316.0,5.14,,24.5,103.0,,
2022,2022.0,Tennessee Titans,5.0,163.0,PhilKy01,kyle-philips-4,Kyle Philips,WR,UCLA,5-11,189.0,4.58,,33.5,124.0,,
2022,2022.0,Pittsburgh Steelers,2.0,52.0,PickGe00,george-pickens-1,George Pickens,WR,Georgia,6-3,195.0,4.47,,33.0,125.0,,
2022,2022.0,Pittsburgh Steelers,1.0,20.0,PickKe00,kenny-pickett-1,Kenny Pickett,QB,Pittsburgh,6-3,217.0,4.73,,33.5,121.0,,4.29
2022,2022.0,Indianapolis Colts,2.0,53.0,PierAl00,alec-pierce-2,Alec Pierce,WR,Cincinnati,6-3,211.0,4.41,,40.5,129.0,7.13,4.28
2022,2022.0,Houston Texans,4.0,107.0,PierDa01,dameon-pierce-1,Dameon Pierce,RB,Florida,5-10,218.0,4.59,21.0,34.5,119.0,,
2022,2022.0,Houston Texans,2.0,37.0,PitrJa00,jalen-pitre-1,Jalen Pitre,S,Baylor,5-11,198.0,,16.0,35.0,,6.74,4.18
2022,,,,,PolkMa00,makai-polk-1,Makai Polk,WR,Mississippi St.,6-3,195.0,4.59,,31.0,119.0,,4.36
2022,,,,,PricDV00,dvonte-price-1,D'vonte Price,RB,Florida International,6-1,210.0,4.38,,34.0,119.0,,
2022,2022.0,San Francisco 49ers,7.0,262.0,PurdBr00,brock-purdy-1,Brock Purdy,QB,Iowa St.,6-1,212.0,4.84,,27.0,,7.21,4.45
2022,2022.0,Houston Texans,5.0,170.0,QuitTe00,teagan-quitoriano-1,Teagan Quitoriano,TE,Oregon St.,6-6,258.0,,22.0,,,,
2022,2022.0,Indianapolis Colts,3.0,77.0,RaimBe00,bernhard-raimann-1,Bernhard Raimann,OT,Central Michigan,6-6,303.0,5.05,30.0,30.5,117.0,7.46,4.49
2022,,,,,RambCh00,charleston-rambo-1,Charleston Rambo,WR,Miami,6-1,177.0,4.57,,33.5,118.0,,
2022,,,,,RayxLa02,labryan-ray-1,LaBryan Ray,DT,Alabama,6-4,283.0,,,,,,
2022,2022.0,Green Bay Packers,3.0,92.0,RhyaSe00,sean-rhyan-1,Sean Rhyan,OG,UCLA,6-5,321.0,5.25,,33.5,110.0,7.55,4.81
2022,2022.0,Atlanta Falcons,3.0,74.0,RiddDe00,desmond-ridder-1,Desmond Ridder,QB,Cincinnati,6-3,211.0,4.52,,36.0,127.0,7.15,4.29
2022,2022.0,Dallas Cowboys,5.0,178.0,RidgJo00,john-ridgeway-1,John Ridgeway,DT,Arkansas,6-5,321.0,5.3,,,101.0,,4.73
2022,,,,,RiveRo01,ronnie-rivers-1,Ronnie Rivers,RB,Fresno St.,5-8,195.0,4.6,,36.5,119.0,,
2022,2022.0,Washington Commanders,3.0,98.0,RobiBr01,brian-robinson-jr-1,Brian Robinson,RB,Alabama,6-2,225.0,4.53,,30.0,119.0,,
2022,2022.0,Chicago Bears,5.0,174.0,RobiDo00,dominique-robinson-1,Dominique Robinson,EDGE,Miami (Ohio),6-5,253.0,4.72,25.0,41.0,121.0,,
2022,,,,,RobiTy01,tyrese-robinson-1,Tyrese Robinson,OG,Oklahoma,6-3,317.0,5.25,,22.5,100.0,8.35,4.94
2022,2022.0,New York Giants,2.0,43.0,RobiWa01,wandale-robinson-1,Wan'Dale Robinson,WR,Kentucky,5-8,178.0,4.44,,34.5,118.0,,
2022,2022.0,Detroit Lions,6.0,188.0,RodrMa00,malcolm-rodriguez-1,Malcolm Rodriguez,LB,Oklahoma St.,5-11,232.0,4.52,,39.5,120.0,,
2022,,,,,RoseMi00,mike-rose-5,Mike Rose,LB,Iowa St.,6-4,245.0,,,34.0,121.0,,
2022,,,,,RoseDa00,dare-rosenthal-1,Dare Rosenthal,OT,Kentucky,6-7,290.0,4.88,,,,,
2022,,,,,RossJo02,josh-ross-2,Josh Ross,LB,Michigan,6-0,227.0,4.79,,31.0,109.0,,
2022,,,,,RossJu00,justyn-ross-1,Justyn Ross,WR,Clemson,6-4,205.0,,11.0,,,,
2022,2022.0,New York Jets,3.0,101.0,RuckJe00,jeremy-ruckert-1,Jeremy Ruckert,TE,Ohio St.,6-5,250.0,,19.0,,,,
2022,,,,,,,Andrew Rupcich,OT,Culver-Stockton College,6-6,318.0,5.31,,27.5,108.0,,
2022,2022.0,Los Angeles Chargers,6.0,195.0,SalyJa00,jamaree-salyer-1,Jamaree Salyer,OG,Georgia,6-3,321.0,,31.0,,,,
2022,,,,,SanbJa00,jack-sanborn-1,Jack Sanborn,LB,Wisconsin,6-2,234.0,4.73,20.0,34.5,114.0,,
2022,,,,,SandBr00,braylon-sanders-1,Braylon Sanders,WR,Mississippi,6-0,194.0,4.48,,34.5,121.0,,
2022,2022.0,Arizona Cardinals,3.0,100.0,SandMy00,myjai-sanders-1,Myjai Sanders,EDGE,Cincinnati,6-5,228.0,4.67,,33.0,120.0,,4.37
2022,,,,,SeweNe00,nephi-sewell-1,Nephi Sewell,LB,Utah,6-0,226.0,4.67,,32.0,120.0,7.01,4.33
2022,2022.0,Atlanta Falcons,6.0,190.0,ShafJu00,justin-shaffer-1,Justin Shaffer,OG,Georgia,6-4,314.0,5.14,,25.5,107.0,,
2022,2022.0,Buffalo Bills,5.0,148.0,ShakKh00,khalil-shakir-1,Khalil Shakir,WR,Boise St.,6-0,196.0,4.43,,34.5,124.0,7.28,4.21
2022,,,,,SmitAb00,abram-smith-1,Abram Smith,RB,Baylor,6-0,213.0,,,,,,
2022,2022.0,Carolina Panthers,4.0,120.0,SmitBr08,brandon-smith-12,Brandon Smith,LB,Penn St.,6-4,250.0,4.52,,37.5,128.0,,
2022,2022.0,Arizona Cardinals,6.0,215.0,SmitLe01,lecitus-smith-1,Lecitus Smith,OG,Virginia Tech,6-3,314.0,5.18,23.0,,99.0,7.88,4.78
2022,2022.0,Dallas Cowboys,1.0,24.0,SmitTy02,tyler-smith-6,Tyler Smith,OT,Tulsa,6-5,324.0,5.02,,27.5,105.0,7.78,4.65
2022,2022.0,Seattle Seahawks,5.0,158.0,SmitTy03,tyreke-smith-1,Tyreke Smith,EDGE,Ohio St.,6-3,254.0,4.86,,34.0,117.0,,
2022,2022.0,Buffalo Bills,7.0,231.0,SpecBa00,baylon-spector-1,Baylon Spector,LB,Clemson,6-0,233.0,4.6,,36.0,122.0,,
2022,2022.0,Los Angeles Chargers,4.0,123.0,SpilIs00,isaiah-spiller-1,Isaiah Spiller,RB,Texas A&M,6-0,217.0,,,30.0,114.0,,
2022,,,,,SteeCh00,chris-steele-1,Chris Steele,CB,USC,6-0,187.0,4.48,,37.5,126.0,,
2022,2022.0,Houston Texans,1.0,3.0,StinDe00,derek-stingley-jr-1,Derek Stingley,CB,LSU,6-0,190.0,,,,,,
2022,2022.0,Baltimore Ravens,4.0,130.0,StouJo00,jordan-stout-2,Jordan Stout,P,Penn St.,6-3,209.0,4.65,,,,,
2022,2022.0,New England Patriots,1.0,29.0,StraCo01,,Cole Strange,OG,Tennessee-Chattanooga,6-5,307.0,5.03,31.0,28.0,120.0,7.44,4.5
2022,,,,,StroCa00,carson-strong-1,Carson Strong,QB,Nevada,6-3,226.0,,,,,,
2022,2022.0,New England Patriots,4.0,127.0,StroPi00,,Pierre Strong,RB,South Dakota St.,5-11,207.0,4.37,,36.0,124.0,,
2022,2022.0,New England Patriots,7.0,245.0,StueAn00,andrew-stueber-1,Andrew Stueber,OT,Michigan,6-7,325.0,,,24.5,101.0,7.94,4.9
2022,,,,,TagoMy02,myron-tagovailoa-amosa-1,Myron Tagovailoa-Amosa,DE,Notre Dame,6-2,270.0,4.81,,29.0,115.0,,
2022,2022.0,New Orleans Saints,2.0,49.0,TaylAl01,alontae-taylor-1,Alontae Taylor,CB,Tennessee,6-0,199.0,4.36,,34.5,128.0,,
2022,2022.0,Cincinnati Bengals,2.0,60.0,TaylCa01,cam-taylor-1,Cam Taylor-Britt,CB,Nebraska,5-11,196.0,4.38,,,,,
2022,,,,,TaylIs00,isaac-taylor-stuart-1,Isaac Taylor-Stuart,CB,USC,6-2,201.0,4.42,,,123.0,,
2022,2022.0,Buffalo Bills,6.0,209.0,TenuLu00,luke-tenuta-1,Luke Tenuta,OT,Virginia Tech,6-8,319.0,5.41,,26.0,104.0,,4.77
2022,2022.0,New York Giants,1.0,5.0,ThibKa00,kayvon-thibodeaux-1,Kayvon Thibodeaux,EDGE,Oregon,6-4,254.0,4.58,27.0,,,,
2022,,,,,,,Zach Thomas,OG,San Diego St.,6-5,308.0,4.96,21.0,22.5,107.0,7.4,4.65
2022,2022.0,Arizona Cardinals,3.0,87.0,ThomCa03,cameron-thomas-2,Cameron Thomas,DE,San Diego St.,6-4,267.0,,24.0,,,,
2022,2022.0,Cleveland Browns,7.0,223.0,ThomIs01,isaiah-thomas-1,Isaiah Thomas,EDGE,Oklahoma,6-5,266.0,4.7,,31.5,117.0,,
2022,,,,,ThomJu03,juanyeh-thomas-1,Juanyeh Thomas,S,Georgia Tech,6-1,212.0,4.55,17.0,34.0,122.0,,
2022,,,,,ThomJo07,josh-thompson-4,Josh Thompson,CB,Texas,6-0,194.0,4.4,,,,,
2022,2022.0,Miami Dolphins,7.0,247.0,ThomSk00,skylar-thompson-1,Skylar Thompson,QB,Kansas St.,6-2,217.0,4.91,,31.0,112.0,7.0,4.28
2022,2022.0,New England Patriots,2.0,50.0,ThorTy00,tyquan-thornton-1,Tyquan Thornton,WR,Baylor,6-2,181.0,4.28,,36.5,130.0,,
2022,2022.0,Miami Dolphins,3.0,102.0,TindCh00,channing-tindall-1,Channing Tindall,LB,Georgia,6-2,230.0,4.47,,42.0,129.0,,
2022,2022.0,Dallas Cowboys,3.0,88.0,TolbJa00,jalen-tolbert-1,Jalen Tolbert,WR,South Alabama,6-1,194.0,4.49,,36.0,123.0,7.08,
2022,2022.0,Green Bay Packers,4.0,140.0,TomxZa00,zach-tom-1,Zach Tom,C,Wake Forest,6-4,304.0,4.94,,33.0,118.0,7.32,4.47
2022,2022.0,Washington Commanders,5.0,149.0,TurnCo00,cole-turner-2,Cole Turner,TE,Nevada,6-6,246.0,4.76,17.0,27.0,120.0,7.06,4.41
2022,,,,,TurnTr02,tre-turner-2,Tré Turner,WR,Virginia Tech,6-1,184.0,4.51,,27.0,113.0,7.45,4.53
2022,2022.0,Denver Broncos,5.0,152.0,TurnDe02,delarrin-turner-yell-1,Delarrin Turner-Yell,S,Oklahoma,5-10,197.0,4.47,,,122.0,,
2022,2022.0,Denver Broncos,4.0,116.0,UwazEy00,eyioma-uwzurike-1,Eyioma Uwazurike,DT,Iowa St.,6-6,316.0,,,33.0,107.0,,
2022,,,,,VerdCJ00,cj-verdell-1,CJ Verdell,RB,Oregon,5-8,194.0,,,29.5,118.0,,
2022,2022.0,Cincinnati Bengals,4.0,136.0,VolsCo02,,Cordell Volson,OG,North Dakota St.,6-6,315.0,5.27,25.0,25.0,104.0,8.31,4.93
2022,2022.0,Dallas Cowboys,5.0,155.0,WaleMa00,,Matt Waletzko,OT,North Dakota,6-8,312.0,5.03,,30.0,113.0,,
2022,2022.0,Seattle Seahawks,2.0,41.0,WalkKe00,kenneth-walker-iii-1,Kenneth Walker,RB,Michigan St.,5-9,211.0,4.38,,34.0,122.0,,
2022,2022.0,Green Bay Packers,1.0,22.0,WalkQu00,quay-walker-1,Quay Walker,LB,Georgia,6-4,241.0,4.52,,32.0,122.0,,
2022,2022.0,Green Bay Packers,7.0,249.0,WalkRa00,rasheed-walker-1,Rasheed Walker,OT,Penn St.,6-6,313.0,,,,,,
2022,2022.0,Jacksonville Jaguars,1.0,1.0,WalkTr03,travon-walker-1,Travon Walker,DE,Georgia,6-5,272.0,4.51,,35.5,123.0,6.89,4.32
2022,,,,,WallJe00,jermaine-waller-1,Jermaine Waller,CB,Virginia Tech,6-0,180.0,4.68,,,,,
2022,,,,,WarrJa01,jaylen-warren-1,Jaylen Warren,RB,Oklahoma St.,5-8,204.0,4.55,,31.5,119.0,,
2022,2022.0,Green Bay Packers,2.0,34.0,WatsCh00,,Christian Watson,WR,North Dakota St.,6-4,208.0,4.36,,38.5,136.0,,
2022,2022.0,Kansas City Chiefs,7.0,243.0,WatsJa02,jaylen-watson-2,Jaylen Watson,CB,Washington St.,6-2,197.0,4.51,18.0,,,,
2022,2022.0,Denver Broncos,5.0,171.0,WattLu00,luke-wattenberg-1,Luke Wattenberg,C,Washington,6-4,299.0,5.2,,29.5,113.0,7.45,4.57
2022,,,,,,,Sam Webb,CB,Missouri Western,6-1,202.0,4.48,14.0,,,,
2022,,,,,WestDo01,dohnovan-west-1,Dohnovan West,C,Arizona St.,6-3,296.0,5.27,,28.0,112.0,,
2022,,,,,,,Isaiah Weston,WR,Northern Iowa,6-4,214.0,4.42,20.0,40.0,135.0,,
2022,2022.0,Tampa Bay Buccaneers,3.0,91.0,WhitRa01,rachaad-white-1,Rachaad White,RB,Arizona St.,6-0,214.0,4.48,,38.0,125.0,,
2022,,,,,WhitZa00,zaquandre-white-1,ZaQuandre White,RB,South Carolina,6-0,206.0,,,,,,
2022,2022.0,Las Vegas Raiders,4.0,122.0,WhitZa01,zamir-white-1,Zamir White,RB,Georgia,6-0,214.0,4.4,,33.5,128.0,,
2022,,,,,,,Tre Williams,EDGE,Arkansas,6-4,253.0,5.08,,26.5,104.0,7.2,4.24
2022,2022.0,Baltimore Ravens,4.0,141.0,WillDa15,damarion-williams-1,Damarion Williams,CB,Houston,5-10,182.0,,17.0,34.5,118.0,,
2022,,,,,WillDe09,devon-williams-2,Devon Williams,WR,Oregon,6-5,210.0,4.65,,33.0,133.0,,
2022,2022.0,Detroit Lions,1.0,12.0,WillJa11,jameson-williams-1,Jameson Williams,WR,Alabama,6-2,179.0,,,,,,
2022,2022.0,Kansas City Chiefs,4.0,135.0,WillJo03,,Joshua Williams,CB,Fayetteville St. University,6-3,195.0,4.53,,36.0,124.0,,
2022,2022.0,Los Angeles Rams,5.0,164.0,WillKy02,kyren-williams-1,Kyren Williams,RB,Notre Dame,5-9,194.0,4.65,,32.0,116.0,,
2022,2022.0,Dallas Cowboys,2.0,56.0,WillSa00,sam-williams-8,Sam Williams,EDGE,Mississippi,6-4,261.0,4.46,,32.5,123.0,,
2022,2022.0,Tennessee Titans,3.0,86.0,WillMa12,malik-willis-1,Malik Willis,QB,Liberty,6-1,219.0,,,,,,
2022,2022.0,New York Jets,1.0,10.0,WilsGa00,garrett-wilson-2,Garrett Wilson,WR,Ohio St.,6-0,183.0,4.38,,36.0,123.0,,4.36
2022,2022.0,Cleveland Browns,4.0,108.0,WinfPe00,perrion-winfrey-1,Perrion Winfrey,DT,Oklahoma,6-4,290.0,4.89,,,,,
2022,2022.0,Indianapolis Colts,3.0,73.0,WoodJe01,jelani-woods-1,Jelani Woods,TE,Virginia,6-7,259.0,4.61,24.0,,,,
2022,2022.0,Los Angeles Chargers,3.0,79.0,WoodJT00,jt-woods-1,JT Woods,S,Baylor,6-2,195.0,4.36,,39.5,128.0,,
2022,2022.0,Cleveland Browns,6.0,202.0,WoodMi00,mike-woods-3,Mike Woods,WR,Oklahoma,6-1,204.0,4.55,,34.5,125.0,,
2022,2022.0,Seattle Seahawks,5.0,153.0,WoolTa00,tariq-woolen-1,Tariq Woolen,CB,Texas-San Antonio,6-4,205.0,4.26,,42.0,,,
2022,2022.0,Cleveland Browns,3.0,78.0,WrigAl01,alex-wright-2,Alex Wright,DE,Alabama-Birmingham,6-5,271.0,,15.0,,,,
2022,,,,,WrigMy00,mykael-wright-1,Mykael Wright,CB,Oregon,5-11,173.0,4.57,,,,,
2022,2022.0,Green Bay Packers,1.0,28.0,WyatDe00,devonte-wyatt-1,Devonte Wyatt,DT,Georgia,6-3,304.0,4.77,,29.0,111.0,,
2022,,,,,WydeJa00,jalen-wydermyer-1,Jalen Wydermyer,TE,Texas A&M,6-4,255.0,,,,,,
2022,2022.0,Cleveland Browns,4.0,124.0,YorkCa00,cade-york-1,Cade York,K,LSU,6-1,206.0,,12.0,,,,
2022,2022.0,San Francisco 49ers,6.0,187.0,ZakeNi00,,Nick Zakelj,OT,Fordham,6-6,316.0,5.13,27.0,28.5,110.0,7.75,4.71
2022,2022.0,New England Patriots,4.0,137.0,ZappBa00,bailey-zappe-1,Bailey Zappe,QB,Western Kentucky,6-1,215.0,4.88,,30.0,109.0,7.19,4.4
2023,2023.0,New York Jets,5.0,143.0,AbanIs00,israel-abanikanda-1,Israel Abanikanda,RB,Pittsburgh,5-10,216.0,,,,,,
2023,2023.0,Jacksonville Jaguars,5.0,136.0,AbduYa00,yasir-abdullah-1,Yasir Abdullah,LB,Louisville,6-1,237.0,4.47,,36.5,129.0,,
2023,2023.0,Miami Dolphins,3.0,84.0,AchaDe00,devon-achane-1,Devon Achane,RB,Texas A&M,5-9,188.0,4.32,,33.0,,,
2023,2023.0,Minnesota Vikings,1.0,23.0,AddiJo00,jordan-addison-1,Jordan Addison,WR,USC,5-11,173.0,4.49,,34.0,122.0,,
2023,2023.0,Indianapolis Colts,4.0,110.0,AdebAd00,adetomiwa-adebawore-1,Adetomiwa Adebawore,DE,Northwestern,6-2,282.0,4.49,27.0,37.5,125.0,,
2023,,,,,,alan-ali-1,Alan Ali,C,TCU,6-4,301.0,,,26.5,,,
2023,2023.0,Los Angeles Rams,5.0,175.0,AlleDa02,davis-allen-1,Davis Allen,TE,Clemson,6-6,245.0,4.84,,38.5,125.0,,
2023,,,,,AndeMJ00,mj-anderson-1,MJ Anderson,DE,Iowa St.,6-3,269.0,,,33.0,,,
2023,2023.0,New England Patriots,4.0,107.0,AndrJa00,jake-andrews-1,Jake Andrews,C,Troy,6-3,305.0,5.15,,26.0,102.0,,4.73
2023,2023.0,Kansas City Chiefs,1.0,31.0,AnudFe00,felix-anudike-uzomah-1,Felix Anudike-Uzomah,EDGE,Kansas St.,6-3,255.0,,,,,,
2023,2023.0,Baltimore Ravens,6.0,199.0,AumaMa00,malaesala-aumavae-laulu-1,Malaesala Aumavae-Laulu,OT,Oregon,6-6,317.0,5.23,,28.5,106.0,7.65,4.75
2023,2023.0,Buffalo Bills,7.0,252.0,AustAl00,alex-austin-1,Alex Austin,CB,Oregon St.,6-1,195.0,4.55,,33.0,122.0,,4.33
2023,,,,,,,Steve Avila,OG,TCU,6-4,332.0,5.21,,29.5,98.0,7.85,4.74
2023,,,,,,,Tyson Bagent,QB,Shepherd,6-3,213.0,4.79,,36.0,120.0,6.95,4.36
2023,,,,,BainHe00,henry-bainivalu-1,Henry Bainivalu,OG,Washington,6-6,306.0,5.5,,28.0,101.0,8.34,4.97
2023,,,,,BaldHa00,habakkuk-baldonado-1,Habakkuk Baldonado,EDGE,Pittsburgh,6-4,251.0,4.78,21.0,35.0,120.0,7.11,4.44
2023,2023.0,New York Giants,1.0,24.0,BankDe00,deonte-banks-1,Deonte Banks,CB,Maryland,6-0,197.0,4.35,,42.0,136.0,,
2023,,,,,BankJe00,jeremy-banks-2,Jeremy Banks,LB,Tennessee,6-1,232.0,4.53,25.0,37.5,127.0,7.27,4.38
2023,2023.0,New England Patriots,6.0,192.0,BariBr00,bryce-baringer-1,Bryce Baringer,P,Michigan St.,6-2,216.0,,,,,,
2023,,,,,BaskMi00,micah-baskerville-1,Micah Baskerville,LB,LSU,6-1,221.0,,,31.0,115.0,,
2023,,,,,,,TJ Bass,OG,Oregon,6-4,317.0,5.48,,28.5,109.0,,
2023,2023.0,Cincinnati Bengals,3.0,95.0,BattJo00,jordan-battle-1,Jordan Battle,DB,Alabama,6-1,209.0,4.55,17.0,,,,
2023,2023.0,San Francisco 49ers,5.0,173.0,BealRo00,robert-beal-1,Robert Beal,EDGE,Georgia,6-4,247.0,4.48,,30.0,123.0,,
2023,2023.0,San Francisco 49ers,7.0,253.0,BellRo01,ronnie-bell-3,Ronnie Bell,WR,Michigan,6-0,191.0,4.54,14.0,38.5,120.0,6.98,4.15
2023,2023.0,Las Vegas Raiders,4.0,104.0,BennJa00,jakorian-bennett-1,Jakorian Bennett,CB,Maryland,5-11,188.0,4.3,13.0,40.5,133.0,,
2023,2023.0,Los Angeles Rams,4.0,128.0,BennSt00,stetson-bennett-1,Stetson Bennett,QB,Georgia,5-11,192.0,4.67,,33.5,118.0,,4.2
2023,2023.0,Pittsburgh Steelers,2.0,49.0,BentKe00,keeanu-benton-1,Keeanu Benton,DT,Wisconsin,6-4,309.0,5.08,25.0,29.5,111.0,7.34,4.65
2023,2023.0,Atlanta Falcons,2.0,38.0,BergMa00,matthew-bergeron-2,Matthew Bergeron,OT,Syracuse,6-5,318.0,,,30.5,103.0,,
2023,2023.0,Jacksonville Jaguars,3.0,88.0,BigsTa00,tank-bigsby-1,Tank Bigsby,RB,Auburn,6-0,210.0,4.56,,32.5,119.0,,
2023,2023.0,Minnesota Vikings,3.0,102.0,BlacMe00,mekhi-blackmon-1,Mekhi Blackmon,CB,USC,5-11,178.0,4.47,11.0,36.0,125.0,,
2023,,,,,BoboJa00,jake-bobo-1,Jake Bobo,WR,UCLA,6-4,206.0,,,,,,
2023,2023.0,New England Patriots,6.0,187.0,BoutKa00,kayshon-boutte-1,Kayshon Boutte,WR,LSU,5-11,195.0,4.5,,29.0,118.0,,4.25
2023,,,,,BoykLa00,lance-boykin-1,Lance Boykin,CB,Coastal Carolina,6-2,200.0,,13.0,,124.0,,
2023,2023.0,Seattle Seahawks,4.0,108.0,BradAn00,anthony-bradford-1,Anthony Bradford,OG,LSU,6-4,332.0,5.08,,30.0,106.0,7.84,4.8
2023,2023.0,Detroit Lions,2.0,45.0,BranBr00,brian-branch-1,Brian Branch,CB,Alabama,6-0,190.0,4.58,14.0,34.5,125.0,,
2023,2023.0,Indianapolis Colts,2.0,44.0,BrenJu00,julius-brents-1,Julius Brents,CB,Kansas St.,6-3,198.0,4.53,,41.5,138.0,6.63,4.05
2023,2023.0,New Orleans Saints,1.0,29.0,BresBr00,bryan-bresee-1,Bryan Bresee,DT,Clemson,6-6,298.0,4.86,22.0,29.0,,,
2023,2023.0,Buffalo Bills,7.0,230.0,BroeNi00,nick-broeker-1,Nick Broeker,OG,Mississippi,6-4,305.0,5.27,,,,7.75,4.7
2023,,,,,,,Matthew Brooks,P,Tennessee,6-5,201.0,,,,,,
2023,2023.0,Dallas Cowboys,7.0,244.0,BrooJa03,jalen-brooks-2,Jalen Brooks,WR,South Carolina,6-1,201.0,4.69,,35.0,130.0,7.15,4.31
2023,,,,,BrooMy00,myles-brooks-1,Myles Brooks,CB,Louisiana Tech,6-1,201.0,,,,,,
2023,,,,,BrowCa02,cameron-brown-2,Cameron Brown,CB,Ohio St.,6-0,199.0,,,,,,
2023,2023.0,Cincinnati Bengals,5.0,163.0,BrowCh10,chase-brown-3,Chase Brown,RB,Illinois,5-10,209.0,4.43,,40.0,127.0,,
2023,2023.0,San Francisco 49ers,3.0,87.0,BrowJi01,jiayir-brown-1,Ji'Ayir Brown,DB,Penn St.,5-11,203.0,4.65,18.0,32.5,119.0,,
2023,2023.0,Philadelphia Eagles,3.0,66.0,BrowSy00,sydney-brown-1,Sydney Brown,DB,Illinois,5-10,211.0,4.47,23.0,40.5,130.0,,
2023,,,,,,,Jason Brownlee,WR,Southern Mississippi,6-2,198.0,4.59,16.0,39.5,131.0,,
2023,,,,,BushAr00,arquon-bush-1,Arquon Bush,CB,Cincinnati,6-0,187.0,4.54,,33.5,115.0,,
2023,2023.0,Detroit Lions,1.0,18.0,CampJa04,jack-campbell-1,Jack Campbell,LB,Iowa,6-5,249.0,4.65,,37.5,128.0,6.74,4.24
2023,,,,,,anders-carlson-1,Anders Carlson,K,Auburn,6-5,218.0,,,,,,
2023,2023.0,Philadelphia Eagles,1.0,9.0,CartJa05,jalen-carter-1,Jalen Carter,DT,Georgia,6-3,314.0,,,,,,
2023,2023.0,Seattle Seahawks,2.0,52.0,CharZa00,zach-charbonnet-1,Zach Charbonnet,RB,UCLA,6-0,214.0,4.53,,37.0,122.0,,
2023,,,,,,,Kei'Trel Clark,CB,Louisville,5-10,181.0,4.42,,34.5,122.0,,4.21
2023,,,,,ClarJe02,jerrod-clark-1,Jerrod Clark,DT,Coastal Carolina,6-4,334.0,5.25,,27.5,102.0,7.6,4.83
2023,2023.0,Kansas City Chiefs,6.0,194.0,CobuKe00,keondre-coburn-1,Keondre Coburn,DT,Texas,6-2,332.0,5.22,24.0,27.5,101.0,,
2023,2023.0,Kansas City Chiefs,4.0,119.0,ConnCh01,chamarri-conner-1,Chamarri Conner,DB,Virginia Tech,6-0,202.0,4.51,20.0,40.5,125.0,,
2023,,,,,CopeJa00,jacob-copeland-1,Jacob Copeland,WR,Maryland,5-11,201.0,4.42,20.0,33.0,127.0,7.01,4.47
2023,,,,,CoxxBr02,brenton-cox-1,Brenton Cox,EDGE,Florida,6-4,250.0,4.82,24.0,33.0,115.0,,
2023,,,,,CunnMa00,malik-cunningham-1,Malik Cunningham,QB,Louisville,6-0,192.0,4.53,,,,,
2023,,,,,,,McClendon Curtis,OG,Tennessee-Chattanooga,6-6,324.0,5.24,,26.5,105.0,7.7,4.97
2023,,,,,DaleDJ01,dj-dale-1,DJ Dale,DT,Alabama,6-1,302.0,5.26,,25.5,98.0,7.69,4.8
2023,,,,,,,Braeden Daniels,OT,Utah,6-4,294.0,4.99,,30.5,109.0,7.53,4.6
2023,2023.0,Los Angeles Chargers,4.0,125.0,DaviDe02,derius-davis-1,Derius Davis,WR,TCU,5-8,165.0,4.36,,,,,4.38
2023,2023.0,Houston Texans,3.0,69.0,DellNa00,nathaniel-dell-1,Nathaniel Dell,WR,Houston,5-8,165.0,4.49,,,121.0,,
2023,2023.0,Tampa Bay Buccaneers,5.0,153.0,DennSi00,sirvocea-dennis-1,SirVocea Dennis,LB,Pittsburgh,6-1,226.0,,19.0,,,,
2023,2023.0,Chicago Bears,2.0,53.0,DextGe00,gervon-dexter-1,Gervon Dexter,DT,Florida,6-6,310.0,4.88,22.0,31.0,110.0,7.5,
2023,2023.0,Tampa Bay Buccaneers,3.0,82.0,DiabYa00,yaya-diaby-1,YaYa Diaby,DE,Louisville,6-3,263.0,4.51,,37.0,120.0,,
2023,,,,,,demario-douglas-1,Demario Douglas,WR,Liberty,5-8,179.0,4.44,,39.5,134.0,,4.29
2023,2023.0,Indianapolis Colts,3.0,79.0,DownJo00,josh-downs-2,Josh Downs,WR,North Carolina,5-9,171.0,4.48,,38.5,131.0,,
2023,,,,,,grant-dubose-1,Grant DuBose,WR,Charlotte,6-2,201.0,4.57,,35.0,125.0,6.89,4.32
2023,2023.0,Los Angeles Chargers,7.0,239.0,DuggMa00,max-duggan-1,Max Duggan,QB,TCU,6-2,207.0,4.52,,30.5,116.0,7.26,4.45
2023,,,,,,,Jaelyn Duncan,OT,Maryland,6-6,306.0,5.1,,31.5,113.0,,
2023,,,,,,christopher-dunn-1,Christopher Dunn,K,North Carolina St.,5-8,175.0,,,,,,
2023,2023.0,Tampa Bay Buccaneers,5.0,171.0,DurhPa00,payne-durham-1,Payne Durham,TE,Purdue,6-6,253.0,4.87,,34.5,117.0,,
2023,,,,,DyexTr01,travis-dye-1,Travis Dye,RB,USC,5-10,201.0,,,,,,
2023,,,,,EnecIk00,ikenna-enechukwu-1,Ikenna Enechukwu,DE,Rice,6-4,264.0,4.7,,31.5,120.0,,
2023,,,,,EvanTi00,tiyon-evans-2,Tiyon Evans,RB,Louisville,5-10,225.0,4.52,,30.5,,,
2023,2023.0,Los Angeles Rams,6.0,215.0,EvanZa00,zach-evans-1,Zach Evans,RB,Mississippi,5-11,202.0,,,,,,
2023,2023.0,Baltimore Ravens,1.0,22.0,FlowZa00,zay-flowers-1,Zay Flowers,WR,Boston Col.,5-9,182.0,4.42,,35.5,127.0,,
2023,2023.0,Washington Commanders,1.0,16.0,ForbEm00,emmanuel-forbes-1,Emmanuel Forbes,CB,Mississippi St.,6-1,166.0,4.35,,37.5,131.0,,
2023,,,,,FordBr00,bryce-ford-wheaton-1,Bryce Ford-Wheaton,WR,West Virginia,6-4,221.0,4.38,,41.0,129.0,6.97,4.15
2023,2023.0,Denver Broncos,7.0,257.0,ForsAl00,alex-forsyth-1,Alex Forsyth,C,Oregon,6-4,303.0,,,20.5,95.0,,
2023,2023.0,New Orleans Saints,2.0,40.0,FoskIs00,isaiah-foskey-1,Isaiah Foskey,EDGE,Notre Dame,6-5,264.0,4.58,22.0,34.0,125.0,7.28,4.41
2023,2023.0,Indianapolis Colts,4.0,106.0,FreeBl00,blake-freeland-1,Blake Freeland,OT,BYU,6-8,302.0,4.98,,37.0,120.0,7.46,4.71
2023,,,,,,jon-gaines-ii-1,Jon Gaines,OG,UCLA,6-4,303.0,5.01,,32.5,114.0,7.31,4.45
2023,,,,,GalvCo00,connor-galvin-1,Connor Galvin,OT,Baylor,6-7,293.0,5.48,,30.5,104.0,8.0,4.92
2023,,,,,GarnMe00,mekhi-garner-1,Mekhi Garner,CB,LSU,6-2,212.0,4.55,,38.0,128.0,,
2023,,,,,GayeAl01,ali-gaye-1,Ali Gaye,EDGE,LSU,6-6,263.0,,,,,,
2023,2023.0,Detroit Lions,1.0,12.0,GibbJa01,jahmyr-gibbs-1,Jahmyr Gibbs,RB,Alabama,5-9,199.0,4.36,,33.5,,,
2023,,,,,,,Noah Gindorff,TE,North Dakota St.,6-6,263.0,,16.0,,,,
2023,2023.0,New England Patriots,1.0,17.0,GonzCh00,christian-gonzalez-2,Christian Gonzalez,CB,Oregon,6-1,197.0,4.38,14.0,41.5,133.0,,
2023,,,,,GourRi00,richard-gouraige-1,Richard Gouraige,OT,Florida,6-5,306.0,,,,,,
2023,2023.0,San Francisco 49ers,7.0,255.0,GrahJa02,jalen-graham-1,Jalen Graham,LB,Purdue,6-2,220.0,4.64,,30.5,112.0,,
2023,2023.0,New York Giants,5.0,172.0,GrayEr01,eric-gray-2,Eric Gray,RB,Oklahoma,5-10,207.0,,,37.5,118.0,,
2023,2023.0,Detroit Lions,7.0,219.0,GreeAn00,antoine-green-1,Antoine Green,WR,North Carolina,6-2,199.0,4.47,,33.5,123.0,6.99,4.27
2023,,,,,,jovaughn-gwyn-1,Jovaughn Gwyn,OG,South Carolina,6-2,297.0,5.12,,27.5,109.0,7.9,4.8
2023,2023.0,New Orleans Saints,4.0,127.0,HaenJa00,jake-haener-1,Jake Haener,QB,Fresno St.,6-0,207.0,,,35.0,114.0,7.01,
2023,2023.0,Seattle Seahawks,2.0,37.0,HallDe04,derick-hall-1,Derick Hall,EDGE,Auburn,6-3,254.0,4.55,,33.5,127.0,,
2023,2023.0,Minnesota Vikings,5.0,164.0,HallJa00,jaren-hall-1,Jaren Hall,QB,BYU,6-0,207.0,,,,,,
2023,2023.0,Los Angeles Rams,5.0,161.0,HampNi00,nick-hampton-1,Nick Hampton,EDGE,Appalachian St.,6-2,236.0,4.58,,35.5,120.0,,
2023,2023.0,Jacksonville Jaguars,1.0,27.0,HarrAn00,anton-harrison-1,Anton Harrison,OT,Oklahoma,6-4,315.0,4.98,,28.5,105.0,,
2023,2023.0,Atlanta Falcons,3.0,75.0,HarrZa00,zach-harrison-1,Zach Harrison,EDGE,Ohio St.,6-6,274.0,,25.0,,,,
2023,,,,,HaseJa00,jadon-haselwood-1,Jadon Haselwood,WR,Arkansas,6-2,215.0,4.66,,37.0,123.0,6.98,4.31
2023,2023.0,Miami Dolphins,7.0,238.0,HayeRy00,ryan-hayes-1,Ryan Hayes,OT,Michigan,6-6,298.0,5.18,,30.0,103.0,7.39,
2023,,,,,HeatMa00,malik-heath-1,Malik Heath,WR,Mississippi,6-2,213.0,4.64,,34.0,124.0,6.96,4.46
2023,2023.0,Atlanta Falcons,7.0,224.0,HellDe00,demarcco-hellams-1,DeMarcco Hellams,DB,Alabama,6-1,203.0,4.57,,31.0,121.0,,
2023,2023.0,Los Angeles Chargers,3.0,85.0,HenlDa00,daiyan-henley-1,Daiyan Henley,LB,Washington St.,6-1,225.0,4.54,,35.0,125.0,,
2023,,,,,,,KJ Henry,EDGE,Clemson,6-4,251.0,4.63,,31.5,112.0,,
2023,2023.0,Pittsburgh Steelers,4.0,132.0,HerbNi00,nick-herbig-1,Nick Herbig,EDGE,Wisconsin,6-2,240.0,4.65,25.0,,,,
2023,,,,,HeywSh00,shaka-heyward-1,Shaka Heyward,LB,Duke,6-3,235.0,4.53,22.0,31.0,116.0,7.32,4.4
2023,,,,,HickRo00,ronnie-hickman-1,Ronnie Hickman,DB,Ohio St.,6-1,203.0,,,,,,
2023,2023.0,Miami Dolphins,6.0,197.0,HiggEl00,elijah-higgins-1,Elijah Higgins,WR,Stanford,6-3,235.0,4.54,,35.0,126.0,7.01,
2023,2023.0,Houston Texans,7.0,248.0,HillBr03,brandon-hill-4,Brandon Hill,DB,Pittsburgh,5-10,193.0,4.43,15.0,35.5,123.0,,
2023,2023.0,Los Angeles Rams,6.0,182.0,HodgTr00,trevius-hodges-tomlinson-1,Tre'Vius Hodges-Tomlinson,CB,TCU,5-8,178.0,4.41,12.0,39.0,132.0,,
2023,2023.0,Detroit Lions,3.0,68.0,HookHe00,hendon-hooker-1,Hendon Hooker,QB,Tennessee,6-3,217.0,,,,,,
2023,2023.0,Houston Texans,4.0,109.0,HortDy00,dylan-horton-1,Dylan Horton,EDGE,TCU,6-4,257.0,,18.0,34.0,120.0,,
2023,2023.0,New Orleans Saints,5.0,146.0,HowdJo00,jordan-howden-1,Jordan Howden,DB,Minnesota,6-0,203.0,4.49,14.0,33.5,119.0,,
2023,,,,,,evan-hull-2,Evan Hull,RB,Northwestern,5-10,209.0,4.47,,37.0,123.0,6.9,4.38
2023,2023.0,Houston Texans,6.0,205.0,HutcXa00,xavier-hutchinson-1,Xavier Hutchinson,WR,Iowa St.,6-2,203.0,4.53,,36.0,116.0,6.91,4.35
2023,2023.0,New York Giants,3.0,73.0,HyatJa00,jalin-hyatt-1,Jalin Hyatt,WR,Tennessee,6-0,176.0,4.4,,40.0,135.0,,
2023,,,,,IbraMo00,mohamed-ibrahim-1,Mohamed Ibrahim,RB,Minnesota,5-8,203.0,,,,,,
2023,,,,,,andre-carter-ii-1,Andre Carter II,EDGE,Army,6-7,256.0,,11.0,30.0,109.0,,4.36
2023,,,,,,jason-taylor-ii-1,Jason Taylor II,DB,Oklahoma St.,6-0,204.0,4.5,14.0,43.0,129.0,,
2023,,,,,,,Mark Evans II,OT,University of Arkansas at Pine Bluff,6-3,303.0,5.44,,26.5,101.0,7.75,4.92
2023,,,,,,rashad-torrence-ii-1,Rashad Torrence II,DB,Florida,6-0,193.0,4.72,20.0,33.5,119.0,,
2023,,,,,DeanTr00,trey-dean-iii-1,Trey Dean III,DB,Florida,6-2,200.0,4.75,25.0,36.5,124.0,,
2023,2023.0,Atlanta Falcons,4.0,113.0,PhilCl00,clark-phillips-iii-1,Clark Phillips III,CB,Utah,5-9,184.0,4.51,18.0,33.0,,,4.32
2023,2023.0,Cleveland Browns,3.0,98.0,IkaxSi00,siaki-ika-1,Siaki Ika,DT,Baylor,6-3,335.0,5.39,,,,7.8,4.99
2023,,,,,IncoTh00,thomas-incoom-1,Thomas Incoom,EDGE,Central Michigan,6-2,262.0,4.66,23.0,30.5,118.0,,
2023,,,,,,,Andrei Iosivas,WR,Princeton,6-3,205.0,4.43,19.0,39.0,128.0,6.85,4.12
2023,,,,,,,Will McDonald IV,EDGE,Iowa St.,6-4,239.0,,,36.0,132.0,,
2023,,,,,JackKe02,kearis-jackson-1,Kearis Jackson,WR,Georgia,5-11,196.0,4.55,,,126.0,,
2023,,,,,JarrRa00,rakim-jarrett-1,Rakim Jarrett,WR,Maryland,6-0,192.0,4.44,13.0,35.5,123.0,,
2023,,,,,,,Michael Jefferson,WR,Louisiana,6-4,199.0,4.56,16.0,37.0,133.0,7.03,4.56
2023,,,,,,jaray-jenkins-1,Jaray Jenkins,WR,LSU,6-2,204.0,4.6,20.0,29.5,,,
2023,,,,,,,CJ Johnson,WR,East Carolina,6-2,224.0,,,,,,
2023,,,,,,,DJ Johnson,EDGE,Oregon,6-4,260.0,4.49,28.0,32.0,110.0,,
2023,,,,,JohnAn06,anthony-johnson-14,Anthony Johnson,CB,Virginia,6-2,205.0,4.63,15.0,30.5,116.0,,
2023,2023.0,Jacksonville Jaguars,5.0,160.0,JohnAn07,antonio-johnson-6,Antonio Johnson,DB,Texas A&M,6-2,198.0,4.52,8.0,31.0,118.0,,
2023,2023.0,Chicago Bears,4.0,115.0,JohnRo07,roschon-johnson-1,Roschon Johnson,RB,Texas,6-0,219.0,4.58,,31.5,122.0,,
2023,2023.0,Los Angeles Chargers,1.0,21.0,JohnQu02,quentin-johnston-1,Quentin Johnston,WR,TCU,6-3,208.0,,,40.5,134.0,,
2023,2023.0,Pittsburgh Steelers,1.0,14.0,JoneBr09,broderick-jones-1,Broderick Jones,OT,Georgia,6-5,311.0,4.97,,30.0,108.0,,
2023,,,,,JoneCa04,cam-jones-1,Cam Jones,LB,Indiana,6-1,226.0,4.69,17.0,33.0,,,
2023,2023.0,Cincinnati Bengals,4.0,131.0,JoneCh11,charlie-jones-7,Charlie Jones,WR,Purdue,5-11,175.0,4.43,13.0,36.5,124.0,,
2023,2023.0,Cleveland Browns,4.0,111.0,JoneDa07,dawand-jones-1,Dawand Jones,OT,Ohio St.,6-8,374.0,5.35,,,,,
2023,2023.0,Indianapolis Colts,7.0,221.0,JoneJa13,jaylon-jones-3,Jaylon Jones,CB,Texas A&M,6-2,200.0,4.57,14.0,38.0,122.0,6.88,4.3
2023,2023.0,Kansas City Chiefs,7.0,250.0,JoneNi00,nic-jones-1,Nic Jones,CB,Ball St.,6-0,189.0,4.51,,34.5,122.0,,4.34
2023,,,,,JoneTy01,tyreque-jones-1,Tyreque Jones,DB,Boise St.,6-2,195.0,4.52,,32.0,119.0,,4.48
2023,,,,,JoseBr00,brandon-joseph-2,Brandon Joseph,DB,Notre Dame,6-0,202.0,4.62,17.0,30.5,118.0,7.08,4.23
2023,,,,,,,Andre Jones Jr.,EDGE,Louisiana,6-5,248.0,,,29.0,116.0,,
2023,,,,,,anthony-johnson-15,Anthony Johnson Jr.,DB,Iowa St.,6-0,205.0,4.54,,37.5,125.0,,
2023,,,,,,,Chris Rodriguez Jr.,RB,Kentucky,6-0,217.0,,,,,,
2023,,,,,,,Viliami Fehoko Jr.,DE,San Jose St.,6-4,276.0,,24.0,,,,
2023,2023.0,Houston Texans,1.0,3.0,AndeWi01,will-anderson-jr-1,Will Anderson Jr.,EDGE,Alabama,6-4,253.0,4.6,,,,,
2023,,,,,BostEa00,earl-bostick-jr-1,Earl Bostick Jr.,OT,Kansas,6-6,309.0,5.05,,31.0,111.0,,
2023,,,,,DemuDo00,dontay-demus-1,Dontay Demus Jr.,WR,Maryland,6-3,212.0,4.57,,35.5,123.0,,4.39
2023,,,,,EkiyEm01,emil-ekiyor-jr-1,Emil Ekiyor Jr.,OG,Alabama,6-3,314.0,,,,,,
2023,2023.0,Arizona Cardinals,1.0,6.0,JohnPa03,paris-johnson-jr-1,Paris Johnson Jr.,OT,Ohio St.,6-6,313.0,,,,110.0,,
2023,2023.0,San Francisco 49ers,5.0,155.0,LuteDa00,darrell-luter-jr-1,Darrell Luter Jr.,CB,South Alabama,6-0,189.0,4.46,,40.5,123.0,6.9,4.43
2023,,,,,PaceIv00,ivan-pace-jr-1,Ivan Pace Jr.,LB,Cincinnati,5-11,231.0,,,,,,
2023,2023.0,Pittsburgh Steelers,2.0,32.0,PortJo02,joey-porter-jr-1,Joey Porter Jr.,CB,Penn St.,6-3,193.0,4.46,17.0,35.0,129.0,,
2023,2023.0,Tampa Bay Buccaneers,1.0,19.0,KancCa00,calijah-kancey-1,Calijah Kancey,DT,Pittsburgh,6-1,281.0,4.67,,,,,
2023,,,,,,kyu-blu-kelly-1,Kyu Blu Kelly,CB,Stanford,6-0,191.0,4.52,,36.0,131.0,,
2023,2023.0,Buffalo Bills,1.0,25.0,KincDa00,dalton-kincaid-1,Dalton Kincaid,TE,Utah,6-4,246.0,,,,,,
2023,,,,,KirkJa03,jaxson-kirkland-1,Jaxson Kirkland,OG,Washington,6-7,321.0,,,,,,
2023,,,,,KnowMa00,malik-knowles-1,Malik Knowles,WR,Kansas St.,6-2,196.0,,,,,,
2023,,,,,KorsAd00,adam-korsak-1,Adam Korsak,P,Rutgers,6-1,187.0,,,,,,
2023,2023.0,Green Bay Packers,3.0,78.0,KrafTu00,,Tucker Kraft,TE,South Dakota St.,6-5,254.0,4.69,23.0,34.0,122.0,7.08,4.29
2023,2023.0,New York Jets,7.0,220.0,KuntZa00,,Zack Kuntz,TE,Old Dominion,6-7,255.0,4.55,23.0,40.0,128.0,6.87,4.12
2023,2023.0,Jacksonville Jaguars,4.0,130.0,LacyTy00,tyler-lacy-1,Tyler Lacy,DE,Oklahoma St.,6-4,279.0,5.11,30.0,28.5,116.0,7.6,
2023,,,,,,,Brent Laing,OG,Duluth/University of Minnesota,6-4,304.0,,,,,,
2023,,,,,,,Isaiah Land,EDGE,Florida A&M,6-4,236.0,4.62,21.0,34.5,126.0,7.2,4.56
2023,,,,,,matt-landers-1,Matt Landers,WR,Arkansas,6-4,200.0,4.37,,37.0,130.0,,
2023,2023.0,Detroit Lions,2.0,34.0,LaPoSa01,sam-laporta-1,Sam LaPorta,TE,Iowa,6-3,245.0,4.59,,35.0,123.0,6.91,4.25
2023,2023.0,San Francisco 49ers,3.0,101.0,LatuCa01,cameron-latu-1,Cameron Latu,TE,Alabama,6-4,242.0,,,,,,
2023,,,,,,,Eku Leota,EDGE,Auburn,6-3,252.0,,,,,,
2023,2023.0,Tennessee Titans,2.0,33.0,LeviWi00,will-levis-1,Will Levis,QB,Kentucky,6-4,229.0,,,34.0,124.0,,
2023,,,,,,,Hunter Luepke,FB,North Dakota St.,6-1,230.0,,,,,,
2023,2023.0,Indianapolis Colts,5.0,162.0,MallWi00,will-mallory-1,Will Mallory,TE,Miami,6-5,239.0,4.54,20.0,36.5,121.0,,
2023,,,,,,tashawn-manning-1,Tashawn Manning,OG,Kentucky,6-3,327.0,5.34,,27.5,102.0,7.9,4.8
2023,2023.0,Washington Commanders,2.0,47.0,MartJa04,jartavius-martin-1,Jartavius Martin,DB,Illinois,5-11,194.0,4.46,15.0,44.0,133.0,,
2023,2023.0,Los Angeles Rams,6.0,189.0,MathOc00,ochaun-mathis-1,Ochaun Mathis,EDGE,Nebraska,6-5,250.0,4.74,21.0,33.5,118.0,,4.38
2023,,,,,,,Cody Mauch,OT,North Dakota St.,6-5,302.0,5.08,,29.0,108.0,7.33,4.55
2023,2023.0,Las Vegas Raiders,2.0,35.0,MayeMi00,michael-mayer-1,Michael Mayer,TE,Notre Dame,6-5,249.0,4.7,,32.5,118.0,,
2023,,,,,,,DeWayne McBride,RB,Alabama-Birmingham,5-10,209.0,,,,,,
2023,2023.0,Los Angeles Rams,5.0,174.0,McClWa00,warren-mcclendon-1,Warren McClendon,OT,Georgia,6-4,306.0,,,,,,
2023,2023.0,Los Angeles Chargers,5.0,156.0,McFaJo00,jordan-mcfadden-1,Jordan McFadden,OG,Clemson,6-2,303.0,4.99,,28.5,,7.7,4.81
2023,2023.0,Cleveland Browns,4.0,126.0,McGuIs00,isaiah-mcguire-1,Isaiah McGuire,DE,Missouri,6-4,268.0,4.76,,36.5,122.0,7.39,
2023,2023.0,Seattle Seahawks,7.0,237.0,McInKe00,kenny-mcintosh-1,Kenny McIntosh,RB,Georgia,6-0,204.0,4.62,,,,,
2023,2023.0,Philadelphia Eagles,6.0,188.0,McKeTa01,tanner-mckee-1,Tanner McKee,QB,Stanford,6-6,231.0,,,33.0,114.0,7.22,4.41
2023,,,,,MerrKa00,kaevon-merriweather-1,Kaevon Merriweather,DB,Iowa,6-0,205.0,4.62,,35.5,118.0,,
2023,2023.0,New Orleans Saints,3.0,71.0,MillKe01,kendre-miller-1,Kendre Miller,RB,TCU,5-11,215.0,,,,,,
2023,2023.0,Jacksonville Jaguars,4.0,121.0,MillVe00,ventrell-miller-1,Ventrell Miller,LB,Florida,6-0,232.0,,,,,,
2023,2023.0,Denver Broncos,2.0,63.0,MimsMa00,marvin-mims-1,Marvin Mims,WR,Oklahoma,5-11,183.0,4.38,,39.5,129.0,6.9,
2023,2023.0,Carolina Panthers,2.0,39.0,MingJo00,jonathan-mingo-1,Jonathan Mingo,WR,Mississippi,6-2,220.0,4.46,22.0,39.5,129.0,,
2023,2023.0,Cleveland Browns,5.0,142.0,MitcCa01,cameron-mitchell-2,Cameron Mitchell,CB,Northwestern,5-11,191.0,4.47,15.0,35.0,,,
2023,,,,,MitcKe01,keaton-mitchell-1,Keaton Mitchell,RB,East Carolina,5-8,179.0,4.37,,38.0,126.0,,
2023,2023.0,San Francisco 49ers,3.0,99.0,MoodJa00,jake-moody-1,Jake Moody,K,Michigan,6-1,209.0,,,,,,
2023,,,,,MoorIs00,isaiah-moore-1,Isaiah Moore,LB,North Carolina St.,6-2,233.0,,26.0,,,,
2023,,,,,,,Jalen Moreno-Cropper,WR,Fresno St.,5-11,172.0,4.4,,,121.0,,
2023,2023.0,Seattle Seahawks,5.0,151.0,MorrMi00,mike-morris-5,Mike Morris,DE,Michigan,6-5,275.0,4.95,22.0,28.5,110.0,,
2023,2023.0,Kansas City Chiefs,3.0,92.0,MorrWa01,wanya-morris-1,Wanya Morris,OT,Oklahoma,6-5,307.0,5.1,,28.5,111.0,,
2023,2023.0,Denver Broncos,3.0,83.0,MossRi00,riley-moss-1,Riley Moss,CB,Iowa,6-1,193.0,4.45,,39.0,127.0,,
2023,,,,,,,Caleb Murphy,EDGE,Ferris St.,6-3,254.0,4.81,,28.5,119.0,7.28,4.45
2023,2023.0,Cincinnati Bengals,1.0,28.0,MurpMy00,myles-murphy-1,Myles Murphy,EDGE,Clemson,6-5,268.0,,25.0,,,,
2023,2023.0,Green Bay Packers,2.0,42.0,MusgLu00,luke-musgrave-1,Luke Musgrave,TE,Oregon St.,6-6,253.0,4.61,,36.0,125.0,,
2023,,,,,MustPJ00,pj-mustipher-1,PJ Mustipher,DT,Penn St.,6-4,320.0,5.41,19.0,27.5,96.0,8.01,5.03
2023,2023.0,Los Angeles Rams,5.0,177.0,NacuPu00,puka-nacua-1,Puka Nacua,WR,BYU,6-2,201.0,,,,,,
2023,,,,,,lukas-van-ness-1,Lukas Van Ness,EDGE,Iowa,6-5,272.0,4.58,17.0,31.0,118.0,7.02,4.32
2023,,,,,NgatJo01,joseph-ngata-1,Joseph Ngata,WR,Clemson,6-3,217.0,4.54,,34.5,124.0,,
2023,2023.0,Las Vegas Raiders,4.0,135.0,OConAi00,aidan-oconnell-1,Aidan O'Connell,QB,Purdue,6-3,213.0,,,,,,
2023,2023.0,Philadelphia Eagles,7.0,249.0,OjomMo00,moro-ojomo-1,Moro Ojomo,DT,Texas,6-3,292.0,5.04,29.0,33.0,112.0,,
2023,,,,,OjukJo00,john-ojukwu-1,John Ojukwu,OT,Boise St.,6-6,309.0,5.24,,28.5,104.0,7.52,4.52
2023,2023.0,Arizona Cardinals,2.0,41.0,OjulBJ00,bj-ojulari-1,BJ Ojulari,EDGE,LSU,6-2,248.0,,,32.5,126.0,,
2023,,,,,,,Olusegun Oluwatimi,C,Michigan,6-3,309.0,5.38,,29.0,110.0,,
2023,,,,,OrjiAn00,anfernee-orji-1,Anfernee Orji,LB,Vanderbilt,6-1,230.0,4.53,,38.5,122.0,7.0,4.43
2023,2023.0,Dallas Cowboys,3.0,90.0,OverDe00,demarvion-overshown-1,DeMarvion Overshown,LB,Texas,6-3,229.0,4.56,15.0,,124.0,,
2023,2023.0,New York Giants,7.0,254.0,OwenGe00,gervarrius-owens-1,Gervarrius Owens,DB,Houston,6-0,195.0,,15.0,37.5,125.0,,
2023,2023.0,Tampa Bay Buccaneers,6.0,191.0,PalmTr00,trey-palmer-1,Trey Palmer,WR,Nebraska,6-0,192.0,4.33,,,,,
2023,2023.0,Arizona Cardinals,5.0,168.0,PappOw00,owen-pappoe-1,Owen Pappoe,LB,Auburn,6-0,225.0,4.39,29.0,35.5,126.0,,
2023,2023.0,Houston Texans,6.0,201.0,PattJa03,jarrett-patterson-1,Jarrett Patterson,C,Notre Dame,6-5,306.0,5.33,,29.5,106.0,7.96,4.73
2023,,,,,PattKy00,kyle-patterson-1,Kyle Patterson,TE,Air Force,6-5,260.0,,,,,,
2023,,,,,PeopCa00,camerun-peoples-1,Camerun Peoples,RB,Appalachian St.,6-1,217.0,4.61,,37.0,121.0,,
2023,2023.0,New Orleans Saints,6.0,195.0,PerrAT00,at-perry-1,A.T. Perry,WR,Wake Forest,6-4,198.0,4.47,,35.0,133.0,,
2023,,,,,PhelLo00,lonnie-phelps-1,Lonnie Phelps,EDGE,Kansas,6-2,244.0,4.55,31.0,,,,
2023,2023.0,Chicago Bears,3.0,64.0,PickZa00,zacch-pickens-1,Zacch Pickens,DT,South Carolina,6-4,291.0,4.89,22.0,30.5,116.0,7.45,4.62
2023,,,,,,jack-podlesny-1,Jack Podlesny,K,Georgia,6-0,194.0,,,,,,
2023,,,,,,bt-potter-1,B.T. Potter,K,Clemson,5-10,185.0,,,,,,
2023,,,,,PrinDe00,deneric-prince-1,Deneric Prince,RB,Tulsa,6-0,216.0,4.41,,35.5,124.0,,
2023,,,,,,,Jose Ramirez,EDGE,Eastern Michigan,6-2,242.0,4.73,21.0,34.5,118.0,6.95,4.3
2023,,,,,RedmJa01,jalen-redmond-1,Jalen Redmond,DT,Oklahoma,6-2,291.0,4.81,27.0,34.5,116.0,7.3,4.51
2023,2023.0,Green Bay Packers,2.0,50.0,ReedJa03,jayden-reed-1,Jayden Reed,WR,Michigan St.,5-11,187.0,4.45,,33.5,121.0,,4.29
2023,2023.0,Kansas City Chiefs,2.0,55.0,RiceRa01,rashee-rice-1,Rashee Rice,WR,SMU,6-1,204.0,4.51,,41.0,128.0,,
2023,2023.0,Dallas Cowboys,5.0,169.0,RichAs00,asim-richards-1,Asim Richards,OT,North Carolina,6-4,309.0,,,,,,
2023,2023.0,Indianapolis Colts,1.0,4.0,RichAn03,anthony-richardson-2,Anthony Richardson,QB,Florida,6-4,244.0,4.43,,40.5,129.0,,
2023,,,,,RickEl00,eli-ricks-1,Eli Ricks,CB,Alabama,6-2,188.0,,,,,,
2023,2023.0,Philadelphia Eagles,4.0,105.0,RingKe00,kelee-ringo-1,Kelee Ringo,CB,Georgia,6-2,207.0,4.36,,33.5,122.0,,
2023,,,,,,brad-robbins-1,Brad Robbins,P,Michigan,6-1,199.0,,,,,,
2023,,,,,,tavius-robinson-1,Tavius Robinson,EDGE,Mississippi,6-6,257.0,4.66,23.0,33.5,120.0,,4.62
2023,2023.0,Atlanta Falcons,1.0,8.0,RobiBi01,bijan-robinson-1,Bijan Robinson,RB,Texas,5-11,215.0,4.46,,37.0,124.0,,
2023,2023.0,Carolina Panthers,5.0,145.0,RobiJa03,jammie-robinson-1,Jammie Robinson,DB,Florida St.,5-11,191.0,4.59,23.0,33.5,116.0,,
2023,2023.0,Minnesota Vikings,5.0,141.0,RoyxJa00,jaquelin-roy-1,Jaquelin Roy,DT,LSU,6-3,305.0,,30.0,,,8.01,5.0
2023,2023.0,Indianapolis Colts,5.0,138.0,RushDa00,darius-rush-1,Darius Rush,CB,South Carolina,6-2,198.0,4.36,,35.0,121.0,,
2023,2023.0,New England Patriots,4.0,112.0,RylaCh00,chad-ryland-1,Chad Ryland,K,Maryland,6-0,190.0,,,,,,
2023,,,,,,,Nick Saldiveri,OG,Old Dominion,6-6,318.0,5.21,,31.0,111.0,,4.69
2023,2023.0,Denver Broncos,3.0,67.0,SandDr00,drew-sanders-1,Drew Sanders,LB,Arkansas,6-4,235.0,,,,,,
2023,,,,,,john-michael-schmitz-1,John Michael Schmitz,C,Minnesota,6-4,301.0,5.35,,29.5,104.0,,4.56
2023,2023.0,Dallas Cowboys,2.0,58.0,SchoLu00,luke-schoonmaker-1,Luke Schoonmaker,TE,Michigan,6-5,251.0,4.63,,33.5,127.0,,4.27
2023,2023.0,Indianapolis Colts,5.0,158.0,ScotDa03,daniel-scott-1,Daniel Scott,DB,California,6-1,208.0,4.45,22.0,39.5,128.0,6.75,4.17
2023,2023.0,Chicago Bears,4.0,133.0,ScotTy00,tyler-scott-3,Tyler Scott,WR,Cincinnati,5-10,177.0,4.44,,39.5,133.0,,
2023,2023.0,Houston Texans,2.0,62.0,ScruJu00,juice-scruggs-1,Juice Scruggs,C,Penn St.,6-3,301.0,5.22,,32.0,102.0,7.75,4.82
2023,2023.0,Chicago Bears,5.0,148.0,SeweNo00,noah-sewell-1,Noah Sewell,LB,Oregon,6-2,246.0,4.64,27.0,33.0,115.0,,
2023,2023.0,Buffalo Bills,5.0,150.0,ShorJu00,justin-shorter-1,Justin Shorter,WR,Florida,6-4,229.0,4.55,18.0,35.5,126.0,,
2023,,,,,,,Nesta Jade Silvera,DT,Arizona St.,6-2,304.0,5.16,,29.5,110.0,,
2023,2023.0,Baltimore Ravens,3.0,86.0,SimpTr00,trenton-simpson-1,Trenton Simpson,LB,Clemson,6-2,235.0,4.43,25.0,,,,
2023,2023.0,Denver Broncos,6.0,183.0,SkinJL00,jl-skinner-1,JL Skinner,DB,Boise St.,6-4,209.0,,,,,,
2023,2023.0,Tennessee Titans,1.0,11.0,SkorPe00,peter-skoronski-1,Peter Skoronski,OT,Northwestern,6-4,313.0,5.16,,34.5,115.0,7.8,
2023,,,,,,terell-smith-1,Terell Smith,CB,Minnesota,6-1,204.0,4.41,14.0,34.0,120.0,7.02,4.3
2023,2023.0,Miami Dolphins,2.0,51.0,SmitCa02,cam-smith-3,Cam Smith,CB,South Carolina,6-1,180.0,4.43,,38.0,134.0,,
2023,2023.0,Las Vegas Raiders,5.0,170.0,SmitCh04,christopher-smith-1,Christopher Smith,DB,Georgia,5-11,192.0,4.62,15.0,33.0,116.0,,
2023,2023.0,Dallas Cowboys,1.0,26.0,SmitMa06,mazi-smith-1,Mazi Smith,DT,Michigan,6-3,323.0,,34.0,,,,
2023,2023.0,Philadelphia Eagles,1.0,30.0,SmitNo02,nolan-smith-1,Nolan Smith,EDGE,Georgia,6-2,238.0,4.39,,41.5,128.0,,
2023,2023.0,Seattle Seahawks,1.0,20.0,SmitJa06,jaxon-smith-njigba-1,Jaxon Smith-Njigba,WR,Ohio St.,6-1,196.0,,,35.0,125.0,6.57,3.93
2023,,,,,,,Sidy Sow,OG,Eastern Michigan,6-5,323.0,5.07,,32.0,110.0,7.62,4.69
2023,2023.0,Tennessee Titans,3.0,81.0,SpeaTy00,tyjae-spears-1,Tyjae Spears,RB,Tulane,5-10,201.0,,,39.0,125.0,,
2023,2023.0,Philadelphia Eagles,3.0,65.0,SteeTy00,tyler-steen-1,Tyler Steen,OT,Alabama,6-6,321.0,,,29.5,109.0,,4.59
2023,2023.0,Chicago Bears,2.0,56.0,StevTy01,tyrique-stevenson-1,Tyrique Stevenson,CB,Miami,6-0,198.0,4.45,,38.5,125.0,7.09,4.41
2023,2023.0,Arizona Cardinals,6.0,213.0,StilDa01,dante-stills-1,Dante Stills,DT,West Virginia,6-4,286.0,4.85,20.0,28.5,113.0,7.38,4.61
2023,2023.0,Jacksonville Jaguars,2.0,61.0,StraBr00,brenton-strange-1,Brenton Strange,TE,Penn St.,6-4,253.0,4.7,23.0,36.0,124.0,7.25,4.46
2023,2023.0,Washington Commanders,3.0,97.0,StroRi01,ricky-stromberg-1,Ricky Stromberg,C,Arkansas,6-3,306.0,5.26,,32.5,111.0,,
2023,2023.0,Houston Texans,1.0,2.0,StroCJ00,cj-stroud-1,C.J. Stroud,QB,Ohio St.,6-3,214.0,,,,,,
2023,,,,,,leonard-taylor-2,Leonard Taylor,TE,Cincinnati,6-5,250.0,,,,,,
2023,,,,,TaylNo00,noah-taylor-1,Noah Taylor,EDGE,North Carolina,6-4,238.0,,22.0,,,,
2023,,,,,ThomCh02,charlie-thomas-2,Charlie Thomas,LB,Georgia Tech,6-3,216.0,4.52,18.0,32.5,124.0,7.09,4.34
2023,,,,,ThomTa03,tavion-thomas-1,Tavion Thomas,RB,Utah,6-0,237.0,4.74,,30.0,118.0,,
2023,,,,,,sarodorick-thompson-1,SaRodorick Thompson,RB,Texas Tech,6-0,207.0,4.67,,32.5,120.0,7.25,4.7
2023,2023.0,Cleveland Browns,5.0,140.0,ThomDo02,dorian-thompson-robinson-1,Dorian Thompson-Robinson,QB,UCLA,6-2,203.0,4.56,,32.5,121.0,7.28,4.44
2023,2023.0,Cleveland Browns,3.0,74.0,TillCe01,cedric-tillman-1,Cedric Tillman,WR,Tennessee,6-3,213.0,4.54,,37.0,128.0,,
2023,,,,,TinsMi00,mitchell-tinsley-1,Mitchell Tinsley,WR,Penn St.,6-0,199.0,4.6,14.0,35.5,120.0,,4.21
2023,2023.0,New York Jets,2.0,43.0,TippJo00,joe-tippmann-1,Joe Tippmann,C,Wisconsin,6-6,313.0,,,,,,
2023,2023.0,Houston Texans,5.0,167.0,TooTHe00,henry-tootoo-1,Henry To'oTo'o,LB,Alabama,6-1,227.0,4.62,,32.0,116.0,,4.4
2023,2023.0,Buffalo Bills,2.0,59.0,TorrOC00,ocyrus-torrence-1,O'Cyrus Torrence,OG,Florida,6-5,330.0,5.31,,23.5,101.0,,4.81
2023,2023.0,Pittsburgh Steelers,7.0,241.0,TricCo00,cory-trice-1,Cory Trice,CB,Purdue,6-3,206.0,4.47,17.0,35.5,132.0,,
2023,,,,,TuckSe00,sean-tucker-2,Sean Tucker,RB,Syracuse,5-9,207.0,,,,,,
2023,2023.0,Las Vegas Raiders,3.0,100.0,TuckTr00,tre-tucker-1,Tre Tucker,WR,Cincinnati,5-9,182.0,4.4,,37.5,124.0,,
2023,2023.0,Los Angeles Chargers,2.0,54.0,TuipTu00,tuli-tuipulotu-1,Tuli Tuipulotu,EDGE,USC,6-3,266.0,,,,,,
2023,2023.0,Arizona Cardinals,5.0,139.0,TuneCl00,clayton-tune-1,Clayton Tune,QB,Houston,6-3,220.0,4.64,,37.5,122.0,6.89,4.25
2023,,,,,,michael-turk-1,Michael Turk,P,Oklahoma,6-0,227.0,4.83,,34.0,109.0,,
2023,2023.0,Cincinnati Bengals,2.0,60.0,TurnDJ01,dj-turner-3,DJ Turner,CB,Michigan,5-11,178.0,4.26,,38.5,131.0,,
2023,2023.0,Green Bay Packers,7.0,232.0,ValeCa00,carrington-valentine-1,Carrington Valentine,CB,Kentucky,6-0,193.0,,9.0,39.0,128.0,,
2023,2023.0,Dallas Cowboys,6.0,212.0,VaugDe00,deuce-vaughn-1,Deuce Vaughn,RB,Kansas St.,5-5,179.0,,,35.5,116.0,,
2023,,,,,VokoTr00,travis-vokolek-1,Travis Vokolek,TE,Nebraska,6-6,259.0,,20.0,,115.0,,
2023,2023.0,Baltimore Ravens,7.0,229.0,VorhAn00,andrew-vorhees-1,Andrew Vorhees,OG,USC,6-6,310.0,,,29.0,105.0,,
2023,,,,,WagnDa00,dalton-wagner-1,Dalton Wagner,OT,Arkansas,6-8,320.0,,,24.5,102.0,,
2023,,,,,WardAl00,alex-ward-1,Alex Ward,LS,Central Florida,6-4,240.0,5.06,12.0,30.0,114.0,,4.46
2023,2023.0,Minnesota Vikings,4.0,134.0,WardJa00,jay-ward-2,Jay Ward,CB,LSU,6-1,188.0,4.55,16.0,34.5,132.0,,
2023,2023.0,New York Jets,4.0,120.0,WarrCa00,carter-warren-1,Carter Warren,OT,Pittsburgh,6-6,311.0,,,,,,
2023,2023.0,Pittsburgh Steelers,3.0,93.0,WashDa03,darnell-washington-1,Darnell Washington,TE,Georgia,6-7,264.0,4.64,21.0,31.0,122.0,,4.08
2023,2023.0,Jacksonville Jaguars,6.0,185.0,WashPa01,parker-washington-1,Parker Washington,WR,Penn St.,5-10,204.0,,16.0,,,,
2023,,,,,WaynJa00,jalen-wayne-1,Jalen Wayne,WR,South Alabama,6-2,210.0,4.51,,34.5,124.0,,
2023,,,,,WheaTy02,tyrus-wheat-1,Tyrus Wheat,EDGE,Mississippi St.,6-2,263.0,4.65,,28.5,113.0,,4.54
2023,2023.0,New England Patriots,2.0,46.0,WhitKe03,keion-white-1,Keion White,EDGE,Georgia Tech,6-5,285.0,,30.0,34.0,117.0,,
2023,,,,,WhitBl01,blake-whiteheart-1,Blake Whiteheart,TE,Wake Forest,6-4,247.0,4.7,20.0,35.5,115.0,,
2023,2023.0,Tennessee Titans,5.0,147.0,WhylJo01,josh-whyle-1,Josh Whyle,TE,Cincinnati,6-7,248.0,4.69,,33.5,115.0,,
2023,2023.0,Green Bay Packers,5.0,159.0,WickDo00,dontayvion-wicks-1,Dontayvion Wicks,WR,Virginia,6-1,206.0,4.62,,39.0,130.0,,
2023,2023.0,Buffalo Bills,3.0,91.0,WillDo04,dorian-williams-2,Dorian Williams,LB,Tulane,6-1,228.0,4.49,,33.5,120.0,,
2023,2023.0,Arizona Cardinals,3.0,72.0,WillGa00,garrett-williams-2,Garrett Williams,CB,Syracuse,5-10,192.0,,,,,,
2023,2023.0,San Francisco 49ers,7.0,247.0,WillBr06,brayden-willis-1,Brayden Willis,TE,Oklahoma,6-4,241.0,,20.0,32.0,117.0,7.3,4.36
2023,2023.0,Arizona Cardinals,3.0,94.0,WilsMi02,michael-wilson-3,Michael Wilson,WR,Stanford,6-2,213.0,4.58,23.0,37.5,125.0,,4.27
2023,2023.0,Las Vegas Raiders,1.0,7.0,WilsTy01,tyree-wilson-1,Tyree Wilson,EDGE,Texas Tech,6-6,271.0,,23.0,,,,
2023,2023.0,San Francisco 49ers,6.0,216.0,WintDe00,dee-winters-1,Dee Winters,LB,TCU,5-11,227.0,4.49,,30.5,117.0,,
2023,2023.0,Seattle Seahawks,1.0,5.0,WithDe00,devon-witherspoon-1,Devon Witherspoon,CB,Illinois,6-0,181.0,,,,,,
2023,2023.0,Green Bay Packers,4.0,116.0,WoodCo01,colby-wooden-1,Colby Wooden,DE,Auburn,6-4,273.0,4.79,23.0,,115.0,,4.52
2023,2023.0,Chicago Bears,1.0,10.0,WrigDa00,darnell-wright-1,Darnell Wright,OT,Tennessee,6-5,333.0,5.01,,29.0,114.0,,
2023,,,,,WrigRe00,rejzohn-wright-1,Rejzohn Wright,CB,Oregon St.,6-2,193.0,,,,,,
2023,2023.0,Cleveland Browns,6.0,190.0,WyplLu00,luke-wypler-1,Luke Wypler,C,Ohio St.,6-3,303.0,5.14,,30.5,106.0,7.64,4.53
2023,2023.0,Carolina Panthers,1.0,1.0,YounBr01,bryce-young-1,Bryce Young,QB,Alabama,5-10,204.0,,,,,,
2023,2023.0,Las Vegas Raiders,3.0,70.0,YounBy00,byron-young-1,Byron Young,DT,Alabama,6-3,294.0,,24.0,26.0,108.0,7.68,
2023,2023.0,Los Angeles Rams,3.0,77.0,YounBy01,byron-young-2,Byron Young,EDGE,Tennessee,6-2,250.0,4.43,22.0,38.0,132.0,7.19,
2023,2023.0,Seattle Seahawks,4.0,123.0,YounCa00,cameron-young-2,Cameron Young,DT,Mississippi St.,6-3,304.0,5.1,,,,,
2024,2024.0,Denver Broncos,5.0,145.0,AbraKr00,kris-abrams-draine-1,Kris Abrams-Draine,CB,Missouri,5-11,179.0,4.44,,33.5,,,
2024,2024.0,Arizona Cardinals,3.0,71.0,AdamIs01,isaiah-adams-1,Isaiah Adams,G,Illinois,6-4,315.0,5.22,,24.5,102.0,7.77,4.73
2024,2024.0,Baltimore Ravens,5.0,165.0,AlixRa00,rasheen-ali-1,Rasheen Ali,RB,Marshall,5-11,206.0,,,,,,
2024,2024.0,Cincinnati Bengals,4.0,115.0,AllxEr00,erick-all-1,Erick All,TE,Iowa,6-4,252.0,,,,,,
2024,2024.0,New York Jets,4.0,134.0,AlleBr05,braelon-allen-1,Braelon Allen,RB,Wisconsin,6-1,235.0,,26.0,32.0,117.0,,
2024,2024.0,Los Angeles Chargers,1.0,5.0,AltxJo01,joe-alt-1,Joe Alt,OT,Notre Dame,6-9,321.0,5.05,,28.0,112.0,7.31,4.51
2024,,,,,,,Kiran Amegadjie,OT,Yale,6-5,323.0,,,,,,
2024,2024.0,Cincinnati Bengals,7.0,224.0,AnthDa00,daijahn-anthony-1,Daijahn Anthony,SAF,Mississippi,6-0,195.0,4.55,,37.0,116.0,,
2024,2024.0,Detroit Lions,1.0,24.0,ArnoTe00,terrion-arnold-1,Terrion Arnold,CB,Alabama,6-0,189.0,4.5,,37.0,129.0,,
2024,,,,,AyedGo00,gottlieb-ayedze-1,Gottlieb Ayedze,G,Maryland,6-4,308.0,5.01,,26.5,112.0,,
2024,,,,,BailEm00,emani-bailey-1,Emani Bailey,RB,TCU,5-7,202.0,4.61,,33.5,116.0,,
2024,2024.0,New England Patriots,4.0,110.0,BakeJa00,javon-baker-1,Javon Baker,WR,Central Florida,6-1,202.0,4.54,,37.0,121.0,,
2024,2024.0,Seattle Seahawks,4.0,121.0,BarnAJ00,aj-barner-1,AJ Barner,TE,Michigan,6-6,251.0,,,,,,
2024,,,,,,karsen-barnhart-1,Karsen Barnhart,G,Michigan,6-5,306.0,5.21,,29.5,111.0,7.83,4.7
2024,2024.0,Carolina Panthers,7.0,240.0,BarrMi00,michael-barrett-1,Michael Barrett,LB,Michigan,5-11,233.0,,,,,,
2024,2024.0,Tampa Bay Buccaneers,1.0,26.0,BartGr00,graham-barton-1,Graham Barton,C,Duke,6-5,313.0,,,,,,
2024,2024.0,Dallas Cowboys,3.0,73.0,BeebCo00,cooper-beebe-1,Cooper Beebe,G,Kansas St.,6-3,322.0,5.03,,27.5,109.0,7.44,4.61
2024,2024.0,New England Patriots,7.0,231.0,BellJa00,jaheim-bell-1,Jaheim Bell,TE,Florida St.,6-2,241.0,4.61,,35.0,124.0,,
2024,2024.0,Arizona Cardinals,3.0,66.0,BensTr01,trey-benson-2,Trey Benson,RB,Florida St.,6-0,216.0,4.39,,33.5,122.0,,
2024,2024.0,Atlanta Falcons,5.0,143.0,BertJD00,jd-bertrand-1,JD Bertrand,LB,Notre Dame,6-1,235.0,,20.0,,,,
2024,2024.0,San Francisco 49ers,7.0,251.0,BethTa00,tatum-bethune-1,Tatum Bethune,LB,Florida St.,6-0,229.0,,16.0,,,,
2024,,,,,BillKe00,keaton-bills-1,Keaton Bills,G,Utah,6-5,321.0,5.38,,29.5,101.0,7.95,4.9
2024,2024.0,Buffalo Bills,2.0,60.0,BishCo00,cole-bishop-1,Cole Bishop,SAF,Utah,6-2,206.0,4.45,,39.0,124.0,,
2024,2024.0,Chicago Bears,5.0,144.0,BookAu00,austin-booker-1,Austin Booker,EDGE,Kansas,6-5,240.0,4.79,,32.5,120.0,,
2024,,,,,,,Tanor Bortolini,C,Wisconsin,6-4,303.0,4.94,,32.5,112.0,7.16,4.28
2024,2024.0,Las Vegas Raiders,1.0,13.0,BoweBr01,brock-bowers-1,Brock Bowers,TE,Georgia,6-3,243.0,,,,,,
2024,,,,,BradBe01,beau-brade-2,Beau Brade,SAF,Maryland,6-0,203.0,,,,,,
2024,,,,,,,Millard Bradford,SAF,TCU,5-11,191.0,4.42,15.0,38.5,124.0,,
2024,2024.0,Tampa Bay Buccaneers,2.0,57.0,BrasCh01,chris-braswell-1,Chris Braswell,EDGE,Alabama,6-3,251.0,4.6,,33.5,115.0,,
2024,2024.0,Carolina Panthers,2.0,46.0,BrooJo02,jonathon-brooks-1,Jonathon Brooks,RB,Texas,6-0,216.0,,,,,,
2024,2024.0,Tennessee Titans,5.0,146.0,BrowJa09,jarvis-brownlee-1,Jarvis Brownlee,CB,Louisville,5-10,194.0,,,,,,
2024,2024.0,Green Bay Packers,2.0,58.0,BullJa00,javon-bullard-1,Javon Bullard,SAF,Georgia,5-11,198.0,4.47,,,,,
2024,2024.0,Houston Texans,3.0,78.0,BullCa00,calen-bullock-1,Calen Bullock,SAF,USC,6-2,188.0,4.48,,,,,
2024,2024.0,Cincinnati Bengals,3.0,80.0,BurtJe01,jermaine-burton-1,Jermaine Burton,WR,Alabama,6-0,196.0,4.45,,38.5,133.0,,
2024,,,,,,solomon-byrd-1,Solomon Byrd,EDGE,USC,6-3,255.0,,,,,,
2024,2024.0,Indianapolis Colts,5.0,151.0,CarlJa01,jaylon-carlies-1,Jaylon Carlies,SAF,Missouri,6-3,227.0,4.5,20.0,32.5,125.0,,
2024,2024.0,Dallas Cowboys,5.0,174.0,CarsCa01,caelen-carson-1,Caelen Carson,CB,Wake Forest,6-0,199.0,,,,,,
2024,2024.0,Buffalo Bills,3.0,95.0,CartDe03,dewayne-carter-2,DeWayne Carter,DT,Duke,6-2,302.0,4.99,,32.0,109.0,7.95,4.75
2024,,,,,CaseAa00,aaron-casey-1,Aaron Casey,LB,Indiana,6-1,231.0,4.75,16.0,30.0,117.0,,
2024,,,,,CeasNe00,nelson-ceaser-1,Nelson Ceaser,EDGE,Houston,6-3,254.0,,22.0,31.0,,7.3,4.57
2024,,,,,ChamSt00,steele-chambers-1,Steele Chambers,LB,Ohio St.,6-1,226.0,,,33.5,112.0,7.13,4.23
2024,,,,,CoheJa00,javion-cohen-1,Javion Cohen,G,Miami,6-4,324.0,,,26.5,104.0,,
2024,,,,,,,Jalen Coker,WR,Holy Cross,6-1,208.0,4.57,,42.5,128.0,,
2024,,,,,CokeAn00,andrew-coker-1,Andrew Coker,OT,TCU,6-7,315.0,5.36,,25.5,94.0,7.95,4.93
2024,2024.0,Jacksonville Jaguars,7.0,236.0,ColeMy00,myles-cole-1,Myles Cole,DE,Texas Tech,6-6,278.0,4.67,,35.0,120.0,,
2024,2024.0,Washington Commanders,3.0,67.0,ColeBr02,brandon-coleman-5,Brandon Coleman,G,TCU,6-5,313.0,4.99,,34.0,114.0,,
2024,2024.0,Buffalo Bills,2.0,33.0,ColeKe02,keon-coleman-1,Keon Coleman,WR,Florida St.,6-3,213.0,4.61,,38.0,127.0,,
2024,2024.0,Los Angeles Chargers,3.0,69.0,ColsJu00,junior-colson-1,Junior Colson,LB,Michigan,6-2,238.0,,,,,,
2024,,,,,,ryan-cooper-jr-1,Ryan Cooper,CB,Oregon St.,5-11,184.0,,,,,,
2024,2024.0,Green Bay Packers,2.0,45.0,CoopEd00,edgerrin-cooper-1,Edgerrin Cooper,LB,Texas A&M,6-2,230.0,4.51,,34.5,118.0,,
2024,2024.0,New York Jets,3.0,65.0,CorlMa00,malachi-corley-1,Malachi Corley,WR,Western Kentucky,5-11,215.0,,,,,,
2024,2024.0,Los Angeles Rams,3.0,83.0,CoruBl00,blake-corum-1,Blake Corum,RB,Michigan,5-8,205.0,4.53,27.0,35.5,,6.82,4.12
2024,2024.0,San Francisco 49ers,4.0,135.0,CowiJa00,jacob-cowing-1,Jacob Cowing,WR,Arizona,5-8,168.0,4.38,,36.0,119.0,7.02,4.32
2024,,,,,CrumFr00,frank-crum-1,Frank Crum,OT,Wyoming,6-8,313.0,4.94,,31.5,114.0,7.39,4.73
2024,2024.0,Carolina Panthers,6.0,200.0,CrumJa00,jaden-crumedy-1,Jaden Crumedy,DT,Mississippi St.,6-4,301.0,4.97,,29.5,105.0,,4.66
2024,2024.0,Tampa Bay Buccaneers,7.0,246.0,CulpDe00,devin-culp-1,Devin Culp,TE,Washington,6-3,231.0,4.47,,,,,
2024,2024.0,Washington Commanders,1.0,2.0,DaniJa02,jayden-daniels-1,Jayden Daniels,QB,LSU,6-4,210.0,,,,,,
2024,,,,,,,Anim Dankwah,OT,Howard,6-8,353.0,,,27.5,,,
2024,,,,,,,Isaiah Davis,RB,South Dakota St.,6-0,218.0,4.57,23.0,34.5,119.0,,
2024,,,,,,remahn-davis-1,Re'Mahn Davis,RB,Kentucky,5-8,211.0,4.52,,35.0,119.0,,4.51
2024,2024.0,Los Angeles Rams,6.0,196.0,DaviTy05,tyler-davis-4,Tyler Davis,DT,Clemson,6-2,301.0,5.02,29.0,28.5,108.0,,5.0
2024,2024.0,Philadelphia Eagles,2.0,40.0,DeJeCo00,cooper-dejean-1,Cooper DeJean,CB,Iowa,6-1,203.0,,,,,,
2024,,,,,,kalen-deloach-1,Kalen DeLoach,LB,Florida St.,6-0,210.0,4.47,,30.5,119.0,,
2024,,,,,,,Marlon Devonshire,CB,Pittsburgh,5-11,186.0,4.45,,38.5,124.0,7.12,4.35
2024,2024.0,New England Patriots,6.0,180.0,DialMa00,marcellas-dial-1,Marcellas Dial,CB,South Carolina,6-0,190.0,4.46,,40.5,129.0,,
2024,,,,,,,John Dixon,CB,Penn St.,5-11,188.0,,,,,,
2024,2024.0,Atlanta Falcons,4.0,109.0,DorlBr00,brandon-dorlus-1,Brandon Dorlus,DE,Oregon,6-3,283.0,4.85,,30.5,111.0,7.43,4.85
2024,,,,,,,Willie Drew,CB,Virginia St.,6-0,191.0,4.46,13.0,,,,
2024,,,,,DrisEt00,ethan-driskell-1,Ethan Driskell,OT,Marshall,6-8,313.0,,,,,,
2024,,,,,DukeKh00,khalid-duke-1,Khalid Duke,EDGE,Kansas St.,6-3,246.0,4.79,21.0,34.0,117.0,,
2024,2024.0,Los Angeles Chargers,4.0,105.0,EboiJu00,justin-eboigbe-1,Justin Eboigbe,DT,Alabama,6-4,297.0,5.18,,28.0,,,
2024,,,,,,,Sevarian Edwards,RB,Georgia,5-10,207.0,,,,114.0,,
2024,,,,,EguaKi00,kingsley-eguakun-1,Kingsley Eguakun,C,Florida,6-4,304.0,,,,,,
2024,2024.0,Las Vegas Raiders,5.0,148.0,EichTo00,tommy-eichenberg-1,Tommy Eichenberg,LB,Ohio St.,6-2,233.0,,,32.5,116.0,,4.24
2024,2024.0,Denver Broncos,3.0,76.0,ElliJo03,jonah-elliss-1,Jonah Elliss,EDGE,Utah,6-2,248.0,,,,,,
2024,2024.0,Denver Broncos,5.0,147.0,EstiAu00,audric-estime-1,Audric Estimé,RB,Notre Dame,5-11,221.0,4.71,23.0,38.0,125.0,,
2024,,,,,,,Josiah Ezirim,OT,Eastern Kentucky,6-6,329.0,,,,,,
2024,,,,,,,Olumuyiwa Fashanu,OT,Penn St.,6-6,312.0,5.11,,32.0,109.0,,
2024,2024.0,Pittsburgh Steelers,1.0,20.0,FautTr00,troy-fautanu-1,Troy Fautanu,OT,Washington,6-4,317.0,5.01,,32.5,113.0,,
2024,2024.0,Houston Texans,2.0,59.0,FishBl00,blake-fisher-1,Blake Fisher,OT,Notre Dame,6-6,310.0,5.2,,28.0,114.0,7.76,4.73
2024,2024.0,Los Angeles Rams,2.0,39.0,FiskBr00,braden-fiske-1,Braden Fiske,DT,Florida St.,6-4,292.0,4.78,26.0,33.5,117.0,,4.37
2024,,,,,FlaxJe00,jeremy-flax-1,Jeremy Flax,OT,Kentucky,6-6,343.0,5.64,,28.0,100.0,,
2024,,,,,,,Ryan Flournoy,WR,Southeast Missouri St.,6-1,202.0,4.44,19.0,39.5,132.0,,
2024,2024.0,New Orleans Saints,5.0,175.0,FordJa02,jaylan-ford-1,Jaylan Ford,LB,Texas,6-2,240.0,,,33.5,121.0,,
2024,2024.0,Jacksonville Jaguars,4.0,114.0,FostJa01,javon-foster-1,Javon Foster,OT,Missouri,6-6,313.0,5.3,,32.5,106.0,,
2024,2024.0,Denver Broncos,4.0,102.0,FranTr00,troy-franklin-2,Troy Franklin,WR,Oregon,6-2,176.0,4.41,,39.0,124.0,6.9,4.31
2024,2024.0,Pittsburgh Steelers,2.0,51.0,FrazZa00,zach-frazier-1,Zach Frazier,C,West Virginia,6-3,313.0,,,,,,
2024,2024.0,New Orleans Saints,1.0,14.0,FuagTa00,taliese-fuaga-1,Taliese Fuaga,OT,Oregon St.,6-6,324.0,5.13,,32.0,111.0,,
2024,,,,,GadlXZ00,xzauvea-gadlin-1,X'Zauvea Gadlin,G,Liberty,6-3,322.0,5.5,,24.0,96.0,8.26,4.97
2024,,,,,,,Nicholas Gargiulo,C,South Carolina,6-5,318.0,5.25,,32.5,101.0,7.33,
2024,,,,,GibbEa00,easton-gibbs-1,Easton Gibbs,LB,Wyoming,6-0,232.0,4.73,,31.5,109.0,,
2024,2024.0,Las Vegas Raiders,3.0,77.0,GlazDe00,delmar-glaze-1,Delmar Glaze,OT,Maryland,6-4,315.0,5.21,,25.5,104.0,,
2024,,,,,,,Matthew Goncalves,OT,Pittsburgh,6-6,327.0,,,,,,
2024,,,,,,,Franklin Gore,RB,Southern Mississippi,5-8,201.0,,12.0,,,,
2024,2024.0,Indianapolis Colts,5.0,142.0,GoulAn00,anthony-gould-1,Anthony Gould,WR,Oregon St.,5-8,174.0,4.39,,39.5,129.0,,4.16
2024,2024.0,Buffalo Bills,6.0,204.0,GrabTy00,tylan-grable-1,Tylan Grable,OT,Central Florida,6-6,306.0,4.95,,36.5,117.0,,
2024,2024.0,Tennessee Titans,4.0,106.0,GrayCe00,cedric-gray-1,Cedric Gray,LB,North Carolina,6-2,234.0,4.64,17.0,35.5,120.0,,
2024,2024.0,San Francisco 49ers,2.0,64.0,GreeRe00,renardo-green-1,Renardo Green,CB,Florida St.,6-0,186.0,4.49,,37.5,130.0,,
2024,,,,,,,Garret Greenfield,OT,South Dakota St.,6-6,311.0,5.22,,38.5,113.0,7.76,4.85
2024,,,,,GrifLi00,lideatrick-griffin-1,Lideatrick Griffin,WR,Mississippi St.,5-10,181.0,4.43,,35.5,124.0,7.0,4.35
2024,2024.0,San Francisco 49ers,4.0,129.0,GuerIs00,isaac-guerendo-1,Isaac Guerendo,RB,Louisville,6-0,221.0,4.33,,41.5,129.0,6.94,4.15
2024,2024.0,Dallas Cowboys,1.0,29.0,GuytTy00,tyler-guyton-1,Tyler Guyton,OT,Oklahoma,6-8,322.0,5.19,,34.5,107.0,7.5,4.71
2024,2024.0,Kansas City Chiefs,6.0,211.0,HaddKa00,kamal-hadden-1,Kamal Hadden,CB,Tennessee,6-1,196.0,,,,,,
2024,,,,,,,Gabriel Hall,DT,Baylor,6-6,291.0,5.03,,31.5,115.0,7.65,4.67
2024,2024.0,Washington Commanders,5.0,161.0,HampDo00,dominique-hampton-1,Dominique Hampton,SAF,Washington,6-2,215.0,4.51,,39.0,122.0,6.83,4.14
2024,,,,,,,C.J. Hanson,G,Holy Cross,6-5,300.0,5.0,,33.5,115.0,,
2024,,,,,,,Myles Harden,CB,South Dakota,5-11,195.0,4.5,13.0,35.5,118.0,6.88,3.98
2024,2024.0,Buffalo Bills,6.0,219.0,HardDa02,daequan-hardy-1,Daequan Hardy,CB,Penn St.,5-9,179.0,4.38,,42.5,126.0,,
2024,2024.0,Tennessee Titans,7.0,252.0,HarrJa05,jaylen-harrell-1,Jaylen Harrell,EDGE,Michigan,6-4,250.0,,,37.0,118.0,,
2024,2024.0,Houston Texans,7.0,247.0,HarrMa08,marcus-harris-5,Marcus Harris,DT,Auburn,6-2,286.0,5.06,27.0,29.5,103.0,,
2024,2024.0,Arizona Cardinals,1.0,4.0,HarrMa09,marvin-harrison-jr-1,Marvin Harrison,WR,Ohio St.,6-3,209.0,,,,,,
2024,2024.0,Los Angeles Chargers,5.0,140.0,HartCa00,cam-hart-1,Cam Hart,CB,Notre Dame,6-3,202.0,4.5,11.0,39.5,130.0,7.12,4.24
2024,,,,,HartSa00,sam-hartman-1,Sam Hartman,QB,Notre Dame,6-1,211.0,4.8,,28.5,109.0,7.19,4.34
2024,2024.0,Seattle Seahawks,3.0,81.0,HaynCh00,christian-haynes-2,Christian Haynes,G,Connecticut,6-3,317.0,5.03,,33.0,102.0,,
2024,2024.0,Houston Texans,7.0,249.0,HendLa00,ladarius-henderson-1,LaDarius Henderson,G,Michigan,6-4,309.0,,,,,,
2024,2024.0,Kansas City Chiefs,4.0,133.0,HickJa01,jaden-hicks-1,Jaden Hicks,SAF,Washington St.,6-2,211.0,,16.0,37.5,122.0,6.88,4.37
2024,,,,,,george-holani-1,George Holani,RB,Boise St.,5-10,208.0,4.52,24.0,39.0,127.0,,4.33
2024,,,,,HolkDa00,dallin-holker-1,Dallin Holker,TE,Colorado St.,6-3,241.0,4.78,,32.5,122.0,6.83,4.21
2024,2024.0,Green Bay Packers,3.0,91.0,HoppTy00,tyron-hopper-1,Ty'Ron Hopper,LB,Missouri,6-2,231.0,,,,,,
2024,,,,,,,Jalyx Hunt,EDGE,Houston Christian University,6-4,252.0,4.64,19.0,37.5,128.0,,
2024,,,,,,,Jontrey Hunter,LB,Georgia St.,6-2,236.0,,,32.0,111.0,,
2024,,,,,,byron-murphy-ii-1,Byron Murphy II,DT,Texas,6-1,297.0,4.87,28.0,33.0,111.0,,
2024,2024.0,Tampa Bay Buccaneers,4.0,125.0,IrviBu00,markeise-irving-1,Bucky Irving,RB,Oregon,5-9,192.0,4.55,,29.5,115.0,,
2024,2024.0,Baltimore Ravens,3.0,93.0,IsaaAd00,adisa-isaac-1,Adisa Isaac,EDGE,Penn St.,6-4,247.0,4.74,,34.5,123.0,,
2024,2024.0,Los Angeles Rams,5.0,154.0,JackBr02,brennan-jackson-1,Brennan Jackson,EDGE,Washington St.,6-4,264.0,4.69,21.0,33.5,114.0,,
2024,2024.0,Tennessee Titans,6.0,182.0,JackJh00,jhaquan-jackson-1,Jha'Quan Jackson,WR,Tulane,5-9,188.0,4.42,12.0,32.0,118.0,,
2024,2024.0,Minnesota Vikings,4.0,108.0,JackKh00,khyree-jackson-1,Khyree Jackson,CB,Oregon,6-4,194.0,4.5,,36.5,133.0,,
2024,2024.0,Cincinnati Bengals,3.0,97.0,JackMc00,mckinnley-jackson-1,McKinnley Jackson,DT,Texas A&M,6-2,326.0,5.26,,23.0,106.0,,
2024,,,,,JacoCu00,curtis-jacobs-1,Curtis Jacobs,LB,Penn St.,6-1,241.0,4.58,18.0,35.0,124.0,,
2024,,,,,,dj-james-1,DJ James,CB,Auburn,6-0,175.0,4.42,,,,,
2024,2024.0,Washington Commanders,7.0,222.0,JeanJa00,javontae-jean-baptiste-1,Javontae Jean-Baptiste,EDGE,Notre Dame,6-5,239.0,4.66,,34.5,127.0,,
2024,,,,,JeffTr00,trajan-jeffcoat-1,Trajan Jeffcoat,EDGE,Arkansas,6-4,266.0,4.69,21.0,31.5,120.0,,
2024,2024.0,Jacksonville Jaguars,4.0,116.0,JeffJo01,jordan-jefferson-4,Jordan Jefferson,DT,LSU,6-3,313.0,,34.0,31.0,104.0,,
2024,2024.0,Cincinnati Bengals,2.0,49.0,JenkKr01,kris-jenkins-1,Kris Jenkins,DT,Michigan,6-3,299.0,4.91,29.0,30.0,115.0,,4.78
2024,,,,,,,Theodore Johnson,TE,Penn St.,6-6,259.0,4.57,,39.5,125.0,7.15,4.19
2024,,,,,JohnCa05,carlton-johnson-2,Carlton Johnson,CB,Fresno St.,5-11,173.0,,,,,,
2024,2024.0,Cincinnati Bengals,6.0,214.0,JohnCe01,cedric-johnson-4,Cedric Johnson,EDGE,Mississippi,6-3,260.0,4.63,25.0,38.0,122.0,,
2024,2024.0,Los Angeles Chargers,7.0,253.0,JohnCo02,cornelius-johnson-1,Cornelius Johnson,WR,Michigan,6-3,212.0,4.44,,37.5,127.0,,
2024,,,,,JohnDi02,dillon-johnson-1,Dillon Johnson,RB,Washington,6-0,217.0,4.68,,31.5,117.0,,
2024,,,,,JohnIs03,isaiah-johnson-12,Isaiah Johnson,CB,Syracuse,6-3,205.0,4.64,,38.5,129.0,,
2024,2024.0,Arizona Cardinals,5.0,162.0,JoneCh12,christian-jones-4,Christian Jones,OT,Texas,6-5,305.0,5.04,,,,8.09,4.78
2024,2024.0,Arizona Cardinals,3.0,90.0,JoneEl00,elijah-jones-3,Elijah Jones,CB,Boston Col.,6-2,185.0,4.44,,42.5,131.0,,
2024,2024.0,Jacksonville Jaguars,3.0,96.0,JoneJa14,jarrian-jones-1,Jarrian Jones,CB,Florida St.,6-0,190.0,4.38,,39.5,129.0,,
2024,,,,,JoneMa08,matthew-jones-2,Matthew Jones,G,Ohio St.,6-4,316.0,5.21,,28.0,103.0,8.19,
2024,,,,,JoneTr02,trente-jones-1,Trente Jones,G,Michigan,6-4,305.0,5.17,,27.0,109.0,7.78,4.87
2024,2024.0,Houston Texans,6.0,205.0,JordJa00,jawhar-jordan-1,Jawhar Jordan,RB,Louisville,5-10,193.0,4.56,,,,,
2024,2024.0,Cleveland Browns,2.0,54.0,HallMi00,michael-hall-jr-1,Michael Hall Jr.,DT,Ohio St.,6-3,290.0,,,,,,
2024,2024.0,Atlanta Falcons,1.0,8.0,PeniMi00,michael-penix-jr-1,Michael Penix Jr.,QB,Washington,6-2,216.0,,,,,,
2024,2024.0,Detroit Lions,2.0,61.0,RakeEn00,ennis-rakestraw-jr-1,Ennis Rakestraw Jr.,CB,Missouri,5-11,183.0,4.51,,,120.0,,
2024,2024.0,New York Giants,5.0,166.0,TracTy00,tyrone-tracy-jr-1,Tyrone Tracy Jr.,RB,Purdue,5-11,209.0,4.48,,40.0,124.0,6.81,4.06
2024,2024.0,Philadelphia Eagles,5.0,155.0,TrotJe01,jeremiah-trotter-jr-1,Jeremiah Trotter Jr.,LB,Clemson,6-0,228.0,,21.0,,,7.13,4.4
2024,2024.0,Miami Dolphins,5.0,158.0,KamaMo00,mohamed-kamara-1,Mohamed Kamara,EDGE,Colorado St.,6-1,248.0,4.57,23.0,34.5,123.0,,
2024,2024.0,Los Angeles Rams,6.0,209.0,KartJo00,joshua-karty-1,Joshua Karty,K,Stanford,6-2,207.0,,,,,,
2024,2024.0,Philadelphia Eagles,5.0,172.0,KeegTr00,trevor-keegan-1,Trevor Keegan,G,Michigan,6-5,310.0,5.24,,30.5,107.0,,
2024,2024.0,New York Jets,7.0,257.0,KeyxJa00,jaylen-key-1,Jaylen Key,SAF,Alabama,6-1,208.0,4.6,,36.5,130.0,,
2024,2024.0,Los Angeles Rams,3.0,99.0,KincKa00,kamren-kinchens-1,Kamren Kinchens,SAF,Miami,5-11,203.0,4.65,,35.0,110.0,,
2024,2024.0,Green Bay Packers,7.0,255.0,KingKa00,kalen-king-1,Kalen King,CB,Penn St.,5-11,191.0,4.61,,37.0,122.0,,4.16
2024,2024.0,San Francisco 49ers,6.0,215.0,KingJa02,jarrett-kingston-1,Jarrett Kingston,G,USC,6-4,306.0,5.02,,31.5,111.0,7.53,4.47
2024,2024.0,Dallas Cowboys,2.0,56.0,KneeMa00,marshawn-kneeland-1,Marshawn Kneeland,EDGE,Western Michigan,6-3,267.0,4.75,21.0,35.5,119.0,7.02,4.18
2024,2024.0,Seattle Seahawks,4.0,118.0,KnigTy00,tyrice-knight-1,Tyrice Knight,LB,Texas-El Paso,6-1,233.0,4.63,21.0,34.5,119.0,7.25,4.4
2024,,,,,KnoxTr00,trey-knox-1,Trey Knox,TE,South Carolina,6-3,240.0,,,32.5,121.0,7.09,4.54
2024,2024.0,Houston Texans,2.0,42.0,LassKa00,kamari-lassiter-1,Kamari Lassiter,CB,Georgia,6-0,186.0,,,,,6.62,4.12
2024,,,,,LathBr00,brady-latham-1,Brady Latham,G,Arkansas,6-5,304.0,5.31,,29.0,110.0,7.57,4.47
2024,2024.0,Tennessee Titans,1.0,7.0,LathJC00,jc-latham-1,JC Latham,OT,Alabama,6-6,342.0,,,,,,
2024,2024.0,Indianapolis Colts,1.0,15.0,LatuLa00,laiatu-latu-1,Laiatu Latu,EDGE,UCLA,6-5,259.0,4.64,,32.0,116.0,,
2024,,,,,,,Dylan Laube,RB,New Hampshire,5-10,206.0,4.54,23.0,37.0,118.0,6.84,4.02
2024,2024.0,Seattle Seahawks,6.0,179.0,LaumSa00,sataoa-laumea-1,Sataoa Laumea,G,Utah,6-4,319.0,,,26.0,104.0,,
2024,2024.0,Baltimore Ravens,6.0,218.0,LearDe00,devin-leary-1,Devin Leary,QB,Kentucky,6-1,215.0,,,,,,
2024,,,,,,,Matt Lee,C,Miami,6-4,301.0,5.03,,31.0,111.0,,
2024,2024.0,Pittsburgh Steelers,6.0,178.0,LeexLo00,logan-lee-2,Logan Lee,DT,Iowa,6-5,281.0,5.05,25.0,31.5,114.0,7.16,4.37
2024,2024.0,Carolina Panthers,1.0,32.0,LegeXa00,xavier-legette-1,Xavier Legette,WR,South Carolina,6-1,221.0,4.39,,40.0,126.0,,
2024,,,,,,kaitori-leveston-1,Kaitori Leveston,G,Kansas St.,6-4,326.0,5.38,,27.5,108.0,,4.89
2024,2024.0,Los Angeles Rams,6.0,217.0,LimmBe00,beaux-limmer-1,Beaux Limmer,C,Arkansas,6-5,302.0,5.22,,36.5,110.0,7.47,4.57
2024,2024.0,Jacksonville Jaguars,6.0,212.0,LittCa00,cam-little-1,Cam Little,K,Arkansas,6-1,172.0,,,,,,
2024,2024.0,Dallas Cowboys,3.0,87.0,LiufMa00,marist-liufau-1,Marist Liufau,LB,Notre Dame,6-2,234.0,4.64,,,,,
2024,2024.0,Green Bay Packers,3.0,88.0,LloyMa00,marshawn-lloyd-1,MarShawn Lloyd,RB,USC,5-9,220.0,4.46,25.0,36.0,118.0,,
2024,2024.0,Atlanta Falcons,6.0,197.0,LoguZi00,zion-logue-1,Zion Logue,DT,Georgia,6-6,314.0,5.14,,29.0,109.0,,4.92
2024,2024.0,Washington Commanders,5.0,139.0,MageJo00,jordan-magee-1,Jordan Magee,LB,Temple,6-1,228.0,4.55,,35.5,124.0,,
2024,2024.0,Detroit Lions,6.0,210.0,MahoCh00,christian-mahogany-1,Christian Mahogany,G,Boston Col.,6-3,314.0,5.13,,32.5,109.0,7.81,4.53
2024,2024.0,New England Patriots,1.0,3.0,MayeDr00,drake-maye-1,Drake Maye,QB,North Carolina,6-4,223.0,,,,,,
2024,2024.0,Washington Commanders,3.0,100.0,McCaLu00,luke-mccaffrey-1,Luke McCaffrey,WR,Rice,6-2,198.0,4.46,,36.0,121.0,6.7,4.02
2024,2024.0,Minnesota Vikings,1.0,10.0,McCaJJ00,jj-mccarthy-1,J.J. McCarthy,QB,Michigan,6-3,219.0,,,,,6.82,4.23
2024,2024.0,Atlanta Falcons,6.0,186.0,McClJa05,jase-mcclellan-1,Jase McClellan,RB,Alabama,5-10,221.0,,20.0,,,,
2024,2024.0,Los Angeles Chargers,2.0,34.0,McCoLa00,ladd-mcconkey-1,Ladd McConkey,WR,Georgia,6-0,186.0,4.39,13.0,36.0,124.0,,
2024,,,,,,,Mason McCormick,G,South Dakota St.,6-4,309.0,5.08,,35.5,117.0,7.59,4.45
2024,,,,,McGlDw00,dwight-mcglothern-1,Dwight McGlothern,CB,Arkansas,6-2,185.0,4.47,,32.0,115.0,,
2024,,,,,McGrBr00,braiden-mcgregor-1,Braiden McGregor,EDGE,Michigan,6-5,257.0,,,,,,
2024,2024.0,New Orleans Saints,2.0,41.0,McKiKo00,kool-aid-mckinstry-1,Kool-Aid McKinstry,CB,Alabama,6-0,199.0,,,,,,
2024,2024.0,Cincinnati Bengals,6.0,194.0,McLaTa00,tanner-mclachlan-2,Tanner McLachlan,TE,Arizona,6-5,244.0,4.61,,35.0,117.0,,
2024,2024.0,Philadelphia Eagles,6.0,190.0,McMaDy00,dylan-mcmahon-1,Dylan McMahon,C,North Carolina St.,6-3,299.0,5.1,,33.0,115.0,7.26,4.33
2024,2024.0,Tampa Bay Buccaneers,3.0,92.0,McMiJa01,jalen-mcmillan-1,Jalen McMillan,WR,Washington,6-1,197.0,4.47,,37.0,127.0,6.94,4.18
2024,,,,,,patrick-mcmorris-1,Patrick McMorris,SAF,California,6-0,207.0,,14.0,31.0,112.0,,
2024,2024.0,New Orleans Saints,5.0,170.0,MeanBu00,bub-means-1,Bub Means,WR,Pittsburgh,6-1,212.0,4.43,19.0,39.5,122.0,,
2024,2024.0,Arizona Cardinals,2.0,43.0,MeltMa00,max-melton-1,Max Melton,CB,Rutgers,5-11,187.0,4.39,,40.5,136.0,,
2024,,,,,MeviHa01,harrison-mevis-1,Harrison Mevis,K,Missouri,6-0,241.0,,,,,,
2024,2024.0,New England Patriots,6.0,193.0,MiltJo00,joe-milton-2,Joe Milton,QB,Tennessee,6-5,235.0,,,35.0,121.0,,
2024,,,,,MiltKe01,kendall-milton-1,Kendall Milton,RB,Georgia,6-2,225.0,4.62,18.0,35.5,124.0,,4.38
2024,2024.0,Cincinnati Bengals,1.0,18.0,MimsAm00,amarius-mims-1,Amarius Mims,OT,Georgia,6-8,340.0,5.07,,25.5,111.0,,
2024,2024.0,Indianapolis Colts,2.0,52.0,MitcAd00,adonai-mitchell-1,Adonai Mitchell,WR,Texas,6-2,205.0,4.34,,39.5,136.0,,
2024,2024.0,Philadelphia Eagles,1.0,22.0,MitcQu00,quinyon-mitchell-1,Quinyon Mitchell,CB,Toledo,6-0,195.0,4.33,20.0,38.0,122.0,,
2024,2024.0,Green Bay Packers,5.0,163.0,MonkJa00,jacob-monk-1,Jacob Monk,C,Duke,6-3,308.0,5.09,,29.5,108.0,,
2024,2024.0,Green Bay Packers,1.0,25.0,MorgJo03,jordan-morgan-3,Jordan Morgan,OT,Arizona,6-5,311.0,5.04,,28.0,110.0,,
2024,2024.0,New York Giants,6.0,183.0,MuasDa00,darius-muasau-1,Darius Muasau,LB,UCLA,6-0,225.0,4.7,,36.5,117.0,,
2024,,,,,MurpGa00,gabriel-murphy-1,Gabriel Murphy,EDGE,UCLA,6-2,247.0,4.68,25.0,39.5,123.0,,
2024,,,,,MurpMy01,myles-murphy-2,Myles Murphy,DT,North Carolina,6-4,309.0,5.2,,28.5,106.0,,4.81
2024,2024.0,San Francisco 49ers,4.0,124.0,MustMa00,malik-mustapha-1,Malik Mustapha,SAF,Wake Forest,5-10,209.0,,22.0,,,,
2024,2024.0,New York Giants,1.0,6.0,NabeMa00,malik-nabers-1,Malik Nabers,WR,LSU,6-0,200.0,,,,,,
2024,2024.0,Washington Commanders,2.0,36.0,NewtJe00,jerzhan-newton-1,Jer'Zhan Newton,DT,Illinois,6-2,304.0,,,,,,
2024,2024.0,Cincinnati Bengals,5.0,149.0,NewtJo00,josh-newton-1,Josh Newton,CB,TCU,5-11,190.0,4.51,15.0,34.0,124.0,,4.15
2024,2024.0,Denver Broncos,1.0,12.0,NixxBo00,bo-nix-1,Bo Nix,QB,Oregon,6-2,214.0,,,,,,
2024,,,,,NjonMa00,maema-njongmeta-1,Maema Njongmeta,LB,Wisconsin,6-0,229.0,4.91,,,,,4.66
2024,2024.0,Kansas City Chiefs,5.0,159.0,NourHu00,hunter-nourzad-1,Hunter Nourzad,C,Penn St.,6-3,317.0,,,,,,
2024,2024.0,New York Giants,2.0,47.0,NubiTy00,tyler-nubin-1,Tyler Nubin,SAF,Minnesota,6-1,199.0,,,,,,
2024,,,,,NugeDr00,drake-nugent-1,Drake Nugent,C,Michigan,6-2,298.0,5.23,,29.5,101.0,7.33,4.5
2024,2024.0,Chicago Bears,1.0,9.0,OdunRo00,rome-odunze-1,Rome Odunze,WR,Washington,6-3,212.0,4.45,,39.0,124.0,6.88,4.03
2024,,,,,,,Eyabi Okie-Anoma,EDGE,Charlotte,6-5,260.0,,,,,,
2024,,,,,,,Olakitan Oladapo,SAF,Oregon St.,6-2,216.0,4.58,15.0,36.0,117.0,,
2024,2024.0,Atlanta Falcons,2.0,35.0,OrhoRu00,ruke-orhorhoro-1,Ruke Orhorhoro,DT,Clemson,6-4,294.0,4.89,29.0,32.0,116.0,,
2024,,,,,OwenTy00,tyler-owens-2,Tyler Owens,SAF,Texas Tech,6-2,216.0,,,41.0,146.0,,
2024,2024.0,Miami Dolphins,2.0,55.0,PaulPa01,patrick-paul-1,Patrick Paul,OT,Houston,6-8,331.0,5.13,,29.0,,7.65,
2024,,,,,PearJu00,julian-pearl-1,Julian Pearl,OT,Illinois,6-6,312.0,,,,,,
2024,2024.0,San Francisco 49ers,1.0,31.0,PearRi00,ricky-pearsall-1,Ricky Pearsall,WR,Florida,6-1,189.0,4.41,17.0,42.0,129.0,6.64,4.05
2024,2024.0,New York Giants,3.0,70.0,PhilAn02,andru-phillips-1,Andru Phillips,CB,Kentucky,5-11,190.0,4.48,,42.0,135.0,,
2024,,,,,PinePr00,prince-pines-2,Prince Pines,G,Tulane,6-5,322.0,5.34,,30.0,,,
2024,2024.0,New England Patriots,2.0,37.0,PolkJa00,jalynn-polk-1,Ja'Lynn Polk,WR,Washington,6-1,203.0,4.52,,37.5,129.0,,
2024,2024.0,Las Vegas Raiders,2.0,44.0,PoweJa00,jackson-powers-johnson-1,Jackson Powers-Johnson,C,Oregon,6-3,328.0,,,32.0,104.0,,
2024,,,,,,,Sedrick Van Pran-Granger,C,Georgia,6-4,298.0,5.2,,,,7.46,4.82
2024,2024.0,Green Bay Packers,7.0,245.0,PratMi00,michael-pratt-1,Michael Pratt,QB,Tulane,6-3,217.0,,,36.0,114.0,7.2,4.23
2024,2024.0,Jacksonville Jaguars,5.0,153.0,PrinDe01,deantre-prince-1,Deantre Prince,CB,Mississippi,6-0,183.0,4.38,,34.5,125.0,,
2024,2024.0,Seattle Seahawks,5.0,136.0,PritNe00,nehemiah-pritchett-1,Nehemiah Pritchett,CB,Auburn,6-0,190.0,4.36,,34.5,,,
2024,,,,,ProcJo00,josh-proctor-1,Josh Proctor,SAF,Ohio St.,6-2,199.0,4.55,,32.5,121.0,,
2024,2024.0,San Francisco 49ers,3.0,86.0,PuniDo00,dominick-puni-1,Dominick Puni,G,Kansas,6-5,313.0,5.35,,30.0,107.0,7.47,4.4
2024,,,,,RandKe01,keith-randolph-jr-1,Keith Randolph,DT,Illinois,6-4,296.0,5.15,,28.5,105.0,,
2024,2024.0,New Orleans Saints,5.0,150.0,RattSp00,spencer-rattler-1,Spencer Rattler,QB,South Carolina,6-0,211.0,4.95,,32.0,108.0,7.21,4.37
2024,,,,,RaymAn00,andrew-raym-1,Andrew Raym,C,Oklahoma,6-4,314.0,5.42,,24.5,95.0,,
2024,,,,,ReedAu00,austin-reed-2,Austin Reed,QB,Western Kentucky,6-2,220.0,4.82,,,,,
2024,,,,,RehkRy00,ryan-rehkow-1,Ryan Rehkow,P,BYU,6-4,235.0,,,,,,
2024,2024.0,Minnesota Vikings,6.0,203.0,ReicWi00,will-reichard-1,Will Reichard,K,Alabama,6-1,187.0,,,,,,
2024,2024.0,Arizona Cardinals,3.0,82.0,ReimTi00,tip-reiman-1,Tip Reiman,TE,Illinois,6-5,271.0,4.64,28.0,33.5,121.0,7.02,4.26
2024,2024.0,Los Angeles Chargers,7.0,225.0,RiceBr00,brenden-rice-1,Brenden Rice,WR,USC,6-2,208.0,4.5,13.0,36.5,119.0,,
2024,2024.0,Las Vegas Raiders,4.0,112.0,RichDe01,decamerion-richardson-1,Decamerion Richardson,CB,Mississippi St.,6-2,188.0,4.34,,35.0,128.0,,
2024,,,,,RichDe02,demani-richardson-1,Demani Richardson,SAF,Texas A&M,6-1,210.0,4.6,,31.0,116.0,,
2024,,,,,,,Chop Robinson,EDGE,Penn St.,6-3,254.0,4.48,,34.5,128.0,,4.25
2024,2024.0,Arizona Cardinals,1.0,27.0,RobiDa01,darius-robinson-2,Darius Robinson,DE,Missouri,6-5,285.0,4.95,21.0,35.0,111.0,,
2024,2024.0,Jacksonville Jaguars,5.0,167.0,RobiKe03,keilan-robinson-1,Keilan Robinson,RB,Texas,5-8,191.0,4.42,,33.0,125.0,,
2024,2024.0,New England Patriots,4.0,103.0,RobiLa02,layden-robinson-1,Layden Robinson,G,Texas A&M,6-4,302.0,,,26.5,111.0,,
2024,,,,,RobiTa01,tayvion-robinson-1,Tayvion Robinson,WR,Kentucky,5-11,191.0,,,,,,
2024,2024.0,Dallas Cowboys,7.0,244.0,RogeJu01,justin-rogers-4,Justin Rogers,DT,Auburn,6-3,330.0,,21.0,24.5,99.0,,4.87
2024,,,,,RolaCh00,christian-roland-wallace-1,Christian Roland-Wallace,CB,USC,6-0,201.0,,17.0,,,,
2024,,,,,RoseMa00,marcus-rosemy-jacksaint-1,Marcus Rosemy-Jacksaint,WR,Georgia,6-1,195.0,,,35.0,119.0,,
2024,2024.0,Baltimore Ravens,2.0,62.0,RoseRo01,roger-rosengarten-1,Roger Rosengarten,OT,Washington,6-5,308.0,4.92,,30.0,113.0,,4.6
2024,2024.0,Minnesota Vikings,6.0,177.0,RousWa00,walter-rouse-1,Walter Rouse,OT,Oklahoma,6-6,313.0,,,,,,
2024,2024.0,Washington Commanders,2.0,50.0,SainMi00,mike-sainristil-1,Mike Sainristil,CB,Michigan,5-9,182.0,4.47,14.0,40.0,131.0,6.99,4.01
2024,,,,,,,Andre' Sam,SAF,LSU,5-11,191.0,4.59,,36.0,123.0,,
2024,2024.0,Baltimore Ravens,7.0,228.0,SamaNi00,nick-samac-1,Nick Samac,C,Michigan St.,6-4,307.0,,,,,,
2024,2024.0,Carolina Panthers,4.0,101.0,SandJa01,jatavion-sanders-1,Ja'Tavion Sanders,TE,Texas,6-4,245.0,4.69,,,,,4.32
2024,,,,,SchrCo00,cody-schrader-1,Cody Schrader,RB,Missouri,5-9,202.0,4.61,,33.0,,,
2024,2024.0,Philadelphia Eagles,4.0,127.0,ShipWi00,will-shipley-1,Will Shipley,RB,Clemson,5-11,206.0,,,,,,
2024,,,,,,,Jaden Shirden,RB,Monmouth,5-8,187.0,4.45,,34.5,117.0,,
2024,2024.0,Indianapolis Colts,5.0,164.0,SimpJa00,jaylin-simpson-1,Jaylin Simpson,SAF,Auburn,6-0,179.0,4.45,,39.5,133.0,,
2024,2024.0,Washington Commanders,2.0,53.0,SinnBe00,ben-sinnott-1,Ben Sinnott,TE,Kansas St.,6-4,250.0,4.68,,40.0,126.0,6.82,4.23
2024,,,,,SlovKe00,kedon-slovis-1,Kedon Slovis,QB,BYU,6-3,223.0,4.55,,30.0,118.0,,
2024,2024.0,Philadelphia Eagles,5.0,152.0,SmitAi00,ainias-smith-1,Ainias Smith,WR,Texas A&M,5-9,190.0,,21.0,,,,
2024,2024.0,Jacksonville Jaguars,2.0,48.0,SmitMa07,maason-smith-1,Maason Smith,DT,LSU,6-5,306.0,5.01,,31.0,108.0,7.62,4.69
2024,2024.0,Tampa Bay Buccaneers,3.0,89.0,SmitTy05,tykee-smith-1,Tykee Smith,SAF,Georgia,5-10,202.0,4.46,,36.0,120.0,,
2024,2024.0,Carolina Panthers,5.0,157.0,SmitCh05,chau-smith-wade-1,Chau Smith-Wade,CB,Washington St.,5-10,184.0,4.54,18.0,34.5,125.0,7.05,4.32
2024,2024.0,Buffalo Bills,5.0,168.0,SoloJa00,javon-solomon-1,Javon Solomon,EDGE,Troy,6-1,246.0,4.72,23.0,37.0,119.0,,
2024,,,,,SpanBr00,brevyn-spann-ford-1,Brevyn Spann-Ford,TE,Minnesota,6-7,260.0,4.77,,31.5,116.0,7.38,
2024,,,,,,,Fabien Lovett Sr.,DT,Florida St.,6-4,314.0,,,,,,
2024,2024.0,Los Angeles Chargers,5.0,137.0,StilTa00,tarheeb-still-1,Tarheeb Still,CB,Maryland,6-0,189.0,4.52,,38.0,120.0,,
2024,2024.0,Houston Texans,4.0,123.0,StovCa00,cade-stover-1,Cade Stover,TE,Ohio St.,6-4,247.0,4.65,,34.5,117.0,,4.45
2024,2024.0,Kansas City Chiefs,2.0,63.0,SuamKi00,kingsley-suamataia-1,Kingsley Suamataia,OT,BYU,6-5,326.0,5.04,,28.0,110.0,,
2024,,,,,,,Jalen Sundell,C,North Dakota St.,6-5,301.0,,,,,,
2024,2024.0,Tennessee Titans,2.0,38.0,SweaTV01,tvondre-sweat-1,T'Vondre Sweat,DT,Texas,6-5,366.0,5.27,,26.0,98.0,,
2024,,,,,,,Marques Tampa,CB,Iowa St.,6-1,189.0,,,,,,
2024,,,,,TaylLe02,leonard-taylor-3,Leonard Taylor,DT,Miami,6-4,303.0,5.12,,30.0,109.0,7.81,
2024,2024.0,Chicago Bears,4.0,122.0,TaylTo01,tory-taylor-1,Tory Taylor,P,Iowa,6-4,223.0,,,,,,
2024,2024.0,Arizona Cardinals,4.0,104.0,TaylDa02,dadrion-taylor-demerson-1,Dadrion Taylor-Demerson,SAF,Texas Tech,5-10,197.0,4.41,,38.0,123.0,,
2024,,,,,,,Nathan Thomas,OT,Louisiana,6-5,332.0,5.19,,25.0,107.0,8.01,
2024,2024.0,Jacksonville Jaguars,1.0,23.0,ThomBr06,brian-thomas-jr-1,Brian Thomas,WR,LSU,6-3,209.0,4.33,11.0,38.5,126.0,,
2024,2024.0,Arizona Cardinals,5.0,138.0,ThomXa01,xavier-thomas-1,Xavier Thomas,EDGE,Clemson,6-2,244.0,4.62,26.0,32.5,120.0,,
2024,2024.0,Cleveland Browns,5.0,156.0,ThraJa01,jamari-thrash-1,Jamari Thrash,WR,Louisville,6-0,188.0,4.46,,34.0,120.0,7.16,
2024,,,,,TorrRo00,ro-torrence-1,Ro Torrence,CB,Arizona St.,6-3,208.0,,,,,,
2024,2024.0,New York Jets,5.0,171.0,TravJo00,jordan-travis-1,Jordan Travis,QB,Florida St.,6-1,200.0,,,,,,
2024,2024.0,Atlanta Falcons,3.0,74.0,TricBr00,bralen-trice-1,Bralen Trice,EDGE,Washington,6-4,245.0,4.72,,,,,
2024,,,,,TupuZi00,zion-tupuola-fetui-1,Zion Tupuola-Fetui,EDGE,Washington,6-3,244.0,,,,,,
2024,,,,,TurnCh00,charles-turner-2,Charles Turner,C,LSU,6-4,303.0,,,31.0,109.0,7.88,4.62
2024,2024.0,Minnesota Vikings,1.0,17.0,TurnDa01,dallas-turner-1,Dallas Turner,EDGE,Alabama,6-3,247.0,4.46,,40.5,127.0,,
2024,,,,,UgwoDa00,david-ugwoegbu-1,David Ugwoegbu,EDGE,Houston,6-4,250.0,,21.0,31.5,,,
2024,2024.0,Buffalo Bills,5.0,160.0,UlofEd00,edefuan-ulofoshio-1,Edefuan Ulofoshio,LB,Washington,6-1,236.0,4.56,,39.5,128.0,,
2024,2024.0,Detroit Lions,4.0,132.0,VakiSi00,sione-vaki-1,Sione Vaki,SAF,Utah,5-11,210.0,4.62,20.0,39.5,125.0,,
2024,2024.0,Denver Broncos,7.0,235.0,VeleDe00,devaughn-vele-1,Devaughn Vele,WR,Utah,6-4,203.0,4.47,,36.0,126.0,,
2024,2024.0,Los Angeles Rams,1.0,19.0,VersJa00,jared-verse-1,Jared Verse,EDGE,Florida St.,6-4,254.0,4.58,31.0,35.0,127.0,7.31,4.44
2024,2024.0,Los Angeles Chargers,6.0,181.0,VidaKi00,kimani-vidal-1,Kimani Vidal,RB,Troy,5-8,213.0,4.46,18.0,37.5,120.0,7.01,4.15
2024,2024.0,Baltimore Ravens,4.0,113.0,WalkDe01,devontez-walker-1,Devontez Walker,WR,North Carolina,6-2,193.0,4.36,,40.5,134.0,,
2024,2024.0,New England Patriots,3.0,68.0,WallCa00,caedan-wallace-1,Caedan Wallace,OT,Penn St.,6-5,314.0,5.15,,31.0,116.0,,
2024,,,,,WallJo00,josh-wallace-1,Josh Wallace,CB,Michigan,5-11,185.0,,13.0,34.5,120.0,,4.35
2024,2024.0,Carolina Panthers,3.0,72.0,WallTr00,trevin-wallace-1,Trevin Wallace,LB,Kentucky,6-1,237.0,4.51,,37.5,127.0,,
2024,,,,,,tahj-washington-1,Tahj Washington,WR,USC,5-10,174.0,,,35.0,122.0,,
2024,2024.0,Miami Dolphins,6.0,184.0,WashMa00,malik-washington-1,Malik Washington,WR,Virginia,5-9,191.0,4.47,19.0,42.5,126.0,,
2024,2024.0,Cleveland Browns,6.0,206.0,WatsNa00,nathaniel-watson-1,Nathaniel Watson,LB,Mississippi St.,6-2,233.0,4.63,,31.0,111.0,,
2024,,,,,WattEr00,eric-watts-1,Eric Watts,DE,Connecticut,6-6,274.0,4.67,21.0,36.5,117.0,7.59,4.73
2024,2024.0,Pittsburgh Steelers,6.0,195.0,WattRy00,ryan-watts-1,Ryan Watts,CB,Texas,6-3,208.0,4.53,,40.5,125.0,6.82,4.13
2024,,,,,WeavXa00,xavier-weaver-1,Xavier Weaver,WR,Colorado,6-0,169.0,,,,,,
2024,,,,,WestJa01,jack-westover-1,Jack Westover,TE,Washington,6-3,243.0,,,,,,
2024,2024.0,Los Angeles Rams,6.0,213.0,WhitJo04,jordan-whittington-2,Jordan Whittington,WR,Texas,6-1,205.0,,18.0,,,,
2024,2024.0,Baltimore Ravens,1.0,30.0,WiggNa00,nate-wiggins-1,Nate Wiggins,CB,Clemson,6-1,173.0,4.28,,36.0,127.0,,
2024,2024.0,Kansas City Chiefs,4.0,131.0,WileJa00,jared-wiley-1,Jared Wiley,TE,TCU,6-6,249.0,4.62,,37.0,118.0,7.19,
2024,,,,,WileMi01,michael-wiley-3,Michael Wiley,RB,Arizona,5-11,210.0,4.51,,33.5,119.0,,4.43
2024,2024.0,Chicago Bears,1.0,1.0,WillCa03,caleb-williams-3,Caleb Williams,QB,USC,6-1,214.0,,,,,,
2024,2024.0,Green Bay Packers,4.0,111.0,WillEv00,evan-williams-3,Evan Williams,SAF,Oregon,5-11,200.0,4.6,,40.5,126.0,,
2024,,,,,WillIs03,isaiah-williams-7,Isaiah Williams,WR,Illinois,5-9,182.0,4.63,17.0,38.0,123.0,6.75,
2024,2024.0,Tennessee Titans,7.0,242.0,WillJa15,james-williams-16,James Williams,SAF,Miami,6-4,231.0,4.65,,30.0,117.0,,
2024,,,,,WillMi09,miyan-williams-1,Miyan Williams,RB,Ohio St.,5-9,229.0,,,,,,
2024,2024.0,Philadelphia Eagles,6.0,185.0,WilsJo03,johnny-wilson-3,Johnny Wilson,WR,Florida St.,6-6,231.0,4.52,,37.0,128.0,,4.11
2024,2024.0,Pittsburgh Steelers,3.0,98.0,WilsPa00,payton-wilson-1,Payton Wilson,LB,North Carolina St.,6-4,233.0,4.43,,34.5,119.0,,
2024,2024.0,Pittsburgh Steelers,3.0,84.0,WilsRo02,roman-wilson-1,Roman Wilson,WR,Michigan,5-11,185.0,4.39,12.0,,,,
2024,2024.0,Detroit Lions,6.0,189.0,WingMe00,mekhi-wingo-1,Mekhi Wingo,DT,LSU,6-0,284.0,4.85,25.0,31.5,109.0,,
2024,2024.0,Kansas City Chiefs,1.0,28.0,WortXa00,xavier-worthy-1,Xavier Worthy,WR,Texas,5-11,165.0,4.21,,41.0,131.0,,
2024,2024.0,Miami Dolphins,4.0,120.0,WrigJa04,jaylen-wright-1,Jaylen Wright,RB,Tennessee,5-11,210.0,4.38,,38.0,134.0,,
2024,2024.0,Cleveland Browns,3.0,85.0,ZintZa00,zak-zinter-1,Zak Zinter,G,Michigan,6-6,309.0,,,,,,
