season,round,pick,team,gsis_id,pfr_player_id,cfb_player_id,pfr_player_name,hof,position,category,side,college,age,to,allpro,probowls,seasons_started,w_av,car_av,dr_av,games,pass_completions,pass_attempts,pass_yards,pass_tds,pass_ints,rush_atts,rush_yards,rush_tds,receptions,rec_yards,rec_tds,def_solo_tackles,def_ints,def_sacks
2015,1,1,TAM,00-0031503,WinsJa00,jameis-winston-1,Jameis Winston,False,QB,QB,O,Florida St.,21.0,2025.0,0,1,5,63.0,,54.0,108.0,1981.0,3244.0,24792.0,156.0,113.0,330.0,1320.0,13.0,1.0,33.0,1.0,,,
2015,1,2,TEN,00-0032268,MariMa01,marcus-mariota-1,Marcus Mariota,False,QB,QB,O,Oregon,21.0,2025.0,0,0,5,60.0,,43.0,104.0,1500.0,2389.0,17879.0,107.0,62.0,425.0,2453.0,19.0,2.0,62.0,1.0,1.0,,
2015,1,3,JAX,00-0032052,FowlDa00,dante-fowler-jr-1,Dante Fowler,False,OLB,LB,D,Florida,21.0,2025.0,0,0,2,31.0,,5.0,159.0,0.0,0.0,0.0,0.0,0.0,0.0,0.0,0.0,0.0,0.0,0.0,202.0,1.0,58.5
2015,1,4,OAK,00-0031544,CoopAm00,amari-cooper-1,Amari Cooper,False,WR,WR,O,Alabama,21.0,2024.0,0,5,9,66.0,,22.0,154.0,0.0,1.0,0.0,0.0,1.0,14.0,41.0,0.0,711.0,10033.0,64.0,2.0,,
2015,1,5,WAS,00-0032053,ScheBr00,brandon-scherff-1,Brandon Scherff,False,T,OL,O,Iowa,23.0,2024.0,1,5,10,62.0,,45.0,140.0,0.0,0.0,0.0,0.0,0.0,0.0,0.0,0.0,0.0,0.0,0.0,1.0,,
2015,1,6,NYJ,00-0031933,WillLe02,leonard-williams-1,Leonard Williams,False,DE,DL,D,USC,21.0,2025.0,0,3,9,78.0,,26.0,175.0,0.0,0.0,0.0,0.0,0.0,0.0,0.0,0.0,0.0,0.0,0.0,331.0,2.0,61.5
2015,1,7,CHI,00-0031545,WhitKe00,kevin-white-6,Kevin White,False,WR,WR,O,West Virginia,23.0,2022.0,0,0,0,3.0,,2.0,30.0,0.0,0.0,0.0,0.0,0.0,1.0,9.0,0.0,28.0,397.0,0.0,2.0,,
2015,1,8,ATL,00-0032240,BeasVi00,vic-beasley-1,Vic Beasley,False,OLB,LB,D,Clemson,23.0,2020.0,1,1,5,32.0,,32.0,88.0,0.0,0.0,0.0,0.0,0.0,0.0,0.0,0.0,0.0,0.0,0.0,122.0,1.0,37.5
2015,1,9,NYG,00-0032259,FlowEr00,ereck-flowers-1,Ereck Flowers,False,T,OL,O,Miami (FL),21.0,2021.0,0,0,7,35.0,,18.0,105.0,0.0,0.0,0.0,0.0,0.0,0.0,0.0,0.0,1.0,-11.0,0.0,,,
2015,1,10,STL,00-0032241,GurlTo01,todd-gurley-1,Todd Gurley,False,RB,RB,O,Georgia,21.0,2020.0,2,3,6,54.0,,50.0,88.0,0.0,0.0,0.0,0.0,0.0,1460.0,6082.0,67.0,243.0,2254.0,12.0,,,
2015,1,11,MIN,00-0031546,WaynTr00,trae-waynes-1,Trae Waynes,False,CB,DB,D,Michigan St.,23.0,2021.0,0,0,3,18.0,,18.0,79.0,0.0,0.0,0.0,0.0,0.0,0.0,0.0,0.0,0.0,0.0,0.0,226.0,7.0,1.0
2015,1,12,CLE,00-0032143,ShelDa01,danny-shelton-1,Danny Shelton,False,NT,DL,D,Washington,22.0,2022.0,0,0,5,33.0,,15.0,101.0,0.0,0.0,0.0,0.0,0.0,0.0,0.0,0.0,0.0,0.0,0.0,138.0,,6.0
2015,1,13,NOR,00-0032203,PeatAn00,andrus-peat-1,Andrus Peat,False,T,OL,O,Stanford,21.0,2025.0,0,3,7,53.0,,52.0,132.0,0.0,0.0,0.0,0.0,0.0,0.0,0.0,0.0,0.0,0.0,0.0,,,
2015,1,14,MIA,00-0031547,ParkDe01,devante-parker-1,DeVante Parker,False,WR,WR,O,Louisville,22.0,2023.0,0,0,6,36.0,,32.0,119.0,0.0,0.0,0.0,0.0,0.0,0.0,0.0,0.0,402.0,5660.0,27.0,3.0,,
2015,1,15,SDG,00-0032144,GordMe00,melvin-gordon-1,Melvin Gordon,False,RB,RB,O,Wisconsin,22.0,2023.0,0,2,7,51.0,,38.0,112.0,0.0,0.0,0.0,0.0,0.0,1593.0,6543.0,56.0,312.0,2513.0,14.0,,,
2015,1,16,HOU,00-0031548,JohnKe04,kevin-johnson-7,Kevin Johnson,False,CB,DB,D,Wake Forest,23.0,2020.0,0,0,0,11.0,,8.0,64.0,0.0,0.0,0.0,0.0,0.0,0.0,0.0,0.0,0.0,0.0,0.0,153.0,1.0,1.5
2015,1,17,SFO,00-0032164,ArmsAr01,arik-armstead-1,Arik Armstead,False,DT,DL,D,Oregon,21.0,2025.0,0,0,6,45.0,,40.0,149.0,0.0,0.0,0.0,0.0,0.0,0.0,0.0,0.0,0.0,0.0,0.0,211.0,,41.0
2015,1,18,KAN,00-0032165,PeteMa00,marcus-peters-1,Marcus Peters,False,CB,DB,D,Washington,22.0,2023.0,2,3,7,63.0,,32.0,116.0,0.0,0.0,0.0,0.0,0.0,0.0,0.0,0.0,0.0,0.0,0.0,312.0,33.0,2.0
2015,1,19,CLE,00-0032145,ErviCa00,cameron-erving-1,Cameron Erving,False,C,OL,O,Florida St.,23.0,2023.0,0,0,3,28.0,,6.0,98.0,0.0,0.0,0.0,0.0,0.0,0.0,0.0,0.0,0.0,0.0,0.0,,,
2015,1,20,PHI,00-0031549,AghoNe00,nelson-agholor-1,Nelson Agholor,False,WR,WR,O,USC,22.0,2024.0,0,0,7,36.0,,18.0,149.0,1.0,1.0,15.0,0.0,0.0,14.0,71.0,0.0,389.0,4858.0,37.0,1.0,,
2015,1,21,CIN,00-0032233,OgbuCe00,cedric-ogbuehi-1,Cedric Ogbuehi,False,T,OL,O,Texas A&M,23.0,2022.0,0,0,2,17.0,,11.0,67.0,0.0,0.0,0.0,0.0,0.0,0.0,0.0,0.0,0.0,0.0,0.0,,,
2015,1,22,PIT,00-0032146,DuprAl00,alvin-dupree-1,Bud Dupree,False,OLB,LB,D,Kentucky,22.0,2025.0,0,0,6,46.0,,30.0,152.0,0.0,0.0,0.0,0.0,0.0,0.0,0.0,0.0,0.0,0.0,0.0,240.0,2.0,61.0
2015,1,23,DEN,00-0032221,RayxSh00,shane-ray-1,Shane Ray,False,DE,DL,D,Missouri,22.0,2018.0,0,0,1,12.0,,12.0,49.0,0.0,0.0,0.0,0.0,0.0,0.0,0.0,0.0,0.0,0.0,0.0,64.0,,14.0
2015,1,24,ARI,00-0032222,HumpD.00,dj-humphries-1,D.J. Humphries,False,T,OL,O,Florida,21.0,2025.0,0,1,7,45.0,,44.0,108.0,0.0,0.0,0.0,0.0,0.0,0.0,0.0,0.0,0.0,0.0,0.0,,,
2015,1,25,CAR,00-0031550,ThomSh01,shaq-thompson-1,Shaq Thompson,False,OLB,LB,D,Washington,21.0,2025.0,0,0,8,43.0,,41.0,135.0,0.0,0.0,0.0,0.0,0.0,0.0,0.0,0.0,0.0,0.0,0.0,503.0,3.0,13.0
2015,1,26,BAL,00-0032054,PerrBr02,breshad-perriman-1,Breshad Perriman,False,WR,WR,O,Central Florida,21.0,2022.0,0,0,1,15.0,,4.0,80.0,0.0,0.0,0.0,0.0,0.0,11.0,16.0,0.0,145.0,2343.0,16.0,,,
2015,1,27,DAL,00-0032239,JoneBy00,byron-jones-2,Byron Jones,False,CB,DB,D,Connecticut,22.0,2021.0,0,1,7,38.0,,29.0,109.0,0.0,0.0,0.0,0.0,0.0,0.0,0.0,0.0,0.0,0.0,0.0,345.0,4.0,
2015,1,28,DET,00-0032234,TomlLa01,laken-tomlinson-1,Laken Tomlinson,False,G,OL,O,Duke,23.0,2025.0,0,1,10,55.0,,11.0,173.0,0.0,0.0,0.0,0.0,0.0,0.0,0.0,0.0,0.0,0.0,0.0,,,
2015,1,29,IND,00-0032208,DorsPh00,phillip-dorsett-1,Phillip Dorsett,False,WR,WR,O,Miami (FL),22.0,2023.0,0,0,0,16.0,,7.0,94.0,0.0,1.0,0.0,0.0,0.0,14.0,84.0,0.0,151.0,2001.0,12.0,,,
2015,1,30,GNB,00-0032251,RandDa00,damarious-randall-1,Damarious Randall,False,S,DB,D,Arizona St.,23.0,2020.0,0,0,5,21.0,,11.0,75.0,0.0,0.0,0.0,0.0,0.0,0.0,0.0,0.0,0.0,0.0,0.0,244.0,14.0,2.5
2015,1,31,NOR,00-0032102,AnthSt00,stephone-anthony-1,Stephone Anthony,False,ILB,LB,D,Clemson,23.0,2019.0,0,0,1,10.0,,9.0,62.0,0.0,0.0,0.0,0.0,0.0,0.0,0.0,0.0,0.0,0.0,0.0,97.0,1.0,1.0
2015,1,32,NWE,00-0032261,BrowMa01,malcom-brown-1,Malcom Brown,False,DT,DL,D,Texas,21.0,2021.0,0,0,6,43.0,,27.0,106.0,0.0,0.0,0.0,0.0,0.0,0.0,0.0,0.0,0.0,0.0,0.0,160.0,,13.5
2015,2,33,NYG,00-0032262,CollLa00,landon-collins-1,Landon Collins,False,S,DB,D,Alabama,21.0,2022.0,1,3,6,42.0,,32.0,100.0,0.0,0.0,0.0,0.0,0.0,0.0,0.0,0.0,0.0,0.0,0.0,489.0,12.0,11.0
2015,2,34,TAM,00-0032217,SmitDo02,donovan-smith-1,Donovan Smith,False,T,OL,O,Penn St.,22.0,2023.0,0,0,9,57.0,,53.0,136.0,0.0,0.0,0.0,0.0,0.0,0.0,0.0,0.0,1.0,0.0,0.0,,,
2015,2,35,OAK,00-0032265,EdwaMa01,mario-edwards-jr-1,Mario Edwards,False,DT,DL,D,Florida St.,21.0,2025.0,0,0,2,25.0,,10.0,141.0,0.0,0.0,0.0,0.0,0.0,0.0,0.0,0.0,0.0,0.0,0.0,128.0,,26.0
2015,2,36,JAX,00-0032209,YeldT.00,tj-yeldon-1,T.J. Yeldon,False,RB,RB,O,Alabama,21.0,2020.0,0,0,2,20.0,,19.0,60.0,0.0,0.0,0.0,0.0,0.0,492.0,2005.0,6.0,185.0,1448.0,7.0,,,
2015,2,37,NYJ,00-0031934,SmitDe04,devin-smith-2,Devin Smith,False,WR,WR,O,Ohio St.,23.0,2021.0,0,0,0,2.0,,1.0,22.0,0.0,0.0,0.0,0.0,0.0,0.0,0.0,0.0,15.0,248.0,2.0,3.0,,
2015,2,38,WAS,00-0031935,SmitPr00,preston-smith-2,Preston Smith,False,DE,DL,D,Mississippi St.,22.0,2025.0,0,0,8,55.0,,21.0,176.0,0.0,0.0,0.0,0.0,0.0,0.0,0.0,0.0,0.0,0.0,0.0,283.0,5.0,71.0
2015,2,39,CHI,00-0031551,GoldEd00,eddie-goldman-1,Eddie Goldman,False,DT,DL,D,Florida St.,21.0,2025.0,0,0,4,36.0,,32.0,111.0,0.0,0.0,0.0,0.0,0.0,0.0,0.0,0.0,0.0,0.0,0.0,133.0,,14.0
2015,2,40,TEN,00-0032218,GreeDo00,dorial-green-beckham-1,Dorial Green-Beckham,False,WR,WR,O,Oklahoma,22.0,2016.0,0,0,0,7.0,,4.0,31.0,0.0,0.0,0.0,0.0,0.0,0.0,0.0,0.0,68.0,941.0,6.0,,,
2015,2,41,CAR,00-0032055,FuncDe00,devin-funchess-1,Devin Funchess,False,WR,WR,O,Michigan,21.0,2019.0,0,0,2,20.0,,20.0,62.0,0.0,0.0,0.0,0.0,0.0,0.0,0.0,0.0,164.0,2265.0,21.0,,,
2015,2,42,ATL,00-0031552,CollJa02,jalen-collins-1,Jalen Collins,False,CB,DB,D,LSU,22.0,2016.0,0,0,0,4.0,,4.0,24.0,0.0,0.0,0.0,0.0,0.0,0.0,0.0,0.0,0.0,0.0,0.0,45.0,2.0,
2015,2,43,HOU,00-0031553,McKiBe00,benardrick-mckinney-1,Benardrick McKinney,False,ILB,LB,D,Mississippi St.,22.0,2021.0,0,1,5,44.0,,42.0,91.0,0.0,0.0,0.0,0.0,0.0,0.0,0.0,0.0,0.0,0.0,0.0,331.0,1.0,11.5
2015,2,44,NOR,00-0032056,KikaHa00,hauoli-kikaha-2,Hau'oli Kikaha,False,OLB,LB,D,Washington,23.0,2017.0,0,0,1,5.0,,5.0,27.0,0.0,0.0,0.0,0.0,0.0,0.0,0.0,0.0,0.0,0.0,0.0,39.0,,8.0
2015,2,45,MIN,00-0031554,KendEr00,eric-kendricks-1,Eric Kendricks,False,ILB,LB,D,UCLA,23.0,2025.0,1,1,10,64.0,,55.0,150.0,0.0,0.0,0.0,0.0,0.0,0.0,0.0,0.0,0.0,0.0,0.0,732.0,11.0,21.5
2015,2,46,SFO,00-0032057,TartJa00,,Jaquiski Tartt,False,S,DB,D,Samford,23.0,2021.0,0,0,4,21.0,,21.0,80.0,0.0,0.0,0.0,0.0,0.0,0.0,0.0,0.0,0.0,0.0,0.0,265.0,4.0,4.0
2015,2,47,PHI,00-0031555,RoweEr00,eric-rowe-1,Eric Rowe,False,CB,DB,D,Utah,22.0,2023.0,0,0,2,21.0,,2.0,103.0,0.0,0.0,0.0,0.0,0.0,0.0,0.0,0.0,0.0,0.0,0.0,294.0,6.0,2.0
2015,2,48,SDG,00-0032103,PerrDe00,denzel-perryman-1,Denzel Perryman,False,ILB,LB,D,Miami (FL),22.0,2025.0,0,1,7,45.0,,29.0,129.0,0.0,0.0,0.0,0.0,0.0,0.0,0.0,0.0,0.0,0.0,0.0,520.0,5.0,7.5
2015,2,49,KAN,00-0031936,MorsMi00,mitch-morse-1,Mitch Morse,False,G,OL,O,Missouri,23.0,2024.0,0,1,9,55.0,,20.0,143.0,0.0,0.0,0.0,0.0,0.0,0.0,0.0,0.0,0.0,0.0,0.0,,,
2015,2,50,BUF,00-0032195,DarbRo00,ronald-darby-1,Ronald Darby,False,CB,DB,D,Florida St.,21.0,2024.0,0,0,8,34.0,,9.0,118.0,0.0,0.0,0.0,0.0,0.0,0.0,0.0,0.0,0.0,0.0,0.0,381.0,8.0,
2015,2,51,CLE,00-0031556,OrchNa00,nate-orchard-1,Nate Orchard,False,DE,DL,D,Utah,22.0,2021.0,0,0,1,8.0,,7.0,48.0,0.0,0.0,0.0,0.0,0.0,0.0,0.0,0.0,0.0,0.0,0.0,51.0,1.0,6.0
2015,2,52,MIA,00-0031557,PhilJo01,jordan-phillips-1,Jordan Phillips,False,NT,DL,D,Oklahoma,22.0,2025.0,0,0,5,32.0,,9.0,140.0,0.0,0.0,0.0,0.0,0.0,0.0,0.0,0.0,0.0,0.0,0.0,129.0,2.0,25.0
2015,2,53,CIN,00-0032196,FishJa00,jake-fisher-1,Jake Fisher,False,T,OL,O,Oregon,22.0,2018.0,0,0,0,9.0,,9.0,48.0,0.0,0.0,0.0,0.0,0.0,0.0,0.0,0.0,2.0,43.0,0.0,,,
2015,2,54,DET,00-0032104,AbduAm00,ameer-abdullah-1,Ameer Abdullah,False,RB,RB,O,Nebraska,22.0,2025.0,0,0,2,22.0,,10.0,154.0,0.0,0.0,0.0,0.0,0.0,508.0,2054.0,9.0,219.0,1567.0,11.0,30.0,,
2015,2,55,BAL,00-0031558,WillMa04,maxx-williams-1,Maxx Williams,False,TE,TE,O,Minnesota,21.0,2022.0,0,0,2,8.0,,4.0,83.0,0.0,0.0,0.0,0.0,0.0,5.0,14.0,0.0,105.0,1012.0,6.0,7.0,,
2015,2,56,PIT,00-0032105,GolsSe00,senquez-golson-1,Senquez Golson,False,CB,DB,D,Mississippi,22.0,,0,0,0,,,,,,,,,,,,,,,,,,
2015,2,57,STL,00-0032242,HaveRo00,rob-havenstein-1,Rob Havenstein,False,T,OL,O,Wisconsin,23.0,2025.0,0,0,10,58.0,,58.0,148.0,0.0,0.0,0.0,0.0,0.0,0.0,0.0,0.0,0.0,0.0,0.0,1.0,,
2015,2,58,ARI,00-0032127,GoldMa00,markus-golden-1,Markus Golden,False,DE,DL,D,Missouri,24.0,2023.0,0,0,4,33.0,,23.0,127.0,0.0,0.0,0.0,0.0,0.0,0.0,0.0,0.0,0.0,0.0,0.0,220.0,1.0,51.0
2015,2,59,DEN,00-0032147,SambTy00,ty-sambrailo-1,Ty Sambrailo,False,T,OL,O,Colorado St.,23.0,2021.0,0,0,0,14.0,,4.0,71.0,0.0,0.0,0.0,0.0,0.0,0.0,0.0,0.0,1.0,35.0,1.0,,,
2015,2,60,DAL,00-0032197,GregRa00,randy-gregory-1,Randy Gregory,False,OLB,LB,D,Nebraska,22.0,2023.0,0,0,1,15.0,,11.0,72.0,0.0,0.0,0.0,0.0,0.0,0.0,0.0,0.0,0.0,0.0,0.0,85.0,1.0,22.0
2015,2,61,TAM,00-0032243,MarpAl00,,Ali Marpet,False,C,OL,O,Hobart,22.0,2021.0,0,1,7,43.0,,43.0,101.0,0.0,0.0,0.0,0.0,0.0,0.0,0.0,0.0,0.0,0.0,0.0,1.0,,
2015,2,62,GNB,00-0031937,RollQu00,quinten-rollins-1,Quinten Rollins,False,CB,DB,D,Miami (OH),23.0,2017.0,0,0,0,7.0,,7.0,33.0,0.0,0.0,0.0,0.0,0.0,0.0,0.0,0.0,0.0,0.0,0.0,76.0,3.0,1.0
2015,2,63,SEA,00-0032210,ClarFr01,frank-clark-1,Frank Clark,False,DE,DL,D,Michigan,22.0,2023.0,0,3,6,49.0,,20.0,128.0,0.0,0.0,0.0,0.0,0.0,0.0,0.0,0.0,0.0,0.0,0.0,184.0,2.0,58.5
2015,2,64,NWE,00-0031559,RichJo00,jordan-richards-2,Jordan Richards,False,S,DB,D,Stanford,22.0,2021.0,0,0,1,10.0,,5.0,86.0,0.0,0.0,0.0,0.0,0.0,0.0,0.0,0.0,0.0,0.0,0.0,77.0,,
2015,3,65,IND,00-0032271,SmitDJ00,djoun-smith-1,D'Joun Smith,False,CB,DB,D,Florida Atlantic,22.0,2016.0,0,0,0,0.0,,0.0,5.0,0.0,0.0,0.0,0.0,0.0,0.0,0.0,0.0,0.0,0.0,0.0,1.0,,
2015,3,66,TEN,00-0032263,PoutJe00,jeremaih-poutasi-1,Jeremiah Poutasi,False,G,OL,O,Utah,21.0,2016.0,0,0,0,3.0,,3.0,12.0,0.0,0.0,0.0,0.0,0.0,0.0,0.0,0.0,0.0,0.0,0.0,,,
2015,3,67,JAX,00-0032255,CannA.00,aj-cann-1,A.J. Cann,False,G,OL,O,South Carolina,23.0,2022.0,0,0,7,39.0,,35.0,111.0,0.0,0.0,0.0,0.0,0.0,0.0,0.0,0.0,0.0,0.0,0.0,2.0,,
2015,3,68,OAK,00-0032256,WalfCl00,clive-walford-1,Clive Walford,False,TE,TE,O,Miami (FL),23.0,2019.0,0,0,1,7.0,,7.0,52.0,0.0,0.0,0.0,0.0,0.0,0.0,4.0,0.0,74.0,825.0,6.0,,,
2015,3,69,SEA,00-0032211,LockTy00,tyler-lockett-1,Tyler Lockett,False,WR,WR,O,Kansas St.,22.0,2025.0,1,1,10,68.0,,67.0,178.0,0.0,0.0,0.0,0.0,0.0,40.0,265.0,1.0,693.0,8885.0,62.0,3.0,,
2015,3,70,HOU,00-0031560,StroJa01,jaelen-strong-1,Jaelen Strong,False,WR,WR,O,Arizona St.,21.0,2017.0,0,0,0,2.0,,2.0,20.0,0.0,0.0,0.0,0.0,0.0,0.0,0.0,0.0,31.0,330.0,4.0,,,
2015,3,71,CHI,00-0031561,GrasHr00,hroniss-grasu-1,Hroniss Grasu,False,C,OL,O,Oregon,24.0,2023.0,0,0,1,8.0,,5.0,33.0,0.0,0.0,0.0,0.0,0.0,0.0,0.0,0.0,0.0,2.0,0.0,,,
2015,3,72,STL,00-0032244,BrowJa04,jamon-brown-1,Jamon Brown,False,T,OL,O,Louisville,22.0,2020.0,0,0,3,21.0,,13.0,62.0,0.0,0.0,0.0,0.0,0.0,0.0,0.0,0.0,0.0,0.0,0.0,,,
2015,3,73,ATL,00-0032058,ColeTe01,tevin-coleman-1,Tevin Coleman,False,RB,RB,O,Indiana,22.0,2022.0,0,0,2,33.0,,25.0,94.0,0.0,0.0,0.0,0.0,0.0,789.0,3319.0,25.0,131.0,1317.0,13.0,3.0,,
2015,3,74,NYG,00-0031562,OdigOw00,owamagbe-odighizuwa-1,Owamagbe Odighizuwa,False,DE,DL,D,UCLA,23.0,2016.0,0,0,0,1.0,,1.0,18.0,0.0,0.0,0.0,0.0,0.0,0.0,0.0,0.0,0.0,0.0,0.0,4.0,,
2015,3,75,NOR,00-0032148,GrayGa00,garrett-grayson-1,Garrett Grayson,False,QB,QB,O,Colorado St.,24.0,,0,0,0,,,,,,,,,,,,,,,,,,
2015,3,76,KAN,00-0032128,ConlCh00,chris-conley-1,Chris Conley,False,WR,WR,O,Georgia,22.0,2024.0,0,0,3,23.0,,11.0,132.0,0.0,0.0,0.0,0.0,0.0,1.0,3.0,0.0,226.0,2998.0,15.0,6.0,,
2015,3,77,CLE,00-0032257,JohnDu00,duke-johnson-1,Duke Johnson,False,RB,RB,O,Miami (FL),21.0,2022.0,0,0,0,28.0,,18.0,97.0,0.0,1.0,0.0,0.0,0.0,532.0,2265.0,11.0,311.0,2870.0,12.0,2.0,,
2015,3,78,NOR,00-0032059,WillP.00,pj-williams-1,P.J. Williams,False,CB,DB,D,Florida St.,22.0,2022.0,0,0,2,19.0,,19.0,89.0,0.0,0.0,0.0,0.0,0.0,0.0,0.0,0.0,0.0,0.0,0.0,201.0,8.0,4.0
2015,3,79,SFO,00-0032060,HaroEl00,eli-harold-1,Eli Harold,False,OLB,LB,D,Virginia,21.0,2018.0,0,0,2,11.0,,11.0,61.0,0.0,0.0,0.0,0.0,0.0,0.0,0.0,0.0,0.0,0.0,0.0,65.0,,9.0
2015,3,80,DET,00-0031563,CartAl01,alex-carter-1,Alex Carter,False,CB,DB,D,Stanford,20.0,2018.0,0,0,0,0.0,,0.0,2.0,0.0,0.0,0.0,0.0,0.0,0.0,0.0,0.0,0.0,0.0,0.0,,,
2015,3,81,BUF,00-0032149,MillJo04,john-miller-1,John Miller,False,G,OL,O,Louisville,22.0,2022.0,0,0,5,31.0,,19.0,87.0,0.0,0.0,0.0,0.0,0.0,0.0,0.0,0.0,0.0,0.0,0.0,,,
2015,3,82,NYJ,00-0031564,MaulLo00,lorenzo-mauldin-1,Lorenzo Mauldin,False,OLB,LB,D,Louisville,22.0,2016.0,0,0,0,4.0,,4.0,26.0,0.0,0.0,0.0,0.0,0.0,0.0,0.0,0.0,0.0,0.0,0.0,20.0,1.0,6.5
2015,3,83,SDG,00-0032106,MageCr00,craig-mager-1,Craig Mager,False,CB,DB,D,Texas St.,23.0,2018.0,0,0,0,4.0,,4.0,24.0,0.0,0.0,0.0,0.0,0.0,0.0,0.0,0.0,0.0,0.0,0.0,29.0,1.0,
2015,3,84,PHI,00-0032129,HickJo00,jordan-hicks-1,Jordan Hicks,False,OLB,LB,D,Texas,23.0,2024.0,0,0,9,53.0,,18.0,134.0,0.0,0.0,0.0,0.0,0.0,0.0,0.0,0.0,0.0,0.0,0.0,614.0,13.0,16.5
2015,3,85,CIN,00-0032214,KrofTy00,tyler-kroft-1,Tyler Kroft,False,TE,TE,O,Rutgers,22.0,2023.0,0,0,2,9.0,,6.0,100.0,0.0,0.0,0.0,0.0,0.0,0.0,0.0,0.0,105.0,1081.0,13.0,12.0,,
2015,3,86,ARI,00-0032187,JohnDa08,,David Johnson,False,RB,RB,O,Northern Iowa,23.0,2022.0,1,1,3,42.0,,33.0,92.0,0.0,0.0,0.0,0.0,0.0,1007.0,4071.0,39.0,277.0,2805.0,18.0,3.0,,
2015,3,87,PIT,00-0032166,CoatSa00,sammie-coates-1,Sammie Coates,False,WR,WR,O,Auburn,22.0,2018.0,0,0,0,4.0,,4.0,44.0,0.0,0.0,0.0,0.0,0.0,4.0,14.0,0.0,29.0,528.0,2.0,8.0,,
2015,3,88,MIN,00-0031565,HuntDa01,danielle-hunter-1,Danielle Hunter,False,DE,DL,D,LSU,20.0,2025.0,0,5,6,83.0,,58.0,153.0,0.0,0.0,0.0,0.0,0.0,0.0,0.0,0.0,0.0,0.0,0.0,375.0,,114.5
2015,3,89,STL,00-0032245,MannSe00,sean-mannion-1,Sean Mannion,False,QB,QB,O,Oregon St.,23.0,2021.0,0,0,0,2.0,,1.0,14.0,67.0,110.0,573.0,1.0,3.0,25.0,-3.0,0.0,0.0,0.0,0.0,,,
2015,3,90,BAL,00-0031938,DaviCa01,carl-davis-3,Carl Davis,False,DT,DL,D,Iowa,23.0,2024.0,0,0,1,13.0,,7.0,78.0,0.0,0.0,0.0,0.0,0.0,0.0,0.0,0.0,0.0,0.0,0.0,36.0,,2.5
2015,3,91,DAL,00-0032204,GreeCh02,chaz-green-1,Chaz Green,False,T,OL,O,Florida,23.0,2021.0,0,0,0,7.0,,4.0,39.0,0.0,0.0,0.0,0.0,0.0,0.0,0.0,0.0,0.0,0.0,0.0,,,
2015,3,92,DEN,00-0032227,HeueJe00,jeff-heuerman-1,Jeff Heuerman,False,TE,TE,O,Ohio St.,22.0,2019.0,0,0,3,5.0,,5.0,51.0,0.0,0.0,0.0,0.0,0.0,0.0,0.0,0.0,63.0,678.0,5.0,,,
2015,3,93,IND,00-0032269,AndeHe00,henry-anderson-1,Henry Anderson,False,DE,DL,D,Stanford,24.0,2022.0,0,0,4,21.0,,8.0,89.0,0.0,0.0,0.0,0.0,0.0,0.0,0.0,0.0,0.0,0.0,0.0,110.0,,11.5
2015,3,94,GNB,00-0032200,MontTy01,ty-montgomery-1,Ty Montgomery,False,WR,WR,O,Stanford,22.0,2023.0,0,0,1,17.0,,13.0,92.0,0.0,0.0,0.0,0.0,0.0,263.0,1187.0,7.0,147.0,1159.0,4.0,15.0,,
2015,3,95,WAS,00-0031939,JoneMa04,matt-jones-3,Matt Jones,False,RB,RB,O,Florida,22.0,2017.0,0,0,0,9.0,,9.0,25.0,0.0,0.0,0.0,0.0,0.0,248.0,964.0,6.0,27.0,377.0,1.0,,,
2015,3,96,CLE,00-0032061,CoopXa00,xavier-cooper-1,Xavier Cooper,False,DT,DL,D,Washington St.,23.0,2017.0,0,0,0,4.0,,3.0,40.0,0.0,0.0,0.0,0.0,0.0,0.0,0.0,0.0,0.0,0.0,0.0,29.0,,3.0
2015,3,97,NWE,00-0031940,GrisGe00,geneo-grissom-1,Geneo Grissom,False,DE,DL,D,Oklahoma,23.0,2018.0,0,0,0,3.0,,3.0,37.0,0.0,0.0,0.0,0.0,0.0,0.0,0.0,0.0,0.0,0.0,0.0,7.0,,1.0
2015,3,98,KAN,00-0032150,NelsSt01,steven-nelson-1,Steven Nelson,False,CB,DB,D,Oregon St.,22.0,2023.0,0,0,7,36.0,,11.0,130.0,0.0,0.0,0.0,0.0,0.0,0.0,0.0,0.0,0.0,0.0,0.0,374.0,13.0,1.0
2015,3,99,CIN,00-0032167,DawsPa00,paul-dawson-1,Paul Dawson,False,ILB,LB,D,TCU,22.0,2017.0,0,0,0,1.0,,1.0,16.0,0.0,0.0,0.0,0.0,0.0,0.0,0.0,0.0,0.0,0.0,0.0,10.0,,
2015,4,100,TEN,00-0032107,BlacAn00,angelo-blackson-1,Angelo Blackson,False,DT,DL,D,Auburn,22.0,2024.0,0,0,1,23.0,,1.0,129.0,0.0,0.0,0.0,0.0,0.0,0.0,0.0,0.0,0.0,0.0,0.0,107.0,1.0,8.5
2015,4,101,NWE,00-0031566,FlowTr00,trey-flowers-1,Trey Flowers,False,DE,DL,D,Arkansas,22.0,2022.0,0,0,4,34.0,,24.0,79.0,0.0,0.0,0.0,0.0,0.0,0.0,0.0,0.0,0.0,0.0,0.0,161.0,,31.5
2015,4,102,CAR,00-0031567,WillDa06,daryl-williams-2,Daryl Williams,False,G,OL,O,Oklahoma,23.0,2021.0,0,0,5,39.0,,22.0,89.0,0.0,0.0,0.0,0.0,0.0,0.0,0.0,0.0,0.0,0.0,0.0,,,
2015,4,103,NYJ,00-0031568,PettBr01,bryce-petty-1,Bryce Petty,False,QB,QB,O,Baylor,24.0,2017.0,0,0,0,4.0,,4.0,10.0,130.0,245.0,1353.0,4.0,10.0,12.0,74.0,0.0,0.0,0.0,0.0,,,
2015,4,104,JAX,00-0032108,SampJa00,james-sample-2,James Sample,False,S,DB,D,Louisville,23.0,2015.0,0,0,0,1.0,,1.0,4.0,0.0,0.0,0.0,0.0,0.0,0.0,0.0,0.0,0.0,0.0,0.0,8.0,,
2015,4,105,WAS,00-0031941,CrowJa00,jamison-crowder-1,Jamison Crowder,False,WR,WR,O,Duke,22.0,2024.0,0,0,4,33.0,,22.0,123.0,1.0,2.0,43.0,1.0,0.0,17.0,82.0,0.0,440.0,4898.0,31.0,3.0,,
2015,4,106,CHI,00-0031569,LangJe00,jeremy-langford-1,Jeremy Langford,False,RB,RB,O,Michigan St.,23.0,2018.0,0,0,0,7.0,,7.0,29.0,0.0,0.0,0.0,0.0,0.0,219.0,762.0,10.0,41.0,421.0,1.0,2.0,,
2015,4,107,ATL,00-0031570,HardJu00,justin-hardy-1,Justin Hardy,False,WR,WR,O,East Carolina,23.0,2019.0,0,0,0,8.0,,8.0,73.0,0.0,0.0,0.0,0.0,0.0,0.0,0.0,0.0,95.0,946.0,9.0,5.0,,
2015,4,108,TEN,00-0032130,FowlJa00,jalston-fowler-1,Jalston Fowler,False,FB,RB,O,Alabama,25.0,2017.0,0,0,1,0.0,,0.0,42.0,0.0,0.0,0.0,0.0,0.0,10.0,20.0,2.0,6.0,58.0,1.0,6.0,,
2015,4,109,IND,00-0031571,GeatCl00,clayton-geathers-1,Clayton Geathers,False,S,DB,D,Central Florida,23.0,2019.0,0,0,3,13.0,,13.0,56.0,0.0,0.0,0.0,0.0,0.0,0.0,0.0,0.0,0.0,0.0,0.0,183.0,1.0,
2015,4,110,MIN,00-0031572,ClemT.00,tj-clemmings-1,T.J. Clemmings,False,T,OL,O,Pittsburgh,23.0,2018.0,0,0,2,15.0,,13.0,41.0,0.0,0.0,0.0,0.0,0.0,0.0,0.0,0.0,0.0,0.0,0.0,,,
2015,4,111,NWE,00-0031573,JackTr00,tre-jackson-1,Tre' Jackson,False,G,OL,O,Florida St.,22.0,2015.0,0,0,1,6.0,,6.0,13.0,0.0,0.0,0.0,0.0,0.0,0.0,0.0,0.0,0.0,0.0,0.0,,,
2015,4,112,WAS,00-0031942,KouaAr00,arie-kouandjio-1,Arie Kouandjio,False,G,OL,O,Alabama,23.0,2017.0,0,0,0,4.0,,4.0,16.0,0.0,0.0,0.0,0.0,0.0,0.0,0.0,0.0,0.0,0.0,0.0,,,
2015,4,113,DET,00-0031574,WrigGa00,gabe-wright-1,Gabe Wright,False,DT,DL,D,Auburn,23.0,2018.0,0,0,0,1.0,,1.0,15.0,0.0,0.0,0.0,0.0,0.0,0.0,0.0,0.0,0.0,0.0,0.0,9.0,,
2015,4,114,MIA,00-0031575,DougJa00,jamil-douglas-1,Jamil Douglas,False,G,OL,O,Arizona St.,23.0,2021.0,0,0,0,7.0,,3.0,50.0,0.0,0.0,0.0,0.0,0.0,0.0,0.0,0.0,0.0,0.0,0.0,1.0,,
2015,4,115,CLE,00-0032198,CampIb00,ibraheim-campbell-1,Ibraheim Campbell,False,S,DB,D,Northwestern,23.0,2021.0,0,0,1,6.0,,5.0,60.0,0.0,0.0,0.0,0.0,0.0,0.0,0.0,0.0,0.0,0.0,0.0,85.0,,
2015,4,116,ARI,00-0032131,GuntRo00,,Rodney Gunter,False,DT,DL,D,Delaware St.,23.0,2019.0,0,0,3,18.0,,18.0,77.0,0.0,0.0,0.0,0.0,0.0,0.0,0.0,0.0,0.0,0.0,0.0,86.0,,11.0
2015,4,117,SFO,00-0032062,BellBl00,blake-bell-1,Blake Bell,False,TE,TE,O,Oklahoma,24.0,2023.0,0,0,1,5.0,,2.0,117.0,0.0,0.0,0.0,0.0,0.0,5.0,12.0,0.0,65.0,667.0,2.0,7.0,,
2015,4,118,KAN,00-0031943,WilsRa00,ramik-wilson-1,Ramik Wilson,False,ILB,LB,D,Georgia,23.0,2019.0,0,0,1,14.0,,12.0,46.0,0.0,0.0,0.0,0.0,0.0,0.0,0.0,0.0,0.0,0.0,0.0,114.0,1.0,
2015,4,119,STL,00-0032246,DonnAn00,andrew-donnal-1,Andrew Donnal,False,T,OL,O,Iowa,23.0,2019.0,0,0,0,4.0,,3.0,31.0,0.0,0.0,0.0,0.0,0.0,0.0,0.0,0.0,0.0,0.0,0.0,,,
2015,4,120,CIN,00-0032168,ShawJo00,josh-shaw-3,Josh Shaw,False,CB,DB,D,USC,23.0,2018.0,0,0,0,7.0,,7.0,55.0,0.0,0.0,0.0,0.0,0.0,0.0,0.0,0.0,0.0,0.0,0.0,95.0,1.0,
2015,4,121,PIT,00-0031944,GranDo00,doran-grant-1,Doran Grant,False,CB,DB,D,Ohio St.,22.0,2015.0,0,0,0,0.0,,0.0,3.0,0.0,0.0,0.0,0.0,0.0,0.0,0.0,0.0,0.0,0.0,0.0,,,
2015,4,122,BAL,00-0031576,SmitZa00,zadarius-smith-1,Za'Darius Smith,False,DE,DL,D,Kentucky,22.0,2025.0,0,3,4,57.0,,10.0,145.0,0.0,0.0,0.0,0.0,0.0,0.0,0.0,0.0,0.0,0.0,0.0,223.0,,70.5
2015,4,123,CLE,00-0032188,MaylVi00,vince-mayle-1,Vince Mayle,False,WR,WR,O,Washington St.,24.0,2017.0,0,0,0,0.0,,,23.0,0.0,0.0,0.0,0.0,0.0,2.0,2.0,1.0,0.0,0.0,0.0,9.0,,
2015,4,124,TAM,00-0032109,AlexKw00,kwon-alexander-1,Kwon Alexander,False,OLB,LB,D,LSU,21.0,2024.0,0,1,6,43.0,,22.0,109.0,0.0,0.0,0.0,0.0,0.0,0.0,0.0,0.0,0.0,0.0,0.0,449.0,9.0,13.5
2015,4,125,BAL,00-0031577,AlleJa01,javorius-allen-1,Javorius Allen,False,RB,RB,O,USC,24.0,2019.0,0,0,0,14.0,,14.0,64.0,0.0,0.0,0.0,0.0,0.0,350.0,1285.0,9.0,130.0,823.0,6.0,11.0,,
2015,4,126,SFO,00-0032063,DaviMi01,mike-davis-9,Mike Davis,False,RB,RB,O,South Carolina,22.0,2022.0,0,0,2,20.0,,1.0,87.0,0.0,0.0,0.0,0.0,0.0,558.0,2052.0,14.0,171.0,1066.0,4.0,3.0,,
2015,4,127,DAL,00-0032215,WilsDa02,damien-wilson-1,Damien Wilson,False,ILB,LB,D,Minnesota,22.0,2022.0,0,0,5,31.0,,10.0,127.0,0.0,0.0,0.0,0.0,0.0,0.0,0.0,0.0,0.0,0.0,0.0,266.0,1.0,9.0
2015,4,128,OAK,00-0032151,FeliJo00,jon-feliciano-1,Jon Feliciano,False,G,OL,O,Miami (FL),23.0,2023.0,0,0,2,26.0,,4.0,113.0,0.0,0.0,0.0,0.0,0.0,0.0,0.0,0.0,0.0,0.0,0.0,,,
2015,4,129,GNB,00-0031578,RyanJa00,jake-ryan-1,Jake Ryan,False,OLB,LB,D,Michigan,23.0,2019.0,0,0,2,14.0,,14.0,45.0,0.0,0.0,0.0,0.0,0.0,0.0,0.0,0.0,0.0,0.0,0.0,144.0,,1.0
2015,4,130,SEA,00-0031579,PoolTe00,terry-poole-1,Terry Poole,False,G,OL,O,San Diego St.,23.0,,0,0,0,,,,,,,,,,,,,,,,,,
2015,4,131,NWE,00-0031580,MasoSh01,shaquille-mason-1,Shaq Mason,False,C,OL,O,Georgia Tech,22.0,2024.0,0,0,10,54.0,,42.0,152.0,0.0,0.0,0.0,0.0,0.0,0.0,0.0,0.0,0.0,0.0,0.0,,,
2015,4,132,SFO,00-0032064,SmelDe00,deandre-smelter-1,DeAndre Smelter,False,WR,WR,O,Georgia Tech,23.0,2016.0,0,0,0,0.0,,0.0,2.0,0.0,0.0,0.0,0.0,0.0,0.0,0.0,0.0,1.0,23.0,0.0,,,
2015,4,133,DEN,00-0032132,GarcMa00,max-garcia-1,Max Garcia,False,C,OL,O,Florida,23.0,2023.0,0,0,3,26.0,,16.0,122.0,0.0,0.0,0.0,0.0,0.0,0.0,0.0,0.0,0.0,0.0,0.0,2.0,,
2015,4,134,SEA,00-0031581,GlowMa00,mark-glowinski-1,Mark Glowinski,False,G,OL,O,West Virginia,23.0,2024.0,0,0,6,41.0,,9.0,129.0,0.0,0.0,0.0,0.0,0.0,0.0,0.0,0.0,0.0,0.0,0.0,1.0,,
2015,4,135,CIN,00-0032169,HardMa00,marcus-hardison-1,Marcus Hardison,False,DE,DL,D,Arizona St.,23.0,,0,0,0,,,,,,,,,,,,,,,,,,
2015,4,136,BAL,00-0031582,WalkTr00,,Tray Walker,False,CB,DB,D,Texas Southern,23.0,2015.0,0,0,0,0.0,,0.0,8.0,0.0,0.0,0.0,0.0,0.0,0.0,0.0,0.0,0.0,0.0,0.0,2.0,,
2015,5,137,ATL,00-0031583,JarrGr00,grady-jarrett-1,Grady Jarrett,False,NT,DL,D,Clemson,22.0,2025.0,0,2,8,57.0,,56.0,166.0,0.0,0.0,0.0,0.0,0.0,0.0,0.0,0.0,0.0,0.0,0.0,281.0,,38.0
2015,5,138,TEN,00-0032133,CobbDa00,david-cobb-1,David Cobb,False,RB,RB,O,Minnesota,22.0,2015.0,0,0,0,1.0,,1.0,7.0,0.0,0.0,0.0,0.0,0.0,52.0,146.0,1.0,1.0,-2.0,0.0,,,
2015,5,139,JAX,00-0032170,GreeRa00,rashad-greene-1,Rashad Greene,False,WR,WR,O,Florida St.,22.0,2018.0,0,0,0,2.0,,2.0,25.0,0.0,0.0,0.0,0.0,0.0,0.0,0.0,0.0,30.0,185.0,2.0,,,
2015,5,140,OAK,00-0032201,HeenBe00,ben-heeney-1,Ben Heeney,False,ILB,LB,D,Kansas,23.0,2017.0,0,0,0,3.0,,3.0,24.0,0.0,0.0,0.0,0.0,0.0,0.0,0.0,0.0,0.0,0.0,0.0,44.0,,2.5
2015,5,141,WAS,00-0031945,SpaiMa00,martrell-spaight-1,Martrell Spaight,False,OLB,LB,D,Arkansas,22.0,2018.0,0,0,0,6.0,,6.0,37.0,0.0,0.0,0.0,0.0,0.0,0.0,0.0,0.0,0.0,0.0,0.0,68.0,1.0,
2015,5,142,CHI,00-0031584,AmosAd00,adrian-amos-1,Adrian Amos,False,S,DB,D,Penn St.,22.0,2024.0,0,0,8,38.0,,19.0,143.0,0.0,0.0,0.0,0.0,0.0,0.0,0.0,0.0,0.0,0.0,0.0,539.0,10.0,6.0
2015,5,143,MIN,00-0031585,PruiMy00,,MyCole Pruitt,False,TE,TE,O,Southern Illinois,23.0,2024.0,0,0,1,7.0,,1.0,121.0,0.0,0.0,0.0,0.0,0.0,0.0,0.0,0.0,77.0,788.0,13.0,5.0,,
2015,5,144,NYG,00-0031586,ThomMy00,,Mykkele Thompson,False,S,DB,D,Texas,22.0,2016.0,0,0,0,0.0,,0.0,1.0,0.0,0.0,0.0,0.0,0.0,0.0,0.0,0.0,0.0,0.0,0.0,,,
2015,5,145,MIA,00-0031587,McCaBo01,bobby-mccain-1,Bobby McCain,False,CB,DB,D,Memphis,22.0,2024.0,0,0,6,28.0,,17.0,134.0,0.0,0.0,0.0,0.0,0.0,0.0,0.0,0.0,0.0,0.0,0.0,304.0,11.0,4.0
2015,5,146,MIN,00-0031588,DiggSt00,stefon-diggs-1,Stefon Diggs,False,WR,WR,O,Maryland,21.0,2025.0,1,4,10,90.0,,32.0,161.0,1.0,2.0,13.0,0.0,0.0,35.0,170.0,1.0,942.0,11504.0,74.0,2.0,,
2015,5,147,GNB,00-0031589,HundBr00,brett-hundley-1,Brett Hundley,False,QB,QB,O,UCLA,22.0,2019.0,0,0,1,5.0,,5.0,18.0,199.0,337.0,1902.0,9.0,13.0,46.0,309.0,2.0,1.0,10.0,0.0,,,
2015,5,148,NOR,00-0031946,TullDa00,,Davis Tull,False,OLB,LB,D,Chattanooga,23.0,,0,0,0,,,,,,,,,,,,,,,,,,
2015,5,149,MIA,00-0031590,AjayJa00,jay-ajayi-1,Jay Ajayi,False,RB,RB,O,Boise St.,22.0,2019.0,0,1,2,19.0,,14.0,45.0,0.0,0.0,0.0,0.0,0.0,572.0,2546.0,13.0,63.0,419.0,1.0,,,
2015,5,150,MIA,00-0031591,ThomCe00,cedric-thompson-2,Cedric Thompson,False,S,DB,D,Minnesota,22.0,,0,0,0,,,,,,,,,,,,,,,,,,
2015,5,151,IND,00-0031592,ParrDa00,david-parry-1,David Parry,False,NT,DL,D,Stanford,23.0,2018.0,0,0,2,13.0,,13.0,36.0,0.0,0.0,0.0,0.0,0.0,0.0,0.0,0.0,0.0,0.0,0.0,52.0,,5.0
2015,5,152,NYJ,00-0031593,HarrJa02,jarvis-harrison-1,Jarvis Harrison,False,G,OL,O,Texas A&M,23.0,,0,0,0,,,,,,,,,,,,,,,,,,
2015,5,153,SDG,00-0032110,EmanKy00,,Kyle Emanuel,False,OLB,LB,D,North Dakota St.,24.0,2020.0,0,0,2,16.0,,16.0,71.0,0.0,0.0,0.0,0.0,0.0,0.0,0.0,0.0,0.0,0.0,0.0,95.0,2.0,4.0
2015,5,154,NOR,00-0031947,DaviTy01,tyeler-davison-1,Tyeler Davison,False,DT,DL,D,Fresno St.,22.0,2022.0,0,0,6,31.0,,16.0,111.0,0.0,0.0,0.0,0.0,0.0,0.0,0.0,0.0,0.0,0.0,0.0,101.0,,5.0
2015,5,155,BUF,00-0032152,WillKa01,karlos-williams-1,Karlos Williams,False,RB,RB,O,Florida St.,22.0,2015.0,0,0,0,4.0,,4.0,11.0,0.0,0.0,0.0,0.0,0.0,93.0,517.0,7.0,11.0,96.0,2.0,,,
2015,5,156,MIA,00-0031594,LippTo00,tony-lippett-1,Tony Lippett,False,WR,WR,O,Michigan St.,23.0,2018.0,0,0,1,6.0,,6.0,28.0,0.0,0.0,0.0,0.0,0.0,0.0,0.0,0.0,0.0,0.0,0.0,58.0,4.0,
2015,5,157,CIN,00-0032134,UzomC.00,cj-uzomah-1,C.J. Uzomah,False,TE,TE,O,Auburn,22.0,2024.0,0,0,4,14.0,,13.0,113.0,0.0,0.0,0.0,0.0,0.0,0.0,0.0,0.0,192.0,1881.0,16.0,14.0,,
2015,5,158,ARI,00-0032111,RiddSh00,shaquille-riddick-1,Shaquille Riddick,False,DE,DL,D,West Virginia,22.0,,0,0,0,,,,,,,,,,,,,,,,,,
2015,5,159,ARI,00-0032112,NelsJJ00,,JJ Nelson,False,WR,WR,O,Ala-Birmingham,23.0,2019.0,0,0,0,12.0,,12.0,58.0,0.0,0.0,0.0,0.0,0.0,12.0,120.0,1.0,85.0,1475.0,11.0,1.0,,
2015,5,160,PIT,00-0032135,JameJe00,jesse-james-1,Jesse James,False,TE,TE,O,Penn St.,21.0,2022.0,0,0,4,12.0,,10.0,104.0,0.0,0.0,0.0,0.0,0.0,0.0,0.0,0.0,157.0,1522.0,12.0,,,
2015,5,161,OAK,00-0032205,BallNe00,neiron-ball-1,Neiron Ball,False,OLB,LB,D,Florida,23.0,2015.0,0,0,0,1.0,,1.0,6.0,0.0,0.0,0.0,0.0,0.0,0.0,0.0,0.0,0.0,0.0,0.0,7.0,,1.0
2015,5,162,TAM,00-0032113,BellKe02,kenny-bell-2,Kenny Bell,False,WR,WR,O,Nebraska,23.0,,0,0,0,,,,,,,,,,,,,,,,,,
2015,5,163,DAL,00-0031948,RussRy00,ryan-russell-1,Ryan Russell,False,DE,DL,D,Purdue,23.0,2017.0,0,0,0,4.0,,0.0,23.0,0.0,0.0,0.0,0.0,0.0,0.0,0.0,0.0,0.0,0.0,0.0,17.0,,3.0
2015,5,164,DEN,00-0032136,DossLo00,lorenzo-doss-1,Lorenzo Doss,False,CB,DB,D,Tulane,21.0,2018.0,0,0,0,0.0,,0.0,16.0,0.0,0.0,0.0,0.0,0.0,0.0,0.0,0.0,0.0,0.0,0.0,6.0,,
2015,5,165,SFO,00-0032065,PiniBr00,bradley-pinion-1,Bradley Pinion,False,P,P,S,Clemson,21.0,2025.0,0,0,2,15.0,,5.0,179.0,0.0,0.0,0.0,0.0,0.0,0.0,0.0,0.0,0.0,0.0,0.0,7.0,,
2015,5,166,NWE,00-0032228,CardJo00,joe-cardona-1,Joe Cardona,False,LS,LS,S,Navy,23.0,2025.0,0,0,0,8.0,,8.0,177.0,0.0,0.0,0.0,0.0,0.0,0.0,0.0,0.0,0.0,0.0,0.0,15.0,,
2015,5,167,NOR,00-0031949,SwanDa02,damian-swann-1,Damian Swann,False,CB,DB,D,Georgia,22.0,2015.0,0,0,0,1.0,,1.0,7.0,0.0,0.0,0.0,0.0,0.0,0.0,0.0,0.0,0.0,0.0,0.0,20.0,,
2015,5,168,DET,00-0031595,BurtMi00,michael-burton-1,Michael Burton,False,FB,RB,O,Rutgers,23.0,2024.0,0,0,1,1.0,,0.0,147.0,0.0,0.0,0.0,0.0,0.0,42.0,79.0,2.0,31.0,196.0,2.0,18.0,,
2015,5,169,CAR,00-0031596,MayoDa00,david-mayo-1,David Mayo,False,LB,LB,D,Texas St.,22.0,2023.0,0,0,1,18.0,,4.0,132.0,0.0,0.0,0.0,0.0,0.0,0.0,0.0,0.0,0.0,0.0,0.0,182.0,,5.0
2015,5,170,SEA,00-0031597,SmitTy01,,Tye Smith,False,CB,DB,D,Towson,22.0,2021.0,0,0,0,3.0,,0.0,45.0,0.0,0.0,0.0,0.0,0.0,0.0,0.0,0.0,0.0,0.0,0.0,49.0,1.0,
2015,5,171,BAL,00-0031598,BoylNi00,,Nick Boyle,False,TE,TE,O,Delaware,22.0,2022.0,0,0,4,9.0,,9.0,90.0,0.0,0.0,0.0,0.0,0.0,0.0,0.0,0.0,121.0,1049.0,4.0,3.0,,
2015,5,172,KAN,00-0031950,AlexD.00,dj-alexander-1,D.J. Alexander,False,OLB,LB,D,Oregon St.,23.0,2019.0,0,1,0,7.0,,5.0,61.0,0.0,0.0,0.0,0.0,0.0,0.0,0.0,0.0,0.0,0.0,0.0,43.0,,
2015,5,173,KAN,00-0031951,O'ShJa00,,James O'Shaughnessy,False,TE,TE,O,Illinois St.,23.0,2021.0,0,0,3,7.0,,1.0,80.0,0.0,0.0,0.0,0.0,0.0,0.0,0.0,0.0,112.0,1108.0,3.0,11.0,,
2015,5,174,CAR,00-0031599,ArtiCa00,cameron-artis-payne-1,Cameron Artis-Payne,False,RB,RB,O,Auburn,25.0,2018.0,0,0,0,5.0,,5.0,32.0,0.0,0.0,0.0,0.0,0.0,118.0,491.0,5.0,10.0,86.0,0.0,2.0,,
2015,5,175,HOU,00-0031600,MumpKe00,keith-mumphery-1,Keith Mumphery,False,WR,WR,O,Michigan St.,23.0,2016.0,0,0,0,2.0,,2.0,27.0,0.0,0.0,0.0,0.0,0.0,0.0,0.0,0.0,24.0,198.0,0.0,5.0,,
2015,5,176,BAL,00-0031601,MyerRo01,,Robert Myers,False,G,OL,O,Tennessee St.,23.0,,0,0,0,,,,,,,,,,,,,,,,,,
2015,6,177,TEN,00-0032114,MounDe00,deiontrez-mount-1,Deiontrez Mount,False,OLB,LB,D,Louisville,22.0,2017.0,0,0,0,1.0,,0.0,12.0,0.0,0.0,0.0,0.0,0.0,0.0,0.0,0.0,0.0,0.0,0.0,6.0,1.0,
2015,6,178,NWE,00-0031602,WellMa00,matthew-wells-1,Matthew Wells,False,LB,LB,D,Mississippi St.,24.0,,0,0,0,,,,,,,,,,,,,,,,,,
2015,6,179,OAK,00-0032153,VallMa00,max-valles-1,Max Valles,False,OLB,LB,D,Virginia,21.0,,0,0,0,,,,,,,,,,,,,,,,,,
2015,6,180,JAX,00-0032154,BennMi01,michael-bennett-5,Michael Bennett,False,DT,DL,D,Ohio St.,22.0,2018.0,0,0,0,1.0,,1.0,16.0,0.0,0.0,0.0,0.0,0.0,0.0,0.0,0.0,0.0,0.0,0.0,12.0,,0.5
2015,6,181,WAS,00-0031952,JarrKy00,kyshoen-jarrett-1,Kyshoen Jarrett,False,S,DB,D,Virginia Tech,22.0,2015.0,0,0,0,3.0,,3.0,16.0,0.0,0.0,0.0,0.0,0.0,0.0,0.0,0.0,0.0,0.0,0.0,39.0,,
2015,6,182,WAS,00-0032066,MitcTe01,tevin-mitchel-1,Tevin Mitchel,False,CB,DB,D,Arkansas,23.0,,0,0,0,,,,,,,,,,,,,,,,,,
2015,6,183,CHI,00-0031603,FabuTa00,tayo-fabuluje-1,Tayo Fabuluje,False,T,OL,O,TCU,24.0,2015.0,0,0,0,0.0,,0.0,4.0,0.0,0.0,0.0,0.0,0.0,0.0,0.0,0.0,0.0,0.0,0.0,,,
2015,6,184,TAM,00-0032115,ClayKa00,kaelin-clay-1,Kaelin Clay,False,WR,WR,O,Utah,23.0,2018.0,0,0,0,3.0,,,22.0,0.0,0.0,0.0,0.0,0.0,3.0,27.0,0.0,6.0,85.0,0.0,1.0,,
2015,6,185,MIN,00-0031604,ThomTy01,tyrus-thompson-1,Tyrus Thompson,False,T,OL,O,Oklahoma,23.0,,0,0,0,,,,,,,,,,,,,,,,,,
2015,6,186,NYG,00-0031953,DaviGe00,geremy-davis-1,Geremy Davis,False,WR,WR,O,Connecticut,23.0,2019.0,0,0,0,0.0,,0.0,36.0,0.0,0.0,0.0,0.0,0.0,0.0,0.0,0.0,5.0,59.0,0.0,11.0,,
2015,6,187,WAS,00-0031954,SpenEv00,evan-spencer-1,Evan Spencer,False,WR,WR,O,Ohio St.,22.0,2015.0,0,0,0,0.0,,,1.0,0.0,0.0,0.0,0.0,0.0,0.0,0.0,0.0,0.0,0.0,0.0,1.0,,
2015,6,188,BUF,00-0032189,StewTo01,tony-steward-1,Tony Steward,False,OLB,LB,D,Clemson,22.0,2015.0,0,0,0,1.0,,1.0,7.0,0.0,0.0,0.0,0.0,0.0,0.0,0.0,0.0,0.0,0.0,0.0,1.0,,
2015,6,189,CLE,00-0031955,GainCh00,charles-gaines-2,Charles Gaines,False,CB,DB,D,Louisville,22.0,2015.0,0,0,0,1.0,,1.0,6.0,0.0,0.0,0.0,0.0,0.0,0.0,0.0,0.0,0.0,0.0,0.0,15.0,,
2015,6,190,SFO,00-0032067,SilbIa00,ian-silberman-1,Ian Silberman,False,G,OL,O,Boston Col.,22.0,2018.0,0,0,0,0.0,,0.0,3.0,0.0,0.0,0.0,0.0,0.0,0.0,0.0,0.0,0.0,0.0,0.0,,,
2015,6,191,PHI,00-0032137,ShepJa00,jacorey-shepherd-2,JaCorey Shepherd,False,CB,DB,D,Kansas,22.0,2016.0,0,0,0,1.0,,,11.0,0.0,0.0,0.0,0.0,0.0,0.0,0.0,0.0,0.0,0.0,0.0,1.0,,
2015,6,192,SDG,00-0032116,PhilDa01,darius-philon-1,Darius Philon,False,DT,DL,D,Arkansas,21.0,2021.0,0,0,0,14.0,,12.0,65.0,0.0,0.0,0.0,0.0,0.0,0.0,0.0,0.0,0.0,0.0,0.0,65.0,,11.5
2015,6,193,MIN,00-0031605,DuboB.00,bj-dubose-1,B.J. Dubose,False,DE,DL,D,Louisville,23.0,,0,0,0,,,,,,,,,,,,,,,,,,
2015,6,194,BUF,00-0032117,OLeaNi00,nick-oleary-1,Nick O'Leary,False,TE,TE,O,Florida St.,23.0,2019.0,0,0,2,6.0,,4.0,59.0,0.0,0.0,0.0,0.0,0.0,0.0,0.0,0.0,53.0,668.0,4.0,,,
2015,6,195,CLE,00-0032068,JohnMa06,malcolm-johnson-2,Malcolm Johnson,False,TE,TE,O,Mississippi St.,23.0,2016.0,0,0,0,0.0,,0.0,19.0,0.0,0.0,0.0,0.0,0.0,1.0,2.0,0.0,9.0,59.0,0.0,,,
2015,6,196,PHI,00-0031606,EvanRa00,randall-evans-1,Randall Evans,False,CB,DB,D,Kansas St.,23.0,2015.0,0,0,0,0.0,,0.0,1.0,0.0,0.0,0.0,0.0,0.0,0.0,0.0,0.0,0.0,0.0,0.0,,,
2015,6,197,CIN,00-0032069,SmitDe05,derron-smith-1,Derron Smith,False,S,DB,D,Fresno St.,23.0,2017.0,0,0,0,3.0,,2.0,38.0,0.0,0.0,0.0,0.0,0.0,0.0,0.0,0.0,0.0,0.0,0.0,9.0,,
2015,6,198,CLE,00-0031533,TelfRa00,randall-telfer-1,Randall Telfer,False,TE,TE,O,USC,23.0,2017.0,0,0,2,0.0,,0.0,30.0,0.0,0.0,0.0,0.0,0.0,0.0,0.0,0.0,5.0,40.0,0.0,,,
2015,6,199,PIT,00-0031607,WaltLe00,leterrius-walton-1,Leterrius Walton,False,DT,DL,D,Central Michigan,23.0,2018.0,0,0,0,4.0,,4.0,36.0,0.0,0.0,0.0,0.0,0.0,0.0,0.0,0.0,0.0,0.0,0.0,17.0,,2.0
2015,6,200,DET,00-0031608,DiggQu00,quandre-diggs-1,Quandre Diggs,False,CB,DB,D,Texas,22.0,2025.0,0,3,6,43.0,,11.0,155.0,0.0,0.0,0.0,0.0,0.0,0.0,0.0,0.0,0.0,0.0,0.0,480.0,24.0,1.0
2015,6,201,STL,,SassBu00,bud-sasser-1,Bud Sasser,False,WR,WR,O,Missouri,,,0,0,0,,,,,,,,,,,,,,,,,,
2015,6,202,NWE,00-0031609,DerbA.00,aj-derby-1,A.J. Derby,False,TE,TE,O,Arkansas,23.0,2018.0,0,0,0,3.0,,0.0,25.0,0.0,0.0,0.0,0.0,0.0,0.0,0.0,0.0,40.0,452.0,3.0,1.0,,
2015,6,203,DEN,00-0032138,KilgDa01,darius-kilgo-1,Darius Kilgo,False,NT,DL,D,Maryland,23.0,2018.0,0,0,0,3.0,,2.0,29.0,0.0,0.0,0.0,0.0,0.0,0.0,0.0,0.0,0.0,0.0,0.0,11.0,,
2015,6,204,BAL,00-0031610,WallDa01,darren-waller-1,Darren Waller,False,WR,WR,O,Georgia Tech,22.0,2025.0,0,1,4,33.0,,1.0,95.0,0.0,0.0,0.0,0.0,0.0,4.0,30.0,0.0,374.0,4407.0,26.0,10.0,,
2015,6,205,IND,00-0031611,RobiJo02,josh-robinson-2,Josh Robinson,False,RB,RB,O,Mississippi St.,23.0,2015.0,0,0,0,0.0,,0.0,5.0,0.0,0.0,0.0,0.0,0.0,17.0,39.0,0.0,6.0,33.0,0.0,,,
2015,6,206,GNB,00-0031612,RipkAa00,aaron-ripkowski-1,Aaron Ripkowski,False,FB,RB,O,Oklahoma,22.0,2017.0,0,0,0,2.0,,2.0,47.0,0.0,0.0,0.0,0.0,0.0,39.0,163.0,2.0,17.0,103.0,1.0,9.0,,
2015,6,207,IND,00-0031613,HerrAm00,amarlo-herrera-1,Amarlo Herrera,False,ILB,LB,D,Georgia,23.0,2015.0,0,0,0,0.0,,0.0,3.0,0.0,0.0,0.0,0.0,0.0,0.0,0.0,0.0,0.0,0.0,0.0,,,
2015,6,208,TEN,00-0032118,GallAn00,andy-gallik-1,Andy Gallik,False,C,OL,O,Boston Col.,23.0,2015.0,0,0,1,4.0,,4.0,12.0,0.0,0.0,0.0,0.0,0.0,0.0,0.0,0.0,0.0,0.0,0.0,,,
2015,6,209,SEA,00-0031614,GwacOb00,obum-gwacham-1,Obum Gwacham,False,DE,DL,D,Oregon St.,24.0,2017.0,0,0,0,1.0,,,15.0,0.0,0.0,0.0,0.0,0.0,0.0,0.0,0.0,0.0,0.0,0.0,7.0,,2.5
2015,6,210,GNB,00-0031615,RingCh00,christian-ringo-1,Christian Ringo,False,DE,DL,D,Louisiana,23.0,2022.0,0,0,0,5.0,,1.0,36.0,0.0,0.0,0.0,0.0,0.0,0.0,0.0,0.0,0.0,0.0,0.0,22.0,,1.5
2015,6,211,HOU,00-0031616,ClieRe00,reshard-cliett-1,Reshard Cliett,False,OLB,LB,D,South Florida,23.0,,0,0,0,,,,,,,,,,,,,,,,,,
2015,6,212,PIT,00-0031956,ChicAn00,anthony-chickillo-1,Anthony Chickillo,False,DE,DL,D,Miami (FL),22.0,2020.0,0,0,1,10.0,,9.0,76.0,0.0,0.0,0.0,0.0,0.0,0.0,0.0,0.0,0.0,0.0,0.0,66.0,,8.5
2015,6,213,GNB,00-0031617,BackKe00,kennard-backman-1,Kennard Backman,False,TE,TE,O,Ala-Birmingham,22.0,2015.0,0,0,0,0.0,,0.0,7.0,0.0,0.0,0.0,0.0,0.0,0.0,0.0,0.0,0.0,0.0,0.0,,,
2015,6,214,SEA,00-0031618,SokoKr00,kristjan-sokoli-1,Kristjan Sokoli,False,DT,DL,D,Buffalo,23.0,2015.0,0,0,0,0.0,,0.0,1.0,0.0,0.0,0.0,0.0,0.0,0.0,0.0,0.0,0.0,0.0,0.0,,,
2015,6,215,STL,00-0032247,WichCo00,cody-wichmann-1,Cody Wichmann,False,G,OL,O,Fresno St.,23.0,2016.0,0,0,2,6.0,,6.0,24.0,0.0,0.0,0.0,0.0,0.0,0.0,0.0,0.0,0.0,0.0,0.0,,,
2015,6,216,HOU,00-0031619,CoviCh00,christian-covington-1,Christian Covington,False,DT,DL,D,Rice,21.0,2022.0,0,0,1,20.0,,8.0,102.0,0.0,0.0,0.0,0.0,0.0,0.0,0.0,0.0,0.0,0.0,0.0,106.0,,9.5
2015,6,217,KAN,00-0031957,NuneRa00,rakeem-nunez-roches-1,Rakeem Nunez-Roches,False,DT,DL,D,Southern Miss,22.0,2025.0,0,0,4,31.0,,7.0,142.0,0.0,0.0,0.0,0.0,0.0,0.0,0.0,0.0,0.0,0.0,0.0,103.0,,9.0
2015,7,218,OAK,00-0032119,MorrAn00,,Anthony Morris,False,OL,OL,O,Tennessee St.,23.0,,0,0,0,,,,,,,,,,,,,,,,,,
2015,7,219,CLE,00-0032171,PullHa00,hayes-pullard-1,Hayes Pullard,False,ILB,LB,D,USC,23.0,2018.0,0,0,1,9.0,,,46.0,0.0,0.0,0.0,0.0,0.0,0.0,0.0,0.0,0.0,0.0,0.0,84.0,1.0,
2015,7,220,JAX,00-0032120,SterNe00,,Neal Sterling,False,WR,WR,O,Monmouth,23.0,2018.0,0,0,0,2.0,,1.0,35.0,0.0,0.0,0.0,0.0,0.0,0.0,0.0,0.0,24.0,239.0,0.0,3.0,,
2015,7,221,OAK,00-0032121,DeboAn00,andre-debose-1,Andre Debose,False,WR,WR,O,Florida,,,0,0,0,,,,,,,,,,,,,,,,,,
2015,7,222,WAS,00-0031958,ReitAu00,austin-reiter-1,Austin Reiter,False,C,OL,O,South Florida,23.0,2021.0,0,0,2,20.0,,,65.0,0.0,0.0,0.0,0.0,0.0,0.0,0.0,0.0,0.0,0.0,0.0,,,
2015,7,223,NYJ,00-0031620,SimoDe00,,Deon Simon,False,NT,DL,D,Northwestern St. (LA),25.0,2016.0,0,0,0,2.0,,2.0,16.0,0.0,0.0,0.0,0.0,0.0,0.0,0.0,0.0,0.0,0.0,0.0,12.0,,1.5
2015,7,224,STL,00-0032248,HageBr00,bryce-hager-1,Bryce Hager,False,ILB,LB,D,Baylor,23.0,2020.0,0,0,0,7.0,,5.0,79.0,0.0,0.0,0.0,0.0,0.0,0.0,0.0,0.0,0.0,0.0,0.0,45.0,,0.5
2015,7,225,ATL,00-0031621,RodgJa03,,Jake Rodgers,False,T,OL,O,Eastern Washington,23.0,2020.0,0,0,0,1.0,,,19.0,0.0,0.0,0.0,0.0,0.0,0.0,0.0,0.0,0.0,0.0,0.0,,,
2015,7,226,NYG,00-0031622,HartBo00,bobby-hart-1,Bobby Hart,False,G,OL,O,Florida St.,21.0,2025.0,0,0,4,30.0,,7.0,108.0,0.0,0.0,0.0,0.0,0.0,0.0,0.0,0.0,0.0,0.0,0.0,,,
2015,7,227,STL,00-0032249,IfedMa00,martin-ifedi-1,Martin Ifedi,False,DE,DL,D,Memphis,24.0,,0,0,0,,,,,,,,,,,,,,,,,,
2015,7,228,MIN,00-0031623,ShepAu00,austin-shepherd-1,Austin Shepherd,False,T,OL,O,Alabama,23.0,2015.0,0,0,0,1.0,,1.0,14.0,0.0,0.0,0.0,0.0,0.0,0.0,0.0,0.0,0.0,0.0,0.0,,,
2015,7,229,JAX,00-0032139,KoyaBe00,ben-koyack-1,Ben Koyack,False,TE,TE,O,Notre Dame,22.0,2019.0,0,0,0,1.0,,1.0,48.0,0.0,0.0,0.0,0.0,0.0,0.0,0.0,0.0,25.0,208.0,1.0,1.0,,
2015,7,230,NOR,00-0031959,MurpMa03,marcus-murphy-1,Marcus Murphy,False,RB,RB,O,Missouri,23.0,2018.0,0,0,0,2.0,,1.0,28.0,0.0,0.0,0.0,0.0,0.0,60.0,291.0,0.0,14.0,36.0,0.0,2.0,,
2015,7,231,TAM,00-0032122,IoseJo00,joey-iosefa-1,Joey Iosefa,False,FB,RB,O,Hawaii,24.0,2015.0,0,0,0,0.0,,,2.0,0.0,0.0,0.0,0.0,0.0,15.0,51.0,0.0,0.0,0.0,0.0,,,
2015,7,232,MIN,00-0031624,RobiEd00,,Edmond Robinson,False,OLB,LB,D,Newberry,23.0,2021.0,0,0,0,3.0,,2.0,38.0,0.0,0.0,0.0,0.0,0.0,0.0,0.0,0.0,0.0,0.0,0.0,17.0,,
2015,7,233,KAN,00-0031960,BrowDa03,daron-brown-1,Da'Ron Brown,False,WR,WR,O,Northern Illinois,23.0,,0,0,0,,,,,,,,,,,,,,,,,,
2015,7,234,BUF,00-0032070,LewiDe02,,Dezmin Lewis,False,WR,WR,O,Central Arkansas,22.0,2016.0,0,0,0,0.0,,0.0,2.0,0.0,0.0,0.0,0.0,0.0,0.0,0.0,0.0,0.0,0.0,0.0,,,
2015,7,235,HOU,00-0031625,HillKe01,kenny-hilliard-1,Kenny Hilliard,False,RB,RB,O,LSU,23.0,,0,0,0,,,,,,,,,,,,,,,,,,
2015,7,236,DAL,00-0031961,NzeoMa00,mark-nzeocha-1,Mark Nzeocha,False,OLB,LB,D,Wyoming,25.0,2021.0,0,0,0,5.0,,0.0,56.0,0.0,0.0,0.0,0.0,0.0,0.0,0.0,0.0,0.0,0.0,0.0,33.0,1.0,1.0
2015,7,237,PHI,00-0031626,MihaBr00,brian-mihalik-1,Brian Mihalik,False,DE,DL,D,Boston Col.,23.0,2018.0,0,0,0,5.0,,,20.0,0.0,0.0,0.0,0.0,0.0,0.0,0.0,0.0,1.0,-4.0,0.0,1.0,,
2015,7,238,CIN,00-0031962,AlfoMa00,mario-alford-1,Mario Alford,False,WR,WR,O,West Virginia,23.0,2016.0,0,0,0,0.0,,0.0,4.0,0.0,0.0,0.0,0.0,0.0,0.0,0.0,0.0,1.0,15.0,0.0,,,
2015,7,239,PIT,00-0032219,HollGe00,gerod-holliman-1,Gerod Holliman,False,S,DB,D,Louisville,21.0,,0,0,0,,,,,,,,,,,,,,,,,,
2015,7,240,DET,00-0031627,RobiCo00,corey-robinson-2,Corey Robinson,False,T,OL,O,South Carolina,23.0,2018.0,0,0,0,7.0,,6.0,28.0,0.0,0.0,0.0,0.0,0.0,0.0,0.0,0.0,0.0,0.0,0.0,,,
2015,7,241,CLE,00-0032140,EkprIf00,ifo-ekpre-olomu-1,Ifo Ekpre-Olomu,False,CB,DB,D,Oregon,22.0,,0,0,0,,,,,,,,,,,,,,,,,,
2015,7,242,OAK,00-0032212,McDoDe02,dexter-mcdonald-1,Dexter McDonald,False,CB,DB,D,Kansas,23.0,2017.0,0,0,0,2.0,,2.0,27.0,0.0,0.0,0.0,0.0,0.0,0.0,0.0,0.0,0.0,0.0,0.0,42.0,,
2015,7,243,DAL,00-0032155,GibsLa00,laurence-gibson-1,Laurence Gibson,False,T,OL,O,Virginia Tech,24.0,,0,0,0,,,,,,,,,,,,,,,,,,
2015,7,244,SFO,00-0032071,BrowTr02,trenton-brown-1,Trent Brown,False,G,OL,O,Florida,22.0,2025.0,0,1,5,42.0,,11.0,110.0,0.0,0.0,0.0,0.0,0.0,0.0,0.0,0.0,0.0,0.0,0.0,,,
2015,7,245,TEN,00-0032123,McBrTr00,,Tre McBride,False,WR,WR,O,William & Mary,22.0,2017.0,0,0,0,1.0,,0.0,17.0,0.0,0.0,0.0,0.0,0.0,1.0,8.0,0.0,10.0,152.0,1.0,5.0,,
2015,7,246,DAL,00-0032141,SwaiGe00,geoff-swaim-1,Geoff Swaim,False,TE,TE,O,Texas,21.0,2024.0,0,0,3,6.0,,3.0,108.0,0.0,0.0,0.0,0.0,0.0,0.0,0.0,0.0,111.0,853.0,6.0,4.0,,
2015,7,247,NWE,00-0031628,RobeDa00,darryl-roberts-1,Darryl Roberts,False,CB,DB,D,Marshall,24.0,2021.0,0,0,1,13.0,,,73.0,0.0,0.0,0.0,0.0,0.0,0.0,0.0,0.0,0.0,0.0,0.0,195.0,4.0,
2015,7,248,SEA,00-0031629,MurpRy00,ryan-murphy-2,Ryan Murphy,False,DB,DB,D,Oregon St.,22.0,2017.0,0,0,0,0.0,,,3.0,0.0,0.0,0.0,0.0,0.0,0.0,0.0,0.0,0.0,0.0,0.0,1.0,,
2015,7,249,ATL,00-0031630,KingAk00,akeem-king-1,Akeem King,False,DB,DB,D,San Jose St.,23.0,2019.0,0,0,0,3.0,,0.0,34.0,0.0,0.0,0.0,0.0,0.0,0.0,0.0,0.0,0.0,0.0,0.0,28.0,,
2015,7,250,DEN,00-0032156,SiemTr00,trevor-siemian-1,Trevor Siemian,False,QB,QB,O,Northwestern,23.0,2023.0,0,0,2,16.0,,13.0,40.0,707.0,1208.0,7751.0,44.0,32.0,84.0,251.0,2.0,0.0,0.0,0.0,,,
2015,7,251,DEN,00-0032157,NixoTa00,taurean-nixon-2,Taurean Nixon,False,DB,DB,D,Tulane,24.0,2016.0,0,0,0,0.0,,0.0,2.0,0.0,0.0,0.0,0.0,0.0,0.0,0.0,0.0,0.0,0.0,0.0,1.0,,
2015,7,252,DEN,,FurmJo00,josh-furman-1,Josh Furman,False,DB,DB,D,Oklahoma St.,,,0,0,0,,,,,,,,,,,,,,,,,,
2015,7,253,NWE,00-0031631,DickXz00,xzavier-dickson-1,Xzavier Dickson,False,OLB,LB,D,Alabama,22.0,,0,0,0,,,,,,,,,,,,,,,,,,
2015,7,254,SFO,00-0032072,AndeRo01,rory-anderson-1,Rory Anderson,False,TE,TE,O,South Carolina,22.0,,0,0,0,,,,,,,,,,,,,,,,,,
2015,7,255,IND,00-0031632,GoodDe01,,Denzelle Good,False,T,OL,O,Mars Hill,24.0,2021.0,0,0,2,21.0,,10.0,62.0,0.0,0.0,0.0,0.0,0.0,0.0,0.0,0.0,0.0,0.0,0.0,,,
2015,7,256,ARI,00-0032190,ChriGe00,gerald-christian-1,Gerald Christian,False,TE,TE,O,Louisville,24.0,2016.0,0,0,0,0.0,,,3.0,0.0,0.0,0.0,0.0,0.0,0.0,0.0,0.0,1.0,14.0,0.0,,,
2016,1,1,LAR,00-0033106,GoffJa00,jared-goff-1,Jared Goff,False,QB,QB,O,California,21.0,2025.0,0,5,8,106.0,,44.0,151.0,3440.0,5224.0,39622.0,256.0,102.0,295.0,596.0,12.0,2.0,12.0,1.0,2.0,,
2016,1,2,PHI,00-0032950,WentCa00,carson-wentz-1,Carson Wentz,False,QB,QB,O,North Dakota St.,23.0,2025.0,0,1,6,63.0,,43.0,103.0,2195.0,3496.0,23626.0,159.0,72.0,368.0,1475.0,11.0,2.0,11.0,0.0,1.0,,
2016,1,3,SDG,00-0033156,BosaJo00,joey-bosa-1,Joey Bosa,False,DE,DL,D,Ohio St.,21.0,2025.0,0,5,6,62.0,,56.0,122.0,0.0,0.0,0.0,0.0,0.0,0.0,0.0,0.0,0.0,0.0,0.0,269.0,,77.0
2016,1,4,DAL,00-0033045,ElliEz00,ezekiel-elliott-1,Ezekiel Elliott,False,RB,RB,O,Ohio St.,21.0,2024.0,1,3,7,68.0,,65.0,135.0,1.0,1.0,4.0,0.0,0.0,2139.0,9130.0,74.0,368.0,2718.0,14.0,2.0,,
2016,1,5,JAX,00-0033055,RamsJa00,jalen-ramsey-1,Jalen Ramsey,False,CB,DB,D,Florida St.,21.0,2025.0,3,8,9,84.0,,28.0,152.0,0.0,0.0,0.0,0.0,0.0,0.0,0.0,0.0,0.0,0.0,0.0,485.0,25.0,6.0
2016,1,6,BAL,00-0032965,StanRo00,ronnie-stanley-2,Ronnie Stanley,False,T,OL,O,Notre Dame,22.0,2025.0,1,2,7,64.0,,64.0,120.0,0.0,0.0,0.0,0.0,0.0,0.0,0.0,0.0,0.0,0.0,0.0,1.0,,
2016,1,7,SFO,00-0032378,BuckDe00,deforest-buckner-1,DeForest Buckner,False,DE,DL,D,Oregon,22.0,2025.0,1,3,8,76.0,,34.0,151.0,0.0,0.0,0.0,0.0,0.0,0.0,0.0,0.0,0.0,0.0,0.0,386.0,,71.5
2016,1,8,TEN,00-0033057,ConkJa00,jack-conklin-1,Jack Conklin,False,T,OL,O,Michigan St.,22.0,2025.0,2,0,6,55.0,,30.0,114.0,0.0,0.0,0.0,0.0,0.0,0.0,0.0,0.0,0.0,0.0,0.0,2.0,,
2016,1,9,CHI,00-0033072,FloyLe00,leonard-floyd-1,Leonard Floyd,False,OLB,LB,D,Georgia,23.0,2025.0,0,0,9,63.0,,21.0,153.0,0.0,0.0,0.0,0.0,0.0,0.0,0.0,0.0,0.0,0.0,0.0,259.0,2.0,70.0
2016,1,10,NYG,00-0032379,ApplEl00,eli-apple-1,Eli Apple,False,CB,DB,D,Ohio St.,21.0,2025.0,0,0,5,28.0,,9.0,104.0,0.0,0.0,0.0,0.0,0.0,0.0,0.0,0.0,0.0,0.0,0.0,313.0,6.0,0.5
2016,1,11,TAM,00-0032758,HargVe00,vernon-hargreaves-iii-1,Vernon Hargreaves III,False,CB,DB,D,Florida,21.0,2021.0,0,0,4,18.0,,10.0,69.0,0.0,0.0,0.0,0.0,0.0,0.0,0.0,0.0,0.0,0.0,0.0,245.0,4.0,
2016,1,12,NOR,00-0032759,RankSh00,sheldon-rankins-1,Sheldon Rankins,False,DT,DL,D,Louisville,22.0,2025.0,0,0,5,41.0,,15.0,133.0,0.0,0.0,0.0,0.0,0.0,0.0,0.0,0.0,0.0,0.0,0.0,171.0,1.0,33.5
2016,1,13,MIA,00-0032380,TunsLa00,laremy-tunsil-1,Laremy Tunsil,False,T,OL,O,Mississippi,22.0,2025.0,0,5,8,60.0,,12.0,139.0,0.0,0.0,0.0,0.0,0.0,0.0,0.0,0.0,0.0,0.0,0.0,,,
2016,1,14,OAK,00-0032888,JoseKa00,karl-joseph-1,Karl Joseph,False,S,DB,D,West Virginia,22.0,2021.0,0,0,4,16.0,,14.0,65.0,0.0,0.0,0.0,0.0,0.0,0.0,0.0,0.0,0.0,0.0,0.0,221.0,5.0,3.0
2016,1,15,CLE,00-0032966,ColeCo00,corey-coleman-1,Corey Coleman,False,WR,WR,O,Baylor,22.0,2018.0,0,0,2,6.0,,5.0,27.0,0.0,0.0,0.0,0.0,0.0,3.0,15.0,0.0,61.0,789.0,5.0,,,
2016,1,16,DET,00-0032381,DeckTa00,taylor-decker-1,Taylor Decker,False,T,OL,O,Ohio St.,23.0,2025.0,0,1,8,59.0,,59.0,140.0,0.0,0.0,0.0,0.0,0.0,0.0,0.0,0.0,3.0,15.0,2.0,,,
2016,1,17,ATL,00-0032382,NealKe01,keanu-neal-1,Keanu Neal,False,S,DB,D,Florida,21.0,2023.0,0,1,3,25.0,,17.0,89.0,0.0,0.0,0.0,0.0,0.0,0.0,0.0,0.0,0.0,0.0,0.0,361.0,4.0,2.5
2016,1,18,IND,00-0032383,KellRy00,ryan-kelly-1,Ryan Kelly,False,C,OL,O,Alabama,23.0,2025.0,0,4,9,56.0,,54.0,129.0,0.0,0.0,0.0,0.0,0.0,0.0,0.0,0.0,1.0,-4.0,0.0,,,
2016,1,19,BUF,00-0033096,LawsSh00,shaq-lawson-1,Shaq Lawson,False,DE,DL,D,Clemson,22.0,2024.0,0,0,1,24.0,,15.0,110.0,0.0,0.0,0.0,0.0,0.0,0.0,0.0,0.0,0.0,0.0,0.0,121.0,1.0,26.0
2016,1,20,NYJ,00-0033147,LeexDa00,darron-lee-1,Darron Lee,False,OLB,LB,D,Ohio St.,21.0,2020.0,0,0,3,19.0,,17.0,58.0,0.0,0.0,0.0,0.0,0.0,0.0,0.0,0.0,0.0,0.0,0.0,178.0,3.0,4.0
2016,1,21,HOU,00-0033127,FullWi01,william-fuller-2,Will Fuller,False,WR,WR,O,Notre Dame,22.0,2021.0,0,0,5,24.0,,24.0,55.0,0.0,0.0,0.0,0.0,0.0,4.0,6.0,0.0,213.0,3136.0,24.0,,,
2016,1,22,WAS,00-0032760,DoctJo00,josh-doctson-1,Josh Doctson,False,WR,WR,O,TCU,23.0,2019.0,0,0,2,9.0,,9.0,34.0,0.0,0.0,0.0,0.0,0.0,1.0,-14.0,0.0,81.0,1100.0,8.0,,,
2016,1,23,MIN,00-0032951,TreaLa00,laquon-treadwell-1,Laquon Treadwell,False,WR,WR,O,Mississippi,21.0,2025.0,0,0,2,8.0,,5.0,93.0,0.0,0.0,0.0,0.0,0.0,0.0,0.0,0.0,111.0,1242.0,5.0,9.0,,
2016,1,24,CIN,00-0033107,JackWi02,william-jackson-iii-1,William Jackson III,False,CB,DB,D,Houston,23.0,2022.0,0,0,4,19.0,,15.0,75.0,0.0,0.0,0.0,0.0,0.0,0.0,0.0,0.0,0.0,0.0,0.0,170.0,5.0,1.0
2016,1,25,PIT,00-0033103,BurnAr00,artie-burns-1,Artie Burns,False,CB,DB,D,Miami (FL),21.0,2024.0,0,0,1,17.0,,14.0,90.0,0.0,0.0,0.0,0.0,0.0,0.0,0.0,0.0,0.0,0.0,0.0,156.0,4.0,
2016,1,26,DEN,00-0033108,LyncPa00,paxton-lynch-1,Paxton Lynch,False,QB,QB,O,Memphis,22.0,2017.0,0,0,0,2.0,,2.0,5.0,79.0,128.0,792.0,4.0,4.0,16.0,55.0,0.0,0.0,0.0,0.0,,,
2016,1,27,GNB,00-0033120,ClarKe01,kenneth-clark-1,Kenny Clark,False,DT,DL,D,UCLA,20.0,2025.0,0,3,8,63.0,,60.0,157.0,0.0,0.0,0.0,0.0,0.0,0.0,0.0,0.0,0.0,0.0,0.0,253.0,,38.0
2016,1,28,SFO,00-0033151,GarnJo00,joshua-garnett-1,Joshua Garnett,False,G,OL,O,Stanford,22.0,2020.0,0,0,1,5.0,,5.0,25.0,0.0,0.0,0.0,0.0,0.0,0.0,0.0,0.0,0.0,0.0,0.0,,,
2016,1,29,ARI,00-0032761,NkemRo00,robert-nkemdiche-1,Robert Nkemdiche,False,DT,DL,D,Mississippi,21.0,2021.0,0,0,0,6.0,,5.0,38.0,0.0,0.0,0.0,0.0,0.0,0.0,0.0,0.0,0.0,0.0,0.0,33.0,,4.5
2016,1,30,CAR,00-0032967,ButlVe00,vernon-butler-1,Vernon Butler,False,DT,DL,D,Louisiana Tech,22.0,2022.0,0,0,2,13.0,,8.0,77.0,0.0,0.0,0.0,0.0,0.0,0.0,0.0,0.0,0.0,0.0,0.0,58.0,,8.0
2016,1,31,SEA,00-0032384,IfedGe00,germain-ifedi-1,Germain Ifedi,False,G,OL,O,Texas A&M,22.0,2024.0,0,0,4,38.0,,29.0,117.0,0.0,0.0,0.0,0.0,0.0,0.0,0.0,0.0,0.0,0.0,0.0,,,
2016,2,32,CLE,00-0033073,OgbaEm00,emmanuel-ogbah-1,Emmanuel Ogbah,False,DE,DL,D,Oklahoma St.,22.0,2025.0,0,0,6,43.0,,14.0,136.0,0.0,0.0,0.0,0.0,0.0,0.0,0.0,0.0,0.0,0.0,0.0,191.0,2.0,48.0
2016,2,33,TEN,00-0033074,DoddKe00,kevin-dodd-1,Kevin Dodd,False,DE,DL,D,Clemson,24.0,2017.0,0,0,0,2.0,,2.0,18.0,0.0,0.0,0.0,0.0,0.0,0.0,0.0,0.0,0.0,0.0,0.0,9.0,,1.0
2016,2,34,DAL,00-0033052,SmitJa05,jaylon-smith-1,Jaylon Smith,False,OLB,LB,D,Notre Dame,21.0,2023.0,0,1,4,37.0,,32.0,88.0,0.0,0.0,0.0,0.0,0.0,0.0,0.0,0.0,0.0,0.0,0.0,378.0,2.0,11.0
2016,2,35,SDG,00-0033090,HenrHu00,hunter-henry-1,Hunter Henry,False,TE,TE,O,Arkansas,21.0,2025.0,0,0,7,37.0,,15.0,136.0,0.0,0.0,0.0,0.0,0.0,0.0,0.0,0.0,455.0,5295.0,47.0,2.0,,
2016,2,36,JAX,00-0032968,JackMy00,myles-jack-1,Myles Jack,False,OLB,LB,D,UCLA,21.0,2023.0,0,0,7,42.0,,36.0,106.0,0.0,0.0,0.0,0.0,0.0,0.0,0.0,0.0,0.0,0.0,0.0,408.0,3.0,7.5
2016,2,37,KAN,00-0032762,JoneCh09,chris-jones-8,Chris Jones,False,DT,DL,D,Mississippi St.,22.0,2025.0,3,7,9,96.0,,96.0,155.0,0.0,0.0,0.0,0.0,0.0,0.0,0.0,0.0,0.0,0.0,0.0,222.0,2.0,87.5
2016,2,38,MIA,00-0033050,HowaXa00,xavien-howard-1,Xavien Howard,False,CB,DB,D,Baylor,23.0,2025.0,1,4,7,58.0,,56.0,104.0,0.0,0.0,0.0,0.0,0.0,0.0,0.0,0.0,0.0,0.0,0.0,265.0,29.0,2.0
2016,2,39,TAM,00-0032952,SpenNo00,noah-spence-1,Noah Spence,False,DE,DL,D,Eastern Kentucky,22.0,2021.0,0,0,0,5.0,,5.0,43.0,0.0,0.0,0.0,0.0,0.0,0.0,0.0,0.0,0.0,0.0,0.0,28.0,,7.5
2016,2,40,NYG,00-0032385,ShepSt00,sterling-shepard-1,Sterling Shepard,False,WR,WR,O,Oklahoma,23.0,2025.0,0,0,5,32.0,,26.0,117.0,0.0,0.0,0.0,0.0,0.0,36.0,274.0,1.0,443.0,4800.0,25.0,3.0,,
2016,2,41,BUF,00-0033058,RaglRe00,reggie-ragland-1,Reggie Ragland,False,ILB,LB,D,Alabama,22.0,2022.0,0,0,3,22.0,,,79.0,0.0,0.0,0.0,0.0,0.0,0.0,0.0,0.0,0.0,0.0,0.0,175.0,1.0,3.5
2016,2,42,BAL,00-0032386,CorrKa00,kamalei-correa-1,Kamalei Correa,False,DE,DL,D,Boise St.,22.0,2020.0,0,0,1,11.0,,3.0,63.0,0.0,0.0,0.0,0.0,0.0,0.0,0.0,0.0,0.0,0.0,0.0,57.0,,8.5
2016,2,43,TEN,00-0032763,JohnAu01,austin-johnson-2,Austin Johnson,False,NT,DL,D,Penn St.,22.0,2025.0,0,0,3,29.0,,8.0,145.0,0.0,0.0,0.0,0.0,0.0,0.0,0.0,0.0,0.0,0.0,0.0,136.0,2.0,9.5
2016,2,44,OAK,00-0033046,WardJi02,jihad-ward-1,Jihad Ward,False,DE,DL,D,Illinois,22.0,2025.0,0,0,3,25.0,,6.0,136.0,0.0,0.0,0.0,0.0,0.0,0.0,0.0,0.0,0.0,0.0,0.0,105.0,,24.0
2016,2,45,TEN,00-0032764,HenrDe00,derrick-henry-2,Derrick Henry,False,RB,RB,O,Alabama,22.0,2025.0,1,5,6,85.0,,59.0,153.0,7.0,10.0,37.0,4.0,0.0,2662.0,13018.0,122.0,189.0,1801.0,5.0,,,
2016,2,46,DET,00-0032889,RobiAS00,ashawn-robinson-1,A'Shawn Robinson,False,DT,DL,D,Alabama,21.0,2025.0,0,0,6,40.0,,17.0,143.0,0.0,0.0,0.0,0.0,0.0,0.0,0.0,0.0,0.0,0.0,0.0,279.0,1.0,15.0
2016,2,47,NOR,00-0032765,ThomMi05,michael-thomas-3,Michael Thomas,False,WR,WR,O,Ohio St.,23.0,2023.0,2,3,4,60.0,,60.0,83.0,0.0,0.0,0.0,0.0,0.0,2.0,-8.0,0.0,565.0,6569.0,36.0,1.0,,
2016,2,48,GNB,00-0032766,SpriJa00,jason-spriggs-1,Jason Spriggs,False,T,OL,O,Indiana,22.0,2021.0,0,0,0,9.0,,8.0,59.0,0.0,0.0,0.0,0.0,0.0,0.0,0.0,0.0,0.0,0.0,0.0,,,
2016,2,49,SEA,00-0032387,ReedJa02,jarran-reed-1,Jarran Reed,False,DT,DL,D,Alabama,23.0,2025.0,0,0,8,48.0,,37.0,152.0,0.0,0.0,0.0,0.0,0.0,0.0,0.0,0.0,0.0,0.0,0.0,211.0,,41.0
2016,2,50,HOU,00-0032969,MartNi00,nick-martin-1,Nick Martin,False,G,OL,O,Notre Dame,23.0,2022.0,0,0,4,29.0,,27.0,83.0,0.0,0.0,0.0,0.0,0.0,0.0,0.0,0.0,0.0,0.0,0.0,,,
2016,2,51,NYJ,00-0032953,HackCh01,christian-hackenberg-1,Christian Hackenberg,False,QB,QB,O,Penn St.,21.0,,0,0,0,,,,,,,,,,,,,,,,,,
2016,2,52,ATL,00-0032388,JoneDe01,deion-jones-1,Deion Jones,False,OLB,LB,D,LSU,21.0,2025.0,0,1,5,43.0,,39.0,128.0,0.0,0.0,0.0,0.0,0.0,0.0,0.0,0.0,0.0,0.0,0.0,492.0,13.0,12.0
2016,2,53,WAS,00-0032767,CravSu00,sua-cravens-1,Su'a Cravens,False,OLB,LB,D,USC,21.0,2018.0,0,0,0,5.0,,4.0,16.0,0.0,0.0,0.0,0.0,0.0,0.0,0.0,0.0,0.0,0.0,0.0,35.0,1.0,1.0
2016,2,54,MIN,00-0032389,AlexMa01,mackensie-alexander-1,Mackensie Alexander,False,CB,DB,D,Clemson,22.0,2022.0,0,0,1,12.0,,8.0,85.0,0.0,0.0,0.0,0.0,0.0,0.0,0.0,0.0,0.0,0.0,0.0,148.0,3.0,4.5
2016,2,55,CIN,00-0033009,BoydTy00,tyler-boyd-1,Tyler Boyd,False,WR,WR,O,Pittsburgh,21.0,2024.0,0,0,5,48.0,,46.0,136.0,3.0,7.0,85.0,0.0,1.0,20.0,169.0,0.0,552.0,6390.0,31.0,1.0,,
2016,2,56,CHI,00-0032768,WhitCo03,cody-whitehair-1,Cody Whitehair,False,G,OL,O,Kansas St.,24.0,2024.0,0,1,8,43.0,,42.0,136.0,0.0,0.0,0.0,0.0,0.0,0.0,0.0,0.0,0.0,0.0,0.0,1.0,,
2016,2,57,IND,00-0033059,GreeT.00,tj-green-1,T.J. Green,False,S,DB,D,Clemson,21.0,2021.0,0,0,0,6.0,,5.0,41.0,0.0,0.0,0.0,0.0,0.0,0.0,0.0,0.0,0.0,0.0,0.0,73.0,,
2016,2,58,PIT,00-0033053,DaviSe00,sean-davis-1,Sean Davis,False,CB,DB,D,Maryland,22.0,2021.0,0,0,3,18.0,,18.0,70.0,0.0,0.0,0.0,0.0,0.0,0.0,0.0,0.0,0.0,0.0,0.0,201.0,5.0,2.5
2016,2,59,TAM,00-0033102,AguaRo00,roberto-aguayo-1,Roberto Aguayo,False,K,K,S,Florida St.,22.0,2016.0,0,0,0,0.0,,0.0,16.0,0.0,0.0,0.0,0.0,0.0,0.0,0.0,0.0,0.0,0.0,0.0,1.0,,
2016,2,60,NWE,00-0032390,JoneCy00,cyrus-jones-2,Cyrus Jones,False,CB,DB,D,Alabama,22.0,2019.0,0,0,0,4.0,,1.0,31.0,0.0,0.0,0.0,0.0,0.0,0.0,0.0,0.0,0.0,0.0,0.0,11.0,,
2016,2,61,NOR,00-0032939,BellVo00,vonn-bell-2,Vonn Bell,False,S,DB,D,Ohio St.,21.0,2024.0,0,0,7,37.0,,12.0,139.0,0.0,0.0,0.0,0.0,0.0,0.0,0.0,0.0,0.0,0.0,0.0,501.0,8.0,9.5
2016,2,62,CAR,00-0032890,BradJa00,james-bradberry-1,James Bradberry,False,CB,DB,D,Samford,23.0,2023.0,0,1,8,46.0,,16.0,125.0,0.0,0.0,0.0,0.0,0.0,0.0,0.0,0.0,0.0,0.0,0.0,381.0,19.0,3.0
2016,2,63,DEN,00-0033064,GotsAd00,adam-gotsis-1,Adam Gotsis,False,DT,DL,D,Georgia Tech,23.0,2025.0,0,0,3,28.0,,15.0,128.0,0.0,0.0,0.0,0.0,0.0,0.0,0.0,0.0,0.0,0.0,0.0,139.0,,10.5
2016,3,64,TEN,00-0033132,ByarKe01,kevin-byard-1,Kevin Byard,False,S,DB,D,Middle Tenn. St.,23.0,2025.0,3,3,8,66.0,,49.0,164.0,1.0,1.0,66.0,1.0,0.0,0.0,0.0,0.0,1.0,11.0,0.0,655.0,36.0,6.0
2016,3,65,CLE,00-0033129,NassCa00,carl-nassib-1,Carl Nassib,False,DE,DL,D,Penn St.,23.0,2022.0,0,0,1,20.0,,7.0,99.0,0.0,0.0,0.0,0.0,0.0,0.0,0.0,0.0,0.0,0.0,0.0,128.0,1.0,25.5
2016,3,66,SDG,00-0033130,TuerMa00,max-tuerk-1,Max Tuerk,False,C,OL,O,USC,22.0,2017.0,0,0,0,0.0,,,1.0,0.0,0.0,0.0,0.0,0.0,0.0,0.0,0.0,0.0,0.0,0.0,,,
2016,3,67,DAL,00-0033131,CollMa00,maliek-collins-1,Maliek Collins,False,DT,DL,D,Nebraska,21.0,2025.0,0,0,9,51.0,,23.0,148.0,0.0,0.0,0.0,0.0,0.0,0.0,0.0,0.0,0.0,0.0,0.0,161.0,1.0,37.0
2016,3,68,SFO,00-0033124,RedmWi00,will-redmond-1,Will Redmond,False,CB,DB,D,Mississippi St.,22.0,2022.0,0,0,0,3.0,,,37.0,0.0,0.0,0.0,0.0,0.0,0.0,0.0,0.0,0.0,0.0,0.0,49.0,,
2016,3,69,JAX,00-0033123,NgakYa00,yannick-ngakoue-1,Yannick Ngakoue,False,DE,DL,D,Maryland,21.0,2024.0,0,1,8,50.0,,32.0,134.0,0.0,0.0,0.0,0.0,0.0,0.0,0.0,0.0,0.0,0.0,0.0,181.0,2.0,70.5
2016,3,70,BAL,00-0033117,KaufBr01,bronson-kaufusi-1,Bronson Kaufusi,False,DE,DL,D,BYU,25.0,2019.0,0,0,0,2.0,,1.0,9.0,0.0,0.0,0.0,0.0,0.0,0.0,0.0,0.0,0.0,0.0,0.0,4.0,,0.5
2016,3,71,NYG,00-0033083,ThomDa05,darian-thompson-1,Darian Thompson,False,S,DB,D,Boise St.,22.0,2021.0,0,0,1,12.0,,6.0,63.0,0.0,0.0,0.0,0.0,0.0,1.0,3.0,0.0,0.0,0.0,0.0,123.0,2.0,1.5
2016,3,72,CHI,00-0033093,BullJo00,jonathan-bullard-1,Jonathan Bullard,False,DT,DL,D,Florida,22.0,2025.0,0,0,3,28.0,,6.0,131.0,0.0,0.0,0.0,0.0,0.0,0.0,0.0,0.0,0.0,0.0,0.0,144.0,,6.5
2016,3,73,MIA,00-0033118,DrakKe00,kenyan-drake-1,Kenyan Drake,False,RB,RB,O,Alabama,22.0,2023.0,0,0,2,33.0,,15.0,104.0,0.0,0.0,0.0,0.0,0.0,869.0,3866.0,33.0,218.0,1655.0,8.0,6.0,,
2016,3,74,KAN,00-0033091,RussKe00,keivarae-russell-1,KeiVarae Russell,False,CB,DB,D,Notre Dame,22.0,2021.0,0,0,0,2.0,,,23.0,0.0,0.0,0.0,0.0,0.0,0.0,0.0,0.0,0.0,0.0,0.0,20.0,1.0,
2016,3,75,OAK,00-0033122,CalhSh00,shilique-calhoun-1,Shilique Calhoun,False,DE,DL,D,Michigan St.,24.0,2020.0,0,0,0,5.0,,2.0,51.0,0.0,0.0,0.0,0.0,0.0,0.0,0.0,0.0,0.0,0.0,0.0,37.0,,2.5
2016,3,76,CLE,00-0033097,ColeSh00,shon-coleman-1,Shon Coleman,False,T,OL,O,Auburn,24.0,2017.0,0,0,1,6.0,,6.0,23.0,0.0,0.0,0.0,0.0,0.0,0.0,0.0,0.0,0.0,0.0,0.0,,,
2016,3,77,CAR,00-0032891,WorlDa00,daryl-worley-1,Daryl Worley,False,CB,DB,D,West Virginia,21.0,2024.0,0,0,4,22.0,,11.0,99.0,0.0,0.0,0.0,0.0,0.0,0.0,0.0,0.0,0.0,0.0,0.0,258.0,6.0,2.0
2016,3,78,NWE,00-0032391,ThunJo00,joe-thuney-1,Joe Thuney,False,G,OL,O,North Carolina St.,23.0,2025.0,3,4,9,84.0,,32.0,163.0,0.0,0.0,0.0,0.0,0.0,0.0,0.0,0.0,0.0,0.0,0.0,,,
2016,3,79,PHI,00-0032954,SeumIs00,isaac-seumalo-1,Isaac Seumalo,False,G,OL,O,Oregon St.,22.0,2025.0,0,1,6,39.0,,23.0,125.0,0.0,0.0,0.0,0.0,0.0,0.0,0.0,0.0,0.0,0.0,0.0,,,
2016,3,80,BUF,00-0033037,WashAd00,adolphus-washington-1,Adolphus Washington,False,DT,DL,D,Ohio St.,21.0,2018.0,0,0,2,9.0,,9.0,35.0,0.0,0.0,0.0,0.0,0.0,0.0,0.0,0.0,0.0,0.0,0.0,38.0,,4.5
2016,3,81,ATL,00-0032392,HoopAu00,austin-hooper-1,Austin Hooper,False,TE,TE,O,Stanford,21.0,2025.0,0,2,5,33.0,,18.0,155.0,0.0,0.0,0.0,0.0,0.0,0.0,0.0,0.0,430.0,4441.0,30.0,4.0,,
2016,3,82,IND,00-0033065,ClarLe01,leraven-clark-1,Le'Raven Clark,False,T,OL,O,Texas Tech,23.0,2022.0,0,0,0,12.0,,10.0,64.0,0.0,0.0,0.0,0.0,0.0,0.0,0.0,0.0,0.0,0.0,0.0,,,
2016,3,83,NYJ,00-0032970,JenkJo01,jordan-jenkins-2,Jordan Jenkins,False,OLB,LB,D,Georgia,22.0,2021.0,0,0,5,29.0,,28.0,83.0,0.0,0.0,0.0,0.0,0.0,0.0,0.0,0.0,0.0,0.0,0.0,124.0,,25.0
2016,3,84,WAS,00-0033084,FullKe00,kendall-fuller-1,Kendall Fuller,False,CB,DB,D,Virginia Tech,21.0,2024.0,0,0,6,34.0,,26.0,128.0,0.0,0.0,0.0,0.0,0.0,0.0,0.0,0.0,0.0,0.0,0.0,403.0,16.0,2.0
2016,3,85,HOU,00-0033069,MillBr03,braxton-miller-1,Braxton Miller,False,WR,WR,O,Ohio St.,23.0,2017.0,0,0,1,2.0,,2.0,21.0,0.0,0.0,0.0,0.0,0.0,4.0,1.0,0.0,34.0,261.0,2.0,,,
2016,3,86,MIA,00-0033060,CarrLe00,leonte-carroo-1,Leonte Carroo,False,WR,WR,O,Rutgers,22.0,2018.0,0,0,0,2.0,,2.0,37.0,0.0,0.0,0.0,0.0,0.0,1.0,14.0,0.0,12.0,192.0,2.0,2.0,,
2016,3,87,CIN,00-0032892,VigiNi00,nick-vigil-1,Nick Vigil,False,ILB,LB,D,Utah St.,23.0,2024.0,0,0,4,27.0,,17.0,113.0,0.0,0.0,0.0,0.0,0.0,0.0,0.0,0.0,0.0,0.0,0.0,273.0,3.0,5.0
2016,3,88,GNB,00-0032955,FackKy00,kyler-fackrell-1,Kyler Fackrell,False,OLB,LB,D,Utah St.,24.0,2021.0,0,0,1,16.0,,9.0,86.0,0.0,0.0,0.0,0.0,0.0,0.0,0.0,0.0,0.0,0.0,0.0,114.0,1.0,23.5
2016,3,89,PIT,00-0033109,HargJa00,,Javon Hargrave,False,DT,DL,D,South Carolina St.,23.0,2025.0,0,2,8,59.0,,20.0,146.0,0.0,0.0,0.0,0.0,0.0,0.0,0.0,0.0,0.0,0.0,0.0,233.0,,49.0
2016,3,90,SEA,00-0032393,ProsC.00,cj-prosise-1,C.J. Prosise,False,RB,RB,O,Notre Dame,22.0,2020.0,0,0,0,5.0,,5.0,35.0,0.0,0.0,0.0,0.0,0.0,75.0,283.0,2.0,41.0,411.0,1.0,,,
2016,3,91,NWE,00-0033119,BrisJa00,jacoby-brissett-2,Jacoby Brissett,False,QB,QB,O,North Carolina St.,23.0,2025.0,0,0,3,42.0,,2.0,101.0,1391.0,2246.0,14766.0,76.0,32.0,283.0,1145.0,16.0,1.0,2.0,0.0,,,
2016,3,92,ARI,00-0032769,WillBr07,brandon-williams-10,Brandon Williams,False,CB,DB,D,Texas A&M,23.0,2020.0,0,0,0,4.0,,4.0,51.0,0.0,0.0,0.0,0.0,0.0,0.0,0.0,0.0,0.0,0.0,0.0,33.0,,
2016,3,93,CLE,00-0033104,KessCo00,cody-kessler-1,Cody Kessler,False,QB,QB,O,USC,23.0,2018.0,0,0,1,5.0,,3.0,17.0,224.0,349.0,2215.0,8.0,5.0,31.0,140.0,0.0,0.0,0.0,0.0,,,
2016,3,94,SEA,00-0032394,VannNi00,nick-vannett-1,Nick Vannett,False,TE,TE,O,Ohio St.,23.0,2025.0,0,0,3,7.0,,4.0,121.0,0.0,0.0,0.0,0.0,0.0,0.0,0.0,0.0,108.0,1012.0,9.0,1.0,,
2016,3,95,DET,00-0032395,GlasGr00,graham-glasgow-1,Graham Glasgow,False,C,OL,O,Michigan,24.0,2025.0,0,0,7,48.0,,41.0,147.0,0.0,0.0,0.0,0.0,0.0,0.0,0.0,0.0,0.0,0.0,0.0,,,
2016,3,96,NWE,00-0032396,ValeVi00,vincent-valentine-1,Vincent Valentine,False,DT,DL,D,Nebraska,22.0,2018.0,0,0,0,2.0,,2.0,16.0,0.0,0.0,0.0,0.0,0.0,0.0,0.0,0.0,0.0,0.0,0.0,11.0,,1.0
2016,3,97,SEA,00-0032397,OdhiRe00,rees-odhiambo-1,Rees Odhiambo,False,G,OL,O,Boise St.,23.0,2018.0,0,0,0,4.0,,4.0,16.0,0.0,0.0,0.0,0.0,0.0,0.0,0.0,0.0,0.0,0.0,0.0,,,
2016,3,98,DEN,00-0032971,SimmJu00,justin-simmons-1,Justin Simmons,False,S,DB,D,Boston Col.,22.0,2024.0,0,2,8,60.0,,56.0,134.0,0.0,0.0,0.0,0.0,0.0,0.0,0.0,0.0,0.0,0.0,0.0,479.0,32.0,4.5
2016,4,99,CLE,00-0033125,SchoJo00,joe-schobert-1,Joe Schobert,False,OLB,LB,D,Wisconsin,22.0,2022.0,0,1,5,37.0,,25.0,99.0,0.0,0.0,0.0,0.0,0.0,0.0,0.0,0.0,0.0,0.0,0.0,418.0,10.0,11.0
2016,4,100,OAK,00-0032893,CookCo00,connor-cook-1,Connor Cook,False,QB,QB,O,Michigan St.,23.0,2016.0,0,0,0,0.0,,0.0,1.0,14.0,21.0,150.0,1.0,1.0,0.0,0.0,0.0,0.0,0.0,0.0,,,
2016,4,101,DAL,00-0033075,TappCh00,charles-tapper-1,Charles Tapper,False,DE,DL,D,Oklahoma,23.0,2017.0,0,0,0,0.0,,0.0,2.0,0.0,0.0,0.0,0.0,0.0,0.0,0.0,0.0,0.0,0.0,0.0,2.0,,1.0
2016,4,102,SDG,00-0032894,PerrJo01,joshua-perry-1,Joshua Perry,False,ILB,LB,D,Ohio St.,22.0,2017.0,0,0,0,1.0,,1.0,17.0,0.0,0.0,0.0,0.0,0.0,0.0,0.0,0.0,0.0,0.0,0.0,16.0,,
2016,4,103,JAX,00-0033010,DayxSh00,sheldon-day-1,Sheldon Day,False,DT,DL,D,Notre Dame,22.0,2025.0,0,0,0,9.0,,2.0,95.0,0.0,0.0,0.0,0.0,0.0,0.0,0.0,0.0,0.0,0.0,0.0,67.0,,7.0
2016,4,104,BAL,00-0032770,YounTa01,tavon-young-1,Tavon Young,False,CB,DB,D,Temple,22.0,2021.0,0,0,1,14.0,,14.0,50.0,0.0,0.0,0.0,0.0,0.0,0.0,0.0,0.0,0.0,0.0,0.0,111.0,4.0,4.0
2016,4,105,KAN,00-0032771,EhinPa00,parker-ehinger-1,Parker Ehinger,False,G,OL,O,Cincinnati,23.0,2021.0,0,0,0,4.0,,3.0,10.0,0.0,0.0,0.0,0.0,0.0,0.0,0.0,0.0,0.0,0.0,0.0,,,
2016,4,106,KAN,00-0033038,MurrEr00,eric-murray-1,Eric Murray,False,CB,DB,D,Minnesota,22.0,2025.0,0,0,4,25.0,,5.0,136.0,0.0,0.0,0.0,0.0,0.0,0.0,0.0,0.0,0.0,0.0,0.0,301.0,4.0,6.0
2016,4,107,BAL,00-0032398,MoorCh00,chris-moore-4,Chris Moore,False,WR,WR,O,Cincinnati,23.0,2025.0,0,0,0,14.0,,4.0,125.0,0.0,0.0,0.0,0.0,0.0,17.0,78.0,0.0,149.0,1917.0,9.0,18.0,,
2016,4,108,TAM,00-0032772,SmitRy00,,Ryan Smith,False,CB,DB,D,North Carolina Central,23.0,2022.0,0,0,0,8.0,,8.0,78.0,0.0,0.0,0.0,0.0,0.0,0.0,0.0,0.0,0.0,0.0,0.0,102.0,1.0,
2016,4,109,NYG,00-0033121,GoodB.00,bj-goodson-1,B.J. Goodson,False,OLB,LB,D,Clemson,23.0,2021.0,0,0,4,20.0,,9.0,67.0,0.0,0.0,0.0,0.0,0.0,0.0,0.0,0.0,0.0,0.0,0.0,168.0,4.0,1.0
2016,4,110,LAR,00-0033110,HigbTy00,tyler-higbee-1,Tyler Higbee,False,TE,TE,O,Western Kentucky,23.0,2025.0,0,0,8,31.0,,31.0,138.0,0.0,0.0,0.0,0.0,0.0,1.0,1.0,0.0,386.0,3949.0,27.0,4.0,,
2016,4,111,DET,00-0032399,KillMi00,,Miles Killebrew,False,S,DB,D,Southern Utah,23.0,2025.0,1,2,0,18.0,,5.0,151.0,0.0,1.0,0.0,0.0,0.0,0.0,0.0,0.0,0.0,0.0,0.0,130.0,2.0,
2016,4,112,NWE,00-0032400,MitcMa01,malcolm-mitchell-2,Malcolm Mitchell,False,WR,WR,O,Georgia,24.0,2016.0,0,0,0,4.0,,4.0,14.0,0.0,0.0,0.0,0.0,0.0,0.0,0.0,0.0,32.0,401.0,4.0,,,
2016,4,113,CHI,00-0032773,KwiaNi00,nick-kwiatkoski-1,Nick Kwiatkoski,False,ILB,LB,D,West Virginia,23.0,2022.0,0,0,1,20.0,,14.0,89.0,0.0,0.0,0.0,0.0,0.0,0.0,0.0,0.0,0.0,0.0,0.0,208.0,2.0,7.0
2016,4,114,CLE,00-0033079,LouiRi00,ricardo-louis-1,Ricardo Louis,False,WR,WR,O,Auburn,22.0,2017.0,0,0,1,3.0,,3.0,32.0,0.0,0.0,0.0,0.0,0.0,0.0,0.0,0.0,45.0,562.0,0.0,11.0,,
2016,4,115,ATL,00-0032401,CampDe00,devondre-campbell-1,De'Vondre Campbell,False,OLB,LB,D,Minnesota,23.0,2024.0,1,0,9,51.0,,20.0,128.0,0.0,0.0,0.0,0.0,0.0,0.0,0.0,0.0,0.0,0.0,0.0,551.0,7.0,9.5
2016,4,116,IND,00-0032402,RidgHa00,hassan-ridgeway-1,Hassan Ridgeway,False,DT,DL,D,Texas,21.0,2023.0,0,0,0,13.0,,5.0,80.0,0.0,0.0,0.0,0.0,0.0,0.0,0.0,0.0,0.0,0.0,0.0,57.0,,10.5
2016,4,117,LAR,00-0033111,CoopPh00,pharoh-cooper-1,Pharoh Cooper,False,WR,WR,O,South Carolina,21.0,2022.0,1,1,0,6.0,,3.0,75.0,0.0,1.0,0.0,0.0,1.0,7.0,26.0,0.0,61.0,545.0,1.0,1.0,,
2016,4,118,NYJ,00-0032403,BurrJu00,juston-burris-1,Juston Burris,False,CB,DB,D,North Carolina St.,23.0,2022.0,0,0,2,14.0,,3.0,80.0,0.0,0.0,0.0,0.0,0.0,0.0,0.0,0.0,0.0,0.0,0.0,123.0,6.0,1.0
2016,4,119,HOU,00-0032404,ErviTy00,tyler-ervin-1,Tyler Ervin,False,RB,RB,O,San Jose St.,22.0,2020.0,0,0,0,2.0,,0.0,43.0,0.0,0.0,0.0,0.0,0.0,19.0,92.0,0.0,27.0,186.0,0.0,4.0,,
2016,4,120,NOR,00-0033051,OnyeDa00,,David Onyemata,False,DT,DL,D,Manitoba,23.0,2025.0,0,0,6,48.0,,31.0,154.0,0.0,0.0,0.0,0.0,0.0,0.0,0.0,0.0,0.0,0.0,0.0,208.0,1.0,31.0
2016,4,121,MIN,00-0032405,BeavWi00,willie-beavers-1,Willie Beavers,False,T,OL,O,Western Michigan,22.0,2016.0,0,0,0,0.0,,0.0,2.0,0.0,0.0,0.0,0.0,0.0,0.0,0.0,0.0,0.0,0.0,0.0,,,
2016,4,122,CIN,00-0033066,BillAn00,andrew-billings-1,Andrew Billings,False,NT,DL,D,Baylor,21.0,2025.0,0,0,5,33.0,,14.0,109.0,0.0,0.0,0.0,0.0,0.0,0.0,0.0,0.0,0.0,0.0,0.0,107.0,,6.5
2016,4,123,PIT,00-0033085,HawkJe00,jerald-hawkins-1,Jerald Hawkins,False,T,OL,O,LSU,22.0,2020.0,0,0,0,2.0,,2.0,19.0,0.0,0.0,0.0,0.0,0.0,0.0,0.0,0.0,0.0,0.0,0.0,,,
2016,4,124,CHI,00-0032774,BushDe00,deon-bush-1,Deon Bush,False,S,DB,D,Miami (FL),23.0,2024.0,0,0,0,8.0,,7.0,103.0,0.0,0.0,0.0,0.0,0.0,0.0,0.0,0.0,0.0,0.0,0.0,86.0,3.0,1.0
2016,4,125,IND,00-0032406,MorrAn01,antonio-morrison-1,Antonio Morrison,False,ILB,LB,D,Florida,21.0,2018.0,0,0,2,13.0,,9.0,47.0,0.0,1.0,0.0,0.0,0.0,0.0,0.0,0.0,0.0,0.0,0.0,124.0,,1.0
2016,4,126,KAN,00-0032775,RobiDe01,demarcus-robinson-3,Demarcus Robinson,False,WR,WR,O,Florida,21.0,2025.0,0,0,3,27.0,,13.0,161.0,0.0,0.0,0.0,0.0,0.0,2.0,29.0,0.0,272.0,3289.0,28.0,10.0,,
2016,4,127,CHI,00-0032776,HallDe02,,Deiondre' Hall,False,CB,DB,D,Northern Iowa,22.0,2018.0,0,0,0,2.0,,1.0,23.0,0.0,0.0,0.0,0.0,0.0,0.0,0.0,0.0,0.0,0.0,0.0,10.0,1.0,
2016,4,128,ARI,00-0032777,BoehEv00,evan-boehm-1,Evan Boehm,False,C,OL,O,Missouri,23.0,2019.0,0,0,1,12.0,,6.0,55.0,0.0,0.0,0.0,0.0,0.0,0.0,0.0,0.0,0.0,0.0,0.0,,,
2016,4,129,CLE,00-0033076,KindDe00,derrick-kindred-1,Derrick Kindred,False,S,DB,D,TCU,22.0,2018.0,0,0,1,8.0,,8.0,42.0,0.0,0.0,0.0,0.0,0.0,0.0,0.0,0.0,0.0,0.0,0.0,108.0,2.0,
2016,4,130,BAL,00-0032407,LewiAl01,alex-lewis-2,Alex Lewis,False,T,OL,O,Nebraska,24.0,2020.0,0,0,2,14.0,,8.0,44.0,0.0,0.0,0.0,0.0,0.0,0.0,0.0,0.0,0.0,0.0,0.0,,,
2016,4,131,GNB,00-0032408,MartBl01,blake-martinez-1,Blake Martinez,False,LB,LB,D,Stanford,22.0,2023.0,0,0,5,38.0,,29.0,85.0,0.0,0.0,0.0,0.0,0.0,0.0,0.0,0.0,0.0,0.0,0.0,444.0,4.0,13.0
2016,4,132,BAL,00-0032409,HenrWi00,willie-henry-1,Willie Henry,False,DT,DL,D,Michigan,22.0,2020.0,0,0,0,4.0,,4.0,18.0,0.0,0.0,0.0,0.0,0.0,0.0,0.0,0.0,0.0,0.0,0.0,26.0,,4.5
2016,4,133,SFO,00-0032410,RobiRa00,rashard-robinson-1,Rashard Robinson,False,CB,DB,D,LSU,21.0,2021.0,0,0,0,9.0,,6.0,49.0,0.0,0.0,0.0,0.0,0.0,0.0,0.0,0.0,0.0,0.0,0.0,70.0,2.0,
2016,4,134,BAL,00-0032411,DixoKe00,kenneth-dixon-1,Kenneth Dixon,False,RB,RB,O,Louisiana Tech,22.0,2018.0,0,0,0,5.0,,5.0,18.0,0.0,0.0,0.0,0.0,0.0,148.0,715.0,4.0,36.0,213.0,1.0,,,
2016,4,135,DAL,00-0033077,PresDa01,dak-prescott-1,Dak Prescott,False,QB,QB,O,Mississippi St.,23.0,2025.0,0,4,8,104.0,,104.0,139.0,3184.0,4759.0,35989.0,243.0,92.0,473.0,2115.0,31.0,1.0,11.0,1.0,,,
2016,4,136,DEN,00-0032972,BookDe00,devontae-booker-1,Devontae Booker,False,RB,RB,O,Utah,24.0,2021.0,0,0,0,19.0,,11.0,93.0,0.0,0.0,0.0,0.0,0.0,527.0,2119.0,11.0,162.0,1224.0,2.0,7.0,,
2016,4,137,GNB,00-0032412,LowrDe00,dean-lowry-1,Dean Lowry,False,DE,DL,D,Northwestern,22.0,2024.0,0,0,6,38.0,,35.0,132.0,0.0,0.0,0.0,0.0,0.0,0.0,0.0,0.0,0.0,0.0,0.0,144.0,1.0,16.5
2016,4,138,CLE,00-0033080,DevaSe00,,Seth Devalve,False,TE,TE,O,Princeton,23.0,2020.0,0,0,0,6.0,,5.0,57.0,0.0,0.0,0.0,0.0,0.0,0.0,0.0,0.0,60.0,736.0,4.0,8.0,,
2016,4,139,BUF,00-0033098,JoneCa01,cardale-jones-1,Cardale Jones,False,QB,QB,O,Ohio St.,23.0,2016.0,0,0,0,0.0,,0.0,1.0,6.0,11.0,96.0,0.0,1.0,1.0,-1.0,0.0,0.0,0.0,0.0,,,
2016,5,140,TEN,00-0032778,SharTa00,tajae-sharpe-1,Tajae Sharpe,False,WR,WR,O,Massachusetts,21.0,2021.0,0,0,3,12.0,,11.0,66.0,0.0,0.0,0.0,0.0,0.0,2.0,17.0,0.0,117.0,1397.0,8.0,1.0,,
2016,5,141,CAR,00-0032973,SancZa00,zack-sanchez-1,Zack Sanchez,False,CB,DB,D,Oklahoma,22.0,2016.0,0,0,0,1.0,,1.0,5.0,0.0,0.0,0.0,0.0,0.0,0.0,0.0,0.0,0.0,0.0,0.0,5.0,,
2016,5,142,SFO,00-0032413,BlaiRo00,ronald-blair-1,Ronald Blair,False,DE,DL,D,Appalachian St.,23.0,2021.0,0,0,0,7.0,,6.0,55.0,0.0,0.0,0.0,0.0,0.0,0.0,0.0,0.0,0.0,0.0,0.0,71.0,,14.5
2016,5,143,OAK,00-0032940,WashDe00,deandre-washington-1,DeAndre Washington,False,RB,RB,O,Texas Tech,23.0,2020.0,0,0,0,12.0,,11.0,59.0,0.0,0.0,0.0,0.0,0.0,313.0,1213.0,7.0,93.0,643.0,1.0,3.0,,
2016,5,144,DEN,00-0033011,McGoCo00,connor-mcgovern-1,Connor McGovern,False,G,OL,O,Missouri,23.0,2024.0,0,0,5,29.0,,14.0,109.0,0.0,0.0,0.0,0.0,0.0,0.0,0.0,0.0,0.0,0.0,0.0,5.0,,
2016,5,145,SFO,00-0032414,TheuJo00,john-theus-1,John Theus,False,T,OL,O,Georgia,22.0,2016.0,0,0,0,1.0,,1.0,4.0,0.0,0.0,0.0,0.0,0.0,0.0,0.0,0.0,0.0,0.0,0.0,,,
2016,5,146,BAL,00-0032415,JudoMa00,,Matt Judon,False,DE,DL,D,Grand Valley St.,24.0,2025.0,0,4,7,63.0,,30.0,145.0,0.0,0.0,0.0,0.0,0.0,0.0,0.0,0.0,0.0,0.0,0.0,285.0,1.0,72.0
2016,5,147,SEA,00-0032416,JeffQu00,quinton-jefferson-1,Quinton Jefferson,False,DT,DL,D,Maryland,23.0,2025.0,0,0,4,29.0,,12.0,116.0,0.0,0.0,0.0,0.0,0.0,0.0,0.0,0.0,0.0,0.0,0.0,101.0,,28.5
2016,5,148,TAM,00-0032779,BeneCa00,caleb-benenoch-1,Caleb Benenoch,False,T,OL,O,UCLA,22.0,2021.0,0,0,1,12.0,,12.0,36.0,0.0,0.0,0.0,0.0,0.0,0.0,0.0,0.0,0.0,0.0,0.0,,,
2016,5,149,NYG,00-0032417,PerkPa00,paul-perkins-1,Paul Perkins,False,RB,RB,O,UCLA,21.0,2019.0,0,0,0,5.0,,5.0,29.0,0.0,0.0,0.0,0.0,0.0,165.0,575.0,0.0,24.0,217.0,0.0,5.0,,
2016,5,150,CHI,00-0032780,HowaJo00,jordan-howard-1,Jordan Howard,False,RB,RB,O,Indiana,21.0,2022.0,0,1,3,27.0,,22.0,73.0,0.0,0.0,0.0,0.0,0.0,1019.0,4362.0,37.0,85.0,653.0,2.0,1.0,,
2016,5,151,DET,00-0032418,DahlJo00,joe-dahl-1,Joe Dahl,False,G,OL,O,Washington St.,23.0,2020.0,0,0,1,11.0,,11.0,44.0,0.0,0.0,0.0,0.0,0.0,0.0,0.0,0.0,0.0,0.0,0.0,,,
2016,5,152,WAS,00-0032781,IoanMa01,matt-ioannidis-1,Matthew Ioannidis,False,DT,DL,D,Temple,22.0,2022.0,0,0,3,25.0,,19.0,86.0,0.0,0.0,0.0,0.0,0.0,0.0,0.0,0.0,0.0,0.0,0.0,122.0,,25.5
2016,5,153,PHI,00-0032782,SmalWe00,wendell-smallwood-1,Wendell Smallwood,False,RB,RB,O,West Virginia,22.0,2021.0,0,0,1,10.0,,9.0,56.0,0.0,0.0,0.0,0.0,0.0,238.0,956.0,5.0,60.0,474.0,2.0,8.0,,
2016,5,154,CLE,00-0032974,PaytJo00,jordan-payton-1,Jordan Payton,False,WR,WR,O,UCLA,23.0,2016.0,0,0,0,0.0,,0.0,4.0,0.0,0.0,0.0,0.0,0.0,0.0,0.0,0.0,1.0,3.0,0.0,,,
2016,5,155,IND,00-0032419,HaegJo00,,Joe Haeg,False,T,OL,O,North Dakota St.,23.0,2022.0,0,0,2,22.0,,19.0,80.0,0.0,0.0,0.0,0.0,0.0,0.0,0.0,0.0,0.0,0.0,0.0,1.0,,
2016,5,156,BUF,00-0032975,WillJo07,jonathan-williams-2,Jonathan Williams,False,RB,RB,O,Arkansas,22.0,2023.0,0,0,0,5.0,,1.0,47.0,0.0,1.0,0.0,0.0,0.0,135.0,563.0,3.0,22.0,149.0,0.0,4.0,,
2016,5,157,TEN,00-0032783,SimsLe00,,LeShaun Sims,False,CB,DB,D,Southern Utah,22.0,2020.0,0,0,0,11.0,,7.0,69.0,0.0,0.0,0.0,0.0,0.0,0.0,0.0,0.0,0.0,0.0,0.0,127.0,3.0,
2016,5,158,NYJ,00-0032420,ShelBr00,brandon-shell-1,Brandon Shell,False,T,OL,O,South Carolina,24.0,2022.0,0,0,5,29.0,,13.0,83.0,0.0,0.0,0.0,0.0,0.0,0.0,0.0,0.0,0.0,0.0,0.0,2.0,,
2016,5,159,HOU,00-0032421,DillK.00,kj-dillon-1,K.J. Dillon,False,S,DB,D,West Virginia,22.0,2016.0,0,0,0,0.0,,0.0,5.0,0.0,0.0,0.0,0.0,0.0,0.0,0.0,0.0,0.0,0.0,0.0,4.0,,
2016,5,160,MIN,00-0032422,BrotKe00,kentrell-brothers-1,Kentrell Brothers,False,OLB,LB,D,Missouri,23.0,2019.0,0,0,0,4.0,,4.0,51.0,0.0,0.0,0.0,0.0,0.0,0.0,0.0,0.0,0.0,0.0,0.0,41.0,,1.0
2016,5,161,CIN,00-0033039,WestCh02,christian-westerman-1,Christian Westerman,False,G,OL,O,Arizona St.,23.0,2018.0,0,0,0,2.0,,2.0,16.0,0.0,0.0,0.0,0.0,0.0,0.0,0.0,0.0,0.0,0.0,0.0,,,
2016,5,162,KAN,00-0032784,HogaKe00,kevin-hogan-2,Kevin Hogan,False,QB,QB,O,Stanford,23.0,2021.0,0,0,0,2.0,,,9.0,60.0,101.0,621.0,4.0,7.0,18.0,176.0,1.0,0.0,0.0,0.0,,,
2016,5,163,GNB,00-0032423,DaviTr03,trevor-davis-1,Trevor Davis,False,WR,WR,O,California,23.0,2019.0,0,0,0,2.0,,1.0,43.0,0.0,0.0,0.0,0.0,0.0,6.0,86.0,1.0,16.0,205.0,1.0,7.0,,
2016,5,164,PHI,00-0032785,VaitHa00,halapoulivaati-vaitai-1,Halapoulivaati Vaitai,False,T,OL,O,TCU,23.0,2023.0,0,0,3,25.0,,12.0,86.0,0.0,0.0,0.0,0.0,0.0,0.0,0.0,0.0,0.0,0.0,0.0,,,
2016,5,165,KAN,00-0033040,HillTy00,,Tyreek Hill,False,WR,WR,O,West Alabama,22.0,2025.0,5,8,8,98.0,,61.0,145.0,0.0,1.0,0.0,0.0,1.0,114.0,819.0,7.0,819.0,11363.0,83.0,10.0,,
2016,5,166,HOU,00-0032424,ReadD.00,dj-reader-1,D.J. Reader,False,NT,DL,D,Clemson,22.0,2025.0,0,0,6,47.0,,20.0,137.0,0.0,0.0,0.0,0.0,0.0,0.0,0.0,0.0,0.0,0.0,0.0,171.0,,12.5
2016,5,167,ARI,00-0032786,ChriMa00,,Marqui Christian,False,S,DB,D,Midwestern St.,21.0,2021.0,0,0,0,6.0,,,73.0,0.0,0.0,0.0,0.0,0.0,0.0,0.0,0.0,0.0,0.0,0.0,68.0,,
2016,5,168,CLE,00-0032976,DranSp00,spencer-drango-1,Spencer Drango,False,G,OL,O,Baylor,23.0,2017.0,0,0,2,8.0,,8.0,32.0,0.0,0.0,0.0,0.0,0.0,0.0,0.0,0.0,0.0,0.0,0.0,,,
2016,5,169,DET,00-0032425,WillAn01,antwione-williams-1,Antwione Williams,False,LB,LB,D,Georgia Southern,23.0,2016.0,0,0,0,2.0,,2.0,14.0,0.0,0.0,0.0,0.0,0.0,0.0,0.0,0.0,0.0,0.0,0.0,17.0,,
2016,5,170,ARI,00-0032787,ToneCo00,,Cole Toner,False,T,OL,O,Harvard,22.0,2021.0,0,0,0,2.0,,0.0,14.0,0.0,0.0,0.0,0.0,0.0,0.0,0.0,0.0,0.0,0.0,0.0,,,
2016,5,171,SEA,00-0032426,CollAl00,alex-collins-1,Alex Collins,False,RB,RB,O,Arkansas,22.0,2021.0,0,0,2,17.0,,5.0,50.0,0.0,0.0,0.0,0.0,0.0,483.0,1997.0,18.0,59.0,467.0,1.0,,,
2016,5,172,CLE,00-0032977,HiggRa00,rashard-higgins-1,Rashard Higgins,False,WR,WR,O,Colorado St.,21.0,2022.0,0,0,0,13.0,,13.0,85.0,0.0,0.0,0.0,0.0,0.0,1.0,4.0,0.0,137.0,1890.0,12.0,,,
2016,5,173,CLE,00-0032978,CaldTr00,trey-caldwell-1,Trey Caldwell,False,DB,DB,D,La-Monroe,22.0,2016.0,0,0,0,0.0,,0.0,1.0,0.0,0.0,0.0,0.0,0.0,0.0,0.0,0.0,0.0,0.0,0.0,,,
2016,5,174,SFO,00-0032427,CoopFa00,fahn-cooper-1,Fahn Cooper,False,T,OL,O,Mississippi,23.0,,0,0,0,,,,,,,,,,,,,,,,,,
2016,5,175,SDG,00-0032895,BrowJa05,jatavis-brown-1,Jatavis Brown,False,OLB,LB,D,Akron,22.0,2019.0,0,0,2,14.0,,14.0,56.0,0.0,0.0,0.0,0.0,0.0,0.0,0.0,0.0,0.0,0.0,0.0,187.0,,4.5
2016,6,176,DEN,00-0032956,JanoAn00,andy-janovich-1,Andy Janovich,False,FB,RB,O,Nebraska,23.0,2021.0,0,0,1,2.0,,2.0,77.0,0.0,0.0,0.0,0.0,0.0,17.0,55.0,4.0,27.0,255.0,1.0,17.0,,
2016,6,177,LAR,00-0033112,HemiTe00,,Temarrick Hemingway,False,TE,TE,O,South Carolina St.,23.0,2021.0,0,0,0,0.0,,0.0,23.0,0.0,0.0,0.0,0.0,0.0,0.0,0.0,0.0,1.0,10.0,0.0,2.0,,
2016,6,178,KAN,00-0032788,WhitD.00,dj-white-1,D.J. White,False,CB,DB,D,Georgia Tech,22.0,2019.0,0,0,0,1.0,,1.0,14.0,0.0,0.0,0.0,0.0,0.0,0.0,0.0,0.0,0.0,0.0,0.0,13.0,1.0,
2016,6,179,SDG,00-0032896,KaseDr00,drew-kaser-1,Drew Kaser,False,P,P,S,Texas A&M,23.0,2018.0,0,0,0,5.0,,5.0,36.0,0.0,0.0,0.0,0.0,0.0,1.0,0.0,0.0,0.0,0.0,0.0,1.0,,
2016,6,180,MIN,00-0032341,BoehMo00,,Moritz Boehringer,False,WR,WR,O,,22.0,,0,0,0,,,,,,,,,,,,,,,,,,
2016,6,181,JAX,00-0032428,HolmTy01,,Tyrone Holmes,False,OLB,LB,D,Montana,22.0,2017.0,0,0,0,1.0,,,15.0,0.0,0.0,0.0,0.0,0.0,0.0,0.0,0.0,0.0,0.0,0.0,3.0,,1.0
2016,6,182,BAL,00-0033078,ReynKe00,keenan-reynolds-1,Keenan Reynolds,False,RB,RB,O,Navy,22.0,2018.0,0,0,0,0.0,,,2.0,0.0,0.0,0.0,0.0,0.0,0.0,0.0,0.0,0.0,0.0,0.0,,,
2016,6,183,TAM,00-0032789,BondDe00,devante-bond-1,Devante Bond,False,OLB,LB,D,Oklahoma,23.0,2020.0,0,0,1,4.0,,4.0,34.0,0.0,0.0,0.0,0.0,0.0,0.0,0.0,0.0,0.0,0.0,0.0,31.0,,
2016,6,184,NYG,00-0032429,AdamJe01,jerell-adams-1,Jerell Adams,False,TE,TE,O,South Carolina,23.0,2019.0,0,0,0,2.0,,2.0,30.0,0.0,0.0,0.0,0.0,0.0,0.0,0.0,0.0,24.0,214.0,1.0,3.0,,
2016,6,185,CHI,00-0032790,HousDe00,,DeAndre Houston-Carson,False,S,DB,D,William & Mary,23.0,2023.0,0,0,0,11.0,,8.0,107.0,0.0,0.0,0.0,0.0,0.0,0.0,0.0,0.0,0.0,0.0,0.0,118.0,5.0,
2016,6,186,MIA,00-0032791,GranJa00,jakeem-grant-1,Jakeem Grant,False,WR,WR,O,Texas Tech,23.0,2021.0,0,1,0,14.0,,12.0,81.0,0.0,0.0,0.0,0.0,0.0,17.0,76.0,1.0,100.0,1140.0,7.0,4.0,,
2016,6,187,WAS,00-0032792,SudfNa00,nate-sudfeld-1,Nate Sudfeld,False,QB,QB,O,Indiana,22.0,2022.0,0,0,0,1.0,,,6.0,25.0,37.0,188.0,1.0,1.0,10.0,28.0,0.0,0.0,0.0,0.0,,,
2016,6,188,MIN,00-0032430,MorgDa01,david-morgan-1,David Morgan,False,TE,TE,O,Texas-San Antonio,23.0,2018.0,0,0,0,1.0,,1.0,38.0,0.0,0.0,0.0,0.0,0.0,0.0,0.0,0.0,16.0,135.0,1.0,,,
2016,6,189,DAL,00-0033047,BrowAn02,anthony-brown-6,Anthony Brown,False,CB,DB,D,Purdue,22.0,2023.0,0,0,4,23.0,,23.0,96.0,0.0,0.0,0.0,0.0,0.0,0.0,0.0,0.0,0.0,0.0,0.0,260.0,9.0,4.0
2016,6,190,LAR,00-0033113,ForrJo00,josh-forrest-1,Josh Forrest,False,ILB,LB,D,Kentucky,24.0,2017.0,0,0,0,2.0,,2.0,12.0,0.0,0.0,0.0,0.0,0.0,0.0,0.0,0.0,0.0,0.0,0.0,6.0,,
2016,6,191,DET,00-0032431,RudoJa00,jake-rudock-1,Jake Rudock,False,QB,QB,O,Michigan,23.0,2017.0,0,0,0,0.0,,0.0,3.0,3.0,5.0,24.0,0.0,1.0,0.0,0.0,0.0,0.0,0.0,0.0,,,
2016,6,192,BUF,00-0032957,ListKo00,kolby-listenbee-1,Kolby Listenbee,False,WR,WR,O,TCU,22.0,,0,0,0,,,,,,,,,,,,,,,,,,
2016,6,193,TEN,00-0032941,TretSe00,sebastian-tretola-1,Sebastian Tretola,False,G,OL,O,Arkansas,24.0,2016.0,0,0,0,0.0,,0.0,1.0,0.0,0.0,0.0,0.0,0.0,0.0,0.0,0.0,0.0,0.0,0.0,,,
2016,6,194,OAK,00-0033056,JameCo00,cory-james-1,Cory James,False,OLB,LB,D,Colorado St.,23.0,2017.0,0,0,1,7.0,,7.0,26.0,0.0,0.0,0.0,0.0,0.0,0.0,0.0,0.0,0.0,0.0,0.0,78.0,,
2016,6,195,ATL,00-0032432,SchwWe00,wes-schweitzer-1,Wes Schweitzer,False,G,OL,O,San Jose St.,22.0,2024.0,0,0,3,27.0,,19.0,90.0,0.0,0.0,0.0,0.0,0.0,0.0,0.0,0.0,0.0,0.0,0.0,,,
2016,6,196,PHI,00-0032793,CounBl00,blake-countess-1,Blake Countess,False,CB,DB,D,Auburn,23.0,2021.0,0,0,0,3.0,,0.0,45.0,0.0,0.0,0.0,0.0,0.0,0.0,0.0,0.0,0.0,0.0,0.0,41.0,2.0,1.0
2016,6,197,TAM,00-0032794,VitaDa00,dan-vitale-1,Danny Vitale,False,FB,RB,O,Northwestern,22.0,2019.0,0,0,1,1.0,,,44.0,0.0,0.0,0.0,0.0,0.0,1.0,3.0,0.0,15.0,145.0,0.0,16.0,,
2016,6,198,SDG,00-0032897,WattDe00,derek-watt-1,Derek Watt,False,FB,RB,O,Wisconsin,23.0,2022.0,0,0,0,1.0,,1.0,110.0,0.0,0.0,0.0,0.0,0.0,29.0,71.0,2.0,18.0,178.0,1.0,44.0,,
2016,6,199,CIN,00-0032795,CoreCo00,cody-core-1,Cody Core,False,WR,WR,O,Mississippi,22.0,2019.0,0,0,0,3.0,,3.0,51.0,0.0,0.0,0.0,0.0,0.0,0.0,0.0,0.0,33.0,388.0,1.0,12.0,,
2016,6,200,GNB,00-0032433,MurpKy00,kyle-murphy-1,Kyle Murphy,False,T,OL,O,Stanford,22.0,2021.0,0,0,0,2.0,,2.0,7.0,0.0,0.0,0.0,0.0,0.0,0.0,0.0,0.0,0.0,0.0,0.0,,,
2016,6,201,JAX,00-0032434,AlleBr00,brandon-allen-2,Brandon Allen,False,QB,QB,O,Arkansas,24.0,2025.0,0,0,0,5.0,,,19.0,183.0,323.0,1882.0,11.0,9.0,36.0,68.0,0.0,0.0,0.0,0.0,,,
2016,6,202,DET,00-0032435,ZettAn00,anthony-zettel-1,Anthony Zettel,False,DT,DL,D,Penn St.,24.0,2020.0,0,0,1,9.0,,8.0,50.0,0.0,0.0,0.0,0.0,0.0,0.0,0.0,0.0,0.0,0.0,0.0,51.0,,7.5
2016,6,203,KAN,00-0032796,NicoDa00,dadi-nicolas-1,Dadi Nicolas,False,DE,DL,D,Virginia Tech,23.0,2016.0,0,0,0,1.0,,1.0,11.0,0.0,0.0,0.0,0.0,0.0,0.0,0.0,0.0,0.0,0.0,0.0,,,
2016,6,204,MIA,00-0032797,LucaJo00,jordan-lucas-1,Jordan Lucas,False,S,DB,D,Penn St.,23.0,2021.0,0,0,0,4.0,,1.0,50.0,0.0,0.0,0.0,0.0,0.0,0.0,0.0,0.0,0.0,0.0,0.0,29.0,1.0,1.0
2016,6,205,ARI,00-0032798,MillHa00,,Harlan Miller,False,CB,DB,D,Southeastern Louisiana,22.0,2018.0,0,0,0,2.0,,2.0,9.0,0.0,0.0,0.0,0.0,0.0,0.0,0.0,0.0,0.0,0.0,0.0,9.0,1.0,
2016,6,206,LAR,00-0033114,ThomMi04,michael-thomas-6,Mike Thomas,False,WR,WR,O,Southern Miss,22.0,2022.0,0,0,0,2.0,,1.0,76.0,0.0,0.0,0.0,0.0,0.0,1.0,1.0,0.0,30.0,366.0,1.0,13.0,,
2016,6,207,SFO,00-0032436,DrisJe00,jeff-driskel-1,Jeff Driskel,False,QB,QB,O,Louisiana Tech,23.0,2024.0,0,0,0,7.0,,,25.0,229.0,391.0,2394.0,16.0,10.0,80.0,417.0,3.0,2.0,10.0,0.0,,,
2016,6,208,NWE,00-0032437,GrugKa00,,Kamu Grugier-Hill,False,OLB,LB,D,Eastern Illinois,22.0,2024.0,0,0,3,24.0,,,132.0,0.0,0.0,0.0,0.0,0.0,0.0,0.0,0.0,1.0,4.0,0.0,248.0,5.0,6.0
2016,6,209,BAL,00-0032438,CanaMa00,maurice-canady-1,Maurice Canady,False,CB,DB,D,Virginia,22.0,2021.0,0,0,0,3.0,,2.0,40.0,0.0,0.0,0.0,0.0,0.0,0.0,0.0,0.0,0.0,0.0,0.0,70.0,1.0,
2016,6,210,DET,00-0032439,LandJi00,jimmy-landes-1,Jimmy Landes,False,LS,LS,S,Baylor,24.0,,0,0,0,,,,,,,,,,,,,,,,,,
2016,6,211,SFO,00-0032440,TaylKe01,kelvin-taylor-1,Kelvin Taylor,False,RB,RB,O,Florida,22.0,,0,0,0,,,,,,,,,,,,,,,,,,
2016,6,212,DAL,00-0033048,FrazKa00,kavon-frazier-1,Kavon Frazier,False,S,DB,D,Central Michigan,22.0,2021.0,0,0,0,4.0,,3.0,60.0,0.0,0.0,0.0,0.0,0.0,0.0,0.0,0.0,0.0,0.0,0.0,50.0,,1.0
2016,6,213,SFO,00-0032441,BurbAa00,aaron-burbridge-1,Aaron Burbridge,False,WR,WR,O,Michigan St.,22.0,2016.0,0,0,0,1.0,,1.0,16.0,0.0,0.0,0.0,0.0,0.0,0.0,0.0,0.0,7.0,88.0,0.0,9.0,,
2016,6,214,NWE,00-0032442,RobeEl00,elandon-roberts-1,Elandon Roberts,False,ILB,LB,D,Houston,22.0,2025.0,0,0,7,52.0,,17.0,157.0,0.0,0.0,0.0,0.0,0.0,0.0,0.0,0.0,1.0,38.0,1.0,396.0,1.0,14.5
2016,6,215,SEA,00-0032443,HuntJo00,joey-hunt-1,Joey Hunt,False,C,OL,O,TCU,22.0,2020.0,0,0,0,7.0,,7.0,35.0,0.0,0.0,0.0,0.0,0.0,0.0,0.0,0.0,0.0,0.0,0.0,,,
2016,6,216,DAL,00-0033049,JackDa01,darius-jackson-1,Darius Jackson,False,RB,RB,O,Eastern Michigan,22.0,2018.0,0,0,0,0.0,,0.0,4.0,0.0,0.0,0.0,0.0,0.0,6.0,16.0,0.0,0.0,0.0,0.0,,,
2016,6,217,DAL,00-0033054,GathRi00,,Rico Gathers,False,TE,TE,O,Baylor,22.0,2018.0,0,0,0,0.0,,0.0,15.0,0.0,0.0,0.0,0.0,0.0,0.0,0.0,0.0,3.0,45.0,0.0,,,
2016,6,218,BUF,00-0032942,SeymKe00,kevon-seymour-1,Kevon Seymour,False,CB,DB,D,USC,22.0,2024.0,0,0,0,6.0,,1.0,67.0,0.0,0.0,0.0,0.0,0.0,0.0,0.0,0.0,0.0,0.0,0.0,68.0,,1.0
2016,6,219,DEN,00-0032958,ParkWi01,william-parks-1,Will Parks,False,S,DB,D,Arizona,22.0,2022.0,0,0,0,11.0,,8.0,90.0,0.0,0.0,0.0,0.0,0.0,0.0,0.0,0.0,0.0,0.0,0.0,148.0,4.0,2.0
2016,6,220,PIT,00-0032444,FeenTr00,travis-feeney-1,Travis Feeney,False,OLB,LB,D,Washington,23.0,,0,0,0,,,,,,,,,,,,,,,,,,
2016,6,221,NWE,00-0032445,KarrTe00,ted-karras-1,Ted Karras,False,G,OL,O,Illinois,23.0,2025.0,0,0,6,48.0,,17.0,160.0,0.0,0.0,0.0,0.0,0.0,0.0,0.0,0.0,0.0,0.0,0.0,1.0,,
2016,7,222,TEN,00-0032799,WallAa00,aaron-wallace-1,Aaron Wallace,False,OLB,LB,D,UCLA,23.0,2018.0,0,0,0,1.0,,1.0,13.0,0.0,0.0,0.0,0.0,0.0,0.0,0.0,0.0,0.0,0.0,0.0,12.0,,1.0
2016,7,223,MIA,00-0032446,DougBr00,brandon-doughty-1,Brandon Doughty,False,QB,QB,O,Western Kentucky,24.0,,0,0,0,,,,,,,,,,,,,,,,,,
2016,7,224,SDG,00-0032898,ClarDo00,donavon-clark-1,Donavon Clark,False,G,OL,O,Michigan St.,23.0,,0,0,0,,,,,,,,,,,,,,,,,,
2016,7,225,NWE,00-0032447,LuciDe00,devin-lucien-1,Devin Lucien,False,WR,WR,O,Arizona St.,23.0,,0,0,0,,,,,,,,,,,,,,,,,,
2016,7,226,JAX,00-0032800,WoodJo00,,Jonathan Woodard,False,DE,DL,D,Central Arkansas,22.0,2018.0,0,0,0,1.0,,,6.0,0.0,0.0,0.0,0.0,0.0,0.0,0.0,0.0,0.0,0.0,0.0,8.0,,1.0
2016,7,227,MIN,00-0032448,WeatSt00,stephen-weatherly-1,Stephen Weatherly,False,OLB,LB,D,Vanderbilt,22.0,2021.0,0,0,1,12.0,,8.0,73.0,0.0,0.0,0.0,0.0,0.0,0.0,0.0,0.0,0.0,0.0,0.0,66.0,,8.5
2016,7,228,DEN,00-0032943,DixoRi00,riley-dixon-1,Riley Dixon,False,P,P,S,Syracuse,23.0,2025.0,0,0,2,18.0,,9.0,165.0,4.0,6.0,37.0,0.0,0.0,1.0,14.0,0.0,0.0,0.0,0.0,16.0,,
2016,7,229,PIT,00-0032365,AyerDe00,demarcus-ayers-1,Demarcus Ayers,False,WR,WR,O,Houston,22.0,2016.0,0,0,0,0.0,,0.0,2.0,0.0,0.0,0.0,0.0,0.0,2.0,-12.0,0.0,6.0,53.0,1.0,,,
2016,7,230,CHI,00-0032801,BravDa00,daniel-braverman-1,Daniel Braverman,False,WR,WR,O,Western Michigan,22.0,2016.0,0,0,0,0.0,,0.0,3.0,0.0,0.0,0.0,0.0,0.0,0.0,0.0,0.0,0.0,0.0,0.0,,,
2016,7,231,MIA,00-0033061,DuarTh00,thomas-duarte-1,Thomas Duarte,False,TE,TE,O,UCLA,21.0,2016.0,0,0,0,0.0,,0.0,1.0,0.0,0.0,0.0,0.0,0.0,0.0,0.0,0.0,0.0,0.0,0.0,,,
2016,7,232,WAS,00-0032802,DaniSt00,steven-daniels-1,Steven Daniels,False,ILB,LB,D,Boston Col.,23.0,,0,0,0,,,,,,,,,,,,,,,,,,
2016,7,233,PHI,00-0032803,MillJa02,jalen-mills-1,Jalen Mills,False,S,DB,D,LSU,22.0,2025.0,0,0,6,31.0,,18.0,122.0,0.0,0.0,0.0,0.0,0.0,0.0,0.0,0.0,0.0,0.0,0.0,334.0,8.0,1.5
2016,7,234,OAK,00-0032899,AlexVa00,vadal-alexander-1,Vadal Alexander,False,G,OL,O,LSU,22.0,2017.0,0,0,0,6.0,,6.0,24.0,0.0,0.0,0.0,0.0,0.0,0.0,0.0,0.0,0.0,0.0,0.0,,,
2016,7,235,NYJ,00-0032449,EdwaLa01,,Lac Edwards,False,P,P,S,Sam Houston St.,24.0,2021.0,0,0,0,10.0,,9.0,74.0,1.0,1.0,31.0,0.0,0.0,1.0,0.0,0.0,0.0,0.0,0.0,1.0,,
2016,7,236,DET,00-0032450,WashDw00,dwayne-washington-1,Dwayne Washington,False,RB,RB,O,Washington,22.0,2023.0,0,0,0,4.0,,2.0,96.0,0.0,0.0,0.0,0.0,0.0,168.0,592.0,1.0,16.0,101.0,0.0,16.0,,
2016,7,237,NOR,00-0032804,LascDa00,daniel-lasco-1,Daniel Lasco,False,RB,RB,O,California,23.0,2017.0,0,0,0,0.0,,0.0,10.0,0.0,0.0,0.0,0.0,0.0,11.0,32.0,0.0,2.0,11.0,0.0,7.0,,
2016,7,238,ATL,00-0032451,FullDe00,devin-fuller-1,Devin Fuller,False,WR,WR,O,UCLA,22.0,,0,0,0,,,,,,,,,,,,,,,,,,
2016,7,239,IND,00-0032452,BateTr00,,Trevor Bates,False,LB,LB,D,Maine,23.0,2018.0,0,0,0,1.0,,0.0,10.0,0.0,0.0,0.0,0.0,0.0,0.0,0.0,0.0,0.0,0.0,0.0,1.0,,
2016,7,240,PHI,00-0032805,McCaAl00,alex-mccalister-1,Alex McCalister,False,DE,DL,D,Florida,22.0,,0,0,0,,,,,,,,,,,,,,,,,,
2016,7,241,NYJ,00-0032959,PeakCh00,charone-peake-1,Charone Peake,False,WR,WR,O,Clemson,23.0,2018.0,0,0,0,1.0,,1.0,31.0,0.0,0.0,0.0,0.0,0.0,0.0,0.0,0.0,22.0,214.0,0.0,5.0,,
2016,7,242,WAS,00-0032806,MarsKe00,keith-marshall-1,Keith Marshall,False,RB,RB,O,Georgia,22.0,,0,0,0,,,,,,,,,,,,,,,,,,
2016,7,243,SEA,00-0032453,LawlKe00,kenny-lawler-1,Kenny Lawler,False,WR,WR,O,California,22.0,,0,0,0,,,,,,,,,,,,,,,,,,
2016,7,244,MIN,00-0032454,KearJa00,jayron-kearse-1,Jayron Kearse,False,S,DB,D,Clemson,22.0,2023.0,0,0,4,18.0,,4.0,119.0,0.0,0.0,0.0,0.0,0.0,0.0,0.0,0.0,0.0,0.0,0.0,270.0,5.0,5.0
2016,7,245,CIN,00-0032807,FejeCl00,clayton-fejedelem-1,Clayton Fejedelem,False,S,DB,D,Illinois,23.0,2022.0,0,0,0,8.0,,6.0,107.0,0.0,0.0,0.0,0.0,0.0,6.0,29.0,0.0,0.0,0.0,0.0,95.0,1.0,
2016,7,246,PIT,00-0032366,MataTy00,tyler-matakevich-1,Tyler Matakevich,False,OLB,LB,D,Temple,23.0,2024.0,0,0,0,9.0,,5.0,140.0,0.0,0.0,0.0,0.0,0.0,0.0,0.0,0.0,0.0,0.0,0.0,99.0,1.0,
2016,7,247,SEA,00-0032808,BrooZa00,zac-brooks-1,Zac Brooks,False,RB,RB,O,Clemson,23.0,,0,0,0,,,,,,,,,,,,,,,,,,
2016,7,248,IND,00-0032455,BlytAu00,austin-blythe-1,Austin Blythe,False,C,OL,O,Iowa,24.0,2022.0,0,0,4,33.0,,1.0,92.0,0.0,0.0,0.0,0.0,0.0,0.0,0.0,0.0,0.0,0.0,0.0,,,
2016,7,249,SFO,00-0032456,IworPr00,prince-iworah-1,Prince Charles Iworah,False,CB,DB,D,Western Kentucky,23.0,2016.0,0,0,0,0.0,,0.0,1.0,0.0,0.0,0.0,0.0,0.0,0.0,0.0,0.0,0.0,0.0,0.0,,,
2016,7,250,CLE,00-0032979,WrigSc00,scooby-wright-1,Scooby Wright III,False,ILB,LB,D,Arizona,22.0,2017.0,0,0,0,1.0,,,13.0,0.0,0.0,0.0,0.0,0.0,0.0,0.0,0.0,0.0,0.0,0.0,5.0,,
2016,7,251,PHI,00-0032809,WalkJo01,joe-walker-3,Joe Walker,False,ILB,LB,D,Oregon,23.0,2021.0,0,0,1,8.0,,2.0,66.0,0.0,0.0,0.0,0.0,0.0,0.0,0.0,0.0,0.0,0.0,0.0,63.0,,
2016,7,252,CAR,00-0032900,SandBe00,,Beau Sandland,False,TE,TE,O,Montana St.,23.0,,0,0,0,,,,,,,,,,,,,,,,,,
2016,7,253,TEN,00-0032810,ReedKa00,kalan-reed-1,Kalan Reed,False,CB,DB,D,Southern Miss,22.0,2017.0,0,0,0,0.0,,0.0,7.0,0.0,0.0,0.0,0.0,0.0,0.0,0.0,0.0,0.0,0.0,0.0,2.0,,
2017,1,1,CLE,00-0033868,GarrMy00,myles-garrett-1,Myles Garrett,False,DE,DL,D,Texas A&M,21.0,2025.0,5,7,8,104.0,,104.0,134.0,0.0,0.0,0.0,0.0,0.0,0.0,0.0,0.0,0.0,0.0,0.0,293.0,,125.5
2017,1,2,CHI,00-0033869,TrubMi00,mitch-trubisky-1,Mitchell Trubisky,False,QB,QB,O,North Carolina,23.0,2025.0,0,1,4,40.0,,34.0,82.0,1244.0,1933.0,13028.0,78.0,48.0,264.0,1180.0,13.0,0.0,0.0,0.0,,,
2017,1,3,SFO,00-0033870,ThomSo00,solomon-thomas-2,Solomon Thomas,False,DE,DL,D,Stanford,21.0,2025.0,0,0,2,21.0,,15.0,131.0,0.0,0.0,0.0,0.0,0.0,0.0,0.0,0.0,0.0,0.0,0.0,143.0,,18.5
2017,1,4,JAX,00-0033856,FourLe00,leonard-fournette-1,Leonard Fournette,False,RB,RB,O,LSU,22.0,2023.0,0,0,5,38.0,,19.0,81.0,0.0,2.0,0.0,0.0,1.0,1144.0,4518.0,34.0,312.0,2219.0,7.0,1.0,,
2017,1,5,TEN,00-0033871,DaviCo03,corey-davis-3,Corey Davis,False,WR,WR,O,Western Michigan,22.0,2022.0,0,0,5,31.0,,24.0,78.0,0.0,0.0,0.0,0.0,0.0,6.0,55.0,0.0,273.0,3879.0,17.0,,,
2017,1,6,NYJ,00-0033872,AdamJa00,jamal-adams-1,Jamal Adams,False,S,DB,D,LSU,21.0,2025.0,1,3,6,47.0,,29.0,102.0,0.0,0.0,0.0,0.0,0.0,0.0,0.0,0.0,0.0,0.0,0.0,396.0,4.0,22.5
2017,1,7,LAC,00-0033536,WillMi07,mike-williams-17,Mike Williams,False,WR,WR,O,Clemson,22.0,2024.0,0,0,4,38.0,,37.0,106.0,0.0,0.0,0.0,0.0,0.0,10.0,34.0,1.0,330.0,5104.0,32.0,,1.0,
2017,1,8,CAR,00-0033280,McCaCh01,christian-mccaffrey-1,Christian McCaffrey,False,RB,RB,O,Stanford,21.0,2025.0,3,4,5,86.0,,43.0,112.0,2.0,5.0,84.0,2.0,0.0,1658.0,7589.0,62.0,626.0,5390.0,36.0,1.0,,
2017,1,9,CIN,00-0033460,RossJo00,john-ross-1,John Ross,False,WR,WR,O,Washington,21.0,2024.0,0,0,1,7.0,,5.0,38.0,0.0,0.0,0.0,0.0,0.0,9.0,41.0,0.0,63.0,963.0,11.0,,,
2017,1,10,KAN,00-0033873,MahoPa00,patrick-mahomes-1,Patrick Mahomes,False,QB,QB,O,Texas Tech,21.0,2025.0,2,6,7,115.0,,115.0,126.0,3093.0,4673.0,35939.0,267.0,85.0,496.0,2665.0,19.0,3.0,-2.0,0.0,2.0,,
2017,1,11,NOR,00-0033874,LattMa01,marshon-lattimore-1,Marshon Lattimore,False,CB,DB,D,Ohio St.,21.0,2025.0,0,4,6,43.0,,41.0,108.0,0.0,0.0,0.0,0.0,0.0,0.0,0.0,0.0,0.0,0.0,0.0,345.0,16.0,
2017,1,12,HOU,00-0033537,WatsDe00,deshaun-watson-1,Deshaun Watson,False,QB,QB,O,Clemson,21.0,2024.0,0,3,4,58.0,,52.0,73.0,1527.0,2305.0,17904.0,123.0,48.0,400.0,2142.0,20.0,1.0,6.0,1.0,1.0,,
2017,1,13,ARI,00-0033875,ReddHa00,haason-reddick-1,Haason Reddick,False,LB,LB,D,Temple,22.0,2025.0,0,2,5,47.0,,14.0,137.0,0.0,0.0,0.0,0.0,0.0,0.0,0.0,0.0,0.0,0.0,0.0,290.0,,61.5
2017,1,14,PHI,00-0033876,BarnDe01,derek-barnett-2,Derek Barnett,False,DE,DL,D,Tennessee,21.0,2025.0,0,0,3,27.0,,22.0,112.0,0.0,0.0,0.0,0.0,0.0,0.0,0.0,0.0,0.0,0.0,0.0,135.0,,34.0
2017,1,15,IND,00-0033877,HookMa00,malik-hooker-1,Malik Hooker,False,S,DB,D,Ohio St.,21.0,2025.0,0,0,5,26.0,,13.0,112.0,0.0,0.0,0.0,0.0,0.0,0.0,0.0,0.0,0.0,0.0,0.0,261.0,14.0,
2017,1,16,BAL,00-0033281,HumpMa00,marlon-humphrey-1,Marlon Humphrey,False,CB,DB,D,Alabama,21.0,2025.0,2,4,7,62.0,,62.0,131.0,0.0,0.0,0.0,0.0,0.0,0.0,0.0,0.0,0.0,0.0,0.0,406.0,23.0,7.0
2017,1,17,WAS,00-0033523,AlleJo01,jonathan-allen-1,Jonathan Allen,False,DE,DL,D,Alabama,22.0,2025.0,0,2,7,57.0,,48.0,126.0,0.0,0.0,0.0,0.0,0.0,0.0,0.0,0.0,0.0,0.0,0.0,270.0,1.0,45.5
2017,1,18,TEN,00-0033878,JackAd00,adoree-jackson-1,Adoree' Jackson,False,CB,DB,D,USC,21.0,2025.0,0,0,6,30.0,,15.0,111.0,0.0,0.0,0.0,0.0,0.0,5.0,55.0,0.0,0.0,0.0,0.0,370.0,5.0,
2017,1,19,TAM,00-0033879,HowaO.00,oj-howard-1,O.J. Howard,False,TE,TE,O,Alabama,22.0,2022.0,0,0,4,13.0,,12.0,72.0,0.0,0.0,0.0,0.0,0.0,0.0,0.0,0.0,129.0,1882.0,17.0,,,
2017,1,20,DEN,00-0033538,BollGa00,garrett-bolles-1,Garett Bolles,False,T,OL,O,Utah,25.0,2025.0,1,1,7,56.0,,56.0,133.0,0.0,0.0,0.0,0.0,0.0,0.0,0.0,0.0,0.0,0.0,0.0,,,
2017,1,21,DET,00-0033539,DaviJa01,jarrad-davis-1,Jarrad Davis,False,LB,LB,D,Florida,22.0,2022.0,0,0,3,22.0,,20.0,68.0,0.0,0.0,0.0,0.0,0.0,0.0,0.0,0.0,0.0,0.0,0.0,226.0,1.0,11.0
2017,1,22,MIA,00-0033880,HarrCh03,charles-harris-4,Charles Harris,False,OLB,LB,D,Missouri,22.0,2024.0,0,0,2,16.0,,4.0,103.0,0.0,0.0,0.0,0.0,0.0,0.0,0.0,0.0,0.0,0.0,0.0,112.0,,19.5
2017,1,23,NYG,00-0033881,EngrEv00,evan-engram-1,Evan Engram,False,TE,TE,O,Mississippi,23.0,2025.0,0,2,8,37.0,,18.0,124.0,0.0,0.0,0.0,0.0,0.0,17.0,100.0,1.0,546.0,5383.0,26.0,2.0,,
2017,1,24,OAK,00-0033882,ConlGa00,gareon-conley-1,Gareon Conley,False,CB,DB,D,Ohio St.,22.0,2019.0,0,0,1,9.0,,7.0,31.0,0.0,0.0,0.0,0.0,0.0,0.0,0.0,0.0,0.0,0.0,0.0,65.0,4.0,
2017,1,25,CLE,00-0033883,PeppJa00,jabrill-peppers-1,Jabrill Peppers,False,S,DB,D,Michigan,21.0,2025.0,0,0,5,32.0,,11.0,113.0,0.0,0.0,0.0,0.0,0.0,0.0,0.0,0.0,0.0,0.0,0.0,338.0,7.0,5.5
2017,1,26,ATL,00-0033540,McKiTa00,takkarist-mckinley-1,Takkarist McKinley,False,DE,DL,D,UCLA,21.0,2024.0,0,0,2,16.0,,13.0,71.0,0.0,0.0,0.0,0.0,0.0,0.0,0.0,0.0,0.0,0.0,0.0,67.0,,20.5
2017,1,27,BUF,00-0033884,WhitTr01,tredavious-white-1,Tre'Davious White,False,CB,DB,D,LSU,22.0,2025.0,1,2,5,53.0,,52.0,109.0,0.0,0.0,0.0,0.0,0.0,0.0,0.0,0.0,0.0,0.0,0.0,287.0,19.0,3.0
2017,1,28,DAL,00-0033541,CharTa00,taco-charlton-1,Taco Charlton,False,DE,DL,D,Michigan,22.0,2022.0,0,0,0,9.0,,6.0,60.0,0.0,0.0,0.0,0.0,0.0,0.0,0.0,0.0,0.0,0.0,0.0,54.0,,11.5
2017,1,29,CLE,00-0033885,NjokDa00,david-njoku-1,David Njoku,False,TE,TE,O,Miami (FL),21.0,2025.0,0,1,5,27.0,,27.0,118.0,0.0,0.0,0.0,0.0,0.0,4.0,-6.0,0.0,384.0,4062.0,34.0,2.0,,
2017,1,30,PIT,00-0033886,WattT.00,tj-watt-1,T.J. Watt,False,OLB,LB,D,Wisconsin,22.0,2025.0,4,8,8,96.0,,96.0,135.0,0.0,0.0,0.0,0.0,0.0,0.0,0.0,0.0,0.0,0.0,0.0,354.0,9.0,115.0
2017,1,31,SFO,00-0033887,FostRe00,reuben-foster-1,Reuben Foster,False,LB,LB,D,Alabama,23.0,2018.0,0,0,2,8.0,,8.0,16.0,0.0,0.0,0.0,0.0,0.0,0.0,0.0,0.0,0.0,0.0,0.0,84.0,,
2017,1,32,NOR,00-0033888,RamcRy00,ryan-ramczyk-1,Ryan Ramczyk,False,T,OL,O,Wisconsin,23.0,2023.0,1,0,6,64.0,,64.0,101.0,0.0,0.0,0.0,0.0,0.0,0.0,0.0,0.0,0.0,0.0,0.0,,,
2017,2,33,GNB,00-0033524,KingKe01,kevin-king-5,Kevin King,False,CB,DB,D,Washington,22.0,2024.0,0,0,3,16.0,,15.0,66.0,0.0,0.0,0.0,0.0,0.0,0.0,0.0,0.0,0.0,0.0,0.0,164.0,7.0,1.0
2017,2,34,JAX,00-0033889,RobiCa00,cam-robinson-2,Cam Robinson,False,T,OL,O,Alabama,21.0,2025.0,0,0,6,43.0,,33.0,117.0,0.0,0.0,0.0,0.0,0.0,0.0,0.0,0.0,0.0,0.0,0.0,,,
2017,2,35,SEA,00-0034019,McDoMa00,malik-mcdowell-1,Malik McDowell,False,DT,DL,D,Michigan St.,21.0,2021.0,0,0,1,6.0,,,15.0,0.0,0.0,0.0,0.0,0.0,0.0,0.0,0.0,0.0,0.0,0.0,19.0,,3.0
2017,2,36,ARI,00-0033890,BakeBu00,budda-baker-1,Budda Baker,False,S,DB,D,Washington,21.0,2025.0,2,8,7,63.0,,63.0,138.0,0.0,0.0,0.0,0.0,0.0,0.0,0.0,0.0,0.0,0.0,0.0,678.0,8.0,10.0
2017,2,37,BUF,00-0033891,JoneZa00,isaiah-jones-2,Zay Jones,False,WR,WR,O,East Carolina,22.0,2025.0,0,0,3,25.0,,8.0,123.0,1.0,2.0,29.0,0.0,0.0,8.0,24.0,0.0,307.0,3295.0,18.0,3.0,,
2017,2,38,LAC,00-0033542,LampFo00,forrest-lamp-1,Forrest Lamp,False,G,OL,O,Western Kentucky,23.0,2021.0,0,0,1,8.0,,8.0,26.0,0.0,0.0,0.0,0.0,0.0,0.0,0.0,0.0,0.0,0.0,0.0,,,
2017,2,39,NYJ,00-0033892,MayeMa00,marcus-maye-1,Marcus Maye,False,S,DB,D,Florida,24.0,2025.0,0,0,5,29.0,,21.0,93.0,0.0,0.0,0.0,0.0,0.0,0.0,0.0,0.0,0.0,0.0,0.0,308.0,9.0,4.5
2017,2,40,CAR,00-0033282,SamuCu00,curtis-samuel-1,Curtis Samuel,False,WR,WR,O,Ohio St.,21.0,2025.0,0,0,5,30.0,,17.0,111.0,0.0,0.0,0.0,0.0,0.0,126.0,729.0,7.0,355.0,3717.0,24.0,7.0,,
2017,2,41,MIN,00-0033893,CookDa01,dalvin-cook-1,Dalvin Cook,False,RB,RB,O,Florida St.,22.0,2024.0,0,4,5,52.0,,51.0,90.0,0.0,0.0,0.0,0.0,0.0,1357.0,6227.0,47.0,237.0,1882.0,5.0,2.0,,
2017,2,42,NOR,00-0033894,WillMa06,marcus-williams-9,Marcus Williams,False,S,DB,D,Utah,20.0,2025.0,0,0,8,32.0,,24.0,111.0,0.0,0.0,0.0,0.0,0.0,0.0,0.0,0.0,0.0,0.0,0.0,351.0,20.0,1.0
2017,2,43,PHI,00-0033543,JoneSi00,sidney-jones-1,Sidney Jones,False,CB,DB,D,Washington,21.0,2023.0,0,0,2,12.0,,5.0,60.0,0.0,0.0,0.0,0.0,0.0,0.0,0.0,0.0,0.0,0.0,0.0,115.0,4.0,
2017,2,44,LAR,00-0033895,EverGe00,gerald-everett-1,Gerald Everett,False,TE,TE,O,South Alabama,23.0,2024.0,0,0,3,22.0,,10.0,124.0,0.0,0.0,0.0,0.0,0.0,12.0,61.0,1.0,292.0,2869.0,19.0,1.0,,
2017,2,45,CHI,00-0033896,ShahAd00,,Adam Shaheen,False,TE,TE,O,Ashland,22.0,2021.0,0,0,1,4.0,,2.0,55.0,0.0,0.0,0.0,0.0,0.0,0.0,0.0,0.0,50.0,509.0,7.0,1.0,,
2017,2,46,IND,00-0033544,WilsQu01,quincy-wilson-2,Quincy Wilson,False,CB,DB,D,Florida,21.0,2022.0,0,0,0,4.0,,4.0,33.0,0.0,0.0,0.0,0.0,0.0,0.0,0.0,0.0,0.0,0.0,0.0,49.0,2.0,
2017,2,47,BAL,00-0033283,BowsTy00,tyus-bowser-1,Tyus Bowser,False,OLB,LB,D,Houston,22.0,2024.0,0,0,1,21.0,,18.0,98.0,0.0,0.0,0.0,0.0,0.0,0.0,0.0,0.0,0.0,0.0,0.0,99.0,4.0,19.5
2017,2,48,CIN,00-0033897,MixoJo00,joe-mixon-1,Joe Mixon,False,RB,RB,O,Oklahoma,21.0,2024.0,0,2,6,56.0,,49.0,111.0,0.0,1.0,0.0,0.0,0.0,1816.0,7428.0,60.0,319.0,2448.0,14.0,1.0,,
2017,2,49,WAS,00-0033525,AndeRy00,ryan-anderson-1,Ryan Anderson,False,OLB,LB,D,Alabama,23.0,2022.0,0,0,0,6.0,,6.0,57.0,0.0,0.0,0.0,0.0,0.0,0.0,0.0,0.0,0.0,0.0,0.0,56.0,,6.0
2017,2,50,TAM,00-0033898,EvanJu00,justin-evans-1,Justin Evans,False,S,DB,D,Texas A&M,22.0,2023.0,0,0,2,10.0,,8.0,43.0,0.0,0.0,0.0,0.0,0.0,0.0,0.0,0.0,0.0,0.0,0.0,119.0,4.0,
2017,2,51,DEN,00-0033782,WalkDe03,demarcus-walker-1,DeMarcus Walker,False,DE,DL,D,Florida St.,22.0,2025.0,0,0,2,24.0,,6.0,101.0,0.0,0.0,0.0,0.0,0.0,0.0,0.0,0.0,0.0,0.0,0.0,117.0,,26.5
2017,2,52,CLE,00-0033899,KizeDe00,deshone-kizer-1,DeShone Kizer,False,QB,QB,O,Notre Dame,21.0,2018.0,0,0,1,6.0,,5.0,18.0,275.0,518.0,3081.0,11.0,24.0,82.0,458.0,5.0,0.0,0.0,0.0,,,
2017,2,53,DET,00-0033545,TaboTe00,jalen-tabor-1,Teez Tabor,False,CB,DB,D,Florida,21.0,2023.0,0,0,0,5.0,,3.0,39.0,0.0,0.0,0.0,0.0,0.0,0.0,0.0,0.0,0.0,0.0,0.0,47.0,,
2017,2,54,MIA,00-0033461,McMiRa02,raekwon-mcmillan-1,Raekwon McMillan,False,LB,LB,D,Ohio St.,21.0,2024.0,0,0,2,15.0,,9.0,72.0,0.0,0.0,0.0,0.0,0.0,0.0,0.0,0.0,0.0,0.0,0.0,172.0,,1.0
2017,2,55,NYG,00-0033546,TomlDa00,dalvin-tomlinson-1,Dalvin Tomlinson,False,DT,DL,D,Alabama,23.0,2025.0,0,0,8,50.0,,23.0,142.0,0.0,0.0,0.0,0.0,0.0,0.0,0.0,0.0,0.0,0.0,0.0,181.0,,20.0
2017,2,56,OAK,00-0033900,MeliOb00,obi-melifonwu-1,Obi Melifonwu,False,S,DB,D,Connecticut,23.0,2018.0,0,0,0,1.0,,1.0,7.0,0.0,0.0,0.0,0.0,0.0,0.0,0.0,0.0,0.0,0.0,0.0,9.0,,
2017,2,57,HOU,00-0033547,CunnZa00,zach-cunningham-1,Zach Cunningham,False,LB,LB,D,Vanderbilt,22.0,2025.0,0,0,5,36.0,,29.0,106.0,0.0,0.0,0.0,0.0,0.0,0.0,0.0,0.0,0.0,0.0,0.0,453.0,1.0,6.5
2017,2,58,SEA,00-0033901,PociEt00,ethan-pocic-1,Ethan Pocic,False,C,OL,O,LSU,22.0,2025.0,0,0,4,32.0,,19.0,114.0,0.0,0.0,0.0,0.0,0.0,0.0,0.0,0.0,0.0,0.0,0.0,,,
2017,2,59,KAN,00-0033902,KpasTa00,,Tanoh Kpassagnon,False,DE,DL,D,Villanova,23.0,2025.0,0,0,2,21.0,,14.0,108.0,0.0,0.0,0.0,0.0,0.0,0.0,0.0,0.0,0.0,0.0,0.0,98.0,,17.5
2017,2,60,DAL,00-0033548,AwuzCh00,chidobe-awuzie-1,Chidobe Awuzie,False,CB,DB,D,Colorado,22.0,2025.0,0,0,5,28.0,,14.0,108.0,0.0,0.0,0.0,0.0,0.0,0.0,0.0,0.0,0.0,0.0,0.0,319.0,7.0,
2017,2,61,GNB,00-0033903,JoneJo06,josh-jones-3,Josh Jones,False,S,DB,D,North Carolina St.,22.0,2022.0,0,0,1,11.0,,5.0,70.0,0.0,0.0,0.0,0.0,0.0,0.0,0.0,0.0,0.0,0.0,0.0,193.0,2.0,3.0
2017,2,62,PIT,00-0033857,SmitJu00,juju-smith-1,JuJu Smith-Schuster,False,WR,WR,O,USC,20.0,2025.0,0,1,4,43.0,,30.0,121.0,0.0,0.0,0.0,0.0,0.0,4.0,22.0,1.0,481.0,5624.0,33.0,2.0,,
2017,2,63,BUF,00-0033904,DawkDi00,dion-dawkins-1,Dion Dawkins,False,G,OL,O,Temple,23.0,2025.0,0,5,8,73.0,,73.0,143.0,0.0,0.0,0.0,0.0,0.0,0.0,0.0,0.0,2.0,8.0,2.0,2.0,,
2017,2,64,CAR,00-0033284,MotoTa00,taylor-moton-1,Taylor Moton,False,G,OL,O,Western Michigan,23.0,2025.0,0,0,7,47.0,,47.0,145.0,0.0,0.0,0.0,0.0,0.0,0.0,0.0,0.0,0.0,0.0,0.0,2.0,,
2017,3,65,CLE,00-0033905,OgunLa00,larry-ogunjobi-1,Larry Ogunjobi,False,DT,DL,D,Charlotte,23.0,2025.0,0,0,7,44.0,,20.0,134.0,0.0,0.0,0.0,0.0,0.0,0.0,0.0,0.0,0.0,0.0,0.0,209.0,,27.5
2017,3,66,SFO,00-0033783,WithAh00,ahkello-witherspoon-1,Ahkello Witherspoon,False,CB,DB,D,Colorado,22.0,2025.0,0,0,3,22.0,,12.0,96.0,0.0,0.0,0.0,0.0,0.0,0.0,0.0,0.0,0.0,0.0,0.0,204.0,13.0,
2017,3,67,NOR,00-0033906,KamaAl00,alvin-kamara-1,Alvin Kamara,False,RB,RB,O,Tennessee,22.0,2025.0,0,5,6,79.0,,79.0,126.0,1.0,1.0,13.0,0.0,0.0,1674.0,7250.0,61.0,606.0,4948.0,25.0,,,
2017,3,68,JAX,00-0033907,SmooDa00,dawuane-smoot-1,Dawuane Smoot,False,DE,DL,D,Illinois,22.0,2025.0,0,0,0,17.0,,16.0,127.0,0.0,0.0,0.0,0.0,0.0,0.0,0.0,0.0,0.0,0.0,0.0,116.0,,27.0
2017,3,69,LAR,00-0033908,KuppCo00,,Cooper Kupp,False,WR,WR,O,Eastern Washington,24.0,2025.0,1,1,6,63.0,,60.0,120.0,0.0,5.0,0.0,0.0,1.0,26.0,139.0,1.0,681.0,8369.0,59.0,3.0,,
2017,3,70,MIN,00-0033909,ElflPa00,pat-elfein-1,Pat Elflein,False,C,OL,O,Ohio St.,23.0,2022.0,0,0,3,26.0,,20.0,65.0,0.0,0.0,0.0,0.0,0.0,0.0,0.0,0.0,0.0,0.0,0.0,1.0,,
2017,3,71,LAC,00-0033910,FeenDa00,dan-feeney-1,Dan Feeney,False,G,OL,O,Indiana,23.0,2025.0,0,0,4,35.0,,27.0,132.0,0.0,0.0,0.0,0.0,0.0,0.0,0.0,0.0,0.0,0.0,0.0,,,
2017,3,72,TEN,00-0033911,TaylTa00,taywan-taylor-1,Taywan Taylor,False,WR,WR,O,Western Kentucky,22.0,2020.0,0,0,0,6.0,,6.0,35.0,0.0,0.0,0.0,0.0,0.0,8.0,43.0,0.0,53.0,697.0,2.0,4.0,,
2017,3,73,CIN,00-0033912,WillJo09,jordan-willis-1,Jordan Willis,False,OLB,LB,D,Kansas St.,22.0,2022.0,0,0,0,8.0,,4.0,69.0,0.0,0.0,0.0,0.0,0.0,0.0,0.0,0.0,0.0,0.0,0.0,55.0,,10.5
2017,3,74,BAL,00-0033913,WormCh00,chris-wormley-1,Chris Wormley,False,DE,DL,D,Michigan,23.0,2025.0,0,0,3,17.0,,8.0,92.0,0.0,0.0,0.0,0.0,0.0,0.0,0.0,0.0,0.0,0.0,0.0,86.0,,12.0
2017,3,75,ATL,00-0033549,RileDu00,duke-riley-1,Duke Riley,False,LB,LB,D,LSU,23.0,2024.0,0,0,2,19.0,,7.0,124.0,0.0,0.0,0.0,0.0,0.0,0.0,0.0,0.0,0.0,0.0,0.0,169.0,1.0,2.0
2017,3,76,NOR,00-0033914,AnzaAl00,alex-anzalone-1,Alex Anzalone,False,LB,LB,D,Florida,22.0,2025.0,0,0,4,34.0,,8.0,111.0,0.0,0.0,0.0,0.0,0.0,0.0,0.0,0.0,0.0,0.0,0.0,391.0,4.0,13.0
2017,3,77,CAR,00-0033285,HallDa01,daeshon-hall-1,Daeshon Hall,False,DE,DL,D,Texas A&M,22.0,2019.0,0,0,0,1.0,,0.0,13.0,0.0,0.0,0.0,0.0,0.0,0.0,0.0,0.0,0.0,0.0,0.0,6.0,,1.5
2017,3,78,BAL,00-0033915,WillTi00,tim-williams-7,Tim Williams,False,OLB,LB,D,Alabama,23.0,2019.0,0,0,0,2.0,,2.0,20.0,0.0,0.0,0.0,0.0,0.0,0.0,0.0,0.0,0.0,0.0,0.0,13.0,,2.0
2017,3,79,NYJ,00-0033916,StewAr00,ardarius-stewart-1,ArDarius Stewart,False,WR,WR,O,Alabama,23.0,2017.0,0,0,0,1.0,,1.0,15.0,0.0,0.0,0.0,0.0,0.0,7.0,27.0,0.0,6.0,82.0,0.0,,,
2017,3,80,IND,00-0033917,BashTa00,tarell-basham-1,Tarell Basham,False,DE,DL,D,Ohio,23.0,2022.0,0,0,1,13.0,,1.0,82.0,0.0,0.0,0.0,0.0,0.0,0.0,0.0,0.0,0.0,0.0,0.0,70.0,1.0,11.0
2017,3,81,WAS,00-0033918,MoreFa00,fabian-moreau-1,Fabian Moreau,False,CB,DB,D,UCLA,23.0,2025.0,0,0,4,21.0,,8.0,124.0,0.0,0.0,0.0,0.0,0.0,0.0,0.0,0.0,0.0,0.0,0.0,230.0,7.0,
2017,3,82,DEN,00-0033919,HendCa01,carlos-henderson-1,Carlos Henderson,False,WR,WR,O,Louisiana Tech,22.0,,0,0,0,,,,,,,,,,,,,,,,,,
2017,3,83,NWE,00-0033920,RiveDe00,,Derek Rivers,False,DE,DL,D,Youngstown St.,23.0,2021.0,0,0,0,4.0,,2.0,24.0,0.0,0.0,0.0,0.0,0.0,0.0,0.0,0.0,0.0,0.0,0.0,11.0,,3.5
2017,3,84,TAM,00-0033921,GodwCh00,chris-godwin-1,Chris Godwin,False,WR,WR,O,Penn St.,21.0,2025.0,0,1,6,53.0,,53.0,120.0,0.0,1.0,0.0,0.0,0.0,13.0,74.0,2.0,612.0,7626.0,41.0,8.0,,
2017,3,85,NWE,00-0033922,GarcAn00,antonio-garcia-1,Antonio Garcia,False,T,OL,O,Troy,23.0,,0,0,0,,,,,,,,,,,,,,,,,,
2017,3,86,KAN,00-0033923,HuntKa00,kareem-hunt-1,Kareem Hunt,False,RB,RB,O,Toledo,22.0,2025.0,0,1,3,52.0,,33.0,121.0,0.0,0.0,0.0,0.0,0.0,1393.0,5775.0,55.0,267.0,2209.0,18.0,,,
2017,3,87,NYG,00-0033550,WebbDa00,davis-webb-1,Davis Webb,False,QB,QB,O,California,22.0,2022.0,0,0,0,1.0,,1.0,2.0,23.0,40.0,168.0,1.0,0.0,8.0,38.0,1.0,0.0,0.0,0.0,,,
2017,3,88,OAK,00-0033924,VandEd00,eddie-vanderdoes-1,Eddie Vanderdoes,False,DT,DL,D,UCLA,22.0,2019.0,0,0,1,5.0,,5.0,19.0,0.0,0.0,0.0,0.0,0.0,0.0,0.0,0.0,0.0,0.0,0.0,18.0,,
2017,3,89,HOU,00-0033925,ForeDO00,donta-foreman-1,D'Onta Foreman,False,RB,RB,O,Texas,21.0,2024.0,0,0,1,17.0,,2.0,63.0,0.0,0.0,0.0,0.0,0.0,623.0,2558.0,14.0,40.0,396.0,3.0,,,
2017,3,90,SEA,00-0033926,GrifSh00,shaquill-griffin-1,Shaquill Griffin,False,DB,DB,D,Central Florida,22.0,2025.0,0,1,5,30.0,,21.0,108.0,0.0,0.0,0.0,0.0,0.0,0.0,0.0,0.0,0.0,0.0,0.0,331.0,9.0,1.0
2017,3,91,LAR,00-0033927,JohnJo10,john-johnson-9,John Johnson,False,S,DB,D,Boston Col.,21.0,2024.0,0,0,5,29.0,,19.0,105.0,0.0,0.0,0.0,0.0,0.0,0.0,0.0,0.0,0.0,0.0,0.0,370.0,15.0,1.0
2017,3,92,DAL,00-0033928,LewiJo01,jourdan-lewis-1,Jourdan Lewis,False,CB,DB,D,Michigan,22.0,2025.0,0,0,3,26.0,,23.0,127.0,0.0,0.0,0.0,0.0,0.0,2.0,12.0,0.0,0.0,0.0,0.0,296.0,12.0,9.5
2017,3,93,GNB,00-0033929,AdamMo00,montravius-adams-1,Montravius Adams,False,DT,DL,D,Auburn,22.0,2024.0,0,0,1,15.0,,4.0,96.0,0.0,0.0,0.0,0.0,0.0,0.0,0.0,0.0,0.0,0.0,0.0,61.0,,2.5
2017,3,94,PIT,00-0033930,SuttCa00,cameron-sutton-1,Cameron Sutton,False,CB,DB,D,Tennessee,22.0,2024.0,0,0,3,21.0,,16.0,110.0,0.0,0.0,0.0,0.0,0.0,0.0,0.0,0.0,0.0,0.0,0.0,200.0,9.0,2.0
2017,3,95,SEA,00-0033931,HillDe02,delano-hill-1,Lano Hill,False,S,DB,D,Michigan,21.0,2020.0,0,0,0,5.0,,5.0,42.0,0.0,0.0,0.0,0.0,0.0,0.0,0.0,0.0,0.0,0.0,0.0,41.0,,
2017,3,96,DET,00-0033932,GollKe00,kenny-golladay-1,Kenny Golladay,False,WR,WR,O,Northern Illinois,23.0,2022.0,0,1,4,27.0,,23.0,73.0,0.0,0.0,0.0,0.0,0.0,2.0,17.0,0.0,226.0,3670.0,22.0,,,
2017,3,97,MIA,00-0033462,TankCo00,cordrea-tankersley-1,Cordrea Tankersley,False,CB,DB,D,Clemson,23.0,2020.0,0,0,1,4.0,,4.0,19.0,0.0,0.0,0.0,0.0,0.0,0.0,0.0,0.0,0.0,0.0,0.0,28.0,,
2017,3,98,ARI,00-0033933,WillCh05,,Chad Williams,False,WR,WR,O,Grambling St.,22.0,2019.0,0,0,1,1.0,,1.0,17.0,0.0,0.0,0.0,0.0,0.0,3.0,42.0,0.0,20.0,202.0,1.0,,,
2017,3,99,PHI,00-0033551,DougRa00,rasul-douglas-1,Rasul Douglas,False,CB,DB,D,West Virginia,22.0,2025.0,0,0,3,31.0,,6.0,135.0,0.0,0.0,0.0,0.0,0.0,0.0,0.0,0.0,0.0,0.0,0.0,393.0,21.0,3.0
2017,3,100,TEN,00-0033858,SmitJo01,jonnu-smith-1,Jonnu Smith,False,TE,TE,O,Florida International,22.0,2025.0,0,1,5,29.0,,10.0,141.0,0.0,1.0,0.0,0.0,0.0,28.0,196.0,2.0,345.0,3529.0,30.0,,,
2017,3,101,DEN,00-0033552,LangBr00,,Brendan Langley,False,CB,DB,D,Lamar,22.0,2018.0,0,0,0,1.0,,1.0,16.0,0.0,0.0,0.0,0.0,0.0,0.0,0.0,0.0,0.0,0.0,0.0,6.0,,
2017,3,102,SEA,00-0033934,JoneNa00,nazair-jones-1,Nazair Jones,False,DT,DL,D,North Carolina,22.0,2018.0,0,0,0,3.0,,3.0,20.0,0.0,0.0,0.0,0.0,0.0,0.0,0.0,0.0,0.0,0.0,0.0,12.0,1.0,2.0
2017,3,103,NOR,00-0033935,HendTr00,trey-hendrickson-1,Trey Hendrickson,False,OLB,LB,D,Florida Atlantic,22.0,2025.0,1,4,5,58.0,,10.0,117.0,0.0,0.0,0.0,0.0,0.0,0.0,0.0,0.0,0.0,0.0,0.0,162.0,,81.0
2017,3,104,SFO,00-0033936,BeatC.00,cj-beathard-1,C.J. Beathard,False,QB,QB,O,Iowa,23.0,2023.0,0,0,0,9.0,,8.0,32.0,340.0,563.0,3886.0,19.0,14.0,64.0,266.0,4.0,0.0,0.0,0.0,,,
2017,3,105,PIT,00-0033553,ConnJa00,james-conner-1,James Conner,False,RB,RB,O,Pittsburgh,22.0,2025.0,0,2,6,49.0,,17.0,110.0,0.0,0.0,0.0,0.0,0.0,1393.0,6065.0,60.0,289.0,2255.0,12.0,2.0,,
2017,3,106,SEA,00-0033937,DarbAm00,amara-darboh-1,Amara Darboh,False,WR,WR,O,Michigan,23.0,2017.0,0,0,0,1.0,,1.0,16.0,0.0,0.0,0.0,0.0,0.0,0.0,0.0,0.0,8.0,71.0,0.0,2.0,,
2017,3,107,TAM,00-0033938,BeckKe00,kendell-beckwith-1,Kendell Beckwith,False,ILB,LB,D,LSU,22.0,2017.0,0,0,0,5.0,,5.0,16.0,0.0,0.0,0.0,0.0,0.0,0.0,0.0,0.0,0.0,0.0,0.0,60.0,,1.0
2017,4,108,GNB,00-0033939,BiegVi00,vince-biegel-1,Vince Biegel,False,LB,LB,D,Wisconsin,24.0,2021.0,0,0,1,5.0,,1.0,43.0,0.0,0.0,0.0,0.0,0.0,0.0,0.0,0.0,0.0,0.0,0.0,42.0,1.0,2.5
2017,4,109,MIN,00-0033940,JohnJa09,jaleel-johnson-1,Jaleel Johnson,False,DT,DL,D,Iowa,23.0,2023.0,0,0,1,16.0,,12.0,86.0,0.0,0.0,0.0,0.0,0.0,0.0,0.0,0.0,0.0,0.0,0.0,76.0,,7.5
2017,4,110,JAX,00-0033839,WestDe00,dede-westbrook-1,Dede Westbrook,False,WR,WR,O,Oklahoma,23.0,2021.0,0,0,1,14.0,,13.0,55.0,0.0,1.0,0.0,0.0,0.0,14.0,125.0,0.0,170.0,1788.0,9.0,1.0,,
2017,4,111,SEA,00-0033554,ThomTe00,tedric-thompson-1,Tedric Thompson,False,S,DB,D,Colorado,22.0,2021.0,0,0,2,9.0,,8.0,38.0,0.0,0.0,0.0,0.0,0.0,0.0,0.0,0.0,0.0,0.0,0.0,63.0,3.0,
2017,4,112,CHI,00-0033784,JackEd01,eddie-jackson-6,Eddie Jackson,False,S,DB,D,Alabama,23.0,2024.0,1,2,7,45.0,,45.0,111.0,0.0,0.0,0.0,0.0,0.0,0.0,0.0,0.0,0.0,0.0,0.0,373.0,15.0,2.0
2017,4,113,LAC,00-0033941,JenkRa00,rayshawn-jenkins-1,Rayshawn Jenkins,False,S,DB,D,Miami (FL),23.0,2025.0,0,0,6,32.0,,11.0,139.0,0.0,0.0,0.0,0.0,0.0,0.0,0.0,0.0,0.0,0.0,0.0,363.0,11.0,5.5
2017,4,114,WAS,00-0033526,PeriSa00,samaje-perine-1,Samaje Perine,False,RB,RB,O,Oklahoma,21.0,2025.0,0,0,1,26.0,,5.0,125.0,0.0,0.0,0.0,0.0,0.0,558.0,2304.0,12.0,196.0,1600.0,7.0,17.0,,
2017,4,115,ARI,00-0033942,JohnDo03,dorian-johnson-1,Dorian Johnson,False,G,OL,O,Pittsburgh,22.0,,0,0,0,,,,,,,,,,,,,,,,,,
2017,4,116,CIN,00-0033463,LawsCa00,carl-lawson-2,Carl Lawson,False,OLB,LB,D,Auburn,22.0,2025.0,0,0,2,20.0,,10.0,90.0,0.0,0.0,0.0,0.0,0.0,0.0,0.0,0.0,0.0,0.0,0.0,76.0,,32.0
2017,4,117,LAR,00-0033943,ReynJo00,josh-reynolds-1,Josh Reynolds,False,WR,WR,O,Texas A&M,22.0,2025.0,0,0,3,26.0,,9.0,121.0,0.0,0.0,0.0,0.0,0.0,8.0,36.0,0.0,244.0,3228.0,20.0,7.0,,
2017,4,118,PHI,00-0033555,HollMa00,mack-hollins-1,Mack Hollins,False,WR,WR,O,North Carolina,23.0,2025.0,0,0,2,21.0,,3.0,127.0,1.0,1.0,4.0,0.0,0.0,5.0,44.0,0.0,208.0,2619.0,17.0,20.0,,
2017,4,119,CHI,00-0033556,CoheTa00,,Tarik Cohen,False,RB,RB,O,North Carolina A&T,22.0,2020.0,1,1,2,21.0,,21.0,51.0,2.0,3.0,22.0,2.0,0.0,264.0,1101.0,5.0,209.0,1575.0,9.0,1.0,,
2017,4,120,MIN,00-0033944,GedeBe00,ben-gedeon-1,Ben Gedeon,False,ILB,LB,D,Michigan,22.0,2019.0,0,0,1,15.0,,15.0,39.0,0.0,0.0,0.0,0.0,0.0,0.0,0.0,0.0,0.0,0.0,0.0,60.0,,
2017,4,121,SFO,00-0033286,WillJo12,joe-williams-7,Joe Williams,False,RB,RB,O,Utah,24.0,,0,0,0,,,,,,,,,,,,,,,,,,
2017,4,122,BAL,00-0033287,SiraNi00,nico-siragusa-1,Nico Siragusa,False,G,OL,O,San Diego St.,23.0,,0,0,0,,,,,,,,,,,,,,,,,,
2017,4,123,WAS,00-0033527,NichMo00,montae-nicholson-1,Montae Nicholson,False,S,DB,D,Michigan St.,21.0,2019.0,0,0,1,10.0,,10.0,35.0,0.0,0.0,0.0,0.0,0.0,0.0,0.0,0.0,0.0,0.0,0.0,92.0,3.0,
2017,4,124,DET,00-0033557,ReevJa00,jalen-reeves-maybin-1,Jalen Reeves-Maybin,False,LB,LB,D,Tennessee,22.0,2025.0,0,1,1,17.0,,15.0,117.0,1.0,1.0,31.0,0.0,0.0,3.0,4.0,0.0,0.0,0.0,0.0,157.0,,1.5
2017,4,125,LAR,00-0033945,EbukSa00,,Samson Ebukam,False,OLB,LB,D,Eastern Washington,22.0,2025.0,0,0,6,38.0,,19.0,127.0,0.0,0.0,0.0,0.0,0.0,0.0,0.0,0.0,0.0,0.0,0.0,198.0,1.0,35.0
2017,4,126,CLE,00-0033558,WilsHo00,howard-wilson-1,Howard Wilson,False,CB,DB,D,Houston,21.0,,0,0,0,,,,,,,,,,,,,,,,,,
2017,4,127,DET,00-0033559,RobeMi01,michael-roberts-3,Michael Roberts,False,TE,TE,O,Toledo,23.0,2018.0,0,0,0,1.0,,1.0,23.0,0.0,0.0,0.0,0.0,0.0,0.0,0.0,0.0,13.0,146.0,3.0,,,
2017,4,128,CIN,00-0033859,MaloJo00,josh-malone-1,Josh Malone,False,WR,WR,O,Tennessee,21.0,2020.0,0,0,1,1.0,,1.0,26.0,0.0,0.0,0.0,0.0,0.0,3.0,14.0,0.0,11.0,91.0,1.0,,,
2017,4,129,OAK,00-0033946,SharDa02,david-sharpe-1,David Sharpe,False,T,OL,O,Florida,21.0,2025.0,0,0,0,4.0,,3.0,46.0,0.0,0.0,0.0,0.0,0.0,0.0,0.0,0.0,0.0,0.0,0.0,,,
2017,4,130,HOU,00-0033560,DaveJu00,,Julién Davenport,False,T,OL,O,Bucknell,22.0,2021.0,0,0,2,16.0,,10.0,60.0,0.0,0.0,0.0,0.0,0.0,0.0,0.0,0.0,0.0,0.0,0.0,,,
2017,4,131,NWE,00-0033947,WiseDe00,deatrich-wise-jr-1,Deatrich Wise Jr.,False,DE,DL,D,Arkansas,23.0,2025.0,0,0,3,39.0,,38.0,128.0,0.0,0.0,0.0,0.0,0.0,0.0,0.0,0.0,0.0,0.0,0.0,179.0,,34.0
2017,4,132,PHI,00-0033561,PumpDo00,donnel-pumphrey-1,Donnel Pumphrey,False,RB,RB,O,San Diego St.,22.0,,0,0,0,,,,,,,,,,,,,,,,,,
2017,4,133,DAL,00-0033562,SwitRy00,ryan-switzer-1,Ryan Switzer,False,WR,WR,O,North Carolina,22.0,2019.0,0,0,0,3.0,,1.0,41.0,0.0,0.0,0.0,0.0,0.0,10.0,26.0,0.0,50.0,321.0,1.0,,,
2017,4,134,GNB,00-0033948,WillJa06,jamaal-williams-1,Jamaal Williams,False,RB,RB,O,BYU,22.0,2024.0,0,0,3,33.0,,19.0,117.0,0.0,0.0,0.0,0.0,0.0,1069.0,4122.0,32.0,187.0,1310.0,8.0,8.0,,
2017,4,135,PIT,00-0033949,DobbJo00,joshua-dobbs-1,Joshua Dobbs,False,QB,QB,O,Tennessee,22.0,2025.0,0,0,0,9.0,,0.0,27.0,351.0,559.0,3346.0,17.0,15.0,110.0,515.0,8.0,0.0,0.0,0.0,,,
2017,4,136,ATL,00-0033511,HarlSe00,sean-harlow-1,Sean Harlow,False,G,OL,O,Oregon St.,22.0,2023.0,0,0,0,5.0,,0.0,41.0,0.0,0.0,0.0,0.0,0.0,0.0,0.0,0.0,0.0,0.0,0.0,,,
2017,4,137,IND,00-0033785,BannZa00,zach-banner-1,Zach Banner,False,T,OL,O,USC,23.0,2021.0,0,0,0,2.0,,,30.0,0.0,0.0,0.0,0.0,0.0,0.0,0.0,0.0,0.0,0.0,0.0,,,
2017,4,138,CIN,00-0033786,GlasRy00,ryan-glasgow-1,Ryan Glasgow,False,DT,DL,D,Michigan,23.0,2020.0,0,0,0,3.0,,3.0,26.0,0.0,0.0,0.0,0.0,0.0,0.0,0.0,0.0,0.0,0.0,0.0,21.0,,
2017,4,139,KAN,00-0033464,ChesJe00,jehu-chesson-1,Jehu Chesson,False,WR,WR,O,Michigan,23.0,2018.0,0,0,0,0.0,,0.0,24.0,0.0,0.0,0.0,0.0,0.0,1.0,-4.0,0.0,3.0,25.0,0.0,6.0,,
2017,4,140,NYG,00-0033950,GallWa00,wayne-gallman-1,Wayne Gallman,False,RB,RB,O,Clemson,22.0,2021.0,0,0,1,12.0,,11.0,61.0,0.0,0.0,0.0,0.0,0.0,366.0,1548.0,9.0,81.0,519.0,2.0,5.0,,
2017,4,141,NYJ,00-0033840,HansCh00,chad-hansen-1,Chad Hansen,False,WR,WR,O,California,22.0,2020.0,0,0,0,3.0,,1.0,20.0,0.0,0.0,0.0,0.0,0.0,0.0,0.0,0.0,26.0,330.0,1.0,1.0,,
2017,4,142,HOU,00-0033563,WatkCa00,carlos-watkins-1,Carlos Watkins,False,DT,DL,D,Clemson,23.0,2025.0,0,0,1,20.0,,9.0,90.0,0.0,0.0,0.0,0.0,0.0,0.0,0.0,0.0,0.0,0.0,0.0,76.0,1.0,6.0
2017,4,143,IND,00-0033951,MackMa00,marlon-mack-1,Marlon Mack,False,RB,RB,O,South Florida,21.0,2022.0,0,0,2,20.0,,19.0,55.0,0.0,0.0,0.0,0.0,0.0,583.0,2568.0,21.0,65.0,547.0,3.0,,,
2017,4,144,IND,00-0033952,StewGr00,,Grover Stewart,False,DT,DL,D,Albany State (GA),23.0,2025.0,0,0,6,42.0,,42.0,141.0,0.0,0.0,0.0,0.0,0.0,0.0,0.0,0.0,0.0,0.0,0.0,216.0,1.0,13.0
2017,5,145,DEN,00-0033564,ButtJa00,jake-butt-1,Jake Butt,False,TE,TE,O,Michigan,22.0,2020.0,0,0,0,1.0,,1.0,8.0,0.0,0.0,0.0,0.0,0.0,0.0,0.0,0.0,10.0,90.0,0.0,1.0,,
2017,5,146,SFO,00-0033288,KittGe00,george-kittle-1,George Kittle,False,TE,TE,O,Iowa,23.0,2025.0,2,7,7,60.0,,60.0,124.0,0.0,0.0,0.0,0.0,0.0,13.0,68.0,0.0,595.0,8008.0,52.0,3.0,,
2017,5,147,CHI,00-0033565,MorgJo02,,Jordan Morgan,False,G,OL,O,Kutztown (PA),23.0,,0,0,0,,,,,,,,,,,,,,,,,,
2017,5,148,JAX,00-0033841,BrowBl00,blair-brown-1,Blair Brown,False,LB,LB,D,Ohio,23.0,2018.0,0,0,0,3.0,,3.0,28.0,0.0,0.0,0.0,0.0,0.0,0.0,0.0,0.0,0.0,0.0,0.0,13.0,,0.5
2017,5,149,ATL,00-0033512,KazeDa00,damontae-kazee-1,Damontae Kazee,False,CB,DB,D,San Diego St.,24.0,2025.0,0,0,4,22.0,,12.0,111.0,0.0,0.0,0.0,0.0,0.0,0.0,0.0,0.0,0.0,0.0,0.0,251.0,17.0,
2017,5,150,NYJ,00-0033953,LeggJo00,jordan-leggett-1,Jordan Leggett,False,TE,TE,O,Clemson,22.0,2018.0,0,0,0,1.0,,1.0,15.0,0.0,0.0,0.0,0.0,0.0,0.0,0.0,0.0,14.0,114.0,1.0,,,
2017,5,151,LAC,00-0033566,KingDe01,desmond-king-1,Desmond King,False,S,DB,D,Iowa,22.0,2024.0,1,0,4,27.0,,16.0,108.0,0.0,0.0,0.0,0.0,0.0,0.0,0.0,0.0,0.0,0.0,0.0,344.0,9.0,9.5
2017,5,152,CAR,00-0033289,EldeCo00,corn-elder-1,Corn Elder,False,CB,DB,D,Miami (FL),22.0,2021.0,0,0,0,2.0,,2.0,35.0,0.0,0.0,0.0,0.0,0.0,0.0,0.0,0.0,0.0,0.0,0.0,36.0,,
2017,5,153,CIN,00-0033787,ElliJa03,jake-elliott-1,Jake Elliott,False,K,K,S,Memphis,22.0,2025.0,0,1,2,24.0,,,147.0,0.0,1.0,0.0,0.0,1.0,0.0,0.0,0.0,0.0,0.0,0.0,3.0,,
2017,5,154,WAS,00-0033528,SpriJe00,jeremy-sprinkle-1,Jeremy Sprinkle,False,TE,TE,O,Arkansas,23.0,2021.0,0,0,2,2.0,,2.0,76.0,0.0,0.0,0.0,0.0,0.0,0.0,0.0,0.0,37.0,332.0,3.0,8.0,,
2017,5,155,TEN,00-0033954,BrowJa06,jayon-brown-1,Jayon Brown,False,LB,LB,D,UCLA,22.0,2022.0,0,0,3,26.0,,23.0,74.0,0.0,0.0,0.0,0.0,0.0,0.0,0.0,0.0,0.0,0.0,0.0,280.0,4.0,9.5
2017,5,156,ATL,00-0033567,HillBr02,brian-hill-4,Brian Hill,False,RB,RB,O,Wyoming,21.0,2021.0,0,0,0,9.0,,8.0,48.0,0.0,0.0,0.0,0.0,0.0,209.0,982.0,3.0,38.0,313.0,1.0,7.0,,
2017,5,157,ARI,00-0033788,HoldWi00,will-holden-1,Will Holden,False,T,OL,O,Vanderbilt,23.0,2021.0,0,0,0,5.0,,3.0,27.0,0.0,0.0,0.0,0.0,0.0,0.0,0.0,0.0,0.0,0.0,0.0,,,
2017,5,158,IND,00-0033568,HairNa00,nathan-hairston-1,Nate Hairston,False,CB,DB,D,Temple,23.0,2022.0,0,0,1,9.0,,5.0,61.0,0.0,0.0,0.0,0.0,0.0,0.0,0.0,0.0,0.0,0.0,0.0,83.0,2.0,2.0
2017,5,159,BAL,00-0033290,ElueJe00,jermaine-eluemunor-1,Jermaine Eluemunor,False,G,OL,O,Texas A&M,22.0,2025.0,0,0,3,30.0,,2.0,118.0,0.0,0.0,0.0,0.0,0.0,0.0,0.0,0.0,0.0,0.0,0.0,,,
2017,5,160,CLE,00-0033569,JohnRo06,roderick-johnson-5,Roderick Johnson,False,T,OL,O,Florida St.,21.0,2020.0,0,0,0,5.0,,,29.0,0.0,0.0,0.0,0.0,0.0,0.0,0.0,0.0,0.0,0.0,0.0,,,
2017,5,161,IND,00-0033570,WalkAn01,anthony-walker-1,Anthony Walker,False,LB,LB,D,Northwestern,22.0,2025.0,0,0,5,36.0,,22.0,101.0,0.0,0.0,0.0,0.0,0.0,0.0,0.0,0.0,0.0,0.0,0.0,362.0,4.0,5.5
2017,5,162,TAM,00-0033955,McNiJe00,jeremy-mcnichols-1,Jeremy McNichols,False,RB,RB,O,Boise St.,21.0,2025.0,0,0,0,9.0,,,71.0,0.0,0.0,0.0,0.0,0.0,189.0,846.0,6.0,74.0,518.0,1.0,6.0,,
2017,5,163,BUF,00-0033571,MilaMa00,matt-milano-1,Matt Milano,False,LB,LB,D,Boston Col.,23.0,2025.0,1,1,4,57.0,,57.0,106.0,0.0,0.0,0.0,0.0,0.0,0.0,0.0,0.0,0.0,0.0,0.0,374.0,10.0,14.0
2017,5,164,MIA,00-0033465,AsiaIs00,isaac-asiata-1,Isaac Asiata,False,G,OL,O,Utah,24.0,2018.0,0,0,0,0.0,,0.0,2.0,0.0,0.0,0.0,0.0,0.0,0.0,0.0,0.0,0.0,0.0,0.0,,,
2017,5,165,DET,00-0033572,AgneJa00,,Jamal Agnew,False,CB,DB,D,San Diego,22.0,2025.0,1,1,0,19.0,,13.0,93.0,0.0,1.0,0.0,0.0,0.0,33.0,263.0,1.0,77.0,746.0,5.0,29.0,,
2017,5,166,PHI,00-0033573,GibsSh00,shelton-gibson-1,Shelton Gibson,False,WR,WR,O,West Virginia,23.0,2019.0,0,0,0,0.0,,0.0,20.0,0.0,0.0,0.0,0.0,0.0,0.0,0.0,0.0,3.0,59.0,0.0,2.0,,
2017,5,167,NYG,00-0033574,MossAv00,,Avery Moss,False,DE,DL,D,Youngstown St.,22.0,2019.0,0,0,1,4.0,,2.0,22.0,0.0,0.0,0.0,0.0,0.0,0.0,0.0,0.0,0.0,0.0,0.0,22.0,,
2017,5,168,OAK,00-0033956,LeexMa01,marquel-lee-1,Marquel Lee,False,LB,LB,D,Wake Forest,21.0,2021.0,0,0,1,9.0,,9.0,45.0,0.0,0.0,0.0,0.0,0.0,0.0,0.0,0.0,0.0,0.0,0.0,71.0,,
2017,5,169,HOU,00-0033575,DecoTr00,treston-decoud-1,Treston Decoud,False,S,DB,D,Oregon St.,24.0,2018.0,0,0,0,1.0,,1.0,11.0,0.0,0.0,0.0,0.0,0.0,0.0,0.0,0.0,0.0,0.0,0.0,6.0,,
2017,5,170,MIN,00-0033957,AdamRo01,rodney-adams-1,Rodney Adams,False,WR,WR,O,South Florida,22.0,2021.0,0,0,0,0.0,,,1.0,0.0,0.0,0.0,0.0,0.0,0.0,0.0,0.0,0.0,0.0,0.0,,,
2017,5,171,BUF,00-0033958,PeteNa00,nathan-peterman-1,Nathan Peterman,False,QB,QB,O,Pittsburgh,23.0,2023.0,0,0,0,3.0,,2.0,15.0,85.0,160.0,712.0,4.0,13.0,24.0,87.0,1.0,0.0,0.0,0.0,,,
2017,5,172,DEN,00-0033466,McKeIs00,isaiah-mckenzie-1,Isaiah McKenzie,False,WR,WR,O,Georgia,22.0,2023.0,0,0,2,15.0,,0.0,93.0,1.0,1.0,12.0,1.0,0.0,50.0,244.0,4.0,152.0,1427.0,11.0,4.0,,
2017,5,173,PIT,00-0033467,AlleBr01,brian-allen-6,Brian Allen,False,DB,DB,D,Utah,23.0,2021.0,0,0,0,1.0,,1.0,20.0,0.0,0.0,0.0,0.0,0.0,0.0,0.0,0.0,0.0,0.0,0.0,4.0,,
2017,5,174,ATL,00-0033576,SaubEr00,,Eric Saubert,False,TE,TE,O,Drake,23.0,2025.0,0,0,0,2.0,,0.0,112.0,0.0,0.0,0.0,0.0,0.0,0.0,0.0,0.0,51.0,420.0,3.0,17.0,,
2017,5,175,GNB,00-0033291,YancDe00,deangelo-yancey-1,DeAngelo Yancey,False,WR,WR,O,Purdue,22.0,,0,0,0,,,,,,,,,,,,,,,,,,
2017,5,176,CIN,00-0033959,DielJJ00,jj-dielman-1,JJ Dielman,False,C,OL,O,Utah,23.0,,0,0,0,,,,,,,,,,,,,,,,,,
2017,5,177,SFO,00-0033292,TaylTr02,trent-taylor-2,Trent Taylor,False,WR,WR,O,Louisiana Tech,23.0,2024.0,0,0,0,7.0,,6.0,80.0,0.0,0.0,0.0,0.0,0.0,5.0,13.0,0.0,88.0,845.0,3.0,,,
2017,5,178,MIA,00-0033860,GodcDa00,davon-gaudchaux-1,Davon Godchaux,False,DT,DL,D,LSU,22.0,2025.0,0,0,6,49.0,,12.0,137.0,0.0,0.0,0.0,0.0,0.0,0.0,0.0,0.0,0.0,0.0,0.0,219.0,,5.5
2017,5,179,ARI,00-0033789,LogaT.00,tj-logan-1,T.J. Logan,False,RB,RB,O,North Carolina,23.0,2019.0,0,0,0,0.0,,0.0,22.0,0.0,0.0,0.0,0.0,0.0,5.0,12.0,0.0,9.0,50.0,0.0,2.0,,
2017,5,180,MIN,00-0033960,IsidDa00,danny-isidora-1,Danny Isidora,False,G,OL,O,Miami (FL),23.0,2021.0,0,0,0,4.0,,3.0,31.0,0.0,0.0,0.0,0.0,0.0,0.0,0.0,0.0,0.0,0.0,0.0,,,
2017,5,181,NYJ,00-0033961,DonaDy00,,Dylan Donahue,False,DL,DL,D,West Georgia,25.0,2017.0,0,0,0,0.0,,0.0,4.0,0.0,0.0,0.0,0.0,0.0,0.0,0.0,0.0,0.0,0.0,0.0,4.0,,
2017,5,182,GNB,00-0033293,JoneAa00,aaron-jones-6,Aaron Jones,False,RB,RB,O,Texas-El Paso,22.0,2025.0,0,1,7,67.0,,55.0,126.0,0.0,0.0,0.0,0.0,0.0,1564.0,7626.0,52.0,351.0,2683.0,21.0,,,
2017,5,183,KAN,00-0033468,EligUk00,ukeme-eligwe-1,Ukeme Eligwe,False,LB,LB,D,Georgia Southern,23.0,2018.0,0,0,0,2.0,,1.0,24.0,0.0,0.0,0.0,0.0,0.0,0.0,0.0,0.0,0.0,0.0,0.0,9.0,,1.0
2017,5,184,PHI,00-0033577,GerrNa00,nathan-gerry-1,Nathan Gerry,False,S,DB,D,Nebraska,22.0,2022.0,0,0,1,18.0,,18.0,50.0,0.0,0.0,0.0,0.0,0.0,0.0,0.0,0.0,0.0,0.0,0.0,101.0,3.0,3.5
2017,6,185,CLE,00-0033962,BranCa00,caleb-brantley-1,Caleb Brantley,False,DT,DL,D,Florida,23.0,2019.0,0,0,0,2.0,,2.0,20.0,0.0,0.0,0.0,0.0,0.0,0.0,0.0,0.0,0.0,0.0,0.0,13.0,,2.0
2017,6,186,BAL,00-0033294,ClarCh00,chuck-clark-1,Chuck Clark,False,DB,DB,D,Virginia Tech,22.0,2025.0,0,0,5,31.0,,27.0,123.0,0.0,0.0,0.0,0.0,0.0,0.0,0.0,0.0,0.0,0.0,0.0,309.0,5.0,4.5
2017,6,187,SEA,00-0033861,TysoMi00,mike-tyson-2,Michael Tyson,False,S,DB,D,Cincinnati,24.0,2018.0,0,0,0,1.0,,,10.0,0.0,0.0,0.0,0.0,0.0,0.0,0.0,0.0,0.0,0.0,0.0,3.0,,
2017,6,188,NYJ,00-0033295,McGuEl00,elijah-mcguire-1,Elijah McGuire,False,RB,RB,O,Louisiana,23.0,2018.0,0,0,0,6.0,,6.0,24.0,0.0,0.0,0.0,0.0,0.0,180.0,591.0,4.0,36.0,370.0,2.0,,,
2017,6,189,LAR,00-0033963,SmarTa00,tanzel-smart-1,Tanzel Smart,False,DT,DL,D,Tulane,22.0,2023.0,0,0,0,4.0,,4.0,41.0,0.0,0.0,0.0,0.0,0.0,0.0,0.0,0.0,0.0,0.0,0.0,16.0,,
2017,6,190,LAC,00-0033578,TeviSa00,sam-tevi-1,Sam Tevi,False,T,OL,O,Utah,22.0,2020.0,0,0,3,23.0,,23.0,58.0,0.0,0.0,0.0,0.0,0.0,0.0,0.0,0.0,0.0,0.0,0.0,,,
2017,6,191,DAL,00-0033579,WoodXa00,xavier-woods-1,Xavier Woods,False,S,DB,D,Louisiana Tech,22.0,2025.0,0,0,7,38.0,,16.0,134.0,0.0,0.0,0.0,0.0,0.0,0.0,0.0,0.0,0.0,0.0,0.0,431.0,15.0,2.0
2017,6,192,CAR,00-0033296,ArmaAl00,,Alex Armah,False,FB,RB,O,West Georgia,23.0,2023.0,0,0,0,0.0,,0.0,78.0,0.0,0.0,0.0,0.0,0.0,26.0,56.0,3.0,12.0,43.0,1.0,5.0,,
2017,6,193,CIN,00-0033790,EvanJo01,jordan-evans-1,Jordan Evans,False,LB,LB,D,Oklahoma,22.0,2021.0,0,0,0,9.0,,9.0,65.0,0.0,0.0,0.0,0.0,0.0,0.0,0.0,0.0,0.0,0.0,0.0,81.0,2.0,3.5
2017,6,194,MIA,00-0033469,TaylVi00,vincent-taylor-1,Vincent Taylor,False,DT,DL,D,Oklahoma St.,23.0,2021.0,0,0,0,5.0,,2.0,40.0,0.0,0.0,0.0,0.0,0.0,0.0,0.0,0.0,0.0,0.0,0.0,42.0,,2.0
2017,6,195,BUF,00-0033580,VallTa00,tanner-vallejo-1,Tanner Vallejo,False,LB,LB,D,Boise St.,22.0,2022.0,0,0,0,7.0,,1.0,82.0,0.0,0.0,0.0,0.0,0.0,0.0,0.0,0.0,0.0,0.0,0.0,75.0,,2.5
2017,6,196,NOR,00-0033964,MuhaAl00,al-quadin-muhammad-1,Al-Quadin Muhammad,False,DE,DL,D,Miami (FL),22.0,2025.0,0,0,1,20.0,,0.0,110.0,0.0,0.0,0.0,0.0,0.0,0.0,0.0,0.0,0.0,0.0,0.0,126.0,,26.0
2017,6,197,NYJ,00-0033520,ClarJe04,jeremy-clark-2,Jeremy Clark,False,CB,DB,D,Michigan,23.0,2018.0,0,0,0,0.0,,0.0,2.0,0.0,0.0,0.0,0.0,0.0,0.0,0.0,0.0,0.0,0.0,0.0,,,
2017,6,198,SFO,00-0033297,JoneD.01,dj-jones-4,D.J. Jones,False,DT,DL,D,Mississippi,22.0,2025.0,0,0,6,45.0,,20.0,125.0,0.0,0.0,0.0,0.0,0.0,0.0,0.0,0.0,0.0,0.0,0.0,186.0,,15.0
2017,6,199,WAS,00-0033529,RoulCh00,chase-roullier-1,Chase Roullier,False,C,OL,O,Wyoming,24.0,2022.0,0,0,4,24.0,,24.0,69.0,0.0,0.0,0.0,0.0,0.0,0.0,0.0,0.0,0.0,0.0,0.0,,,
2017,6,200,NYG,00-0033965,BisnAd00,adam-bisnowaty-1,Adam Bisnowaty,False,T,OL,O,Pittsburgh,23.0,2017.0,0,0,0,0.0,,0.0,1.0,0.0,0.0,0.0,0.0,0.0,0.0,0.0,0.0,0.0,0.0,0.0,,,
2017,6,201,MIN,00-0033966,HodgBu00,bucky-hodges-1,Bucky Hodges,False,TE,TE,O,Virginia Tech,22.0,,0,0,0,,,,,,,,,,,,,,,,,,
2017,6,202,SFO,00-0033298,TaumPi00,pita-taumoepenu-3,Pita Taumoepenu,False,OLB,LB,D,Utah,23.0,2021.0,0,0,0,0.0,,0.0,11.0,0.0,0.0,0.0,0.0,0.0,0.0,0.0,0.0,0.0,0.0,0.0,5.0,,
2017,6,203,DEN,00-0033581,HendDe01,,De'Angelo Henderson,False,RB,RB,O,Coastal Carolina,24.0,2018.0,0,0,0,0.0,,0.0,8.0,0.0,0.0,0.0,0.0,0.0,9.0,32.0,0.0,2.0,36.0,1.0,2.0,,
2017,6,204,NYJ,00-0033299,JoneDe02,derrick-jones-3,Derrick Jones,False,CB,DB,D,Mississippi,22.0,2018.0,0,0,0,0.0,,0.0,4.0,0.0,0.0,0.0,0.0,0.0,0.0,0.0,0.0,0.0,0.0,0.0,3.0,,
2017,6,205,DET,00-0033582,LedbJe00,jeremiah-ledbetter-1,Jeremiah Ledbetter,False,DE,DL,D,Arkansas,23.0,2024.0,0,0,0,5.0,,1.0,53.0,0.0,0.0,0.0,0.0,0.0,0.0,0.0,0.0,0.0,0.0,0.0,36.0,,3.5
2017,6,206,LAR,00-0033967,RogeSa00,sam-rogers-1,Sam Rogers,False,FB,RB,O,Virginia Tech,22.0,,0,0,0,,,,,,,,,,,,,,,,,,
2017,6,207,CIN,00-0033791,WilsBr01,brandon-wilson-3,Brandon Wilson,False,RB,RB,O,Houston,23.0,2021.0,0,0,0,6.0,,6.0,60.0,0.0,0.0,0.0,0.0,0.0,0.0,0.0,0.0,0.0,0.0,0.0,36.0,,
2017,6,208,ARI,00-0033792,FordRu00,johnathan-ford-1,Rudy Ford,False,S,DB,D,Auburn,22.0,2023.0,0,0,1,11.0,,2.0,86.0,0.0,0.0,0.0,0.0,0.0,0.0,0.0,0.0,0.0,0.0,0.0,145.0,6.0,0.5
2017,6,209,WAS,00-0033530,DaviRo00,robert-davis-10,Robert Davis,False,WR,WR,O,Georgia St.,22.0,2019.0,0,0,0,0.0,,0.0,7.0,0.0,0.0,0.0,0.0,0.0,0.0,0.0,0.0,2.0,17.0,0.0,1.0,,
2017,6,210,SEA,00-0033583,SeniJu00,justin-senior-1,Justin Senior,False,T,OL,O,Mississippi St.,23.0,,0,0,0,,,,,,,,,,,,,,,,,,
2017,6,211,NWE,00-0033300,McDeCo00,conor-mcdermott-2,Conor McDermott,False,T,OL,O,UCLA,24.0,2023.0,0,0,0,7.0,,5.0,55.0,0.0,0.0,0.0,0.0,0.0,0.0,0.0,0.0,1.0,1.0,1.0,,,
2017,6,212,GNB,00-0033301,AmicKo00,kofi-amichia-1,Kofi Amichia,False,C,OL,O,South Florida,23.0,,0,0,0,,,,,,,,,,,,,,,,,,
2017,6,213,PIT,00-0033531,HolbCo00,colin-holba-1,Colin Holba,False,LS,LS,S,Louisville,23.0,2020.0,0,0,0,0.0,,,19.0,0.0,0.0,0.0,0.0,0.0,0.0,0.0,0.0,0.0,0.0,0.0,,,
2017,6,214,PHI,00-0033584,QualEl00,elijah-qualls-1,Elijah Qualls,False,DT,DL,D,Washington,22.0,2017.0,0,0,0,1.0,,1.0,6.0,0.0,0.0,0.0,0.0,0.0,0.0,0.0,0.0,0.0,0.0,0.0,3.0,,
2017,6,215,DET,00-0033585,KaayBr00,brad-kaaya-1,Brad Kaaya,False,QB,QB,O,Miami (FL),22.0,,0,0,0,,,,,,,,,,,,,,,,,,
2017,6,216,DAL,00-0033586,WhitMa03,marquez-white-1,Marquez White,False,CB,DB,D,Florida St.,22.0,,0,0,0,,,,,,,,,,,,,,,,,,
2017,6,217,TEN,00-0033793,LeviCo00,,Corey Levin,False,OL,OL,O,Chattanooga,23.0,2025.0,0,0,0,7.0,,7.0,88.0,0.0,0.0,0.0,0.0,0.0,0.0,0.0,0.0,0.0,0.0,0.0,1.0,,
2017,6,218,KAN,00-0033470,McQuLe01,leon-mcquay-iii-1,Leon McQuay,False,S,DB,D,USC,22.0,2017.0,0,0,0,0.0,,0.0,1.0,0.0,0.0,0.0,0.0,0.0,0.0,0.0,0.0,0.0,0.0,0.0,3.0,,
2017,7,219,MIN,00-0033968,ColeSt00,stacy-coley-1,Stacy Coley,False,WR,WR,O,Miami (FL),23.0,2018.0,0,0,0,0.0,,0.0,7.0,0.0,0.0,0.0,0.0,0.0,0.0,0.0,0.0,0.0,0.0,0.0,,,
2017,7,220,MIN,00-0033969,OdenIf00,ifeadi-odenigbo-1,Ifeadi Odenigbo,False,DL,DL,D,Northwestern,23.0,2022.0,0,0,1,11.0,,9.0,55.0,0.0,0.0,0.0,0.0,0.0,0.0,0.0,0.0,0.0,0.0,0.0,50.0,,14.0
2017,7,221,OAK,00-0033970,LuanSh00,shalom-luani-1,Shalom Luani,False,S,DB,D,Washington St.,23.0,2019.0,0,0,0,2.0,,1.0,31.0,0.0,0.0,0.0,0.0,0.0,0.0,0.0,0.0,0.0,0.0,0.0,21.0,,
2017,7,222,JAX,00-0033587,MyriJa00,jalen-myrick-1,Jalen Myrick,False,CB,DB,D,Minnesota,22.0,2017.0,0,0,0,0.0,,0.0,5.0,0.0,0.0,0.0,0.0,0.0,0.0,0.0,0.0,0.0,0.0,0.0,,,
2017,7,223,TAM,00-0033971,TuikSt00,stevie-tuikolovatu-1,Stevie Tu'ikolovatu,False,NT,DL,D,USC,26.0,,0,0,0,,,,,,,,,,,,,,,,,,
2017,7,224,CLE,00-0033862,GonzZa00,zane-gonzalez-1,Zane Gonzalez,False,K,K,S,Arizona St.,22.0,2025.0,0,0,0,14.0,,1.0,78.0,0.0,0.0,0.0,0.0,0.0,0.0,0.0,0.0,0.0,0.0,0.0,1.0,,
2017,7,225,LAC,00-0033588,RochIs00,isaac-rochell-1,Isaac Rochell,False,DT,DL,D,Notre Dame,22.0,2023.0,0,0,0,10.0,,8.0,78.0,0.0,0.0,0.0,0.0,0.0,0.0,0.0,0.0,0.0,0.0,0.0,70.0,1.0,9.5
2017,7,226,SEA,00-0033589,MoorDa03,,David Moore,False,WR,WR,O,East Central (OK),22.0,2025.0,0,0,2,15.0,,12.0,78.0,0.0,0.0,0.0,0.0,0.0,14.0,103.0,0.0,116.0,1613.0,17.0,4.0,,
2017,7,227,TEN,00-0033794,CarrJo00,josh-carraway-1,Josh Carraway,False,OLB,LB,D,TCU,23.0,2017.0,0,0,0,0.0,,0.0,1.0,0.0,0.0,0.0,0.0,0.0,0.0,0.0,0.0,0.0,0.0,0.0,,,
2017,7,228,DAL,00-0033590,IvieJo00,joey-ivie-1,Joey Ivie,False,DT,DL,D,Florida,22.0,2019.0,0,0,0,0.0,,,8.0,0.0,0.0,0.0,0.0,0.0,0.0,0.0,0.0,0.0,0.0,0.0,,,
2017,7,229,SFO,00-0033302,ColbAd00,adrian-colbert-1,Adrian Colbert,False,DB,DB,D,Miami (FL),23.0,2024.0,0,0,1,8.0,,5.0,46.0,0.0,0.0,0.0,0.0,0.0,0.0,0.0,0.0,0.0,0.0,0.0,85.0,,
2017,7,230,WAS,00-0033532,HarvJo01,josh-harvey-clemons-1,Josh Harvey-Clemons,False,S,DB,D,Louisville,23.0,2019.0,0,0,0,4.0,,4.0,35.0,0.0,0.0,0.0,0.0,0.0,0.0,0.0,0.0,0.0,0.0,0.0,29.0,,1.5
2017,7,231,OAK,00-0033972,WareJy00,,Jylan Ware,False,T,OL,O,Alabama St.,23.0,2017.0,0,0,0,0.0,,0.0,1.0,0.0,0.0,0.0,0.0,0.0,0.0,0.0,0.0,0.0,0.0,0.0,,,
2017,7,232,MIN,00-0033973,LeexEl00,elijah-lee-1,Elijah Lee,False,LB,LB,D,Kansas St.,21.0,2022.0,0,0,0,8.0,,,74.0,0.0,0.0,0.0,0.0,0.0,0.0,0.0,0.0,0.0,0.0,0.0,82.0,,1.0
2017,7,233,CAR,00-0033303,ButkHa00,harrison-butker-1,Harrison Butker,False,K,K,S,Georgia Tech,22.0,2025.0,0,0,2,27.0,,,137.0,0.0,0.0,0.0,0.0,0.0,0.0,0.0,0.0,0.0,0.0,0.0,3.0,,
2017,7,234,LAR,00-0033974,PricEj00,ejuan-price-1,Ejuan Price,False,DE,DL,D,Pittsburgh,24.0,2017.0,0,0,0,0.0,,0.0,1.0,0.0,0.0,0.0,0.0,0.0,0.0,0.0,0.0,0.0,0.0,0.0,,,
2017,7,235,WAS,00-0033533,HolsJo01,joshua-holsey-1,Joshua Holsey,False,DB,DB,D,Auburn,23.0,2018.0,0,0,0,1.0,,1.0,13.0,0.0,0.0,0.0,0.0,0.0,0.0,0.0,0.0,0.0,0.0,0.0,4.0,,
2017,7,236,TEN,00-0033795,SeatBr00,,Brad Seaton,False,T,OL,O,Villanova,23.0,,0,0,0,,,,,,,,,,,,,,,,,,
2017,7,237,MIA,00-0033471,FordIs00,isaiah-ford-1,Isaiah Ford,False,WR,WR,O,Virginia Tech,21.0,2021.0,0,0,0,5.0,,5.0,32.0,0.0,0.0,0.0,0.0,0.0,1.0,11.0,0.0,63.0,681.0,2.0,1.0,,
2017,7,238,GNB,00-0033304,MaysDe00,devante-mays-1,Devante Mays,False,RB,RB,O,Utah St.,23.0,2017.0,0,0,0,0.0,,0.0,8.0,0.0,0.0,0.0,0.0,0.0,4.0,1.0,0.0,3.0,0.0,0.0,,,
2017,7,239,DAL,00-0033591,BrowNo00,noah-brown-2,Noah Brown,False,WR,WR,O,Ohio St.,21.0,2025.0,0,0,2,19.0,,9.0,91.0,0.0,0.0,0.0,0.0,0.0,2.0,3.0,0.0,155.0,2083.0,6.0,9.0,,
2017,7,240,JAX,00-0033796,WillMa09,marquez-williams-1,Marquez Williams,False,FB,RB,O,Miami (FL),23.0,2017.0,0,0,0,0.0,,,1.0,0.0,0.0,0.0,0.0,0.0,0.0,0.0,0.0,0.0,0.0,0.0,,,
2017,7,241,TEN,00-0033797,MuhaKh00,khalfani-muhammad-1,Khalfani Muhammad,False,RB,RB,O,California,22.0,,0,0,0,,,,,,,,,,,,,,,,,,
2017,7,242,OAK,00-0033975,HoodEl00,elijah-hood-1,Elijah Hood,False,RB,RB,O,North Carolina,21.0,2017.0,0,0,0,0.0,,0.0,1.0,0.0,0.0,0.0,0.0,0.0,0.0,0.0,0.0,0.0,0.0,0.0,,,
2017,7,243,HOU,00-0033592,FullKy01,kyle-fuller-2,Kyle Fuller,False,C,OL,O,Baylor,23.0,2022.0,0,0,0,7.0,,1.0,51.0,0.0,0.0,0.0,0.0,0.0,0.0,0.0,0.0,0.0,0.0,0.0,,,
2017,7,244,OAK,00-0033976,HestTr00,treyvon-hester-1,Treyvon Hester,False,DT,DL,D,Toledo,24.0,2019.0,0,0,0,3.0,,1.0,41.0,0.0,0.0,0.0,0.0,0.0,0.0,0.0,0.0,0.0,0.0,0.0,19.0,,2.0
2017,7,245,MIN,00-0033977,TochJa00,jack-tocho-1,Jack Tocho,False,CB,DB,D,North Carolina St.,21.0,,0,0,0,,,,,,,,,,,,,,,,,,
2017,7,246,DAL,,CarrJo01,jordan-carrell-1,Jordan Carrell,False,DT,DL,D,Colorado,23.0,,0,0,0,,,,,,,,,,,,,,,,,,
2017,7,247,GNB,00-0033305,DuprMa01,malachi-dupre-1,Malachi Dupre,False,WR,WR,O,LSU,21.0,2018.0,0,0,0,0.0,,,1.0,0.0,0.0,0.0,0.0,0.0,0.0,0.0,0.0,0.0,0.0,0.0,,,
2017,7,248,PIT,00-0033521,AdamKe02,keion-adams-1,Keion Adams,False,OLB,LB,D,Western Michigan,22.0,,0,0,0,,,,,,,,,,,,,,,,,,
2017,7,249,SEA,00-0033594,CarsCh00,chris-carson-1,Chris Carson,False,RB,RB,O,Oklahoma St.,22.0,2021.0,0,0,3,29.0,,29.0,49.0,0.0,0.0,0.0,0.0,0.0,769.0,3502.0,24.0,107.0,804.0,7.0,,,
2017,7,250,DET,00-0033595,OConPa00,pat-oconnor-1,Pat O'Connor,False,DE,DL,D,Eastern Michigan,23.0,2025.0,0,0,0,6.0,,1.0,88.0,0.0,0.0,0.0,0.0,0.0,0.0,0.0,0.0,0.0,0.0,0.0,24.0,,2.5
2017,7,251,CIN,00-0033798,SchrMa00,mason-schreck-1,Mason Schreck,False,TE,TE,O,Buffalo,23.0,2022.0,0,0,0,0.0,,0.0,26.0,0.0,0.0,0.0,0.0,0.0,0.0,0.0,0.0,2.0,6.0,0.0,1.0,,
2017,7,252,CLE,00-0033596,DayeMa00,matt-dayes-1,Matthew Dayes,False,RB,RB,O,North Carolina St.,23.0,2018.0,0,0,0,0.0,,0.0,23.0,0.0,0.0,0.0,0.0,0.0,5.0,13.0,0.0,4.0,29.0,0.0,9.0,,
2017,7,253,DEN,00-0033597,KellCh00,chad-kelly-1,Chad Kelly,False,QB,QB,O,Mississippi,23.0,2018.0,0,0,0,0.0,,0.0,1.0,0.0,0.0,0.0,0.0,0.0,1.0,-1.0,0.0,0.0,0.0,0.0,,,
2018,1,1,CLE,00-0034855,MayfBa00,baker-mayfield-1,Baker Mayfield,False,QB,QB,O,Oklahoma,23.0,2025.0,0,2,6,80.0,,35.0,123.0,2500.0,3938.0,28525.0,197.0,101.0,366.0,1583.0,11.0,1.0,17.0,0.0,1.0,,
2018,1,2,NYG,00-0034844,BarkSa00,saquon-barkley-1,Saquon Barkley,False,RB,RB,O,Penn St.,21.0,2025.0,1,3,6,65.0,,40.0,106.0,0.0,0.0,0.0,0.0,0.0,1826.0,8356.0,55.0,358.0,2651.0,16.0,,,
2018,1,3,NYJ,00-0034869,DarnSa00,sam-darnold-1,Sam Darnold,False,QB,QB,O,USC,21.0,2025.0,0,2,5,49.0,,14.0,100.0,1766.0,2833.0,20431.0,123.0,82.0,311.0,1067.0,14.0,0.0,0.0,0.0,,,
2018,1,4,CLE,00-0034856,WardDe02,denzel-ward-3,Denzel Ward,False,CB,DB,D,Ohio St.,21.0,2025.0,0,5,7,49.0,,49.0,110.0,0.0,0.0,0.0,0.0,0.0,0.0,0.0,0.0,0.0,0.0,0.0,293.0,18.0,0.5
2018,1,5,DEN,00-0034832,ChubBr00,bradley-chubb-1,Bradley Chubb,False,DE,DL,D,North Carolina St.,22.0,2025.0,0,2,3,41.0,,25.0,90.0,0.0,0.0,0.0,0.0,0.0,0.0,0.0,0.0,0.0,0.0,0.0,181.0,1.0,48.0
2018,1,6,IND,00-0034342,NelsQu00,quenton-nelson-1,Quenton Nelson,False,G,OL,O,Notre Dame,22.0,2025.0,3,8,7,79.0,,79.0,129.0,0.0,0.0,0.0,0.0,0.0,1.0,0.0,0.0,0.0,0.0,0.0,1.0,,
2018,1,7,BUF,00-0034857,AlleJo02,josh-allen-7,Josh Allen,False,QB,QB,O,Wyoming,22.0,2025.0,0,4,7,111.0,,111.0,128.0,2615.0,4088.0,30102.0,220.0,94.0,871.0,4721.0,79.0,1.0,19.0,2.0,4.0,,
2018,1,8,CHI,00-0034874,SmitRo07,roquan-smith-1,Roquan Smith,False,ILB,LB,D,Georgia,21.0,2025.0,3,4,7,84.0,,37.0,125.0,0.0,0.0,0.0,0.0,0.0,0.0,0.0,0.0,0.0,0.0,0.0,692.0,10.0,21.5
2018,1,9,SFO,00-0034847,McGlMi00,mike-mcglinchey-1,Mike McGlinchey,False,T,OL,O,Notre Dame,24.0,2025.0,0,0,6,46.0,,31.0,115.0,0.0,0.0,0.0,0.0,0.0,0.0,0.0,0.0,0.0,0.0,0.0,,,
2018,1,10,ARI,00-0034343,RoseJo01,josh-rosen-1,Josh Rosen,False,QB,QB,O,UCLA,21.0,2021.0,0,0,1,3.0,,2.0,24.0,277.0,513.0,2864.0,12.0,21.0,26.0,151.0,0.0,0.0,0.0,0.0,,,
2018,1,11,MIA,00-0034789,FitzMi00,minkah-fitzpatrick-1,Minkah Fitzpatrick,False,S,DB,D,Alabama,21.0,2025.0,3,5,6,61.0,,7.0,120.0,0.0,0.0,0.0,0.0,0.0,0.0,0.0,0.0,0.0,0.0,0.0,459.0,21.0,1.0
2018,1,12,TAM,00-0034773,VeaxVi00,vita-vea-1,Vita Vea,False,DT,DL,D,Washington,23.0,2025.0,0,2,5,51.0,,51.0,112.0,0.0,0.0,0.0,0.0,0.0,0.0,0.0,0.0,1.0,1.0,1.0,154.0,,35.0
2018,1,13,WAS,00-0034333,PaynDa00,daron-payne-1,Daron Payne,False,DT,DL,D,Alabama,21.0,2025.0,0,1,7,53.0,,53.0,130.0,0.0,0.0,0.0,0.0,0.0,0.0,0.0,0.0,0.0,0.0,0.0,235.0,1.0,37.0
2018,1,14,NOR,00-0034344,DaveMa00,marcus-davenport-1,Marcus Davenport,False,DE,DL,D,Texas-San Antonio,22.0,2025.0,0,0,2,22.0,,18.0,77.0,0.0,0.0,0.0,0.0,0.0,0.0,0.0,0.0,0.0,0.0,0.0,88.0,,25.0
2018,1,15,OAK,00-0034759,MillKo00,kolton-miller-1,Kolton Miller,False,T,OL,O,UCLA,23.0,2025.0,0,0,7,42.0,,42.0,113.0,0.0,0.0,0.0,0.0,0.0,0.0,0.0,0.0,0.0,0.0,0.0,,,
2018,1,16,BUF,00-0034673,EdmuTr01,tremaine-edmunds-1,Tremaine Edmunds,False,ILB,LB,D,Virginia Tech,20.0,2025.0,0,2,7,62.0,,44.0,119.0,0.0,0.0,0.0,0.0,0.0,0.0,0.0,0.0,0.0,0.0,0.0,549.0,14.0,8.5
2018,1,17,LAC,00-0034790,JameDe00,derwin-james-1,Derwin James,False,S,DB,D,Florida St.,22.0,2025.0,1,5,5,46.0,,46.0,98.0,0.0,0.0,0.0,0.0,0.0,0.0,0.0,0.0,0.0,0.0,0.0,433.0,12.0,19.0
2018,1,18,GNB,00-0034728,AlexJa00,jaire-alexander-1,Jaire Alexander,False,CB,DB,D,Louisville,21.0,2025.0,0,2,5,34.0,,34.0,80.0,0.0,0.0,0.0,0.0,0.0,0.0,0.0,0.0,0.0,0.0,0.0,245.0,12.0,1.5
2018,1,19,DAL,00-0034674,VandLe00,leighton-vander-esch-1,Leighton Vander Esch,False,OLB,LB,D,Boise St.,21.0,2023.0,0,1,5,35.0,,35.0,71.0,0.0,0.0,0.0,0.0,0.0,0.0,0.0,0.0,0.0,0.0,0.0,296.0,3.0,3.5
2018,1,20,DET,00-0034345,RagnFr00,frank-ragnow-1,Frank Ragnow,False,C,OL,O,Arkansas,22.0,2024.0,0,4,6,51.0,,51.0,96.0,0.0,0.0,0.0,0.0,0.0,0.0,0.0,0.0,0.0,0.0,0.0,1.0,,
2018,1,21,CIN,00-0034762,PricBi01,billy-price-1,Billy Price,False,C,OL,O,Ohio St.,23.0,2022.0,0,0,3,18.0,,9.0,69.0,0.0,0.0,0.0,0.0,0.0,0.0,0.0,0.0,0.0,0.0,0.0,2.0,,
2018,1,22,TEN,00-0034743,EvanRa01,rashaan-evans-1,Rashaan Evans,False,ILB,LB,D,Alabama,22.0,2024.0,0,0,4,32.0,,25.0,87.0,0.0,0.0,0.0,0.0,0.0,0.0,0.0,0.0,0.0,0.0,0.0,286.0,2.0,5.0
2018,1,23,NWE,00-0034833,WynnIs00,isaiah-wynn-1,Isaiah Wynn,False,T,OL,O,Georgia,22.0,2024.0,0,0,3,23.0,,19.0,56.0,0.0,0.0,0.0,0.0,0.0,0.0,0.0,0.0,0.0,0.0,0.0,2.0,,
2018,1,24,CAR,00-0034827,MoorD.00,dj-moore-3,D.J. Moore,False,WR,WR,O,Maryland,21.0,2025.0,0,0,7,61.0,,36.0,131.0,1.0,3.0,2.0,1.0,0.0,72.0,510.0,2.0,608.0,8213.0,41.0,4.0,,
2018,1,25,BAL,00-0034830,HursHa00,hayden-hurst-1,Hayden Hurst,False,TE,TE,O,South Carolina,25.0,2024.0,0,0,1,17.0,,6.0,88.0,0.0,0.0,0.0,0.0,0.0,1.0,0.0,0.0,203.0,1975.0,15.0,2.0,,
2018,1,26,ATL,00-0034837,RidlCa00,calvin-ridley-1,Calvin Ridley,False,WR,WR,O,Alabama,23.0,2025.0,0,0,4,41.0,,24.0,90.0,0.0,0.0,0.0,0.0,0.0,30.0,140.0,1.0,405.0,5678.0,40.0,1.0,,
2018,1,27,SEA,00-0034750,PennRa00,rashaad-penny-1,Rashaad Penny,False,RB,RB,O,San Diego St.,22.0,2023.0,0,0,0,13.0,,13.0,45.0,0.0,0.0,0.0,0.0,0.0,348.0,1951.0,13.0,28.0,227.0,1.0,,,
2018,1,28,PIT,00-0034858,EdmuTe00,terrell-edmunds-1,Terrell Edmunds,False,S,DB,D,Virginia Tech,21.0,2025.0,0,0,5,27.0,,25.0,102.0,0.0,0.0,0.0,0.0,0.0,0.0,0.0,0.0,0.0,0.0,0.0,315.0,6.0,7.5
2018,1,29,JAX,00-0034842,BryaTa00,taven-bryan-1,Taven Bryan,False,DT,DL,D,Florida,22.0,2025.0,0,0,4,22.0,,10.0,118.0,0.0,0.0,0.0,0.0,0.0,0.0,0.0,0.0,0.0,0.0,0.0,85.0,,12.0
2018,1,30,MIN,00-0034843,HughMi00,mike-hughes-4,Mike Hughes,False,CB,DB,D,Central Florida,21.0,2025.0,0,0,1,17.0,,4.0,99.0,0.0,0.0,0.0,0.0,0.0,0.0,0.0,0.0,0.0,0.0,0.0,247.0,4.0,
2018,1,31,NWE,00-0034845,MichSo00,sony-michel-1,Sony Michel,False,RB,RB,O,Georgia,23.0,2022.0,0,0,2,21.0,,15.0,65.0,0.0,0.0,0.0,0.0,0.0,779.0,3243.0,18.0,56.0,439.0,2.0,1.0,,
2018,1,32,BAL,00-0034796,JackLa00,lamar-jackson-1,Lamar Jackson,False,QB,QB,O,Louisville,21.0,2025.0,3,4,6,110.0,,110.0,116.0,1870.0,2888.0,22608.0,187.0,56.0,1081.0,6522.0,35.0,0.0,0.0,0.0,1.0,,
2018,2,33,CLE,00-0034261,CorbAu00,austin-corbett-2,Austin Corbett,False,C,OL,O,Nevada,23.0,2025.0,0,0,4,29.0,,1.0,94.0,0.0,0.0,0.0,0.0,0.0,0.0,0.0,0.0,0.0,0.0,0.0,3.0,,
2018,2,34,NYG,00-0034346,HernWi00,will-hernandez-1,Will Hernandez,False,G,OL,O,Texas-El Paso,23.0,2025.0,0,0,5,38.0,,22.0,104.0,0.0,0.0,0.0,0.0,0.0,0.0,0.0,0.0,0.0,0.0,0.0,,,
2018,2,35,CLE,00-0034791,ChubNi00,nick-chubb-1,Nick Chubb,False,RB,RB,O,Georgia,22.0,2025.0,0,4,5,49.0,,47.0,100.0,0.0,0.0,0.0,0.0,0.0,1462.0,7349.0,54.0,141.0,1109.0,5.0,2.0,,
2018,2,36,IND,00-0034846,LeonDa00,,Shaquille Leonard,False,LB,LB,D,South Carolina St.,23.0,2023.0,3,3,5,60.0,,59.0,75.0,0.0,0.0,0.0,0.0,0.0,0.0,0.0,0.0,0.0,0.0,0.0,397.0,12.0,16.0
2018,2,37,IND,00-0034836,SmitBr06,braden-smith-2,Braden Smith,False,G,OL,O,Auburn,22.0,2025.0,0,0,7,45.0,,45.0,107.0,0.0,0.0,0.0,0.0,0.0,0.0,0.0,0.0,0.0,0.0,0.0,,,
2018,2,38,TAM,00-0034816,JoneRo01,ronald-jones-4,Ronald Jones II,False,RB,RB,O,USC,21.0,2022.0,0,0,2,18.0,,17.0,61.0,0.0,0.0,0.0,0.0,0.0,505.0,2244.0,19.0,77.0,593.0,1.0,1.0,,
2018,2,39,CHI,00-0034347,DaniJa01,james-daniels-1,James Daniels,False,C,OL,O,Iowa,20.0,2025.0,0,0,6,29.0,,17.0,91.0,0.0,0.0,0.0,0.0,0.0,0.0,0.0,0.0,0.0,0.0,0.0,1.0,,
2018,2,40,DEN,00-0034348,SuttCo00,courtland-sutton-1,Courtland Sutton,False,WR,WR,O,SMU,22.0,2025.0,0,2,5,45.0,,45.0,115.0,4.0,4.0,84.0,1.0,0.0,5.0,21.0,0.0,453.0,6357.0,39.0,5.0,,
2018,2,41,TEN,00-0034828,LandHa00,harold-landry-1,Harold Landry,False,OLB,LB,D,Boston Col.,22.0,2025.0,0,1,5,45.0,,39.0,113.0,0.0,0.0,0.0,0.0,0.0,0.0,0.0,0.0,0.0,0.0,0.0,278.0,2.0,59.0
2018,2,42,MIA,00-0034829,GesiMi00,mike-gesicki-1,Mike Gesicki,False,TE,TE,O,Penn St.,22.0,2025.0,0,0,2,28.0,,19.0,128.0,0.0,1.0,0.0,0.0,0.0,0.0,0.0,0.0,353.0,3833.0,24.0,1.0,,
2018,2,43,DET,00-0034349,JohnKe06,kerryon-johnson-1,Kerryon Johnson,False,RB,RB,O,Auburn,21.0,2021.0,0,0,1,11.0,,11.0,35.0,0.0,0.0,0.0,0.0,0.0,283.0,1225.0,8.0,61.0,527.0,3.0,,,
2018,2,44,SFO,00-0034860,PettDa00,dante-pettis-1,Dante Pettis,False,WR,WR,O,Washington,22.0,2025.0,0,0,0,11.0,,5.0,66.0,2.0,2.0,32.0,0.0,0.0,3.0,35.0,0.0,92.0,1231.0,13.0,3.0,,
2018,2,45,GNB,00-0034751,JackJo01,joshua-jackson-3,Josh Jackson,False,CB,DB,D,Iowa,22.0,2022.0,0,0,0,8.0,,7.0,49.0,0.0,0.0,0.0,0.0,0.0,0.0,0.0,0.0,0.0,0.0,0.0,77.0,,
2018,2,46,KAN,00-0034774,SpeaBr00,breeland-speaks-1,Breeland Speaks,False,DE,DL,D,Mississippi,22.0,2018.0,0,0,0,3.0,,3.0,16.0,0.0,0.0,0.0,0.0,0.0,0.0,0.0,0.0,0.0,0.0,0.0,15.0,,1.5
2018,2,47,ARI,00-0034775,KirkCh01,christian-kirk-1,Christian Kirk,False,WR,WR,O,Texas A&M,21.0,2025.0,0,0,7,42.0,,23.0,106.0,2.0,4.0,32.0,0.0,0.0,22.0,159.0,0.0,432.0,5415.0,30.0,1.0,,
2018,2,48,LAC,00-0034350,NwosUc00,uchenna-nwosu-1,Uchenna Nwosu,False,OLB,LB,D,USC,21.0,2025.0,0,0,2,29.0,,13.0,107.0,0.0,0.0,0.0,0.0,0.0,0.0,0.0,0.0,0.0,0.0,0.0,164.0,1.0,34.5
2018,2,49,PHI,00-0034351,GoedDa00,,Dallas Goedert,False,TE,TE,O,South Dakota St.,23.0,2025.0,0,0,7,38.0,,38.0,108.0,0.0,0.0,0.0,0.0,0.0,1.0,1.0,0.0,409.0,4676.0,35.0,5.0,,
2018,2,50,DAL,00-0034352,WillCo00,connor-williams-2,Connor Williams,False,T,OL,O,Texas,21.0,2024.0,0,0,6,34.0,,20.0,92.0,0.0,0.0,0.0,0.0,0.0,0.0,0.0,0.0,0.0,0.0,0.0,,,
2018,2,51,CHI,00-0034353,MillAn02,anthony-miller-6,Anthony Miller,False,WR,WR,O,Memphis,23.0,2024.0,0,0,2,12.0,,12.0,52.0,1.0,1.0,8.0,0.0,0.0,9.0,37.0,0.0,141.0,1605.0,12.0,3.0,,
2018,2,52,IND,00-0034354,TuraKe00,kemoko-turay-1,Kemoko Turay,False,OLB,LB,D,Rutgers,23.0,2022.0,0,0,0,5.0,,5.0,41.0,0.0,0.0,0.0,0.0,0.0,0.0,0.0,0.0,0.0,0.0,0.0,23.0,,12.0
2018,2,53,TAM,00-0034355,StewM.00,mj-stewart-1,M.J. Stewart,False,CB,DB,D,North Carolina,22.0,2025.0,0,0,0,9.0,,3.0,99.0,0.0,0.0,0.0,0.0,0.0,1.0,3.0,0.0,0.0,0.0,0.0,177.0,2.0,1.0
2018,2,54,CIN,00-0034675,BateJe00,jessie-bates-1,Jessie Bates III,False,S,DB,D,Wake Forest,21.0,2025.0,0,1,7,55.0,,28.0,130.0,0.0,0.0,0.0,0.0,0.0,0.0,0.0,0.0,0.0,0.0,0.0,535.0,27.0,1.0
2018,2,55,CAR,00-0034356,JackDo02,donte-jackson-1,Donte Jackson,False,CB,DB,D,LSU,22.0,2025.0,0,0,7,34.0,,23.0,112.0,0.0,0.0,0.0,0.0,0.0,0.0,0.0,0.0,0.0,0.0,0.0,292.0,23.0,1.0
2018,2,56,NWE,00-0034744,DawsDu00,duke-dawson-1,Duke Dawson,False,CB,DB,D,Florida,21.0,2020.0,0,0,0,3.0,,,26.0,0.0,0.0,0.0,0.0,0.0,0.0,0.0,0.0,0.0,0.0,0.0,17.0,,
2018,2,57,OAK,00-0034262,HallP.00,,P.J. Hall,False,DT,DL,D,Sam Houston St.,23.0,2020.0,0,0,2,11.0,,8.0,40.0,0.0,0.0,0.0,0.0,0.0,0.0,0.0,0.0,0.0,0.0,0.0,52.0,,2.5
2018,2,58,ATL,00-0034357,OlivIs00,isaiah-oliver-1,Isaiah Oliver,False,CB,DB,D,Colorado,21.0,2025.0,0,0,2,18.0,,12.0,110.0,0.0,0.0,0.0,0.0,0.0,0.0,0.0,0.0,0.0,0.0,0.0,272.0,3.0,3.0
2018,2,59,WAS,00-0034358,GuicDe00,derrius-guice-1,Derrius Guice,False,RB,RB,O,LSU,21.0,2019.0,0,0,0,2.0,,2.0,5.0,0.0,0.0,0.0,0.0,0.0,42.0,245.0,2.0,7.0,79.0,1.0,,,
2018,2,60,PIT,00-0034676,WashJa00,james-washington-5,James Washington,False,WR,WR,O,Oklahoma St.,22.0,2022.0,0,0,2,11.0,,11.0,62.0,0.0,0.0,0.0,0.0,0.0,2.0,13.0,0.0,114.0,1629.0,11.0,1.0,,
2018,2,61,JAX,00-0034777,CharDJ00,dj-chark-1,DJ Chark,False,WR,WR,O,LSU,21.0,2024.0,0,1,4,21.0,,13.0,76.0,0.0,0.0,0.0,0.0,0.0,2.0,20.0,0.0,216.0,3100.0,24.0,6.0,,
2018,2,62,MIN,00-0034158,ONeiBr00,brian-oneill-1,Brian O'Neill,False,T,OL,O,Pittsburgh,22.0,2025.0,0,2,7,56.0,,56.0,124.0,0.0,0.0,0.0,0.0,0.0,0.0,0.0,0.0,0.0,0.0,0.0,1.0,,
2018,2,63,TAM,00-0034778,DaviCa02,carlton-davis-1,Carlton Davis,False,CB,DB,D,Auburn,21.0,2025.0,0,0,6,34.0,,24.0,106.0,0.0,0.0,0.0,0.0,0.0,0.0,0.0,0.0,0.0,0.0,0.0,349.0,11.0,
2018,2,64,IND,00-0034359,LewiTy00,tyquan-lewis-1,Tyquan Lewis,False,DE,DL,D,Ohio St.,23.0,2025.0,0,0,0,13.0,,13.0,88.0,0.0,0.0,0.0,0.0,0.0,0.0,0.0,0.0,0.0,0.0,0.0,86.0,1.0,18.0
2018,3,65,OAK,00-0034763,ParkBr01,,Brandon Parker,False,T,OL,O,North Carolina A&T,22.0,2023.0,0,0,2,15.0,,15.0,59.0,0.0,0.0,0.0,0.0,0.0,0.0,0.0,0.0,0.0,0.0,0.0,2.0,,
2018,3,66,NYG,00-0034360,CartLo01,lorenzo-carter-1,Lorenzo Carter,False,DE,DL,D,Georgia,22.0,2024.0,0,0,4,30.0,,16.0,96.0,0.0,0.0,0.0,0.0,0.0,0.0,0.0,0.0,0.0,0.0,0.0,170.0,2.0,21.5
2018,3,67,CLE,00-0034770,ThomCh06,chad-thomas-1,Chad Thomas,False,DE,DL,D,Miami (FL),22.0,2019.0,0,0,0,5.0,,5.0,20.0,0.0,0.0,0.0,0.0,0.0,0.0,0.0,0.0,0.0,0.0,0.0,17.0,,4.0
2018,3,68,HOU,00-0034361,ReidJu00,justin-reid-1,Justin Reid,False,S,DB,D,Stanford,21.0,2025.0,0,0,7,34.0,,14.0,121.0,0.0,0.0,0.0,0.0,0.0,0.0,0.0,0.0,0.0,0.0,0.0,461.0,11.0,6.5
2018,3,69,NYG,00-0034800,HillB.00,bj-hill-3,B.J. Hill,False,DT,DL,D,North Carolina St.,23.0,2025.0,0,0,5,37.0,,7.0,129.0,0.0,0.0,0.0,0.0,0.0,0.0,0.0,0.0,0.0,0.0,0.0,201.0,2.0,27.5
2018,3,70,SFO,00-0034815,WarnFr00,fred-warner-1,Fred Warner,False,OLB,LB,D,BYU,21.0,2025.0,4,4,7,82.0,,82.0,121.0,0.0,0.0,0.0,0.0,0.0,0.0,0.0,0.0,0.0,0.0,0.0,597.0,10.0,10.0
2018,3,71,DEN,00-0034838,FreeRo00,royce-freeman-1,Royce Freeman,False,RB,RB,O,Oregon,22.0,2023.0,0,0,0,13.0,,9.0,79.0,0.0,0.0,0.0,0.0,0.0,471.0,1792.0,10.0,86.0,532.0,1.0,5.0,,
2018,3,72,NYJ,00-0034760,ShepNa00,,Nathan Shepherd,False,DT,DL,D,Fort Hays St.,24.0,2025.0,0,0,2,25.0,,7.0,122.0,0.0,0.0,0.0,0.0,0.0,0.0,0.0,0.0,0.0,0.0,0.0,118.0,,14.0
2018,3,73,MIA,00-0034797,BakeJe00,jerome-baker-1,Jerome Baker,False,OLB,LB,D,Ohio St.,21.0,2025.0,0,0,6,39.0,,33.0,121.0,0.0,0.0,0.0,0.0,0.0,0.0,0.0,0.0,0.0,0.0,0.0,427.0,5.0,26.0
2018,3,74,WAS,00-0034817,ChriGe01,geron-christian-1,Geron Christian,False,T,OL,O,Louisville,21.0,2024.0,0,0,1,12.0,,5.0,63.0,0.0,0.0,0.0,0.0,0.0,0.0,0.0,0.0,0.0,0.0,0.0,1.0,,
2018,3,75,KAN,00-0034818,NnadDe00,derrick-nnadi-1,Derrick Nnadi,False,DT,DL,D,Florida St.,22.0,2025.0,0,0,5,38.0,,38.0,130.0,0.0,0.0,0.0,0.0,0.0,0.0,0.0,0.0,0.0,0.0,0.0,119.0,1.0,5.0
2018,3,76,PIT,00-0034771,RudoMa00,mason-rudolph-1,Mason Rudolph,False,QB,QB,O,Oklahoma St.,23.0,2025.0,0,0,1,10.0,,7.0,34.0,475.0,738.0,4925.0,30.0,22.0,75.0,209.0,1.0,0.0,0.0,0.0,,,
2018,3,77,CIN,00-0034834,HubbSa00,sam-hubbard-1,Sam Hubbard,False,DE,DL,D,Ohio St.,23.0,2024.0,0,0,6,40.0,,40.0,104.0,0.0,0.0,0.0,0.0,0.0,0.0,0.0,0.0,1.0,2.0,1.0,236.0,1.0,38.5
2018,3,78,CIN,00-0034835,JeffMa00,malik-jefferson-1,Malik Jefferson,False,OLB,LB,D,Texas,21.0,2023.0,0,0,0,3.0,,1.0,38.0,0.0,0.0,0.0,0.0,0.0,0.0,0.0,0.0,0.0,0.0,0.0,11.0,,
2018,3,79,SEA,00-0034831,GreeRa01,rasheem-green-1,Rasheem Green,False,DT,DL,D,USC,21.0,2023.0,0,0,2,17.0,,13.0,86.0,0.0,0.0,0.0,0.0,0.0,0.0,0.0,0.0,0.0,0.0,0.0,91.0,,19.0
2018,3,80,HOU,00-0034824,RankMa00,martinas-rankin-1,Martinas Rankin,False,T,OL,O,Mississippi St.,23.0,2020.0,0,0,0,7.0,,3.0,23.0,0.0,0.0,0.0,0.0,0.0,0.0,0.0,0.0,0.0,0.0,0.0,,,
2018,3,81,DAL,00-0034764,GallMi00,michael-gallup-1,Michael Gallup,False,WR,WR,O,Colorado St.,22.0,2023.0,0,0,5,30.0,,30.0,86.0,0.0,0.0,0.0,0.0,0.0,0.0,0.0,0.0,266.0,3744.0,21.0,1.0,,
2018,3,82,DET,00-0034745,WalkTr01,tracy-walker-1,Tracy Walker,False,S,DB,D,Louisiana,23.0,2023.0,0,0,2,13.0,,13.0,79.0,0.0,0.0,0.0,0.0,0.0,0.0,0.0,0.0,0.0,0.0,0.0,291.0,3.0,4.0
2018,3,83,BAL,00-0034752,BrowOr00,orlando-brown-2,Orlando Brown Jr.,False,T,OL,O,Oklahoma,22.0,2025.0,0,4,7,69.0,,27.0,126.0,0.0,0.0,0.0,0.0,0.0,0.0,0.0,0.0,0.0,0.0,0.0,,,
2018,3,84,LAC,00-0034677,JoneJu03,justin-jones-4,Justin Jones,False,DT,DL,D,North Carolina St.,22.0,2024.0,0,0,5,30.0,,14.0,88.0,0.0,0.0,0.0,0.0,0.0,0.0,0.0,0.0,0.0,0.0,0.0,123.0,,12.0
2018,3,85,CAR,00-0034362,GaulRa00,rashaan-gaulden-1,Rashaan Gaulden,False,CB,DB,D,Tennessee,23.0,2020.0,0,0,0,1.0,,1.0,27.0,0.0,0.0,0.0,0.0,0.0,0.0,0.0,0.0,0.0,0.0,0.0,14.0,,
2018,3,86,BAL,00-0034753,AndrMa00,mark-andrews-1,Mark Andrews,False,TE,TE,O,Oklahoma,23.0,2025.0,1,3,3,51.0,,51.0,121.0,0.0,0.0,0.0,0.0,0.0,19.0,61.0,1.0,484.0,5952.0,56.0,5.0,,
2018,3,87,OAK,00-0034825,KeyxAr00,arden-key-1,Arden Key,False,DE,DL,D,LSU,22.0,2025.0,0,0,3,24.0,,5.0,116.0,0.0,0.0,0.0,0.0,0.0,0.0,0.0,0.0,0.0,0.0,0.0,111.0,,30.5
2018,3,88,GNB,00-0034754,BurkOr00,oren-burks-1,Oren Burks,False,ILB,LB,D,Vanderbilt,23.0,2025.0,0,0,0,16.0,,6.0,125.0,0.0,0.0,0.0,0.0,0.0,0.0,0.0,0.0,0.0,0.0,0.0,144.0,1.0,2.0
2018,3,89,LAR,00-0034803,NoteJo00,joseph-noteboom-1,Joseph Noteboom,False,T,OL,O,TCU,23.0,2025.0,0,0,0,18.0,,18.0,81.0,0.0,0.0,0.0,0.0,0.0,0.0,0.0,0.0,0.0,0.0,0.0,,,
2018,3,90,ATL,00-0034363,SenaDe00,deadrin-senat-1,Deadrin Senat,False,DT,DL,D,South Florida,24.0,2023.0,0,0,0,4.0,,3.0,37.0,0.0,0.0,0.0,0.0,0.0,0.0,0.0,0.0,0.0,0.0,0.0,28.0,,1.0
2018,3,91,NOR,00-0034765,SmitTr03,trequan-smith-1,Tre'Quan Smith,False,WR,WR,O,Central Florida,22.0,2023.0,0,0,3,15.0,,15.0,67.0,0.0,0.0,0.0,0.0,0.0,1.0,3.0,0.0,131.0,1764.0,18.0,5.0,,
2018,3,92,PIT,00-0034768,OkorCh00,chukwuma-okorafor-1,Chukwuma Okorafor,False,T,OL,O,Western Michigan,21.0,2025.0,0,0,3,26.0,,25.0,92.0,0.0,0.0,0.0,0.0,0.0,0.0,0.0,0.0,0.0,0.0,0.0,,,
2018,3,93,JAX,00-0034779,HarrRo02,ronnie-harrison-1,Ronnie Harrison,False,S,DB,D,Alabama,21.0,2025.0,0,0,3,21.0,,10.0,94.0,0.0,0.0,0.0,0.0,0.0,0.0,0.0,0.0,0.0,0.0,0.0,181.0,7.0,8.5
2018,3,94,TAM,00-0034678,CappAl00,,Alex Cappa,False,T,OL,O,Humboldt St.,23.0,2025.0,0,0,6,44.0,,21.0,119.0,0.0,0.0,0.0,0.0,0.0,0.0,0.0,0.0,0.0,0.0,0.0,,,
2018,3,95,SFO,00-0034263,MoorTa00,tarvarius-moore-1,Tarvarius Moore,False,S,DB,D,Southern Miss,22.0,2024.0,0,0,1,8.0,,8.0,72.0,0.0,0.0,0.0,0.0,0.0,0.0,0.0,0.0,0.0,0.0,0.0,87.0,,
2018,3,96,BUF,00-0034782,PhilHa00,harrison-phillips-1,Harrison Phillips,False,DT,DL,D,Stanford,22.0,2025.0,0,0,3,35.0,,8.0,113.0,0.0,0.0,0.0,0.0,0.0,0.0,0.0,0.0,0.0,0.0,0.0,170.0,,8.5
2018,3,97,ARI,00-0034785,ColeMa02,mason-cole-1,Mason Cole,False,C,OL,O,Michigan,22.0,2023.0,0,0,4,25.0,,11.0,94.0,0.0,0.0,0.0,0.0,0.0,0.0,0.0,0.0,0.0,0.0,0.0,,,
2018,3,98,HOU,00-0034364,AkinJo00,jordan-akins-1,Jordan Akins,False,TE,TE,O,Central Florida,26.0,2024.0,0,0,1,16.0,,14.0,107.0,0.0,0.0,0.0,0.0,0.0,2.0,7.0,0.0,206.0,2277.0,10.0,1.0,,
2018,3,99,DEN,00-0034780,YiadIs00,isaac-yiadom-1,Isaac Yiadom,False,CB,DB,D,Boston Col.,22.0,2025.0,0,0,2,16.0,,5.0,118.0,0.0,0.0,0.0,0.0,0.0,0.0,0.0,0.0,0.0,0.0,0.0,170.0,3.0,0.5
2018,3,100,KAN,00-0034781,ODanDo00,dorian-odaniel-1,Dorian O'Daniel,False,OLB,LB,D,Clemson,24.0,2021.0,0,0,0,5.0,,5.0,58.0,0.0,0.0,0.0,0.0,0.0,0.0,0.0,0.0,0.0,0.0,0.0,37.0,,1.0
2018,4,101,CAR,00-0034365,ThomIa00,ian-thomas-3,Ian Thomas,False,TE,TE,O,Indiana,22.0,2025.0,0,0,2,8.0,,7.0,114.0,0.0,0.0,0.0,0.0,0.0,0.0,0.0,0.0,132.0,1176.0,4.0,3.0,,
2018,4,102,MIN,00-0034264,HolmJa01,jalyn-holmes-1,Jalyn Holmes,False,DE,DL,D,Ohio St.,22.0,2025.0,0,0,0,8.0,,5.0,65.0,0.0,0.0,0.0,0.0,0.0,0.0,0.0,0.0,0.0,0.0,0.0,48.0,,4.0
2018,4,103,HOU,00-0034366,CoutKe00,keke-coutee-1,Keke Coutee,False,WR,WR,O,Texas Tech,21.0,2022.0,0,0,0,7.0,,7.0,33.0,0.0,0.0,0.0,0.0,0.0,5.0,14.0,1.0,85.0,966.0,4.0,,,
2018,4,104,IND,00-0034367,HineNy00,nyheim-hines-1,Nyheim Hines,False,RB,RB,O,North Carolina St.,21.0,2025.0,0,0,0,25.0,,22.0,85.0,0.0,0.0,0.0,0.0,0.0,308.0,1200.0,10.0,240.0,1778.0,8.0,3.0,,
2018,4,105,CLE,00-0034772,CallAn00,antonio-callaway-1,Antonio Callaway,False,WR,WR,O,Florida,21.0,2020.0,0,0,1,5.0,,5.0,25.0,0.0,0.0,0.0,0.0,0.0,2.0,7.0,0.0,53.0,695.0,5.0,,,
2018,4,106,DEN,00-0034368,JeweJo00,josey-jewell-1,Josey Jewell,False,ILB,LB,D,Iowa,23.0,2024.0,0,0,5,32.0,,28.0,90.0,0.0,0.0,0.0,0.0,0.0,0.0,0.0,0.0,0.0,0.0,0.0,314.0,3.0,12.5
2018,4,107,NYJ,00-0034766,HernCh00,christopher-herndon-iv-1,Chris Herndon,False,TE,TE,O,Miami (FL),22.0,2021.0,0,0,2,6.0,,6.0,49.0,0.0,0.0,0.0,0.0,0.0,0.0,0.0,0.0,75.0,836.0,8.0,,,
2018,4,108,NYG,00-0034369,LaulKy00,,Kyle Lauletta,False,QB,QB,O,Richmond,23.0,2018.0,0,0,0,0.0,,0.0,2.0,0.0,5.0,0.0,0.0,1.0,1.0,-2.0,0.0,0.0,0.0,0.0,,,
2018,4,109,WAS,00-0034334,ApkeTr00,tony-apke-1,Troy Apke,False,S,DB,D,Penn St.,23.0,2022.0,0,0,1,6.0,,6.0,52.0,0.0,0.0,0.0,0.0,0.0,0.0,0.0,0.0,0.0,0.0,0.0,49.0,1.0,
2018,4,110,OAK,00-0034767,NelsNi00,nick-nelson-2,Nick Nelson,False,CB,DB,D,Wisconsin,21.0,2019.0,0,0,0,1.0,,1.0,12.0,0.0,0.0,0.0,0.0,0.0,0.0,0.0,0.0,0.0,0.0,0.0,10.0,,
2018,4,111,LAR,00-0034804,AlleBr02,brian-allen-8,Brian Allen,False,C,OL,O,Michigan St.,22.0,2023.0,0,0,2,16.0,,16.0,50.0,0.0,0.0,0.0,0.0,0.0,0.0,0.0,0.0,0.0,0.0,0.0,,,
2018,4,112,CIN,00-0034679,WaltMa00,mark-walton-1,Mark Walton,False,RB,RB,O,Miami (FL),21.0,2019.0,0,0,0,3.0,,1.0,21.0,0.0,0.0,0.0,0.0,0.0,67.0,235.0,0.0,20.0,130.0,0.0,4.0,,
2018,4,113,DEN,00-0034370,HamiDa01,daesean-hamilton-1,DaeSean Hamilton,False,WR,WR,O,Penn St.,23.0,2020.0,0,0,0,6.0,,6.0,46.0,0.0,0.0,0.0,0.0,0.0,0.0,0.0,0.0,81.0,833.0,5.0,,,
2018,4,114,DET,00-0034371,HandDa00,dashawn-hand-1,Da'Shawn Hand,False,DE,DL,D,Alabama,22.0,2025.0,0,0,1,16.0,,6.0,77.0,0.0,0.0,0.0,0.0,0.0,0.0,0.0,0.0,0.0,0.0,0.0,83.0,1.0,6.5
2018,4,115,CHI,00-0034372,IyieJo00,joel-iyiegbuniwe-1,Joel Iyiegbuniwe,False,LB,LB,D,Western Kentucky,22.0,2022.0,0,0,0,5.0,,4.0,65.0,0.0,0.0,0.0,0.0,0.0,0.0,0.0,0.0,0.0,0.0,0.0,26.0,,
2018,4,116,DAL,00-0034373,ArmsDo00,dorance-armstrong-jr-1,Dorance Armstrong Jr.,False,DE,DL,D,Kansas,21.0,2025.0,0,0,1,22.0,,15.0,116.0,0.0,0.0,0.0,0.0,0.0,0.0,0.0,0.0,0.0,0.0,0.0,137.0,,34.0
2018,4,117,TAM,00-0034374,WhitJo03,jordan-whitehead-1,Jordan Whitehead,False,S,DB,D,Pittsburgh,21.0,2024.0,0,0,7,32.0,,21.0,105.0,0.0,0.0,0.0,0.0,0.0,0.0,0.0,0.0,0.0,0.0,0.0,394.0,11.0,2.5
2018,4,118,BAL,00-0034265,AverAn00,anthony-averett-1,Anthony Averett,False,CB,DB,D,Alabama,23.0,2022.0,0,0,1,11.0,,10.0,51.0,0.0,0.0,0.0,0.0,0.0,0.0,0.0,0.0,0.0,0.0,0.0,99.0,3.0,
2018,4,119,LAC,00-0034375,WhitKy00,kyzir-white-1,Kyzir White,False,S,DB,D,West Virginia,22.0,2025.0,0,0,4,31.0,,17.0,93.0,0.0,0.0,0.0,0.0,0.0,0.0,0.0,0.0,0.0,0.0,0.0,358.0,6.0,7.5
2018,4,120,SEA,00-0034159,DissWi00,will-dissly-1,Will Dissly,False,TE,TE,O,Washington,22.0,2025.0,0,0,5,16.0,,10.0,96.0,0.0,0.0,0.0,0.0,0.0,1.0,7.0,0.0,188.0,1999.0,15.0,7.0,,
2018,4,121,BUF,00-0034376,JohnTa01,,Taron Johnson,False,CB,DB,D,Weber St.,22.0,2025.0,0,0,6,36.0,,36.0,113.0,0.0,0.0,0.0,0.0,0.0,0.0,0.0,0.0,0.0,0.0,0.0,411.0,6.0,8.0
2018,4,122,BAL,00-0034266,YounKe03,kenny-young-1,Kenny Young,False,LB,LB,D,UCLA,23.0,2022.0,0,0,1,18.0,,5.0,63.0,0.0,0.0,0.0,0.0,0.0,0.0,0.0,0.0,0.0,0.0,0.0,127.0,1.0,5.5
2018,4,123,MIA,00-0034798,SmytDu00,durham-smythe-1,Durham Smythe,False,TE,TE,O,Notre Dame,23.0,2025.0,0,0,5,10.0,,10.0,129.0,0.0,0.0,0.0,0.0,0.0,4.0,4.0,1.0,136.0,1253.0,3.0,13.0,,
2018,4,124,KAN,00-0034680,WattAr00,armani-watts-1,Armani Watts,False,S,DB,D,Texas A&M,22.0,2021.0,0,0,0,3.0,,3.0,53.0,0.0,0.0,0.0,0.0,0.0,0.0,0.0,0.0,0.0,0.0,0.0,42.0,,2.0
2018,4,125,PHI,00-0034377,MaddAv00,avonte-maddox-1,Avonte Maddox,False,CB,DB,D,Pittsburgh,22.0,2025.0,0,0,1,17.0,,16.0,95.0,0.0,0.0,0.0,0.0,0.0,0.0,0.0,0.0,0.0,0.0,0.0,223.0,5.0,3.0
2018,4,126,ATL,00-0034378,SmitIt00,ito-smith-1,Ito Smith,False,RB,RB,O,Southern Miss,22.0,2021.0,0,0,0,6.0,,6.0,36.0,0.0,0.0,0.0,0.0,0.0,176.0,693.0,7.0,55.0,314.0,0.0,,,
2018,4,127,NOR,00-0034379,LeonRi00,rick-leonard-1,Rick Leonard,False,T,OL,O,Florida St.,21.0,2021.0,0,0,0,0.0,,,2.0,0.0,0.0,0.0,0.0,0.0,0.0,0.0,0.0,0.0,0.0,0.0,,,
2018,4,128,SFO,00-0034320,StreKe00,kentavius-street-1,Kentavius Street,False,DT,DL,D,North Carolina St.,22.0,2025.0,0,0,0,11.0,,4.0,85.0,0.0,0.0,0.0,0.0,0.0,0.0,0.0,0.0,0.0,0.0,0.0,68.0,,10.5
2018,4,129,JAX,00-0034380,RichWi01,will-richardson-1,Will Richardson,False,T,OL,O,North Carolina St.,22.0,2021.0,0,0,0,4.0,,4.0,44.0,0.0,0.0,0.0,0.0,0.0,0.0,0.0,0.0,0.0,0.0,0.0,,,
2018,4,130,PHI,00-0034381,SweaJo00,josh-sweat-1,Josh Sweat,False,DE,DL,D,Florida St.,21.0,2025.0,0,1,4,37.0,,32.0,121.0,0.0,0.0,0.0,0.0,0.0,0.0,0.0,0.0,0.0,0.0,0.0,168.0,1.0,55.0
2018,4,131,MIA,00-0034799,BallKa00,kalen-ballage-1,Kalen Ballage,False,RB,RB,O,Arizona St.,22.0,2021.0,0,0,1,6.0,,3.0,52.0,0.0,0.0,0.0,0.0,0.0,213.0,665.0,7.0,54.0,293.0,0.0,4.0,,
2018,4,132,BAL,00-0034267,ScotJa02,jaleel-scott-1,Jaleel Scott,False,WR,WR,O,New Mexico St.,23.0,2020.0,0,0,0,0.0,,0.0,4.0,0.0,0.0,0.0,0.0,0.0,0.0,0.0,0.0,2.0,22.0,0.0,,,
2018,4,133,GNB,00-0034268,MoorJM00,jmon-moore-2,J'Mon Moore,False,WR,WR,O,Missouri,23.0,2018.0,0,0,0,0.0,,0.0,12.0,0.0,0.0,0.0,0.0,0.0,0.0,0.0,0.0,2.0,15.0,0.0,2.0,,
2018,4,134,ARI,00-0034681,EdmoCh00,,Chase Edmonds,False,RB,RB,O,Fordham,22.0,2025.0,0,0,1,21.0,,17.0,86.0,0.0,0.0,0.0,0.0,0.0,450.0,1972.0,11.0,158.0,1159.0,6.0,16.0,,
2018,4,135,LAR,00-0034805,FranJo02,,John Franklin-Myers,False,DE,DL,D,S.F. Austin,21.0,2025.0,0,0,4,38.0,,1.0,114.0,0.0,0.0,0.0,0.0,0.0,0.0,0.0,0.0,0.0,0.0,0.0,92.0,1.0,34.0
2018,4,136,CAR,00-0034382,HaynMa01,marquis-haynes-1,Marquis Haynes,False,OLB,LB,D,Mississippi,24.0,2024.0,0,0,0,7.0,,7.0,73.0,0.0,0.0,0.0,0.0,0.0,0.0,0.0,0.0,0.0,0.0,0.0,67.0,,14.0
2018,4,137,DAL,00-0034383,SchuDa00,dalton-schultz-1,Dalton Schultz,False,TE,TE,O,Stanford,22.0,2025.0,0,0,4,30.0,,18.0,124.0,0.0,0.0,0.0,0.0,0.0,0.0,0.0,0.0,405.0,4066.0,27.0,3.0,,
2018,5,138,GNB,00-0034269,MadiCo01,cole-madison-1,Cole Madison,False,G,OL,O,Washington St.,23.0,,0,0,0,,,,,,,,,,,,,,,,,,
2018,5,139,NYG,00-0034848,McInR.00,rj-mcintosh-1,R.J. McIntosh,False,DT,DL,D,Miami (FL),22.0,2019.0,0,0,0,1.0,,1.0,18.0,0.0,0.0,0.0,0.0,0.0,0.0,0.0,0.0,0.0,0.0,0.0,10.0,,2.0
2018,5,140,OAK,00-0034746,HursMa00,maurice-hurst-jr-1,Maurice Hurst Jr.,False,DT,DL,D,Michigan,23.0,2025.0,0,0,1,11.0,,9.0,65.0,0.0,0.0,0.0,0.0,0.0,0.0,0.0,0.0,0.0,0.0,0.0,74.0,2.0,10.0
2018,5,141,SEA,00-0034755,GrifSh01,shaquem-griffin-1,Shaquem Griffin,False,OLB,LB,D,Central Florida,23.0,2020.0,0,0,0,4.0,,4.0,46.0,0.0,0.0,0.0,0.0,0.0,0.0,0.0,0.0,0.0,0.0,0.0,17.0,,1.0
2018,5,142,SFO,00-0034384,ReedD.00,dj-reed-2,D.J. Reed,False,CB,DB,D,Kansas St.,21.0,2025.0,0,0,5,27.0,,1.0,112.0,0.0,0.0,0.0,0.0,0.0,0.0,0.0,0.0,0.0,0.0,0.0,363.0,8.0,2.0
2018,5,143,NWE,00-0034385,BentJa00,jawhan-bentley-1,Ja'Whaun Bentley,False,ILB,LB,D,Purdue,22.0,2024.0,0,0,4,36.0,,36.0,83.0,0.0,0.0,0.0,0.0,0.0,0.0,0.0,0.0,0.0,0.0,0.0,280.0,2.0,10.5
2018,5,144,TAM,00-0034386,WatsJu01,,Justin Watson,False,WR,WR,O,Pennsylvania,22.0,2025.0,0,0,0,11.0,,2.0,93.0,0.0,0.0,0.0,0.0,0.0,0.0,0.0,0.0,90.0,1352.0,9.0,17.0,,1.0
2018,5,145,CHI,00-0034387,NichBi00,,Bilal Nichols,False,DT,DL,D,Delaware,21.0,2025.0,0,0,5,37.0,,22.0,104.0,0.0,0.0,0.0,0.0,0.0,0.0,0.0,0.0,0.0,0.0,0.0,124.0,1.0,14.0
2018,5,146,SEA,00-0034756,FlowTr01,tre-flowers-1,Tre Flowers,False,S,DB,D,Oklahoma St.,23.0,2025.0,0,0,2,19.0,,15.0,98.0,0.0,0.0,0.0,0.0,0.0,0.0,0.0,0.0,0.0,0.0,0.0,224.0,4.0,2.0
2018,5,147,LAR,00-0034806,KiseMi00,micah-kiser-1,Micah Kiser,False,ILB,LB,D,Virginia,23.0,2021.0,0,0,0,8.0,,6.0,36.0,0.0,0.0,0.0,0.0,0.0,0.0,0.0,0.0,0.0,0.0,0.0,55.0,,
2018,5,148,PIT,00-0034335,AlleMa03,marcus-allen-5,Marcus Allen,False,S,DB,D,Penn St.,22.0,2022.0,0,0,0,6.0,,6.0,48.0,0.0,0.0,0.0,0.0,0.0,1.0,4.0,0.0,0.0,0.0,0.0,34.0,,
2018,5,149,SEA,00-0034160,DickMi00,michael-dickson-1,Michael Dickson,False,P,P,S,Texas,22.0,2025.0,1,1,2,20.0,,20.0,133.0,0.0,0.0,0.0,0.0,0.0,3.0,-9.0,0.0,0.0,0.0,0.0,2.0,,
2018,5,150,CLE,00-0034682,AverGe00,genard-avery-1,Genard Avery,False,LB,LB,D,Memphis,23.0,2024.0,0,0,2,11.0,,4.0,63.0,0.0,0.0,0.0,0.0,0.0,0.0,0.0,0.0,0.0,0.0,0.0,65.0,,8.5
2018,5,151,CIN,00-0034388,HarrDa05,,Davontae Harris,False,CB,DB,D,Illinois St.,23.0,2022.0,0,0,0,5.0,,0.0,42.0,0.0,0.0,0.0,0.0,0.0,0.0,0.0,0.0,0.0,0.0,0.0,53.0,,
2018,5,152,TEN,00-0034389,CruiDa00,dane-cruikshank-1,Dane Cruikshank,False,CB,DB,D,Arizona,23.0,2024.0,0,0,0,4.0,,4.0,56.0,0.0,0.0,0.0,0.0,0.0,0.0,0.0,0.0,1.0,66.0,1.0,46.0,1.0,
2018,5,153,DET,00-0034390,CrosTy00,tyrell-crosby-1,Tyrell Crosby,False,T,OL,O,Oregon,23.0,2020.0,0,0,1,11.0,,11.0,38.0,0.0,0.0,0.0,0.0,0.0,0.0,0.0,0.0,0.0,0.0,0.0,,,
2018,5,154,BUF,00-0034391,NealSi00,,Siran Neal,False,CB,DB,D,Jacksonville St.,24.0,2025.0,0,0,0,7.0,,5.0,131.0,0.0,0.0,0.0,0.0,0.0,0.0,0.0,0.0,1.0,13.0,0.0,100.0,,1.0
2018,5,155,LAC,00-0034392,QuesSc00,scott-quessenberry-1,Scott Quessenberry,False,C,OL,O,UCLA,23.0,2022.0,0,0,2,13.0,,8.0,79.0,0.0,0.0,0.0,0.0,0.0,0.0,0.0,0.0,0.0,0.0,0.0,,,
2018,5,156,DEN,00-0034393,FumaTr00,troy-fumagalli-2,Troy Fumagalli,False,TE,TE,O,Wisconsin,23.0,2020.0,0,0,0,1.0,,1.0,19.0,0.0,0.0,0.0,0.0,0.0,0.0,0.0,0.0,14.0,118.0,2.0,1.0,,
2018,5,157,MIN,00-0034270,ConkTy00,tyler-conklin-1,Tyler Conklin,False,TE,TE,O,Central Michigan,23.0,2025.0,0,0,4,20.0,,8.0,127.0,0.0,0.0,0.0,0.0,0.0,5.0,5.0,0.0,270.0,2645.0,11.0,3.0,,
2018,5,158,CIN,00-0034394,BrowAn05,andrew-brown-2,Andrew Brown,False,DE,DL,D,Virginia,22.0,2022.0,0,0,0,2.0,,2.0,28.0,0.0,0.0,0.0,0.0,0.0,0.0,0.0,0.0,0.0,0.0,0.0,13.0,,1.0
2018,5,159,IND,00-0034395,FounDa00,,Daurice Fountain,False,WR,WR,O,Northern Iowa,22.0,2021.0,0,0,0,0.0,,0.0,8.0,0.0,0.0,0.0,0.0,0.0,0.0,0.0,0.0,2.0,23.0,0.0,1.0,,
2018,5,160,LAR,00-0034807,OkorOg00,ogbonnia-okoronkwo-1,Ogbonnia Okoronkwo,False,DE,DL,D,Oklahoma,23.0,2025.0,0,0,0,12.0,,2.0,81.0,0.0,0.0,0.0,0.0,0.0,0.0,0.0,0.0,0.0,0.0,0.0,89.0,,17.0
2018,5,161,CAR,00-0034396,CartJe00,jermaine-carter-jr-1,Jermaine Carter Jr.,False,LB,LB,D,Maryland,23.0,2022.0,0,0,2,15.0,,14.0,72.0,0.0,0.0,0.0,0.0,0.0,0.0,0.0,0.0,0.0,0.0,0.0,96.0,,0.5
2018,5,162,BAL,00-0034271,LaslJo00,jordan-lasley-1,Jordan Lasley,False,WR,WR,O,UCLA,21.0,,0,0,0,,,,,,,,,,,,,,,,,,
2018,5,163,WAS,00-0034397,SettTi00,tim-settle-1,Tim Settle,False,DT,DL,D,Virginia Tech,21.0,2025.0,0,0,0,20.0,,4.0,124.0,0.0,0.0,0.0,0.0,0.0,0.0,0.0,0.0,0.0,0.0,0.0,84.0,,15.0
2018,5,164,NOR,00-0034398,JameNa00,natrell-jamerson-1,Natrell Jamerson,False,S,DB,D,Wisconsin,22.0,2020.0,0,0,0,1.0,,,21.0,0.0,0.0,0.0,0.0,0.0,0.0,0.0,0.0,0.0,0.0,0.0,11.0,,
2018,5,165,PIT,00-0034331,SamuJa00,jaylen-samuels-1,Jaylen Samuels,False,TE,TE,O,North Carolina St.,22.0,2021.0,0,0,0,7.0,,7.0,45.0,4.0,5.0,35.0,0.0,1.0,136.0,468.0,1.0,85.0,564.0,4.0,1.0,,
2018,5,166,BUF,00-0034399,TellWy00,wyatt-teller-1,Wyatt Teller,False,G,OL,O,Virginia Tech,23.0,2025.0,0,3,6,39.0,,1.0,109.0,0.0,0.0,0.0,0.0,0.0,0.0,0.0,0.0,1.0,-5.0,0.0,1.0,,
2018,5,167,MIN,00-0034161,CarlDa00,daniel-carlson-1,Daniel Carlson,False,K,K,S,Auburn,23.0,2025.0,1,0,2,23.0,,-1.0,129.0,0.0,0.0,0.0,0.0,0.0,0.0,0.0,0.0,0.0,0.0,0.0,4.0,,
2018,5,168,SEA,00-0034729,JoneJa08,jamarco-jones-1,Jamarco Jones,False,T,OL,O,Ohio St.,22.0,2024.0,0,0,0,7.0,,7.0,38.0,0.0,0.0,0.0,0.0,0.0,0.0,0.0,0.0,0.0,0.0,0.0,,,
2018,5,169,IND,00-0034400,WilkJo01,jordan-wilkins-1,Jordan Wilkins,False,RB,RB,O,Mississippi,24.0,2022.0,0,0,0,8.0,,8.0,54.0,0.0,0.0,0.0,0.0,0.0,208.0,1009.0,4.0,41.0,262.0,0.0,4.0,,
2018,5,170,CIN,00-0034683,PhilDa02,darius-phillips-1,Darius Phillips,False,CB,DB,D,Western Michigan,23.0,2022.0,0,0,1,7.0,,7.0,56.0,0.0,0.0,0.0,0.0,0.0,0.0,0.0,0.0,0.0,0.0,0.0,60.0,5.0,
2018,5,171,DAL,00-0034401,WhitMi01,mike-white-6,Mike White,False,QB,QB,O,Western Kentucky,23.0,2024.0,0,0,0,5.0,,,15.0,199.0,324.0,2247.0,9.0,13.0,19.0,-1.0,1.0,0.0,0.0,0.0,,,
2018,5,172,GNB,00-0034162,ScotJK00,jk-scott-3,JK Scott,False,P,P,S,Alabama,22.0,2025.0,0,0,2,13.0,,5.0,117.0,1.0,2.0,3.0,0.0,0.0,1.0,0.0,0.0,0.0,0.0,0.0,2.0,,
2018,5,173,OAK,00-0034684,TownJo01,johnny-townsend-1,Johnny Townsend,False,P,P,S,Florida,23.0,2021.0,0,0,0,2.0,,2.0,21.0,0.0,0.0,0.0,0.0,0.0,1.0,42.0,0.0,0.0,0.0,0.0,1.0,,
2018,5,174,GNB,00-0034272,ValdMa00,marquez-valdes-scantling-1,Marquez Valdes-Scantling,False,WR,WR,O,South Florida,23.0,2025.0,0,0,5,29.0,,18.0,116.0,0.0,0.0,0.0,0.0,0.0,10.0,52.0,0.0,219.0,3686.0,21.0,4.0,,
2018,6,175,CLE,00-0034273,RatlDa00,damion-ratley-1,Damion Ratley,False,WR,WR,O,Texas A&M,23.0,2020.0,0,0,0,4.0,,3.0,31.0,0.0,0.0,0.0,0.0,0.0,0.0,0.0,0.0,29.0,407.0,1.0,1.0,,
2018,6,176,LAR,00-0034808,KellJo00,john-kelly-6,John Kelly,False,RB,RB,O,Tennessee,21.0,2024.0,0,0,0,1.0,,1.0,15.0,0.0,0.0,0.0,0.0,0.0,32.0,96.0,0.0,2.0,27.0,0.0,,,
2018,6,177,HOU,00-0034402,EjioDu00,duke-ejiofor-1,Duke Ejiofor,False,DE,DL,D,Wake Forest,23.0,2018.0,0,0,0,1.0,,1.0,12.0,0.0,0.0,0.0,0.0,0.0,0.0,0.0,0.0,0.0,0.0,0.0,6.0,,1.0
2018,6,178,NWE,00-0034403,SamxCh00,christian-sam-1,Christian Sam,False,ILB,LB,D,Arizona St.,22.0,,0,0,0,,,,,,,,,,,,,,,,,,
2018,6,179,NYJ,00-0034274,NickPa00,parry-nickerson-1,Parry Nickerson,False,CB,DB,D,Tulane,23.0,2025.0,0,0,0,2.0,,1.0,35.0,0.0,0.0,0.0,0.0,0.0,0.0,0.0,0.0,0.0,0.0,0.0,30.0,,
2018,6,180,NYJ,00-0034275,FatuFo00,folorunso-fatukasi-1,Folorunso Fatukasi,False,DT,DL,D,Connecticut,23.0,2025.0,0,0,4,27.0,,11.0,90.0,0.0,0.0,0.0,0.0,0.0,0.0,0.0,0.0,0.0,0.0,0.0,111.0,,7.0
2018,6,181,CHI,00-0034404,FittKy00,kylie-fitts-1,Kylie Fitts,False,DE,DL,D,Utah,23.0,2021.0,0,0,0,1.0,,0.0,28.0,0.0,0.0,0.0,0.0,0.0,0.0,0.0,0.0,0.0,0.0,0.0,9.0,,
2018,6,182,ARI,00-0034685,CampCh01,christian-campbell-1,Christian Campbell,False,CB,DB,D,Penn St.,22.0,,0,0,0,,,,,,,,,,,,,,,,,,
2018,6,183,DEN,00-0034405,JoneSa00,sam-jones-1,Sam Jones,False,G,OL,O,Arizona St.,22.0,2018.0,0,0,0,0.0,,0.0,5.0,0.0,0.0,0.0,0.0,0.0,0.0,0.0,0.0,0.0,0.0,0.0,,,
2018,6,184,SFO,00-0034730,HarrMa03,marcell-harris-1,Marcell Harris,False,S,DB,D,Florida,24.0,2022.0,0,0,0,14.0,,13.0,63.0,0.0,0.0,0.0,0.0,0.0,0.0,0.0,0.0,0.0,0.0,0.0,105.0,1.0,1.0
2018,6,185,IND,00-0034406,CainDe00,deon-cain-1,Deon Cain,False,WR,WR,O,Clemson,22.0,2020.0,0,0,0,1.0,,0.0,15.0,0.0,0.0,0.0,0.0,0.0,0.0,0.0,0.0,9.0,124.0,0.0,,,
2018,6,186,SEA,00-0034163,MartJa02,jacob-martin-1,Jacob Martin,False,LB,LB,D,Temple,22.0,2025.0,0,0,1,17.0,,2.0,119.0,0.0,0.0,0.0,0.0,0.0,0.0,0.0,0.0,0.0,0.0,0.0,76.0,,26.5
2018,6,187,BUF,00-0034407,McClRa00,ray-ray-mccloud-1,Ray-Ray McCloud,False,WR,WR,O,Clemson,21.0,2025.0,0,0,1,14.0,,0.0,100.0,0.0,0.0,0.0,0.0,0.0,25.0,271.0,1.0,159.0,1523.0,2.0,3.0,,
2018,6,188,CLE,00-0034276,ThomSi00,simeon-thomas-1,Simeon Thomas,False,CB,DB,D,Louisiana,24.0,2019.0,0,0,0,1.0,,,12.0,0.0,0.0,0.0,0.0,0.0,0.0,0.0,0.0,0.0,0.0,0.0,5.0,,
2018,6,189,NOR,00-0034408,MoorKa01,kamrin-moore-1,Kamrin Moore,False,CB,DB,D,Boston Col.,21.0,2018.0,0,0,0,0.0,,,2.0,0.0,0.0,0.0,0.0,0.0,0.0,0.0,0.0,0.0,0.0,0.0,,,
2018,6,190,BAL,00-0034277,ElliDe02,deshon-elliott-1,DeShon Elliott,False,S,DB,D,Texas,21.0,2025.0,0,0,4,25.0,,9.0,77.0,0.0,0.0,0.0,0.0,0.0,0.0,0.0,0.0,0.0,0.0,0.0,294.0,5.0,4.5
2018,6,191,LAC,00-0034409,CantDy00,dylan-cantrell-1,Dylan Cantrell,False,WR,WR,O,Texas Tech,24.0,,0,0,0,,,,,,,,,,,,,,,,,,
2018,6,192,LAR,00-0034809,DembJa00,,Jamil Demby,False,T,OL,O,Maine,22.0,2019.0,0,0,0,1.0,,1.0,6.0,0.0,0.0,0.0,0.0,0.0,0.0,0.0,0.0,0.0,0.0,0.0,,,
2018,6,193,DAL,00-0034410,CoviCh01,chris-covington-1,Chris Covington,False,LB,LB,D,Indiana,22.0,2019.0,0,0,0,0.0,,0.0,8.0,0.0,0.0,0.0,0.0,0.0,0.0,0.0,0.0,0.0,0.0,0.0,3.0,,
2018,6,194,ATL,00-0034411,GageRu00,russell-gage-1,Russell Gage,False,WR,WR,O,LSU,22.0,2025.0,0,0,0,20.0,,17.0,75.0,1.0,2.0,39.0,1.0,0.0,6.0,21.0,0.0,244.0,2491.0,14.0,10.0,,
2018,6,195,LAR,00-0034810,JoseSe00,sebastian-joseph-1,Sebastian Joseph-Day,False,DT,DL,D,Rutgers,23.0,2025.0,0,0,4,38.0,,17.0,105.0,0.0,0.0,0.0,0.0,0.0,0.0,0.0,0.0,0.0,0.0,0.0,169.0,1.0,15.5
2018,6,196,KAN,00-0034278,SmitTr04,,Tremon Smith,False,WR,WR,O,Central Arkansas,22.0,2025.0,0,0,0,8.0,,1.0,117.0,0.0,0.0,0.0,0.0,0.0,1.0,7.0,0.0,0.0,0.0,0.0,61.0,2.0,
2018,6,197,WAS,00-0034336,DionSh00,shaun-dion-hamilton-1,Shaun Dion Hamilton,False,LB,LB,D,Alabama,22.0,2020.0,0,0,0,8.0,,8.0,46.0,0.0,0.0,0.0,0.0,0.0,0.0,0.0,0.0,0.0,0.0,0.0,70.0,1.0,2.5
2018,6,198,KAN,00-0034731,McKeKa00,kahlil-mckenzie-1,Kahlil McKenzie,False,DT,DL,D,Tennessee,21.0,2021.0,0,0,0,1.0,,,12.0,0.0,0.0,0.0,0.0,0.0,0.0,0.0,0.0,0.0,0.0,0.0,5.0,,
2018,6,199,TEN,00-0034412,FalkLu00,luke-falk-1,Luke Falk,False,QB,QB,O,Washington St.,23.0,2019.0,0,0,0,1.0,,,3.0,47.0,73.0,416.0,0.0,3.0,0.0,0.0,0.0,0.0,0.0,0.0,,,
2018,6,200,ATL,00-0034413,OluoFo00,,Foyesade Oluokun,False,S,DB,D,Yale,23.0,2025.0,0,0,5,44.0,,16.0,128.0,0.0,0.0,0.0,0.0,0.0,0.0,0.0,0.0,0.0,0.0,0.0,640.0,8.0,11.5
2018,6,201,NOR,00-0034414,ScotBo02,boston-scott-1,Boston Scott,False,RB,RB,O,Louisiana Tech,23.0,2023.0,0,0,0,11.0,,,75.0,0.0,0.0,0.0,0.0,0.0,302.0,1295.0,16.0,71.0,566.0,1.0,3.0,,
2018,6,202,TAM,00-0034415,CichJa00,jack-cichy-1,Jack Cichy,False,ILB,LB,D,Wisconsin,23.0,2020.0,0,0,0,0.0,,0.0,16.0,0.0,0.0,0.0,0.0,0.0,0.0,0.0,0.0,0.0,0.0,0.0,4.0,,
2018,6,203,JAX,00-0034416,LeexTa00,tanner-lee-1,Tanner Lee,False,QB,QB,O,Nebraska,23.0,,0,0,0,,,,,,,,,,,,,,,,,,
2018,6,204,NYJ,00-0034164,CannTr00,,Trenton Cannon,False,RB,RB,O,Virginia St.,24.0,2022.0,0,0,0,2.0,,2.0,48.0,0.0,0.0,0.0,0.0,0.0,51.0,150.0,1.0,20.0,160.0,0.0,22.0,,
2018,6,205,LAR,00-0034811,YounTr00,trevon-young-1,Trevon Young,False,DE,DL,D,Louisville,23.0,2018.0,0,0,0,0.0,,0.0,2.0,0.0,0.0,0.0,0.0,0.0,0.0,0.0,0.0,0.0,0.0,0.0,,,
2018,6,206,PHI,00-0034417,PryoMa00,matt-pryor-1,Matt Pryor,False,T,OL,O,TCU,23.0,2025.0,0,0,2,19.0,,5.0,109.0,0.0,0.0,0.0,0.0,0.0,0.0,0.0,0.0,0.0,0.0,0.0,,,
2018,6,207,GNB,00-0034279,St.BEq00,equanimeous-st-brown-1,Equanimeous St. Brown,False,WR,WR,O,Notre Dame,21.0,2024.0,0,0,2,8.0,,4.0,62.0,0.0,0.0,0.0,0.0,0.0,11.0,80.0,0.0,63.0,928.0,2.0,8.0,,
2018,6,208,DAL,00-0034418,WilsCe01,cedric-wilson-3,Cedrick Wilson Jr.,False,WR,WR,O,Boise St.,22.0,2025.0,0,0,0,11.0,,6.0,93.0,6.0,6.0,132.0,2.0,0.0,6.0,7.0,0.0,126.0,1524.0,12.0,4.0,,
2018,6,209,MIA,00-0034792,ArmsCo00,cornell-armstrong-1,Cornell Armstrong,False,CB,DB,D,Southern Miss,22.0,2025.0,0,0,0,3.0,,1.0,42.0,0.0,0.0,0.0,0.0,0.0,0.0,0.0,0.0,0.0,0.0,0.0,34.0,,
2018,6,210,NWE,00-0034419,BerrBr00,braxton-berrios-1,Braxton Berrios,False,WR,WR,O,Miami (FL),22.0,2025.0,1,0,0,11.0,,,91.0,1.0,1.0,2.0,1.0,0.0,20.0,171.0,4.0,140.0,1360.0,6.0,1.0,,
2018,6,211,HOU,00-0034420,ThomJo05,jordan-thomas-6,Jordan Thomas,False,TE,TE,O,Mississippi St.,22.0,2020.0,0,0,1,2.0,,2.0,27.0,0.0,0.0,0.0,0.0,0.0,0.0,0.0,0.0,22.0,226.0,5.0,,,
2018,6,212,BAL,00-0034280,SenaGr00,,Greg Senat,False,T,OL,O,Wagner,23.0,2020.0,0,0,0,1.0,,,10.0,0.0,0.0,0.0,0.0,0.0,0.0,0.0,0.0,0.0,0.0,0.0,,,
2018,6,213,MIN,00-0034165,GossCo00,colby-gossett-1,Colby Gossett,False,G,OL,O,Appalachian St.,23.0,2022.0,0,0,0,4.0,,,36.0,0.0,0.0,0.0,0.0,0.0,0.0,0.0,0.0,0.0,0.0,0.0,,,
2018,6,214,HOU,00-0034421,KalaPe00,peter-kalambayi-1,Peter Kalambayi,False,LB,LB,D,Stanford,23.0,2020.0,0,0,0,3.0,,3.0,41.0,0.0,0.0,0.0,0.0,0.0,0.0,0.0,0.0,0.0,0.0,0.0,17.0,,
2018,6,215,BAL,00-0034281,BozeBr00,bradley-bozeman-1,Bradley Bozeman,False,C,OL,O,Alabama,23.0,2025.0,0,0,6,41.0,,23.0,129.0,0.0,0.0,0.0,0.0,0.0,0.0,0.0,0.0,0.0,0.0,0.0,1.0,,
2018,6,216,OAK,00-0034282,VictAz00,azeem-victor-1,Azeem Victor,False,LB,LB,D,Washington,22.0,,0,0,0,,,,,,,,,,,,,,,,,,
2018,6,217,DEN,00-0034422,BierKe00,keishawn-bierria-1,Keishawn Bierria,False,ILB,LB,D,Washington,23.0,2019.0,0,0,0,1.0,,1.0,21.0,0.0,0.0,0.0,0.0,0.0,0.0,0.0,0.0,0.0,0.0,0.0,3.0,,
2018,6,218,MIN,00-0034166,ArunAd00,ade-aruna-1,Ade Aruna,False,DE,DL,D,Tulane,24.0,,0,0,0,,,,,,,,,,,,,,,,,,
2018,7,219,NWE,00-0034423,EtliDa00,danny-etling-1,Danny Etling,False,QB,QB,O,LSU,24.0,,0,0,0,,,,,,,,,,,,,,,,,,
2018,7,220,SEA,00-0034732,McGoAl00,alex-mcgough-1,Alex McGough,False,QB,QB,O,Florida International,22.0,,0,0,0,,,,,,,,,,,,,,,,,,
2018,7,221,IND,00-0034424,AdamMa00,matthew-adams-1,Matthew Adams,False,LB,LB,D,Houston,22.0,2024.0,0,0,1,14.0,,9.0,98.0,0.0,0.0,0.0,0.0,0.0,0.0,0.0,0.0,0.0,0.0,0.0,71.0,,
2018,7,222,HOU,00-0034425,KellJe01,jermaine-kelly-1,Jermaine Kelly,False,CB,DB,D,San Jose St.,23.0,,0,0,0,,,,,,,,,,,,,,,,,,
2018,7,223,SFO,00-0034283,TaylJu00,jullian-taylor-1,Jullian Taylor,False,DT,DL,D,Temple,23.0,2019.0,0,0,0,1.0,,1.0,12.0,0.0,0.0,0.0,0.0,0.0,0.0,0.0,0.0,0.0,0.0,0.0,11.0,,
2018,7,224,CHI,00-0034426,WimsJa00,javon-wims-1,Javon Wims,False,WR,WR,O,Georgia,23.0,2022.0,0,0,0,1.0,,1.0,34.0,0.0,0.0,0.0,0.0,0.0,1.0,2.0,0.0,28.0,266.0,2.0,,,
2018,7,225,MIN,00-0034167,DownDe00,devante-downs-1,Devante Downs,False,LB,LB,D,California,22.0,2020.0,0,0,0,6.0,,1.0,36.0,0.0,0.0,0.0,0.0,0.0,0.0,0.0,0.0,0.0,0.0,0.0,27.0,,
2018,7,226,DEN,00-0034427,WillDa011,david-williams-5,David Williams,False,RB,RB,O,Arkansas,24.0,2018.0,0,0,0,0.0,,,6.0,0.0,0.0,0.0,0.0,0.0,8.0,36.0,0.0,0.0,0.0,0.0,,,
2018,7,227,MIA,00-0034793,PoliQu00,quentin-poling-1,Quentin Poling,False,LB,LB,D,Ohio,24.0,2019.0,0,0,0,0.0,,,1.0,0.0,0.0,0.0,0.0,0.0,0.0,0.0,0.0,0.0,0.0,0.0,,,
2018,7,228,OAK,00-0034747,AtemMa00,marcell-ateman-1,Marcell Ateman,False,WR,WR,O,Oklahoma St.,23.0,2021.0,0,0,0,2.0,,2.0,19.0,0.0,0.0,0.0,0.0,0.0,0.0,0.0,0.0,20.0,270.0,1.0,,,
2018,7,229,MIA,00-0034794,SandJa00,jason-sanders-1,Jason Sanders,False,K,K,S,New Mexico,22.0,2024.0,1,0,2,23.0,,23.0,116.0,0.0,0.0,0.0,0.0,0.0,0.0,0.0,0.0,1.0,1.0,1.0,4.0,,
2018,7,230,JAX,00-0034428,JacoLe00,leon-jacobs-1,Leon Jacobs,False,OLB,LB,D,Wisconsin,22.0,2020.0,0,0,1,7.0,,7.0,29.0,0.0,0.0,0.0,0.0,0.0,0.0,0.0,0.0,0.0,0.0,0.0,50.0,,2.0
2018,7,231,LAR,00-0034812,HowaTr00,travin-howard-1,Travin Howard,False,OLB,LB,D,TCU,22.0,2022.0,0,0,0,3.0,,3.0,29.0,0.0,0.0,0.0,0.0,0.0,0.0,0.0,0.0,0.0,0.0,0.0,35.0,1.0,
2018,7,232,GNB,00-0034284,LoonJa00,james-looney-1,James Looney,False,DE,DL,D,California,23.0,2018.0,0,0,0,0.0,,0.0,3.0,0.0,0.0,0.0,0.0,0.0,0.0,0.0,0.0,0.0,0.0,0.0,,,
2018,7,233,PHI,00-0034429,MailJo00,,Jordan Mailata,False,T,OL,O,,21.0,2025.0,0,0,5,41.0,,41.0,90.0,0.0,0.0,0.0,0.0,0.0,0.0,0.0,0.0,0.0,0.0,0.0,1.0,,
2018,7,234,CAR,00-0034430,SmitAn04,andre-smith-7,Andre Smith,False,ILB,LB,D,North Carolina,21.0,2023.0,0,0,0,6.0,,1.0,62.0,0.0,0.0,0.0,0.0,0.0,0.0,0.0,0.0,0.0,0.0,0.0,35.0,,
2018,7,235,IND,00-0034431,FranZa00,zaire-franklin-1,Zaire Franklin,False,LB,LB,D,Syracuse,22.0,2025.0,0,1,4,40.0,,40.0,132.0,0.0,0.0,0.0,0.0,0.0,0.0,0.0,0.0,0.0,0.0,0.0,417.0,3.0,10.0
2018,7,236,DAL,00-0034432,ScarBo01,bo-scarbrough-1,Bo Scarbrough,False,RB,RB,O,Alabama,23.0,2020.0,0,0,0,2.0,,,7.0,0.0,0.0,0.0,0.0,0.0,95.0,408.0,1.0,1.0,5.0,0.0,,,
2018,7,237,DET,00-0034433,BawdNi00,nick-bawden-1,Nick Bawden,False,RB,RB,O,San Diego St.,22.0,2023.0,0,0,0,0.0,,0.0,35.0,0.0,0.0,0.0,0.0,0.0,2.0,4.0,1.0,8.0,58.0,0.0,1.0,,
2018,7,238,BAL,00-0034285,SielZa00,,Zach Sieler,False,DE,DL,D,Ferris St.,23.0,2025.0,0,0,3,38.0,,0.0,108.0,0.0,0.0,0.0,0.0,0.0,0.0,0.0,0.0,0.0,0.0,0.0,199.0,2.0,35.5
2018,7,239,GNB,00-0034168,BradHu00,hunter-bradley-1,Hunter Bradley,False,LS,LS,S,Mississippi St.,24.0,2022.0,0,0,0,3.0,,3.0,58.0,0.0,0.0,0.0,0.0,0.0,0.0,0.0,0.0,0.0,0.0,0.0,1.0,,
2018,7,240,SFO,00-0034286,JameRi00,richie-james-1,Richie James,False,WR,WR,O,Middle Tenn. St.,23.0,2023.0,0,0,1,13.0,,6.0,66.0,0.0,0.0,0.0,0.0,0.0,4.0,5.0,0.0,105.0,1372.0,7.0,2.0,,
2018,7,241,WAS,00-0034337,StroGr00,greg-stroman-1,Greg Stroman,False,CB,DB,D,Virginia Tech,22.0,2024.0,0,0,0,4.0,,2.0,33.0,0.0,0.0,0.0,0.0,0.0,0.0,0.0,0.0,0.0,0.0,0.0,56.0,3.0,1.0
2018,7,242,CAR,00-0034434,NortKe01,kendrick-norton-1,Kendrick Norton,False,DT,DL,D,Miami (FL),21.0,,0,0,0,,,,,,,,,,,,,,,,,,
2018,7,243,NWE,00-0034435,CrosKe00,,Keion Crossen,False,CB,DB,D,Western Carolina,22.0,2025.0,0,0,0,6.0,,1.0,76.0,0.0,0.0,0.0,0.0,0.0,0.0,0.0,0.0,0.0,0.0,0.0,85.0,,1.0
2018,7,244,LAR,00-0034813,LawlJu00,justin-lawler-1,Justin Lawler,False,DE,DL,D,SMU,23.0,2021.0,0,0,0,1.0,,1.0,19.0,0.0,0.0,0.0,0.0,0.0,0.0,0.0,0.0,0.0,0.0,0.0,4.0,,
2018,7,245,NOR,00-0034436,ClapWi00,william-clapp-1,Will Clapp,False,C,OL,O,LSU,22.0,2024.0,0,0,1,12.0,,4.0,66.0,0.0,0.0,0.0,0.0,0.0,0.0,0.0,0.0,0.0,0.0,0.0,,,
2018,7,246,PIT,00-0034338,FrazJo00,joshua-frazier-1,Joshua Frazier,False,DT,DL,D,Alabama,22.0,,0,0,0,,,,,,,,,,,,,,,,,,
2018,7,247,JAX,00-0034437,CookLo00,logan-cooke-1,Logan Cooke,False,P,P,S,Mississippi St.,23.0,2025.0,0,1,2,19.0,,19.0,129.0,4.0,4.0,33.0,0.0,0.0,0.0,0.0,0.0,0.0,0.0,0.0,4.0,,
2018,7,248,GNB,00-0034287,DonnKe00,,Kendall Donnerson,False,OLB,LB,D,SE Missouri St.,22.0,,0,0,0,,,,,,,,,,,,,,,,,,
2018,7,249,CIN,00-0034438,WoodLo00,logan-woodside-1,Logan Woodside,False,QB,QB,O,Toledo,23.0,2023.0,0,0,0,0.0,,,13.0,4.0,7.0,34.0,0.0,1.0,14.0,10.0,0.0,0.0,0.0,0.0,,,
2018,7,250,NWE,00-0034439,IzzoRy00,ryan-izzo-1,Ryan Izzo,False,TE,TE,O,Florida St.,22.0,2021.0,0,0,1,3.0,,3.0,19.0,0.0,0.0,0.0,0.0,0.0,0.0,0.0,0.0,19.0,313.0,1.0,,,
2018,7,251,LAC,00-0034440,JackJu01,justin-jackson-5,Justin Jackson,False,RB,RB,O,Northwestern,22.0,2022.0,0,0,0,12.0,,10.0,59.0,0.0,0.0,0.0,0.0,0.0,248.0,1210.0,5.0,77.0,609.0,1.0,10.0,,
2018,7,252,CIN,00-0034441,TaylRo01,rod-taylor-3,Rod Taylor,False,G,OL,O,Mississippi,23.0,,0,0,0,,,,,,,,,,,,,,,,,,
2018,7,253,CIN,00-0034686,TateAu00,auden-tate-1,Auden Tate,False,WR,WR,O,Florida St.,21.0,2021.0,0,0,1,5.0,,5.0,35.0,0.0,0.0,0.0,0.0,0.0,0.0,0.0,0.0,61.0,799.0,2.0,,,
2018,7,254,ARI,00-0034687,CunnKo00,korey-cunningham-1,Korey Cunningham,False,T,OL,O,Cincinnati,23.0,2022.0,0,0,0,4.0,,2.0,31.0,0.0,0.0,0.0,0.0,0.0,0.0,0.0,0.0,0.0,0.0,0.0,,,
2018,7,255,BUF,00-0034442,ProeAu00,austin-proehl-1,Austin Proehl,False,WR,WR,O,North Carolina,22.0,,0,0,0,,,,,,,,,,,,,,,,,,
2018,7,256,WAS,00-0034339,QuinTr00,trey-quinn-1,Trey Quinn,False,WR,WR,O,SMU,22.0,2020.0,0,0,0,2.0,,2.0,16.0,0.0,0.0,0.0,0.0,0.0,1.0,0.0,0.0,35.0,273.0,2.0,,,
2019,1,1,ARI,00-0035228,MurrKy00,kyler-murray-1,Kyler Murray,False,QB,QB,O,Oklahoma,22.0,2025.0,0,2,5,71.0,,71.0,87.0,1974.0,2941.0,20460.0,121.0,60.0,532.0,3193.0,32.0,0.0,7.0,0.0,,,
2019,1,2,SFO,00-0035717,BosaNi00,nick-bosa-1,Nick Bosa,False,DE,DL,D,Ohio St.,21.0,2025.0,1,5,5,58.0,,58.0,85.0,0.0,0.0,0.0,0.0,0.0,0.0,0.0,0.0,0.0,0.0,0.0,192.0,2.0,64.5
2019,1,3,NYJ,00-0035718,WillQu00,quinnen-williams-1,Quinnen Williams,False,DT,DL,D,Alabama,21.0,2025.0,1,4,6,57.0,,54.0,105.0,0.0,0.0,0.0,0.0,0.0,0.0,0.0,0.0,0.0,0.0,0.0,208.0,2.0,41.5
2019,1,4,OAK,00-0035692,FerrCl00,clelin-ferrell-1,Clelin Ferrell,False,DE,DL,D,Clemson,22.0,2025.0,0,0,4,24.0,,12.0,98.0,0.0,0.0,0.0,0.0,0.0,0.0,0.0,0.0,0.0,0.0,0.0,97.0,,21.0
2019,1,5,TAM,00-0035707,WhitDe02,devin-white-1,Devin White,False,LB,LB,D,LSU,21.0,2025.0,0,1,5,51.0,,45.0,100.0,0.0,0.0,0.0,0.0,0.0,0.0,0.0,0.0,0.0,0.0,0.0,474.0,4.0,25.5
2019,1,6,NYG,00-0035710,JoneDa05,daniel-jones-4,Daniel Jones,False,QB,QB,O,Duke,22.0,2025.0,0,0,5,52.0,,40.0,83.0,1698.0,2625.0,17683.0,89.0,55.0,444.0,2343.0,20.0,1.0,16.0,0.0,,,
2019,1,7,JAX,00-0035642,AlleJo03,josh-allen-6,Josh Hines-Allen,False,LB,LB,D,Kentucky,22.0,2025.0,0,2,5,45.0,,45.0,107.0,0.0,0.0,0.0,0.0,0.0,0.0,0.0,0.0,0.0,0.0,0.0,216.0,2.0,61.0
2019,1,8,DET,00-0035229,HockTJ00,tj-hockenson-1,T.J. Hockenson,False,TE,TE,O,Iowa,22.0,2025.0,0,2,3,33.0,,16.0,97.0,0.0,0.0,0.0,0.0,0.0,2.0,0.0,0.0,433.0,4440.0,26.0,2.0,,
2019,1,9,BUF,00-0035230,OlivEd00,ed-oliver-2,Ed Oliver,False,DT,DL,D,Houston,21.0,2025.0,0,0,5,43.0,,43.0,95.0,0.0,0.0,0.0,0.0,0.0,0.0,0.0,0.0,0.0,0.0,0.0,154.0,1.0,30.0
2019,1,10,PIT,00-0035525,BushDe01,devin-bush-2,Devin Bush Jr.,False,LB,LB,D,Michigan,21.0,2025.0,0,0,3,37.0,,21.0,98.0,0.0,0.0,0.0,0.0,0.0,0.0,0.0,0.0,0.0,0.0,0.0,299.0,5.0,7.0
2019,1,11,CIN,00-0035944,WillJo10,jonah-williams-1,Jonah Williams,False,G,OL,O,Alabama,21.0,2025.0,0,0,4,37.0,,31.0,74.0,0.0,0.0,0.0,0.0,0.0,0.0,0.0,0.0,0.0,0.0,0.0,,,
2019,1,12,GNB,00-0034967,GaryRa00,rashan-gary-1,Rashan Gary,False,LB,LB,D,Michigan,21.0,2025.0,0,1,4,36.0,,36.0,106.0,0.0,0.0,0.0,0.0,0.0,0.0,0.0,0.0,0.0,0.0,0.0,154.0,,46.5
2019,1,13,MIA,00-0035231,WilkCh00,christian-wilkins-1,Christian Wilkins,False,DT,DL,D,Clemson,23.0,2024.0,0,0,5,35.0,,34.0,86.0,0.0,0.0,0.0,0.0,0.0,0.0,0.0,0.0,2.0,2.0,2.0,215.0,1.0,22.5
2019,1,14,ATL,00-0035630,LindCh00,chris-lindstrom-1,Chris Lindstrom,False,G,OL,O,Boston Col.,22.0,2025.0,0,4,5,49.0,,49.0,105.0,0.0,0.0,0.0,0.0,0.0,0.0,0.0,0.0,0.0,0.0,0.0,2.0,,
2019,1,15,WAS,00-0035232,HaskDw00,dwayne-haskins-1,Dwayne Haskins,False,QB,QB,O,Ohio St.,22.0,2020.0,0,0,0,4.0,,4.0,16.0,267.0,444.0,2804.0,12.0,14.0,40.0,147.0,1.0,0.0,0.0,0.0,,,
2019,1,16,CAR,00-0035713,BurnBr00,brian-burns-2,Brian Burns,False,DE,DL,D,Florida St.,21.0,2025.0,0,3,5,53.0,,34.0,114.0,0.0,0.0,0.0,0.0,0.0,0.0,0.0,0.0,0.0,0.0,0.0,232.0,,71.0
2019,1,17,NYG,00-0035683,LawrDe03,dexter-lawrence-1,Dexter Lawrence,False,DT,DL,D,Clemson,21.0,2025.0,0,3,5,55.0,,55.0,109.0,0.0,0.0,0.0,0.0,0.0,0.0,0.0,0.0,0.0,0.0,0.0,185.0,1.0,30.5
2019,1,18,MIN,00-0035588,BradGa00,garrett-bradbury-1,Garrett Bradbury,False,C,OL,O,North Carolina St.,24.0,2025.0,0,0,6,41.0,,32.0,105.0,0.0,0.0,0.0,0.0,0.0,0.0,0.0,0.0,2.0,17.0,0.0,1.0,,
2019,1,19,TEN,00-0035643,SimmJe01,jeffery-simmons-1,Jeffery Simmons,False,DT,DL,D,Mississippi St.,22.0,2025.0,1,4,6,62.0,,62.0,99.0,0.0,0.0,0.0,0.0,0.0,0.0,0.0,0.0,2.0,3.0,2.0,219.0,,42.5
2019,1,20,DEN,00-0035644,FantNo00,noah-fant-1,Noah Fant,False,TE,TE,O,Iowa,21.0,2025.0,0,0,5,26.0,,14.0,110.0,0.0,0.0,0.0,0.0,0.0,3.0,-12.0,0.0,334.0,3593.0,18.0,2.0,,
2019,1,21,GNB,00-0034968,SavaDa00,darnell-savage-jr-1,Darnell Savage Jr.,False,S,DB,D,Maryland,22.0,2025.0,0,0,6,24.0,,21.0,97.0,0.0,0.0,0.0,0.0,0.0,0.0,0.0,0.0,0.0,0.0,0.0,275.0,10.0,1.0
2019,1,22,PHI,00-0035233,DillAn00,andre-dillard-1,Andre Dillard,False,T,OL,O,Washington St.,23.0,2024.0,0,0,1,12.0,,6.0,69.0,0.0,0.0,0.0,0.0,0.0,0.0,0.0,0.0,0.0,0.0,0.0,,,
2019,1,23,HOU,00-0035234,HowaTy00,,Tytus Howard,False,T,OL,O,Alabama St.,23.0,2025.0,0,0,5,36.0,,36.0,93.0,0.0,0.0,0.0,0.0,0.0,0.0,0.0,0.0,0.0,0.0,0.0,,,
2019,1,24,OAK,00-0035700,JacoJo01,joshua-jacobs-1,Josh Jacobs,False,RB,RB,O,Alabama,21.0,2025.0,1,3,6,57.0,,38.0,105.0,0.0,0.0,0.0,0.0,0.0,1840.0,7803.0,74.0,269.0,2072.0,2.0,3.0,,
2019,1,25,BAL,00-0035662,BrowMa04,marquise-brown-1,Marquise Brown,False,WR,WR,O,Oklahoma,22.0,2025.0,0,0,4,39.0,,24.0,90.0,0.0,0.0,0.0,0.0,0.0,5.0,30.0,0.0,371.0,4322.0,33.0,3.0,,
2019,1,26,WAS,00-0035647,SweaMo00,montez-sweat-1,Montez Sweat,False,DE,DL,D,Mississippi St.,23.0,2025.0,0,1,5,48.0,,28.0,109.0,0.0,0.0,0.0,0.0,0.0,0.0,0.0,0.0,0.0,0.0,0.0,191.0,1.0,57.0
2019,1,27,OAK,00-0035693,AbraJo01,johnathan-abram-1,Johnathan Abram,False,S,DB,D,Mississippi St.,22.0,2024.0,0,0,2,13.0,,10.0,55.0,0.0,0.0,0.0,0.0,0.0,0.0,0.0,0.0,0.0,0.0,0.0,191.0,5.0,
2019,1,28,LAC,00-0035674,TillJe00,jerry-tillery-2,Jerry Tillery,False,DT,DL,D,Notre Dame,22.0,2025.0,0,0,2,26.0,,14.0,113.0,0.0,0.0,0.0,0.0,0.0,0.0,0.0,0.0,0.0,0.0,0.0,97.0,,14.0
2019,1,29,SEA,00-0035636,CollLJ00,lj-collier-1,L.J. Collier,False,DE,DL,D,TCU,23.0,2025.0,0,0,2,16.0,,10.0,67.0,0.0,0.0,0.0,0.0,0.0,0.0,0.0,0.0,0.0,0.0,0.0,40.0,,6.5
2019,1,30,NYG,00-0035684,BakeDe00,deandre-baker-1,Deandre Baker,False,CB,DB,D,Georgia,22.0,2021.0,0,0,1,6.0,,5.0,26.0,0.0,0.0,0.0,0.0,0.0,0.0,0.0,0.0,0.0,0.0,0.0,65.0,,1.0
2019,1,31,ATL,00-0035235,McGaKa00,kaleb-mcgary-1,Kaleb McGary,False,T,OL,O,Washington,24.0,2024.0,0,0,6,39.0,,39.0,93.0,0.0,0.0,0.0,0.0,0.0,0.0,0.0,0.0,1.0,-3.0,0.0,,,
2019,1,32,NWE,00-0035624,HarrNK00,nkeal-harry-1,N'Keal Harry,False,WR,WR,O,Arizona St.,21.0,2023.0,0,0,1,7.0,,6.0,49.0,0.0,0.0,0.0,0.0,0.0,7.0,49.0,0.0,64.0,714.0,5.0,,,
2019,2,33,ARI,00-0035236,MurpBy00,byron-murphy-1,Byron Murphy,False,CB,DB,D,Washington,21.0,2025.0,0,1,5,40.0,,16.0,104.0,0.0,0.0,0.0,0.0,0.0,0.0,0.0,0.0,0.0,0.0,0.0,337.0,16.0,3.0
2019,2,34,IND,00-0035637,Ya-SRo00,rock-ya-sin-1,Rock Ya-Sin,False,CB,DB,D,Temple,23.0,2025.0,0,0,1,17.0,,11.0,96.0,0.0,0.0,0.0,0.0,0.0,0.0,0.0,0.0,0.0,0.0,0.0,193.0,2.0,
2019,2,35,JAX,00-0035237,TaylJa02,jawaan-taylor-1,Jawaan Taylor,False,T,OL,O,Florida,21.0,2025.0,0,0,6,42.0,,25.0,111.0,0.0,0.0,0.0,0.0,0.0,0.0,0.0,0.0,0.0,0.0,0.0,1.0,,
2019,2,36,SFO,00-0035719,SamuDe00,deebo-samuel-1,Deebo Samuel,False,WR,WR,O,South Carolina,23.0,2025.0,1,1,5,52.0,,47.0,97.0,1.0,3.0,24.0,1.0,0.0,219.0,1218.0,21.0,406.0,5519.0,27.0,2.0,,
2019,2,37,CAR,00-0035694,LittGr01,greg-little-2,Greg Little,False,T,OL,O,Mississippi,21.0,2022.0,0,0,0,8.0,,3.0,31.0,0.0,0.0,0.0,0.0,0.0,0.0,0.0,0.0,0.0,0.0,0.0,1.0,,
2019,2,38,BUF,00-0035238,FordCo00,cody-ford-1,Cody Ford,False,T,OL,O,Oklahoma,22.0,2025.0,0,0,1,22.0,,13.0,99.0,0.0,0.0,0.0,0.0,0.0,0.0,0.0,0.0,1.0,21.0,0.0,1.0,,
2019,2,39,TAM,00-0035239,BuntSe00,sean-bunting-1,Sean Murphy-Bunting,False,CB,DB,D,Central Michigan,22.0,2024.0,0,0,3,24.0,,14.0,82.0,0.0,0.0,0.0,0.0,0.0,0.0,0.0,0.0,0.0,0.0,0.0,211.0,11.0,1.0
2019,2,40,OAK,00-0035695,MullTr00,trayvon-mullen-1,Trayvon Mullen,False,CB,DB,D,Clemson,21.0,2022.0,0,0,2,11.0,,11.0,46.0,0.0,0.0,0.0,0.0,0.0,0.0,0.0,0.0,0.0,0.0,0.0,128.0,4.0,
2019,2,41,DEN,00-0035702,RisnDa00,dalton-risner-1,Dalton Risner,False,T,OL,O,Kansas St.,24.0,2025.0,0,0,5,30.0,,20.0,101.0,0.0,0.0,0.0,0.0,0.0,0.0,0.0,0.0,0.0,0.0,0.0,,,
2019,2,42,DEN,00-0035704,LockDr00,drew-lock-1,Drew Lock,False,QB,QB,O,Missouri,22.0,2025.0,0,0,1,14.0,,12.0,41.0,578.0,970.0,6369.0,34.0,28.0,101.0,427.0,7.0,1.0,1.0,0.0,1.0,,
2019,2,43,DET,00-0035240,TavaJa00,jahlani-tavai-1,Jahlani Tavai,False,LB,LB,D,Hawaii,22.0,2025.0,0,0,4,34.0,,7.0,107.0,0.0,0.0,0.0,0.0,0.0,0.0,0.0,0.0,0.0,0.0,0.0,256.0,4.0,5.5
2019,2,44,GNB,00-0035526,JenkEl00,elgton-jenkins-1,Elgton Jenkins,False,C,OL,O,Mississippi St.,23.0,2025.0,0,2,5,48.0,,48.0,96.0,0.0,0.0,0.0,0.0,0.0,0.0,0.0,0.0,0.0,0.0,0.0,,,
2019,2,45,NWE,00-0035241,WillJo13,joejuan-williams-1,Joejuan Williams,False,CB,DB,D,Vanderbilt,21.0,2023.0,0,0,0,3.0,,3.0,42.0,0.0,0.0,0.0,0.0,0.0,0.0,0.0,0.0,0.0,0.0,0.0,32.0,,
2019,2,46,CLE,00-0035638,WillGr00,greedy-williams-1,Greedy Williams,False,CB,DB,D,LSU,21.0,2022.0,0,0,1,8.0,,8.0,39.0,0.0,0.0,0.0,0.0,0.0,0.0,0.0,0.0,0.0,0.0,0.0,78.0,2.0,
2019,2,47,SEA,00-0035139,BlaiMa01,marquise-blair-1,Marquise Blair,False,S,DB,D,Utah,22.0,2024.0,0,0,0,2.0,,2.0,26.0,0.0,0.0,0.0,0.0,0.0,0.0,0.0,0.0,0.0,0.0,0.0,36.0,,
2019,2,48,NOR,00-0035242,McCoEr01,erik-mccoy-1,Erik McCoy,False,C,OL,O,Texas A&M,22.0,2025.0,0,2,5,35.0,,35.0,88.0,0.0,0.0,0.0,0.0,0.0,0.0,0.0,0.0,0.0,0.0,0.0,1.0,,
2019,2,49,IND,00-0034969,BanoBe00,ben-banogu-1,Ben Banogu,False,LB,LB,D,TCU,23.0,2022.0,0,0,0,4.0,,4.0,50.0,0.0,0.0,0.0,0.0,0.0,0.0,0.0,0.0,0.0,0.0,0.0,13.0,,2.5
2019,2,50,MIN,00-0034970,SmitIr01,irv-smith-jr-1,Irv Smith Jr.,False,TE,TE,O,Alabama,21.0,2024.0,0,0,0,9.0,,8.0,54.0,0.0,0.0,0.0,0.0,0.0,0.0,0.0,0.0,109.0,973.0,10.0,3.0,,
2019,2,51,TEN,00-0035676,BrowAJ00,aj-brown-3,A.J. Brown,False,WR,WR,O,Mississippi,22.0,2025.0,0,3,6,73.0,,25.0,105.0,0.0,2.0,0.0,0.0,0.0,5.0,70.0,1.0,524.0,8029.0,56.0,4.0,,
2019,2,52,CIN,00-0035631,SampDr00,drew-sample-1,Drew Sample,False,TE,TE,O,Washington,23.0,2025.0,0,0,3,7.0,,7.0,95.0,0.0,0.0,0.0,0.0,0.0,2.0,-1.0,0.0,115.0,836.0,5.0,1.0,,
2019,2,53,PHI,00-0035243,SandMi01,miles-sanders-1,Miles Sanders,False,RB,RB,O,Penn St.,22.0,2025.0,0,1,4,34.0,,29.0,88.0,0.0,0.0,0.0,0.0,0.0,943.0,4462.0,24.0,183.0,1274.0,4.0,,,
2019,2,54,HOU,00-0035244,JohnLo01,lonnie-johnson-4,Lonnie Johnson Jr.,False,CB,DB,D,Kentucky,23.0,2025.0,0,0,0,11.0,,8.0,92.0,0.0,0.0,0.0,0.0,0.0,0.0,0.0,0.0,0.0,0.0,0.0,164.0,4.0,
2019,2,55,HOU,00-0035245,SchaMa01,max-scharping-1,Max Scharping,False,T,OL,O,Northern Illinois,23.0,2024.0,0,0,3,18.0,,16.0,81.0,0.0,0.0,0.0,0.0,0.0,0.0,0.0,0.0,0.0,7.0,0.0,,,
2019,2,56,KAN,00-0035140,HardMe00,mecole-hardman-1,Mecole Hardman,False,WR,WR,O,Georgia,21.0,2025.0,0,1,0,23.0,,23.0,82.0,0.0,0.0,0.0,0.0,0.0,26.0,190.0,3.0,178.0,2302.0,16.0,1.0,,
2019,2,57,PHI,00-0035246,ArceJJ00,jj-arcega-whiteside-1,JJ Arcega-Whiteside,False,WR,WR,O,Stanford,22.0,2021.0,0,0,0,2.0,,2.0,40.0,0.0,0.0,0.0,0.0,0.0,0.0,0.0,0.0,16.0,290.0,1.0,4.0,,
2019,2,58,DAL,00-0035247,HillTr00,trysten-hill-1,Trysten Hill,False,DT,DL,D,Central Florida,21.0,2024.0,0,0,0,5.0,,5.0,34.0,0.0,0.0,0.0,0.0,0.0,0.0,0.0,0.0,0.0,0.0,0.0,27.0,,1.5
2019,2,59,IND,00-0035639,CampPa00,parris-campbell-1,Parris Campbell,False,WR,WR,O,Ohio St.,22.0,2025.0,0,0,1,9.0,,9.0,50.0,0.0,0.0,0.0,0.0,0.0,11.0,108.0,0.0,123.0,1117.0,6.0,1.0,,
2019,2,60,LAC,00-0035677,AddeNa00,,Nasir Adderley,False,S,DB,D,Delaware,22.0,2022.0,0,0,3,13.0,,13.0,50.0,0.0,0.0,0.0,0.0,0.0,0.0,0.0,0.0,0.0,0.0,0.0,168.0,3.0,0.5
2019,2,61,LAR,00-0035663,RappTa00,tyler-rapp-2,Taylor Rapp,False,S,DB,D,Washington,21.0,2025.0,0,0,4,25.0,,18.0,93.0,0.0,0.0,0.0,0.0,0.0,0.0,0.0,0.0,0.0,0.0,0.0,314.0,12.0,2.0
2019,2,62,ARI,00-0035527,IsabAn00,andy-isabella-1,Andy Isabella,False,WR,WR,O,Massachusetts,22.0,2023.0,0,0,0,4.0,,4.0,43.0,0.0,0.0,0.0,0.0,0.0,6.0,10.0,0.0,33.0,447.0,3.0,3.0,,
2019,2,63,KAN,00-0035625,ThorJu00,juan-thornhill-1,Juan Thornhill,False,S,DB,D,Virginia,23.0,2025.0,0,0,5,24.0,,17.0,97.0,0.0,0.0,0.0,0.0,0.0,0.0,0.0,0.0,0.0,0.0,0.0,256.0,8.0,1.0
2019,2,64,SEA,00-0035640,MetcDK00,dk-metcalf-1,D.K. Metcalf,False,WR,WR,O,Mississippi,21.0,2025.0,0,2,6,57.0,,50.0,112.0,0.0,0.0,0.0,0.0,0.0,5.0,29.0,1.0,497.0,7174.0,54.0,2.0,,
2019,3,65,ARI,00-0035248,AlleZa01,zach-allen-5,Zach Allen,False,DE,DL,D,Boston Col.,22.0,2025.0,1,1,5,52.0,,14.0,95.0,0.0,0.0,0.0,0.0,0.0,0.0,0.0,0.0,0.0,0.0,0.0,152.0,1.0,32.0
2019,3,66,PIT,00-0035216,JohnDi01,diontae-johnson-1,Diontae Johnson,False,WR,WR,O,Toledo,23.0,2024.0,0,1,5,35.0,,33.0,89.0,0.0,0.0,0.0,0.0,0.0,21.0,140.0,0.0,424.0,4738.0,28.0,2.0,,
2019,3,67,SFO,00-0034971,HurdJa00,jalen-hurd-1,Jalen Hurd,False,WR,WR,O,Baylor,23.0,,0,0,0,,,,,,,,,,,,,,,,,,
2019,3,68,NYJ,00-0035528,PoliJa00,jachai-polite-1,Jachai Polite,False,LB,LB,D,Florida,22.0,2020.0,0,0,0,1.0,,,11.0,0.0,0.0,0.0,0.0,0.0,0.0,0.0,0.0,0.0,0.0,0.0,3.0,,1.0
2019,3,69,JAX,00-0035249,OlivJo00,josh-oliver-1,Josh Oliver,False,TE,TE,O,San Jose St.,22.0,2025.0,0,0,3,7.0,,0.0,82.0,0.0,0.0,0.0,0.0,0.0,0.0,0.0,0.0,85.0,861.0,11.0,3.0,,
2019,3,70,LAR,00-0035664,HendDa00,darrell-henderson-1,Darrell Henderson,False,RB,RB,O,Memphis,22.0,2023.0,0,0,1,15.0,,15.0,54.0,0.0,0.0,0.0,0.0,0.0,442.0,1854.0,15.0,76.0,577.0,4.0,1.0,,
2019,3,71,DEN,00-0035678,JoneDr00,dremont-jones-1,Dre'Mont Jones,False,DT,DL,D,Ohio St.,22.0,2025.0,0,0,4,33.0,,16.0,108.0,0.0,0.0,0.0,0.0,0.0,0.0,0.0,0.0,0.0,0.0,0.0,135.0,1.0,37.5
2019,3,72,CIN,00-0035697,PratGe00,germaine-pratt-1,Germaine Pratt,False,LB,LB,D,North Carolina St.,23.0,2025.0,0,0,6,45.0,,37.0,112.0,0.0,0.0,0.0,0.0,0.0,0.0,0.0,0.0,0.0,0.0,0.0,422.0,8.0,3.5
2019,3,73,CHI,00-0035685,MontDa01,david-montgomery-1,David Montgomery,False,RB,RB,O,Iowa St.,22.0,2025.0,0,0,5,49.0,,26.0,105.0,2.0,4.0,6.0,2.0,1.0,1477.0,6115.0,59.0,231.0,1890.0,4.0,,,
2019,3,74,BUF,00-0035250,SingDe00,devin-singletary-1,Devin Singletary,False,RB,RB,O,Florida Atlantic,22.0,2025.0,0,0,5,39.0,,28.0,110.0,1.0,1.0,6.0,1.0,0.0,1120.0,4923.0,29.0,214.0,1434.0,4.0,3.0,,
2019,3,75,GNB,00-0035671,SterJa00,jace-sternberger-1,Jace Sternberger,False,TE,TE,O,Texas A&M,23.0,2020.0,0,0,0,1.0,,1.0,18.0,0.0,0.0,0.0,0.0,0.0,0.0,0.0,0.0,12.0,114.0,1.0,,,
2019,3,76,WAS,00-0035659,McLaTe00,terry-mclaurin-1,Terry McLaurin,False,WR,WR,O,Ohio St.,23.0,2025.0,0,2,6,51.0,,51.0,107.0,0.0,0.0,0.0,0.0,0.0,12.0,73.0,0.0,498.0,6961.0,41.0,5.0,,
2019,3,77,NWE,00-0035654,WinoCh00,chase-winovich-1,Chase Winovich,False,DE,DL,D,Michigan,24.0,2023.0,0,0,0,11.0,,10.0,56.0,0.0,0.0,0.0,0.0,0.0,0.0,0.0,0.0,0.0,0.0,0.0,71.0,1.0,12.0
2019,3,78,MIA,00-0035686,DeitMi00,michael-deiter-1,Michael Deiter,False,G,OL,O,Wisconsin,23.0,2025.0,0,0,2,16.0,,10.0,92.0,0.0,0.0,0.0,0.0,0.0,0.0,0.0,0.0,1.0,0.0,0.0,,,
2019,3,79,LAR,00-0035665,LongDa02,david-long-3,David Long,False,CB,DB,D,Michigan,21.0,2025.0,0,0,0,7.0,,6.0,80.0,0.0,0.0,0.0,0.0,0.0,0.0,0.0,0.0,0.0,0.0,0.0,82.0,1.0,
2019,3,80,CLE,00-0035646,TakiSi00,sione-takitaki-1,Sione Takitaki,False,LB,LB,D,BYU,24.0,2025.0,0,0,1,19.0,,18.0,86.0,0.0,0.0,0.0,0.0,0.0,0.0,0.0,0.0,0.0,0.0,0.0,165.0,2.0,4.0
2019,3,81,DET,00-0035655,HarrWi02,william-harris-4,Will Harris,False,S,DB,D,Boston Col.,23.0,2025.0,0,0,3,18.0,,11.0,103.0,0.0,0.0,0.0,0.0,0.0,0.0,0.0,0.0,0.0,0.0,0.0,250.0,3.0,2.5
2019,3,82,TEN,00-0035649,DaviNa01,nate-davis-4,Nate Davis,False,G,OL,O,Charlotte,22.0,2024.0,0,0,5,27.0,,22.0,71.0,0.0,0.0,0.0,0.0,0.0,0.0,0.0,0.0,0.0,0.0,0.0,1.0,,
2019,3,83,PIT,00-0035650,LaynJu00,justin-layne-1,Justin Layne,False,CB,DB,D,Michigan St.,21.0,2022.0,0,0,0,3.0,,3.0,52.0,0.0,0.0,0.0,0.0,0.0,0.0,0.0,0.0,0.0,0.0,0.0,32.0,,
2019,3,84,KAN,00-0035656,SaunKh00,,Khalen Saunders,False,DT,DL,D,Western Illinois,23.0,2025.0,0,0,1,17.0,,4.0,77.0,0.0,0.0,0.0,0.0,0.0,0.0,0.0,0.0,0.0,0.0,0.0,87.0,1.0,7.5
2019,3,85,BAL,00-0035651,FergJa02,jaylon-ferguson-1,Jaylon Ferguson,False,DE,DL,D,Louisiana Tech,23.0,2021.0,0,0,1,8.0,,8.0,38.0,0.0,0.0,0.0,0.0,0.0,0.0,0.0,0.0,0.0,0.0,0.0,44.0,,4.5
2019,3,86,HOU,00-0035660,WarrKa00,kahale-warring-1,Kahale Warring,False,TE,TE,O,San Diego St.,22.0,2021.0,0,0,0,0.0,,0.0,9.0,0.0,0.0,0.0,0.0,0.0,0.0,0.0,0.0,3.0,35.0,0.0,,,
2019,3,87,NWE,00-0035657,HarrDa06,damien-harris-1,Damien Harris,False,RB,RB,O,Alabama,22.0,2023.0,0,0,3,16.0,,15.0,44.0,0.0,0.0,0.0,0.0,0.0,472.0,2188.0,21.0,42.0,297.0,0.0,,,
2019,3,88,SEA,00-0035672,BartCo00,cody-barton-1,Cody Barton,False,LB,LB,D,Utah,22.0,2025.0,0,0,3,28.0,,9.0,112.0,0.0,0.0,0.0,0.0,0.0,0.0,0.0,0.0,0.0,0.0,0.0,297.0,8.0,4.5
2019,3,89,IND,00-0035687,OkerBo00,bobby-okereke-1,Bobby Okereke,False,LB,LB,D,Stanford,23.0,2025.0,0,0,6,39.0,,21.0,110.0,0.0,0.0,0.0,0.0,0.0,0.0,0.0,0.0,0.0,0.0,0.0,510.0,7.0,7.5
2019,3,90,DAL,00-0035679,McGoCo01,connor-mcgovern-2,Connor McGovern,False,G,OL,O,Penn St.,21.0,2025.0,0,1,3,37.0,,11.0,94.0,0.0,0.0,0.0,0.0,0.0,0.0,0.0,0.0,0.0,0.0,0.0,1.0,,
2019,3,91,LAC,00-0035688,PipkTr00,,Trey Pipkins,False,T,OL,O,Sioux Falls,23.0,2025.0,0,0,3,33.0,,33.0,97.0,0.0,0.0,0.0,0.0,0.0,0.0,0.0,0.0,0.0,0.0,0.0,,,
2019,3,92,NYJ,00-0035698,EdogCh00,chuma-edoga-1,Chuma Edoga,False,T,OL,O,USC,22.0,2025.0,0,0,0,12.0,,5.0,62.0,0.0,0.0,0.0,0.0,0.0,0.0,0.0,0.0,0.0,0.0,0.0,,,
2019,3,93,BAL,00-0035703,BoykMi00,miles-boykin-1,Miles Boykin,False,WR,WR,O,Notre Dame,22.0,2023.0,0,0,2,6.0,,6.0,73.0,0.0,0.0,0.0,0.0,0.0,0.0,0.0,0.0,38.0,498.0,7.0,15.0,,
2019,3,94,TAM,00-0035699,DeanJa00,jamel-dean-1,Jamel Dean,False,CB,DB,D,Auburn,22.0,2025.0,0,0,4,27.0,,27.0,96.0,0.0,0.0,0.0,0.0,0.0,0.0,0.0,0.0,0.0,0.0,0.0,285.0,11.0,1.0
2019,3,95,NYG,00-0035708,XimiOs00,oshane-ximines-1,Oshane Ximines,False,DE,DL,D,Old Dominion,22.0,2024.0,0,0,0,8.0,,8.0,50.0,0.0,0.0,0.0,0.0,0.0,0.0,0.0,0.0,0.0,0.0,0.0,35.0,,6.5
2019,3,96,BUF,00-0035689,KnoxDa00,dawson-knox-1,Dawson Knox,False,TE,TE,O,Mississippi,22.0,2025.0,0,1,6,25.0,,25.0,102.0,0.0,0.0,0.0,0.0,0.0,1.0,13.0,0.0,229.0,2694.0,27.0,3.0,,
2019,3,97,LAR,00-0035666,EvanBo00,bobby-evans-1,Bobby Evans,False,T,OL,O,Oklahoma,22.0,2022.0,0,0,0,7.0,,7.0,35.0,0.0,0.0,0.0,0.0,0.0,0.0,0.0,0.0,0.0,0.0,0.0,,,
2019,3,98,JAX,00-0035680,WillQu01,,Quincy Williams,False,S,DB,D,Murray St.,23.0,2025.0,1,0,5,41.0,,2.0,96.0,0.0,0.0,0.0,0.0,0.0,0.0,0.0,0.0,0.0,0.0,0.0,396.0,1.0,12.5
2019,3,99,TAM,00-0035681,EdwaMi01,mike-edwards-8,Mike Edwards,False,S,DB,D,Kentucky,23.0,2025.0,0,0,1,16.0,,14.0,89.0,0.0,0.0,0.0,0.0,0.0,0.0,0.0,0.0,0.0,0.0,0.0,173.0,8.0,3.0
2019,3,100,CAR,00-0035251,GrieWi00,will-grier-1,Will Grier,False,QB,QB,O,West Virginia,24.0,2019.0,0,0,0,1.0,,1.0,2.0,28.0,52.0,228.0,0.0,4.0,7.0,22.0,0.0,0.0,0.0,0.0,,,
2019,3,101,NWE,00-0035252,CajuYo00,yodny-cajuste-1,Yodny Cajuste,False,T,OL,O,West Virginia,23.0,2022.0,0,0,0,4.0,,4.0,17.0,0.0,0.0,0.0,0.0,0.0,0.0,0.0,0.0,0.0,0.0,0.0,1.0,,
2019,3,102,MIN,00-0034972,MattAl01,alexander-mattison-1,Alexander Mattison,False,RB,RB,O,Boise St.,21.0,2024.0,0,0,1,21.0,,18.0,89.0,0.0,0.0,0.0,0.0,0.0,716.0,2790.0,15.0,136.0,1012.0,7.0,,,
2019,4,103,ARI,00-0035529,ButlHa00,hakeem-butler-1,Hakeem Butler,False,WR,WR,O,Iowa St.,23.0,2020.0,0,0,0,0.0,,,2.0,0.0,0.0,0.0,0.0,0.0,0.0,0.0,0.0,0.0,0.0,0.0,,,
2019,4,104,CIN,00-0035652,FinlRy00,ryan-finley-1,Ryan Finley,False,QB,QB,O,North Carolina St.,24.0,2020.0,0,0,0,2.0,,2.0,8.0,58.0,119.0,638.0,3.0,4.0,21.0,143.0,1.0,0.0,0.0,0.0,,,
2019,4,105,NOR,00-0035253,GardCh00,chauncey-gardner-1,C.J. Gardner-Johnson,False,S,DB,D,Florida,21.0,2025.0,0,0,4,27.0,,10.0,87.0,0.0,0.0,0.0,0.0,0.0,0.0,0.0,0.0,0.0,0.0,0.0,280.0,20.0,7.0
2019,4,106,OAK,00-0034973,CrosMa00,maxx-crosby-1,Maxx Crosby,False,DE,DL,D,Eastern Michigan,22.0,2025.0,0,5,6,61.0,,61.0,110.0,0.0,0.0,0.0,0.0,0.0,0.0,0.0,0.0,0.0,0.0,0.0,278.0,1.0,69.5
2019,4,107,TAM,00-0035254,NelsAn01,anthony-nelson-1,Anthony Nelson,False,DE,DL,D,Iowa,22.0,2025.0,0,0,0,17.0,,17.0,107.0,0.0,0.0,0.0,0.0,0.0,0.0,0.0,0.0,0.0,0.0,0.0,118.0,1.0,21.5
2019,4,108,NYG,00-0034974,LoveJu00,julian-love-1,Julian Love,False,CB,DB,D,Notre Dame,21.0,2025.0,0,1,3,27.0,,12.0,106.0,0.0,0.0,0.0,0.0,0.0,1.0,2.0,0.0,0.0,0.0,0.0,379.0,13.0,2.5
2019,4,109,IND,00-0035530,WillKh00,khari-willis-1,Khari Willis,False,S,DB,D,Michigan St.,23.0,2021.0,0,0,1,12.0,,12.0,39.0,0.0,0.0,0.0,0.0,0.0,0.0,0.0,0.0,0.0,0.0,0.0,161.0,4.0,3.5
2019,4,110,SFO,00-0034941,WishMi00,mitch-wishnowsky-1,Mitch Wishnowsky,False,P,P,S,Utah,27.0,2025.0,0,0,2,10.0,,9.0,105.0,0.0,0.0,0.0,0.0,0.0,0.0,0.0,0.0,0.0,0.0,0.0,11.0,,
2019,4,111,ATL,00-0035255,ShefKe00,kendall-sheffield-1,Kendall Sheffield,False,CB,DB,D,Ohio St.,23.0,2025.0,0,0,0,6.0,,6.0,51.0,0.0,0.0,0.0,0.0,0.0,0.0,0.0,0.0,0.0,0.0,0.0,82.0,,
2019,4,112,WAS,00-0035256,LoveBr00,bryce-love-1,Bryce Love,False,RB,RB,O,Stanford,22.0,,0,0,0,,,,,,,,,,,,,,,,,,
2019,4,113,BAL,00-0034975,HillJu00,justice-hill-1,Justice Hill,False,RB,RB,O,Oklahoma St.,21.0,2025.0,0,0,0,17.0,,17.0,84.0,0.0,0.0,0.0,0.0,0.0,268.0,1255.0,8.0,116.0,906.0,5.0,12.0,,
2019,4,114,MIN,00-0034976,SamiDr00,dru-samia-1,Dru Samia,False,G,OL,O,Oklahoma,22.0,2020.0,0,0,0,2.0,,2.0,15.0,0.0,0.0,0.0,0.0,0.0,0.0,0.0,0.0,0.0,0.0,0.0,,,
2019,4,115,CAR,00-0035257,MillCh04,christian-miller-2,Christian Miller,False,LB,LB,D,Alabama,23.0,2019.0,0,0,0,1.0,,1.0,7.0,0.0,0.0,0.0,0.0,0.0,0.0,0.0,0.0,0.0,0.0,0.0,2.0,,2.0
2019,4,116,TEN,00-0035632,HookAm00,amani-hooker-1,Amani Hooker,False,S,DB,D,Iowa,21.0,2025.0,0,0,4,24.0,,24.0,96.0,0.0,0.0,0.0,0.0,0.0,2.0,6.0,0.0,1.0,6.0,0.0,301.0,12.0,1.0
2019,4,117,DET,00-0035531,BryaAu00,austin-bryant-1,Austin Bryant,False,DE,DL,D,Clemson,22.0,2023.0,0,0,0,5.0,,5.0,35.0,0.0,0.0,0.0,0.0,0.0,0.0,0.0,0.0,0.0,0.0,0.0,42.0,,4.5
2019,4,118,NWE,00-0035258,FrohHj00,hjalte-froholdt-1,Hjalte Froholdt,False,G,OL,O,Arkansas,23.0,2025.0,0,0,2,24.0,,0.0,82.0,0.0,0.0,0.0,0.0,0.0,0.0,0.0,0.0,0.0,0.0,0.0,,,
2019,4,119,CLE,00-0034977,RedwSh00,sheldrick-redwine-1,Sheldrick Redwine,False,S,DB,D,Miami (FL),22.0,2023.0,0,0,0,4.0,,4.0,34.0,0.0,0.0,0.0,0.0,0.0,0.0,0.0,0.0,0.0,0.0,0.0,52.0,1.0,0.5
2019,4,120,SEA,00-0035589,JennGa00,gary-jennings-1,Gary Jennings Jr,False,WR,WR,O,West Virginia,22.0,2019.0,0,0,0,0.0,,,1.0,0.0,0.0,0.0,0.0,0.0,0.0,0.0,0.0,0.0,0.0,0.0,,,
2019,4,121,NYJ,00-0035259,WescTr00,trevon-wesco-1,Trevon Wesco,False,TE,TE,O,West Virginia,23.0,2023.0,0,0,1,0.0,,0.0,69.0,0.0,0.0,0.0,0.0,0.0,2.0,2.0,0.0,9.0,134.0,0.0,6.0,,
2019,4,122,PIT,00-0035217,SnelBe00,benjamin-snell-jr-1,Benny Snell Jr.,False,RB,RB,O,Kentucky,21.0,2022.0,0,0,0,8.0,,8.0,63.0,0.0,0.0,0.0,0.0,0.0,275.0,982.0,7.0,17.0,114.0,0.0,14.0,,
2019,4,123,BAL,00-0034978,PoweBe00,ben-powers-1,Ben Powers,False,G,OL,O,Oklahoma,22.0,2025.0,0,0,5,27.0,,14.0,89.0,0.0,0.0,0.0,0.0,0.0,0.0,0.0,0.0,0.0,0.0,0.0,,,
2019,4,124,SEA,00-0035141,HaynPh00,phil-haynes-1,Phil Haynes,False,G,OL,O,Wake Forest,23.0,2023.0,0,0,0,6.0,,6.0,31.0,0.0,0.0,0.0,0.0,0.0,0.0,0.0,0.0,0.0,0.0,0.0,,,
2019,4,125,CIN,00-0035260,WrenRe00,renell-wren-1,Renell Wren,False,DT,DL,D,Arizona St.,23.0,2022.0,0,0,0,2.0,,2.0,13.0,0.0,0.0,0.0,0.0,0.0,0.0,0.0,0.0,0.0,0.0,0.0,4.0,,
2019,4,126,CHI,00-0035590,RidlRi00,riley-ridley-1,Riley Ridley,False,WR,WR,O,Georgia,23.0,2020.0,0,0,0,1.0,,1.0,10.0,0.0,0.0,0.0,0.0,0.0,0.0,0.0,0.0,10.0,108.0,0.0,,,
2019,4,127,BAL,00-0034979,MarsIm00,iman-marshall-1,Iman Marshall,False,CB,DB,D,USC,22.0,2019.0,0,0,0,0.0,,0.0,3.0,0.0,0.0,0.0,0.0,0.0,0.0,0.0,0.0,0.0,0.0,0.0,1.0,,
2019,4,128,DAL,00-0035261,PollTo00,tony-pollard-1,Tony Pollard,False,RB,RB,O,Memphis,22.0,2025.0,0,1,2,45.0,,34.0,112.0,0.0,0.0,0.0,0.0,0.0,1264.0,5782.0,33.0,250.0,1763.0,5.0,6.0,,
2019,4,129,OAK,00-0034980,JohnIs02,isaiah-johnson-4,Isaiah Johnson,False,CB,DB,D,Houston,23.0,2020.0,0,0,0,1.0,,1.0,19.0,0.0,0.0,0.0,0.0,0.0,0.0,0.0,0.0,0.0,0.0,0.0,8.0,,
2019,4,130,LAC,00-0035262,TranDr00,drue-tranquill-1,Drue Tranquill,False,LB,LB,D,Notre Dame,24.0,2025.0,0,0,2,32.0,,13.0,96.0,0.0,0.0,0.0,0.0,0.0,0.0,0.0,0.0,0.0,0.0,0.0,364.0,1.0,15.0
2019,4,131,WAS,00-0035263,MartWe00,wes-martin-1,Wes Martin,False,G,OL,O,Indiana,23.0,2022.0,0,0,0,5.0,,4.0,38.0,0.0,0.0,0.0,0.0,0.0,0.0,0.0,0.0,0.0,0.0,0.0,1.0,,
2019,4,132,SEA,00-0035142,AmadUg00,ugo-amadi-1,Ugo Amadi,False,S,DB,D,Oregon,22.0,2025.0,0,0,1,8.0,,6.0,87.0,0.0,0.0,0.0,0.0,0.0,0.0,0.0,0.0,0.0,0.0,0.0,168.0,1.0,2.0
2019,4,133,NWE,00-0035264,StidJa00,jarrett-stidham-1,Jarrett Stidham,False,QB,QB,O,Auburn,23.0,2025.0,0,0,0,6.0,,1.0,20.0,117.0,197.0,1422.0,8.0,8.0,37.0,101.0,0.0,0.0,0.0,0.0,2.0,,
2019,4,134,LAR,00-0035667,GainGr00,greg-gaines-2,Greg Gaines,False,DT,DL,D,Washington,23.0,2025.0,0,0,2,19.0,,13.0,108.0,0.0,0.0,0.0,0.0,0.0,0.0,0.0,0.0,0.0,0.0,0.0,85.0,,14.5
2019,4,135,ATL,00-0035265,ComiJo00,,John Cominsky,False,DE,DL,D,Charleston (WV),23.0,2023.0,0,0,1,10.0,,3.0,57.0,0.0,0.0,0.0,0.0,0.0,0.0,0.0,0.0,0.0,0.0,0.0,51.0,,7.5
2019,4,136,CIN,00-0035266,JordMi01,michael-jordan-3,Michael Jordan,False,G,OL,O,Ohio St.,21.0,2025.0,0,0,3,18.0,,8.0,78.0,0.0,0.0,0.0,0.0,0.0,0.0,0.0,0.0,0.0,0.0,0.0,2.0,,
2019,4,137,OAK,00-0034981,MoreFo00,foster-moreau-1,Foster Moreau,False,TE,TE,O,LSU,22.0,2025.0,0,0,5,13.0,,8.0,104.0,0.0,0.0,0.0,0.0,0.0,0.0,2.0,0.0,151.0,1772.0,18.0,6.0,,
2019,4,138,PHI,00-0035267,MillSh00,shareef-miller-1,Shareef Miller,False,DE,DL,D,Penn St.,22.0,2019.0,0,0,0,0.0,,0.0,1.0,0.0,0.0,0.0,0.0,0.0,0.0,0.0,0.0,0.0,0.0,0.0,,,
2019,5,139,ARI,00-0035532,ThomDe06,deionte-thompson-1,Deionte Thompson,False,S,DB,D,Alabama,22.0,2022.0,0,0,0,4.0,,4.0,44.0,0.0,0.0,0.0,0.0,0.0,0.0,0.0,0.0,0.0,0.0,0.0,37.0,,
2019,5,140,JAX,00-0035268,ArmsRy00,ryquell-armstead-1,Ryquell Armstead,False,RB,RB,O,Temple,22.0,2021.0,0,0,0,2.0,,2.0,18.0,0.0,0.0,0.0,0.0,0.0,50.0,188.0,0.0,17.0,160.0,2.0,1.0,,
2019,5,141,PIT,00-0035222,GentZa00,zach-gentry-2,Zach Gentry,False,TE,TE,O,Michigan,22.0,2023.0,0,0,2,2.0,,2.0,41.0,0.0,0.0,0.0,0.0,0.0,0.0,0.0,0.0,39.0,303.0,0.0,1.0,,
2019,5,142,SEA,00-0035143,BurrBe00,ben-burr-kirven-1,Ben Burr-Kirven,False,LB,LB,D,Washington,21.0,2020.0,0,0,0,2.0,,2.0,32.0,0.0,0.0,0.0,0.0,0.0,0.0,0.0,0.0,0.0,0.0,0.0,10.0,,
2019,5,143,NYG,00-0035533,ConnRy00,ryan-connelly-1,Ryan Connelly,False,LB,LB,D,Wisconsin,23.0,2023.0,0,0,0,4.0,,2.0,32.0,0.0,0.0,0.0,0.0,0.0,0.0,0.0,0.0,0.0,0.0,0.0,19.0,2.0,1.0
2019,5,144,IND,00-0035534,TellMa00,marvell-tell-iii-1,Marvell Tell III,False,S,DB,D,USC,23.0,2019.0,0,0,0,1.0,,1.0,13.0,0.0,0.0,0.0,0.0,0.0,0.0,0.0,0.0,0.0,0.0,0.0,23.0,,
2019,5,145,TAM,00-0035269,GayxMa00,matt-gay-2,Matt Gay,False,K,K,S,Utah,25.0,2025.0,0,1,2,19.0,,3.0,102.0,0.0,0.0,0.0,0.0,0.0,0.0,0.0,0.0,0.0,0.0,0.0,3.0,,
2019,5,146,DET,00-0035270,OruwAm00,amani-oruwariye-1,Amani Oruwariye,False,CB,DB,D,Penn St.,23.0,2025.0,0,0,2,12.0,,11.0,62.0,0.0,0.0,0.0,0.0,0.0,0.0,0.0,0.0,0.0,0.0,0.0,166.0,10.0,
2019,5,147,BUF,00-0035271,JoseVo00,vosean-joseph-1,Vosean Joseph,False,LB,LB,D,Florida,21.0,,0,0,0,,,,,,,,,,,,,,,,,,
2019,5,148,SFO,00-0034982,GreeDr00,dre-greenlaw-1,Dre Greenlaw,False,LB,LB,D,Arkansas,22.0,2025.0,0,0,4,31.0,,28.0,72.0,0.0,0.0,0.0,0.0,0.0,0.0,0.0,0.0,0.0,0.0,0.0,310.0,4.0,4.5
2019,5,149,OAK,00-0034983,RenfHu00,hunter-renfrow-1,Hunter Renfrow,False,WR,WR,O,Clemson,23.0,2025.0,0,1,0,22.0,,21.0,79.0,0.0,0.0,0.0,0.0,0.0,3.0,3.0,0.0,284.0,2973.0,19.0,6.0,,
2019,5,150,GNB,00-0034984,KekeKi00,kingsley-keke-1,Kingsley Keke,False,DT,DL,D,Texas A&M,22.0,2021.0,0,0,1,9.0,,9.0,41.0,0.0,0.0,0.0,0.0,0.0,0.0,0.0,0.0,0.0,0.0,0.0,25.0,,6.5
2019,5,151,MIA,00-0035272,VanGAn00,andrew-van-ginkel-1,Andrew Van Ginkel,False,LB,LB,D,Wisconsin,24.0,2025.0,0,1,4,45.0,,23.0,102.0,0.0,0.0,0.0,0.0,0.0,0.0,0.0,0.0,0.0,0.0,0.0,234.0,5.0,35.5
2019,5,152,ATL,00-0035273,OlliQa00,oadree-ollison-1,Qadree Ollison,False,RB,RB,O,Pittsburgh,22.0,2023.0,0,0,0,1.0,,1.0,24.0,0.0,0.0,0.0,0.0,0.0,44.0,158.0,5.0,5.0,19.0,0.0,6.0,,
2019,5,153,WAS,00-0035274,PierRo00,ross-pierschbacher-1,Ross Pierschbacher,False,G,OL,O,Alabama,24.0,2022.0,0,0,0,0.0,,0.0,11.0,0.0,0.0,0.0,0.0,0.0,0.0,0.0,0.0,0.0,0.0,0.0,,,
2019,5,154,CAR,00-0035275,ScarJo00,jordan-scarlett-1,Jordan Scarlett,False,RB,RB,O,Florida,23.0,2021.0,0,0,0,0.0,,0.0,10.0,0.0,0.0,0.0,0.0,0.0,4.0,9.0,0.0,0.0,0.0,0.0,1.0,,
2019,5,155,CLE,00-0035144,WilsMa03,mack-wilson-1,Mack Wilson,False,LB,LB,D,Alabama,21.0,2025.0,0,0,3,25.0,,12.0,101.0,0.0,0.0,0.0,0.0,0.0,0.0,0.0,0.0,0.0,0.0,0.0,224.0,3.0,9.0
2019,5,156,DEN,00-0035591,HollJu00,justin-hollins-1,Justin Hollins,False,LB,LB,D,Oregon,23.0,2023.0,0,0,0,8.0,,1.0,67.0,0.0,0.0,0.0,0.0,0.0,0.0,0.0,0.0,0.0,0.0,0.0,74.0,,10.5
2019,5,157,NYJ,00-0035276,CashBl00,blake-cashman-1,Blake Cashman,False,LB,LB,D,Minnesota,23.0,2025.0,0,0,2,25.0,,3.0,71.0,0.0,0.0,0.0,0.0,0.0,0.0,0.0,0.0,0.0,0.0,0.0,238.0,1.0,12.0
2019,5,158,DAL,00-0035277,JackMi01,michael-jackson-6,Michael Jackson,False,CB,DB,D,Miami (FL),22.0,2025.0,0,0,2,18.0,,,72.0,0.0,0.0,0.0,0.0,0.0,0.0,0.0,0.0,0.0,0.0,0.0,205.0,7.0,
2019,5,159,NWE,00-0035278,CowaBy00,byron-cowart-1,Byron Cowart,False,DT,DL,D,Maryland,23.0,2024.0,0,0,1,14.0,,9.0,51.0,0.0,0.0,0.0,0.0,0.0,0.0,0.0,0.0,0.0,0.0,0.0,33.0,,3.5
2019,5,160,BAL,00-0034985,MackDa00,daylon-mack-1,Daylon Mack,False,DT,DL,D,Texas A&M,22.0,2019.0,0,0,0,0.0,,0.0,1.0,0.0,0.0,0.0,0.0,0.0,0.0,0.0,0.0,0.0,0.0,0.0,,,
2019,5,161,HOU,00-0035279,OmenCh00,charles-omenihu-1,Charles Omenihu,False,DE,DL,D,Texas,22.0,2025.0,0,0,0,12.0,,5.0,95.0,0.0,0.0,0.0,0.0,0.0,0.0,0.0,0.0,0.0,0.0,0.0,77.0,,23.0
2019,5,162,MIN,00-0034986,SmitCa01,cameron-smith-3,Cameron Smith,False,LB,LB,D,USC,22.0,2019.0,0,0,0,0.0,,0.0,5.0,0.0,0.0,0.0,0.0,0.0,0.0,0.0,0.0,0.0,0.0,0.0,4.0,,
2019,5,163,NWE,00-0035280,BailJa00,jake-bailey-1,Jake Bailey,False,P,P,S,Stanford,22.0,2025.0,1,1,2,11.0,,6.0,109.0,0.0,0.0,0.0,0.0,0.0,1.0,0.0,0.0,0.0,0.0,0.0,6.0,,
2019,5,164,IND,00-0034987,SpeeEJ00,,E.J. Speed,False,LB,LB,D,Tarleton St.,24.0,2025.0,0,0,2,20.0,,16.0,108.0,0.0,0.0,0.0,0.0,0.0,0.0,0.0,0.0,0.0,0.0,0.0,275.0,1.0,2.0
2019,5,165,DAL,00-0035281,JackJo02,joe-jackson-3,Joe Jackson,False,DE,DL,D,Miami (FL),22.0,2021.0,0,0,0,1.0,,0.0,20.0,0.0,0.0,0.0,0.0,0.0,0.0,0.0,0.0,0.0,0.0,0.0,13.0,,1.5
2019,5,166,LAC,00-0035282,SticEa00,,Easton Stick,False,QB,QB,O,North Dakota St.,23.0,2023.0,0,0,0,4.0,,4.0,6.0,112.0,175.0,1133.0,3.0,1.0,28.0,142.0,1.0,0.0,0.0,0.0,,,
2019,5,167,PHI,00-0035283,ThorCl00,clayton-thorson-1,Clayton Thorson,False,QB,QB,O,Northwestern,24.0,,0,0,0,,,,,,,,,,,,,,,,,,
2019,5,168,TEN,00-0035284,WalkDA02,dandre-walker-1,D'Andre Walker,False,LB,LB,D,Georgia,22.0,2020.0,0,0,0,0.0,,,1.0,0.0,0.0,0.0,0.0,0.0,0.0,0.0,0.0,0.0,0.0,0.0,,,
2019,5,169,LAR,00-0035668,EdwaDa01,david-edwards-3,David Edwards,False,T,OL,O,Wisconsin,22.0,2025.0,0,0,3,36.0,,21.0,103.0,0.0,0.0,0.0,0.0,0.0,0.0,0.0,0.0,0.0,0.0,0.0,1.0,,
2019,5,170,CLE,00-0035145,SeibAu00,austin-seibert-1,Austin Seibert,False,K,K,S,Oklahoma,22.0,2024.0,0,0,0,6.0,,3.0,40.0,0.0,0.0,0.0,0.0,0.0,0.0,0.0,0.0,0.0,0.0,0.0,,,
2019,5,171,NYG,00-0035535,SlayDa01,darius-slayton-1,Darius Slayton,False,WR,WR,O,Auburn,22.0,2025.0,0,0,5,32.0,,32.0,106.0,0.0,0.0,0.0,0.0,0.0,5.0,3.0,0.0,296.0,4435.0,22.0,4.0,,
2019,5,172,ATL,00-0035285,MillJo05,jordan-miller-3,Jordan Miller,False,CB,DB,D,Washington,22.0,2021.0,0,0,0,1.0,,1.0,12.0,0.0,0.0,0.0,0.0,0.0,0.0,0.0,0.0,0.0,0.0,0.0,4.0,,
2019,5,173,WAS,00-0035286,HolcCo00,cole-holcomb-1,Cole Holcomb,False,LB,LB,D,North Carolina,23.0,2025.0,0,0,3,26.0,,22.0,72.0,0.0,0.0,0.0,0.0,0.0,0.0,0.0,0.0,0.0,0.0,0.0,294.0,3.0,4.5
2019,6,174,ARI,00-0035287,JohnKe07,keesean-johnson-1,KeeSean Johnson,False,WR,WR,O,Fresno St.,22.0,2021.0,0,0,0,4.0,,4.0,18.0,0.0,0.0,0.0,0.0,0.0,1.0,3.0,0.0,36.0,360.0,1.0,,,
2019,6,175,PIT,00-0035218,SmitSu00,sutton-smith-1,Sutton Smith,False,DE,DL,D,Northern Illinois,23.0,2021.0,0,0,0,0.0,,,8.0,0.0,0.0,0.0,0.0,0.0,0.0,0.0,0.0,0.0,0.0,0.0,1.0,,
2019,6,176,SFO,00-0034988,SmitKa00,kaden-smith-1,Kaden Smith,False,TE,TE,O,Stanford,22.0,2021.0,0,0,1,3.0,,,33.0,0.0,0.0,0.0,0.0,0.0,0.0,0.0,0.0,52.0,413.0,3.0,2.0,,
2019,6,177,NOR,00-0035288,HampSa00,saquan-hampton-1,Saquan Hampton,False,S,DB,D,Rutgers,23.0,2020.0,0,0,0,0.0,,0.0,6.0,0.0,0.0,0.0,0.0,0.0,0.0,0.0,0.0,0.0,0.0,0.0,1.0,,
2019,6,178,JAX,00-0035289,MinsGa00,gardner-minshew-1,Gardner Minshew II,False,QB,QB,O,Washington St.,23.0,2025.0,0,1,4,32.0,,16.0,63.0,1100.0,1742.0,11987.0,68.0,35.0,171.0,681.0,5.0,1.0,0.0,0.0,1.0,,
2019,6,179,ARI,00-0035536,GailLa00,lamont-gaillard-1,Lamont Gaillard,False,C,OL,O,Georgia,23.0,2020.0,0,0,0,2.0,,2.0,13.0,0.0,0.0,0.0,0.0,0.0,0.0,0.0,0.0,0.0,0.0,0.0,,,
2019,6,180,NYG,00-0035633,BallCo00,,Corey Ballentine,False,CB,DB,D,Washburn,23.0,2025.0,0,0,0,5.0,,2.0,75.0,0.0,0.0,0.0,0.0,0.0,0.0,0.0,0.0,0.0,0.0,0.0,76.0,1.0,
2019,6,181,BUF,00-0035290,JohnJa11,jaquan-johnson-1,Jaquan Johnson,False,CB,DB,D,Miami (FL),23.0,2022.0,0,0,0,5.0,,5.0,60.0,1.0,1.0,13.0,0.0,0.0,0.0,0.0,0.0,0.0,0.0,0.0,34.0,2.0,
2019,6,182,CIN,00-0035291,WillTr06,trayveon-williams-1,Trayveon Williams,False,RB,RB,O,Texas A&M,21.0,2025.0,0,0,0,4.0,,3.0,75.0,0.0,0.0,0.0,0.0,0.0,72.0,343.0,0.0,23.0,129.0,0.0,10.0,,
2019,6,183,SFO,00-0034989,SkulJu00,justin-skule-1,Justin Skule,False,T,OL,O,Vanderbilt,22.0,2025.0,0,0,1,16.0,,7.0,82.0,0.0,0.0,0.0,0.0,0.0,0.0,0.0,0.0,0.0,0.0,0.0,,,
2019,6,184,DET,00-0035592,FulgTr00,travis-fulgham-1,Travis Fulgham,False,WR,WR,O,Old Dominion,23.0,2021.0,0,0,1,4.0,,0.0,17.0,0.0,0.0,0.0,0.0,0.0,0.0,0.0,0.0,38.0,539.0,4.0,,,
2019,6,185,GNB,00-0034990,HollKa00,kadar-hollman-1,Ka'dar Hollman,False,CB,DB,D,Toledo,24.0,2024.0,0,0,0,4.0,,1.0,45.0,0.0,0.0,0.0,0.0,0.0,0.0,0.0,0.0,0.0,0.0,0.0,24.0,,
2019,6,186,DET,00-0035537,JohnTy02,ty-johnson-1,Ty Johnson,False,RB,RB,O,Maryland,21.0,2025.0,0,0,0,18.0,,2.0,106.0,0.0,0.0,0.0,0.0,0.0,329.0,1470.0,8.0,135.0,1277.0,9.0,15.0,,
2019,6,187,DEN,00-0035593,WinfJu00,juwann-winfree-1,Juwann Winfree,False,WR,WR,O,Colorado,23.0,2023.0,0,0,0,1.0,,0.0,23.0,0.0,0.0,0.0,0.0,0.0,0.0,0.0,0.0,9.0,75.0,0.0,,,
2019,6,188,TEN,00-0035292,LongDa04,david-long-2,David Long,False,LB,LB,D,West Virginia,22.0,2024.0,0,0,2,23.0,,13.0,80.0,0.0,0.0,0.0,0.0,0.0,0.0,0.0,0.0,0.0,0.0,0.0,230.0,4.0,1.0
2019,6,189,CLE,00-0034991,ForbDr00,,Drew Forbes,False,T,OL,O,SE Missouri St.,22.0,2022.0,0,0,0,1.0,,1.0,12.0,0.0,0.0,0.0,0.0,0.0,0.0,0.0,0.0,0.0,0.0,0.0,,,
2019,6,190,MIN,00-0034992,WattAr01,armon-watts-1,Armon Watts,False,DT,DL,D,Arkansas,23.0,2024.0,0,0,1,12.0,,7.0,77.0,0.0,0.0,0.0,0.0,0.0,0.0,0.0,0.0,0.0,0.0,0.0,66.0,,8.5
2019,6,191,MIN,00-0034993,EppsMa00,marcus-epps-1,Marcus Epps,False,S,DB,D,Wyoming,23.0,2025.0,0,0,2,18.0,,0.0,94.0,0.0,0.0,0.0,0.0,0.0,0.0,0.0,0.0,0.0,0.0,0.0,224.0,3.0,
2019,6,192,PIT,00-0035219,BuggIs00,isaiah-buggs-1,Isaiah Buggs,False,DT,DL,D,Alabama,23.0,2023.0,0,0,1,11.0,,5.0,56.0,0.0,0.0,0.0,0.0,0.0,0.0,0.0,0.0,0.0,0.0,0.0,42.0,,2.0
2019,6,193,MIN,00-0034994,UdohOl01,,Oli Udoh,False,T,OL,O,Elon,22.0,2025.0,0,0,1,10.0,,8.0,74.0,0.0,0.0,0.0,0.0,0.0,0.0,0.0,0.0,0.0,0.0,0.0,,,
2019,6,194,GNB,00-0034995,WillDe07,dexter-williams-1,Dexter Williams,False,RB,RB,O,Notre Dame,22.0,2020.0,0,0,0,0.0,,0.0,7.0,0.0,0.0,0.0,0.0,0.0,7.0,19.0,0.0,0.0,0.0,0.0,,,
2019,6,195,HOU,00-0035293,CrawXa00,xavier-crawford-2,Xavier Crawford,False,CB,DB,D,Central Michigan,23.0,2022.0,0,0,0,1.0,,0.0,27.0,0.0,0.0,0.0,0.0,0.0,0.0,0.0,0.0,0.0,0.0,0.0,16.0,,
2019,6,196,NYJ,00-0035294,AustBl00,blessuan-austin-1,Blessuan Austin,False,CB,DB,D,Rutgers,23.0,2021.0,0,0,1,6.0,,5.0,29.0,0.0,0.0,0.0,0.0,0.0,0.0,0.0,0.0,0.0,0.0,0.0,77.0,,
2019,6,197,BAL,00-0035146,McSoTr00,trace-mcsorley-1,Trace McSorley,False,QB,QB,O,Penn St.,24.0,2022.0,0,0,0,1.0,,0.0,9.0,48.0,93.0,502.0,1.0,5.0,21.0,79.0,0.0,0.0,0.0,0.0,,,
2019,6,198,SFO,00-0034996,HarrTi01,tim-harris-4,Tim Harris,False,CB,DB,D,Virginia,24.0,2021.0,0,0,0,0.0,,0.0,3.0,0.0,0.0,0.0,0.0,0.0,0.0,0.0,0.0,0.0,0.0,0.0,1.0,,
2019,6,199,IND,00-0034997,GreeGe00,gerri-green-1,Gerri Green,False,DE,DL,D,Mississippi St.,23.0,2022.0,0,0,0,0.0,,,1.0,0.0,0.0,0.0,0.0,0.0,0.0,0.0,0.0,0.0,0.0,0.0,,,
2019,6,200,LAC,00-0035538,EgbuEm00,emeke-egbule-1,Emeke Egbule,False,LB,LB,D,Houston,22.0,2021.0,0,0,0,2.0,,2.0,32.0,0.0,0.0,0.0,0.0,0.0,0.0,0.0,0.0,0.0,0.0,0.0,9.0,,
2019,6,201,KAN,00-0035147,FentRa00,rashad-fenton-1,Rashad Fenton,False,CB,DB,D,South Carolina,22.0,2022.0,0,0,0,7.0,,7.0,49.0,0.0,0.0,0.0,0.0,0.0,0.0,0.0,0.0,0.0,0.0,0.0,98.0,2.0,
2019,6,202,MIA,00-0035295,PrinIs00,isiah-prince-1,Isaiah Prince,False,T,OL,O,Ohio St.,22.0,2024.0,0,0,0,4.0,,1.0,22.0,0.0,0.0,0.0,0.0,0.0,0.0,0.0,0.0,0.0,0.0,0.0,,,
2019,6,203,ATL,00-0035296,GreeMa02,marcus-green-6,Marcus Green,False,WR,WR,O,La-Monroe,23.0,,0,0,0,,,,,,,,,,,,,,,,,,
2019,6,204,SEA,00-0035594,HomeTr00,travis-homer-1,Travis Homer,False,RB,RB,O,Miami (FL),21.0,2025.0,0,0,0,8.0,,8.0,85.0,0.0,0.0,0.0,0.0,0.0,90.0,474.0,1.0,55.0,475.0,2.0,29.0,,
2019,6,205,CHI,00-0035696,ShelDu00,duke-shelley-1,Duke Shelley,False,CB,DB,D,Kansas St.,22.0,2024.0,0,0,0,6.0,,3.0,53.0,0.0,0.0,0.0,0.0,0.0,0.0,0.0,0.0,0.0,0.0,0.0,70.0,1.0,
2019,6,206,WAS,00-0035297,HarmKe00,kelvin-harmon-1,Kelvin Harmon,False,WR,WR,O,North Carolina St.,22.0,2019.0,0,0,1,3.0,,3.0,16.0,1.0,1.0,11.0,0.0,0.0,0.0,0.0,0.0,30.0,365.0,0.0,2.0,,
2019,6,207,PIT,00-0035223,GilbUl00,ulysees-gilbert-iii-1,Ulysees Gilbert,False,LB,LB,D,Akron,22.0,2022.0,0,0,0,2.0,,2.0,31.0,0.0,0.0,0.0,0.0,0.0,0.0,0.0,0.0,0.0,0.0,0.0,20.0,,
2019,6,208,TAM,00-0035298,MillSc01,scott-miller-3,Scott Miller,False,WR,WR,O,Bowling Green,22.0,2025.0,0,0,1,11.0,,9.0,93.0,0.0,0.0,0.0,0.0,0.0,8.0,81.0,1.0,99.0,1216.0,6.0,5.0,,
2019,6,209,SEA,00-0035595,ChriDe01,demarcus-christmas-1,Demarcus Christmas,False,DT,DL,D,Florida St.,24.0,,0,0,0,,,,,,,,,,,,,,,,,,
2019,6,210,CIN,00-0035626,DaviDe01,deshaun-davis-1,Deshaun Davis,False,LB,LB,D,Auburn,23.0,,0,0,0,,,,,,,,,,,,,,,,,,
2019,6,211,CIN,00-0035299,AndeRo02,rodney-anderson-1,Rodney Anderson,False,RB,RB,O,Oklahoma,22.0,,0,0,0,,,,,,,,,,,,,,,,,,
2019,6,212,CAR,00-0035300,DaleDe00,dennis-daley-1,Dennis Daley,False,T,OL,O,South Carolina,23.0,2023.0,0,0,2,14.0,,8.0,54.0,0.0,0.0,0.0,0.0,0.0,0.0,0.0,0.0,0.0,0.0,0.0,1.0,,
2019,6,213,DAL,00-0035301,WilsDo01,donovan-wilson-2,Donovan Wilson,False,S,DB,D,Texas A&M,24.0,2025.0,0,0,4,23.0,,23.0,98.0,0.0,0.0,0.0,0.0,0.0,0.0,0.0,0.0,0.0,0.0,0.0,281.0,8.0,13.0
2019,6,214,KAN,00-0035148,ThomDa06,darwin-thompson-1,Darwin Thompson,False,RB,RB,O,Utah St.,22.0,2020.0,0,0,0,2.0,,2.0,26.0,0.0,0.0,0.0,0.0,0.0,64.0,225.0,2.0,16.0,108.0,1.0,3.0,,
2019,7,215,TAM,00-0035302,BeckTe00,terry-beckner-jr-1,Terry Beckner,False,DT,DL,D,Missouri,22.0,,0,0,0,,,,,,,,,,,,,,,,,,
2019,7,216,KAN,00-0035149,AlleNi00,nick-allegretti-1,Nick Allegretti,False,G,OL,O,Illinois,23.0,2025.0,0,0,2,20.0,,10.0,107.0,0.0,0.0,0.0,0.0,0.0,0.0,0.0,0.0,0.0,0.0,0.0,,,
2019,7,217,MIN,00-0035150,BoydKr00,kris-boyd-1,Kris Boyd,False,CB,DB,D,Texas,22.0,2024.0,0,0,0,6.0,,6.0,81.0,0.0,0.0,0.0,0.0,0.0,0.0,0.0,0.0,0.0,0.0,0.0,79.0,,
2019,7,218,DAL,00-0035303,WebeMi00,mike-weber-1,Mike Weber,False,RB,RB,O,Ohio St.,22.0,,0,0,0,,,,,,,,,,,,,,,,,,
2019,7,219,PIT,00-0035220,GrayDe01,derwin-gray-2,Derwin Gray,False,T,OL,O,Maryland,24.0,2020.0,0,0,0,0.0,,0.0,5.0,0.0,0.0,0.0,0.0,0.0,0.0,0.0,0.0,0.0,0.0,0.0,,,
2019,7,220,HOU,00-0035304,GillCu00,cullen-gillaspia-1,Cullen Gillaspia,False,RB,RB,O,Texas A&M,24.0,2022.0,0,0,0,0.0,,0.0,44.0,0.0,0.0,0.0,0.0,0.0,0.0,0.0,0.0,1.0,6.0,0.0,8.0,,
2019,7,221,CLE,00-0034998,LewiDo00,donnie-lewis-1,Donnie Lewis Jr.,False,CB,DB,D,Tulane,23.0,,0,0,0,,,,,,,,,,,,,,,,,,
2019,7,222,CHI,00-0035596,WhytKe00,kerrith-whyte-1,Kerrith Whyte Jr,False,RB,RB,O,Florida Atlantic,22.0,2019.0,0,0,0,1.0,,,6.0,0.0,0.0,0.0,0.0,0.0,24.0,122.0,0.0,1.0,9.0,0.0,,,
2019,7,223,CIN,00-0035305,BrowJo04,,Jordan Brown,False,CB,DB,D,South Dakota St.,23.0,,0,0,0,,,,,,,,,,,,,,,,,,
2019,7,224,DET,00-0035539,NautIs00,isaac-nauta-1,Isaac Nauta,False,TE,TE,O,Georgia,22.0,2020.0,0,0,0,0.0,,0.0,13.0,0.0,0.0,0.0,0.0,0.0,0.0,0.0,0.0,3.0,16.0,0.0,,,
2019,7,225,BUF,00-0035306,JohnDa10,,Darryl Johnson,False,DE,DL,D,North Carolina A&T,22.0,2022.0,0,0,0,4.0,,3.0,38.0,0.0,0.0,0.0,0.0,0.0,0.0,0.0,0.0,0.0,0.0,0.0,23.0,,2.0
2019,7,226,GNB,00-0034999,SummTy00,ty-summers-1,Ty Summers,False,LB,LB,D,TCU,23.0,2025.0,0,0,0,6.0,,4.0,89.0,0.0,0.0,0.0,0.0,0.0,0.0,0.0,0.0,0.0,0.0,0.0,55.0,,
2019,7,227,WAS,00-0035307,MoreJi00,,Jimmy Moreland,False,CB,DB,D,James Madison,24.0,2021.0,0,0,0,5.0,,5.0,37.0,0.0,0.0,0.0,0.0,0.0,0.0,0.0,0.0,0.0,0.0,0.0,65.0,1.0,0.5
2019,7,228,BUF,00-0035308,SweeTo00,tommy-sweeney-1,Tommy Sweeney,False,TE,TE,O,Boston Col.,24.0,2022.0,0,0,0,1.0,,1.0,24.0,0.0,0.0,0.0,0.0,0.0,0.0,0.0,0.0,18.0,165.0,1.0,,,
2019,7,229,DET,00-0035540,JohnPJ00,pj-johnson-1,P.J. Johnson,False,DE,DL,D,Arizona,23.0,,0,0,0,,,,,,,,,,,,,,,,,,
2019,7,230,OAK,00-0035000,BellQu00,quinton-bell-1,Quinton Bell,False,DE,DL,D,Prairie View A&M,23.0,2025.0,0,0,0,4.0,,,33.0,0.0,0.0,0.0,0.0,0.0,0.0,0.0,0.0,0.0,0.0,0.0,18.0,,1.0
2019,7,231,NOR,00-0035309,MackAl00,alize-mack-1,Alizé Mack,False,TE,TE,O,Notre Dame,22.0,,0,0,0,,,,,,,,,,,,,,,,,,
2019,7,232,NYG,00-0035001,AsafGe00,george-asafo-adjei-1,George Asafo-Adjei,False,T,OL,O,Kentucky,22.0,,0,0,0,,,,,,,,,,,,,,,,,,
2019,7,233,MIA,00-0035310,CoxxCh01,chandler-cox-1,Chandler Cox,False,RB,RB,O,Auburn,23.0,2020.0,0,0,0,0.0,,0.0,21.0,0.0,0.0,0.0,0.0,0.0,0.0,0.0,0.0,2.0,9.0,0.0,,,
2019,7,234,MIA,00-0035311,GaskMy00,myles-gaskin-1,Myles Gaskin,False,RB,RB,O,Washington,22.0,2025.0,0,0,1,13.0,,13.0,47.0,0.0,0.0,0.0,0.0,0.0,367.0,1360.0,7.0,102.0,712.0,6.0,,,
2019,7,235,JAX,00-0035312,RussDo00,dontavius-russell-1,Dontavius Russell,False,DT,DL,D,Auburn,23.0,2019.0,0,0,0,0.0,,0.0,3.0,0.0,0.0,0.0,0.0,0.0,0.0,0.0,0.0,0.0,0.0,0.0,3.0,,
2019,7,236,SEA,00-0035597,UrsuJo00,john-ursua-1,John Ursua,False,WR,WR,O,Hawaii,25.0,2019.0,0,0,0,0.0,,0.0,3.0,0.0,0.0,0.0,0.0,0.0,0.0,0.0,0.0,1.0,11.0,0.0,,,
2019,7,237,CAR,00-0035313,GodwTe00,terry-godwin-1,Terry Godwin,False,WR,WR,O,Georgia,22.0,2020.0,0,0,0,0.0,,,3.0,0.0,0.0,0.0,0.0,0.0,1.0,3.0,0.0,3.0,32.0,0.0,,,
2019,7,238,CHI,00-0035598,DenmSt00,,Stephen Denmark,False,CB,DB,D,Valdosta St.,23.0,,0,0,0,,,,,,,,,,,,,,,,,,
2019,7,239,MIN,00-0035002,MitcDi00,dillon-mitchell-1,Dillon Mitchell,False,WR,WR,O,Oregon,22.0,,0,0,0,,,,,,,,,,,,,,,,,,
2019,7,240,IND,00-0035003,BartJa00,jackson-barton-1,Jackson Barton,False,T,OL,O,Utah,24.0,2024.0,0,0,0,1.0,,,13.0,0.0,0.0,0.0,0.0,0.0,0.0,0.0,0.0,0.0,0.0,0.0,,,
2019,7,241,DAL,00-0035314,JelkJa00,jalen-jelks-1,Jalen Jelks,False,DE,DL,D,Oregon,23.0,,0,0,0,,,,,,,,,,,,,,,,,,
2019,7,242,LAC,00-0035315,BrouCo00,cortez-broughton-1,Cortez Broughton,False,DT,DL,D,Cincinnati,23.0,2021.0,0,0,0,1.0,,1.0,12.0,0.0,0.0,0.0,0.0,0.0,0.0,0.0,0.0,0.0,0.0,0.0,4.0,,
2019,7,243,LAR,00-0035669,ScotNi01,nick-scott-1,Nick Scott,False,S,DB,D,Penn St.,24.0,2025.0,0,0,2,17.0,,7.0,108.0,0.0,0.0,0.0,0.0,0.0,1.0,6.0,0.0,1.0,23.0,0.0,216.0,5.0,
2019,7,244,NOR,00-0035316,ElliKa00,kadem-elliss-1,Kaden Elliss,False,LB,LB,D,Idaho,24.0,2025.0,0,0,3,29.0,,7.0,99.0,0.0,0.0,0.0,0.0,0.0,0.0,0.0,0.0,0.0,0.0,0.0,282.0,2.0,20.5
2019,7,245,NYG,00-0035004,SlayCh00,chris-slayton-1,Chris Slayton,False,DT,DL,D,Syracuse,23.0,,0,0,0,,,,,,,,,,,,,,,,,,
2019,7,246,IND,00-0035005,PattJa00,javon-patterson-1,Javon Patterson,False,C,OL,O,Mississippi,22.0,2020.0,0,0,0,0.0,,,1.0,0.0,0.0,0.0,0.0,0.0,0.0,0.0,0.0,0.0,0.0,0.0,,,
2019,7,247,MIN,00-0035006,JohnOl00,olabisi-johnson-1,Olabisi Johnson,False,WR,WR,O,Colorado St.,22.0,2020.0,0,0,0,5.0,,5.0,32.0,0.0,0.0,0.0,0.0,0.0,1.0,6.0,0.0,45.0,483.0,3.0,,,
2019,7,248,ARI,00-0035317,MileJo00,,Joshua Miles,False,T,OL,O,Morgan St.,23.0,2024.0,0,0,0,2.0,,2.0,18.0,0.0,0.0,0.0,0.0,0.0,0.0,0.0,0.0,0.0,0.0,0.0,,,
2019,7,249,ARI,00-0035541,DogbMi00,michael-dogbe-1,Michael Dogbe,False,DE,DL,D,Temple,23.0,2023.0,0,0,0,4.0,,4.0,41.0,0.0,0.0,0.0,0.0,0.0,0.0,0.0,0.0,0.0,0.0,0.0,32.0,,2.0
2019,7,250,MIN,00-0035709,CuttAu00,austin-cutting-1,Austin Cutting,False,LS,LS,S,Air Force,22.0,2020.0,0,0,0,2.0,,2.0,25.0,0.0,0.0,0.0,0.0,0.0,0.0,0.0,0.0,0.0,0.0,0.0,1.0,,
2019,7,251,LAR,00-0035670,AlleDa01,dakota-allen-1,Dakota Allen,False,LB,LB,D,Texas Tech,23.0,2022.0,0,0,0,2.0,,,38.0,0.0,0.0,0.0,0.0,0.0,0.0,0.0,0.0,0.0,0.0,0.0,19.0,,
2019,7,252,NWE,00-0035318,WebsKe00,kendarius-webster-1,Ken Webster,False,CB,DB,D,Mississippi,23.0,2020.0,0,0,0,3.0,,,17.0,0.0,0.0,0.0,0.0,0.0,0.0,0.0,0.0,0.0,0.0,0.0,22.0,,
2019,7,253,WAS,00-0035319,BraiJo00,jordan-brailford-1,Jordan Brailford,False,DE,DL,D,Oklahoma St.,23.0,2020.0,0,0,0,1.0,,,5.0,0.0,0.0,0.0,0.0,0.0,0.0,0.0,0.0,0.0,0.0,0.0,2.0,,
2019,7,254,ARI,00-0035320,WilsCa00,caleb-wilson-2,Caleb Wilson,False,TE,TE,O,UCLA,23.0,2020.0,0,0,0,0.0,,,5.0,0.0,0.0,0.0,0.0,0.0,0.0,0.0,0.0,0.0,0.0,0.0,,,
2020,1,1,CIN,00-0036442,BurrJo01,joe-burrow-1,Joe Burrow,False,QB,QB,O,LSU,23.0,2025.0,0,3,5,63.0,,63.0,77.0,1921.0,2806.0,20810.0,157.0,51.0,239.0,847.0,12.0,0.0,0.0,0.0,1.0,,
2020,1,2,WAS,00-0036321,YounCh04,chase-young-1,Chase Young,False,DE,DL,D,Ohio St.,21.0,2025.0,0,1,1,29.0,,20.0,72.0,0.0,0.0,0.0,0.0,0.0,0.0,0.0,0.0,0.0,0.0,0.0,110.0,,32.0
2020,1,3,DET,00-0036274,OkudJe00,jeffrey-okudah-1,Jeff Okudah,False,CB,DB,D,Ohio St.,21.0,2025.0,0,0,2,11.0,,7.0,50.0,0.0,0.0,0.0,0.0,0.0,0.0,0.0,0.0,0.0,0.0,0.0,157.0,2.0,
2020,1,4,NYG,00-0036386,ThomAn02,andrew-thomas-2,Andrew Thomas,False,T,OL,O,Georgia,21.0,2025.0,0,0,5,33.0,,33.0,74.0,0.0,0.0,0.0,0.0,0.0,0.0,0.0,0.0,1.0,2.0,1.0,7.0,,
2020,1,5,MIA,00-0036212,TagoTu00,tua-tagovailoa-1,Tua Tagovailoa,False,QB,QB,O,Alabama,22.0,2025.0,0,1,5,52.0,,52.0,78.0,1647.0,2421.0,18166.0,120.0,59.0,173.0,473.0,6.0,0.0,0.0,0.0,,,
2020,1,6,LAC,00-0036355,HerbJu00,justin-herbert-1,Justin Herbert,False,QB,QB,O,Oregon,22.0,2025.0,0,2,5,74.0,,74.0,95.0,2285.0,3438.0,24820.0,163.0,58.0,376.0,1715.0,15.0,3.0,0.0,0.0,2.0,,
2020,1,7,CAR,00-0036220,BrowDe05,derrick-brown-6,Derrick Brown,False,DT,DL,D,Auburn,22.0,2025.0,0,1,4,35.0,,35.0,84.0,0.0,0.0,0.0,0.0,0.0,0.0,0.0,0.0,0.0,0.0,0.0,169.0,2.0,13.0
2020,1,8,ARI,00-0036356,SimmIs00,isaiah-simmons-1,Isaiah Simmons,False,LB,LB,D,Clemson,22.0,2025.0,0,0,2,20.0,,17.0,89.0,0.0,0.0,0.0,0.0,0.0,0.0,0.0,0.0,0.0,0.0,0.0,227.0,5.0,8.5
2020,1,9,JAX,00-0036281,HendCJ00,cj-henderson-1,C.J. Henderson,False,CB,DB,D,Florida,21.0,2025.0,0,0,2,13.0,,4.0,53.0,0.0,0.0,0.0,0.0,0.0,0.0,0.0,0.0,0.0,0.0,0.0,147.0,4.0,1.0
2020,1,10,CLE,00-0036267,WillJe04,jedrick-wills-jr-1,Jedrick Wills Jr.,False,T,OL,O,Alabama,21.0,2024.0,0,0,3,24.0,,24.0,58.0,0.0,0.0,0.0,0.0,0.0,0.0,0.0,0.0,0.0,0.0,0.0,1.0,,
2020,1,11,NYJ,00-0036284,BectMe00,mekhi-becton-1,Mekhi Becton,False,T,OL,O,Louisville,21.0,2025.0,0,0,3,21.0,,8.0,61.0,0.0,0.0,0.0,0.0,0.0,0.0,0.0,0.0,0.0,0.0,0.0,,,
2020,1,12,LVR,00-0036357,RuggHe00,henry-ruggs-iii-1,Henry Ruggs III,False,WR,WR,O,Alabama,21.0,2021.0,0,0,1,8.0,,8.0,20.0,0.0,0.0,0.0,0.0,0.0,12.0,65.0,0.0,50.0,921.0,4.0,,,
2020,1,13,TAM,00-0036406,WirfTr00,tristan-wirfs-1,Tristan Wirfs,False,T,OL,O,Iowa,21.0,2025.0,2,5,5,64.0,,64.0,91.0,0.0,0.0,0.0,0.0,0.0,0.0,0.0,0.0,1.0,11.0,1.0,1.0,,
2020,1,14,SFO,00-0036260,KinlJa00,javon-kinlaw-1,Javon Kinlaw,False,DT,DL,D,South Carolina,22.0,2025.0,0,0,2,27.0,,14.0,75.0,0.0,0.0,0.0,0.0,0.0,0.0,0.0,0.0,0.0,0.0,0.0,82.0,1.0,9.5
2020,1,15,DEN,00-0036407,JeudJe00,jerry-jeudy-1,Jerry Jeudy,False,WR,WR,O,Alabama,21.0,2025.0,0,1,4,31.0,,22.0,91.0,0.0,0.0,0.0,0.0,0.0,7.0,48.0,0.0,351.0,4884.0,17.0,1.0,,
2020,1,16,ATL,00-0036285,TerrAJ00,aj-terrell-1,AJ Terrell,False,CB,DB,D,Clemson,21.0,2025.0,0,0,5,31.0,,31.0,93.0,0.0,0.0,0.0,0.0,0.0,0.0,0.0,0.0,0.0,0.0,0.0,282.0,6.0,1.0
2020,1,17,DAL,00-0036358,LambCe00,ceedee-lamb-1,CeeDee Lamb,False,WR,WR,O,Oklahoma,21.0,2025.0,1,5,5,65.0,,65.0,95.0,0.0,0.0,0.0,0.0,0.0,58.0,390.0,3.0,571.0,7416.0,41.0,4.0,,
2020,1,18,MIA,00-0036248,JackAu00,austin-jackson-2,Austin Jackson,False,T,OL,O,USC,21.0,2025.0,0,0,4,24.0,,24.0,62.0,0.0,0.0,0.0,0.0,0.0,0.0,0.0,0.0,0.0,0.0,0.0,1.0,,
2020,1,19,LVR,00-0036359,ArneDa00,damon-arnette-1,Damon Arnette,False,CB,DB,D,Ohio St.,24.0,2025.0,0,0,0,2.0,,2.0,15.0,0.0,0.0,0.0,0.0,0.0,0.0,0.0,0.0,0.0,0.0,0.0,26.0,,
2020,1,20,JAX,00-0036286,ChaiKL00,klavon-chaisson-1,K'Lavon Chaisson,False,DE,DL,D,LSU,21.0,2025.0,0,0,0,17.0,,7.0,88.0,0.0,0.0,0.0,0.0,0.0,0.0,0.0,0.0,0.0,0.0,0.0,85.0,1.0,17.5
2020,1,21,PHI,00-0036387,ReagJa00,jalen-reagor-1,Jalen Reagor,False,WR,WR,O,TCU,21.0,2024.0,0,0,2,10.0,,7.0,64.0,0.0,0.0,0.0,0.0,0.0,22.0,97.0,0.0,86.0,1037.0,4.0,3.0,,
2020,1,22,MIN,00-0036322,JeffJu00,justin-jefferson-1,Justin Jefferson,False,WR,WR,O,LSU,21.0,2025.0,2,4,5,65.0,,65.0,94.0,5.0,8.0,91.0,0.0,0.0,15.0,38.0,1.0,579.0,8480.0,42.0,2.0,,
2020,1,23,LAC,00-0036441,MurrKe00,kenneth-murray-1,Kenneth Murray,False,LB,LB,D,Oklahoma,21.0,2025.0,0,0,4,32.0,,22.0,90.0,0.0,0.0,0.0,0.0,0.0,0.0,0.0,0.0,0.0,0.0,0.0,309.0,3.0,9.5
2020,1,24,NOR,00-0036408,RuizCe00,cesar-ruiz-1,Cesar Ruiz,False,C,OL,O,Michigan,21.0,2025.0,0,0,5,29.0,,29.0,89.0,0.0,0.0,0.0,0.0,0.0,0.0,0.0,0.0,0.0,0.0,0.0,1.0,,
2020,1,25,SFO,00-0036261,AiyuBr00,brandon-aiyuk-1,Brandon Aiyuk,False,WR,WR,O,Arizona St.,22.0,2024.0,0,0,5,39.0,,39.0,69.0,0.0,0.0,0.0,0.0,0.0,13.0,117.0,2.0,294.0,4305.0,25.0,3.0,,
2020,1,26,GNB,00-0036264,LoveJo03,jordan-love-2,Jordan Love,False,QB,QB,O,Utah St.,21.0,2025.0,0,0,2,42.0,,42.0,57.0,981.0,1526.0,11535.0,83.0,31.0,135.0,555.0,5.0,0.0,0.0,0.0,,,
2020,1,27,SEA,00-0036409,BrooJo01,jordyn-brooks-1,Jordyn Brooks,False,LB,LB,D,Texas Tech,22.0,2025.0,1,0,4,43.0,,20.0,97.0,0.0,0.0,0.0,0.0,0.0,0.0,0.0,0.0,0.0,0.0,0.0,494.0,1.0,13.0
2020,1,28,BAL,00-0036323,QueePa00,patrick-queen-1,Patrick Queen,False,LB,LB,D,LSU,21.0,2025.0,0,2,5,54.0,,39.0,101.0,0.0,0.0,0.0,0.0,0.0,0.0,0.0,0.0,0.0,0.0,0.0,418.0,4.0,15.5
2020,1,29,TEN,00-0036445,WilsIs00,isaiah-wilson-1,Isaiah Wilson,False,T,OL,O,Georgia,21.0,2020.0,0,0,0,0.0,,0.0,1.0,0.0,0.0,0.0,0.0,0.0,0.0,0.0,0.0,0.0,0.0,0.0,,,
2020,1,30,MIA,00-0036287,IgbiNo00,noah-igbinoghene-1,Noah Igbinoghene,False,CB,DB,D,Auburn,20.0,2025.0,0,0,1,7.0,,4.0,69.0,0.0,0.0,0.0,0.0,0.0,0.0,0.0,0.0,0.0,0.0,0.0,80.0,1.0,1.0
2020,1,31,MIN,00-0036324,GladJe00,jeff-gladney-1,Jeff Gladney,False,CB,DB,D,TCU,23.0,2020.0,0,0,1,5.0,,5.0,16.0,0.0,0.0,0.0,0.0,0.0,0.0,0.0,0.0,0.0,0.0,0.0,63.0,,
2020,1,32,KAN,00-0036360,EdwaCl00,clyde-edwards-helaire-1,Clyde Edwards-Helaire,False,RB,RB,O,LSU,21.0,2025.0,0,0,1,18.0,,18.0,52.0,0.0,0.0,0.0,0.0,0.0,461.0,1904.0,12.0,94.0,798.0,7.0,,,
2020,2,33,CIN,00-0036410,HiggTe00,tee-higgins-1,Tee Higgins,False,WR,WR,O,Clemson,21.0,2025.0,0,1,4,43.0,,43.0,85.0,0.0,0.0,0.0,0.0,0.0,5.0,28.0,0.0,389.0,5441.0,45.0,1.0,,
2020,2,34,IND,00-0036252,PittMi01,michael-pittman-jr-1,Michael Pittman Jr.,False,WR,WR,O,USC,22.0,2025.0,0,0,5,44.0,,44.0,95.0,0.0,0.0,0.0,0.0,0.0,11.0,100.0,0.0,485.0,5254.0,25.0,5.0,,
2020,2,35,DET,00-0036275,SwifDA00,dandre-swift-1,D'Andre Swift,False,RB,RB,O,Georgia,21.0,2025.0,0,1,2,44.0,,17.0,89.0,0.0,1.0,0.0,0.0,0.0,1069.0,4775.0,38.0,271.0,2097.0,9.0,,,
2020,2,36,NYG,00-0036388,McKiXa00,xavier-mckinney-1,Xavier McKinney,False,S,DB,D,Alabama,22.0,2025.0,1,1,4,39.0,,15.0,82.0,0.0,0.0,0.0,0.0,0.0,0.0,0.0,0.0,0.0,0.0,0.0,294.0,19.0,3.5
2020,2,37,NWE,00-0036231,DuggKy00,,Kyle Dugger,False,S,DB,D,Lenoir-Rhyne,24.0,2025.0,0,0,4,28.0,,24.0,90.0,0.0,0.0,0.0,0.0,0.0,0.0,0.0,0.0,0.0,0.0,0.0,318.0,11.0,4.5
2020,2,38,CAR,00-0036288,GrosYe00,yetur-gross-matos-1,Yetur Gross-Matos,False,DE,DL,D,Penn St.,22.0,2025.0,0,0,1,18.0,,16.0,74.0,0.0,0.0,0.0,0.0,0.0,0.0,0.0,0.0,0.0,0.0,0.0,81.0,,17.0
2020,2,39,MIA,00-0036325,HuntRo01,robert-hunt-1,Robert Hunt,False,G,OL,O,Louisiana,24.0,2025.0,0,1,5,30.0,,22.0,79.0,0.0,0.0,0.0,0.0,0.0,1.0,0.0,0.0,0.0,0.0,0.0,,,
2020,2,40,HOU,00-0036289,BlacRo00,ross-blacklock-1,Ross Blacklock,False,DT,DL,D,TCU,22.0,2023.0,0,0,0,4.0,,3.0,44.0,0.0,0.0,0.0,0.0,0.0,0.0,0.0,0.0,0.0,0.0,0.0,27.0,,3.0
2020,2,41,IND,00-0036223,TaylJo02,jonathan-taylor-1,Jonathan Taylor,False,RB,RB,O,Wisconsin,21.0,2025.0,1,3,4,58.0,,58.0,84.0,0.0,0.0,0.0,0.0,0.0,1551.0,7598.0,69.0,187.0,1469.0,7.0,,,
2020,2,42,JAX,00-0036268,ShenLa00,laviska-shenault-jr-1,Laviska Shenault Jr.,False,WR,WR,O,Colorado,21.0,2024.0,0,0,1,13.0,,9.0,63.0,0.0,0.0,0.0,0.0,0.0,51.0,253.0,1.0,163.0,1587.0,6.0,6.0,,
2020,2,43,CHI,00-0036290,KmetCo00,cole-kmet-1,Cole Kmet,False,TE,TE,O,Notre Dame,21.0,2025.0,0,0,5,25.0,,25.0,100.0,0.0,1.0,0.0,0.0,0.0,7.0,8.0,0.0,288.0,2939.0,21.0,1.0,,
2020,2,44,CLE,00-0036282,DelpGr00,grant-delpit-1,Grant Delpit,False,S,DB,D,LSU,21.0,2025.0,0,0,3,26.0,,26.0,78.0,0.0,0.0,0.0,0.0,0.0,0.0,0.0,0.0,0.0,0.0,0.0,294.0,7.0,6.5
2020,2,45,TAM,00-0036411,WinfAn00,antoine-winfield-jr-1,Antoine Winfield Jr.,False,S,DB,D,Minnesota,22.0,2025.0,1,2,5,44.0,,44.0,85.0,0.0,0.0,0.0,0.0,0.0,0.0,0.0,0.0,0.0,0.0,0.0,353.0,9.0,18.0
2020,2,46,DEN,00-0036412,HamlKJ00,kj-hamler-1,KJ Hamler,False,WR,WR,O,Penn St.,21.0,2022.0,0,0,0,5.0,,5.0,23.0,0.0,0.0,0.0,0.0,0.0,11.0,63.0,0.0,42.0,620.0,3.0,,,
2020,2,47,ATL,00-0036291,DaviMa01,marlon-davidson-1,Marlon Davidson,False,DE,DL,D,Auburn,22.0,2025.0,0,0,0,5.0,,3.0,25.0,0.0,0.0,0.0,0.0,0.0,0.0,0.0,0.0,0.0,0.0,0.0,20.0,1.0,2.0
2020,2,48,SEA,00-0036413,TaylDa00,darrell-taylor-1,Darrell Taylor,False,DE,DL,D,Tennessee,23.0,2025.0,0,0,0,10.0,,9.0,69.0,0.0,0.0,0.0,0.0,0.0,0.0,0.0,0.0,0.0,0.0,0.0,88.0,,24.5
2020,2,49,PIT,00-0036326,ClayCh01,chase-claypool-1,Chase Claypool,False,WR,WR,O,Notre Dame,22.0,2023.0,0,0,1,19.0,,17.0,58.0,1.0,1.0,1.0,1.0,0.0,33.0,171.0,2.0,175.0,2261.0,13.0,7.0,,
2020,2,50,CHI,00-0036292,JohnJa13,jaylon-johnson-1,Jaylon Johnson,False,CB,DB,D,Utah,21.0,2025.0,0,2,5,30.0,,30.0,77.0,0.0,0.0,0.0,0.0,0.0,0.0,0.0,0.0,0.0,0.0,0.0,187.0,8.0,
2020,2,51,DAL,00-0036361,DiggTr00,trevon-diggs-1,Trevon Diggs,False,CB,DB,D,Alabama,21.0,2025.0,1,2,4,33.0,,33.0,67.0,0.0,0.0,0.0,0.0,0.0,0.0,0.0,0.0,0.0,0.0,0.0,201.0,20.0,1.0
2020,2,52,LAR,00-0036414,AkerCa00,cam-akers-1,Cam Akers,False,RB,RB,O,Florida St.,21.0,2025.0,0,0,1,13.0,,10.0,59.0,1.0,1.0,32.0,1.0,0.0,507.0,2044.0,13.0,52.0,388.0,4.0,,,
2020,2,53,PHI,00-0036389,HurtJa00,jalen-hurts-1,Jalen Hurts,False,QB,QB,O,Oklahoma,22.0,2025.0,0,3,4,79.0,,79.0,93.0,1542.0,2393.0,17891.0,110.0,45.0,779.0,3554.0,63.0,1.0,3.0,0.0,2.0,,
2020,2,54,BUF,00-0036192,EpenAJ00,aj-epenesa-1,A.J. Epenesa,False,DE,DL,D,Iowa,21.0,2025.0,0,0,1,18.0,,18.0,91.0,0.0,0.0,0.0,0.0,0.0,0.0,0.0,0.0,0.0,0.0,0.0,81.0,4.0,24.0
2020,2,55,BAL,00-0036158,DobbJK00,jk-dobbins-1,J.K. Dobbins,False,RB,RB,O,Ohio St.,21.0,2025.0,0,0,1,22.0,,10.0,47.0,0.0,0.0,0.0,0.0,0.0,582.0,3024.0,25.0,70.0,367.0,1.0,,,
2020,2,56,MIA,00-0036213,DaviRa03,raekwon-davis-1,Raekwon Davis,False,DT,DL,D,Alabama,23.0,2024.0,0,0,3,23.0,,22.0,80.0,0.0,0.0,0.0,0.0,0.0,0.0,0.0,0.0,0.0,0.0,0.0,66.0,,2.0
2020,2,57,LAR,00-0036415,JeffVa00,van-jefferson-1,Van Jefferson,False,WR,WR,O,Florida,24.0,2025.0,0,0,3,19.0,,13.0,94.0,0.0,0.0,0.0,0.0,0.0,4.0,23.0,0.0,166.0,2226.0,13.0,1.0,,
2020,2,58,MIN,00-0036327,ClevEz00,ezra-cleveland-1,Ezra Cleveland,False,T,OL,O,Boise St.,22.0,2025.0,0,0,4,33.0,,17.0,93.0,0.0,0.0,0.0,0.0,0.0,0.0,0.0,0.0,0.0,0.0,0.0,3.0,,
2020,2,59,NYJ,00-0036255,MimsDe00,denzel-mims-1,Denzel Mims,False,WR,WR,O,Baylor,22.0,2022.0,0,0,1,5.0,,5.0,30.0,0.0,0.0,0.0,0.0,0.0,0.0,0.0,0.0,42.0,676.0,0.0,,,
2020,2,60,NWE,00-0036159,UcheJo00,josh-uche-1,Joshua Uche,False,LB,LB,D,Michigan,21.0,2025.0,0,0,0,9.0,,8.0,76.0,0.0,0.0,0.0,0.0,0.0,0.0,0.0,0.0,0.0,0.0,0.0,79.0,,21.5
2020,2,61,TEN,00-0036416,FultKr00,kristian-fulton-1,Kristian Fulton,False,CB,DB,D,LSU,22.0,2025.0,0,0,4,18.0,,13.0,65.0,0.0,0.0,0.0,0.0,0.0,0.0,0.0,0.0,0.0,0.0,0.0,167.0,5.0,1.0
2020,2,62,GNB,00-0036265,DillAJ00,aj-dillon-1,AJ Dillon,False,RB,RB,O,Boston Col.,22.0,2025.0,0,0,0,24.0,,23.0,67.0,0.0,0.0,0.0,0.0,0.0,609.0,2488.0,16.0,89.0,784.0,2.0,3.0,,
2020,2,63,KAN,00-0036362,GayJWi00,willie-gay-1,Willie Gay Jr.,False,LB,LB,D,Mississippi St.,22.0,2025.0,0,0,5,27.0,,21.0,89.0,0.0,0.0,0.0,0.0,0.0,0.0,0.0,0.0,0.0,0.0,0.0,179.0,4.0,9.0
2020,2,64,CAR,00-0036293,ChinJe00,,Jeremy Chinn,False,S,DB,D,Southern Illinois,22.0,2025.0,0,0,4,41.0,,32.0,86.0,0.0,0.0,0.0,0.0,0.0,2.0,29.0,0.0,0.0,0.0,0.0,348.0,3.0,7.0
2020,3,65,CIN,00-0036294,WilsLo00,logan-wilson-1,Logan Wilson,False,LB,LB,D,Wyoming,24.0,2025.0,0,0,4,32.0,,31.0,83.0,0.0,0.0,0.0,0.0,0.0,0.0,0.0,0.0,0.0,0.0,0.0,330.0,11.0,5.5
2020,3,66,WAS,00-0036328,GibsAn00,antonio-gibson-2,Antonio Gibson,False,RB,RB,O,Memphis,22.0,2025.0,0,0,2,29.0,,23.0,83.0,0.0,0.0,0.0,0.0,0.0,787.0,3287.0,24.0,197.0,1495.0,7.0,1.0,,
2020,3,67,DET,00-0036249,OkwaJu00,julian-okwara-1,Julian Okwara,False,DE,DL,D,Notre Dame,22.0,2024.0,0,0,0,5.0,,4.0,51.0,0.0,0.0,0.0,0.0,0.0,0.0,0.0,0.0,0.0,0.0,0.0,45.0,1.0,10.0
2020,3,68,NYJ,00-0036329,DaviAs00,ashtyn-davis-1,Ashtyn Davis,False,S,DB,D,California,23.0,2025.0,0,0,1,14.0,,10.0,84.0,0.0,0.0,0.0,0.0,0.0,4.0,26.0,0.0,0.0,0.0,0.0,162.0,9.0,0.5
2020,3,69,SEA,00-0036417,LewiDa05,damien-lewis-2,Damien Lewis,False,G,OL,O,LSU,23.0,2025.0,0,0,5,35.0,,26.0,93.0,0.0,0.0,0.0,0.0,0.0,0.0,0.0,0.0,0.0,0.0,0.0,2.0,,
2020,3,70,MIA,00-0036221,JoneBr06,brandon-jones-13,Brandon Jones,False,S,DB,D,Texas,22.0,2025.0,0,0,2,21.0,,10.0,84.0,0.0,0.0,0.0,0.0,0.0,0.0,0.0,0.0,0.0,0.0,0.0,273.0,7.0,8.5
2020,3,71,BAL,00-0036130,MaduJu00,justin-madubuike-1,Nnamdi Madubuike,False,DT,DL,D,Texas A&M,22.0,2025.0,0,2,4,38.0,,38.0,78.0,0.0,0.0,0.0,0.0,0.0,0.0,0.0,0.0,0.0,0.0,0.0,124.0,,30.0
2020,3,72,ARI,00-0036363,JoneJo07,josh-jones-4,Josh Jones,False,T,OL,O,Houston,23.0,2025.0,0,0,2,17.0,,13.0,90.0,0.0,0.0,0.0,0.0,0.0,0.0,0.0,0.0,0.0,0.0,0.0,,,
2020,3,73,JAX,00-0036262,HamiDa02,davon-hamilton-1,DaVon Hamilton,False,DT,DL,D,Ohio St.,23.0,2025.0,0,0,2,25.0,,25.0,86.0,0.0,0.0,0.0,0.0,0.0,0.0,0.0,0.0,0.0,0.0,0.0,123.0,,5.5
2020,3,74,NOR,00-0036418,BaunZa00,zack-baun-1,Zack Baun,False,LB,LB,D,Wisconsin,23.0,2025.0,1,2,1,39.0,,9.0,94.0,0.0,0.0,0.0,0.0,0.0,0.0,0.0,0.0,0.0,0.0,0.0,217.0,4.0,9.0
2020,3,75,DET,00-0036258,JackJo03,jonah-jackson-1,Jonah Jackson,False,G,OL,O,Ohio St.,23.0,2025.0,0,1,4,32.0,,25.0,78.0,0.0,0.0,0.0,0.0,0.0,0.0,0.0,0.0,0.0,0.0,0.0,1.0,,
2020,3,76,TAM,00-0036450,VaugKe00,keshawn-vaughn-1,Ke'Shawn Vaughn,False,RB,RB,O,Illinois,23.0,2024.0,0,0,0,2.0,,2.0,46.0,0.0,0.0,0.0,0.0,0.0,105.0,388.0,2.0,14.0,81.0,1.0,,,
2020,3,77,DEN,00-0036390,OjemMi00,michael-ojemudia-1,Michael Ojemudia,False,CB,DB,D,Iowa,22.0,2022.0,0,0,0,4.0,,4.0,22.0,0.0,0.0,0.0,0.0,0.0,0.0,0.0,0.0,0.0,0.0,0.0,63.0,,
2020,3,78,ATL,00-0036295,HennMa00,matt-hennessy-1,Matt Hennessy,False,C,OL,O,Temple,22.0,2025.0,0,0,1,11.0,,10.0,64.0,0.0,0.0,0.0,0.0,0.0,0.0,0.0,0.0,0.0,0.0,0.0,,,
2020,3,79,NYJ,00-0036296,ZuniJa00,jabari-zuniga-1,Jabari Zuniga,False,DE,DL,D,Florida,23.0,2022.0,0,0,0,1.0,,1.0,12.0,0.0,0.0,0.0,0.0,0.0,0.0,0.0,0.0,0.0,0.0,0.0,6.0,,1.0
2020,3,80,LVR,00-0036364,BowdLy00,lynn-bowden-jr-1,Lynn Bowden Jr.,False,WR,WR,O,Kentucky,22.0,2023.0,0,0,0,3.0,,,26.0,1.0,2.0,32.0,0.0,0.0,14.0,64.0,0.0,39.0,294.0,0.0,,,
2020,3,81,LVR,00-0036365,EdwaBr01,bryan-edwards-1,Bryan Edwards,False,WR,WR,O,South Carolina,21.0,2022.0,0,0,1,6.0,,6.0,35.0,0.0,0.0,0.0,0.0,0.0,1.0,0.0,0.0,48.0,779.0,4.0,,,
2020,3,82,DAL,00-0036366,GallNe00,neville-gallimore-1,Neville Gallimore,False,DT,DL,D,Oklahoma,23.0,2025.0,0,0,1,14.0,,8.0,83.0,0.0,0.0,0.0,0.0,0.0,0.0,0.0,0.0,0.0,0.0,0.0,65.0,,7.5
2020,3,83,DEN,00-0036391,CushLl00,lloyd-cushenberry-iii-1,Lloyd Cushenberry III,False,C,OL,O,LSU,22.0,2025.0,0,0,4,26.0,,21.0,80.0,0.0,0.0,0.0,0.0,0.0,0.0,0.0,0.0,0.0,0.0,0.0,,,
2020,3,84,LAR,00-0036419,LewiTe00,terrell-lewis-2,Terrell Lewis,False,LB,LB,D,Alabama,22.0,2022.0,0,0,0,5.0,,5.0,30.0,0.0,0.0,0.0,0.0,0.0,0.0,0.0,0.0,0.0,0.0,0.0,27.0,1.0,6.0
2020,3,85,IND,00-0036253,BlacJu01,julian-blackmon-1,Julian Blackmon,False,S,DB,D,Utah,22.0,2025.0,0,0,4,20.0,,20.0,67.0,0.0,0.0,0.0,0.0,0.0,0.0,0.0,0.0,0.0,0.0,0.0,229.0,10.0,1.5
2020,3,86,BUF,00-0036251,MossZa00,zack-moss-1,Zack Moss,False,RB,RB,O,Utah,22.0,2024.0,0,0,1,18.0,,8.0,61.0,0.0,0.0,0.0,0.0,0.0,558.0,2318.0,16.0,98.0,710.0,5.0,1.0,,
2020,3,87,NWE,00-0036193,JennAn00,anfernee-jennings-1,Anfernee Jennings,False,LB,LB,D,Alabama,23.0,2025.0,0,0,2,22.0,,22.0,75.0,0.0,0.0,0.0,0.0,0.0,0.0,0.0,0.0,0.0,0.0,0.0,132.0,,7.5
2020,3,88,CLE,00-0036266,ElliJo02,jordan-elliott-1,Jordan Elliott,False,DT,DL,D,Texas,22.0,2025.0,0,0,3,27.0,,17.0,97.0,0.0,0.0,0.0,0.0,0.0,0.0,0.0,0.0,0.0,0.0,0.0,69.0,,5.0
2020,3,89,MIN,00-0036330,DantCa00,cameron-dantzler-1,Cameron Dantzler,False,CB,DB,D,Mississippi St.,22.0,2023.0,0,0,2,10.0,,10.0,37.0,0.0,0.0,0.0,0.0,0.0,0.0,0.0,0.0,0.0,0.0,0.0,125.0,3.0,
2020,3,90,HOU,00-0036224,GreeJo04,jonathan-greenard-1,Jonathan Greenard,False,DE,DL,D,Florida,23.0,2025.0,0,1,3,32.0,,15.0,77.0,0.0,0.0,0.0,0.0,0.0,0.0,0.0,0.0,0.0,0.0,0.0,138.0,1.0,38.0
2020,3,91,NWE,00-0036194,AsiaDe00,devin-asiasi-1,Devin Asiasi,False,TE,TE,O,UCLA,23.0,2022.0,0,0,0,0.0,,0.0,22.0,0.0,0.0,0.0,0.0,0.0,0.0,0.0,0.0,4.0,44.0,1.0,,,
2020,3,92,BAL,00-0036331,DuveDe00,devin-duvernay-1,Devin Duvernay,False,WR,WR,O,Texas,22.0,2025.0,1,2,1,12.0,,12.0,89.0,0.0,0.0,0.0,0.0,0.0,31.0,222.0,1.0,107.0,1003.0,5.0,3.0,,
2020,3,93,TEN,00-0036297,EvanDa02,darrynton-evans-1,Darrynton Evans,False,RB,RB,O,Appalachian St.,22.0,2024.0,0,0,0,3.0,,1.0,24.0,0.0,0.0,0.0,0.0,0.0,65.0,249.0,1.0,12.0,120.0,1.0,2.0,,
2020,3,94,GNB,00-0036332,DeguJo00,josiah-deguara-1,Josiah Deguara,False,TE,TE,O,Cincinnati,23.0,2025.0,0,0,0,4.0,,4.0,77.0,0.0,0.0,0.0,0.0,0.0,0.0,0.0,0.0,53.0,471.0,3.0,9.0,,
2020,3,95,DEN,00-0036420,AgimMc00,mctelvin-agim-1,McTelvin Agim,False,DT,DL,D,Arkansas,22.0,2023.0,0,0,0,2.0,,2.0,18.0,0.0,0.0,0.0,0.0,0.0,0.0,0.0,0.0,0.0,0.0,0.0,4.0,,1.5
2020,3,96,KAN,00-0036367,NianLu00,lucas-niang-1,Lucas Niang,False,T,OL,O,TCU,22.0,2023.0,0,0,0,8.0,,8.0,33.0,0.0,0.0,0.0,0.0,0.0,0.0,0.0,0.0,0.0,0.0,0.0,2.0,,
2020,3,97,CLE,00-0036276,PhilJa01,jacob-phillips-1,Jacob Phillips,False,LB,LB,D,LSU,21.0,2022.0,0,0,0,5.0,,5.0,20.0,0.0,0.0,0.0,0.0,0.0,0.0,0.0,0.0,0.0,0.0,0.0,57.0,,3.0
2020,3,98,BAL,00-0036280,HarrMa06,malik-harrison-1,Malik Harrison,False,LB,LB,D,Ohio St.,22.0,2025.0,0,0,0,19.0,,16.0,87.0,0.0,0.0,0.0,0.0,0.0,0.0,0.0,0.0,0.0,0.0,0.0,120.0,,2.0
2020,3,99,NYG,00-0036392,PearMa00,matt-peart-1,Matt Peart,False,T,OL,O,Connecticut,23.0,2025.0,0,0,0,7.0,,5.0,66.0,0.0,0.0,0.0,0.0,0.0,0.0,0.0,0.0,0.0,0.0,0.0,,,
2020,3,100,LVR,00-0036368,MuseTa00,tanner-muse-1,Tanner Muse,False,S,DB,D,Clemson,24.0,2024.0,0,0,0,2.0,,,36.0,0.0,0.0,0.0,0.0,0.0,0.0,0.0,0.0,0.0,0.0,0.0,15.0,,
2020,3,101,NWE,00-0036225,KeenDa00,dalton-keene-1,Dalton Keene,False,TE,TE,O,Virginia Tech,21.0,2023.0,0,0,0,0.0,,0.0,7.0,0.0,0.0,0.0,0.0,0.0,0.0,0.0,0.0,3.0,16.0,0.0,,,
2020,3,102,PIT,00-0036333,HighAl02,alex-highsmith-1,Alex Highsmith,False,LB,LB,D,Charlotte,23.0,2025.0,0,0,4,35.0,,35.0,90.0,0.0,0.0,0.0,0.0,0.0,0.0,0.0,0.0,0.0,0.0,0.0,212.0,3.0,45.0
2020,3,103,PHI,00-0036393,TaylDa01,davion-taylor-1,Davion Taylor,False,LB,LB,D,Colorado,22.0,2021.0,0,0,0,3.0,,3.0,21.0,0.0,0.0,0.0,0.0,0.0,0.0,0.0,0.0,0.0,0.0,0.0,31.0,,
2020,3,104,LAR,00-0036421,BurgTe00,terrell-burgess-1,Terrell Burgess,False,S,DB,D,Utah,21.0,2025.0,0,0,0,4.0,,2.0,59.0,0.0,0.0,0.0,0.0,0.0,0.0,0.0,0.0,0.0,0.0,0.0,45.0,,
2020,3,105,NOR,00-0036422,TrauAd00,,Adam Trautman,False,TE,TE,O,Dayton,23.0,2025.0,0,0,3,11.0,,6.0,94.0,0.0,0.0,0.0,0.0,0.0,0.0,0.0,0.0,115.0,1228.0,10.0,2.0,,
2020,3,106,BAL,00-0036214,PhilTy00,tyre-phillips-1,Tyre Phillips,False,T,OL,O,Mississippi St.,23.0,2024.0,0,0,1,11.0,,6.0,47.0,0.0,0.0,0.0,0.0,0.0,0.0,0.0,0.0,0.0,0.0,0.0,,,
2020,4,107,CIN,00-0036298,DaviAk01,akeem-davis-gaither-1,Akeem Davis-Gaither,False,LB,LB,D,Appalachian St.,22.0,2025.0,0,0,0,14.0,,9.0,88.0,0.0,0.0,0.0,0.0,0.0,0.0,0.0,0.0,0.0,0.0,0.0,173.0,3.0,0.5
2020,4,108,WAS,00-0036334,CharSa00,saahdiq-charles-1,Saahdiq Charles,False,T,OL,O,LSU,21.0,2025.0,0,0,1,8.0,,8.0,37.0,0.0,0.0,0.0,0.0,0.0,0.0,0.0,0.0,0.0,0.0,0.0,,,
2020,4,109,LVR,00-0036369,SimpJo00,john-simpson-3,John Simpson,False,G,OL,O,Clemson,23.0,2025.0,0,0,3,28.0,,9.0,86.0,0.0,0.0,0.0,0.0,0.0,0.0,0.0,0.0,0.0,0.0,0.0,,,
2020,4,110,NYG,00-0036394,HolmDa01,darnay-holmes-1,Darnay Holmes,False,CB,DB,D,UCLA,22.0,2025.0,0,0,0,8.0,,7.0,83.0,0.0,0.0,0.0,0.0,0.0,0.0,0.0,0.0,0.0,0.0,0.0,116.0,4.0,1.5
2020,4,111,MIA,00-0036131,KindSo00,solomon-kindley-1,Solomon Kindley,False,G,OL,O,Georgia,23.0,2021.0,0,0,1,6.0,,6.0,29.0,0.0,0.0,0.0,0.0,0.0,0.0,0.0,0.0,0.0,0.0,0.0,,,
2020,4,112,LAC,00-0036370,KellJo01,joshua-kelley-1,Joshua Kelley,False,RB,RB,O,UCLA,22.0,2024.0,0,0,0,9.0,,9.0,57.0,0.0,0.0,0.0,0.0,0.0,321.0,1150.0,6.0,50.0,319.0,0.0,1.0,,
2020,4,113,CAR,00-0036299,PridTr00,troy-pride-jr-1,Troy Pride Jr.,False,CB,DB,D,Notre Dame,22.0,2024.0,0,0,0,3.0,,3.0,17.0,0.0,0.0,0.0,0.0,0.0,0.0,0.0,0.0,0.0,0.0,0.0,29.0,,
2020,4,114,ARI,00-0036371,FotuLe00,leki-fotu-1,Leki Fotu,False,DT,DL,D,Utah,22.0,2025.0,0,0,2,11.0,,9.0,66.0,0.0,0.0,0.0,0.0,0.0,0.0,0.0,0.0,0.0,0.0,0.0,46.0,,4.5
2020,4,115,CLE,00-0036232,BryaHa00,harrison-bryant-1,Harrison Bryant,False,TE,TE,O,Florida Atlantic,22.0,2025.0,0,0,3,7.0,,7.0,90.0,0.0,0.0,0.0,0.0,0.0,6.0,16.0,0.0,100.0,884.0,10.0,7.0,,
2020,4,116,JAX,00-0036272,BartBe00,,Ben Bartch,False,G,OL,O,Saint John's (MN),22.0,2025.0,0,0,1,9.0,,8.0,55.0,0.0,0.0,0.0,0.0,0.0,0.0,0.0,0.0,0.0,0.0,0.0,,,
2020,4,117,MIN,00-0036335,WonnDJ00,dj-wonnum-1,D.J. Wonnum,False,DE,DL,D,South Carolina,22.0,2025.0,0,0,2,26.0,,17.0,86.0,0.0,0.0,0.0,0.0,0.0,0.0,0.0,0.0,0.0,0.0,0.0,142.0,1.0,30.0
2020,4,118,DEN,00-0036423,OkwuAl00,albert-okwuegbunam-1,Albert Okwuegbunam,False,TE,TE,O,Missouri,22.0,2025.0,0,0,0,5.0,,5.0,31.0,0.0,0.0,0.0,0.0,0.0,0.0,0.0,0.0,59.0,582.0,4.0,,,
2020,4,119,ATL,00-0036300,WalkMy00,mykal-walker-1,Mykal Walker,False,LB,LB,D,Fresno St.,23.0,2025.0,0,0,2,16.0,,11.0,88.0,0.0,0.0,0.0,0.0,0.0,0.0,0.0,0.0,0.0,0.0,0.0,142.0,4.0,1.0
2020,4,120,NYJ,00-0036269,PeriLa00,lamical-perine-1,La'Mical Perine,False,RB,RB,O,Florida,22.0,2023.0,0,0,0,3.0,,2.0,17.0,0.0,0.0,0.0,0.0,0.0,94.0,340.0,2.0,14.0,96.0,0.0,,,
2020,4,121,DET,00-0036234,StenLo00,logan-stenberg-1,Logan Stenberg,False,G,OL,O,Kentucky,23.0,2022.0,0,0,0,3.0,,3.0,25.0,0.0,0.0,0.0,0.0,0.0,0.0,0.0,0.0,0.0,0.0,0.0,,,
2020,4,122,IND,00-0036226,EasoJa00,jacob-eason-1,Jacob Eason,False,QB,QB,O,Washington,22.0,2022.0,0,0,0,0.0,,0.0,2.0,5.0,10.0,84.0,0.0,2.0,0.0,0.0,0.0,0.0,0.0,0.0,,,
2020,4,123,DAL,00-0036372,RobiRe00,reginald-robinson-ii-1,Reggie Robinson II,False,CB,DB,D,Tulsa,23.0,2020.0,0,0,0,0.0,,0.0,5.0,0.0,0.0,0.0,0.0,0.0,0.0,0.0,0.0,0.0,0.0,0.0,1.0,,
2020,4,124,PIT,00-0036336,McFaAn00,anthony-mcfarland-2,Anthony McFarland Jr.,False,RB,RB,O,Maryland,22.0,2023.0,0,0,0,1.0,,1.0,17.0,0.0,0.0,0.0,0.0,0.0,42.0,146.0,0.0,11.0,87.0,0.0,,,
2020,4,125,NYJ,00-0036301,MorgJa00,james-morgan-1,James Morgan,False,QB,QB,O,Florida International,23.0,,0,0,0,,,,,,,,,,,,,,,,,,
2020,4,126,HOU,00-0036195,HeckCh00,charlie-heck-1,Charlie Heck,False,T,OL,O,North Carolina,23.0,2025.0,0,0,1,15.0,,9.0,67.0,0.0,0.0,0.0,0.0,0.0,0.0,0.0,0.0,0.0,8.0,0.0,,,
2020,4,127,PHI,00-0036395,WallKV00,kvon-wallace-1,K'Von Wallace,False,S,DB,D,Clemson,23.0,2025.0,0,0,0,9.0,,4.0,74.0,0.0,0.0,0.0,0.0,0.0,0.0,0.0,0.0,0.0,0.0,0.0,126.0,1.0,
2020,4,128,BUF,00-0036196,DaviGa01,gabriel-davis-1,Gabriel Davis,False,WR,WR,O,Central Florida,21.0,2025.0,0,0,4,28.0,,26.0,80.0,0.0,0.0,0.0,0.0,0.0,2.0,-2.0,0.0,195.0,3098.0,30.0,3.0,,
2020,4,129,NYJ,00-0036263,ClarCa00,cameron-clark-2,Cameron Clark,False,T,OL,O,Charlotte,22.0,,0,0,0,,,,,,,,,,,,,,,,,,
2020,4,130,MIN,00-0036337,LyncJa00,james-lynch-3,James Lynch,False,DT,DL,D,Baylor,21.0,2025.0,0,0,0,6.0,,5.0,71.0,0.0,0.0,0.0,0.0,0.0,0.0,0.0,0.0,0.0,0.0,0.0,51.0,,3.5
2020,4,131,ARI,00-0036373,LawrRa01,rashard-lawrence-1,Rashard Lawrence,False,DT,DL,D,LSU,22.0,2022.0,0,0,0,6.0,,6.0,25.0,0.0,0.0,0.0,0.0,0.0,0.0,0.0,0.0,0.0,0.0,0.0,21.0,,
2020,4,132,MIN,00-0036338,DyexTr00,troy-dye-1,Troy Dye,False,LB,LB,D,Oregon,23.0,2025.0,0,0,1,14.0,,6.0,93.0,0.0,0.0,0.0,0.0,0.0,0.0,0.0,0.0,0.0,0.0,0.0,106.0,,3.5
2020,4,133,SEA,00-0036244,ParkCo02,colby-parkinson-1,Colby Parkinson,False,TE,TE,O,Stanford,21.0,2025.0,0,0,1,11.0,,5.0,86.0,0.0,0.0,0.0,0.0,0.0,0.0,0.0,0.0,130.0,1320.0,13.0,1.0,,
2020,4,134,ATL,00-0036302,HawkJa00,jaylinn-hawkins-1,Jaylinn Hawkins,False,S,DB,D,California,23.0,2025.0,0,0,1,17.0,,9.0,90.0,0.0,0.0,0.0,0.0,0.0,0.0,0.0,0.0,0.0,0.0,0.0,144.0,8.0,2.0
2020,4,135,PIT,00-0036339,DotsKe00,kevin-dotson-1,Kevin Dotson,False,G,OL,O,Louisiana,23.0,2025.0,0,0,3,32.0,,10.0,84.0,0.0,0.0,0.0,0.0,0.0,0.0,0.0,0.0,0.0,0.0,0.0,,,
2020,4,136,LAR,00-0036424,HopkBr01,brycen-hopkins-1,Brycen Hopkins,False,TE,TE,O,Purdue,23.0,2023.0,0,0,0,2.0,,2.0,39.0,0.0,0.0,0.0,0.0,0.0,0.0,0.0,0.0,13.0,196.0,0.0,1.0,,
2020,4,137,JAX,00-0036303,ScotJo00,josiah-scott-1,Josiah Scott,False,CB,DB,D,Michigan St.,21.0,2023.0,0,0,0,3.0,,0.0,39.0,0.0,0.0,0.0,0.0,0.0,0.0,0.0,0.0,0.0,0.0,0.0,38.0,2.0,1.0
2020,4,138,KAN,00-0036374,SneeLJ00,ljarius-sneed-1,L'Jarius Sneed,False,S,DB,D,Louisiana Tech,23.0,2025.0,0,0,3,22.0,,19.0,69.0,0.0,0.0,0.0,0.0,0.0,0.0,0.0,0.0,0.0,0.0,0.0,260.0,10.0,6.5
2020,4,139,LVR,00-0036375,RobeAm00,amik-robertson-1,Amik Robertson,False,CB,DB,D,Louisiana Tech,22.0,2025.0,0,0,1,14.0,,9.0,86.0,0.0,0.0,0.0,0.0,0.0,0.0,0.0,0.0,0.0,0.0,0.0,167.0,5.0,2.0
2020,4,140,JAX,00-0036235,QuarSh00,shaquille-quarterman-1,Shaquille Quarterman,False,LB,LB,D,Miami (FL),22.0,2024.0,0,0,0,5.0,,4.0,74.0,0.0,0.0,0.0,0.0,0.0,0.0,0.0,0.0,0.0,0.0,0.0,34.0,,
2020,4,141,HOU,00-0036304,ReidJo00,john-reid-1,John Reid,False,CB,DB,D,Penn St.,24.0,2022.0,0,0,0,2.0,,1.0,27.0,0.0,0.0,0.0,0.0,0.0,0.0,0.0,0.0,0.0,0.0,0.0,23.0,,
2020,4,142,WAS,00-0036340,GandAn00,antonio-gandy-golden-1,Antonio Gandy-Golden,False,WR,WR,O,Liberty,22.0,2021.0,0,0,0,0.0,,0.0,10.0,0.0,0.0,0.0,0.0,0.0,1.0,22.0,0.0,1.0,3.0,0.0,,,
2020,4,143,BAL,00-0036132,BredBe00,ben-bredeson-1,Ben Bredeson,False,G,OL,O,Michigan,22.0,2025.0,0,0,2,21.0,,1.0,73.0,0.0,0.0,0.0,0.0,0.0,0.0,0.0,0.0,1.0,0.0,0.0,,,
2020,4,144,SEA,00-0036425,DallDe00,deejay-dallas-1,DeeJay Dallas,False,RB,RB,O,Miami (FL),21.0,2025.0,0,0,0,7.0,,6.0,84.0,0.0,1.0,0.0,0.0,1.0,124.0,538.0,4.0,64.0,407.0,2.0,18.0,,
2020,4,145,PHI,00-0036396,DrisJa00,jack-driscoll-2,Jack Driscoll,False,G,OL,O,Auburn,23.0,2024.0,0,0,0,12.0,,12.0,67.0,0.0,0.0,0.0,0.0,0.0,0.0,0.0,0.0,0.0,0.0,0.0,,,
2020,4,146,DAL,00-0036376,BiadTy00,tyler-biadasz-1,Tyler Biadasz,False,C,OL,O,Wisconsin,22.0,2025.0,0,1,4,36.0,,24.0,92.0,0.0,0.0,0.0,0.0,0.0,0.0,0.0,0.0,0.0,0.0,0.0,2.0,,
2020,5,147,CIN,00-0036341,KareKh00,khalid-kareem-1,Khalid Kareem,False,DE,DL,D,Notre Dame,22.0,2025.0,0,0,0,2.0,,2.0,34.0,0.0,0.0,0.0,0.0,0.0,0.0,0.0,0.0,0.0,0.0,0.0,20.0,,1.0
2020,5,148,SEA,00-0036426,RobiAl03,alton-robinson-1,Alton Robinson,False,DE,DL,D,Syracuse,22.0,2021.0,0,0,0,4.0,,4.0,30.0,0.0,0.0,0.0,0.0,0.0,0.0,0.0,0.0,0.0,0.0,0.0,26.0,,5.0
2020,5,149,IND,00-0036215,PintDa00,danny-pinter-1,Danny Pinter,False,G,OL,O,Ball St.,24.0,2025.0,0,0,0,7.0,,7.0,77.0,0.0,0.0,0.0,0.0,0.0,0.0,0.0,0.0,1.0,2.0,1.0,1.0,,
2020,5,150,NYG,00-0036397,LemiSh00,shane-lemieux-1,Shane Lemieux,False,G,OL,O,Oregon,23.0,2024.0,0,0,1,5.0,,3.0,25.0,0.0,0.0,0.0,0.0,0.0,0.0,0.0,0.0,0.0,0.0,0.0,,,
2020,5,151,LAC,00-0036377,ReedJo03,joe-reed-4,Joe Reed,False,WR,WR,O,Virginia,22.0,2020.0,0,0,0,0.0,,0.0,11.0,0.0,0.0,0.0,0.0,0.0,5.0,29.0,1.0,0.0,0.0,0.0,1.0,,
2020,5,152,CAR,00-0036283,RobiKe02,kenny-robinson-4,Kenny Robinson Jr.,False,S,DB,D,West Virginia,21.0,2021.0,0,0,0,1.0,,1.0,19.0,0.0,0.0,0.0,0.0,0.0,0.0,0.0,0.0,0.0,0.0,0.0,12.0,,
2020,5,153,SFO,00-0036256,McKiCo00,colton-mckivitz-1,Colton McKivitz,False,T,OL,O,West Virginia,24.0,2025.0,0,0,2,24.0,,24.0,79.0,0.0,0.0,0.0,0.0,0.0,0.0,0.0,0.0,0.0,0.0,0.0,1.0,,
2020,5,154,MIA,00-0036160,StroJa02,jason-strowbridge-1,Jason Strowbridge,False,DE,DL,D,North Carolina,23.0,2020.0,0,0,0,1.0,,1.0,8.0,0.0,0.0,0.0,0.0,0.0,0.0,0.0,0.0,0.0,0.0,0.0,1.0,,
2020,5,155,CHI,00-0036305,GipsTr00,trevis-gipson-1,Trevis Gipson,False,DE,DL,D,Tulsa,23.0,2025.0,0,0,1,11.0,,9.0,66.0,0.0,0.0,0.0,0.0,0.0,0.0,0.0,0.0,0.0,0.0,0.0,48.0,,12.0
2020,5,156,WAS,00-0036342,IsmaKe00,keith-ismael-1,Keith Ismael,False,C,OL,O,San Diego St.,22.0,2023.0,0,0,0,3.0,,2.0,31.0,0.0,0.0,0.0,0.0,0.0,0.0,0.0,0.0,0.0,0.0,0.0,,,
2020,5,157,JAX,00-0036306,ThomDa07,daniel-thomas-3,Daniel Thomas,False,S,DB,D,Auburn,22.0,2025.0,0,0,0,5.0,,5.0,83.0,0.0,0.0,0.0,0.0,0.0,0.0,0.0,0.0,0.0,0.0,0.0,60.0,1.0,
2020,5,158,NYJ,00-0036241,HallBr02,bryce-hall-1,Bryce Hall,False,CB,DB,D,Virginia,22.0,2024.0,0,0,2,10.0,,10.0,40.0,0.0,0.0,0.0,0.0,0.0,0.0,0.0,0.0,0.0,0.0,0.0,104.0,2.0,0.5
2020,5,159,NWE,00-0036161,RohrJu00,justin-rohrwasser-1,Justin Rohrwasser,False,K,K,S,Marshall,23.0,,0,0,0,,,,,,,,,,,,,,,,,,
2020,5,160,CLE,00-0036236,HarrNi01,nick-harris-3,Nick Harris,False,C,OL,O,Washington,21.0,2024.0,0,0,0,5.0,,5.0,45.0,0.0,0.0,0.0,0.0,0.0,0.0,0.0,0.0,0.0,0.0,0.0,1.0,,
2020,5,161,TAM,00-0036427,JohnTy00,tyler-johnson-6,Tyler Johnson,False,WR,WR,O,Minnesota,22.0,2025.0,0,0,0,9.0,,5.0,61.0,0.0,0.0,0.0,0.0,0.0,0.0,0.0,0.0,88.0,1025.0,5.0,1.0,,
2020,5,162,WAS,00-0036343,HudsKh00,khaleke-hudson-1,Khaleke Hudson,False,LB,LB,D,Michigan,22.0,2024.0,0,0,0,7.0,,7.0,75.0,0.0,0.0,0.0,0.0,0.0,0.0,0.0,0.0,0.0,0.0,0.0,66.0,,1.0
2020,5,163,CHI,00-0036307,VildKi00,kindle-vildor-1,Kindle Vildor,False,CB,DB,D,Georgia Southern,22.0,2025.0,0,0,2,10.0,,7.0,80.0,0.0,0.0,0.0,0.0,0.0,0.0,0.0,0.0,0.0,0.0,0.0,98.0,2.0,1.0
2020,5,164,MIA,00-0036216,WeavCu00,curtis-weaver-1,Curtis Weaver,False,DE,DL,D,Boise St.,22.0,2021.0,0,0,0,0.0,,,1.0,0.0,0.0,0.0,0.0,0.0,0.0,0.0,0.0,0.0,0.0,0.0,,,
2020,5,165,JAX,00-0036254,JohnCo01,collin-johnson-2,Collin Johnson,False,WR,WR,O,Texas,22.0,2024.0,0,0,0,3.0,,2.0,38.0,0.0,0.0,0.0,0.0,0.0,0.0,0.0,0.0,31.0,394.0,2.0,3.0,,
2020,5,166,DET,00-0036277,CephQu00,quintez-cephus-1,Quintez Cephus,False,WR,WR,O,Wisconsin,22.0,2022.0,0,0,0,5.0,,5.0,22.0,0.0,0.0,0.0,0.0,0.0,0.0,0.0,0.0,37.0,568.0,4.0,4.0,,
2020,5,167,BUF,00-0036197,FromJa00,jake-fromm-1,Jake Fromm,False,QB,QB,O,Georgia,22.0,2021.0,0,0,0,1.0,,,3.0,27.0,60.0,210.0,1.0,3.0,8.0,65.0,0.0,0.0,0.0,0.0,,,
2020,5,168,PHI,00-0036398,HighJo00,john-hightower-1,John Hightower,False,WR,WR,O,Boise St.,24.0,2021.0,0,0,0,1.0,,1.0,14.0,0.0,0.0,0.0,0.0,0.0,1.0,1.0,0.0,10.0,167.0,0.0,,,
2020,5,169,MIN,00-0036344,HandHa00,harrison-hand-2,Harrison Hand,False,CB,DB,D,Temple,21.0,2022.0,0,0,0,2.0,,2.0,27.0,0.0,0.0,0.0,0.0,0.0,0.0,0.0,0.0,0.0,0.0,0.0,28.0,1.0,
2020,5,170,BAL,00-0036081,WashBr01,broderick-washington-1,Broderick Washington Jr.,False,DT,DL,D,Texas Tech,23.0,2025.0,0,0,1,15.0,,15.0,73.0,0.0,0.0,0.0,0.0,0.0,0.0,0.0,0.0,0.0,0.0,0.0,53.0,,6.0
2020,5,171,HOU,00-0036308,CoulIs00,,Isaiah Coulter,False,WR,WR,O,Rhode Island,21.0,2021.0,0,0,0,0.0,,0.0,4.0,0.0,0.0,0.0,0.0,0.0,0.0,0.0,0.0,0.0,0.0,0.0,,,
2020,5,172,DET,00-0036278,HuntJa01,jason-huntley-1,Jason Huntley,False,RB,RB,O,New Mexico St.,22.0,2021.0,0,0,0,0.0,,,6.0,0.0,0.0,0.0,0.0,0.0,18.0,70.0,0.0,1.0,0.0,0.0,,,
2020,5,173,CHI,00-0036309,MoonDa00,darnell-mooney-1,Darnell Mooney,False,WR,WR,O,Tulane,22.0,2025.0,0,0,4,33.0,,23.0,91.0,0.0,1.0,0.0,0.0,0.0,13.0,59.0,1.0,309.0,4028.0,17.0,6.0,,
2020,5,174,TEN,00-0036237,MurcLa00,larrell-murchison-1,Larrell Murchison,False,DT,DL,D,North Carolina St.,23.0,2025.0,0,0,0,7.0,,4.0,60.0,0.0,0.0,0.0,0.0,0.0,0.0,0.0,0.0,0.0,0.0,0.0,20.0,,4.0
2020,5,175,GNB,00-0036270,MartKa01,kamal-martin-1,Kamal Martin,False,LB,LB,D,Minnesota,22.0,2021.0,0,0,0,4.0,,3.0,16.0,0.0,0.0,0.0,0.0,0.0,0.0,0.0,0.0,0.0,0.0,0.0,19.0,,1.0
2020,5,176,MIN,00-0036345,OsboKJ00,kj-osborn-1,K.J. Osborn,False,WR,WR,O,Miami (FL),23.0,2024.0,0,0,2,13.0,,13.0,67.0,0.0,0.0,0.0,0.0,0.0,4.0,16.0,0.0,165.0,1902.0,16.0,4.0,,
2020,5,177,KAN,00-0036378,DannMi00,mike-danna-1,Michael Danna,False,DE,DL,D,Michigan,22.0,2025.0,0,0,2,23.0,,23.0,87.0,0.0,0.0,0.0,0.0,0.0,0.0,0.0,0.0,0.0,0.0,0.0,96.0,1.0,21.5
2020,5,178,DEN,00-0036428,StrnJu00,justin-strnad-1,Justin Strnad,False,LB,LB,D,Wake Forest,24.0,2025.0,0,0,0,14.0,,14.0,83.0,0.0,0.0,0.0,0.0,0.0,0.0,0.0,0.0,0.0,0.0,0.0,102.0,1.0,7.5
2020,5,179,DAL,00-0036379,AnaeBr00,bradlee-anae-1,Bradlee Anae,False,DE,DL,D,Utah,22.0,2021.0,0,0,0,1.0,,1.0,11.0,0.0,0.0,0.0,0.0,0.0,0.0,0.0,0.0,0.0,0.0,0.0,2.0,,
2020,6,180,CIN,00-0036310,AdenHa00,hakeem-adeniji-1,Hakeem Adeniji,False,T,OL,O,Kansas,22.0,2025.0,0,0,0,10.0,,9.0,55.0,0.0,0.0,0.0,0.0,0.0,0.0,0.0,0.0,0.0,0.0,0.0,,,
2020,6,181,DEN,00-0036399,MutiNe00,netane-muti-1,Netane Muti,False,G,OL,O,Fresno St.,21.0,2023.0,0,0,0,3.0,,3.0,22.0,0.0,0.0,0.0,0.0,0.0,0.0,0.0,0.0,0.0,0.0,0.0,1.0,,
2020,6,182,NWE,00-0036198,OnweMi00,michael-onwenu-1,Michael Onwenu,False,G,OL,O,Michigan,22.0,2025.0,0,0,4,33.0,,33.0,98.0,0.0,0.0,0.0,0.0,0.0,0.0,0.0,0.0,0.0,0.0,0.0,,,
2020,6,183,NYG,00-0036400,BrowCa01,cameron-brown-1,Cam Brown,False,LB,LB,D,Penn St.,22.0,2023.0,0,0,0,4.0,,4.0,60.0,0.0,0.0,0.0,0.0,0.0,0.0,0.0,0.0,0.0,0.0,0.0,24.0,,
2020,6,184,CAR,00-0036311,RoyxBr00,bravvion-roy-1,Bravvion Roy,False,DT,DL,D,Baylor,23.0,2022.0,0,0,1,9.0,,9.0,45.0,0.0,0.0,0.0,0.0,0.0,0.0,0.0,0.0,0.0,0.0,0.0,30.0,1.0,1.0
2020,6,185,MIA,00-0036217,FergBl00,blake-ferguson-3,Blake Ferguson,False,LS,LS,S,LSU,23.0,2024.0,0,0,0,4.0,,4.0,72.0,0.0,0.0,0.0,0.0,0.0,0.0,0.0,0.0,0.0,0.0,0.0,4.0,,
2020,6,186,LAC,00-0036380,GilmAl00,alohi-gilman-1,Alohi Gilman,False,S,DB,D,Notre Dame,22.0,2025.0,0,0,2,18.0,,14.0,85.0,0.0,0.0,0.0,0.0,0.0,0.0,0.0,0.0,0.0,0.0,0.0,201.0,5.0,1.0
2020,6,187,CLE,00-0036233,PeopDo00,donovan-peoples-jones-1,Donovan Peoples-Jones,False,WR,WR,O,Michigan,21.0,2023.0,0,0,1,18.0,,17.0,58.0,0.0,0.0,0.0,0.0,0.0,1.0,2.0,0.0,122.0,1895.0,8.0,2.0,,
2020,6,188,BUF,00-0036162,BassTy00,tyler-bass-3,Tyler Bass,False,K,K,S,Georgia Southern,23.0,2024.0,0,0,2,13.0,,13.0,83.0,0.0,0.0,0.0,0.0,0.0,0.0,0.0,0.0,0.0,0.0,0.0,7.0,,
2020,6,189,JAX,00-0036312,LutoJa00,jake-luton-1,Jake Luton,False,QB,QB,O,Oregon St.,24.0,2020.0,0,0,0,2.0,,2.0,3.0,60.0,110.0,624.0,2.0,6.0,1.0,13.0,1.0,0.0,0.0,0.0,,,
2020,6,190,SFO,00-0036429,WoerCh00,charlie-woerner-1,Charlie Woerner,False,TE,TE,O,Georgia,22.0,2025.0,0,0,0,0.0,,0.0,98.0,0.0,0.0,0.0,0.0,0.0,0.0,0.0,0.0,26.0,214.0,0.0,20.0,,
2020,6,191,NYJ,00-0036313,MannBr01,braden-mann-1,Braden Mann,False,P,P,S,Texas A&M,22.0,2025.0,0,0,2,13.0,,7.0,92.0,2.0,3.0,45.0,0.0,0.0,2.0,-30.0,0.0,0.0,0.0,0.0,4.0,,
2020,6,192,GNB,00-0036246,RunyJo00,jon-runyan-1,Jon Runyan Jr.,False,T,OL,O,Michigan,23.0,2025.0,0,0,4,36.0,,26.0,96.0,0.0,0.0,0.0,0.0,0.0,0.0,0.0,0.0,0.0,0.0,0.0,,,
2020,6,193,IND,00-0036227,WindRo01,robert-windsor-1,Robert Windsor,False,DT,DL,D,Penn St.,23.0,2020.0,0,0,0,0.0,,0.0,2.0,0.0,0.0,0.0,0.0,0.0,0.0,0.0,0.0,0.0,0.0,0.0,2.0,,
2020,6,194,TAM,00-0036430,DaviKh00,khalil-davis-1,Khalil Davis,False,DT,DL,D,Nebraska,24.0,2024.0,0,0,0,3.0,,0.0,30.0,0.0,0.0,0.0,0.0,0.0,0.0,0.0,0.0,0.0,0.0,0.0,24.0,,3.0
2020,6,195,NWE,00-0036163,HerrJu00,justin-herron-1,Justin Herron,False,T,OL,O,Wake Forest,24.0,2023.0,0,0,0,7.0,,6.0,35.0,0.0,0.0,0.0,0.0,0.0,0.0,0.0,0.0,0.0,0.0,0.0,,,
2020,6,196,PHI,00-0036401,BradSh00,shaun-bradley-1,Shaun Bradley,False,LB,LB,D,Temple,23.0,2022.0,0,0,0,3.0,,3.0,45.0,0.0,0.0,0.0,0.0,0.0,0.0,0.0,0.0,0.0,0.0,0.0,29.0,,
2020,6,197,DET,00-0036238,PeniJo00,john-penisini-1,John Penisini,False,DT,DL,D,Utah,23.0,2021.0,0,0,1,6.0,,6.0,32.0,0.0,0.0,0.0,0.0,0.0,0.0,0.0,0.0,0.0,0.0,0.0,23.0,,1.0
2020,6,198,PIT,00-0036346,BrooAn00,antoine-brooks-1,Antoine Brooks Jr.,False,S,DB,D,Maryland,22.0,2021.0,0,0,0,1.0,,0.0,12.0,0.0,0.0,0.0,0.0,0.0,0.0,0.0,0.0,0.0,0.0,0.0,3.0,,
2020,6,199,LAR,00-0036431,FullJo01,jordan-fuller-1,Jordan Fuller,False,S,DB,D,Ohio St.,22.0,2025.0,0,0,3,18.0,,15.0,63.0,0.0,0.0,0.0,0.0,0.0,0.0,0.0,0.0,0.0,0.0,0.0,205.0,7.0,
2020,6,200,PHI,00-0036271,WatkQu00,quez-watkins-1,Quez Watkins,False,WR,WR,O,Southern Miss,22.0,2023.0,0,0,1,13.0,,13.0,49.0,0.0,0.0,0.0,0.0,0.0,4.0,4.0,0.0,98.0,1249.0,6.0,4.0,,
2020,6,201,BAL,00-0036133,ProcJa00,james-proche-1,James Proche,False,WR,WR,O,SMU,23.0,2025.0,0,0,0,4.0,,3.0,71.0,0.0,1.0,0.0,0.0,1.0,0.0,0.0,0.0,34.0,364.0,0.0,1.0,,
2020,6,202,ARI,00-0036381,WeavEv00,evan-weaver-1,Evan Weaver,False,LB,LB,D,California,22.0,,0,0,0,,,,,,,,,,,,,,,,,,
2020,6,203,MIN,00-0036347,BranBl00,blake-brandel-1,Blake Brandel,False,T,OL,O,Oregon St.,23.0,2025.0,0,0,1,15.0,,15.0,73.0,0.0,0.0,0.0,0.0,0.0,0.0,0.0,0.0,0.0,0.0,0.0,,,
2020,6,204,NWE,00-0036164,MaluCa00,cassh-maluia-1,Cassh Maluia,False,LB,LB,D,Wyoming,21.0,2020.0,0,0,0,1.0,,1.0,9.0,0.0,0.0,0.0,0.0,0.0,0.0,0.0,0.0,0.0,0.0,0.0,,,
2020,6,205,MIN,00-0036348,MeteJo00,josh-metellus-1,Josh Metellus,False,S,DB,D,Michigan,22.0,2025.0,0,0,1,20.0,,20.0,96.0,0.0,0.0,0.0,0.0,0.0,0.0,0.0,0.0,0.0,0.0,0.0,231.0,6.0,3.0
2020,6,206,JAX,00-0036250,DaviTy02,tyler-davis-2,Tyler Davis,False,TE,TE,O,Georgia Tech,23.0,2022.0,0,0,0,0.0,,0.0,39.0,0.0,0.0,0.0,0.0,0.0,0.0,0.0,0.0,8.0,61.0,0.0,10.0,,
2020,6,207,BUF,00-0036165,HodgIs00,isaiah-hodgins-1,Isaiah Hodgins,False,WR,WR,O,Oregon St.,21.0,2025.0,0,0,1,6.0,,0.0,38.0,0.0,0.0,0.0,0.0,0.0,0.0,0.0,0.0,70.0,749.0,8.0,,,
2020,6,208,GNB,00-0036273,HansJa00,jake-hanson-1,Jake Hanson,False,C,OL,O,Oregon,23.0,2024.0,0,0,0,4.0,,1.0,30.0,0.0,0.0,0.0,0.0,0.0,0.0,0.0,0.0,0.0,0.0,0.0,,,
2020,6,209,GNB,00-0036242,StepSi00,simon-stepaniak-1,Simon Stepaniak,False,T,OL,O,Indiana,23.0,,0,0,0,,,,,,,,,,,,,,,,,,
2020,6,210,PHI,00-0036230,WanoTe00,prince-tega-wanogho-1,Prince Tega Wanogho,False,T,OL,O,Auburn,22.0,2023.0,0,0,0,1.0,,0.0,23.0,0.0,0.0,0.0,0.0,0.0,0.0,0.0,0.0,0.0,0.0,0.0,,,
2020,6,211,IND,00-0036222,RodgIs00,isaiah-rodgers-1,Isaiah Rodgers,False,CB,DB,D,Massachusetts,22.0,2025.0,0,0,1,18.0,,7.0,77.0,0.0,0.0,0.0,0.0,0.0,0.0,0.0,0.0,0.0,0.0,0.0,132.0,4.0,
2020,6,212,IND,00-0036228,PatmDe00,dezmon-patmon-1,Dezmon Patmon,False,WR,WR,O,Washington St.,22.0,2022.0,0,0,0,0.0,,0.0,10.0,0.0,0.0,0.0,0.0,0.0,0.0,0.0,0.0,4.0,45.0,1.0,,,
2020,6,213,IND,00-0036229,GlasJo00,jordan-glasgow-1,Jordan Glasgow,False,LB,LB,D,Michigan,24.0,2021.0,0,0,0,2.0,,2.0,25.0,0.0,0.0,0.0,0.0,0.0,0.0,0.0,0.0,0.0,0.0,0.0,10.0,,
2020,6,214,SEA,00-0036247,SwaiFr00,freddie-swain-1,Freddie Swain,False,WR,WR,O,Florida,22.0,2022.0,0,0,0,5.0,,5.0,37.0,0.0,0.0,0.0,0.0,0.0,5.0,32.0,0.0,42.0,576.0,6.0,2.0,,
2020,7,215,CIN,00-0036314,BailMa01,markus-bailey-1,Markus Bailey,False,LB,LB,D,Purdue,23.0,2024.0,0,0,0,7.0,,7.0,61.0,0.0,0.0,0.0,0.0,0.0,0.0,0.0,0.0,0.0,0.0,0.0,46.0,,0.5
2020,7,216,WAS,00-0036349,CurlKa00,kamren-curl-1,Kamren Curl,False,S,DB,D,Arkansas,21.0,2025.0,0,0,5,29.0,,17.0,93.0,0.0,0.0,0.0,0.0,0.0,0.0,0.0,0.0,0.0,0.0,0.0,385.0,5.0,8.0
2020,7,217,SFO,00-0036259,JennJa00,jauan-jennings-1,Jauan Jennings,False,WR,WR,O,Tennessee,23.0,2025.0,0,0,0,21.0,,21.0,75.0,0.0,0.0,0.0,0.0,0.0,0.0,0.0,0.0,210.0,2581.0,22.0,2.0,,
2020,7,218,NYG,00-0036402,CougCa00,carter-coughlin-1,Carter Coughlin,False,LB,LB,D,Minnesota,23.0,2024.0,0,0,0,5.0,,5.0,56.0,0.0,0.0,0.0,0.0,0.0,0.0,0.0,0.0,0.0,0.0,0.0,31.0,,1.0
2020,7,219,BAL,00-0036199,StonGe00,geno-stone-1,Geno Stone,False,S,DB,D,Iowa,21.0,2025.0,0,0,2,22.0,,11.0,85.0,0.0,0.0,0.0,0.0,0.0,0.0,0.0,0.0,0.0,0.0,0.0,205.0,14.0,2.0
2020,7,220,LAC,00-0036382,HillKJ00,kj-hill-1,K.J. Hill,False,WR,WR,O,Ohio St.,22.0,2021.0,0,0,0,1.0,,1.0,21.0,0.0,0.0,0.0,0.0,0.0,0.0,0.0,0.0,10.0,103.0,0.0,,,
2020,7,221,CAR,00-0036315,ThomSt00,stantley-thomas-oliver-iii-1,Stantley Thomas-Oliver,False,CB,DB,D,Florida International,22.0,2024.0,0,0,0,2.0,,2.0,26.0,0.0,0.0,0.0,0.0,0.0,0.0,0.0,0.0,0.0,0.0,0.0,12.0,,
2020,7,222,ARI,00-0036383,BenjEn00,eno-benjamin-1,Eno Benjamin,False,RB,RB,O,Arizona St.,21.0,2022.0,0,0,0,4.0,,4.0,24.0,0.0,0.0,0.0,0.0,0.0,111.0,431.0,3.0,31.0,235.0,0.0,1.0,,
2020,7,223,JAX,00-0036316,ClayCh02,chris-claybrooks-1,Chris Claybrooks,False,CB,DB,D,Memphis,23.0,2022.0,0,0,0,5.0,,5.0,46.0,0.0,0.0,0.0,0.0,0.0,0.0,0.0,0.0,0.0,0.0,0.0,60.0,,
2020,7,224,TEN,,McDoCo00,cole-mcdonald-1,Cole McDonald,False,QB,QB,O,Hawaii,22.0,,0,0,0,,,,,,,,,,,,,,,,,,
2020,7,225,MIN,00-0036350,WillKe06,kenny-willekes-1,Kenny Willekes,False,DE,DL,D,Michigan St.,23.0,2021.0,0,0,0,1.0,,1.0,6.0,0.0,0.0,0.0,0.0,0.0,0.0,0.0,0.0,0.0,0.0,0.0,11.0,,2.5
2020,7,226,CHI,00-0036317,HambAr00,arlington-hambright-1,Arlington Hambright,False,T,OL,O,Colorado,24.0,2024.0,0,0,0,1.0,,1.0,15.0,0.0,0.0,0.0,0.0,0.0,0.0,0.0,0.0,0.0,0.0,0.0,,,
2020,7,227,CHI,00-0036318,SimmLa00,,Lachavious Simmons,False,G,OL,O,Tennessee St.,23.0,2021.0,0,0,0,0.0,,0.0,2.0,0.0,0.0,0.0,0.0,0.0,0.0,0.0,0.0,0.0,0.0,0.0,,,
2020,7,228,ATL,00-0036319,HofrSt00,sterling-hofrichter-1,Sterling Hofrichter,False,P,P,S,Syracuse,23.0,2021.0,0,0,0,1.0,,1.0,18.0,0.0,0.0,0.0,0.0,0.0,0.0,0.0,0.0,0.0,0.0,0.0,1.0,,
2020,7,229,WAS,00-0036351,SmitJa08,james-smith-williams-1,James Smith-Williams,False,DE,DL,D,North Carolina St.,23.0,2024.0,0,0,1,15.0,,13.0,65.0,0.0,0.0,0.0,0.0,0.0,0.0,0.0,0.0,0.0,0.0,0.0,54.0,,8.0
2020,7,230,NWE,,WoodDu01,dustin-woodard-1,Dustin Woodard,False,C,OL,O,Memphis,22.0,,0,0,0,,,,,,,,,,,,,,,,,,
2020,7,231,DAL,00-0036384,DiNuBe00,ben-dinucci-1,Ben DiNucci,False,QB,QB,O,James Madison,23.0,2020.0,0,0,0,1.0,,1.0,3.0,23.0,43.0,219.0,0.0,0.0,6.0,22.0,0.0,0.0,0.0,0.0,,,
2020,7,232,PIT,00-0036352,DaviCa03,carlos-davis-3,Carlos Davis,False,DT,DL,D,Nebraska,24.0,2022.0,0,0,0,1.0,,1.0,12.0,0.0,0.0,0.0,0.0,0.0,0.0,0.0,0.0,0.0,0.0,0.0,8.0,,1.0
2020,7,233,PHI,00-0036403,ToohCa00,casey-toohill-1,Casey Toohill,False,DE,DL,D,Stanford,24.0,2024.0,0,0,0,11.0,,0.0,71.0,0.0,0.0,0.0,0.0,0.0,0.0,0.0,0.0,0.0,0.0,0.0,55.0,,8.0
2020,7,234,LAR,00-0036432,JohnCl00,clay-johnston-1,Clay Johnston,False,LB,LB,D,Baylor,24.0,2022.0,0,0,0,2.0,,,31.0,0.0,0.0,0.0,0.0,0.0,0.0,0.0,0.0,0.0,0.0,0.0,17.0,,
2020,7,235,DET,00-0036444,CornJa01,jashon-cornell-1,Jashon Cornell,False,DT,DL,D,Ohio St.,23.0,2021.0,0,0,0,0.0,,0.0,1.0,0.0,0.0,0.0,0.0,0.0,0.0,0.0,0.0,0.0,0.0,0.0,,,
2020,7,236,GNB,00-0036243,ScotVe00,vernon-scott-1,Vernon Scott,False,S,DB,D,TCU,22.0,2021.0,0,0,0,1.0,,1.0,18.0,0.0,0.0,0.0,0.0,0.0,0.0,0.0,0.0,0.0,0.0,0.0,12.0,,1.0
2020,7,237,KAN,00-0036385,KeyeTh00,thakarius-keyes-1,Thakarius Keyes,False,CB,DB,D,Tulane,22.0,2021.0,0,0,0,1.0,,1.0,18.0,0.0,0.0,0.0,0.0,0.0,0.0,0.0,0.0,0.0,0.0,0.0,9.0,,
2020,7,238,NYG,00-0036404,BrunTJ00,tj-brunson-1,T.J. Brunson,False,LB,LB,D,South Carolina,22.0,2020.0,0,0,0,0.0,,0.0,5.0,0.0,0.0,0.0,0.0,0.0,0.0,0.0,0.0,0.0,0.0,0.0,2.0,,
2020,7,239,BUF,00-0036166,JackDa02,dane-jackson-1,Dane Jackson,False,CB,DB,D,Pittsburgh,23.0,2025.0,0,0,1,12.0,,12.0,64.0,0.0,0.0,0.0,0.0,0.0,0.0,0.0,0.0,0.0,0.0,0.0,144.0,3.0,
2020,7,240,NOR,00-0036433,StevTo01,tommy-stevens-1,Tommy Stevens,False,QB,QB,O,Mississippi St.,23.0,2020.0,0,0,0,0.0,,,1.0,0.0,0.0,0.0,0.0,0.0,4.0,24.0,0.0,0.0,0.0,0.0,,,
2020,7,241,TAM,00-0036434,RussCh00,chapelle-russell-1,Chapelle Russell,False,LB,LB,D,Temple,23.0,2021.0,0,0,0,2.0,,1.0,27.0,0.0,0.0,0.0,0.0,0.0,0.0,0.0,0.0,0.0,0.0,0.0,10.0,,
2020,7,242,GNB,00-0036239,GarvJo00,jonathan-garvin-1,Jonathan Garvin,False,DE,DL,D,Miami (FL),21.0,2022.0,0,0,0,3.0,,3.0,38.0,0.0,0.0,0.0,0.0,0.0,0.0,0.0,0.0,0.0,0.0,0.0,17.0,,1.5
2020,7,243,TEN,00-0036240,JackCh01,chris-jackson-9,Chris Jackson,False,S,DB,D,Marshall,22.0,2022.0,0,0,0,2.0,,2.0,24.0,0.0,0.0,0.0,0.0,0.0,0.0,0.0,0.0,0.0,0.0,0.0,44.0,,
2020,7,244,MIN,00-0036279,StanNa00,nathan-stanley-2,Nate Stanley,False,QB,QB,O,Iowa,23.0,,0,0,0,,,,,,,,,,,,,,,,,,
2020,7,245,TAM,00-0036435,CalaRa00,raymond-calais-1,Raymond Calais,False,RB,RB,O,Louisiana,22.0,2020.0,0,0,0,0.0,,,4.0,0.0,0.0,0.0,0.0,0.0,0.0,0.0,0.0,0.0,0.0,0.0,,,
2020,7,246,MIA,00-0036245,PerrMa00,malcolm-perry-1,Malcolm Perry,False,RB,RB,O,Navy,23.0,2020.0,0,0,0,1.0,,1.0,9.0,0.0,0.0,0.0,0.0,0.0,3.0,5.0,0.0,9.0,92.0,1.0,,,
2020,7,247,NYG,00-0036405,WillCh07,chris-williamson-1,Chris Williamson,False,CB,DB,D,Minnesota,23.0,2021.0,0,0,0,0.0,,,5.0,0.0,0.0,0.0,0.0,0.0,0.0,0.0,0.0,0.0,0.0,0.0,4.0,,
2020,7,248,LAR,00-0036436,SlomSa00,samuel-sloman-1,Sam Sloman,False,K,K,S,Miami (OH),22.0,2020.0,0,0,0,0.0,,0.0,8.0,0.0,0.0,0.0,0.0,0.0,0.0,0.0,0.0,0.0,0.0,0.0,,,
2020,7,249,MIN,00-0036353,ColeBr01,brian-cole-1,Brian Cole II,False,S,DB,D,Mississippi St.,23.0,,0,0,0,,,,,,,,,,,,,,,,,,
2020,7,250,LAR,00-0036437,AnchTr00,tremayne-anchrum-1,Tremayne Anchrum,False,G,OL,O,Clemson,22.0,2023.0,0,0,0,2.0,,2.0,31.0,0.0,0.0,0.0,0.0,0.0,0.0,0.0,0.0,0.0,0.0,0.0,1.0,,
2020,7,251,SEA,00-0036438,SullSt00,stephen-sullivan-1,Stephen Sullivan,False,TE,TE,O,LSU,23.0,2024.0,0,0,0,1.0,,0.0,30.0,0.0,0.0,0.0,0.0,0.0,0.0,0.0,0.0,14.0,171.0,0.0,3.0,,
2020,7,252,DEN,00-0036439,ClevTy00,tyrie-cleveland-1,Tyrie Cleveland,False,WR,WR,O,Florida,22.0,2022.0,0,0,0,0.0,,0.0,23.0,0.0,0.0,0.0,0.0,0.0,0.0,0.0,0.0,8.0,91.0,0.0,6.0,,
2020,7,253,MIN,00-0036354,HintKy00,,Kyle Hinton,False,G,OL,O,Washburn,22.0,2025.0,0,0,0,3.0,,0.0,52.0,0.0,0.0,0.0,0.0,0.0,0.0,0.0,0.0,0.0,0.0,0.0,,,
2020,7,254,DEN,00-0036440,TuszDe00,,Derrek Tuszka,False,LB,LB,D,North Dakota St.,23.0,2022.0,0,0,0,3.0,,1.0,39.0,0.0,0.0,0.0,0.0,0.0,0.0,0.0,0.0,0.0,0.0,0.0,21.0,,2.0
2020,7,255,NYG,00-0036167,CrowTa00,tae-crowder-1,Tae Crowder,False,LB,LB,D,Georgia,23.0,2023.0,0,0,2,16.0,,16.0,43.0,0.0,0.0,0.0,0.0,0.0,0.0,0.0,0.0,0.0,0.0,0.0,124.0,2.0,2.0
2021,1,1,JAX,00-0036971,LawrTr00,trevor-lawrence-1,Trevor Lawrence,False,QB,QB,O,Clemson,21.0,2025.0,0,1,4,52.0,,52.0,77.0,1629.0,2594.0,17822.0,98.0,58.0,313.0,1442.0,23.0,0.0,-5.0,0.0,4.0,,
2021,1,2,NYJ,00-0037013,WilsZa00,zach-wilson-3,Zach Wilson,False,QB,QB,O,BYU,22.0,2025.0,0,0,3,13.0,,13.0,38.0,572.0,1004.0,6325.0,23.0,25.0,96.0,499.0,5.0,1.0,2.0,1.0,1.0,,
2021,1,3,SFO,00-0037012,LancTr00,trey-lance-1,Trey Lance,False,QB,QB,O,North Dakota St.,21.0,2025.0,0,0,0,6.0,,4.0,16.0,108.0,200.0,1289.0,5.0,5.0,82.0,361.0,1.0,0.0,0.0,0.0,1.0,,
2021,1,4,ATL,00-0036970,PittKy00,kyle-pitts-1,Kyle Pitts,False,TE,TE,O,Florida,20.0,2025.0,0,1,4,28.0,,28.0,78.0,0.0,0.0,0.0,0.0,0.0,1.0,-4.0,0.0,284.0,3579.0,15.0,3.0,,
2021,1,5,CIN,00-0036900,ChasJa00,jamarr-chase-1,Ja'Marr Chase,False,WR,WR,O,LSU,21.0,2025.0,2,5,4,58.0,,58.0,78.0,1.0,1.0,-7.0,0.0,0.0,21.0,69.0,0.0,520.0,6837.0,54.0,6.0,,
2021,1,6,MIA,00-0036613,WaddJa00,jaylen-waddle-1,Jaylen Waddle,False,WR,WR,O,Alabama,22.0,2025.0,0,0,4,41.0,,41.0,78.0,1.0,1.0,8.0,0.0,0.0,14.0,81.0,1.0,373.0,5039.0,26.0,4.0,,
2021,1,7,DET,00-0036880,SewePe00,penei-sewell-1,Penei Sewell,False,OL,OL,O,Oregon,20.0,2025.0,3,4,4,64.0,,64.0,83.0,0.0,0.0,0.0,0.0,0.0,0.0,0.0,0.0,1.0,9.0,0.0,,,
2021,1,8,CAR,00-0036944,HornJa00,jaycee-horn-1,Jaycee Horn,False,DB,DB,D,South Carolina,21.0,2025.0,0,2,2,22.0,,22.0,53.0,0.0,0.0,0.0,0.0,0.0,0.0,0.0,0.0,0.0,0.0,0.0,135.0,10.0,2.0
2021,1,9,DEN,00-0036874,SurtPa01,patrick-surtain-ii-1,Patrick Surtain II,False,DB,DB,D,Alabama,21.0,2025.0,2,4,4,51.0,,51.0,80.0,0.0,0.0,0.0,0.0,0.0,0.0,0.0,0.0,0.0,0.0,0.0,221.0,12.0,
2021,1,10,PHI,00-0036912,SmitDe07,devonta-smith-1,DeVonta Smith,False,WR,WR,O,Alabama,22.0,2025.0,0,0,4,47.0,,47.0,80.0,0.0,0.0,0.0,0.0,0.0,1.0,1.0,0.0,385.0,5019.0,31.0,1.0,,
2021,1,11,CHI,00-0036945,FielJu00,justin-fields-2,Justin Fields,False,QB,QB,O,Ohio St.,22.0,2025.0,0,0,3,44.0,,34.0,59.0,812.0,1323.0,9039.0,52.0,32.0,489.0,2892.0,23.0,0.0,0.0,0.0,,,
2021,1,12,DAL,00-0036932,ParsMi00,micah-parsons-1,Micah Parsons,False,LB,LB,D,Penn St.,22.0,2025.0,3,5,3,67.0,,56.0,77.0,0.0,0.0,0.0,0.0,0.0,0.0,0.0,0.0,0.0,0.0,0.0,191.0,,65.0
2021,1,13,LAC,00-0037009,SlatRa00,rashawn-slater-1,Rashawn Slater,False,OL,OL,O,Northwestern,22.0,2024.0,0,2,3,32.0,,32.0,51.0,0.0,0.0,0.0,0.0,0.0,0.0,0.0,0.0,0.0,0.0,0.0,,,
2021,1,14,NYJ,00-0036979,VeraAl00,alijah-vera-tucker-1,Alijah Vera-Tucker,False,OL,OL,O,USC,22.0,2024.0,0,0,2,14.0,,14.0,43.0,0.0,0.0,0.0,0.0,0.0,0.0,0.0,0.0,0.0,0.0,0.0,,,
2021,1,15,NWE,00-0036972,JoneMa05,mac-jones-1,Mac Jones,False,QB,QB,O,Alabama,23.0,2025.0,0,1,3,34.0,,24.0,63.0,1236.0,1859.0,12741.0,67.0,50.0,181.0,479.0,2.0,0.0,0.0,0.0,1.0,,
2021,1,16,ARI,00-0036933,CollZa00,zaven-collins-1,Zaven Collins,False,LB,LB,D,Tulsa,22.0,2025.0,0,0,3,24.0,,24.0,84.0,0.0,0.0,0.0,0.0,0.0,0.0,0.0,0.0,0.0,0.0,0.0,162.0,2.0,12.0
2021,1,17,LVR,00-0036892,LeatAl00,alex-leatherwood-1,Alex Leatherwood,False,OL,OL,O,Alabama,22.0,2022.0,0,0,1,8.0,,8.0,21.0,0.0,0.0,0.0,0.0,0.0,0.0,0.0,0.0,0.0,0.0,0.0,,,
2021,1,18,MIA,00-0036934,PhilJa02,jaelan-phillips-1,Jaelan Phillips,False,DL,DL,D,Miami (FL),22.0,2025.0,0,0,1,23.0,,19.0,63.0,0.0,0.0,0.0,0.0,0.0,0.0,0.0,0.0,0.0,0.0,0.0,119.0,1.0,28.0
2021,1,19,WAS,00-0036614,DaviJa11,jamin-davis-1,Jamin Davis,False,LB,LB,D,Kentucky,22.0,2025.0,0,0,2,16.0,,16.0,56.0,0.0,0.0,0.0,0.0,0.0,0.0,0.0,0.0,0.0,0.0,0.0,179.0,1.0,8.0
2021,1,20,NYG,00-0036913,ToneKa00,kadarius-toney-1,Kadarius Toney,False,WR,WR,O,Florida,22.0,2024.0,0,0,0,7.0,,3.0,35.0,1.0,4.0,19.0,0.0,0.0,23.0,115.0,1.0,82.0,760.0,3.0,1.0,,
2021,1,21,IND,00-0036479,PayeKw00,kwity-paye-1,Kwity Paye,False,DL,DL,D,Michigan,22.0,2025.0,0,0,4,32.0,,32.0,75.0,0.0,0.0,0.0,0.0,0.0,0.0,0.0,0.0,0.0,0.0,0.0,123.0,,30.5
2021,1,22,TEN,00-0036615,FarlCa00,caleb-farley-1,Caleb Farley,False,DB,DB,D,Virginia Tech,22.0,2024.0,0,0,0,2.0,,1.0,21.0,0.0,0.0,0.0,0.0,0.0,0.0,0.0,0.0,0.0,0.0,0.0,24.0,,
2021,1,23,MIN,00-0036616,DarrCh00,christian-darrisaw-1,Christian Darrisaw,False,OL,OL,O,Virginia Tech,22.0,2025.0,0,0,3,26.0,,26.0,58.0,0.0,0.0,0.0,0.0,0.0,0.0,0.0,0.0,0.0,0.0,0.0,1.0,,
2021,1,24,PIT,00-0036893,HarrNa00,najee-harris-1,Najee Harris,False,RB,RB,O,Alabama,23.0,2025.0,0,1,4,30.0,,29.0,71.0,1.0,1.0,4.0,0.0,0.0,1112.0,4373.0,28.0,183.0,1174.0,6.0,4.0,,
2021,1,25,JAX,00-0036973,EtieTr00,travis-etienne-1,Travis Etienne,False,RB,RB,O,Clemson,22.0,2025.0,0,0,3,33.0,,33.0,66.0,0.0,0.0,0.0,0.0,0.0,897.0,3798.0,25.0,168.0,1338.0,7.0,,,
2021,1,26,CLE,00-0036996,NewsGr00,greg-newsome-ii-1,Greg Newsome II,False,DB,DB,D,Northwestern,21.0,2025.0,0,0,3,19.0,,15.0,71.0,0.0,0.0,0.0,0.0,0.0,0.0,0.0,0.0,0.0,0.0,0.0,163.0,4.0,1.0
2021,1,27,BAL,00-0036550,BateRa00,rashod-bateman-1,Rashod Bateman,False,WR,WR,O,Minnesota,21.0,2025.0,0,0,2,20.0,,20.0,64.0,0.0,0.0,0.0,0.0,0.0,1.0,18.0,0.0,157.0,2147.0,15.0,,,
2021,1,28,NOR,00-0036926,TurnPa02,payton-turner-1,Payton Turner,False,DE,DL,D,Houston,22.0,2024.0,0,0,0,3.0,,3.0,31.0,0.0,0.0,0.0,0.0,0.0,0.0,0.0,0.0,0.0,0.0,0.0,30.0,,5.0
2021,1,29,GNB,00-0036901,StokEr00,eric-stokes-2,Eric Stokes,False,DB,DB,D,Georgia,22.0,2025.0,0,0,3,14.0,,9.0,61.0,0.0,0.0,0.0,0.0,0.0,0.0,0.0,0.0,0.0,0.0,0.0,133.0,1.0,
2021,1,30,BUF,00-0036914,RousGr00,gregory-rousseau-1,Gregory Rousseau,False,DL,DL,D,Miami (FL),21.0,2025.0,0,0,4,38.0,,38.0,78.0,0.0,0.0,0.0,0.0,0.0,0.0,0.0,0.0,0.0,0.0,0.0,159.0,1.0,32.0
2021,1,31,BAL,00-0036940,OwehJa00,jayson-oweh-1,Odafe Oweh,False,DE,DL,D,Penn St.,22.0,2025.0,0,0,1,16.0,,14.0,79.0,0.0,0.0,0.0,0.0,0.0,0.0,0.0,0.0,0.0,0.0,0.0,118.0,,30.5
2021,1,32,TAM,00-0036967,TryoJo00,joe-tryon-1,Joe Tryon-Shoyinka,False,OLB,LB,D,Washington,22.0,2025.0,0,0,3,23.0,,22.0,82.0,0.0,0.0,0.0,0.0,0.0,0.0,0.0,0.0,0.0,0.0,0.0,97.0,,15.0
2021,2,33,JAX,00-0036974,CampTy01,tyson-campbell-1,Tyson Campbell,False,DB,DB,D,Georgia,21.0,2025.0,0,0,4,25.0,,20.0,72.0,0.0,0.0,0.0,0.0,0.0,0.0,0.0,0.0,0.0,0.0,0.0,241.0,7.0,
2021,2,34,NYJ,00-0036980,MoorEl00,elijah-moore-1,Elijah Moore,False,WR,WR,O,Mississippi,21.0,2025.0,0,0,3,15.0,,7.0,70.0,0.0,0.0,0.0,0.0,0.0,26.0,95.0,2.0,209.0,2274.0,9.0,4.0,,
2021,2,35,DEN,00-0036997,WillJa10,javonte-williams-1,Javonte Williams,False,RB,RB,O,North Carolina,21.0,2025.0,0,0,2,28.0,,19.0,70.0,0.0,0.0,0.0,0.0,0.0,858.0,3595.0,22.0,193.0,1103.0,7.0,1.0,,
2021,2,36,MIA,00-0036998,HollJe02,jevon-holland-1,Jevon Holland,False,S,DB,D,Oregon,21.0,2025.0,0,0,4,25.0,,21.0,74.0,0.0,0.0,0.0,0.0,0.0,0.0,0.0,0.0,0.0,0.0,0.0,257.0,6.0,5.0
2021,2,37,PHI,00-0037002,DickLa00,landon-dickerson-1,Landon Dickerson,False,OL,OL,O,Alabama,22.0,2025.0,0,3,4,36.0,,36.0,78.0,0.0,0.0,0.0,0.0,0.0,0.0,0.0,0.0,0.0,0.0,0.0,1.0,,
2021,2,38,NWE,00-0036981,BarmCh00,christian-barmore-1,Christian Barmore,False,DL,DL,D,Alabama,22.0,2025.0,0,0,0,17.0,,17.0,65.0,0.0,0.0,0.0,0.0,0.0,0.0,0.0,0.0,0.0,0.0,0.0,95.0,,15.5
2021,2,39,CHI,00-0036953,JenkTe00,teven-jenkins-1,Teven Jenkins,False,OL,OL,O,Oklahoma St.,23.0,2025.0,0,0,3,17.0,,15.0,62.0,0.0,0.0,0.0,0.0,0.0,0.0,0.0,0.0,0.0,0.0,0.0,2.0,,
2021,2,40,ATL,00-0036961,GranRi00,richie-grant-1,Richie Grant,False,DB,DB,D,Central Florida,23.0,2025.0,0,0,2,13.0,,13.0,68.0,0.0,0.0,0.0,0.0,0.0,0.0,0.0,0.0,0.0,0.0,0.0,178.0,3.0,3.0
2021,2,41,DET,00-0036954,OnwuLe00,levi-onwuzurike-1,Levi Onwuzurike,False,DL,DL,D,Washington,23.0,2024.0,0,0,1,7.0,,7.0,42.0,0.0,0.0,0.0,0.0,0.0,0.0,0.0,0.0,0.0,0.0,0.0,35.0,,3.5
2021,2,42,MIA,00-0037010,EichLi00,liam-eichenberg-1,Liam Eichenberg,False,OL,OL,O,Notre Dame,23.0,2024.0,0,0,4,23.0,,23.0,60.0,0.0,0.0,0.0,0.0,0.0,0.0,0.0,0.0,0.0,0.0,0.0,,,
2021,2,43,LVR,00-0036962,MoehTr00,trevon-moehrig-woodard-1,Tre'von Moehrig,False,S,DB,D,TCU,22.0,2025.0,0,0,4,25.0,,20.0,82.0,0.0,0.0,0.0,0.0,0.0,0.0,0.0,0.0,0.0,0.0,0.0,267.0,7.0,6.0
2021,2,44,DAL,00-0036935,JoseKe02,kelvin-joseph-1,Kelvin Joseph,False,DB,DB,D,Kentucky,21.0,2024.0,0,0,0,2.0,,2.0,33.0,0.0,0.0,0.0,0.0,0.0,0.0,0.0,0.0,0.0,0.0,0.0,34.0,,
2021,2,45,JAX,00-0036975,LittWa00,walker-little-1,Walker Little,False,T,OL,O,Stanford,22.0,2025.0,0,0,1,18.0,,18.0,70.0,0.0,0.0,0.0,0.0,0.0,0.0,0.0,0.0,0.0,0.0,0.0,,,
2021,2,46,CIN,00-0036865,CarmJa00,jackson-carman-1,Jackson Carman,False,T,OL,O,Clemson,21.0,2024.0,0,0,0,5.0,,4.0,30.0,0.0,0.0,0.0,0.0,0.0,0.0,0.0,0.0,0.0,0.0,0.0,,,
2021,2,47,LAC,00-0036617,SamuAs00,asante-samuel-jr-1,Asante Samuel Jr.,False,DB,DB,D,Florida St.,21.0,2025.0,0,0,3,15.0,,14.0,56.0,0.0,0.0,0.0,0.0,0.0,0.0,0.0,0.0,0.0,0.0,0.0,154.0,7.0,
2021,2,48,SFO,00-0036551,BankAa00,aaron-banks-4,Aaron Banks,False,OL,OL,O,Notre Dame,24.0,2025.0,0,0,3,26.0,,20.0,68.0,0.0,0.0,0.0,0.0,0.0,0.0,0.0,0.0,0.0,0.0,0.0,,,
2021,2,49,ARI,00-0036936,MoorRo02,rondale-moore-1,Rondale Moore,False,WR,WR,O,Purdue,21.0,2023.0,0,0,0,12.0,,12.0,39.0,0.0,0.0,0.0,0.0,0.0,52.0,249.0,1.0,135.0,1201.0,3.0,1.0,,
2021,2,50,NYG,00-0036552,OjulAz00,azeez-ojulari-1,Azeez Ojulari,False,OLB,LB,D,Georgia,21.0,2025.0,0,0,1,17.0,,16.0,49.0,0.0,0.0,0.0,0.0,0.0,0.0,0.0,0.0,0.0,0.0,0.0,61.0,,22.0
2021,2,51,WAS,00-0036618,CosmSa00,samuel-cosmi-1,Samuel Cosmi,False,OL,OL,O,Texas,22.0,2025.0,0,0,2,26.0,,26.0,66.0,0.0,0.0,0.0,0.0,0.0,0.0,0.0,0.0,0.0,0.0,0.0,,,
2021,2,52,CLE,00-0036915,OwusJe00,jeremiah-owusu-koramoah-1,Jeremiah Owusu-Koramoah,False,LB,LB,D,Notre Dame,21.0,2024.0,0,1,3,22.0,,22.0,49.0,0.0,0.0,0.0,0.0,0.0,0.0,0.0,0.0,0.0,0.0,0.0,205.0,3.0,8.0
2021,2,53,TEN,00-0036619,RaduDi00,,Dillon Radunz,False,T,OL,O,North Dakota St.,23.0,2025.0,0,0,2,14.0,,11.0,69.0,0.0,0.0,0.0,0.0,0.0,0.0,0.0,0.0,0.0,0.0,0.0,1.0,,
2021,2,54,IND,00-0036480,OdeyDa00,dayo-odeyingbo-1,Dayo Odeyingbo,False,DL,DL,D,Vanderbilt,21.0,2025.0,0,0,1,15.0,,12.0,69.0,0.0,0.0,0.0,0.0,0.0,0.0,0.0,0.0,0.0,0.0,0.0,67.0,,17.5
2021,2,55,PIT,00-0036894,FreiPa00,pat-freiermuth-1,Pat Freiermuth,False,TE,TE,O,Penn St.,22.0,2025.0,0,0,2,22.0,,22.0,78.0,0.0,0.0,0.0,0.0,0.0,0.0,0.0,0.0,261.0,2676.0,22.0,2.0,,
2021,2,56,SEA,00-0036620,EskrDW00,dwayne-eskridge-1,D'Wayne Eskridge,False,WR,WR,O,Western Michigan,24.0,2025.0,0,0,0,3.0,,2.0,43.0,0.0,0.0,0.0,0.0,0.0,8.0,74.0,0.0,24.0,228.0,1.0,1.0,,
2021,2,57,LAR,00-0036849,AtweTu00,chatarius-atwell-1,Tutu Atwell,False,WR,WR,O,Louisville,21.0,2025.0,0,0,1,14.0,,14.0,64.0,0.0,1.0,0.0,0.0,0.0,16.0,72.0,1.0,105.0,1535.0,5.0,,,
2021,2,58,KAN,00-0036621,BoltNi00,nick-bolton-1,Nick Bolton,False,LB,LB,D,Missouri,21.0,2025.0,0,0,3,30.0,,30.0,74.0,0.0,0.0,0.0,0.0,0.0,0.0,0.0,0.0,0.0,0.0,0.0,362.0,5.0,6.0
2021,2,59,CAR,00-0036955,MarsTe00,terrace-marshall-jr-1,Terrace Marshall Jr.,False,WR,WR,O,LSU,21.0,2024.0,0,0,1,6.0,,6.0,43.0,0.0,0.0,0.0,0.0,0.0,0.0,0.0,0.0,67.0,808.0,1.0,1.0,,
2021,2,60,NOR,00-0036927,WernPe00,pete-werner-1,Pete Werner,False,LB,LB,D,Ohio St.,22.0,2025.0,0,0,3,30.0,,30.0,73.0,0.0,0.0,0.0,0.0,0.0,0.0,0.0,0.0,0.0,0.0,0.0,256.0,1.0,2.5
2021,2,61,BUF,00-0036553,BashCa00,carlos-basham-jr-1,Boogie Basham,False,DL,DL,D,Wake Forest,23.0,2025.0,0,0,0,4.0,,3.0,43.0,0.0,0.0,0.0,0.0,0.0,0.0,0.0,0.0,0.0,0.0,0.0,27.0,1.0,4.5
2021,2,62,GNB,00-0036622,MyerJo00,josh-myers-1,Josh Myers,False,C,OL,O,Ohio St.,23.0,2025.0,0,0,3,32.0,,27.0,73.0,0.0,0.0,0.0,0.0,0.0,0.0,0.0,0.0,0.0,0.0,0.0,,,
2021,2,63,KAN,00-0036623,HumpCr00,creed-humphrey-1,Creed Humphrey,False,OL,OL,O,Oklahoma,22.0,2025.0,2,4,4,51.0,,51.0,85.0,0.0,0.0,0.0,0.0,0.0,0.0,0.0,0.0,0.0,0.0,0.0,1.0,,
2021,2,64,TAM,00-0036928,TrasKy00,kyle-trask-1,Kyle Trask,False,QB,QB,O,Florida,23.0,2024.0,0,0,0,0.0,,0.0,7.0,4.0,11.0,28.0,0.0,0.0,6.0,-5.0,0.0,0.0,0.0,0.0,,,
2021,3,65,JAX,00-0036941,CiscAn00,andre-cisco-1,Andre Cisco,False,DB,DB,D,Syracuse,21.0,2025.0,0,0,3,20.0,,18.0,71.0,0.0,0.0,0.0,0.0,0.0,0.0,0.0,0.0,0.0,0.0,0.0,180.0,8.0,1.5
2021,3,66,MIN,00-0036946,MondKe00,kellen-mond-1,Kellen Mond,False,QB,QB,O,Texas A&M,22.0,2021.0,0,0,0,0.0,,0.0,1.0,2.0,3.0,5.0,0.0,0.0,0.0,0.0,0.0,0.0,0.0,0.0,,,
2021,3,67,HOU,00-0036898,MillDa02,davis-mills-1,Davis Mills,False,QB,QB,O,Stanford,22.0,2025.0,0,0,2,17.0,,17.0,44.0,684.0,1107.0,7082.0,40.0,26.0,68.0,232.0,3.0,0.0,0.0,0.0,2.0,,
2021,3,68,ATL,00-0036947,MayfJa00,jalen-mayfield-1,Jalen Mayfield,False,OL,OL,O,Michigan,21.0,2023.0,0,0,1,7.0,,7.0,19.0,0.0,0.0,0.0,0.0,0.0,0.0,0.0,0.0,0.0,0.0,0.0,,,
2021,3,69,CIN,00-0036902,OssaJo00,joseph-ossai-1,Joseph Ossai,False,LB,LB,D,Texas,21.0,2025.0,0,0,0,10.0,,10.0,61.0,0.0,0.0,0.0,0.0,0.0,0.0,0.0,0.0,0.0,0.0,0.0,59.0,,14.5
2021,3,70,CAR,00-0036968,ChriBr00,brady-christensen-1,Brady Christensen,False,OL,OL,O,BYU,24.0,2025.0,0,0,1,14.0,,14.0,59.0,0.0,0.0,0.0,0.0,0.0,0.0,0.0,0.0,0.0,0.0,0.0,1.0,,
2021,3,71,NYG,00-0036899,RobiAa00,aaron-robinson-2,Aaron Robinson,False,DB,DB,D,Central Florida,22.0,2022.0,0,0,0,2.0,,2.0,11.0,0.0,0.0,0.0,0.0,0.0,0.0,0.0,0.0,0.0,0.0,0.0,21.0,,
2021,3,72,DET,00-0036624,McNeAl00,alim-mcneill-1,Alim McNeill,False,DT,DL,D,North Carolina St.,21.0,2025.0,0,0,3,23.0,,23.0,71.0,0.0,0.0,0.0,0.0,0.0,0.0,0.0,0.0,0.0,0.0,0.0,71.0,,12.5
2021,3,73,PHI,00-0036916,WillMi08,milton-williams-1,Milton Williams,False,DL,DL,D,Louisiana Tech,22.0,2025.0,0,0,1,17.0,,11.0,79.0,0.0,0.0,0.0,0.0,0.0,0.0,0.0,0.0,0.0,0.0,0.0,81.0,,15.0
2021,3,74,WAS,00-0036625,StJuBe00,benjamin-st-juste-1,Benjamin St-Juste,False,DB,DB,D,Minnesota,23.0,2025.0,0,0,3,14.0,,12.0,70.0,0.0,0.0,0.0,0.0,0.0,0.0,0.0,0.0,0.0,0.0,0.0,184.0,2.0,3.0
2021,3,75,DAL,00-0036942,OdigOs00,osa-odighizuwa-1,Osa Odighizuwa,False,DL,DL,D,UCLA,23.0,2025.0,0,0,4,31.0,,31.0,84.0,0.0,0.0,0.0,0.0,0.0,0.0,0.0,0.0,0.0,0.0,0.0,115.0,,17.0
2021,3,76,NOR,00-0036937,AdebPa00,paulson-adebo-1,Paulson Adebo,False,CB,DB,D,Stanford,22.0,2025.0,0,0,4,22.0,,19.0,64.0,0.0,0.0,0.0,0.0,0.0,0.0,0.0,0.0,0.0,0.0,0.0,265.0,11.0,
2021,3,77,LAC,00-0036988,PalmJo00,josh-palmer-1,Josh Palmer,False,WR,WR,O,Tennessee,21.0,2025.0,0,0,1,21.0,,19.0,70.0,0.0,0.0,0.0,0.0,0.0,3.0,16.0,0.0,204.0,2590.0,10.0,2.0,,
2021,3,78,MIN,00-0037003,SurrCh00,chazz-surratt-1,Chazz Surratt,False,LB,LB,D,North Carolina,24.0,2025.0,0,0,0,6.0,,1.0,52.0,0.0,0.0,0.0,0.0,0.0,0.0,0.0,0.0,0.0,0.0,0.0,29.0,,
2021,3,79,LVR,00-0036989,KoonMa00,malcolm-koonce-1,Malcolm Koonce,False,DE,DL,D,Buffalo,23.0,2025.0,0,0,1,9.0,,9.0,56.0,0.0,0.0,0.0,0.0,0.0,0.0,0.0,0.0,0.0,0.0,0.0,54.0,,14.5
2021,3,80,LVR,00-0036990,DeabDi00,divine-deablo-1,Divine Deablo,False,DB,DB,D,Virginia Tech,23.0,2025.0,0,0,2,25.0,,19.0,67.0,0.0,0.0,0.0,0.0,0.0,0.0,0.0,0.0,1.0,34.0,0.0,204.0,,3.0
2021,3,81,MIA,00-0037004,LongHu00,hunter-long-3,Hunter Long,False,TE,TE,O,Boston Col.,23.0,2025.0,0,0,0,2.0,,0.0,46.0,0.0,0.0,0.0,0.0,0.0,0.0,0.0,0.0,20.0,153.0,2.0,3.0,,
2021,3,82,WAS,00-0036626,BrowDy00,dyami-brown-1,Dyami Brown,False,WR,WR,O,North Carolina,21.0,2025.0,0,0,0,7.0,,6.0,77.0,1.0,2.0,4.0,0.0,0.0,12.0,67.0,0.0,79.0,1011.0,5.0,4.0,,
2021,3,83,CAR,00-0037005,TremTo00,tommy-tremble-1,Tommy Tremble,False,TE,TE,O,Notre Dame,21.0,2025.0,0,0,1,7.0,,7.0,78.0,0.0,0.0,0.0,0.0,0.0,3.0,11.0,1.0,112.0,1031.0,11.0,8.0,,
2021,3,84,DAL,00-0036982,GolsCh00,chauncey-golston-1,Chauncey Golston,False,DL,DL,D,Iowa,23.0,2025.0,0,0,0,12.0,,12.0,74.0,0.0,0.0,0.0,0.0,0.0,0.0,0.0,0.0,0.0,0.0,0.0,81.0,1.0,10.0
2021,3,85,GNB,00-0036991,RodgAm00,amari-rodgers-1,Amari Rodgers,False,WR,WR,O,Clemson,21.0,2023.0,0,0,0,2.0,,1.0,35.0,0.0,0.0,0.0,0.0,0.0,3.0,18.0,0.0,20.0,249.0,1.0,3.0,,
2021,3,86,MIN,00-0037006,DaviWy00,wyatt-davis-1,Wyatt Davis,False,OL,OL,O,Ohio St.,22.0,2022.0,0,0,0,0.0,,0.0,9.0,0.0,0.0,0.0,0.0,0.0,0.0,0.0,0.0,0.0,0.0,0.0,,,
2021,3,87,PIT,00-0036983,GreeKe02,kendrick-green-1,Kendrick Green,False,OL,OL,O,Illinois,22.0,2025.0,0,0,1,7.0,,5.0,37.0,0.0,0.0,0.0,0.0,0.0,0.0,0.0,0.0,0.0,0.0,0.0,1.0,,
2021,3,88,SFO,00-0036984,SermTr00,trey-sermon-1,Trey Sermon,False,RB,RB,O,Ohio St.,22.0,2025.0,0,0,0,4.0,,1.0,46.0,0.0,0.0,0.0,0.0,0.0,134.0,505.0,3.0,22.0,138.0,0.0,1.0,,
2021,3,89,HOU,00-0036554,CollNi00,nico-collins-1,Nico Collins,False,WR,WR,O,Michigan,22.0,2025.0,0,2,1,33.0,,33.0,66.0,0.0,0.0,0.0,0.0,0.0,3.0,22.0,1.0,289.0,4347.0,24.0,2.0,,
2021,3,90,MIN,00-0037007,JonePa00,patrick-jones-ii-1,Patrick Jones II,False,DL,DL,D,Pittsburgh,22.0,2025.0,0,0,0,8.0,,7.0,61.0,0.0,0.0,0.0,0.0,0.0,0.0,0.0,0.0,0.0,0.0,0.0,67.0,,13.0
2021,3,91,CLE,00-0036999,SchwAn00,anthony-schwartz-1,Anthony Schwartz,False,WR,WR,O,Auburn,21.0,2022.0,0,0,0,2.0,,2.0,25.0,0.0,0.0,0.0,0.0,0.0,10.0,96.0,1.0,14.0,186.0,1.0,3.0,,
2021,3,92,TEN,00-0037000,RiceMo00,monty-rice-2,Monty Rice,False,LB,LB,D,Georgia,22.0,2025.0,0,0,0,7.0,,6.0,39.0,0.0,0.0,0.0,0.0,0.0,0.0,0.0,0.0,0.0,0.0,0.0,70.0,,
2021,3,93,BUF,00-0036976,BrowSp00,,Spencer Brown,False,OL,OL,O,Northern Iowa,23.0,2025.0,0,0,3,38.0,,38.0,73.0,0.0,0.0,0.0,0.0,0.0,0.0,0.0,0.0,0.0,0.0,0.0,1.0,,
2021,3,94,BAL,00-0036977,ClevBe00,ben-cleveland-2,Ben Cleveland,False,OL,OL,O,Georgia,23.0,2025.0,0,0,0,6.0,,6.0,64.0,0.0,0.0,0.0,0.0,0.0,0.0,0.0,0.0,0.0,0.0,0.0,,,
2021,3,95,TAM,00-0036985,HainRo00,robert-hainsey-1,Robert Hainsey,False,OL,OL,O,Notre Dame,23.0,2025.0,0,0,2,23.0,,15.0,75.0,0.0,0.0,0.0,0.0,0.0,0.0,0.0,0.0,0.0,-3.0,0.0,,,
2021,3,96,NWE,00-0036978,PerkRo00,ronnie-perkins-1,Ronnie Perkins,False,DE,DL,D,Oklahoma,21.0,2023.0,0,0,0,0.0,,,7.0,0.0,0.0,0.0,0.0,0.0,0.0,0.0,0.0,0.0,0.0,0.0,9.0,,
2021,3,97,LAC,00-0037011,McKiTr00,tre-mckitty-1,Tre' McKitty,False,TE,TE,O,Georgia,22.0,2023.0,0,0,0,1.0,,1.0,34.0,0.0,0.0,0.0,0.0,0.0,0.0,0.0,0.0,16.0,117.0,0.0,2.0,,
2021,3,98,DEN,00-0037001,MeinQu02,,Quinn Meinerz,False,C,OL,O,Wisconsin–Whitewater,22.0,2025.0,2,1,3,34.0,,34.0,79.0,0.0,0.0,0.0,0.0,0.0,0.0,0.0,0.0,0.0,0.0,0.0,1.0,,
2021,3,99,DAL,00-0036986,WrigNa00,nahshon-wright-1,Nahshon Wright,False,DB,DB,D,Oregon St.,22.0,2025.0,0,1,0,11.0,,2.0,50.0,0.0,0.0,0.0,0.0,0.0,0.0,0.0,0.0,0.0,0.0,0.0,81.0,6.0,
2021,3,100,TEN,00-0036992,MoldEl00,elijah-molden-1,Elijah Molden,False,DB,DB,D,Washington,22.0,2025.0,0,0,1,16.0,,6.0,60.0,0.0,0.0,0.0,0.0,0.0,0.0,0.0,0.0,0.0,0.0,0.0,165.0,6.0,
2021,3,101,DET,00-0036993,MeliIf00,ifeatu-melifonwu-1,Ifeatu Melifonwu,False,DB,DB,D,Syracuse,22.0,2025.0,0,0,0,8.0,,6.0,53.0,0.0,0.0,0.0,0.0,0.0,0.0,0.0,0.0,0.0,0.0,0.0,84.0,3.0,5.5
2021,3,102,SFO,00-0037008,ThomAm00,ambry-thomas-1,Ambry Thomas,False,DB,DB,D,Michigan,21.0,2023.0,0,0,0,6.0,,6.0,42.0,0.0,0.0,0.0,0.0,0.0,0.0,0.0,0.0,0.0,0.0,0.0,61.0,2.0,
2021,3,103,LAR,00-0036994,JoneEr01,ernest-jones-3,Ernest Jones,False,LB,LB,D,South Carolina,21.0,2025.0,0,0,2,37.0,,13.0,78.0,0.0,0.0,0.0,0.0,0.0,0.0,0.0,0.0,0.0,0.0,0.0,313.0,9.0,6.5
2021,3,104,BAL,00-0036987,StepBr01,brandon-stephens-2,Brandon Stephens,False,CB,DB,D,SMU,23.0,2025.0,0,0,3,20.0,,16.0,81.0,0.0,0.0,0.0,0.0,0.0,0.0,0.0,0.0,0.0,0.0,0.0,243.0,2.0,2.0
2021,3,105,DEN,00-0036995,BrowBa01,baron-browning-1,Baron Browning,False,LB,LB,D,Ohio St.,22.0,2025.0,0,0,1,18.0,,15.0,66.0,0.0,0.0,0.0,0.0,0.0,0.0,0.0,0.0,0.0,0.0,0.0,91.0,2.0,13.5
2021,4,106,JAX,00-0036881,TufeJa00,jay-tufele-1,Jay Tufele,False,DL,DL,D,USC,22.0,2025.0,0,0,0,5.0,,0.0,46.0,0.0,0.0,0.0,0.0,0.0,0.0,0.0,0.0,0.0,0.0,0.0,21.0,,0.5
2021,4,107,NYJ,00-0036924,CartMi03,michael-carter-5,Michael Carter,False,RB,RB,O,North Carolina,22.0,2025.0,0,0,2,16.0,,11.0,61.0,0.0,0.0,0.0,0.0,0.0,418.0,1692.0,9.0,145.0,1038.0,1.0,1.0,,
2021,4,108,ATL,00-0036956,HallDa03,darren-hall-1,Darren Hall,False,CB,DB,D,San Diego St.,21.0,2025.0,0,0,1,5.0,,4.0,48.0,0.0,0.0,0.0,0.0,0.0,0.0,0.0,0.0,0.0,0.0,0.0,59.0,,1.0
2021,4,109,TEN,00-0036627,FitzDe00,dez-fitzpatrick-1,Dez Fitzpatrick,False,WR,WR,O,Louisville,23.0,2024.0,0,0,0,0.0,,0.0,7.0,0.0,0.0,0.0,0.0,0.0,0.0,0.0,0.0,5.0,49.0,1.0,1.0,,
2021,4,110,CLE,00-0036866,HudsJa00,james-hudson-1,James Hudson,False,OL,OL,O,Cincinnati,22.0,2025.0,0,0,0,9.0,,8.0,60.0,0.0,0.0,0.0,0.0,0.0,0.0,0.0,0.0,0.0,0.0,0.0,,,
2021,4,111,CIN,00-0036850,SampCa00,cameron-sample-1,Cameron Sample,False,DE,DL,D,Tulane,21.0,2025.0,0,0,0,7.0,,7.0,61.0,0.0,0.0,0.0,0.0,0.0,0.0,0.0,0.0,0.0,0.0,0.0,53.0,,7.0
2021,4,112,DET,00-0036963,StxxAm00,amon-ra-st-brown-1,Amon-Ra St. Brown,False,WR,WR,O,USC,21.0,2025.0,2,4,3,57.0,,57.0,83.0,1.0,1.0,7.0,1.0,0.0,25.0,195.0,1.0,547.0,6252.0,44.0,1.0,,
2021,4,113,DET,00-0036964,BarnDe02,derrick-barnes-2,Derrick Barnes,False,DE,DL,D,Purdue,22.0,2025.0,0,0,1,17.0,,17.0,68.0,0.0,0.0,0.0,0.0,0.0,0.0,0.0,0.0,0.0,0.0,0.0,159.0,1.0,8.0
2021,4,114,ATL,00-0036957,DalmDr00,drew-dalman-1,Drew Dalman,False,C,OL,O,Stanford,22.0,2025.0,0,1,2,25.0,,15.0,74.0,0.0,0.0,0.0,0.0,0.0,0.0,0.0,0.0,0.0,0.0,0.0,1.0,,
2021,4,115,DAL,00-0036882,CoxxJa00,jabril-cox-1,Jabril Cox,False,LB,LB,D,LSU,23.0,2023.0,0,0,0,3.0,,2.0,26.0,0.0,0.0,0.0,0.0,0.0,0.0,0.0,0.0,0.0,0.0,0.0,7.0,,
2021,4,116,NYG,00-0036895,SmitEl00,,Elerson Smith,False,DL,DL,D,Northern Iowa,23.0,2024.0,0,0,0,1.0,,1.0,15.0,0.0,0.0,0.0,0.0,0.0,0.0,0.0,0.0,0.0,0.0,0.0,4.0,,
2021,4,117,LAR,00-0036903,BrowBo04,bobby-brown-iii-1,Bobby Brown,False,DL,DL,D,Texas A&M,21.0,2025.0,0,0,2,16.0,,13.0,66.0,0.0,0.0,0.0,0.0,0.0,0.0,0.0,0.0,0.0,0.0,0.0,50.0,,1.0
2021,4,118,LAC,00-0036867,RumpCh00,chris-rumph-ii-1,Chris Rumph,False,DE,DL,D,Duke,22.0,2025.0,0,0,0,4.0,,3.0,54.0,0.0,0.0,0.0,0.0,0.0,0.0,0.0,0.0,0.0,0.0,0.0,43.0,,5.0
2021,4,119,MIN,00-0036842,NwanKe00,kene-nwangwu-1,Kene Nwangwu,False,RB,RB,O,Iowa St.,23.0,2025.0,0,0,0,5.0,,3.0,51.0,0.0,0.0,0.0,0.0,0.0,40.0,137.0,0.0,6.0,30.0,0.0,5.0,,
2021,4,120,NWE,00-0036875,StevRh00,rhamondre-stevenson-1,Rhamondre Stevenson,False,RB,RB,O,Oklahoma,23.0,2025.0,0,0,2,28.0,,28.0,70.0,0.0,0.0,0.0,0.0,0.0,836.0,3669.0,28.0,186.0,1295.0,4.0,3.0,,
2021,4,121,JAX,00-0036868,SmitJo03,jordan-smith-5,Jordan Smith,False,OLB,LB,D,Ala-Birmingham,23.0,2021.0,0,0,0,0.0,,0.0,2.0,0.0,0.0,0.0,0.0,0.0,0.0,0.0,0.0,0.0,0.0,0.0,1.0,,
2021,4,122,CIN,00-0036851,ShelTy00,tyler-shelvin-1,Tyler Shelvin,False,DT,DL,D,LSU,23.0,2022.0,0,0,0,0.0,,0.0,5.0,0.0,0.0,0.0,0.0,0.0,0.0,0.0,0.0,0.0,0.0,0.0,1.0,,
2021,4,123,PHI,00-0036917,McPhZe00,zech-mcphearson-1,Zech McPhearson,False,DB,DB,D,Texas Tech,23.0,2022.0,0,0,0,2.0,,2.0,33.0,0.0,0.0,0.0,0.0,0.0,0.0,0.0,0.0,0.0,0.0,0.0,19.0,,1.0
2021,4,124,WAS,00-0036628,BateJo00,john-bates-1,John Bates,False,TE,TE,O,Boise St.,23.0,2025.0,0,0,0,6.0,,6.0,82.0,0.0,0.0,0.0,0.0,0.0,0.0,0.0,0.0,72.0,695.0,3.0,5.0,,
2021,4,125,MIN,00-0036629,BynuCa00,camryn-bynum-1,Camryn Bynum,False,CB,DB,D,California,23.0,2025.0,0,0,3,26.0,,19.0,82.0,0.0,0.0,0.0,0.0,0.0,0.0,0.0,0.0,0.0,0.0,0.0,267.0,12.0,2.5
2021,4,126,CAR,00-0036555,HubbCh01,chuba-hubbard-1,Chuba Hubbard,False,RB,RB,O,Oklahoma St.,22.0,2025.0,0,0,2,27.0,,27.0,79.0,0.0,0.0,0.0,0.0,0.0,889.0,3686.0,23.0,151.0,972.0,5.0,4.0,,
2021,4,127,IND,00-0036876,GranKy00,kylen-granson-1,Kylen Granson,False,TE,TE,O,SMU,23.0,2025.0,0,0,0,8.0,,8.0,79.0,0.0,0.0,0.0,0.0,0.0,2.0,2.0,0.0,93.0,998.0,1.0,18.0,,
2021,4,128,PIT,00-0036869,MoorDa05,dan-moore-jr-1,Dan Moore,False,OL,OL,O,Texas A&M,22.0,2025.0,0,0,4,32.0,,28.0,82.0,0.0,0.0,0.0,0.0,0.0,0.0,0.0,0.0,0.0,0.0,0.0,,,
2021,4,129,TAM,00-0036877,DardJa00,jaelon-darden-1,Jaelon Darden,False,WR,WR,O,North Texas,22.0,2024.0,0,0,0,0.0,,0.0,36.0,0.0,0.0,0.0,0.0,0.0,2.0,13.0,0.0,9.0,75.0,0.0,,,
2021,4,130,LAR,00-0036904,RochRo00,,Robert Rochell,False,DB,DB,D,Central Arkansas,23.0,2025.0,0,0,0,4.0,,3.0,54.0,0.0,0.0,0.0,0.0,0.0,0.0,0.0,0.0,0.0,0.0,0.0,24.0,1.0,
2021,4,131,BAL,00-0036630,WallTy00,tylan-wallace-1,Tylan Wallace,False,WR,WR,O,Oklahoma St.,22.0,2025.0,0,0,0,3.0,,3.0,68.0,0.0,0.0,0.0,0.0,0.0,0.0,0.0,0.0,22.0,305.0,2.0,13.0,,
2021,4,132,CLE,00-0036883,TogiTo00,tommy-togiai-1,Tommy Togiai,False,DT,DL,D,Ohio St.,21.0,2025.0,0,0,0,7.0,,2.0,41.0,0.0,0.0,0.0,0.0,0.0,0.0,0.0,0.0,0.0,0.0,0.0,50.0,,4.0
2021,4,133,NOR,00-0036929,BookIa00,ian-book-1,Ian Book,False,QB,QB,O,Notre Dame,23.0,2021.0,0,0,0,0.0,,0.0,1.0,12.0,20.0,135.0,0.0,2.0,3.0,6.0,0.0,0.0,0.0,0.0,,,
2021,4,134,MIN,00-0036878,RobiJa04,janarius-robinson-1,Janarius Robinson,False,DE,DL,D,Florida St.,22.0,2024.0,0,0,0,2.0,,,16.0,0.0,0.0,0.0,0.0,0.0,0.0,0.0,0.0,0.0,0.0,0.0,7.0,,1.5
2021,4,135,TEN,00-0036938,WeavRa00,rashad-weaver-1,Rashad Weaver,False,DL,DL,D,Pittsburgh,23.0,2024.0,0,0,0,5.0,,5.0,36.0,0.0,0.0,0.0,0.0,0.0,0.0,0.0,0.0,0.0,0.0,0.0,29.0,,5.5
2021,4,136,ARI,00-0036884,WilsMa04,marco-wilson-1,Marco Wilson,False,CB,DB,D,Florida,22.0,2025.0,0,0,3,12.0,,12.0,64.0,0.0,0.0,0.0,0.0,0.0,0.0,0.0,0.0,0.0,0.0,0.0,138.0,3.0,
2021,4,137,SEA,00-0036885,BrowTr03,tre-brown-2,Tre Brown,False,CB,DB,D,Oklahoma,23.0,2025.0,0,0,0,6.0,,6.0,49.0,0.0,0.0,0.0,0.0,0.0,0.0,0.0,0.0,0.0,0.0,0.0,67.0,2.0,1.0
2021,4,138,DAL,00-0036886,BallJo00,josh-ball-1,Josh Ball,False,OL,OL,O,Marshall,23.0,2022.0,0,0,0,1.0,,1.0,13.0,0.0,0.0,0.0,0.0,0.0,0.0,0.0,0.0,0.0,0.0,0.0,,,
2021,4,139,CIN,00-0036852,SmitDA03,dante-smith-1,D'Ante Smith,False,T,OL,O,East Carolina,23.0,2022.0,0,0,0,1.0,,1.0,3.0,0.0,0.0,0.0,0.0,0.0,0.0,0.0,0.0,0.0,0.0,0.0,,,
2021,4,140,PIT,00-0036870,JohnBu01,buddy-johnson-1,Buddy Johnson,False,LB,LB,D,Texas A&M,22.0,2025.0,0,0,0,2.0,,0.0,33.0,0.0,0.0,0.0,0.0,0.0,0.0,0.0,0.0,0.0,0.0,0.0,16.0,,
2021,4,141,LAR,00-0036918,HarrJa03,jacob-harris-2,Jacob Harris,False,WR,WR,O,Central Florida,24.0,2023.0,0,0,0,0.0,,0.0,18.0,0.0,0.0,0.0,0.0,0.0,0.0,0.0,0.0,1.0,6.0,0.0,2.0,,
2021,4,142,GNB,00-0036631,NewmRo00,royce-newman-1,Royce Newman,False,G,OL,O,Mississippi,24.0,2024.0,0,0,1,14.0,,14.0,52.0,0.0,0.0,0.0,0.0,0.0,0.0,0.0,0.0,0.0,0.0,0.0,1.0,,
2021,4,143,LVR,00-0036853,GillTy00,tyree-gillespie-1,Tyree Gillespie,False,S,DB,D,Missouri,23.0,2022.0,0,0,0,1.0,,1.0,14.0,0.0,0.0,0.0,0.0,0.0,0.0,0.0,0.0,0.0,0.0,0.0,1.0,,
2021,4,144,KAN,00-0036632,KainJo00,joshua-kaindoh-1,Joshua Kaindoh,False,DE,DL,D,Florida St.,22.0,2021.0,0,0,0,0.0,,0.0,3.0,0.0,0.0,0.0,0.0,0.0,0.0,0.0,0.0,0.0,0.0,0.0,,,
2021,5,145,JAX,00-0036887,FarrLu00,luke-farrell-1,Luke Farrell,False,TE,TE,O,Ohio St.,23.0,2025.0,0,0,0,3.0,,2.0,83.0,0.0,0.0,0.0,0.0,0.0,0.0,0.0,0.0,47.0,403.0,2.0,7.0,,
2021,5,146,NYJ,00-0036500,SherJa00,jamien-sherwood-1,Jamien Sherwood,False,DB,DB,D,Auburn,21.0,2025.0,0,0,1,16.0,,16.0,73.0,0.0,0.0,0.0,0.0,0.0,0.0,0.0,0.0,0.0,0.0,0.0,217.0,,4.5
2021,5,147,HOU,00-0036556,JordBr00,brevin-jordan-1,Brevin Jordan,False,TE,TE,O,Miami (FL),21.0,2024.0,0,0,0,4.0,,4.0,36.0,0.0,0.0,0.0,0.0,0.0,0.0,0.0,0.0,53.0,532.0,5.0,1.0,,
2021,5,148,ATL,00-0036948,GrahTa00,taquon-graham-1,Ta'Quon Graham,False,DL,DL,D,Texas,22.0,2025.0,0,0,1,9.0,,9.0,51.0,0.0,0.0,0.0,0.0,0.0,0.0,0.0,0.0,0.0,0.0,0.0,38.0,,1.0
2021,5,149,CIN,00-0036854,McPhEv00,evan-mcpherson-1,Evan McPherson,False,K,K,S,Florida,22.0,2025.0,0,0,2,15.0,,15.0,78.0,0.0,0.0,0.0,0.0,0.0,0.0,0.0,0.0,0.0,0.0,0.0,1.0,,
2021,5,150,PHI,00-0036919,GainKe00,kenny-gainwell-1,Kenneth Gainwell,False,RB,RB,O,Memphis,22.0,2025.0,0,0,0,24.0,,15.0,83.0,1.0,1.0,17.0,0.0,0.0,394.0,1722.0,17.0,175.0,1207.0,4.0,7.0,,
2021,5,151,CHI,00-0036905,BoroLa00,larry-borom-1,Larry Borom,False,OL,OL,O,Missouri,22.0,2025.0,0,0,1,17.0,,13.0,63.0,0.0,0.0,0.0,0.0,0.0,0.0,0.0,0.0,0.0,0.0,0.0,,,
2021,5,152,DEN,00-0036633,SterCa00,caden-sterns-1,Caden Sterns,False,DB,DB,D,Texas,21.0,2023.0,0,0,0,3.0,,3.0,21.0,0.0,0.0,0.0,0.0,0.0,0.0,0.0,0.0,0.0,0.0,0.0,36.0,4.0,2.0
2021,5,153,CLE,00-0036634,FielTo00,tony-fields-ii-1,Tony Fields,False,LB,LB,D,West Virginia,22.0,2024.0,0,0,0,9.0,,9.0,45.0,0.0,0.0,0.0,0.0,0.0,0.0,0.0,0.0,0.0,0.0,0.0,48.0,1.0,
2021,5,154,NYJ,00-0036501,CartMi02,michael-carter-ii-1,Michael Carter II,False,S,DB,D,Duke,22.0,2025.0,0,0,0,11.0,,10.0,73.0,0.0,0.0,0.0,0.0,0.0,0.0,0.0,0.0,0.0,0.0,0.0,164.0,2.0,1.0
2021,5,155,SFO,00-0036557,MoorJa04,jaylon-moore-1,Jaylon Moore,False,T,OL,O,Western Michigan,23.0,2025.0,0,0,0,11.0,,8.0,70.0,0.0,0.0,0.0,0.0,0.0,0.0,0.0,0.0,0.0,0.0,0.0,,,
2021,5,156,PIT,00-0036843,LoudIs00,isaiahh-loudermilk-1,Isaiahh Loudermilk,False,DE,DL,D,Wisconsin,23.0,2025.0,0,0,0,6.0,,6.0,60.0,0.0,0.0,0.0,0.0,0.0,0.0,0.0,0.0,0.0,0.0,0.0,38.0,,1.0
2021,5,157,MIN,00-0036635,SmitIh00,ihmir-smith-marsette-1,Ihmir Smith-Marsette,False,WR,WR,O,Iowa,22.0,2024.0,0,0,0,4.0,,1.0,48.0,0.0,0.0,0.0,0.0,0.0,9.0,73.0,1.0,14.0,182.0,2.0,1.0,,
2021,5,158,CAR,00-0036558,NixoDa00,daviyon-nixon-1,Daviyon Nixon,False,DT,DL,D,Iowa,22.0,2022.0,0,0,0,1.0,,1.0,14.0,0.0,0.0,0.0,0.0,0.0,0.0,0.0,0.0,0.0,0.0,0.0,4.0,,0.5
2021,5,159,LAC,00-0036636,JaimBr00,brenden-jaimes-1,Brenden Jaimes,False,OL,OL,O,Nebraska,22.0,2025.0,0,0,0,5.0,,5.0,50.0,0.0,0.0,0.0,0.0,0.0,0.0,0.0,0.0,0.0,0.0,0.0,,,
2021,5,160,BAL,00-0036559,WadeSh00,shaun-wade-1,Shaun Wade,False,CB,DB,D,Ohio St.,22.0,2023.0,0,0,0,3.0,,,20.0,0.0,0.0,0.0,0.0,0.0,0.0,0.0,0.0,0.0,0.0,0.0,23.0,,
2021,5,161,BUF,00-0036560,DoylTo00,tommy-doyle-2,Tommy Doyle,False,OL,OL,O,Miami (OH),23.0,2022.0,0,0,0,1.0,,1.0,12.0,0.0,0.0,0.0,0.0,0.0,0.0,0.0,0.0,0.0,0.0,0.0,,,
2021,5,162,KAN,00-0036637,GrayNo00,noah-gray-1,Noah Gray,False,TE,TE,O,Duke,22.0,2025.0,0,0,2,11.0,,11.0,83.0,0.0,0.0,0.0,0.0,0.0,3.0,-2.0,1.0,124.0,1255.0,9.0,4.0,,
2021,5,163,WAS,00-0036638,ForrDa00,darrick-forrest-1,Darrick Forrest,False,S,DB,D,Cincinnati,22.0,2024.0,0,0,1,7.0,,7.0,40.0,0.0,0.0,0.0,0.0,0.0,0.0,0.0,0.0,0.0,0.0,0.0,84.0,4.0,
2021,5,164,DEN,00-0036639,JohnJa15,jamar-johnson-1,Jamar Johnson,False,DB,DB,D,Indiana,21.0,2021.0,0,0,0,0.0,,0.0,3.0,0.0,0.0,0.0,0.0,0.0,0.0,0.0,0.0,0.0,0.0,0.0,,,
2021,5,165,IND,00-0036481,DaviSh02,shawn-davis-3,Shawn Davis,False,DB,DB,D,Florida,23.0,2021.0,0,0,0,0.0,,,1.0,0.0,0.0,0.0,0.0,0.0,0.0,0.0,0.0,0.0,0.0,0.0,,,
2021,5,166,CAR,00-0036561,TaylKe03,keith-taylor-3,Keith Taylor,False,DB,DB,D,Washington,22.0,2025.0,0,0,0,5.0,,4.0,47.0,0.0,0.0,0.0,0.0,0.0,0.0,0.0,0.0,0.0,0.0,0.0,62.0,,
2021,5,167,LVR,00-0036871,HobbNa00,nate-hobbs-1,Nate Hobbs,False,CB,DB,D,Illinois,22.0,2025.0,0,0,3,14.0,,12.0,62.0,0.0,0.0,0.0,0.0,0.0,0.0,0.0,0.0,0.0,0.0,0.0,214.0,3.0,3.0
2021,5,168,MIN,00-0036640,DaviZa00,,Zach Davidson,False,TE,TE,O,Central Missouri St.,23.0,2025.0,0,0,0,0.0,,,3.0,0.0,0.0,0.0,0.0,0.0,0.0,0.0,0.0,1.0,5.0,0.0,,,
2021,5,169,CLE,00-0036641,LeCoRi00,richard-lecounte-iii-1,Richard LeCounte,False,DB,DB,D,Georgia,22.0,2023.0,0,0,0,1.0,,1.0,12.0,0.0,0.0,0.0,0.0,0.0,0.0,0.0,0.0,0.0,0.0,0.0,2.0,,
2021,5,170,HOU,00-0036844,WallGa00,garret-wallow-1,Garret Wallow,False,LB,LB,D,TCU,22.0,2025.0,0,0,0,5.0,,4.0,46.0,0.0,0.0,0.0,0.0,0.0,0.0,0.0,0.0,0.0,0.0,0.0,28.0,,1.0
2021,5,171,BAL,00-0036562,HayeDa00,daelin-hayes-1,Daelin Hayes,False,DL,DL,D,Notre Dame,23.0,2021.0,0,0,0,0.0,,0.0,1.0,0.0,0.0,0.0,0.0,0.0,0.0,0.0,0.0,0.0,0.0,0.0,,,
2021,5,172,SFO,00-0036563,LenoDe00,deommodore-lenoir-1,Deommodore Lenoir,False,CB,DB,D,Oregon,21.0,2025.0,0,0,3,21.0,,21.0,79.0,0.0,0.0,0.0,0.0,0.0,0.0,0.0,0.0,0.0,0.0,0.0,216.0,8.0,1.0
2021,5,173,GNB,00-0036642,SlatTe00,tedarrell-slaton-1,Tedarrell Slaton,False,DL,DL,D,Florida,23.0,2025.0,0,0,2,23.0,,17.0,85.0,0.0,0.0,0.0,0.0,0.0,0.0,0.0,0.0,0.0,0.0,0.0,86.0,,5.0
2021,5,174,LAR,00-0036855,BrowEa00,earnest-brown-iv-1,Earnest Brown IV,False,DE,DL,D,Northwestern,22.0,2024.0,0,0,0,1.0,,1.0,15.0,0.0,0.0,0.0,0.0,0.0,0.0,0.0,0.0,0.0,0.0,0.0,5.0,,
2021,5,175,NYJ,00-0036502,PinnJa01,jason-pinnock-1,Jason Pinnock,False,CB,DB,D,Pittsburgh,22.0,2025.0,0,0,2,16.0,,1.0,75.0,0.0,0.0,0.0,0.0,0.0,0.0,0.0,0.0,0.0,0.0,0.0,180.0,2.0,6.5
2021,5,176,TAM,00-0036643,BritKJ00,kj-britt-1,K.J. Britt,False,LB,LB,D,Auburn,22.0,2025.0,0,0,1,10.0,,10.0,76.0,0.0,0.0,0.0,0.0,0.0,0.0,0.0,0.0,0.0,0.0,0.0,80.0,,0.5
2021,5,177,NWE,00-0036644,McGrCa00,cameron-mcgrone-1,Cameron McGrone,False,LB,LB,D,Michigan,21.0,2025.0,0,0,0,2.0,,,27.0,0.0,0.0,0.0,0.0,0.0,0.0,0.0,0.0,0.0,0.0,0.0,8.0,,
2021,5,178,GNB,00-0036645,JeanSh00,shemar-jean-charles-1,Shemar Jean-Charles,False,DB,DB,D,Appalachian St.,23.0,2024.0,0,0,0,2.0,,1.0,37.0,0.0,0.0,0.0,0.0,0.0,0.0,0.0,0.0,0.0,0.0,0.0,16.0,1.0,
2021,5,179,DAL,00-0036646,FehoSi00,simi-fehoko-1,Simi Fehoko,False,WR,WR,O,Stanford,23.0,2025.0,0,0,0,1.0,,0.0,32.0,0.0,0.0,0.0,0.0,0.0,0.0,0.0,0.0,10.0,139.0,1.0,5.0,,
2021,5,180,SFO,00-0036564,HufaTa00,talanoa-hufanga-1,Talanoa Hufanga,False,S,DB,D,USC,22.0,2025.0,1,1,2,29.0,,19.0,66.0,0.0,0.0,0.0,0.0,0.0,0.0,0.0,0.0,0.0,0.0,0.0,216.0,7.0,4.0
2021,5,181,KAN,00-0036647,PoweCo00,cornell-powell-1,Cornell Powell,False,WR,WR,O,Clemson,23.0,2022.0,0,0,0,0.0,,0.0,3.0,0.0,0.0,0.0,0.0,0.0,0.0,0.0,0.0,0.0,0.0,0.0,,,
2021,5,182,ATL,00-0036949,OgunAd01,adetokunbo-ogundeji-1,Adetokunbo Ogundeji,False,DL,DL,D,Notre Dame,22.0,2024.0,0,0,2,10.0,,10.0,35.0,0.0,0.0,0.0,0.0,0.0,0.0,0.0,0.0,0.0,0.0,0.0,37.0,,3.0
2021,5,183,ATL,00-0036950,WillAv02,avery-williams-6,Avery Williams,False,CB,DB,D,Boise St.,23.0,2025.0,0,0,0,2.0,,2.0,50.0,0.0,0.0,0.0,0.0,0.0,22.0,109.0,1.0,13.0,61.0,0.0,13.0,,
2021,5,184,BAL,00-0036565,MasoBe00,ben-mason-1,Ben Mason,False,FB,RB,O,Michigan,22.0,2023.0,0,0,0,0.0,,0.0,1.0,0.0,0.0,0.0,0.0,0.0,0.0,0.0,0.0,0.0,0.0,0.0,,,
2021,6,185,LAC,00-0036648,NiemNi00,nick-niemann-1,Nick Niemann,False,LB,LB,D,Iowa,23.0,2025.0,0,0,0,5.0,,5.0,71.0,0.0,0.0,0.0,0.0,0.0,1.0,0.0,0.0,0.0,0.0,0.0,54.0,1.0,
2021,6,186,NYJ,00-0036503,NasiHa00,hamsah-nasirildeen-1,Hamsah Nasirildeen,False,DB,DB,D,Florida St.,22.0,2022.0,0,0,0,2.0,,2.0,19.0,0.0,0.0,0.0,0.0,0.0,0.0,0.0,0.0,0.0,0.0,0.0,5.0,,
2021,6,187,ATL,00-0036951,DarbFr00,frank-darby-1,Frank Darby,False,WR,WR,O,Arizona St.,23.0,2023.0,0,0,0,0.0,,0.0,16.0,0.0,0.0,0.0,0.0,0.0,0.0,0.0,0.0,2.0,29.0,0.0,,,
2021,6,188,NWE,00-0036872,BledJo00,joshuah-bledsoe-1,Joshuah Bledsoe,False,S,DB,D,Missouri,22.0,2023.0,0,0,0,0.0,,0.0,4.0,0.0,0.0,0.0,0.0,0.0,0.0,0.0,0.0,0.0,0.0,0.0,,,
2021,6,189,PHI,00-0036920,TuipMa00,marlon-tuipulotu-1,Marlon Tuipulotu,False,DL,DL,D,USC,22.0,2025.0,0,0,0,2.0,,2.0,33.0,0.0,0.0,0.0,0.0,0.0,0.0,0.0,0.0,0.0,0.0,0.0,24.0,,3.0
2021,6,190,CIN,00-0036856,HillTr03,trey-hill-1,Trey Hill,False,OL,OL,O,Georgia,21.0,2024.0,0,0,0,3.0,,3.0,25.0,0.0,0.0,0.0,0.0,0.0,0.0,0.0,0.0,0.0,0.0,0.0,,,
2021,6,191,PHI,00-0036921,JackTa02,tarron-jackson-1,Tarron Jackson,False,DE,DL,D,Coastal Carolina,23.0,2024.0,0,0,0,1.0,,1.0,24.0,0.0,0.0,0.0,0.0,0.0,0.0,0.0,0.0,0.0,0.0,0.0,11.0,,1.0
2021,6,192,DAL,00-0036649,BohaQu00,quinton-bohanna-1,Quinton Bohanna,False,DT,DL,D,Kentucky,22.0,2025.0,0,0,1,8.0,,6.0,40.0,0.0,0.0,0.0,0.0,0.0,0.0,0.0,0.0,0.0,0.0,0.0,16.0,,
2021,6,193,CAR,00-0036566,BrowDe06,deonte-brown-1,Deonte Brown,False,OL,OL,O,Alabama,23.0,2021.0,0,0,0,0.0,,0.0,3.0,0.0,0.0,0.0,0.0,0.0,0.0,0.0,0.0,0.0,0.0,0.0,,,
2021,6,194,SFO,00-0036567,MitcEl00,elijah-mitchell-2,Elijah Mitchell,False,RB,RB,O,Louisiana,23.0,2025.0,0,0,0,11.0,,11.0,28.0,0.0,0.0,0.0,0.0,0.0,327.0,1523.0,9.0,28.0,158.0,1.0,,,
2021,6,195,HOU,00-0036568,LopeRo00,roy-lopez-1,Roy Lopez,False,DL,DL,D,Arizona,24.0,2025.0,0,0,3,22.0,,12.0,80.0,0.0,0.0,0.0,0.0,0.0,0.0,0.0,0.0,0.0,0.0,0.0,83.0,,5.0
2021,6,196,NYG,00-0036569,BrigGa00,gary-brightwell-1,Gary Brightwell,False,RB,RB,O,Arizona,22.0,2025.0,0,0,0,1.0,,1.0,41.0,0.0,0.0,0.0,0.0,0.0,41.0,164.0,1.0,11.0,92.0,0.0,3.0,,
2021,6,197,NWE,00-0036535,SherWi01,william-sherman-1,William Sherman,False,OL,OL,O,Colorado,22.0,2025.0,0,0,0,1.0,,0.0,8.0,0.0,0.0,0.0,0.0,0.0,0.0,0.0,0.0,0.0,0.0,0.0,,,
2021,6,198,LAC,00-0036650,RounLa00,larry-rountree-iii-1,Larry Rountree,False,RB,RB,O,Missouri,22.0,2022.0,0,0,0,1.0,,1.0,16.0,0.0,0.0,0.0,0.0,0.0,49.0,106.0,1.0,3.0,13.0,0.0,,,
2021,6,199,MIN,00-0036651,TwymJa00,jaylen-twyman-1,Jaylen Twyman,False,DL,DL,D,Pittsburgh,22.0,,0,0,0,,,,,,,,,,,,,,,,,,
2021,6,200,NYJ,00-0036504,EchoBr00,brandin-echols-1,Brandin Echols,False,CB,DB,D,Kentucky,23.0,2025.0,0,0,1,11.0,,9.0,73.0,0.0,0.0,0.0,0.0,0.0,0.0,0.0,0.0,1.0,18.0,0.0,126.0,7.0,1.0
2021,6,201,NYG,00-0036570,WillRo07,rodarius-williams-1,Rodarius Williams,False,CB,DB,D,Oklahoma St.,24.0,2022.0,0,0,0,1.0,,1.0,8.0,0.0,0.0,0.0,0.0,0.0,0.0,0.0,0.0,0.0,0.0,0.0,16.0,1.0,
2021,6,202,CIN,00-0036857,EvanCh02,chris-evans-2,Chris Evans,False,RB,RB,O,Michigan,23.0,2023.0,0,0,0,2.0,,2.0,34.0,0.0,0.0,0.0,0.0,0.0,19.0,89.0,0.0,19.0,188.0,3.0,6.0,,
2021,6,203,BUF,00-0036571,StevMa00,marquez-stevenson-1,Marquez Stevenson,False,WR,WR,O,Houston,23.0,2021.0,0,0,0,0.0,,0.0,5.0,0.0,0.0,0.0,0.0,0.0,0.0,0.0,0.0,0.0,0.0,0.0,,,
2021,6,204,CAR,00-0036572,SmitSh03,shi-smith-1,Shi Smith,False,WR,WR,O,South Carolina,22.0,2022.0,0,0,0,4.0,,4.0,23.0,0.0,0.0,0.0,0.0,0.0,1.0,-3.0,0.0,28.0,400.0,2.0,4.0,,
2021,6,205,TEN,00-0036652,McMaRa00,racey-mcmath-1,Racey McMath,False,WR,WR,O,LSU,22.0,2022.0,0,0,0,0.0,,0.0,14.0,0.0,0.0,0.0,0.0,0.0,1.0,4.0,0.0,4.0,48.0,0.0,2.0,,
2021,6,206,NOR,00-0036930,YounLa00,landon-young-1,Landon Young,False,T,OL,O,Kentucky,24.0,2024.0,0,0,0,9.0,,9.0,56.0,0.0,0.0,0.0,0.0,0.0,0.0,0.0,0.0,0.0,0.0,0.0,,,
2021,6,207,NYJ,00-0036505,MarsJo00,jonathan-marshall-1,Jonathan Marshall,False,DL,DL,D,Arkansas,23.0,2021.0,0,0,0,0.0,,0.0,4.0,0.0,0.0,0.0,0.0,0.0,0.0,0.0,0.0,0.0,0.0,0.0,1.0,,
2021,6,208,SEA,00-0036653,ForsSt00,stone-forsythe-1,Stone Forsythe,False,OL,OL,O,Florida,23.0,2025.0,0,0,0,13.0,,9.0,70.0,0.0,0.0,0.0,0.0,0.0,0.0,0.0,0.0,0.0,0.0,0.0,,,
2021,6,209,JAX,00-0036858,CampJa03,jalen-camp-1,Jalen Camp,False,WR,WR,O,Georgia Tech,23.0,2022.0,0,0,0,0.0,,,5.0,0.0,0.0,0.0,0.0,0.0,0.0,0.0,0.0,1.0,7.0,0.0,,,
2021,6,210,ARI,00-0036896,DimuVi00,victor-dimukeje-1,Victor Dimukeje,False,DE,DL,D,Duke,21.0,2025.0,0,0,0,6.0,,6.0,60.0,0.0,0.0,0.0,0.0,0.0,0.0,0.0,0.0,0.0,0.0,0.0,43.0,,4.0
2021,6,211,CLE,00-0036654,FeltDe00,demetric-felton-1,Demetric Felton,False,RB,RB,O,UCLA,23.0,2022.0,0,0,0,2.0,,2.0,24.0,0.0,0.0,0.0,0.0,0.0,8.0,20.0,0.0,20.0,189.0,2.0,3.0,,
2021,6,212,BUF,00-0036888,HamlDa00,damar-hamlin-1,Damar Hamlin,False,DB,DB,D,Pittsburgh,23.0,2025.0,0,0,2,11.0,,11.0,53.0,0.0,0.0,0.0,0.0,0.0,0.0,0.0,0.0,0.0,0.0,0.0,130.0,2.0,1.5
2021,6,213,BUF,00-0036573,WildRa00,rachad-wildgoose-1,Rachad Wildgoose,False,CB,DB,D,Wisconsin,21.0,2022.0,0,0,0,2.0,,,20.0,0.0,0.0,0.0,0.0,0.0,0.0,0.0,0.0,0.0,0.0,0.0,13.0,,
2021,6,214,GNB,00-0036655,VanxCo00,cole-van-lanen-1,Cole Van Lanen,False,OL,OL,O,Wisconsin,23.0,2025.0,0,0,0,9.0,,0.0,51.0,0.0,0.0,0.0,0.0,0.0,0.0,0.0,0.0,0.0,0.0,0.0,,,
2021,6,215,TEN,00-0036656,BreeBr00,brady-breeze-1,Brady Breeze,False,S,DB,D,Oregon,23.0,2022.0,0,0,0,0.0,,0.0,11.0,0.0,0.0,0.0,0.0,0.0,0.0,0.0,0.0,0.0,0.0,0.0,5.0,,
2021,6,216,PIT,00-0036845,RochQu00,quincy-roche-1,Quincy Roche,False,DL,DL,D,Miami (FL),23.0,2022.0,0,0,0,2.0,,,17.0,0.0,0.0,0.0,0.0,0.0,0.0,0.0,0.0,0.0,0.0,0.0,23.0,,2.5
2021,6,217,CHI,00-0036906,HerbKh00,khalil-herbert-1,Khalil Herbert,False,RB,RB,O,Virginia Tech,23.0,2025.0,0,0,1,13.0,,12.0,63.0,0.0,0.0,0.0,0.0,0.0,416.0,1957.0,9.0,54.0,316.0,2.0,7.0,,
2021,6,218,IND,00-0036879,EhliSa00,sam-ehlinger-1,Sam Ehlinger,False,QB,QB,O,Texas,22.0,2023.0,0,0,0,2.0,,2.0,8.0,64.0,101.0,573.0,3.0,3.0,20.0,96.0,0.0,0.0,0.0,0.0,,,
2021,6,219,DEN,00-0036657,WillSe00,seth-williams-1,Seth Williams,False,WR,WR,O,Auburn,21.0,2021.0,0,0,0,0.0,,0.0,2.0,0.0,0.0,0.0,0.0,0.0,0.0,0.0,0.0,1.0,34.0,0.0,,,
2021,6,220,GNB,00-0036658,McDuIs00,isaiah-mcduffie-1,Isaiah McDuffie,False,LB,LB,D,Boston Col.,22.0,2025.0,0,0,1,19.0,,19.0,80.0,0.0,0.0,0.0,0.0,0.0,0.0,0.0,0.0,0.0,0.0,0.0,176.0,1.0,2.0
2021,6,221,CHI,00-0036907,NewsDa00,dazz-newsome-1,Dazz Newsome,False,WR,WR,O,North Carolina,22.0,2021.0,0,0,0,0.0,,0.0,3.0,0.0,0.0,0.0,0.0,0.0,0.0,0.0,0.0,2.0,23.0,0.0,1.0,,
2021,6,222,CAR,00-0036574,FletTh00,thomas-fletcher-1,Thomas Fletcher,False,LS,LS,S,Alabama,22.0,,0,0,0,,,,,,,,,,,,,,,,,,
2021,6,223,ARI,00-0036897,GowaTa00,tay-gowan-1,Tay Gowan,False,DB,DB,D,Central Florida,23.0,2023.0,0,0,0,0.0,,,6.0,0.0,0.0,0.0,0.0,0.0,0.0,0.0,0.0,0.0,0.0,0.0,1.0,,
2021,6,224,PHI,00-0036925,StevJa00,jacoby-stevens-1,JaCoby Stevens,False,S,DB,D,LSU,23.0,2021.0,0,0,0,0.0,,0.0,2.0,0.0,0.0,0.0,0.0,0.0,0.0,0.0,0.0,0.0,0.0,0.0,1.0,,
2021,6,225,WAS,00-0036659,CheeCa00,cameron-cheeseman-1,Camaron Cheeseman,False,LS,LS,S,Michigan,23.0,2023.0,0,0,0,3.0,,3.0,48.0,0.0,0.0,0.0,0.0,0.0,0.0,0.0,0.0,0.0,0.0,0.0,,,
2021,6,226,KAN,00-0036660,SmitTr05,trey-smith-5,Trey Smith,False,OL,OL,O,Tennessee,22.0,2025.0,0,2,4,36.0,,36.0,79.0,0.0,0.0,0.0,0.0,0.0,0.0,0.0,0.0,0.0,0.0,0.0,1.0,,
2021,6,227,DAL,00-0036661,MukuIs00,israel-mukuamu-1,Israel Mukuamu,False,DB,DB,D,South Carolina,21.0,2025.0,0,0,0,4.0,,4.0,51.0,0.0,0.0,0.0,0.0,0.0,0.0,0.0,0.0,0.0,0.0,0.0,29.0,3.0,
2021,6,228,CHI,00-0036908,GrahTh00,thomas-graham-jr-1,Thomas Graham,False,CB,DB,D,Oregon,22.0,2024.0,0,0,0,0.0,,0.0,12.0,0.0,0.0,0.0,0.0,0.0,0.0,0.0,0.0,0.0,0.0,0.0,11.0,,
2021,7,229,IND,00-0036482,StraMi03,,Mike Strachan,False,WR,WR,O,Charleston (WV),24.0,2023.0,0,0,0,0.0,,0.0,23.0,0.0,0.0,0.0,0.0,0.0,0.0,0.0,0.0,6.0,130.0,0.0,,,
2021,7,230,LVR,00-0036859,MorrJi00,jimmy-morrissey-1,Jimmy Morrissey,False,OL,OL,O,Pittsburgh,23.0,2025.0,0,0,0,1.0,,,15.0,0.0,0.0,0.0,0.0,0.0,0.0,0.0,0.0,0.0,0.0,0.0,,,
2021,7,231,MIA,00-0036575,ColeLa03,larnel-coleman-1,Larnel Coleman,False,T,OL,O,Massachusetts,23.0,2022.0,0,0,0,0.0,,0.0,1.0,0.0,0.0,0.0,0.0,0.0,0.0,0.0,0.0,0.0,0.0,0.0,,,
2021,7,232,CAR,00-0036576,HoskPh00,phil-hoskins-1,Phil Hoskins,False,DT,DL,D,Kentucky,24.0,2023.0,0,0,0,1.0,,0.0,13.0,0.0,0.0,0.0,0.0,0.0,0.0,0.0,0.0,0.0,0.0,0.0,6.0,,1.0
2021,7,233,LAR,00-0036860,FunkJa00,jake-funk-1,Jake Funk,False,RB,RB,O,Maryland,23.0,2023.0,0,0,0,0.0,,0.0,20.0,0.0,0.0,0.0,0.0,0.0,4.0,15.0,0.0,1.0,12.0,0.0,1.0,,
2021,7,234,PHI,00-0036922,JohnPa02,patrick-johnson-4,Patrick Johnson,False,DE,DL,D,Tulane,23.0,2025.0,0,0,0,6.0,,5.0,70.0,0.0,0.0,0.0,0.0,0.0,0.0,0.0,0.0,0.0,0.0,0.0,29.0,,1.0
2021,7,235,CIN,00-0036861,HubeWy00,wyatt-hubert-1,Wyatt Hubert,False,DE,DL,D,Kansas St.,23.0,,0,0,0,,,,,,,,,,,,,,,,,,
2021,7,236,BUF,00-0036577,AndeJa01,jack-anderson-3,Jack Anderson,False,OL,OL,O,Texas Tech,22.0,2023.0,0,0,0,2.0,,,15.0,0.0,0.0,0.0,0.0,0.0,0.0,0.0,0.0,0.0,0.0,0.0,,,
2021,7,237,DEN,00-0036662,VincKa00,kary-vincent-jr-1,Kary Vincent Jr.,False,CB,DB,D,LSU,22.0,2021.0,0,0,0,0.0,,,2.0,0.0,0.0,0.0,0.0,0.0,0.0,0.0,0.0,0.0,0.0,0.0,2.0,,
2021,7,238,DAL,00-0036663,FarnMa00,matt-farniok-1,Matt Farniok,False,G,OL,O,Nebraska,23.0,2022.0,0,0,0,2.0,,2.0,19.0,0.0,0.0,0.0,0.0,0.0,0.0,0.0,0.0,0.0,0.0,0.0,1.0,,
2021,7,239,DEN,00-0036952,CoopJo02,jonathon-cooper-1,Jonathon Cooper,False,DE,DL,D,Ohio St.,23.0,2025.0,0,0,3,32.0,,32.0,81.0,0.0,0.0,0.0,0.0,0.0,0.0,0.0,0.0,0.0,0.0,0.0,145.0,1.0,31.5
2021,7,240,WAS,00-0036664,BradWi00,william-bradley-king-1,William Bradley-King,False,OLB,LB,D,Baylor,23.0,2022.0,0,0,0,0.0,,0.0,4.0,0.0,0.0,0.0,0.0,0.0,0.0,0.0,0.0,0.0,0.0,0.0,1.0,,0.5
2021,7,241,LAC,00-0036665,WebbMa01,mark-webb-1,Mark Webb,False,DB,DB,D,Georgia,22.0,2021.0,0,0,0,0.0,,0.0,7.0,0.0,0.0,0.0,0.0,0.0,0.0,0.0,0.0,0.0,0.0,0.0,3.0,,
2021,7,242,NWE,00-0036536,NixoTr01,tre-nixon-1,Tre Nixon,False,WR,WR,O,Central Florida,23.0,,0,0,0,,,,,,,,,,,,,,,,,,
2021,7,243,ARI,00-0036889,WiggJa00,james-wiggins-1,James Wiggins,False,S,DB,D,Cincinnati,24.0,2021.0,0,0,0,0.0,,0.0,3.0,0.0,0.0,0.0,0.0,0.0,0.0,0.0,0.0,0.0,0.0,0.0,,,
2021,7,244,MIA,00-0036578,DoakGe00,gerrid-doaks-1,Gerrid Doaks,False,RB,RB,O,Cincinnati,23.0,,0,0,0,,,,,,,,,,,,,,,,,,
2021,7,245,PIT,00-0036846,NorwTr00,tre-norwood-1,Tre Norwood,False,DB,DB,D,Oklahoma,22.0,2022.0,0,0,0,3.0,,3.0,32.0,0.0,0.0,0.0,0.0,0.0,0.0,0.0,0.0,0.0,0.0,0.0,49.0,1.0,
2021,7,246,WAS,00-0036666,ToneSh00,shaka-toney-1,Shaka Toney,False,DE,DL,D,Penn St.,23.0,2022.0,0,0,0,2.0,,2.0,26.0,0.0,0.0,0.0,0.0,0.0,0.0,0.0,0.0,0.0,0.0,0.0,6.0,,1.5
2021,7,247,ARI,00-0036890,MeneMi00,michal-menet-1,Michal Menet,False,OL,OL,O,Penn St.,24.0,,0,0,0,,,,,,,,,,,,,,,,,,
2021,7,248,IND,00-0036483,FrieWi00,will-fries-1,Will Fries,False,OL,OL,O,Penn St.,23.0,2025.0,0,0,2,17.0,,11.0,58.0,0.0,0.0,0.0,0.0,0.0,0.0,0.0,0.0,0.0,0.0,0.0,1.0,,
2021,7,249,LAR,00-0036862,SkowBe00,ben-skowronek-1,Ben Skowronek,False,WR,WR,O,Notre Dame,24.0,2025.0,0,1,1,8.0,,6.0,72.0,0.0,0.0,0.0,0.0,0.0,3.0,26.0,1.0,67.0,713.0,2.0,33.0,,
2021,7,250,CHI,00-0036909,TongKh00,khyiris-tonga-1,Khyiris Tonga,False,DL,DL,D,BYU,25.0,2025.0,0,0,0,9.0,,2.0,67.0,0.0,0.0,0.0,0.0,0.0,0.0,0.0,0.0,0.0,0.0,0.0,46.0,,0.5
2021,7,251,TAM,00-0036667,WilcCh00,chris-wilcox-1,Chris Wilcox,False,DB,DB,D,BYU,23.0,,0,0,0,,,,,,,,,,,,,,,,,,
2021,7,252,LAR,00-0036863,GarrCh00,,Chris Garrett,False,DE,DL,D,Concordia-St.Paul (MN),23.0,2021.0,0,0,0,0.0,,0.0,1.0,0.0,0.0,0.0,0.0,0.0,0.0,0.0,0.0,0.0,0.0,0.0,,,
2021,7,253,DEN,00-0036668,SpenMa00,marquiss-spencer-1,Marquiss Spencer,False,DE,DL,D,Mississippi St.,24.0,2021.0,0,0,0,0.0,,0.0,1.0,0.0,0.0,0.0,0.0,0.0,0.0,0.0,0.0,0.0,0.0,0.0,,,
2021,7,254,PIT,00-0036847,HarvPr00,pressley-harvin-iii-1,Pressley Harvin III,False,P,P,S,Georgia Tech,22.0,2023.0,0,0,2,4.0,,4.0,47.0,0.0,0.0,0.0,0.0,0.0,0.0,0.0,0.0,0.0,0.0,0.0,1.0,,
2021,7,255,NOR,00-0036939,BakeKa00,kawaan-baker-1,Kawaan Baker,False,WR,WR,O,South Alabama,23.0,2021.0,0,0,0,0.0,,0.0,2.0,0.0,0.0,0.0,0.0,0.0,0.0,0.0,0.0,0.0,0.0,0.0,1.0,,
2021,7,256,GNB,00-0036669,HillKy00,kylin-hill-1,Kylin Hill,False,RB,RB,O,Mississippi St.,23.0,2022.0,0,0,0,0.0,,0.0,10.0,0.0,0.0,0.0,0.0,0.0,11.0,31.0,0.0,1.0,5.0,0.0,1.0,,
2021,7,257,DET,00-0036670,JeffJe00,jermar-jefferson-1,Jermar Jefferson,False,RB,RB,O,Oregon St.,21.0,2025.0,0,0,0,1.0,,1.0,11.0,0.0,0.0,0.0,0.0,0.0,21.0,96.0,2.0,5.0,33.0,0.0,,,
2021,7,258,WAS,00-0036671,MilnDa00,dax-milne-1,Dax Milne,False,WR,WR,O,BYU,22.0,2022.0,0,0,0,1.0,,1.0,28.0,0.0,0.0,0.0,0.0,0.0,1.0,1.0,0.0,15.0,120.0,1.0,,,
2021,7,259,TAM,00-0036672,StuaGr00,grant-stuard-1,Grant Stuard,False,LB,LB,D,Houston,22.0,2025.0,0,0,0,7.0,,1.0,83.0,0.0,0.0,0.0,0.0,0.0,1.0,0.0,0.0,0.0,0.0,0.0,54.0,,
2022,1,1,JAX,00-0037235,WalkTr03,travon-walker-1,Travon Walker,False,DE,DL,D,Georgia,21.0,2025.0,0,0,3,26.0,,26.0,63.0,0.0,0.0,0.0,0.0,0.0,0.0,0.0,0.0,0.0,0.0,0.0,101.0,1.0,27.5
2022,1,2,DET,00-0037236,HutcAi00,aidan-hutchinson-1,Aidan Hutchinson,False,DE,DL,D,Michigan,22.0,2025.0,0,2,2,31.0,,31.0,56.0,0.0,0.0,0.0,0.0,0.0,0.0,0.0,0.0,0.0,0.0,0.0,118.0,5.0,43.0
2022,1,3,HOU,00-0037237,StinDe00,derek-stingley-jr-1,Derek Stingley Jr.,False,CB,DB,D,LSU,21.0,2025.0,2,2,3,36.0,,36.0,54.0,0.0,0.0,0.0,0.0,0.0,0.0,0.0,0.0,0.0,0.0,0.0,126.0,15.0,1.0
2022,1,4,NYJ,00-0037190,GardSa00,ahmad-gardner-1,Sauce Gardner,False,CB,DB,D,Cincinnati,22.0,2025.0,2,2,3,33.0,,32.0,59.0,0.0,0.0,0.0,0.0,0.0,0.0,0.0,0.0,0.0,0.0,0.0,156.0,3.0,1.0
2022,1,5,NYG,00-0037611,ThibKa00,kayvon-thibodeaux-1,Kayvon Thibodeaux,False,DE,DL,D,Oregon,21.0,2025.0,0,0,2,24.0,,24.0,53.0,0.0,0.0,0.0,0.0,0.0,0.0,0.0,0.0,0.0,0.0,0.0,86.0,,23.5
2022,1,6,CAR,00-0037229,EkwoIk00,ikem-ekwonu-1,Ikem Ekwonu,False,T,OL,O,North Carolina St.,21.0,2025.0,0,0,3,25.0,,25.0,64.0,0.0,0.0,0.0,0.0,0.0,0.0,0.0,0.0,0.0,0.0,0.0,,,
2022,1,7,NYG,00-0037612,NealEv00,evan-neal-1,Evan Neal,False,OL,OL,O,Alabama,21.0,2024.0,0,0,1,11.0,,11.0,29.0,0.0,0.0,0.0,0.0,0.0,0.0,0.0,0.0,0.0,0.0,0.0,1.0,,
2022,1,8,ATL,00-0037238,LondDr00,drake-london-1,Drake London,False,WR,WR,O,USC,21.0,2025.0,0,0,3,32.0,,32.0,62.0,1.0,1.0,22.0,0.0,0.0,1.0,-3.0,0.0,309.0,3961.0,22.0,2.0,,
2022,1,9,SEA,00-0037821,CrosCh00,charles-cross-1,Charles Cross,False,OL,OL,O,Mississippi St.,21.0,2025.0,0,0,3,28.0,,28.0,62.0,0.0,0.0,0.0,0.0,0.0,0.0,0.0,0.0,0.0,0.0,0.0,,,
2022,1,10,NYJ,00-0037740,WilsGa00,garrett-wilson-2,Garrett Wilson,False,WR,WR,O,Ohio St.,22.0,2025.0,0,0,3,27.0,,27.0,58.0,0.0,2.0,0.0,0.0,0.0,10.0,9.0,0.0,315.0,3644.0,18.0,1.0,,
2022,1,11,NOR,00-0037239,OlavCh00,chris-olave-1,Chris Olave,False,WR,WR,O,Ohio St.,22.0,2025.0,0,0,3,27.0,,27.0,55.0,0.0,1.0,0.0,0.0,1.0,2.0,4.0,0.0,291.0,3728.0,19.0,3.0,,
2022,1,12,DET,00-0037240,WillJa11,jameson-williams-1,Jameson Williams,False,WR,WR,O,Alabama,21.0,2025.0,0,0,1,26.0,,26.0,50.0,0.0,0.0,0.0,0.0,0.0,21.0,142.0,2.0,148.0,2513.0,17.0,,,
2022,1,13,PHI,00-0037073,DaviJo03,jordan-davis-9,Jordan Davis,False,DT,DL,D,Georgia,22.0,2025.0,0,0,2,24.0,,24.0,64.0,0.0,0.0,0.0,0.0,0.0,0.0,0.0,0.0,0.0,0.0,0.0,75.0,,8.0
2022,1,14,BAL,00-0038038,HamiKy00,kyle-hamilton-1,Kyle Hamilton,False,S,DB,D,Notre Dame,21.0,2025.0,2,3,2,31.0,,31.0,64.0,0.0,0.0,0.0,0.0,0.0,0.0,0.0,0.0,0.0,0.0,0.0,245.0,5.0,8.0
2022,1,15,HOU,00-0037613,GreeKe03,kenyon-green-1,Kenyon Green,False,OL,OL,O,Texas A&M,21.0,2024.0,0,0,2,8.0,,8.0,27.0,0.0,0.0,0.0,0.0,0.0,0.0,0.0,0.0,0.0,0.0,0.0,,,
2022,1,16,WAS,00-0037741,DotsJa00,jahan-dotson-1,Jahan Dotson,False,WR,WR,O,Penn St.,22.0,2025.0,0,0,2,12.0,,8.0,63.0,0.0,0.0,0.0,0.0,0.0,3.0,6.0,0.0,121.0,1519.0,12.0,2.0,,
2022,1,17,LAC,00-0037818,JohnZi00,zion-johnson-1,Zion Johnson,False,G,OL,O,Boston Col.,22.0,2025.0,0,0,3,25.0,,25.0,66.0,0.0,0.0,0.0,0.0,0.0,0.0,0.0,0.0,0.0,0.0,0.0,,,
2022,1,18,TEN,00-0037742,BurkTr00,treylon-burks-1,Treylon Burks,False,WR,WR,O,Arkansas,22.0,2025.0,0,0,1,7.0,,6.0,35.0,0.0,0.0,0.0,0.0,0.0,11.0,66.0,0.0,63.0,829.0,2.0,,,
2022,1,19,NOR,00-0037241,PennTr00,,Trevor Penning,False,T,OL,O,Northern Iowa,23.0,2025.0,0,0,1,15.0,,13.0,53.0,0.0,0.0,0.0,0.0,0.0,0.0,0.0,0.0,0.0,0.0,0.0,,,
2022,1,20,PIT,00-0038102,PickKe00,kenny-pickett-1,Kenny Pickett,False,QB,QB,O,Pittsburgh,24.0,2025.0,0,0,2,14.0,,13.0,36.0,499.0,800.0,4953.0,16.0,16.0,111.0,328.0,5.0,0.0,0.0,0.0,2.0,,
2022,1,21,KAN,00-0037191,McDuTr00,trent-mcduffie-1,Trent McDuffie,False,CB,DB,D,Washington,21.0,2025.0,1,0,3,33.0,,33.0,56.0,0.0,0.0,0.0,0.0,0.0,0.0,0.0,0.0,0.0,0.0,0.0,178.0,3.0,5.5
2022,1,22,GNB,00-0037074,WalkQu00,quay-walker-1,Quay Walker,False,LB,LB,D,Georgia,22.0,2025.0,0,0,3,22.0,,22.0,58.0,0.0,0.0,0.0,0.0,0.0,0.0,0.0,0.0,0.0,0.0,0.0,264.0,1.0,9.0
2022,1,23,BUF,00-0037242,ElamKa00,kaiir-elam-1,Kaiir Elam,False,CB,DB,D,Florida,21.0,2025.0,0,0,0,9.0,,6.0,43.0,0.0,0.0,0.0,0.0,0.0,0.0,0.0,0.0,0.0,0.0,0.0,78.0,2.0,
2022,1,24,DAL,00-0037243,SmitTy02,tyler-smith-6,Tyler Smith,False,OL,OL,O,Tulsa,21.0,2025.0,0,3,3,33.0,,33.0,63.0,0.0,0.0,0.0,0.0,0.0,0.0,0.0,0.0,1.0,0.0,0.0,1.0,,
2022,1,25,BAL,00-0037825,LindTy00,tyler-linderbaum-1,Tyler Linderbaum,False,OL,OL,O,Iowa,22.0,2025.0,0,3,3,34.0,,34.0,66.0,0.0,0.0,0.0,0.0,0.0,0.0,0.0,0.0,0.0,0.0,0.0,,,
2022,1,26,NYJ,00-0037663,JohnJe07,jermaine-johnson-3,Jermaine Johnson II,False,LB,LB,D,Florida St.,23.0,2025.0,0,1,1,19.0,,19.0,47.0,0.0,0.0,0.0,0.0,0.0,0.0,0.0,0.0,0.0,0.0,0.0,80.0,1.0,13.0
2022,1,27,JAX,00-0037244,LloyDe00,devin-lloyd-1,Devin Lloyd,False,LB,LB,D,Utah,23.0,2025.0,0,1,3,35.0,,35.0,63.0,0.0,0.0,0.0,0.0,0.0,0.0,0.0,0.0,0.0,0.0,0.0,230.0,9.0,3.5
2022,1,28,GNB,00-0037075,WyatDe00,devonte-wyatt-1,Devonte Wyatt,False,DT,DL,D,Georgia,24.0,2025.0,0,0,0,10.0,,10.0,57.0,0.0,0.0,0.0,0.0,0.0,0.0,0.0,0.0,0.0,0.0,0.0,58.0,,16.0
2022,1,29,NWE,00-0038103,StraCo01,,Cole Strange,False,OL,OL,O,Chattanooga,24.0,2025.0,0,0,2,15.0,,11.0,44.0,0.0,0.0,0.0,0.0,0.0,0.0,0.0,0.0,0.0,3.0,0.0,1.0,,
2022,1,30,KAN,00-0037192,KarlGe00,george-karlaftis-1,George Karlaftis III,False,DE,DL,D,Purdue,21.0,2025.0,0,0,3,27.0,,27.0,65.0,0.0,0.0,0.0,0.0,0.0,0.0,0.0,0.0,0.0,0.0,0.0,93.0,,30.5
2022,1,31,CIN,00-0037743,HillDa04,daxton-hill-1,Daxton Hill,False,DB,DB,D,Michigan,21.0,2025.0,0,0,1,13.0,,13.0,54.0,0.0,0.0,0.0,0.0,0.0,0.0,0.0,0.0,0.0,0.0,0.0,160.0,3.0,2.5
2022,1,32,MIN,00-0037245,CineLe00,lewis-cine-1,Lewis Cine,False,DB,DB,D,Georgia,22.0,2024.0,0,0,0,0.0,,0.0,11.0,0.0,0.0,0.0,0.0,0.0,0.0,0.0,0.0,0.0,0.0,0.0,,,
2022,2,33,TAM,00-0038127,HallLo00,logan-hall-3,Logan Hall,False,DE,DL,D,Houston,22.0,2025.0,0,0,1,19.0,,19.0,66.0,0.0,0.0,0.0,0.0,0.0,0.0,0.0,0.0,0.0,0.0,0.0,53.0,,10.0
2022,2,34,GNB,00-0038124,WatsCh00,,Christian Watson,False,WR,WR,O,North Dakota St.,23.0,2025.0,0,0,3,22.0,,22.0,48.0,0.0,0.0,0.0,0.0,0.0,16.0,117.0,2.0,133.0,2264.0,20.0,,,
2022,2,35,TEN,00-0038125,McCrRo01,roger-mccreary-1,Roger McCreary,False,CB,DB,D,Auburn,22.0,2025.0,0,0,2,13.0,,13.0,61.0,0.0,0.0,0.0,0.0,0.0,0.0,0.0,0.0,0.0,0.0,0.0,198.0,3.0,4.0
2022,2,36,NYJ,00-0038120,HallBr03,breece-hall-1,Breece Hall,False,RB,RB,O,Iowa St.,21.0,2025.0,0,0,2,28.0,,28.0,56.0,1.0,1.0,4.0,1.0,0.0,755.0,3398.0,18.0,188.0,1642.0,9.0,1.0,,
2022,2,37,HOU,00-0037246,PitrJa00,jalen-pitre-1,Jalen Pitre,False,S,DB,D,Baylor,23.0,2025.0,0,0,3,21.0,,21.0,58.0,0.0,0.0,0.0,0.0,0.0,0.0,0.0,0.0,0.0,0.0,0.0,244.0,10.0,1.0
2022,2,38,ATL,00-0038116,EbikAr00,arnold-ebiketie-1,Arnold Ebiketie,False,DE,DL,D,Penn St.,23.0,2025.0,0,0,0,10.0,,10.0,67.0,0.0,0.0,0.0,0.0,0.0,0.0,0.0,0.0,0.0,0.0,0.0,80.0,,16.5
2022,2,39,CHI,00-0038111,GordKy00,kyler-gordon-1,Kyler Gordon,False,CB,DB,D,Washington,22.0,2025.0,0,0,2,12.0,,12.0,45.0,0.0,0.0,0.0,0.0,0.0,0.0,0.0,0.0,0.0,0.0,0.0,152.0,5.0,2.5
2022,2,40,SEA,00-0038133,MafeBo00,boye-mafe-1,Boye Mafe,False,DE,DL,D,Minnesota,23.0,2025.0,0,0,1,16.0,,16.0,65.0,0.0,0.0,0.0,0.0,0.0,0.0,0.0,0.0,0.0,0.0,0.0,99.0,,20.0
2022,2,41,SEA,00-0038134,WalkKe00,kenneth-walker-iii-1,Kenneth Walker III,False,RB,RB,O,Michigan St.,21.0,2025.0,0,0,3,28.0,,28.0,58.0,0.0,0.0,0.0,0.0,0.0,821.0,3555.0,29.0,133.0,1005.0,2.0,1.0,,
2022,2,42,MIN,00-0038130,BootAn00,andrew-booth-jr-1,Andrew Booth,False,CB,DB,D,Clemson,21.0,2024.0,0,0,0,3.0,,2.0,30.0,0.0,0.0,0.0,0.0,0.0,0.0,0.0,0.0,0.0,0.0,0.0,29.0,,
2022,2,43,NYG,00-0038117,RobiWa01,wandale-robinson-1,Wan'Dale Robinson,False,WR,WR,O,Kentucky,21.0,2025.0,0,0,0,20.0,,20.0,54.0,0.0,0.0,0.0,0.0,0.0,17.0,109.0,1.0,268.0,2465.0,9.0,,,
2022,2,44,HOU,00-0037614,MetcJo00,john-metchie-1,John Metchie,False,WR,WR,O,Alabama,22.0,2025.0,0,0,0,5.0,,3.0,45.0,0.0,0.0,0.0,0.0,0.0,4.0,-1.0,0.0,73.0,686.0,3.0,2.0,,
2022,2,45,BAL,00-0038142,OjabDa00,david-ojabo-1,David Ojabo,False,LB,LB,D,Michigan,22.0,2025.0,0,0,0,3.0,,3.0,32.0,0.0,0.0,0.0,0.0,0.0,0.0,0.0,0.0,0.0,0.0,0.0,18.0,,4.5
2022,2,46,DET,00-0038096,PascJo00,joshua-paschal-1,Josh Paschal,False,DE,DL,D,Kentucky,22.0,2024.0,0,0,0,9.0,,9.0,36.0,0.0,0.0,0.0,0.0,0.0,0.0,0.0,0.0,0.0,0.0,0.0,42.0,,5.0
2022,2,47,WAS,00-0038099,MathPh00,phidarian-mathis-1,Phidarian Mathis,False,DT,DL,D,Alabama,24.0,2025.0,0,0,0,2.0,,2.0,29.0,0.0,0.0,0.0,0.0,0.0,0.0,0.0,0.0,0.0,0.0,0.0,14.0,,
2022,2,48,CHI,00-0038135,BrisJa01,jaquan-brisker-1,Jaquan Brisker,False,S,DB,D,Penn St.,23.0,2025.0,0,0,2,15.0,,15.0,52.0,0.0,0.0,0.0,0.0,0.0,0.0,0.0,0.0,0.0,0.0,0.0,214.0,4.0,7.0
2022,2,49,NOR,00-0038121,TaylAl01,alontae-taylor-1,Alontae Taylor,False,DB,DB,D,Tennessee,23.0,2025.0,0,0,3,19.0,,19.0,64.0,0.0,0.0,0.0,0.0,0.0,0.0,0.0,0.0,0.0,0.0,0.0,215.0,4.0,7.0
2022,2,50,NWE,00-0038104,ThorTy00,tyquan-thornton-1,Tyquan Thornton,False,WR,WR,O,Baylor,21.0,2025.0,0,0,1,7.0,,3.0,42.0,0.0,0.0,0.0,0.0,0.0,6.0,67.0,1.0,58.0,823.0,5.0,2.0,,
2022,2,51,PHI,00-0038112,JurgCa01,cameron-jurgens-1,Cam Jurgens,False,OL,OL,O,Nebraska,23.0,2025.0,0,2,2,20.0,,20.0,58.0,0.0,0.0,0.0,0.0,0.0,0.0,0.0,0.0,0.0,0.0,0.0,,,
2022,2,52,PIT,00-0037247,PickGe00,george-pickens-1,George Pickens,False,WR,WR,O,Georgia,21.0,2025.0,0,1,3,36.0,,23.0,65.0,0.0,0.0,0.0,0.0,0.0,8.0,36.0,1.0,267.0,4270.0,21.0,1.0,,
2022,2,53,IND,00-0037664,PierAl00,alec-pierce-2,Alec Pierce,False,WR,WR,O,Cincinnati,22.0,2025.0,0,0,3,26.0,,26.0,64.0,0.0,0.0,0.0,0.0,0.0,0.0,0.0,0.0,157.0,2934.0,17.0,,,
2022,2,54,KAN,00-0038090,MoorSk01,skyy-moore-1,Skyy Moore,False,WR,WR,O,Western Michigan,21.0,2025.0,0,0,0,5.0,,4.0,53.0,0.0,0.0,0.0,0.0,0.0,8.0,58.0,0.0,48.0,581.0,1.0,1.0,,
2022,2,55,ARI,00-0037744,McBrTr01,trey-mcbride-1,Trey McBride,False,TE,TE,O,Colorado St.,22.0,2025.0,1,2,3,29.0,,29.0,66.0,0.0,0.0,0.0,0.0,0.0,1.0,2.0,1.0,347.0,3475.0,17.0,7.0,,
2022,2,56,DAL,00-0037665,WillSa00,sam-williams-8,Sam Williams,False,DE,DL,D,Mississippi,23.0,2025.0,0,0,0,7.0,,7.0,49.0,0.0,0.0,0.0,0.0,0.0,0.0,0.0,0.0,0.0,0.0,0.0,53.0,,9.5
2022,2,57,TAM,00-0037835,GoedLu00,luke-goedeke-1,Luke Goedeke,False,OL,OL,O,Central Michigan,23.0,2025.0,0,0,2,22.0,,22.0,52.0,0.0,0.0,0.0,0.0,0.0,0.0,0.0,0.0,0.0,0.0,0.0,1.0,,
2022,2,58,ATL,00-0037810,AndeTr00,,Troy Andersen,False,LB,LB,D,Montana St.,23.0,2024.0,0,0,0,6.0,,6.0,26.0,0.0,0.0,0.0,0.0,0.0,0.0,0.0,0.0,0.0,0.0,0.0,75.0,1.0,0.5
2022,2,59,MIN,00-0038131,IngrEd00,ed-ingram-1,Ed Ingram,False,G,OL,O,LSU,23.0,2025.0,0,0,3,21.0,,16.0,62.0,0.0,0.0,0.0,0.0,0.0,0.0,0.0,0.0,0.0,0.0,0.0,1.0,,
2022,2,60,CIN,00-0037753,TaylCa01,cam-taylor-1,Cam Taylor-Britt,False,CB,DB,D,Nebraska,22.0,2025.0,0,0,3,15.0,,15.0,47.0,0.0,0.0,0.0,0.0,0.0,0.0,0.0,0.0,0.0,0.0,0.0,151.0,7.0,0.5
2022,2,61,SFO,00-0037826,JackDr01,drake-jackson-2,Drake Jackson,False,OLB,LB,D,USC,21.0,2025.0,0,0,0,3.0,,3.0,26.0,0.0,0.0,0.0,0.0,0.0,0.0,0.0,0.0,0.0,0.0,0.0,13.0,1.0,6.0
2022,2,62,KAN,00-0037193,CookBr02,bryan-cook-2,Bryan Cook,False,S,DB,D,Cincinnati,23.0,2025.0,0,0,2,18.0,,18.0,62.0,0.0,0.0,0.0,0.0,0.0,0.0,0.0,0.0,0.0,0.0,0.0,153.0,3.0,1.0
2022,2,63,BUF,00-0037248,CookJa01,james-cook-2,James Cook,False,RB,RB,O,Georgia,22.0,2025.0,0,3,2,43.0,,43.0,66.0,0.0,0.0,0.0,0.0,0.0,842.0,4259.0,32.0,130.0,1174.0,9.0,1.0,,
2022,2,64,DEN,00-0037249,BoniNi00,nik-bonitto-1,Nik Bonitto,False,OLB,LB,D,Oklahoma,22.0,2025.0,0,2,1,32.0,,32.0,64.0,0.0,0.0,0.0,0.0,0.0,0.0,0.0,0.0,0.0,0.0,0.0,93.0,1.0,37.0
2022,3,65,JAX,00-0037814,FortLu01,luke-fortner-1,Luke Fortner,False,G,OL,O,Kentucky,24.0,2025.0,0,0,2,20.0,,16.0,68.0,0.0,0.0,0.0,0.0,0.0,0.0,0.0,0.0,0.0,0.0,0.0,,,
2022,3,66,MIN,00-0037822,AsamBr00,brian-asamoah-ll-1,Brian Asamoah,False,LB,LB,D,Oklahoma,22.0,2025.0,0,0,0,3.0,,3.0,50.0,0.0,0.0,0.0,0.0,0.0,0.0,0.0,0.0,0.0,0.0,0.0,17.0,,
2022,3,67,NYG,00-0037807,EzeuJo00,joshua-ezeudu-1,Joshua Ezeudu,False,OL,OL,O,North Carolina,22.0,2024.0,0,0,0,5.0,,5.0,33.0,0.0,0.0,0.0,0.0,0.0,0.0,0.0,0.0,0.0,0.0,0.0,,,
2022,3,68,CLE,00-0037250,EmerMa00,martin-emerson-1,Martin Emerson,False,CB,DB,D,Mississippi St.,21.0,2024.0,0,0,2,13.0,,13.0,50.0,0.0,0.0,0.0,0.0,0.0,0.0,0.0,0.0,0.0,0.0,0.0,158.0,4.0,1.0
2022,3,69,TEN,00-0037754,PetiNi00,nicholas-petit-frere-1,Nicholas Petit-Frere,False,T,OL,O,Ohio St.,22.0,2024.0,0,0,1,11.0,,11.0,34.0,0.0,0.0,0.0,0.0,0.0,0.0,0.0,0.0,0.0,0.0,0.0,1.0,,
2022,3,70,JAX,00-0037811,MumaCh00,chad-muma-1,Chad Muma,False,LB,LB,D,Wyoming,23.0,2025.0,0,0,0,6.0,,6.0,58.0,0.0,0.0,0.0,0.0,0.0,0.0,0.0,0.0,0.0,0.0,0.0,52.0,,1.5
2022,3,71,CHI,00-0037745,JoneVe00,velus-jones-jr-1,Velus Jones Jr.,False,WR,WR,O,Tennessee,25.0,2025.0,0,0,0,3.0,,3.0,37.0,0.0,0.0,0.0,0.0,0.0,24.0,197.0,1.0,12.0,135.0,1.0,2.0,,
2022,3,72,SEA,00-0037812,LucaAb00,abraham-lucas-1,Abraham Lucas,False,OL,OL,O,Washington St.,23.0,2025.0,0,0,1,23.0,,23.0,46.0,0.0,0.0,0.0,0.0,0.0,0.0,0.0,0.0,0.0,0.0,0.0,1.0,,
2022,3,73,IND,00-0037755,WoodJe01,jelani-woods-1,Jelani Woods,False,TE,TE,O,Virginia,23.0,2025.0,0,0,0,2.0,,2.0,19.0,0.0,0.0,0.0,0.0,0.0,0.0,0.0,0.0,26.0,316.0,3.0,1.0,,
2022,3,74,ATL,00-0038122,RiddDe00,desmond-ridder-1,Desmond Ridder,False,QB,QB,O,Cincinnati,23.0,2024.0,0,0,1,13.0,,12.0,25.0,374.0,588.0,4002.0,16.0,14.0,78.0,293.0,5.0,1.0,-6.0,0.0,,,
2022,3,75,HOU,00-0037823,HarrCh06,christian-harris-3,Christian Harris,False,LB,LB,D,Alabama,21.0,2025.0,0,0,2,14.0,,14.0,46.0,0.0,0.0,0.0,0.0,0.0,0.0,0.0,0.0,0.0,0.0,0.0,129.0,1.0,4.0
2022,3,76,BAL,00-0037756,JoneTr00,travis-jones-5,Travis Jones,False,DT,DL,D,Connecticut,22.0,2025.0,0,0,1,15.0,,15.0,65.0,0.0,0.0,0.0,0.0,0.0,0.0,0.0,0.0,0.0,0.0,0.0,76.0,,8.5
2022,3,77,IND,00-0037757,RaimBe00,bernhard-raimann-1,Bernhard Raimann,False,OL,OL,O,Central Michigan,24.0,2025.0,0,0,3,25.0,,25.0,61.0,0.0,0.0,0.0,0.0,0.0,0.0,0.0,0.0,0.0,0.0,0.0,,,
2022,3,78,CLE,00-0037251,WrigAl01,alex-wright-2,Alex Wright,False,DE,DL,D,Ala-Birmingham,22.0,2025.0,0,0,0,11.0,,11.0,51.0,0.0,0.0,0.0,0.0,0.0,0.0,0.0,0.0,0.0,0.0,0.0,55.0,,11.5
2022,3,79,LAC,00-0038091,WoodJT00,jt-woods-1,JT Woods,False,S,DB,D,Baylor,22.0,2023.0,0,0,0,1.0,,1.0,13.0,0.0,0.0,0.0,0.0,0.0,0.0,0.0,0.0,0.0,0.0,0.0,7.0,,
2022,3,80,DEN,00-0037252,DulcGr00,greg-dulcich-1,Greg Dulcich,False,TE,TE,O,UCLA,22.0,2025.0,0,0,0,6.0,,3.0,31.0,0.0,0.0,0.0,0.0,0.0,1.0,-7.0,0.0,67.0,799.0,3.0,,,
2022,3,81,NYG,00-0037758,FlotCo00,cordale-flott-1,Cordale Flott,False,CB,DB,D,LSU,21.0,2025.0,0,0,1,12.0,,12.0,53.0,0.0,0.0,0.0,0.0,0.0,0.0,0.0,0.0,0.0,0.0,0.0,103.0,3.0,
2022,3,82,ATL,00-0037808,MaloDe00,deangelo-malone-1,DeAngelo Malone,False,DE,DL,D,Western Kentucky,23.0,2025.0,0,0,0,4.0,,4.0,58.0,0.0,0.0,0.0,0.0,0.0,0.0,0.0,0.0,0.0,0.0,0.0,32.0,1.0,3.0
2022,3,83,PHI,00-0037615,DeanNa00,nakobe-dean-1,Nakobe Dean,False,LB,LB,D,Georgia,21.0,2025.0,0,0,1,14.0,,14.0,47.0,0.0,0.0,0.0,0.0,0.0,0.0,0.0,0.0,0.0,0.0,0.0,141.0,1.0,7.5
2022,3,84,PIT,00-0037759,LealDe00,demarvin-leal-1,DeMarvin Leal,False,DT,DL,D,Texas A&M,22.0,2025.0,0,0,0,4.0,,4.0,32.0,0.0,0.0,0.0,0.0,0.0,0.0,0.0,0.0,0.0,0.0,0.0,21.0,,1.0
2022,3,85,NWE,00-0037253,JoneMa06,marcus-jones-11,Marcus Jones,False,CB,DB,D,Houston,23.0,2025.0,1,0,1,26.0,,26.0,48.0,0.0,0.0,0.0,0.0,0.0,1.0,5.0,0.0,5.0,96.0,1.0,133.0,6.0,2.0
2022,3,86,TEN,00-0038128,WillMa12,malik-willis-1,Malik Willis,False,QB,QB,O,Liberty,23.0,2025.0,0,0,0,6.0,,1.0,22.0,105.0,155.0,1322.0,6.0,3.0,74.0,405.0,4.0,0.0,0.0,0.0,1.0,,
2022,3,87,ARI,00-0037815,ThomCa03,cameron-thomas-2,Cameron Thomas,False,DE,DL,D,San Diego St.,22.0,2025.0,0,0,0,4.0,,3.0,58.0,0.0,0.0,0.0,0.0,0.0,0.0,0.0,0.0,0.0,0.0,0.0,33.0,,6.5
2022,3,88,DAL,00-0037666,TolbJa00,jalen-tolbert-1,Jalen Tolbert,False,WR,WR,O,South Alabama,23.0,2025.0,0,0,1,9.0,,9.0,55.0,0.0,0.0,0.0,0.0,0.0,0.0,0.0,0.0,91.0,1093.0,10.0,4.0,,
2022,3,89,BUF,00-0037254,BernTe00,terrel-bernard-1,Terrel Bernard,False,LB,LB,D,Baylor,23.0,2025.0,0,0,2,25.0,,25.0,58.0,0.0,0.0,0.0,0.0,0.0,0.0,0.0,0.0,0.0,0.0,0.0,194.0,6.0,7.5
2022,3,90,LVR,00-0037255,ParhDy00,dylan-parham-2,Dylan Parham,False,OL,OL,O,Memphis,23.0,2025.0,0,0,3,20.0,,20.0,64.0,0.0,0.0,0.0,0.0,0.0,0.0,0.0,0.0,0.0,0.0,0.0,1.0,,
2022,3,91,TAM,00-0037256,WhitRa01,rachaad-white-1,Rachaad White,False,RB,RB,O,Arizona St.,23.0,2025.0,0,0,2,26.0,,26.0,67.0,0.0,0.0,0.0,0.0,0.0,677.0,2656.0,14.0,205.0,1450.0,11.0,4.0,,
2022,3,92,GNB,00-0037076,RhyaSe00,sean-rhyan-1,Sean Rhyan,False,OL,OL,O,UCLA,21.0,2025.0,0,0,1,16.0,,16.0,47.0,0.0,0.0,0.0,0.0,0.0,0.0,0.0,0.0,0.0,0.0,0.0,,,
2022,3,93,SFO,00-0037827,DaviTy03,tyrion-davis-price-1,Tyrion Davis-Price,False,RB,RB,O,LSU,21.0,2024.0,0,0,0,1.0,,1.0,8.0,0.0,0.0,0.0,0.0,0.0,43.0,127.0,0.0,0.0,0.0,0.0,,,
2022,3,94,CAR,00-0038132,CorrMa00,matt-corral-1,Matt Corral,False,QB,QB,O,Mississippi,23.0,,0,0,0,,,,,,,,,,,,,,,,,,
2022,3,95,CIN,00-0037804,CartZa00,zachary-carter-1,Zachary Carter,False,DE,DL,D,Florida,23.0,2025.0,0,0,1,10.0,,9.0,49.0,0.0,0.0,0.0,0.0,0.0,0.0,0.0,0.0,0.0,0.0,0.0,33.0,,2.0
2022,3,96,IND,00-0037616,CrosNi00,nick-cross-1,Nick Cross,False,DB,DB,D,Maryland,20.0,2025.0,0,0,1,15.0,,15.0,67.0,0.0,0.0,0.0,0.0,0.0,0.0,0.0,0.0,0.0,0.0,0.0,194.0,5.0,3.5
2022,3,97,DET,00-0037667,JoseKe03,kerby-joseph-1,Kerby Joseph,False,DB,DB,D,Illinois,21.0,2025.0,1,0,3,26.0,,26.0,55.0,0.0,0.0,0.0,0.0,0.0,0.0,0.0,0.0,0.0,0.0,0.0,196.0,20.0,
2022,3,98,WAS,00-0037746,RobiBr01,brian-robinson-jr-1,Brian Robinson Jr.,False,RB,RB,O,Alabama,23.0,2025.0,0,0,3,19.0,,16.0,58.0,0.0,0.0,0.0,0.0,0.0,662.0,2729.0,17.0,73.0,612.0,5.0,1.0,,
2022,3,99,CLE,00-0037257,BellDa02,david-bell-6,David Bell,False,WR,WR,O,Purdue,21.0,2024.0,0,0,0,3.0,,3.0,32.0,0.0,0.0,0.0,0.0,0.0,0.0,0.0,0.0,41.0,408.0,3.0,1.0,,
2022,3,100,ARI,00-0037751,SandMy00,myjai-sanders-1,Myjai Sanders,False,DE,DL,D,Cincinnati,24.0,2023.0,0,0,0,3.0,,2.0,20.0,0.0,0.0,0.0,0.0,0.0,0.0,0.0,0.0,0.0,0.0,0.0,21.0,,3.0
2022,3,101,NYJ,00-0037805,RuckJe00,jeremy-ruckert-1,Jeremy Ruckert,False,TE,TE,O,Ohio St.,22.0,2025.0,0,0,1,4.0,,4.0,58.0,0.0,0.0,0.0,0.0,0.0,0.0,0.0,0.0,58.0,443.0,1.0,3.0,,
2022,3,102,MIA,00-0037813,TindCh00,channing-tindall-1,Channing Tindall,False,LB,LB,D,Georgia,22.0,2025.0,0,0,0,3.0,,3.0,51.0,0.0,0.0,0.0,0.0,0.0,0.0,0.0,0.0,0.0,0.0,0.0,12.0,,
2022,3,103,KAN,00-0037819,ChenLe00,leo-chenal-1,Leo Chenal,False,LB,LB,D,Wisconsin,21.0,2025.0,0,0,2,20.0,,20.0,65.0,0.0,0.0,0.0,0.0,0.0,0.0,0.0,0.0,0.0,0.0,0.0,124.0,1.0,7.0
2022,3,104,LAR,00-0037836,BrusLo00,logan-bruss-1,Logan Bruss,False,OL,OL,O,Wisconsin,23.0,2024.0,0,0,0,2.0,,2.0,11.0,0.0,0.0,0.0,0.0,0.0,0.0,0.0,0.0,0.0,0.0,0.0,,,
2022,3,105,SFO,00-0037828,GrayDa02,danny-gray-1,Danny Gray,False,WR,WR,O,SMU,23.0,2022.0,0,0,0,0.0,,0.0,13.0,0.0,0.0,0.0,0.0,0.0,1.0,9.0,0.0,1.0,10.0,0.0,,,
2022,4,106,TAM,00-0038129,OttoCa00,cade-otton-1,Cade Otton,False,TE,TE,O,Washington,23.0,2025.0,0,0,3,17.0,,17.0,63.0,0.0,0.0,0.0,0.0,0.0,1.0,-4.0,0.0,207.0,2018.0,11.0,5.0,,
2022,4,107,HOU,00-0037258,PierDa01,dameon-pierce-1,Dameon Pierce,False,RB,RB,O,Florida,22.0,2025.0,0,0,1,12.0,,12.0,43.0,0.0,0.0,0.0,0.0,0.0,419.0,1684.0,8.0,45.0,268.0,1.0,1.0,,
2022,4,108,CLE,00-0038126,WinfPe00,perrion-winfrey-1,Perrion Winfrey,False,DT,DL,D,Oklahoma,22.0,2025.0,0,0,0,1.0,,1.0,15.0,0.0,0.0,0.0,0.0,0.0,0.0,0.0,0.0,0.0,0.0,0.0,9.0,,0.5
2022,4,109,SEA,00-0038136,BryaCo01,coby-bryant-1,Coby Bryant,False,CB,DB,D,Cincinnati,23.0,2025.0,0,0,0,13.0,,13.0,58.0,0.0,0.0,0.0,0.0,0.0,0.0,0.0,0.0,0.0,0.0,0.0,153.0,7.0,2.0
2022,4,110,BAL,00-0038118,FaalDa00,daniel-faalele-1,Daniel Faalele,False,T,OL,O,Minnesota,22.0,2025.0,0,0,1,18.0,,18.0,66.0,0.0,0.0,0.0,0.0,0.0,0.0,0.0,0.0,0.0,0.0,0.0,,,
2022,4,111,NYJ,00-0038114,MitcMa02,max-mitchell-1,Max Mitchell,False,T,OL,O,Louisiana,22.0,2025.0,0,0,0,7.0,,7.0,45.0,0.0,0.0,0.0,0.0,0.0,0.0,0.0,0.0,0.0,0.0,0.0,,,
2022,4,112,NYG,00-0038115,BellDa00,daniel-bellinger-1,Daniel Bellinger,False,TE,TE,O,San Diego St.,21.0,2025.0,0,0,2,9.0,,9.0,62.0,0.0,0.0,0.0,0.0,0.0,1.0,2.0,1.0,88.0,934.0,4.0,2.0,,
2022,4,113,WAS,00-0038100,ButlPe00,percy-butler-1,Percy Butler,False,S,DB,D,Louisiana,22.0,2025.0,0,0,1,7.0,,7.0,63.0,0.0,0.0,0.0,0.0,0.0,0.0,0.0,0.0,0.0,0.0,0.0,81.0,,
2022,4,114,NYG,00-0038123,BeltDa00,dane-belton-1,Dane Belton,False,DB,DB,D,Iowa,21.0,2025.0,0,0,0,10.0,,10.0,66.0,0.0,0.0,0.0,0.0,0.0,1.0,10.0,0.0,0.0,0.0,0.0,134.0,6.0,4.0
2022,4,115,DEN,00-0038105,MathDa00,damarri-mathis-1,Damarri Mathis,False,DB,DB,D,Pittsburgh,23.0,2024.0,0,0,1,7.0,,7.0,43.0,0.0,0.0,0.0,0.0,0.0,0.0,0.0,0.0,0.0,0.0,0.0,81.0,,
2022,4,116,DEN,00-0038106,UwazEy00,eyioma-uwzurike-1,Eyioma Uwazurike,False,DE,DL,D,Iowa St.,24.0,2025.0,0,0,0,3.0,,3.0,29.0,0.0,0.0,0.0,0.0,0.0,0.0,0.0,0.0,0.0,0.0,0.0,30.0,,4.0
2022,4,117,NYJ,00-0038107,ClemMi03,micheal-clemons-1,Micheal Clemons,False,DT,DL,D,Texas A&M,25.0,2025.0,0,0,1,13.0,,13.0,65.0,0.0,0.0,0.0,0.0,0.0,0.0,0.0,0.0,0.0,0.0,0.0,63.0,,8.5
2022,4,118,MIN,00-0038101,EvanAk00,akayleb-evans-1,Akayleb Evans,False,DB,DB,D,Missouri,23.0,2025.0,0,0,1,7.0,,6.0,50.0,0.0,0.0,0.0,0.0,0.0,0.0,0.0,0.0,0.0,0.0,0.0,78.0,1.0,
2022,4,119,BAL,00-0038119,ArmoJa00,jalyn-armour-davis-1,Jalyn Armour-Davis,False,DB,DB,D,Alabama,23.0,2025.0,0,0,0,5.0,,2.0,30.0,0.0,0.0,0.0,0.0,0.0,0.0,0.0,0.0,0.0,0.0,0.0,30.0,,
2022,4,120,CAR,00-0038113,SmitBr08,brandon-smith-12,Brandon Smith,False,LB,LB,D,Penn St.,21.0,2023.0,0,0,0,1.0,,1.0,14.0,0.0,0.0,0.0,0.0,0.0,0.0,0.0,0.0,0.0,0.0,0.0,6.0,,
2022,4,121,NWE,00-0038039,JoneJa10,jack-jones-5,Jack Jones,False,DB,DB,D,Arizona St.,24.0,2025.0,0,0,1,15.0,,2.0,59.0,0.0,0.0,0.0,0.0,0.0,0.0,0.0,0.0,0.0,0.0,0.0,154.0,8.0,
2022,4,122,LVR,00-0038040,WhitZa01,zamir-white-1,Zamir White,False,RB,RB,O,Georgia,22.0,2025.0,0,0,0,5.0,,5.0,45.0,0.0,0.0,0.0,0.0,0.0,198.0,736.0,2.0,25.0,152.0,0.0,1.0,,
2022,4,123,LAC,00-0038045,SpilIs00,isaiah-spiller-1,Isaiah Spiller,False,RB,RB,O,Texas A&M,21.0,2023.0,0,0,0,1.0,,1.0,15.0,0.0,0.0,0.0,0.0,0.0,55.0,137.0,0.0,9.0,47.0,0.0,,,
2022,4,124,CLE,00-0038097,YorkCa00,cade-york-1,Cade York,False,K,K,S,LSU,21.0,2024.0,0,0,1,1.0,,1.0,23.0,0.0,0.0,0.0,0.0,0.0,0.0,0.0,0.0,0.0,0.0,0.0,1.0,,
2022,4,125,MIA,00-0038092,EzukEr00,erik-ezukanma-1,Erik Ezukanma,False,WR,WR,O,Texas Tech,22.0,2024.0,0,0,0,0.0,,0.0,5.0,0.0,0.0,0.0,0.0,0.0,5.0,22.0,0.0,1.0,3.0,0.0,,,
2022,4,126,LVR,00-0038093,FarrNe00,neil-farrell-jr-1,Neil Farrell,False,DT,DL,D,LSU,23.0,2024.0,0,0,0,2.0,,1.0,19.0,0.0,0.0,0.0,0.0,0.0,0.0,0.0,0.0,0.0,0.0,0.0,5.0,,
2022,4,127,NWE,00-0038098,StroPi00,,Pierre Strong,False,RB,RB,O,South Dakota St.,23.0,2024.0,0,0,0,4.0,,1.0,46.0,0.0,0.0,0.0,0.0,0.0,99.0,499.0,2.0,26.0,193.0,0.0,14.0,,
2022,4,128,BAL,00-0038046,KolaCh00,charlie-kolar-1,Charlie Kolar,False,TE,TE,O,Iowa St.,23.0,2025.0,0,0,0,4.0,,4.0,47.0,0.0,0.0,0.0,0.0,0.0,1.0,2.0,0.0,30.0,409.0,4.0,6.0,,
2022,4,129,DAL,00-0038041,FergJa00,jake-ferguson-1,Jake Ferguson,False,TE,TE,O,Wisconsin,23.0,2025.0,0,2,2,19.0,,19.0,64.0,0.0,0.0,0.0,0.0,0.0,1.0,1.0,0.0,231.0,2029.0,15.0,1.0,,
2022,4,130,BAL,00-0038094,StouJo00,jordan-stout-2,Jordan Stout,False,P,P,S,Penn St.,24.0,2025.0,1,1,2,8.0,,8.0,68.0,0.0,0.0,0.0,0.0,0.0,0.0,0.0,0.0,0.0,0.0,0.0,3.0,,
2022,4,131,TEN,00-0037617,HaskHa00,hassan-haskins-1,Hassan Haskins,False,RB,RB,O,Michigan,22.0,2025.0,0,0,0,2.0,,1.0,44.0,0.0,0.0,0.0,0.0,0.0,76.0,229.0,2.0,18.0,119.0,1.0,16.0,,
2022,4,132,GNB,00-0037816,DoubRo00,romeo-doubs-1,Romeo Doubs,False,WR,WR,O,Nevada,22.0,2025.0,0,0,2,23.0,,23.0,59.0,0.0,0.0,0.0,0.0,0.0,1.0,11.0,0.0,202.0,2424.0,21.0,,,
2022,4,133,TAM,00-0038042,CamaJa00,jake-camarda-1,Jake Camarda,False,P,P,S,Georgia,23.0,2024.0,0,0,2,8.0,,8.0,38.0,0.0,0.0,0.0,0.0,0.0,0.0,0.0,0.0,0.0,0.0,0.0,6.0,,
2022,4,134,SFO,00-0037829,BurfSp00,spencer-burford-1,Spencer Burford,False,OL,OL,O,Texas-San Antonio,22.0,2025.0,0,0,2,17.0,,17.0,56.0,0.0,0.0,0.0,0.0,0.0,0.0,0.0,0.0,0.0,0.0,0.0,1.0,,
2022,4,135,KAN,00-0038043,WillJo03,,Joshua Williams,False,CB,DB,D,Fayetteville St.,22.0,2025.0,0,0,0,6.0,,6.0,65.0,0.0,0.0,0.0,0.0,0.0,0.0,0.0,0.0,0.0,0.0,0.0,66.0,1.0,1.0
2022,4,136,CIN,00-0038095,VolsCo02,,Cordell Volson,False,T,OL,O,North Dakota St.,24.0,2024.0,0,0,3,22.0,,22.0,50.0,0.0,0.0,0.0,0.0,0.0,0.0,0.0,0.0,0.0,0.0,0.0,,,
2022,4,137,NWE,00-0038108,ZappBa00,bailey-zappe-1,Bailey Zappe,False,QB,QB,O,Western Kentucky,23.0,2024.0,0,0,0,2.0,,2.0,15.0,208.0,335.0,2223.0,12.0,14.0,29.0,85.0,1.0,1.0,-6.0,0.0,,,
2022,4,138,PIT,00-0037837,AustCa00,calvin-austin-iii-1,Calvin Austin III,False,WR,WR,O,Memphis,23.0,2025.0,0,0,0,12.0,,12.0,48.0,0.0,0.0,0.0,0.0,0.0,11.0,57.0,1.0,84.0,1100.0,8.0,,,
2022,4,139,BAL,00-0037838,LikeIs00,isaiah-likely-1,Isaiah Likely,False,TE,TE,O,Coastal Carolina,22.0,2025.0,0,0,1,15.0,,15.0,63.0,0.0,0.0,0.0,0.0,0.0,0.0,0.0,0.0,135.0,1568.0,15.0,4.0,,
2022,4,140,GNB,00-0037817,TomxZa00,zach-tom-1,Zach Tom,False,OL,OL,O,Wake Forest,23.0,2025.0,0,0,2,26.0,,26.0,55.0,0.0,0.0,0.0,0.0,0.0,0.0,0.0,0.0,0.0,0.0,0.0,1.0,,
2022,4,141,BAL,00-0037984,WillDa15,damarion-williams-1,Damarion Williams,False,CB,DB,D,Houston,24.0,2023.0,0,0,0,1.0,,1.0,15.0,0.0,0.0,0.0,0.0,0.0,0.0,0.0,0.0,0.0,0.0,0.0,15.0,,
2022,4,142,LAR,00-0037839,DuraDe01,,Cobie Durant,False,DB,DB,D,South Carolina St.,24.0,2025.0,0,0,2,16.0,,16.0,61.0,0.0,0.0,0.0,0.0,0.0,0.0,0.0,0.0,0.0,0.0,0.0,96.0,7.0,2.0
2022,4,143,TEN,00-0037809,OkonCh00,chigoziem-okonkwo-1,Chigoziem Okonkwo,False,TE,TE,O,Maryland,22.0,2025.0,0,0,1,16.0,,16.0,68.0,0.0,0.0,0.0,0.0,0.0,6.0,25.0,0.0,194.0,2017.0,8.0,8.0,,
2022,5,144,WAS,00-0037077,HoweSa00,sam-howell-1,Sam Howell,False,QB,QB,O,North Carolina,21.0,2024.0,0,0,1,12.0,,12.0,20.0,404.0,645.0,4139.0,22.0,23.0,54.0,300.0,6.0,1.0,4.0,0.0,,,
2022,5,145,KAN,00-0037194,KinnDa00,darian-kinnard-1,Darian Kinnard,False,T,OL,O,Kentucky,22.0,2025.0,0,0,0,3.0,,0.0,20.0,0.0,0.0,0.0,0.0,0.0,0.0,0.0,0.0,0.0,0.0,0.0,,,
2022,5,146,NYG,00-0037259,McFaMi01,micah-mcfadden-1,Micah McFadden,False,LB,LB,D,Indiana,22.0,2025.0,0,0,2,18.0,,18.0,48.0,0.0,0.0,0.0,0.0,0.0,0.0,0.0,0.0,0.0,0.0,0.0,161.0,1.0,6.0
2022,5,147,NYG,00-0037260,DaviDJ00,dj-davidson-1,D.J. Davidson,False,DT,DL,D,Arizona St.,22.0,2025.0,0,0,0,5.0,,5.0,47.0,0.0,0.0,0.0,0.0,0.0,0.0,0.0,0.0,0.0,0.0,0.0,26.0,,2.5
2022,5,148,BUF,00-0037261,ShakKh00,khalil-shakir-1,Khalil Shakir,False,WR,WR,O,Boise St.,22.0,2025.0,0,0,2,25.0,,25.0,62.0,0.0,0.0,0.0,0.0,0.0,4.0,19.0,0.0,197.0,2312.0,11.0,1.0,,
2022,5,149,WAS,00-0037078,TurnCo00,cole-turner-2,Cole Turner,False,TE,TE,O,Nevada,22.0,2025.0,0,0,0,1.0,,1.0,23.0,0.0,0.0,0.0,0.0,0.0,0.0,0.0,0.0,13.0,143.0,0.0,1.0,,
2022,5,150,HOU,00-0037262,BookTh00,thomas-booker-1,Thomas Booker,False,DE,DL,D,Stanford,22.0,2025.0,0,0,0,9.0,,1.0,44.0,0.0,0.0,0.0,0.0,0.0,0.0,0.0,0.0,0.0,0.0,0.0,35.0,,1.5
2022,5,151,ATL,00-0037263,AllgTy00,tyler-allgeier-1,Tyler Allgeier,False,RB,RB,O,BYU,22.0,2025.0,0,0,0,20.0,,20.0,67.0,0.0,0.0,0.0,0.0,0.0,676.0,2876.0,18.0,61.0,516.0,2.0,6.0,,
2022,5,152,DEN,00-0037264,TurnDe02,delarrin-turner-yell-1,Delarrin Turner-Yell,False,S,DB,D,Oklahoma,22.0,2025.0,0,0,0,2.0,,2.0,31.0,0.0,0.0,0.0,0.0,0.0,0.0,0.0,0.0,0.0,0.0,0.0,32.0,,
2022,5,153,SEA,00-0037079,WoolTa00,tariq-woolen-1,Riq Woolen,False,CB,DB,D,Texas-San Antonio,23.0,2025.0,0,1,3,22.0,,22.0,64.0,0.0,0.0,0.0,0.0,0.0,0.0,0.0,0.0,0.0,0.0,0.0,153.0,12.0,
2022,5,154,JAX,00-0037265,ConnSn00,snoop-conner-1,Snoop Conner,False,RB,RB,O,Mississippi,22.0,2022.0,0,0,0,0.0,,0.0,8.0,0.0,0.0,0.0,0.0,0.0,12.0,42.0,1.0,0.0,0.0,0.0,1.0,,
2022,5,155,DAL,00-0037266,WaleMa00,,Matt Waletzko,False,OL,OL,O,North Dakota,22.0,2024.0,0,0,0,0.0,,0.0,11.0,0.0,0.0,0.0,0.0,0.0,0.0,0.0,0.0,0.0,0.0,0.0,,,
2022,5,156,CLE,00-0037267,FordJe00,jerome-ford-1,Jerome Ford,False,RB,RB,O,Cincinnati,22.0,2025.0,0,0,1,11.0,,11.0,57.0,0.0,0.0,0.0,0.0,0.0,340.0,1463.0,7.0,107.0,647.0,5.0,1.0,,
2022,5,157,TAM,00-0037268,McCoZy02,,Zyon McCollum,False,DB,DB,D,Sam Houston St.,23.0,2025.0,0,0,2,17.0,,17.0,60.0,0.0,0.0,0.0,0.0,0.0,0.0,0.0,0.0,0.0,0.0,0.0,167.0,3.0,
2022,5,158,SEA,00-0037080,SmitTy03,tyreke-smith-1,Tyreke Smith,False,DE,DL,D,Ohio St.,22.0,2023.0,0,0,0,0.0,,0.0,3.0,0.0,0.0,0.0,0.0,0.0,0.0,0.0,0.0,0.0,0.0,0.0,,,
2022,5,159,IND,00-0037269,JohnEr01,,Eric Johnson,False,DT,DL,D,Missouri State,24.0,2025.0,0,0,0,4.0,,3.0,51.0,0.0,0.0,0.0,0.0,0.0,0.0,0.0,0.0,0.0,0.0,0.0,13.0,,1.0
2022,5,160,LAC,00-0037270,OgboOt00,otito-ogbonnia-1,Otito Ogbonnia,False,DT,DL,D,UCLA,22.0,2025.0,0,0,1,12.0,,12.0,41.0,0.0,0.0,0.0,0.0,0.0,0.0,0.0,0.0,0.0,0.0,0.0,44.0,,0.5
2022,5,161,NOR,00-0037271,JackDM00,dmarco-jackson-1,D'Marco Jackson,False,LB,LB,D,Appalachian St.,24.0,2025.0,0,0,0,6.0,,3.0,43.0,0.0,0.0,0.0,0.0,0.0,0.0,0.0,0.0,0.0,0.0,0.0,29.0,1.0,1.0
2022,5,162,DEN,00-0037272,WashMo00,,Montrell Washington,False,WR,WR,O,Samford,23.0,2024.0,0,0,0,0.0,,0.0,22.0,0.0,0.0,0.0,0.0,0.0,5.0,30.0,0.0,4.0,2.0,0.0,,,
2022,5,163,TEN,00-0037273,PhilKy01,kyle-philips-4,Kyle Philips,False,WR,WR,O,UCLA,23.0,2023.0,0,0,0,3.0,,3.0,13.0,0.0,0.0,0.0,0.0,0.0,0.0,0.0,0.0,23.0,259.0,0.0,,,
2022,5,164,LAR,00-0037840,WillKy02,kyren-williams-1,Kyren Williams,False,RB,RB,O,Notre Dame,22.0,2025.0,0,1,2,31.0,,31.0,55.0,0.0,0.0,0.0,0.0,0.0,838.0,3834.0,36.0,111.0,745.0,8.0,2.0,,
2022,5,165,MIN,00-0037274,OtomEs00,esezi-otomewo-1,Esezi Otomewo,False,DT,DL,D,Minnesota,23.0,2025.0,0,0,0,2.0,,0.0,21.0,0.0,0.0,0.0,0.0,0.0,0.0,0.0,0.0,0.0,0.0,0.0,8.0,,1.5
2022,5,166,CIN,00-0037752,AndeTy00,tycen-anderson-1,Tycen Anderson,False,S,DB,D,Toledo,23.0,2025.0,0,0,0,2.0,,2.0,41.0,0.0,0.0,0.0,0.0,0.0,0.0,0.0,0.0,0.0,0.0,0.0,25.0,,
2022,5,167,DAL,00-0037275,BlanDa00,daron-bland-1,DaRon Bland,False,DB,DB,D,Fresno St.,23.0,2025.0,1,1,1,21.0,,21.0,53.0,0.0,0.0,0.0,0.0,0.0,0.0,0.0,0.0,0.0,0.0,0.0,165.0,15.0,
2022,5,168,CHI,00-0037081,JoneBr08,,Braxton Jones,False,OL,OL,O,Southern Utah,23.0,2025.0,0,0,3,18.0,,18.0,46.0,0.0,0.0,0.0,0.0,0.0,0.0,0.0,0.0,0.0,0.0,0.0,1.0,,
2022,5,169,MIN,00-0037276,ChanTy01,ty-chandler-1,Ty Chandler,False,RB,RB,O,North Carolina,24.0,2025.0,0,0,0,6.0,,6.0,40.0,0.0,0.0,0.0,0.0,0.0,181.0,710.0,3.0,30.0,212.0,0.0,3.0,,
2022,5,170,HOU,00-0037277,QuitTe00,teagan-quitoriano-1,Teagan Quitoriano,False,TE,TE,O,Oregon St.,22.0,2025.0,0,0,0,1.0,,1.0,40.0,0.0,0.0,0.0,0.0,0.0,0.0,0.0,0.0,9.0,146.0,2.0,3.0,,
2022,5,171,DEN,00-0037278,WattLu00,luke-wattenberg-1,Luke Wattenberg,False,OL,OL,O,Washington,24.0,2025.0,0,0,1,12.0,,12.0,51.0,0.0,0.0,0.0,0.0,0.0,0.0,0.0,0.0,0.0,0.0,0.0,,,
2022,5,172,SFO,00-0037830,WomaSa00,samuel-womack-1,Samuel Womack,False,CB,DB,D,Toledo,23.0,2025.0,0,0,0,7.0,,2.0,46.0,0.0,0.0,0.0,0.0,0.0,0.0,0.0,0.0,0.0,0.0,0.0,51.0,3.0,
2022,5,173,NYG,00-0037279,McKeMa01,marcus-mckethan-1,Marcus McKethan,False,OL,OL,O,North Carolina,23.0,2023.0,0,0,0,2.0,,2.0,16.0,0.0,0.0,0.0,0.0,0.0,0.0,0.0,0.0,0.0,0.0,0.0,,,
2022,5,174,CHI,00-0037082,RobiDo00,dominique-robinson-1,Dominique Robinson,False,DE,DL,D,Miami (OH),24.0,2025.0,0,0,0,6.0,,6.0,46.0,0.0,0.0,0.0,0.0,0.0,0.0,0.0,0.0,0.0,0.0,0.0,40.0,,3.5
2022,5,175,LVR,00-0037280,ButlMa02,matthew-butler-1,Matthew Butler,False,DT,DL,D,Tennessee,23.0,2025.0,0,0,0,2.0,,1.0,27.0,0.0,0.0,0.0,0.0,0.0,0.0,0.0,0.0,0.0,0.0,0.0,12.0,,0.5
2022,5,176,DAL,00-0037281,ClarDa02,damone-clark-1,Damone Clark,False,LB,LB,D,LSU,22.0,2025.0,0,0,1,14.0,,14.0,55.0,0.0,0.0,0.0,0.0,0.0,0.0,0.0,0.0,0.0,0.0,0.0,129.0,,0.5
2022,5,177,DET,00-0037282,MitcJa00,james-mitchell-2,James Mitchell,False,TE,TE,O,Virginia Tech,23.0,2025.0,0,0,0,1.0,,1.0,35.0,0.0,0.0,0.0,0.0,0.0,0.0,0.0,0.0,16.0,169.0,1.0,,,
2022,5,178,DAL,00-0037283,RidgJo00,john-ridgeway-1,John Ridgeway,False,DT,DL,D,Arkansas,23.0,2025.0,0,0,0,7.0,,,49.0,0.0,0.0,0.0,0.0,0.0,0.0,0.0,0.0,0.0,0.0,0.0,36.0,,
2022,5,179,GNB,00-0037083,EnagKi00,kingsley-enagbare-1,Kingsley Enagbare,False,DE,DL,D,South Carolina,22.0,2025.0,0,0,0,12.0,,12.0,68.0,0.0,0.0,0.0,0.0,0.0,0.0,0.0,0.0,0.0,0.0,0.0,79.0,,11.5
2022,6,180,BUF,00-0037284,AraiMa00,matt-araiza-1,Matt Araiza,False,P,P,S,San Diego St.,22.0,2025.0,0,0,0,5.0,,,34.0,0.0,0.0,0.0,0.0,0.0,0.0,0.0,0.0,0.0,0.0,0.0,2.0,,
2022,6,181,PHI,00-0037084,JohnKy02,kyron-johnson-3,Kyron Johnson,False,DE,DL,D,Kansas,24.0,2023.0,0,0,0,1.0,,1.0,22.0,0.0,0.0,0.0,0.0,0.0,0.0,0.0,0.0,0.0,0.0,0.0,6.0,,
2022,6,182,NYG,00-0037285,BeavDa00,darrian-beavers-1,Darrian Beavers,False,LB,LB,D,Cincinnati,23.0,2023.0,0,0,0,0.0,,0.0,2.0,0.0,0.0,0.0,0.0,0.0,0.0,0.0,0.0,0.0,0.0,0.0,,,
2022,6,183,NWE,00-0037286,HarrKe01,kevin-harris-5,Kevin Harris,False,RB,RB,O,South Carolina,21.0,2023.0,0,0,0,1.0,,1.0,9.0,0.0,0.0,0.0,0.0,0.0,34.0,117.0,2.0,3.0,58.0,0.0,,,
2022,6,184,MIN,00-0037287,LoweVe00,vederian-lowe-1,Vederian Lowe,False,OL,OL,O,Illinois,23.0,2025.0,0,0,1,12.0,,0.0,46.0,0.0,0.0,0.0,0.0,0.0,0.0,0.0,0.0,1.0,4.0,1.0,,,
2022,6,185,BUF,00-0037288,BenfCh00,,Christian Benford,False,DB,DB,D,Villanova,21.0,2025.0,0,0,2,19.0,,19.0,53.0,0.0,0.0,0.0,0.0,0.0,0.0,0.0,0.0,0.0,0.0,0.0,142.0,7.0,3.0
2022,6,186,CHI,00-0037618,ThomZa04,zachary-thomas-1,Zachary Thomas,False,OL,OL,O,San Diego St.,24.0,2024.0,0,0,0,0.0,,,17.0,0.0,0.0,0.0,0.0,0.0,0.0,0.0,0.0,0.0,0.0,0.0,,,
2022,6,187,SFO,00-0037831,ZakeNi00,,Nick Zakelj,False,OL,OL,O,Fordham,23.0,2025.0,0,0,0,2.0,,2.0,29.0,0.0,0.0,0.0,0.0,0.0,0.0,0.0,0.0,0.0,0.0,0.0,,,
2022,6,188,DET,00-0037289,RodrMa00,malcolm-rodriguez-1,Malcolm Rodriguez,False,LB,LB,D,Oklahoma St.,23.0,2025.0,0,0,1,12.0,,12.0,50.0,0.0,0.0,0.0,0.0,0.0,0.0,0.0,0.0,1.0,6.0,0.0,111.0,,3.0
2022,6,189,CAR,00-0037043,BarnAm00,amare-barno-1,Amare Barno,False,DE,DL,D,Virginia Tech,23.0,2024.0,0,0,0,2.0,,2.0,29.0,0.0,0.0,0.0,0.0,0.0,0.0,0.0,0.0,0.0,0.0,0.0,25.0,,3.0
2022,6,190,ATL,00-0037290,ShafJu00,justin-shaffer-1,Justin Shaffer,False,OL,OL,O,Georgia,24.0,,0,0,0,,,,,,,,,,,,,,,,,,
2022,6,191,MIN,00-0037291,NailJa00,jalen-nailor-1,Jalen Nailor,False,WR,WR,O,Michigan St.,23.0,2025.0,0,0,0,9.0,,9.0,55.0,0.0,0.0,0.0,0.0,0.0,5.0,9.0,0.0,69.0,1066.0,11.0,4.0,,
2022,6,192,IND,00-0037292,OgleAn00,,Andrew Ogletree,False,TE,TE,O,Youngstown St.,24.0,2025.0,0,0,1,2.0,,2.0,44.0,0.0,0.0,0.0,0.0,0.0,0.0,0.0,0.0,22.0,283.0,4.0,9.0,,
2022,6,193,DAL,00-0037293,HarpDe00,devin-harper-1,Devin Harper,False,LB,LB,D,Oklahoma St.,24.0,2023.0,0,0,0,0.0,,0.0,12.0,0.0,0.0,0.0,0.0,0.0,0.0,0.0,0.0,0.0,0.0,0.0,4.0,,
2022,6,194,NOR,00-0037294,JackJo06,jordan-jackson-5,Jordan Jackson,False,DT,DL,D,Air Force,24.0,2025.0,0,0,0,1.0,,,22.0,0.0,0.0,0.0,0.0,0.0,0.0,0.0,0.0,0.0,0.0,0.0,7.0,,1.0
2022,6,195,LAC,00-0037295,SalyJa00,jamaree-salyer-1,Jamaree Salyer,False,OL,OL,O,Georgia,22.0,2025.0,0,0,2,19.0,,19.0,64.0,0.0,0.0,0.0,0.0,0.0,0.0,0.0,0.0,0.0,0.0,0.0,,,
2022,6,196,BAL,00-0037085,BadiTy00,tyler-badie-1,Tyler Badie,False,RB,RB,O,Missouri,22.0,2025.0,0,0,0,2.0,,,20.0,0.0,0.0,0.0,0.0,0.0,20.0,109.0,0.0,23.0,163.0,1.0,3.0,,
2022,6,197,JAX,00-0037296,JuniGr00,,Gregory Junior,False,CB,DB,D,Ouachita Baptist,23.0,2023.0,0,0,0,1.0,,1.0,10.0,0.0,0.0,0.0,0.0,0.0,0.0,0.0,0.0,0.0,0.0,0.0,11.0,,
2022,6,198,PHI,00-0037086,CalcGr00,grant-calcaterra-1,Grant Calcaterra,False,TE,TE,O,SMU,23.0,2025.0,0,0,1,5.0,,5.0,62.0,0.0,0.0,0.0,0.0,0.0,0.0,0.0,0.0,42.0,494.0,2.0,1.0,,
2022,6,199,CAR,00-0037297,MaysCa00,cade-mays-1,Cade Mays,False,OL,OL,O,Tennessee,23.0,2025.0,0,0,0,11.0,,11.0,52.0,0.0,0.0,0.0,0.0,0.0,0.0,0.0,0.0,0.0,0.0,0.0,,,
2022,6,200,NWE,00-0037298,RobeSa00,,Sam Roberts,False,DE,DL,D,NW Missouri St.,24.0,2025.0,0,0,0,2.0,,1.0,20.0,0.0,0.0,0.0,0.0,0.0,0.0,0.0,0.0,0.0,0.0,0.0,9.0,,1.0
2022,6,201,ARI,00-0037299,IngrKe01,keaontay-ingram-1,Keaontay Ingram,False,RB,RB,O,USC,22.0,2024.0,0,0,0,2.0,,2.0,21.0,0.0,0.0,0.0,0.0,0.0,62.0,134.0,1.0,8.0,47.0,0.0,1.0,,
2022,6,202,CLE,00-0037300,WoodMi00,mike-woods-3,Michael Woods II,False,WR,WR,O,Oklahoma,22.0,2024.0,0,0,0,0.0,,0.0,15.0,0.0,0.0,0.0,0.0,0.0,1.0,-5.0,0.0,12.0,110.0,0.0,1.0,,
2022,6,203,CHI,00-0037087,EbneTr00,trestan-ebner-1,Trestan Ebner,False,RB,RB,O,Baylor,23.0,2022.0,0,0,0,0.0,,0.0,17.0,0.0,0.0,0.0,0.0,0.0,24.0,54.0,0.0,2.0,8.0,0.0,3.0,,
2022,6,204,TEN,00-0037301,JackTh00,theo-jackson-1,Theo Jackson,False,DB,DB,D,Tennessee,23.0,2025.0,0,0,0,8.0,,,57.0,0.0,0.0,0.0,0.0,0.0,0.0,0.0,0.0,0.0,0.0,0.0,51.0,2.0,2.0
2022,6,205,HOU,00-0037302,DecuAu00,austin-deculus-1,Austin Deculus,False,T,OL,O,LSU,23.0,2025.0,0,0,0,4.0,,1.0,26.0,0.0,0.0,0.0,0.0,0.0,0.0,0.0,0.0,0.0,0.0,0.0,,,
2022,6,206,DEN,00-0037303,HennMa01,matt-henningsen-1,Matt Henningsen,False,DE,DL,D,Wisconsin,23.0,2023.0,0,0,0,2.0,,2.0,34.0,0.0,0.0,0.0,0.0,0.0,0.0,0.0,0.0,0.0,0.0,0.0,18.0,,1.0
2022,6,207,CHI,00-0037088,KramDo00,doug-kramer-1,Doug Kramer,False,OL,OL,O,Illinois,24.0,2024.0,0,0,0,1.0,,1.0,18.0,0.0,0.0,0.0,0.0,0.0,0.0,0.0,0.0,0.0,0.0,0.0,,,
2022,6,208,PIT,00-0037304,HeywCo00,connor-heyward-1,Connor Heyward,False,TE,TE,O,Michigan St.,23.0,2025.0,0,0,0,3.0,,3.0,68.0,0.0,1.0,0.0,0.0,0.0,18.0,70.0,2.0,44.0,379.0,3.0,13.0,,
2022,6,209,BUF,00-0037305,TenuLu00,luke-tenuta-1,Luke Tenuta,False,OL,OL,O,Virginia Tech,23.0,2025.0,0,0,0,0.0,,,7.0,0.0,0.0,0.0,0.0,0.0,0.0,0.0,0.0,0.0,0.0,0.0,,,
2022,6,210,NWE,00-0037619,HineCh00,chasen-hines-1,Chasen Hines,False,G,OL,O,LSU,22.0,,0,0,0,,,,,,,,,,,,,,,,,,
2022,6,211,LAR,00-0037841,LakeQu00,quentin-lake-1,Quentin Lake,False,DB,DB,D,UCLA,23.0,2025.0,0,0,1,11.0,,11.0,50.0,0.0,0.0,0.0,0.0,0.0,0.0,0.0,0.0,0.0,0.0,0.0,160.0,1.0,4.0
2022,6,212,LAR,00-0037842,KendDe00,derion-kendrick-1,Derion Kendrick,False,DB,DB,D,Georgia,22.0,2025.0,0,0,1,7.0,,6.0,47.0,0.0,0.0,0.0,0.0,0.0,0.0,0.0,0.0,0.0,0.0,0.0,84.0,3.0,
2022,6,213,ATL,00-0037306,FitzJo00,john-fitzpatrick-2,John FitzPatrick,False,TE,TE,O,Georgia,22.0,2025.0,0,0,0,1.0,,0.0,33.0,0.0,0.0,0.0,0.0,0.0,0.0,0.0,0.0,14.0,86.0,1.0,3.0,,
2022,6,214,LAC,00-0037307,TaylJa04,jasir-taylor-1,Ja'Sir Taylor,False,DB,DB,D,Wake Forest,23.0,2025.0,0,0,0,8.0,,7.0,65.0,0.0,0.0,0.0,0.0,0.0,0.0,0.0,0.0,0.0,0.0,0.0,62.0,1.0,
2022,6,215,ARI,00-0037308,SmitLe01,lecitus-smith-1,Lecitus Smith,False,OL,OL,O,Virginia Tech,24.0,2025.0,0,0,0,2.0,,1.0,19.0,0.0,0.0,0.0,0.0,0.0,0.0,0.0,0.0,0.0,0.0,0.0,,,
2022,6,216,IND,00-0037309,BrooCu00,curtis-brooks-1,Curtis Brooks,False,DT,DL,D,Cincinnati,24.0,,0,0,0,,,,,,,,,,,,,,,,,,
2022,6,217,DET,00-0037310,HousJa01,,James Houston,False,LB,LB,D,Jackson St.,23.0,2025.0,0,0,0,4.0,,3.0,37.0,0.0,0.0,0.0,0.0,0.0,0.0,0.0,0.0,0.0,0.0,0.0,35.0,,14.5
2022,6,218,TAM,00-0037311,KiefKo00,ko-kieft-1,Ko Kieft,False,TE,TE,O,Minnesota,24.0,2025.0,0,0,1,1.0,,1.0,53.0,0.0,0.0,0.0,0.0,0.0,0.0,0.0,0.0,8.0,82.0,2.0,15.0,,
2022,6,219,TEN,00-0037312,CampCh02,chance-campbell-1,Chance Campbell,False,LB,LB,D,Mississippi,22.0,2023.0,0,0,0,0.0,,0.0,4.0,0.0,0.0,0.0,0.0,0.0,0.0,0.0,0.0,0.0,0.0,0.0,1.0,,
2022,6,220,SFO,00-0037832,DaviKa01,kalia-davis-1,Kalia Davis,False,DT,DL,D,Central Florida,23.0,2025.0,0,0,0,9.0,,9.0,33.0,0.0,0.0,0.0,0.0,0.0,0.0,0.0,0.0,0.0,0.0,0.0,17.0,1.0,1.5
2022,6,221,SFO,00-0037833,CastTa00,tariq-castro-fields-1,Tariq Castro-Fields,False,CB,DB,D,Penn St.,23.0,2024.0,0,0,0,1.0,,,12.0,0.0,0.0,0.0,0.0,0.0,0.0,0.0,0.0,0.0,0.0,0.0,3.0,,
2022,7,222,JAX,00-0037313,BrowMo00,montaric-brown-1,Montaric Brown,False,DB,DB,D,Arkansas,23.0,2025.0,0,0,0,11.0,,11.0,52.0,0.0,0.0,0.0,0.0,0.0,0.0,0.0,0.0,0.0,0.0,0.0,127.0,3.0,
2022,7,223,CLE,00-0037314,ThomIs01,isaiah-thomas-1,Isaiah Thomas,False,DE,DL,D,Oklahoma,23.0,2024.0,0,0,0,1.0,,1.0,12.0,0.0,0.0,0.0,0.0,0.0,0.0,0.0,0.0,0.0,0.0,0.0,4.0,,1.0
2022,7,224,MIA,00-0037315,GoodCa00,cameron-goode-1,Cameron Goode,False,OLB,LB,D,California,24.0,2025.0,0,0,0,2.0,,2.0,37.0,0.0,0.0,0.0,0.0,0.0,0.0,0.0,0.0,0.0,0.0,0.0,11.0,,
2022,7,225,PIT,00-0037316,RobiMa03,mark-robinson-4,Mark Robinson,False,LB,LB,D,Mississippi,23.0,2025.0,0,0,0,4.0,,4.0,46.0,0.0,0.0,0.0,0.0,0.0,0.0,0.0,0.0,0.0,0.0,0.0,35.0,,1.0
2022,7,226,CHI,00-0037089,CartJa04,,Ja'Tyre Carter,False,OL,OL,O,Southern,23.0,2023.0,0,0,0,2.0,,2.0,13.0,0.0,0.0,0.0,0.0,0.0,0.0,0.0,0.0,0.0,0.0,0.0,,,
2022,7,227,MIN,00-0037317,MuseNi00,nick-muse-1,Nick Muse,False,TE,TE,O,South Carolina,23.0,2024.0,0,0,0,0.0,,0.0,16.0,0.0,0.0,0.0,0.0,0.0,0.0,0.0,0.0,1.0,22.0,0.0,,,
2022,7,228,GNB,00-0037090,CarpTa00,tariq-carpenter-1,Tariq Carpenter,False,DB,DB,D,Georgia Tech,23.0,2023.0,0,0,0,1.0,,1.0,17.0,0.0,0.0,0.0,0.0,0.0,0.0,0.0,0.0,0.0,0.0,0.0,7.0,,
2022,7,229,SEA,00-0037091,MeltBo00,bo-melton-1,Bo Melton,False,WR,WR,O,Rutgers,23.0,2025.0,0,0,0,5.0,,,38.0,0.0,0.0,0.0,0.0,0.0,16.0,110.0,0.0,28.0,416.0,2.0,4.0,,
2022,7,230,WAS,00-0037092,PaulCh00,chris-paul-3,Chris Paul,False,OL,OL,O,Tulsa,23.0,2025.0,0,0,0,10.0,,10.0,34.0,0.0,0.0,0.0,0.0,0.0,0.0,0.0,0.0,0.0,0.0,0.0,,,
2022,7,231,BUF,00-0037318,SpecBa00,baylon-spector-1,Baylon Spector,False,LB,LB,D,Clemson,23.0,2025.0,0,0,0,5.0,,5.0,29.0,0.0,0.0,0.0,0.0,0.0,0.0,0.0,0.0,0.0,0.0,0.0,32.0,,1.5
2022,7,232,DEN,00-0037319,HickFa00,falon-hicks-1,Faion Hicks,False,CB,DB,D,Wisconsin,24.0,2024.0,0,0,0,0.0,,0.0,4.0,0.0,0.0,0.0,0.0,0.0,0.0,0.0,0.0,0.0,0.0,0.0,1.0,,
2022,7,233,SEA,00-0037093,YounDa02,,Dareke Young,False,WR,WR,O,Lenoir-Rhyne,23.0,2025.0,0,0,0,0.0,,0.0,42.0,0.0,0.0,0.0,0.0,0.0,0.0,0.0,0.0,4.0,72.0,0.0,19.0,,
2022,7,234,GNB,00-0037094,FordJo00,jonathan-ford-1,Jonathan Ford,False,DT,DL,D,Miami (FL),22.0,2025.0,0,0,0,1.0,,0.0,13.0,0.0,0.0,0.0,0.0,0.0,0.0,0.0,0.0,0.0,0.0,0.0,5.0,,
2022,7,235,LAR,00-0037843,HardDa01,,Daniel Hardy,False,LB,LB,D,Montana St.,23.0,2025.0,0,0,0,3.0,,0.0,40.0,0.0,0.0,0.0,0.0,0.0,0.0,0.0,0.0,0.0,0.0,0.0,14.0,,
2022,7,236,LAC,00-0037320,LeonDe00,deane-leonard-1,Deane Leonard,False,DB,DB,D,Mississippi,22.0,2025.0,0,0,0,3.0,,3.0,46.0,0.0,0.0,0.0,0.0,0.0,0.0,0.0,0.0,0.0,0.0,0.0,34.0,,
2022,7,237,DET,00-0037321,LucaCh01,chase-lucas-1,Chase Lucas,False,DB,DB,D,Arizona St.,25.0,2025.0,0,0,0,2.0,,1.0,33.0,0.0,0.0,0.0,0.0,0.0,0.0,0.0,0.0,0.0,0.0,0.0,9.0,,
2022,7,238,LVR,00-0037322,MunfTh00,thayer-munford-1,Thayer Munford,False,OL,OL,O,Ohio St.,22.0,2025.0,0,0,1,11.0,,10.0,51.0,0.0,0.0,0.0,0.0,0.0,0.0,0.0,0.0,0.0,0.0,0.0,,,
2022,7,239,IND,00-0037323,ThomRo07,,Rodney Thomas II,False,LB,LB,D,Yale,24.0,2025.0,0,0,2,11.0,,11.0,68.0,0.0,0.0,0.0,0.0,0.0,1.0,3.0,0.0,0.0,0.0,0.0,83.0,6.0,
2022,7,240,WAS,00-0037095,HolmCh00,christian-holmes-2,Christian Holmes,False,CB,DB,D,Oklahoma St.,24.0,2023.0,0,0,0,3.0,,3.0,30.0,0.0,0.0,0.0,0.0,0.0,0.0,0.0,0.0,0.0,0.0,0.0,11.0,,
2022,7,241,PIT,00-0037324,OladCh00,,Chris Oladokun,False,QB,QB,O,South Dakota St.,25.0,2025.0,0,0,0,1.0,,,4.0,35.0,55.0,235.0,1.0,0.0,6.0,23.0,0.0,0.0,0.0,0.0,,,
2022,7,242,CAR,00-0037325,BarnKa00,kalon-barnes-1,Kalon Barnes,False,CB,DB,D,Baylor,23.0,2022.0,0,0,0,0.0,,,2.0,0.0,0.0,0.0,0.0,0.0,0.0,0.0,0.0,0.0,0.0,0.0,,,
2022,7,243,KAN,00-0037195,WatsJa02,jaylen-watson-2,Jaylen Watson,False,DB,DB,D,Washington St.,23.0,2025.0,0,0,1,13.0,,13.0,53.0,0.0,0.0,0.0,0.0,0.0,0.0,0.0,0.0,0.0,0.0,0.0,128.0,3.0,4.0
2022,7,244,ARI,00-0037747,MattCh01,,Christian Matthew,False,DB,DB,D,Valdosta St.,25.0,2023.0,0,0,0,2.0,,2.0,20.0,0.0,0.0,0.0,0.0,0.0,0.0,0.0,0.0,0.0,0.0,0.0,13.0,,
2022,7,245,NWE,00-0037620,StueAn00,andrew-stueber-1,Andrew Stueber,False,OL,OL,O,Michigan,23.0,2024.0,0,0,0,1.0,,,7.0,0.0,0.0,0.0,0.0,0.0,0.0,0.0,0.0,0.0,0.0,0.0,,,
2022,7,246,CLE,00-0037326,DeatDa00,dawson-deaton-1,Dawson Deaton,False,OL,OL,O,Texas Tech,23.0,,0,0,0,,,,,,,,,,,,,,,,,,
2022,7,247,MIA,00-0037327,ThomSk00,skylar-thompson-1,Skylar Thompson,False,QB,QB,O,Kansas St.,25.0,2024.0,0,0,0,3.0,,3.0,10.0,81.0,138.0,721.0,1.0,3.0,15.0,25.0,0.0,0.0,0.0,0.0,,,
2022,7,248,TAM,00-0037328,AnthAn00,andre-anthony-1,Andre Anthony,False,DE,DL,D,LSU,25.0,,0,0,0,,,,,,,,,,,,,,,,,,
2022,7,249,GNB,00-0037196,WalkRa00,rasheed-walker-1,Rasheed Walker,False,OL,OL,O,Penn St.,22.0,2025.0,0,0,2,29.0,,29.0,52.0,0.0,0.0,0.0,0.0,0.0,0.0,0.0,0.0,0.0,0.0,0.0,,,
2022,7,250,LVR,00-0037329,BrowBr06,brittain-brown-1,Brittain Brown,False,RB,RB,O,UCLA,24.0,2025.0,0,0,0,0.0,,0.0,9.0,0.0,0.0,0.0,0.0,0.0,5.0,37.0,1.0,0.0,0.0,0.0,,,
2022,7,251,KAN,00-0037197,PachIs00,isaih-pacheco-1,Isiah Pacheco,False,RB,RB,O,Rutgers,23.0,2025.0,0,0,2,21.0,,21.0,51.0,0.0,0.0,0.0,0.0,0.0,576.0,2537.0,14.0,88.0,554.0,3.0,2.0,,
2022,7,252,CIN,00-0037760,GuntJe01,jeffrey-gunter-1,Jeff Gunter,False,OLB,LB,D,Coastal Carolina,23.0,2022.0,0,0,0,1.0,,1.0,10.0,0.0,0.0,0.0,0.0,0.0,0.0,0.0,0.0,0.0,0.0,0.0,,,
2022,7,253,LAR,00-0037844,YeasRu00,russ-yeast-1,Russ Yeast,False,DB,DB,D,Kansas St.,23.0,2024.0,0,0,1,4.0,,4.0,36.0,0.0,0.0,0.0,0.0,0.0,0.0,0.0,0.0,0.0,0.0,0.0,54.0,,
2022,7,254,CHI,00-0037096,HickEl00,elijah-hicks-1,Elijah Hicks,False,S,DB,D,California,22.0,2025.0,0,0,0,8.0,,8.0,61.0,0.0,0.0,0.0,0.0,0.0,0.0,0.0,0.0,0.0,0.0,0.0,68.0,,
2022,7,255,CHI,00-0037097,GillTr01,trenton-gill-1,Trenton Gill,False,P,P,S,North Carolina St.,23.0,2024.0,0,0,2,5.0,,4.0,42.0,0.0,0.0,0.0,0.0,0.0,0.0,0.0,0.0,0.0,0.0,0.0,1.0,,
2022,7,256,ARI,00-0037330,LukeJe00,jesse-luketa-1,Jesse Luketa,False,LB,LB,D,Penn St.,23.0,2024.0,0,0,0,3.0,,3.0,31.0,0.0,0.0,0.0,0.0,0.0,0.0,0.0,0.0,0.0,0.0,0.0,19.0,,3.0
2022,7,257,ARI,00-0037748,HayeMa00,marquis-hayes-1,Marquis Hayes,False,OL,OL,O,Oklahoma,23.0,,0,0,0,,,,,,,,,,,,,,,,,,
2022,7,258,GNB,00-0037098,TourSa00,samori-toure-1,Samori Toure,False,WR,WR,O,Nebraska,24.0,2025.0,0,0,0,2.0,,2.0,23.0,0.0,0.0,0.0,0.0,0.0,0.0,0.0,0.0,14.0,163.0,1.0,,,
2022,7,259,KAN,00-0037198,JohnNa01,nazeeh-johnson-1,Nazeeh Johnson,False,S,DB,D,Marshall,24.0,2025.0,0,0,0,3.0,,3.0,29.0,0.0,0.0,0.0,0.0,0.0,0.0,0.0,0.0,0.0,0.0,0.0,39.0,,1.0
2022,7,260,LAC,00-0037331,HorvZa00,alexander-horvath-1,Zander Horvath,False,RB,RB,O,Purdue,23.0,2022.0,0,0,0,0.0,,0.0,15.0,0.0,0.0,0.0,0.0,0.0,4.0,8.0,0.0,5.0,8.0,2.0,1.0,,
2022,7,261,LAR,00-0037845,ArcuAJ00,aj-arcuri-1,AJ Arcuri,False,OT,OL,O,Michigan St.,25.0,2024.0,0,0,0,1.0,,1.0,10.0,0.0,0.0,0.0,0.0,0.0,0.0,0.0,0.0,0.0,0.0,0.0,,,
2022,7,262,SFO,00-0037834,PurdBr00,brock-purdy-1,Brock Purdy,False,QB,QB,O,Iowa St.,22.0,2025.0,0,1,2,44.0,,44.0,49.0,919.0,1353.0,11685.0,84.0,37.0,160.0,627.0,11.0,0.0,0.0,0.0,,,
2023,1,1,CAR,00-0039150,YounBr01,bryce-young-1,Bryce Young,False,QB,QB,O,Alabama,22.0,2025.0,0,0,1,23.0,,23.0,46.0,853.0,1389.0,8291.0,49.0,30.0,136.0,718.0,8.0,0.0,0.0,0.0,,,
2023,1,2,HOU,00-0039163,StroCJ00,cj-stroud-1,C.J. Stroud,False,QB,QB,O,Ohio St.,21.0,2025.0,0,1,2,33.0,,33.0,46.0,928.0,1454.0,10876.0,62.0,25.0,139.0,609.0,4.0,1.0,0.0,0.0,,,
2023,1,3,HOU,00-0039108,AndeWi01,will-anderson-jr-1,Will Anderson,False,LB,LB,D,Alabama,22.0,2025.0,1,2,2,37.0,,37.0,46.0,0.0,0.0,0.0,0.0,0.0,0.0,0.0,0.0,0.0,0.0,0.0,91.0,,30.0
2023,1,4,IND,00-0039164,RichAn03,anthony-richardson-2,Anthony Richardson,False,QB,QB,O,Florida,21.0,2025.0,0,0,1,9.0,,9.0,17.0,177.0,350.0,2400.0,11.0,13.0,115.0,634.0,10.0,2.0,8.0,0.0,,,
2023,1,5,SEA,00-0039169,WithDe00,devon-witherspoon-1,Devon Witherspoon,False,DB,DB,D,Illinois,22.0,2025.0,0,3,2,26.0,,26.0,43.0,0.0,0.0,0.0,0.0,0.0,0.0,0.0,0.0,0.0,0.0,0.0,170.0,2.0,4.5
2023,1,6,ARI,00-0038540,JohnPa03,paris-johnson-jr-1,Paris Johnson,False,OL,OL,O,Ohio St.,22.0,2025.0,0,0,2,19.0,,19.0,43.0,0.0,0.0,0.0,0.0,0.0,0.0,0.0,0.0,0.0,0.0,0.0,,,
2023,1,7,LVR,00-0038541,WilsTy01,tyree-wilson-1,Tyree Wilson,False,OLB,LB,D,Texas Tech,23.0,2025.0,0,0,0,8.0,,8.0,50.0,0.0,0.0,0.0,0.0,0.0,0.0,0.0,0.0,0.0,0.0,0.0,57.0,,12.0
2023,1,8,ATL,00-0038542,RobiBi01,bijan-robinson-1,Bijan Robinson,False,RB,RB,O,Texas,21.0,2025.0,1,2,2,36.0,,36.0,51.0,0.0,0.0,0.0,0.0,0.0,805.0,3910.0,25.0,198.0,1738.0,9.0,,,
2023,1,9,PHI,00-0038386,CartJa05,jalen-carter-1,Jalen Carter,False,DL,DL,D,Georgia,22.0,2025.0,0,2,1,24.0,,24.0,43.0,0.0,0.0,0.0,0.0,0.0,0.0,0.0,0.0,0.0,0.0,0.0,66.0,,13.5
2023,1,10,CHI,00-0038932,WrigDa00,darnell-wright-1,Darnell Wright,False,OL,OL,O,Tennessee,22.0,2025.0,0,0,2,24.0,,24.0,49.0,0.0,0.0,0.0,0.0,0.0,0.0,0.0,0.0,0.0,0.0,0.0,,,
2023,1,11,TEN,00-0039034,SkorPe00,peter-skoronski-1,Peter Skoronski,False,OL,OL,O,Northwestern,22.0,2025.0,0,0,2,15.0,,15.0,48.0,0.0,0.0,0.0,0.0,0.0,0.0,0.0,0.0,0.0,0.0,0.0,,,
2023,1,12,DET,00-0039139,GibbJa01,jahmyr-gibbs-1,Jahmyr Gibbs,False,RB,RB,O,Alabama,21.0,2025.0,0,3,0,40.0,,40.0,49.0,0.0,0.0,0.0,0.0,0.0,675.0,3580.0,39.0,181.0,1449.0,10.0,,,
2023,1,13,GNB,00-0039112,VanNLu00,lukas-van-ness-1,Lukas Van Ness,False,DL,DL,D,Iowa,22.0,2025.0,0,0,0,4.0,,4.0,43.0,0.0,0.0,0.0,0.0,0.0,0.0,0.0,0.0,0.0,0.0,0.0,58.0,,8.5
2023,1,14,PIT,00-0039109,JoneBr09,broderick-jones-1,Broderick Jones,False,OL,OL,O,Georgia,22.0,2025.0,0,0,2,18.0,,18.0,45.0,0.0,0.0,0.0,0.0,0.0,0.0,0.0,0.0,0.0,0.0,0.0,,,
2023,1,15,NYJ,00-0039142,McDoWi00,will-mcdonald-1,Will McDonald,False,DE,DL,D,Iowa St.,24.0,2025.0,0,0,1,15.0,,15.0,47.0,0.0,0.0,0.0,0.0,0.0,0.0,0.0,0.0,0.0,0.0,0.0,46.0,,21.5
2023,1,16,WAS,00-0039151,ForbEm00,emmanuel-forbes-1,Emmanuel Forbes,False,CB,DB,D,Mississippi St.,22.0,2025.0,0,0,0,9.0,,3.0,39.0,0.0,0.0,0.0,0.0,0.0,0.0,0.0,0.0,0.0,0.0,0.0,73.0,5.0,
2023,1,17,NWE,00-0039147,GonzCh00,christian-gonzalez-2,Christian Gonzalez,False,DB,DB,D,Oregon,21.0,2025.0,0,1,1,19.0,,19.0,34.0,0.0,0.0,0.0,0.0,0.0,0.0,0.0,0.0,0.0,0.0,0.0,118.0,3.0,1.0
2023,1,18,DET,00-0039018,CampJa04,jack-campbell-1,Jack Campbell,False,LB,LB,D,Iowa,23.0,2025.0,1,1,2,26.0,,26.0,51.0,0.0,0.0,0.0,0.0,0.0,0.0,0.0,0.0,0.0,0.0,0.0,210.0,,8.5
2023,1,19,TAM,00-0039063,KancCa00,calijah-kancey-1,Calijah Kancey,False,DL,DL,D,Pittsburgh,22.0,2025.0,0,0,1,13.0,,13.0,29.0,0.0,0.0,0.0,0.0,0.0,0.0,0.0,0.0,0.0,0.0,0.0,42.0,,11.5
2023,1,20,SEA,00-0038543,SmitJa06,jaxon-smith-njigba-1,Jaxon Smith-Njigba,False,WR,WR,O,Ohio St.,21.0,2025.0,1,2,1,30.0,,30.0,51.0,1.0,1.0,35.0,0.0,0.0,12.0,62.0,0.0,282.0,3551.0,20.0,,,
2023,1,21,LAC,00-0038544,JohnQu02,quentin-johnston-1,Quentin Johnston,False,WR,WR,O,TCU,22.0,2025.0,0,0,2,16.0,,16.0,46.0,0.0,0.0,0.0,0.0,0.0,8.0,22.0,0.0,144.0,1877.0,18.0,,,
2023,1,22,BAL,00-0039064,FlowZa00,zay-flowers-1,Zay Flowers,False,WR,WR,O,Boston Col.,22.0,2025.0,0,2,2,33.0,,33.0,50.0,0.0,0.0,0.0,0.0,0.0,27.0,174.0,2.0,237.0,3128.0,14.0,,,
2023,1,23,MIN,00-0038994,AddiJo00,jordan-addison-1,Jordan Addison,False,WR,WR,O,USC,21.0,2025.0,0,0,2,20.0,,20.0,46.0,0.0,0.0,0.0,0.0,0.0,6.0,103.0,2.0,175.0,2396.0,22.0,,,
2023,1,24,NYG,00-0039000,BankDe00,deonte-banks-1,Deonte Banks,False,DB,DB,D,Maryland,22.0,2025.0,0,0,2,12.0,,12.0,45.0,0.0,0.0,0.0,0.0,0.0,0.0,0.0,0.0,0.0,0.0,0.0,116.0,2.0,
2023,1,25,BUF,00-0038933,KincDa00,dalton-kincaid-1,Dalton Kincaid,False,TE,TE,O,Utah,23.0,2025.0,0,1,2,17.0,,17.0,41.0,0.0,0.0,0.0,0.0,0.0,0.0,0.0,0.0,156.0,1692.0,9.0,,,
2023,1,26,DAL,00-0038545,SmitMa06,mazi-smith-1,Mazi Smith,False,DL,DL,D,Michigan,22.0,2025.0,0,0,1,9.0,,9.0,42.0,0.0,0.0,0.0,0.0,0.0,0.0,0.0,0.0,0.0,0.0,0.0,31.0,,2.0
2023,1,27,JAX,00-0038934,HarrAn00,anton-harrison-1,Anton Harrison,False,OL,OL,O,Oklahoma,21.0,2025.0,0,0,2,23.0,,23.0,48.0,0.0,0.0,0.0,0.0,0.0,0.0,0.0,0.0,0.0,0.0,0.0,,,
2023,1,28,CIN,00-0038546,MurpMy00,myles-murphy-1,Myles Murphy,False,DE,DL,D,Clemson,21.0,2025.0,0,0,0,7.0,,7.0,47.0,0.0,0.0,0.0,0.0,0.0,0.0,0.0,0.0,0.0,0.0,0.0,49.0,,8.5
2023,1,29,NOR,00-0038995,BresBr00,bryan-bresee-1,Bryan Bresee,False,DT,DL,D,Clemson,21.0,2025.0,0,0,1,15.0,,15.0,49.0,0.0,0.0,0.0,0.0,0.0,0.0,0.0,0.0,0.0,0.0,0.0,44.0,,14.5
2023,1,30,PHI,00-0039013,SmitNo02,nolan-smith-1,Nolan Smith,False,OLB,LB,D,Georgia,22.0,2025.0,0,0,0,13.0,,13.0,45.0,0.0,0.0,0.0,0.0,0.0,0.0,0.0,0.0,0.0,0.0,0.0,46.0,,10.5
2023,1,31,KAN,00-0039006,AnudFe00,felix-anudike-uzomah-1,Felix Anudike-Uzomah,False,DE,DL,D,Kansas St.,21.0,2024.0,0,0,0,4.0,,4.0,34.0,0.0,0.0,0.0,0.0,0.0,0.0,0.0,0.0,0.0,0.0,0.0,24.0,,3.0
2023,2,32,PIT,00-0039167,PortJo02,joey-porter-jr-1,Joey Porter Jr.,False,CB,DB,D,Penn St.,23.0,2025.0,0,0,2,14.0,,14.0,47.0,0.0,0.0,0.0,0.0,0.0,0.0,0.0,0.0,0.0,0.0,0.0,120.0,3.0,1.0
2023,2,33,TEN,00-0039152,LeviWi00,will-levis-1,Will Levis,False,QB,QB,O,Kentucky,24.0,2024.0,0,0,2,11.0,,11.0,21.0,339.0,556.0,3899.0,21.0,16.0,70.0,240.0,1.0,0.0,0.0,0.0,,,
2023,2,34,DET,00-0039065,LaPoSa01,sam-laporta-1,Sam LaPorta,False,TE,TE,O,Iowa,22.0,2025.0,0,1,2,21.0,,21.0,42.0,0.0,0.0,0.0,0.0,0.0,1.0,4.0,0.0,186.0,2104.0,20.0,,,
2023,2,35,LVR,00-0039066,MayeMi00,michael-mayer-1,Michael Mayer,False,TE,TE,O,Notre Dame,22.0,2025.0,0,0,1,7.0,,7.0,38.0,0.0,0.0,0.0,0.0,0.0,0.0,0.0,0.0,83.0,788.0,3.0,4.0,,
2023,2,36,LAR,00-0039058,AvilSt00,esteban-avila-1,Steve Avila,False,C,OL,O,TCU,23.0,2025.0,0,0,1,19.0,,19.0,42.0,0.0,0.0,0.0,0.0,0.0,0.0,0.0,0.0,0.0,0.0,0.0,,,
2023,2,37,SEA,00-0039047,HallDe04,derick-hall-1,Derick Hall,False,DE,DL,D,Auburn,22.0,2025.0,0,0,1,13.0,,13.0,48.0,0.0,0.0,0.0,0.0,0.0,0.0,0.0,0.0,0.0,0.0,0.0,49.0,,10.0
2023,2,38,ATL,00-0039048,BergMa00,matthew-bergeron-2,Matthew Bergeron,False,OL,OL,O,Syracuse,23.0,2025.0,0,0,2,17.0,,17.0,49.0,0.0,0.0,0.0,0.0,0.0,0.0,0.0,0.0,0.0,0.0,0.0,,,
2023,2,39,CAR,00-0039062,MingJo00,jonathan-mingo-1,Jonathan Mingo,False,WR,WR,O,Mississippi,22.0,2025.0,0,0,1,4.0,,4.0,38.0,0.0,0.0,0.0,0.0,0.0,2.0,5.0,0.0,61.0,610.0,0.0,,,
2023,2,40,NOR,00-0039143,FoskIs00,isaiah-foskey-1,Isaiah Foskey,False,DL,DL,D,Notre Dame,22.0,2025.0,0,0,0,2.0,,2.0,35.0,0.0,0.0,0.0,0.0,0.0,0.0,0.0,0.0,0.0,0.0,0.0,11.0,,
2023,2,41,ARI,00-0039155,OjulBJ00,bj-ojulari-1,BJ Ojulari,False,DE,DL,D,LSU,21.0,2025.0,0,0,0,1.0,,1.0,25.0,0.0,0.0,0.0,0.0,0.0,0.0,0.0,0.0,0.0,0.0,0.0,29.0,,5.0
2023,2,42,GNB,00-0039144,MusgLu00,luke-musgrave-1,Luke Musgrave,False,TE,TE,O,Oregon St.,23.0,2025.0,0,0,1,6.0,,6.0,35.0,0.0,0.0,0.0,0.0,0.0,0.0,0.0,0.0,65.0,649.0,1.0,,,
2023,2,43,NYJ,00-0039145,TippJo00,joe-tippmann-1,Joe Tippmann,False,OL,OL,O,Wisconsin,22.0,2025.0,0,0,2,16.0,,16.0,50.0,0.0,0.0,0.0,0.0,0.0,0.0,0.0,0.0,0.0,0.0,0.0,,,
2023,2,44,IND,00-0039156,BrenJu00,julius-brents-1,Julius Brents,False,DB,DB,D,Kansas St.,23.0,2025.0,0,0,0,4.0,,3.0,18.0,0.0,0.0,0.0,0.0,0.0,0.0,0.0,0.0,0.0,0.0,0.0,43.0,1.0,
2023,2,45,DET,00-0039141,BranBr00,brian-branch-1,Brian Branch,False,DB,DB,D,Alabama,21.0,2025.0,0,1,2,15.0,,15.0,43.0,0.0,0.0,0.0,0.0,0.0,0.0,0.0,0.0,0.0,0.0,0.0,177.0,7.0,4.5
2023,2,46,NWE,00-0039148,WhitKe03,keion-white-1,Keion White,False,DL,DL,D,Georgia Tech,24.0,2025.0,0,0,1,12.0,,10.0,47.0,0.0,0.0,0.0,0.0,0.0,0.0,0.0,0.0,0.0,0.0,0.0,50.0,,7.5
2023,2,47,WAS,00-0039149,MartJa04,jartavius-martin-1,Quan Martin,False,DB,DB,D,Illinois,23.0,2025.0,0,0,1,11.0,,11.0,49.0,0.0,0.0,0.0,0.0,0.0,0.0,0.0,0.0,0.0,0.0,0.0,130.0,3.0,1.0
2023,2,48,TAM,00-0039157,MaucCo00,,Cody Mauch,False,T,OL,O,North Dakota St.,24.0,2025.0,0,0,2,16.0,,16.0,36.0,0.0,0.0,0.0,0.0,0.0,0.0,0.0,0.0,0.0,0.0,0.0,,,
2023,2,49,PIT,00-0039110,BentKe00,keeanu-benton-1,Keeanu Benton,False,NT,DL,D,Wisconsin,22.0,2025.0,0,0,2,17.0,,17.0,51.0,0.0,0.0,0.0,0.0,0.0,0.0,0.0,0.0,0.0,0.0,0.0,57.0,1.0,7.5
2023,2,50,GNB,00-0039146,ReedJa03,jayden-reed-1,Jayden Reed,False,WR,WR,O,Michigan St.,23.0,2025.0,0,0,1,19.0,,19.0,40.0,0.0,0.0,0.0,0.0,0.0,34.0,310.0,3.0,138.0,1857.0,15.0,,,
2023,2,51,MIA,00-0039133,SmitCa02,cam-smith-3,Cam Smith,False,DB,DB,D,South Carolina,22.0,2024.0,0,0,0,1.0,,1.0,21.0,0.0,0.0,0.0,0.0,0.0,0.0,0.0,0.0,0.0,0.0,0.0,14.0,,
2023,2,52,SEA,00-0039165,CharZa00,zach-charbonnet-1,Zach Charbonnet,False,RB,RB,O,UCLA,22.0,2025.0,0,0,0,16.0,,16.0,49.0,0.0,0.0,0.0,0.0,0.0,427.0,1761.0,21.0,95.0,693.0,1.0,1.0,,
2023,2,53,CHI,00-0039070,DextGe00,gervon-dexter-1,Gervon Dexter,False,DL,DL,D,Florida,21.0,2025.0,0,0,1,17.0,,17.0,49.0,0.0,0.0,0.0,0.0,0.0,0.0,0.0,0.0,0.0,0.0,0.0,57.0,,13.5
2023,2,54,LAC,00-0039111,TuipTu00,tuli-tuipulotu-1,Tuli Tuipulotu,False,DL,DL,D,USC,21.0,2025.0,0,1,2,21.0,,21.0,50.0,0.0,0.0,0.0,0.0,0.0,0.0,0.0,0.0,0.0,0.0,0.0,98.0,,26.0
2023,2,55,KAN,00-0039067,RiceRa01,rashee-rice-1,Rashee Rice,False,WR,WR,O,SMU,23.0,2025.0,0,0,0,16.0,,16.0,28.0,0.0,0.0,0.0,0.0,0.0,7.0,18.0,1.0,156.0,1797.0,14.0,,,
2023,2,56,CHI,00-0039071,StevTy01,tyrique-stevenson-1,Tyrique Stevenson,False,CB,DB,D,Miami (FL),23.0,2025.0,0,0,2,14.0,,14.0,45.0,0.0,0.0,0.0,0.0,0.0,0.0,0.0,0.0,0.0,0.0,0.0,152.0,7.0,
2023,2,57,NYG,00-0039019,MichJo00,john-michael-schmitz-1,John Michael Schmitz,False,OL,OL,O,Minnesota,24.0,2025.0,0,0,2,14.0,,14.0,41.0,0.0,0.0,0.0,0.0,0.0,0.0,0.0,0.0,0.0,0.0,0.0,,,
2023,2,58,DAL,00-0038547,SchoLu00,luke-schoonmaker-1,Luke Schoonmaker,False,TE,TE,O,Michigan,24.0,2025.0,0,0,0,4.0,,4.0,51.0,0.0,0.0,0.0,0.0,0.0,0.0,0.0,0.0,49.0,438.0,3.0,7.0,,
2023,2,59,BUF,00-0038548,TorrOC00,ocyrus-torrence-1,O'Cyrus Torrence,False,OL,OL,O,Florida,23.0,2025.0,0,0,2,23.0,,23.0,51.0,0.0,0.0,0.0,0.0,0.0,0.0,0.0,0.0,0.0,0.0,0.0,,,
2023,2,60,CIN,00-0038549,TurnDJ01,dj-turner-3,DJ Turner,False,DB,DB,D,Michigan,22.0,2025.0,0,0,2,12.0,,12.0,45.0,0.0,0.0,0.0,0.0,0.0,0.0,0.0,0.0,0.0,0.0,0.0,92.0,2.0,1.0
2023,2,61,JAX,00-0038935,StraBr00,brenton-strange-1,Brenton Strange,False,TE,TE,O,Penn St.,22.0,2025.0,0,0,1,8.0,,8.0,43.0,0.0,0.0,0.0,0.0,0.0,0.0,0.0,0.0,91.0,986.0,6.0,1.0,,
2023,2,62,HOU,00-0038936,ScruJu00,juice-scruggs-1,Juice Scruggs,False,OL,OL,O,Penn St.,23.0,2025.0,0,0,1,7.0,,7.0,37.0,0.0,0.0,0.0,0.0,0.0,0.0,0.0,0.0,0.0,0.0,0.0,,,
2023,2,63,DEN,00-0038976,MimsMa00,marvin-mims-1,Marvin Mims,False,WR,WR,O,Oklahoma,21.0,2025.0,1,2,0,13.0,,13.0,48.0,0.0,0.0,0.0,0.0,0.0,34.0,150.0,1.0,98.0,1202.0,8.0,1.0,,
2023,3,64,CHI,00-0038937,PickZa00,zacch-pickens-1,Zacch Pickens,False,DL,DL,D,South Carolina,23.0,2025.0,0,0,0,3.0,,3.0,29.0,0.0,0.0,0.0,0.0,0.0,0.0,0.0,0.0,0.0,0.0,0.0,20.0,,1.5
2023,3,65,PHI,00-0039001,SteeTy00,tyler-steen-1,Tyler Steen,False,OL,OL,O,Alabama,23.0,2025.0,0,0,0,10.0,,10.0,45.0,0.0,0.0,0.0,0.0,0.0,0.0,0.0,0.0,0.0,0.0,0.0,,,
2023,3,66,PHI,00-0039002,BrowSy00,sydney-brown-1,Sydney Brown,False,DB,DB,D,Illinois,23.0,2025.0,0,0,0,5.0,,5.0,42.0,0.0,0.0,0.0,0.0,0.0,0.0,0.0,0.0,0.0,0.0,0.0,55.0,2.0,
2023,3,67,DEN,00-0039003,SandDr00,drew-sanders-1,Drew Sanders,False,LB,LB,D,Arkansas,22.0,2024.0,0,0,0,2.0,,2.0,21.0,0.0,0.0,0.0,0.0,0.0,0.0,0.0,0.0,0.0,0.0,0.0,17.0,,1.0
2023,3,68,DET,00-0038550,HookHe00,hendon-hooker-1,Hendon Hooker,False,QB,QB,O,Tennessee,25.0,2024.0,0,0,0,0.0,,0.0,3.0,6.0,9.0,62.0,0.0,0.0,5.0,2.0,0.0,0.0,0.0,0.0,,,
2023,3,69,HOU,00-0038977,DellNa00,nathaniel-dell-1,Tank Dell,False,WR,WR,O,Houston,23.0,2024.0,0,0,1,12.0,,12.0,25.0,0.0,0.0,0.0,0.0,0.0,20.0,94.0,0.0,98.0,1376.0,10.0,,,
2023,3,70,LVR,00-0038978,YounBy00,byron-young-1,Byron Young,False,DL,DL,D,Alabama,22.0,2025.0,0,0,0,2.0,,0.0,23.0,0.0,0.0,0.0,0.0,0.0,0.0,0.0,0.0,0.0,0.0,0.0,17.0,,2.5
2023,3,71,NOR,00-0038551,MillKe01,kendre-miller-1,Kendre Miller,False,RB,RB,O,TCU,21.0,2025.0,0,0,0,4.0,,4.0,21.0,0.0,0.0,0.0,0.0,0.0,127.0,497.0,3.0,20.0,180.0,0.0,,,
2023,3,72,ARI,00-0039007,WillGa00,garrett-williams-2,Garrett Williams,False,DB,DB,D,Syracuse,22.0,2025.0,0,0,1,9.0,,9.0,35.0,0.0,0.0,0.0,0.0,0.0,0.0,0.0,0.0,0.0,0.0,0.0,84.0,4.0,
2023,3,73,NYG,00-0038938,HyatJa00,jalin-hyatt-1,Jalin Hyatt,False,WR,WR,O,Tennessee,21.0,2025.0,0,0,0,3.0,,3.0,41.0,0.0,0.0,0.0,0.0,0.0,0.0,0.0,0.0,36.0,470.0,0.0,,,
2023,3,74,CLE,00-0038979,TillCe01,cedric-tillman-1,Cedric Tillman,False,WR,WR,O,Tennessee,23.0,2025.0,0,0,0,6.0,,6.0,38.0,0.0,0.0,0.0,0.0,0.0,2.0,3.0,0.0,71.0,833.0,5.0,,,
2023,3,75,ATL,00-0038980,HarrZa00,zach-harrison-1,Zach Harrison,False,DE,DL,D,Ohio St.,22.0,2025.0,0,0,0,5.0,,5.0,40.0,0.0,0.0,0.0,0.0,0.0,0.0,0.0,0.0,0.0,0.0,0.0,33.0,,8.5
2023,3,76,NWE,00-0039054,MapuMa00,,Marte Mapu,False,DB,DB,D,Sacramento St.,23.0,2025.0,0,0,0,7.0,,7.0,44.0,0.0,0.0,0.0,0.0,0.0,0.0,0.0,0.0,0.0,0.0,0.0,53.0,3.0,0.5
2023,3,77,LAR,00-0039137,YounBy01,byron-young-2,Byron Young,False,LB,LB,D,Tennessee,25.0,2025.0,0,1,2,25.0,,25.0,51.0,0.0,0.0,0.0,0.0,0.0,0.0,0.0,0.0,0.0,0.0,0.0,121.0,,27.5
2023,3,78,GNB,00-0038996,KrafTu00,,Tucker Kraft,False,TE,TE,O,South Dakota St.,22.0,2025.0,0,0,1,15.0,,15.0,42.0,0.0,0.0,0.0,0.0,0.0,4.0,9.0,0.0,113.0,1551.0,15.0,2.0,,
2023,3,79,IND,00-0038997,DownJo00,josh-downs-2,Josh Downs,False,WR,WR,O,North Carolina,22.0,2025.0,0,0,1,19.0,,19.0,47.0,0.0,0.0,0.0,0.0,0.0,3.0,10.0,0.0,198.0,2140.0,11.0,,,
2023,3,80,CAR,00-0038535,JohnDJ00,dj-johnson-9,DJ Johnson,False,OLB,LB,D,Oregon,24.0,2025.0,0,0,0,3.0,,3.0,31.0,0.0,0.0,0.0,0.0,0.0,0.0,0.0,0.0,0.0,0.0,0.0,27.0,,0.5
2023,3,81,TEN,00-0039032,SpeaTy00,tyjae-spears-1,Tyjae Spears,False,RB,RB,O,Tulane,22.0,2025.0,0,0,0,13.0,,13.0,42.0,0.0,0.0,0.0,0.0,0.0,256.0,1048.0,8.0,127.0,873.0,2.0,,,
2023,3,82,TAM,00-0039068,DiabYa00,yaya-diaby-1,YaYa Diaby,False,DL,DL,D,Louisville,24.0,2025.0,0,0,1,19.0,,19.0,51.0,0.0,0.0,0.0,0.0,0.0,0.0,0.0,0.0,0.0,0.0,0.0,93.0,,19.0
2023,3,83,DEN,00-0038552,MossRi00,riley-moss-1,Riley Moss,False,DB,DB,D,Iowa,23.0,2025.0,0,0,1,12.0,,12.0,45.0,0.0,0.0,0.0,0.0,0.0,0.0,0.0,0.0,0.0,0.0,0.0,124.0,2.0,1.0
2023,3,84,MIA,00-0039040,AchaDe00,devon-achane-1,De'Von Achane,False,RB,RB,O,Texas A&M,21.0,2025.0,0,1,1,31.0,,31.0,44.0,0.0,0.0,0.0,0.0,0.0,544.0,3057.0,22.0,172.0,1277.0,13.0,,,
2023,3,85,LAC,00-0038553,HenlDa00,daiyan-henley-1,Daiyan Henley,False,LB,LB,D,Washington St.,23.0,2025.0,0,0,1,18.0,,18.0,48.0,0.0,0.0,0.0,0.0,0.0,0.0,0.0,0.0,0.0,0.0,0.0,147.0,3.0,4.5
2023,3,86,BAL,00-0038504,SimpTr00,trenton-simpson-1,Trenton Simpson,False,LB,LB,D,Clemson,22.0,2025.0,0,0,1,11.0,,11.0,49.0,0.0,0.0,0.0,0.0,0.0,0.0,0.0,0.0,0.0,0.0,0.0,84.0,,5.0
2023,3,87,SFO,00-0038554,BrowJi01,jiayir-brown-1,Ji'Ayir Brown,False,S,DB,D,Penn St.,23.0,2025.0,0,0,1,11.0,,11.0,49.0,0.0,0.0,0.0,0.0,0.0,0.0,0.0,0.0,0.0,0.0,0.0,114.0,5.0,
2023,3,88,JAX,00-0038555,BigsTa00,tank-bigsby-1,Tank Bigsby,False,RB,RB,O,Auburn,22.0,2025.0,0,0,0,8.0,,6.0,50.0,0.0,0.0,0.0,0.0,0.0,281.0,1254.0,11.0,11.0,92.0,0.0,1.0,,
2023,3,89,LAR,00-0039138,TurnKo00,kobie-turner-1,Kobie Turner,False,DT,DL,D,Wake Forest,24.0,2025.0,0,0,1,20.0,,20.0,51.0,0.0,0.0,0.0,0.0,0.0,0.0,0.0,0.0,0.0,0.0,0.0,88.0,1.0,24.0
2023,3,90,DAL,00-0038556,OverDe00,demarvion-overshown-1,DeMarvion Overshown,False,LB,LB,D,Texas,23.0,2025.0,0,0,1,8.0,,8.0,19.0,0.0,0.0,0.0,0.0,0.0,0.0,0.0,0.0,0.0,0.0,0.0,71.0,1.0,5.0
2023,3,91,BUF,00-0038557,WillDo04,dorian-williams-2,Dorian Williams,False,LB,LB,D,Tulane,22.0,2025.0,0,0,1,13.0,,13.0,50.0,0.0,0.0,0.0,0.0,0.0,0.0,0.0,0.0,0.0,0.0,0.0,122.0,,
2023,3,92,KAN,00-0038981,MorrWa01,wanya-morris-1,Wanya Morris,False,OL,OL,O,Oklahoma,22.0,2025.0,0,0,1,8.0,,8.0,43.0,0.0,0.0,0.0,0.0,0.0,0.0,0.0,0.0,1.0,1.0,1.0,,,
2023,3,93,PIT,00-0038558,WashDa03,darnell-washington-1,Darnell Washington,False,TE,TE,O,Georgia,22.0,2025.0,0,0,1,7.0,,7.0,50.0,0.0,0.0,0.0,0.0,0.0,0.0,0.0,0.0,57.0,625.0,2.0,,,
2023,3,94,ARI,00-0038559,WilsMi02,michael-wilson-3,Michael Wilson,False,WR,WR,O,Stanford,23.0,2025.0,0,0,2,18.0,,18.0,46.0,0.0,0.0,0.0,0.0,0.0,1.0,7.0,0.0,163.0,2119.0,14.0,,,
2023,3,95,CIN,00-0038560,BattJo00,jordan-battle-1,Jordan Battle,False,DB,DB,D,Alabama,22.0,2025.0,0,0,0,12.0,,12.0,51.0,0.0,0.0,0.0,0.0,0.0,0.0,0.0,0.0,0.0,0.0,0.0,140.0,6.0,2.0
2023,3,96,DET,00-0038939,MartBr00,brodric-martin-1,Brodric Martin,False,DT,DL,D,Western Kentucky,24.0,2025.0,0,0,0,1.0,,1.0,6.0,0.0,0.0,0.0,0.0,0.0,0.0,0.0,0.0,0.0,0.0,0.0,1.0,,
2023,3,97,WAS,00-0039008,StroRi01,ricky-stromberg-1,Ricky Stromberg,False,OL,OL,O,Arkansas,22.0,2023.0,0,0,0,0.0,,0.0,4.0,0.0,0.0,0.0,0.0,0.0,0.0,0.0,0.0,0.0,0.0,0.0,,,
2023,3,98,CLE,00-0038561,IkaxSi00,siaki-ika-1,Siaki Ika,False,DL,DL,D,Baylor,22.0,2023.0,0,0,0,0.0,,0.0,4.0,0.0,0.0,0.0,0.0,0.0,0.0,0.0,0.0,0.0,0.0,0.0,,,
2023,3,99,SFO,00-0038562,MoodJa00,jake-moody-1,Jake Moody,False,K,K,S,Michigan,23.0,2025.0,0,0,1,5.0,,3.0,40.0,0.0,0.0,0.0,0.0,0.0,0.0,0.0,0.0,0.0,0.0,0.0,,,
2023,3,100,LVR,00-0038563,TuckTr00,tre-tucker-1,Tre Tucker,False,WR,WR,O,Cincinnati,22.0,2025.0,0,0,1,13.0,,13.0,50.0,0.0,0.0,0.0,0.0,0.0,30.0,172.0,1.0,123.0,1566.0,10.0,2.0,,
2023,3,101,SFO,00-0038564,LatuCa01,cameron-latu-1,Cameron Latu,False,TE,TE,O,Alabama,23.0,2025.0,0,0,0,0.0,,,15.0,0.0,0.0,0.0,0.0,0.0,0.0,0.0,0.0,0.0,0.0,0.0,7.0,,
2023,3,102,MIN,00-0038565,BlacMe00,mekhi-blackmon-1,Mekhi Blackmon,False,CB,DB,D,USC,24.0,2025.0,0,0,0,6.0,,2.0,32.0,0.0,0.0,0.0,0.0,0.0,0.0,0.0,0.0,0.0,0.0,0.0,84.0,3.0,1.0
2023,4,103,NOR,00-0038566,SaldNi00,nick-saldiveri-1,Nick Saldiveri,False,OL,OL,O,Old Dominion,23.0,2024.0,0,0,0,3.0,,3.0,15.0,0.0,0.0,0.0,0.0,0.0,0.0,0.0,0.0,0.0,0.0,0.0,,,
2023,4,104,LVR,00-0039072,BennJa00,jakorian-bennett-1,Jakorian Bennett,False,DB,DB,D,Maryland,23.0,2025.0,0,0,1,6.0,,5.0,35.0,0.0,0.0,0.0,0.0,0.0,0.0,0.0,0.0,0.0,0.0,0.0,45.0,,
2023,4,105,PHI,00-0039140,RingKe00,kelee-ringo-1,Kelee Ringo,False,DB,DB,D,Georgia,21.0,2025.0,0,0,0,6.0,,6.0,51.0,0.0,0.0,0.0,0.0,0.0,0.0,0.0,0.0,0.0,0.0,0.0,58.0,1.0,1.0
2023,4,106,IND,00-0039158,FreeBl00,blake-freeland-1,Blake Freeland,False,OL,OL,O,BYU,22.0,2024.0,0,0,1,6.0,,6.0,25.0,0.0,0.0,0.0,0.0,0.0,0.0,0.0,0.0,0.0,0.0,0.0,,,
2023,4,107,NWE,00-0039030,AndrJa00,jake-andrews-1,Jake Andrews,False,OL,OL,O,Troy,23.0,2025.0,0,0,0,7.0,,1.0,32.0,0.0,0.0,0.0,0.0,0.0,0.0,0.0,0.0,0.0,0.0,0.0,,,
2023,4,108,SEA,00-0039020,BradAn00,anthony-bradford-1,Anthony Bradford,False,OL,OL,O,LSU,22.0,2025.0,0,0,2,14.0,,14.0,42.0,0.0,0.0,0.0,0.0,0.0,0.0,0.0,0.0,0.0,0.0,0.0,,,
2023,4,109,HOU,00-0039009,HortDy00,dylan-horton-1,Dylan Horton,False,DL,DL,D,TCU,23.0,2025.0,0,0,0,3.0,,3.0,39.0,0.0,0.0,0.0,0.0,0.0,0.0,0.0,0.0,0.0,0.0,0.0,25.0,,0.5
2023,4,110,IND,00-0039031,AdebAd00,adetomiwa-adebawore-1,Adetomiwa Adebawore,False,DL,DL,D,Northwestern,22.0,2025.0,0,0,0,6.0,,6.0,43.0,0.0,0.0,0.0,0.0,0.0,0.0,0.0,0.0,0.0,0.0,0.0,23.0,,6.5
2023,4,111,CLE,00-0039014,JoneDa07,dawand-jones-1,Dawand Jones,False,OL,OL,O,Ohio St.,22.0,2025.0,0,0,2,7.0,,7.0,24.0,0.0,0.0,0.0,0.0,0.0,0.0,0.0,0.0,0.0,0.0,0.0,,,
2023,4,112,NWE,00-0038567,RylaCh00,chad-ryland-1,Chad Ryland,False,K,K,S,Maryland,23.0,2025.0,0,0,1,5.0,,0.0,47.0,0.0,0.0,0.0,0.0,0.0,0.0,0.0,0.0,0.0,0.0,0.0,,,
2023,4,113,ATL,00-0038568,PhilCl00,clark-phillips-iii-1,Clark Phillips,False,CB,DB,D,Utah,21.0,2025.0,0,0,0,4.0,,4.0,28.0,0.0,0.0,0.0,0.0,0.0,0.0,0.0,0.0,0.0,0.0,0.0,50.0,1.0,
2023,4,114,CAR,00-0038536,ZavaCh00,chandler-zavala-2,Chandler Zavala,False,G,OL,O,North Carolina St.,24.0,2025.0,0,0,0,6.0,,6.0,34.0,0.0,0.0,0.0,0.0,0.0,0.0,0.0,0.0,0.0,0.0,0.0,,,
2023,4,115,CHI,00-0039021,JohnRo07,roschon-johnson-1,Roschon Johnson,False,RB,RB,O,Texas,22.0,2025.0,0,0,0,6.0,,6.0,36.0,0.0,0.0,0.0,0.0,0.0,138.0,519.0,8.0,50.0,313.0,0.0,7.0,,
2023,4,116,GNB,00-0038387,WoodCo01,colby-wooden-1,Colby Wooden,False,DE,DL,D,Auburn,22.0,2025.0,0,0,0,8.0,,8.0,47.0,0.0,0.0,0.0,0.0,0.0,0.0,0.0,0.0,0.0,0.0,0.0,45.0,,0.5
2023,4,117,NWE,00-0038569,SowxSi00,sidy-sow-1,Sidy Sow,False,OL,OL,O,Eastern Michigan,25.0,2025.0,0,0,1,5.0,,5.0,29.0,0.0,0.0,0.0,0.0,0.0,0.0,0.0,0.0,0.0,0.0,0.0,,,
2023,4,118,WAS,00-0039010,DaniBr00,braedon-e-daniels-1,Braeden Daniels,False,OL,OL,O,Utah,23.0,,0,0,0,,,,,,,,,,,,,,,,,,
2023,4,119,KAN,00-0038982,ConnCh01,chamarri-conner-1,Chamarri Conner,False,DB,DB,D,Virginia Tech,23.0,2025.0,0,0,0,14.0,,14.0,49.0,0.0,0.0,0.0,0.0,0.0,0.0,0.0,0.0,0.0,0.0,0.0,164.0,4.0,3.0
2023,4,120,NYJ,00-0039004,WarrCa00,carter-warren-1,Carter Warren,False,OL,OL,O,Pittsburgh,24.0,2024.0,0,0,0,3.0,,3.0,14.0,0.0,0.0,0.0,0.0,0.0,0.0,0.0,0.0,0.0,0.0,0.0,,,
2023,4,121,JAX,00-0038570,MillVe00,ventrell-miller-1,Ventrell Miller,False,LB,LB,D,Florida,24.0,2025.0,0,0,1,6.0,,6.0,32.0,0.0,0.0,0.0,0.0,0.0,0.0,0.0,0.0,0.0,0.0,0.0,70.0,1.0,
2023,4,122,ARI,00-0038571,GainJo00,jon-gaines-1,Jon Gaines,False,OL,OL,O,UCLA,24.0,2025.0,0,0,0,4.0,,4.0,30.0,0.0,0.0,0.0,0.0,0.0,0.0,0.0,0.0,0.0,0.0,0.0,,,
2023,4,123,SEA,00-0038572,YounCa00,cameron-young-2,Cameron Young,False,DT,DL,D,Mississippi St.,23.0,2024.0,0,0,0,1.0,,1.0,17.0,0.0,0.0,0.0,0.0,0.0,0.0,0.0,0.0,0.0,0.0,0.0,10.0,,
2023,4,124,BAL,00-0038505,RobiTa00,tavius-robinson-1,Tavius Robinson,False,DE,DL,D,Mississippi,24.0,2025.0,0,0,0,9.0,,9.0,44.0,0.0,0.0,0.0,0.0,0.0,0.0,0.0,0.0,0.0,0.0,0.0,41.0,,9.0
2023,4,125,LAC,00-0038573,DaviDe02,derius-davis-1,Derius Davis,False,WR,WR,O,TCU,22.0,2025.0,0,0,0,3.0,,3.0,43.0,0.0,0.0,0.0,0.0,0.0,28.0,145.0,0.0,30.0,188.0,2.0,,,
2023,4,126,CLE,00-0038574,McGuIs00,isaiah-mcguire-1,Isaiah McGuire,False,DL,DL,D,Missouri,22.0,2025.0,0,0,0,7.0,,7.0,37.0,0.0,0.0,0.0,0.0,0.0,0.0,0.0,0.0,0.0,0.0,0.0,40.0,,5.5
2023,4,127,NOR,00-0038998,HaenJa00,jake-haener-1,Jake Haener,False,QB,QB,O,Fresno St.,24.0,2024.0,0,0,0,1.0,,1.0,8.0,18.0,39.0,226.0,1.0,1.0,11.0,22.0,0.0,0.0,0.0,0.0,,,
2023,4,128,LAR,00-0039107,BennSt00,stetson-bennett-1,Stetson Bennett,False,QB,QB,O,Georgia,25.0,,0,0,0,,,,,,,,,,,,,,,,,,
2023,4,129,DAL,00-0038575,FehoVi00,junior-fehoko-1,Viliami Fehoko,False,DL,DL,D,San Jose St.,23.0,,0,0,0,,,,,,,,,,,,,,,,,,
2023,4,130,JAX,00-0038940,LacyTy00,tyler-lacy-1,Tyler Lacy,False,DE,DL,D,Oklahoma St.,23.0,2025.0,0,0,1,6.0,,4.0,38.0,0.0,0.0,0.0,0.0,0.0,0.0,0.0,0.0,0.0,0.0,0.0,21.0,,1.0
2023,4,131,CIN,00-0038576,JoneCh11,charlie-jones-7,Charlie Jones,False,WR,WR,O,Purdue,24.0,2025.0,0,0,0,4.0,,4.0,33.0,0.0,0.0,0.0,0.0,0.0,2.0,13.0,0.0,8.0,69.0,0.0,,,
2023,4,132,PIT,00-0038577,HerbNi00,nick-herbig-1,Nick Herbig,False,OLB,LB,D,Wisconsin,21.0,2025.0,0,0,0,10.0,,10.0,45.0,0.0,0.0,0.0,0.0,0.0,0.0,0.0,0.0,0.0,0.0,0.0,53.0,1.0,16.0
2023,4,133,CHI,00-0038941,ScotTy00,tyler-scott-3,Tyler Scott,False,WR,WR,O,Cincinnati,21.0,2024.0,0,0,0,2.0,,2.0,28.0,0.0,0.0,0.0,0.0,0.0,7.0,41.0,0.0,18.0,173.0,0.0,1.0,,
2023,4,134,MIN,00-0038578,WardJa00,jay-ward-2,Jay Ward,False,S,DB,D,LSU,23.0,2025.0,0,0,0,6.0,,6.0,50.0,0.0,0.0,0.0,0.0,0.0,0.0,0.0,0.0,0.0,0.0,0.0,22.0,,
2023,4,135,LVR,00-0038579,OConAi00,aidan-oconnell-1,Aidan O'Connell,False,QB,QB,O,Purdue,25.0,2025.0,0,0,1,10.0,,10.0,21.0,377.0,608.0,3932.0,20.0,11.0,39.0,48.0,2.0,0.0,0.0,0.0,,,
2023,5,136,JAX,00-0038580,AbduYa00,yasir-abdullah-1,Yasir Abdullah,False,LB,LB,D,Louisville,23.0,2025.0,0,0,0,3.0,,3.0,29.0,0.0,0.0,0.0,0.0,0.0,0.0,0.0,0.0,0.0,0.0,0.0,21.0,,
2023,5,137,WAS,00-0038581,HenrKJ00,kj-henry-1,K.J. Henry,False,DE,DL,D,Clemson,24.0,2025.0,0,0,0,2.0,,2.0,15.0,0.0,0.0,0.0,0.0,0.0,0.0,0.0,0.0,0.0,0.0,0.0,15.0,,2.5
2023,5,138,IND,00-0038388,RushDa00,darius-rush-1,Darius Rush,False,DB,DB,D,South Carolina,23.0,2025.0,0,0,0,0.0,,,6.0,0.0,0.0,0.0,0.0,0.0,0.0,0.0,0.0,0.0,0.0,0.0,2.0,,
2023,5,139,ARI,00-0038582,TuneCl00,clayton-tune-1,Clayton Tune,False,QB,QB,O,Houston,24.0,2025.0,0,0,0,0.0,,0.0,15.0,21.0,38.0,112.0,0.0,3.0,20.0,49.0,1.0,0.0,0.0,0.0,,,
2023,5,140,CLE,00-0038583,ThomDo02,dorian-thompson-robinson-1,Dorian Thompson-Robinson,False,QB,QB,O,UCLA,23.0,2024.0,0,0,0,2.0,,2.0,15.0,121.0,230.0,880.0,1.0,10.0,35.0,187.0,0.0,0.0,0.0,0.0,,,
2023,5,141,MIN,00-0038584,RoyxJa00,jaquelin-roy-1,Jaquelin Roy,False,DT,DL,D,LSU,22.0,2024.0,0,0,0,2.0,,1.0,18.0,0.0,0.0,0.0,0.0,0.0,0.0,0.0,0.0,0.0,0.0,0.0,15.0,,2.0
2023,5,142,CLE,00-0038585,MitcCa01,cameron-mitchell-2,Cameron Mitchell,False,DB,DB,D,Northwestern,21.0,2025.0,0,0,0,4.0,,3.0,40.0,0.0,0.0,0.0,0.0,0.0,0.0,0.0,0.0,0.0,0.0,0.0,46.0,,1.0
2023,5,143,NYJ,00-0038389,AbanIs00,israel-abanikanda-1,Israel Abanikanda,False,RB,RB,O,Pittsburgh,20.0,2023.0,0,0,0,1.0,,1.0,6.0,0.0,0.0,0.0,0.0,0.0,22.0,70.0,0.0,7.0,43.0,0.0,,,
2023,5,144,NWE,00-0038586,MafiAt00,atonio-mafi-1,Atonio Mafi,False,OL,OL,O,UCLA,22.0,2025.0,0,0,0,3.0,,2.0,23.0,0.0,0.0,0.0,0.0,0.0,0.0,0.0,0.0,0.0,0.0,0.0,,,
2023,5,145,CAR,00-0038587,RobiJa03,jammie-robinson-1,Jammie Robinson,False,DB,DB,D,Florida St.,22.0,2025.0,0,0,0,1.0,,1.0,27.0,0.0,0.0,0.0,0.0,0.0,0.0,0.0,0.0,0.0,0.0,0.0,14.0,,
2023,5,146,NOR,00-0038588,HowdJo00,jordan-howden-1,Jordan Howden,False,DB,DB,D,Minnesota,23.0,2025.0,0,0,0,7.0,,7.0,49.0,0.0,0.0,0.0,0.0,0.0,0.0,0.0,0.0,0.0,0.0,0.0,68.0,2.0,1.0
2023,5,147,TEN,00-0038589,WhylJo01,josh-whyle-1,Josh Whyle,False,TE,TE,O,Cincinnati,23.0,2025.0,0,0,0,3.0,,3.0,36.0,0.0,0.0,0.0,0.0,0.0,0.0,0.0,0.0,42.0,378.0,3.0,3.0,,
2023,5,148,CHI,00-0038390,SeweNo00,noah-sewell-1,Noah Sewell,False,LB,LB,D,Oregon,21.0,2025.0,0,0,0,6.0,,6.0,35.0,0.0,0.0,0.0,0.0,0.0,0.0,0.0,0.0,0.0,0.0,0.0,40.0,,
2023,5,149,GNB,00-0038391,ClifSe00,sean-clifford-1,Sean Clifford,False,QB,QB,O,Penn St.,25.0,2023.0,0,0,0,0.0,,0.0,2.0,1.0,1.0,37.0,0.0,0.0,3.0,-2.0,0.0,0.0,0.0,0.0,,,
2023,5,150,BUF,00-0038590,ShorJu00,justin-shorter-1,Justin Shorter,False,WR,WR,O,Florida,23.0,2025.0,0,0,0,0.0,,,17.0,0.0,0.0,0.0,0.0,0.0,0.0,0.0,0.0,0.0,0.0,0.0,,,
2023,5,151,SEA,00-0038591,MorrMi00,mike-morris-5,Mike Morris,False,DE,DL,D,Michigan,22.0,2025.0,0,0,0,2.0,,2.0,33.0,0.0,0.0,0.0,0.0,0.0,0.0,0.0,0.0,0.0,0.0,0.0,16.0,,
2023,5,152,DET,00-0038592,SorsCo00,,Colby Sorsdal,False,OL,OL,O,William & Mary,23.0,2024.0,0,0,0,2.0,,2.0,17.0,0.0,0.0,0.0,0.0,0.0,0.0,0.0,0.0,0.0,0.0,0.0,,,
2023,5,153,TAM,00-0039049,DennSi00,sirvocea-dennis-1,SirVocea Dennis,False,LB,LB,D,Pittsburgh,23.0,2025.0,0,0,0,8.0,,8.0,33.0,0.0,0.0,0.0,0.0,0.0,0.0,0.0,0.0,0.0,0.0,0.0,91.0,1.0,4.0
2023,5,154,SEA,00-0038593,OluwOl00,victor-oluwatimi-1,Olusegun Oluwatimi,False,C,OL,O,Michigan,24.0,2025.0,0,0,0,6.0,,6.0,36.0,0.0,0.0,0.0,0.0,0.0,0.0,0.0,0.0,0.0,0.0,0.0,,,
2023,5,155,SFO,00-0038594,LuteDa00,darrell-luter-jr-1,Darrell Luter,False,CB,DB,D,South Alabama,23.0,2025.0,0,0,0,2.0,,2.0,27.0,0.0,0.0,0.0,0.0,0.0,0.0,0.0,0.0,0.0,0.0,0.0,22.0,,
2023,5,156,LAC,00-0038595,McFaJo00,jordan-mcfadden-1,Jordan McFadden,False,OL,OL,O,Clemson,23.0,2025.0,0,0,0,2.0,,1.0,20.0,0.0,0.0,0.0,0.0,0.0,0.0,0.0,0.0,0.0,0.0,0.0,,,
2023,5,157,BAL,00-0038381,BluxKy00,kyu-blu-kelly-1,Kyu Blu Kelly,False,CB,DB,D,Stanford,22.0,2025.0,0,0,0,4.0,,,25.0,0.0,0.0,0.0,0.0,0.0,0.0,0.0,0.0,0.0,0.0,0.0,37.0,3.0,
2023,5,158,IND,00-0038392,ScotDa03,daniel-scott-1,Daniel Scott,False,S,DB,D,California,24.0,2025.0,0,0,0,0.0,,0.0,4.0,0.0,0.0,0.0,0.0,0.0,0.0,0.0,0.0,0.0,0.0,0.0,2.0,,
2023,5,159,GNB,00-0038393,WickDo00,dontayvion-wicks-1,Dontayvion Wicks,False,WR,WR,O,Virginia,22.0,2025.0,0,0,0,13.0,,13.0,46.0,1.0,1.0,14.0,0.0,0.0,2.0,7.0,0.0,108.0,1328.0,11.0,,,
2023,5,160,JAX,00-0038596,JohnAn07,antonio-johnson-6,Antonio Johnson,False,DB,DB,D,Texas A&M,21.0,2025.0,0,0,1,10.0,,10.0,47.0,0.0,0.0,0.0,0.0,0.0,0.0,0.0,0.0,0.0,0.0,0.0,105.0,7.0,3.0
2023,5,161,LAR,00-0039076,HampNi00,nick-hampton-1,Nick Hampton,False,OLB,LB,D,Appalachian St.,23.0,2025.0,0,0,0,3.0,,3.0,36.0,0.0,0.0,0.0,0.0,0.0,0.0,0.0,0.0,0.0,0.0,0.0,8.0,,
2023,5,162,IND,00-0038394,MallWi00,will-mallory-1,Will Mallory,False,TE,TE,O,Miami (FL),24.0,2025.0,0,0,0,2.0,,2.0,24.0,0.0,0.0,0.0,0.0,0.0,0.0,0.0,0.0,23.0,252.0,0.0,,,
2023,5,163,CIN,00-0038597,BrowCh10,chase-brown-3,Chase Brown,False,RB,RB,O,Illinois,23.0,2025.0,0,0,0,22.0,,22.0,45.0,0.0,0.0,0.0,0.0,0.0,505.0,2188.0,13.0,137.0,953.0,10.0,2.0,,
2023,5,164,MIN,00-0038598,HallJa00,jaren-hall-1,Jaren Hall,False,QB,QB,O,BYU,25.0,2023.0,0,0,0,1.0,,1.0,3.0,13.0,20.0,168.0,0.0,1.0,6.0,14.0,0.0,0.0,0.0,0.0,,,
2023,5,165,CHI,00-0038395,SmitTe05,terell-smith-1,Terell Smith,False,DB,DB,D,Minnesota,24.0,2024.0,0,0,0,4.0,,4.0,26.0,0.0,0.0,0.0,0.0,0.0,0.0,0.0,0.0,0.0,0.0,0.0,51.0,1.0,
2023,5,166,KAN,00-0038983,ThomBJ00,bj-thompson-1,BJ Thompson,False,DE,DL,D,S.F. Austin,24.0,2023.0,0,0,0,0.0,,0.0,1.0,0.0,0.0,0.0,0.0,0.0,0.0,0.0,0.0,0.0,0.0,0.0,2.0,,
2023,5,167,HOU,00-0038599,TooTHe00,henry-tootoo-1,Henry To'oTo'o,False,LB,LB,D,Alabama,22.0,2025.0,0,0,1,17.0,,17.0,46.0,0.0,0.0,0.0,0.0,0.0,0.0,0.0,0.0,0.0,0.0,0.0,131.0,1.0,4.0
2023,5,168,ARI,00-0038600,PappOw00,owen-pappoe-1,Owen Pappoe,False,LB,LB,D,Auburn,22.0,2025.0,0,0,0,3.0,,3.0,49.0,0.0,0.0,0.0,0.0,0.0,0.0,0.0,0.0,0.0,0.0,0.0,35.0,,
2023,5,169,DAL,00-0038601,RichAs00,asim-richards-1,Asim Richards,False,OL,OL,O,North Carolina,22.0,2025.0,0,0,0,4.0,,2.0,36.0,0.0,0.0,0.0,0.0,0.0,0.0,0.0,0.0,0.0,0.0,0.0,1.0,,
2023,5,170,LVR,00-0038602,SmitCh04,christopher-smith-1,Christopher Smith,False,DB,DB,D,Georgia,23.0,2025.0,0,0,0,3.0,,3.0,41.0,0.0,0.0,0.0,0.0,0.0,0.0,0.0,0.0,0.0,0.0,0.0,4.0,,
2023,5,171,TAM,00-0039050,DurhPa00,payne-durham-1,Payne Durham,False,TE,TE,O,Purdue,23.0,2025.0,0,0,0,2.0,,2.0,46.0,0.0,0.0,0.0,0.0,0.0,0.0,0.0,0.0,17.0,184.0,2.0,1.0,,
2023,5,172,NYG,00-0038396,GrayEr01,eric-gray-2,Eric Gray,False,RB,RB,O,Oklahoma,23.0,2025.0,0,0,0,1.0,,1.0,34.0,0.0,0.0,0.0,0.0,0.0,31.0,79.0,0.0,16.0,104.0,0.0,,,
2023,5,173,SFO,00-0038603,BealRo00,robert-beal-1,Robert Beal,False,OLB,LB,D,Georgia,24.0,2025.0,0,0,0,2.0,,2.0,25.0,0.0,0.0,0.0,0.0,0.0,0.0,0.0,0.0,0.0,0.0,0.0,16.0,,1.0
2023,5,174,LAR,00-0039077,McClWa00,warren-mcclendon-1,Warren McClendon,False,OL,OL,O,Georgia,22.0,2025.0,0,0,0,9.0,,9.0,36.0,0.0,0.0,0.0,0.0,0.0,0.0,0.0,0.0,0.0,0.0,0.0,,,
2023,5,175,LAR,00-0039074,AlleDa02,davis-allen-1,Davis Allen,False,TE,TE,O,Clemson,22.0,2025.0,0,0,0,3.0,,3.0,47.0,0.0,0.0,0.0,0.0,0.0,0.0,0.0,0.0,40.0,342.0,4.0,1.0,,
2023,5,176,IND,00-0038397,HullEv00,evan-hull-2,Evan Hull,False,RB,RB,O,Northwestern,22.0,2025.0,0,0,0,0.0,,0.0,8.0,0.0,0.0,0.0,0.0,0.0,20.0,49.0,0.0,2.0,12.0,0.0,,,
2023,5,177,LAR,00-0039075,NacuPu00,puka-nacua-1,Puka Nacua,False,WR,WR,O,BYU,22.0,2025.0,1,2,1,39.0,,39.0,44.0,0.0,0.0,0.0,0.0,0.0,33.0,240.0,2.0,313.0,4191.0,19.0,,,
2023,6,178,DAL,00-0038604,ScotEr00,eric-scott-jr-1,Eric Scott,False,DB,DB,D,Southern Miss,25.0,,0,0,0,,,,,,,,,,,,,,,,,,
2023,6,179,GNB,00-0038398,BrooKa00,karl-brooks-1,Karl Brooks,False,DT,DL,D,Bowling Green,23.0,2025.0,0,0,0,8.0,,8.0,50.0,0.0,0.0,0.0,0.0,0.0,0.0,0.0,0.0,0.0,0.0,0.0,34.0,,8.0
2023,6,180,ARI,00-0038984,ClarKe02,keitrel-clark-1,Kei'Trel Clark,False,DB,DB,D,Louisville,22.0,2025.0,0,0,0,4.0,,4.0,43.0,0.0,0.0,0.0,0.0,0.0,0.0,0.0,0.0,0.0,0.0,0.0,60.0,1.0,1.0
2023,6,181,TAM,00-0039051,HayeJo01,josh-hayes-2,Josh Hayes,False,CB,DB,D,Kansas St.,24.0,2025.0,0,0,0,4.0,,4.0,47.0,0.0,0.0,0.0,0.0,0.0,0.0,0.0,0.0,0.0,0.0,0.0,38.0,,
2023,6,182,LAR,00-0039134,HodgTr00,trevius-hodges-tomlinson-1,Tre'Vius Tomlinson,False,CB,DB,D,TCU,23.0,2023.0,0,0,0,1.0,,1.0,15.0,0.0,0.0,0.0,0.0,0.0,0.0,0.0,0.0,0.0,0.0,0.0,11.0,,
2023,6,183,DEN,00-0038605,SkinJL00,jl-skinner-1,JL Skinner,False,S,DB,D,Boise St.,22.0,2025.0,0,0,0,2.0,,2.0,33.0,0.0,0.0,0.0,0.0,0.0,0.0,0.0,0.0,0.0,0.0,0.0,12.0,,
2023,6,184,NYJ,00-0038399,BarnZa00,zaire-barnes-1,Zaire Barnes,False,LB,LB,D,Western Michigan,24.0,2025.0,0,0,0,1.0,,0.0,15.0,0.0,0.0,0.0,0.0,0.0,0.0,0.0,0.0,0.0,0.0,0.0,17.0,,1.0
2023,6,185,JAX,00-0038606,WashPa01,parker-washington-1,Parker Washington,False,WR,WR,O,Penn St.,21.0,2025.0,0,0,0,15.0,,15.0,42.0,0.0,0.0,0.0,0.0,0.0,7.0,0.0,0.0,106.0,1369.0,10.0,,,
2023,6,186,TEN,00-0038607,DuncJa00,jalen-duncan-1,Jaelyn Duncan,False,OL,OL,O,Maryland,23.0,2024.0,0,0,0,3.0,,3.0,15.0,0.0,0.0,0.0,0.0,0.0,0.0,0.0,0.0,0.0,0.0,0.0,,,
2023,6,187,NWE,00-0038608,BoutKa00,kayshon-boutte-1,Kayshon Boutte,False,WR,WR,O,LSU,21.0,2025.0,0,0,1,10.0,,10.0,34.0,0.0,0.0,0.0,0.0,0.0,0.0,0.0,0.0,78.0,1159.0,9.0,,,
2023,6,188,PHI,00-0038400,McKeTa01,tanner-mckee-1,Tanner McKee,False,QB,QB,O,Stanford,23.0,2025.0,0,0,0,2.0,,2.0,6.0,54.0,88.0,597.0,5.0,1.0,13.0,7.0,0.0,0.0,0.0,0.0,,,
2023,6,189,LAR,00-0039135,MathOc00,ochaun-mathis-1,Ochaun Mathis,False,DE,DL,D,Nebraska,24.0,2024.0,0,0,0,1.0,,1.0,14.0,0.0,0.0,0.0,0.0,0.0,0.0,0.0,0.0,0.0,0.0,0.0,3.0,,
2023,6,190,CLE,00-0038609,WyplLu00,luke-wypler-1,Luke Wypler,False,OL,OL,O,Ohio St.,22.0,2025.0,0,0,0,3.0,,3.0,22.0,0.0,0.0,0.0,0.0,0.0,0.0,0.0,0.0,0.0,0.0,0.0,,,
2023,6,191,TAM,00-0039052,PalmTr00,trey-palmer-1,Trey Palmer,False,WR,WR,O,Nebraska,22.0,2024.0,0,0,0,6.0,,6.0,32.0,0.0,0.0,0.0,0.0,0.0,3.0,22.0,0.0,51.0,557.0,4.0,,,
2023,6,192,NWE,00-0038610,BariBr00,bryce-baringer-1,Bryce Baringer,False,P,P,S,Michigan St.,24.0,2025.0,0,0,1,9.0,,9.0,51.0,0.0,0.0,0.0,0.0,0.0,0.0,0.0,0.0,0.0,0.0,0.0,1.0,,
2023,6,193,WAS,00-0038611,RodrCh00,christopher-rodriguez-jr-1,Chris Rodriguez,False,RB,RB,O,Kentucky,22.0,2025.0,0,0,0,6.0,,6.0,35.0,0.0,0.0,0.0,0.0,0.0,198.0,920.0,10.0,6.0,54.0,0.0,4.0,,
2023,6,194,KAN,00-0038985,CobuKe00,keondre-coburn-1,Keondre Coburn,False,DT,DL,D,Texas,23.0,2024.0,0,0,0,1.0,,0.0,20.0,0.0,0.0,0.0,0.0,0.0,0.0,0.0,0.0,0.0,0.0,0.0,10.0,,
2023,6,195,NOR,00-0038612,PerrAT00,at-perry-1,A.T. Perry,False,WR,WR,O,Wake Forest,23.0,2023.0,0,0,0,2.0,,2.0,10.0,0.0,0.0,0.0,0.0,0.0,0.0,0.0,0.0,12.0,246.0,4.0,,,
2023,6,196,TAM,00-0039053,RamiJo00,jose-ramirez-2,Jose Ramirez,False,DL,DL,D,Eastern Michigan,24.0,2024.0,0,0,0,0.0,,0.0,4.0,0.0,0.0,0.0,0.0,0.0,0.0,0.0,0.0,0.0,0.0,0.0,,,
2023,6,197,MIA,00-0039041,HiggEl00,elijah-higgins-1,Elijah Higgins,False,WR,WR,O,Stanford,22.0,2025.0,0,0,0,6.0,,,45.0,0.0,0.0,0.0,0.0,0.0,0.0,0.0,0.0,64.0,636.0,3.0,6.0,,
2023,6,198,SEA,00-0038613,ReedJe00,jerrick-reed-ii-1,Jerrick Reed,False,S,DB,D,New Mexico,23.0,2025.0,0,0,0,0.0,,0.0,23.0,0.0,0.0,0.0,0.0,0.0,0.0,0.0,0.0,0.0,0.0,0.0,17.0,,
2023,6,199,BAL,00-0038382,AumaMa00,malaesala-aumavae-laulu-1,Malaesala Aumavae-Laulu,False,OL,OL,O,Oregon,24.0,2024.0,0,0,0,0.0,,0.0,2.0,0.0,0.0,0.0,0.0,0.0,0.0,0.0,0.0,0.0,0.0,0.0,,,
2023,6,200,LAC,00-0038614,MatlSc00,scott-matlock-1,Scott Matlock,False,DT,DL,D,Boise St.,23.0,2025.0,0,0,0,12.0,,12.0,45.0,0.0,0.0,0.0,0.0,0.0,0.0,0.0,0.0,8.0,40.0,1.0,8.0,,1.0
2023,6,201,HOU,00-0038615,PattJa03,jarrett-patterson-1,Jarrett Patterson,False,OL,OL,O,Notre Dame,24.0,2025.0,0,0,0,8.0,,8.0,39.0,0.0,0.0,0.0,0.0,0.0,0.0,0.0,0.0,0.0,0.0,0.0,,,
2023,6,202,JAX,00-0038616,BrasCh00,christian-braswell-1,Christian Braswell,False,DB,DB,D,Rutgers,23.0,2025.0,0,0,0,1.0,,1.0,23.0,0.0,0.0,0.0,0.0,0.0,0.0,0.0,0.0,0.0,0.0,0.0,12.0,,
2023,6,203,LVR,00-0038617,BurnAm00,amari-burney-1,Amari Burney,False,LB,LB,D,Florida,23.0,2024.0,0,0,0,2.0,,2.0,24.0,0.0,0.0,0.0,0.0,0.0,0.0,0.0,0.0,0.0,0.0,0.0,20.0,,1.0
2023,6,204,NYJ,00-0038401,BernJa01,jarrick-bernard-converse-1,Jarrick Bernard-Converse,False,CB,DB,D,LSU,23.0,2025.0,0,0,0,0.0,,0.0,25.0,0.0,0.0,0.0,0.0,0.0,0.0,0.0,0.0,0.0,0.0,0.0,3.0,,
2023,6,205,HOU,00-0038618,HutcXa00,xavier-hutchinson-1,Xavier Hutchinson,False,WR,WR,O,Iowa St.,23.0,2025.0,0,0,0,6.0,,6.0,49.0,0.0,0.0,0.0,0.0,0.0,8.0,71.0,0.0,55.0,635.0,3.0,3.0,,
2023,6,206,CIN,00-0038619,IosiAn00,,Andrei Iosivas,False,WR,WR,O,Princeton,23.0,2025.0,0,0,1,9.0,,9.0,50.0,0.0,0.0,0.0,0.0,0.0,3.0,14.0,0.0,84.0,1030.0,12.0,3.0,,
2023,6,207,GNB,00-0038402,CarlAn00,anders-carlson-1,Anders Carlson,False,K,K,S,Auburn,25.0,2024.0,0,0,1,3.0,,1.0,24.0,0.0,0.0,0.0,0.0,0.0,0.0,0.0,0.0,0.0,0.0,0.0,1.0,,
2023,6,208,JAX,00-0038620,HallEr00,erick-hallett-1,Erick Hallett,False,DB,DB,D,Pittsburgh,23.0,2025.0,0,0,0,1.0,,,4.0,0.0,0.0,0.0,0.0,0.0,0.0,0.0,0.0,0.0,0.0,0.0,12.0,,
2023,6,209,NYG,00-0038403,HawkTr00,tre-hawkins-1,Tre Hawkins,False,CB,DB,D,Old Dominion,23.0,2025.0,0,0,0,3.0,,3.0,21.0,0.0,0.0,0.0,0.0,0.0,0.0,0.0,0.0,0.0,0.0,0.0,32.0,1.0,
2023,6,210,NWE,00-0038621,DougDe00,demario-douglas-1,DeMario Douglas,False,WR,WR,O,Liberty,22.0,2025.0,0,0,0,12.0,,12.0,48.0,0.0,0.0,0.0,0.0,0.0,18.0,78.0,0.0,146.0,1629.0,6.0,,,
2023,6,211,IND,00-0038404,LeoxTi00,,Titus Leo,False,LB,LB,D,Wagner,24.0,2024.0,0,0,0,0.0,,,4.0,0.0,0.0,0.0,0.0,0.0,0.0,0.0,0.0,0.0,0.0,0.0,4.0,,
2023,6,212,DAL,00-0038622,VaugDe00,deuce-vaughn-1,Deuce Vaughn,False,RB,RB,O,Kansas St.,21.0,2024.0,0,0,0,1.0,,1.0,14.0,0.0,0.0,0.0,0.0,0.0,40.0,110.0,0.0,10.0,58.0,0.0,,,
2023,6,213,ARI,00-0038623,StilDa01,dante-stills-1,Dante Stills,False,DT,DL,D,West Virginia,23.0,2025.0,0,0,0,10.0,,10.0,48.0,0.0,0.0,0.0,0.0,0.0,0.0,0.0,0.0,0.0,0.0,0.0,55.0,,8.0
2023,6,214,NWE,00-0038624,SpeeAm00,ameer-speed-1,Ameer Speed,False,CB,DB,D,Michigan St.,23.0,2025.0,0,0,0,0.0,,0.0,17.0,0.0,0.0,0.0,0.0,0.0,0.0,0.0,0.0,0.0,0.0,0.0,9.0,,
2023,6,215,LAR,00-0039136,EvanZa00,zach-evans-1,Zach Evans,False,RB,RB,O,Mississippi,22.0,2023.0,0,0,0,0.0,,0.0,10.0,0.0,0.0,0.0,0.0,0.0,9.0,19.0,0.0,0.0,0.0,0.0,,,
2023,6,216,SFO,00-0038625,WintDe00,dee-winters-1,Dee Winters,False,LB,LB,D,TCU,22.0,2025.0,0,0,0,13.0,,13.0,47.0,0.0,0.0,0.0,0.0,0.0,0.0,0.0,0.0,0.0,0.0,0.0,99.0,1.0,
2023,6,217,CIN,00-0038626,RobbBr00,brad-robbins-1,Brad Robbins,False,P,P,S,Michigan,24.0,2025.0,0,0,1,1.0,,1.0,18.0,0.0,0.0,0.0,0.0,0.0,0.0,0.0,0.0,0.0,0.0,0.0,1.0,,
2023,7,218,CHI,00-0038405,BellTr01,,Travis Bell,False,DL,DL,D,Kennesaw St.,24.0,2023.0,0,0,0,0.0,,,2.0,0.0,0.0,0.0,0.0,0.0,0.0,0.0,0.0,0.0,0.0,0.0,2.0,,
2023,7,219,DET,00-0038627,GreeAn00,antoine-green-1,Antoine Green,False,WR,WR,O,North Carolina,23.0,2023.0,0,0,0,0.0,,0.0,9.0,0.0,0.0,0.0,0.0,0.0,0.0,0.0,0.0,1.0,2.0,0.0,,,
2023,7,220,NYJ,00-0038406,KuntZa00,zack-kuntz-1,Zack Kuntz,False,TE,TE,O,Old Dominion,24.0,2024.0,0,0,0,0.0,,0.0,2.0,0.0,0.0,0.0,0.0,0.0,0.0,0.0,0.0,0.0,0.0,0.0,,,
2023,7,221,IND,00-0038407,JoneJa13,jaylon-jones-3,Jaylon Jones,False,DB,DB,D,Texas A&M,21.0,2025.0,0,0,2,11.0,,11.0,44.0,0.0,0.0,0.0,0.0,0.0,0.0,0.0,0.0,0.0,0.0,0.0,112.0,2.0,
2023,7,222,MIN,00-0039046,McBrDe00,dewayne-mcbride-1,DeWayne McBride,False,RB,RB,O,Ala-Birmingham,22.0,,0,0,0,,,,,,,,,,,,,,,,,,
2023,7,223,LAR,00-0039059,EvanEt00,,Ethan Evans,False,P,P,S,Wingate,22.0,2025.0,0,0,1,6.0,,6.0,50.0,0.0,0.0,0.0,0.0,0.0,0.0,0.0,0.0,0.0,0.0,0.0,1.0,,
2023,7,224,ATL,00-0038628,HellDe00,demarcco-hellams-1,DeMarcco Hellams,False,DB,DB,D,Alabama,23.0,2025.0,0,0,0,3.0,,3.0,26.0,0.0,0.0,0.0,0.0,0.0,0.0,0.0,0.0,0.0,0.0,0.0,29.0,,
2023,7,225,ATL,00-0038629,GwynJo00,jovaughn-gwyn-1,Jovaughn Gwyn,False,OL,OL,O,South Carolina,24.0,2025.0,0,0,0,1.0,,1.0,19.0,0.0,0.0,0.0,0.0,0.0,0.0,0.0,0.0,0.0,0.0,0.0,,,
2023,7,226,JAX,00-0038630,HodgCo00,cooper-hodges-1,Cooper Hodges,False,OL,OL,O,Appalachian St.,23.0,2024.0,0,0,0,1.0,,1.0,9.0,0.0,0.0,0.0,0.0,0.0,0.0,0.0,0.0,0.0,0.0,0.0,,,
2023,7,227,JAX,,VohaRa00,raymond-vohasek-1,Raymond Vohasek,False,DT,DL,D,North Carolina,,,0,0,0,,,,,,,,,,,,,,,,,,
2023,7,228,TEN,00-0038632,DoweCo00,,Colton Dowell,False,WR,WR,O,UT Martin,24.0,2023.0,0,0,0,0.0,,0.0,10.0,0.0,0.0,0.0,0.0,0.0,0.0,0.0,0.0,1.0,3.0,0.0,2.0,,
2023,7,229,BAL,00-0038383,VorhAn00,andrew-vorhees-1,Andrew Vorhees,False,OL,OL,O,USC,24.0,2025.0,0,0,0,9.0,,9.0,32.0,0.0,0.0,0.0,0.0,0.0,0.0,0.0,0.0,0.0,0.0,0.0,,,
2023,7,230,BUF,00-0038633,BroeNi00,nick-broeker-1,Nick Broeker,False,OL,OL,O,Mississippi,22.0,2024.0,0,0,0,1.0,,,12.0,0.0,0.0,0.0,0.0,0.0,0.0,0.0,0.0,0.0,0.0,0.0,,,
2023,7,231,LVR,00-0038634,JadeNe00,nesta-jade-silvera-1,Nesta Jade Silvera,False,DT,DL,D,Arizona St.,23.0,2024.0,0,0,0,1.0,,1.0,9.0,0.0,0.0,0.0,0.0,0.0,0.0,0.0,0.0,0.0,0.0,0.0,3.0,,
2023,7,232,GNB,00-0038408,ValeCa00,carrington-valentine-1,Carrington Valentine,False,DB,DB,D,Kentucky,21.0,2025.0,0,0,1,10.0,,10.0,49.0,0.0,0.0,0.0,0.0,0.0,0.0,0.0,0.0,0.0,0.0,0.0,76.0,2.0,
2023,7,233,WAS,00-0038635,JoneAn02,andre-jones-4,Andre Jones,False,DE,DL,D,Louisiana,24.0,2025.0,0,0,0,1.0,,1.0,19.0,0.0,0.0,0.0,0.0,0.0,0.0,0.0,0.0,0.0,0.0,0.0,3.0,,
2023,7,234,LAR,00-0039060,TaylJa05,jason-taylor-ii-1,Jason Taylor,False,S,DB,D,Oklahoma St.,23.0,2023.0,0,0,0,0.0,,0.0,8.0,0.0,0.0,0.0,0.0,0.0,0.0,0.0,0.0,0.0,0.0,0.0,5.0,,
2023,7,235,GNB,00-0038409,NichLe00,lew-nichols-1,Lew Nichols,False,RB,RB,O,Central Michigan,22.0,2025.0,0,0,0,0.0,,,1.0,0.0,0.0,0.0,0.0,0.0,0.0,0.0,0.0,0.0,0.0,0.0,,,
2023,7,236,IND,00-0038410,WittJa01,,Jake Witt,False,OL,OL,O,Northern Michigan,23.0,,0,0,0,,,,,,,,,,,,,,,,,,
2023,7,237,SEA,00-0038636,McInKe00,kenny-mcintosh-1,Kenny McIntosh,False,RB,RB,O,Georgia,23.0,2024.0,0,0,0,1.0,,1.0,20.0,0.0,0.0,0.0,0.0,0.0,31.0,172.0,0.0,3.0,22.0,0.0,2.0,,
2023,7,238,MIA,00-0039042,HayeRy00,ryan-hayes-1,Ryan Hayes,False,OL,OL,O,Michigan,23.0,2024.0,0,0,0,0.0,,0.0,1.0,0.0,0.0,0.0,0.0,0.0,0.0,0.0,0.0,0.0,0.0,0.0,,,
2023,7,239,LAC,00-0038637,DuggMa00,max-duggan-1,Max Duggan,False,QB,QB,O,TCU,22.0,,0,0,0,,,,,,,,,,,,,,,,,,
2023,7,240,JAX,00-0038638,PariDe00,derek-parish-1,Derek Parish,False,DL,DL,D,Houston,24.0,,0,0,0,,,,,,,,,,,,,,,,,,
2023,7,241,PIT,00-0038639,TricCo00,cory-trice-1,Cory Trice,False,CB,DB,D,Purdue,23.0,2024.0,0,0,0,1.0,,1.0,6.0,0.0,0.0,0.0,0.0,0.0,0.0,0.0,0.0,0.0,0.0,0.0,15.0,1.0,
2023,7,242,GNB,00-0038411,JohnAn08,anthony-johnson-15,Anthony Johnson,False,DB,DB,D,Iowa St.,23.0,2024.0,0,0,0,3.0,,2.0,21.0,0.0,0.0,0.0,0.0,0.0,0.0,0.0,0.0,0.0,0.0,0.0,20.0,1.0,
2023,7,243,NYG,00-0038506,RileJo00,jordon-riley-1,Jordon Riley,False,DL,DL,D,Oregon,25.0,2025.0,0,0,0,4.0,,4.0,25.0,0.0,0.0,0.0,0.0,0.0,0.0,0.0,0.0,0.0,0.0,0.0,13.0,,
2023,7,244,DAL,00-0038640,BrooJa03,jalen-brooks-2,Jalen Brooks,False,WR,WR,O,South Carolina,23.0,2025.0,0,0,0,2.0,,2.0,27.0,0.0,0.0,0.0,0.0,0.0,0.0,0.0,0.0,21.0,292.0,1.0,5.0,,
2023,7,245,NWE,00-0038641,BoldIs00,isaiah-bolden-1,Isaiah Bolden,False,CB,DB,D,Jackson St.,23.0,2024.0,0,0,0,1.0,,1.0,14.0,0.0,0.0,0.0,0.0,0.0,0.0,0.0,0.0,0.0,0.0,0.0,7.0,,
2023,7,246,CIN,00-0038642,IveyDJ00,dj-ivey-1,DJ Ivey,False,CB,DB,D,Miami (FL),23.0,2025.0,0,0,0,3.0,,3.0,36.0,0.0,0.0,0.0,0.0,0.0,0.0,0.0,0.0,0.0,0.0,0.0,17.0,,
2023,7,247,SFO,00-0038643,WillBr06,brayden-willis-1,Brayden Willis,False,TE,TE,O,Oklahoma,23.0,2025.0,0,0,0,0.0,,0.0,23.0,0.0,0.0,0.0,0.0,0.0,0.0,0.0,0.0,0.0,0.0,0.0,5.0,,
2023,7,248,HOU,00-0038644,HillBr03,brandon-hill-4,Brandon Hill,False,DB,DB,D,Pittsburgh,23.0,2023.0,0,0,0,0.0,,0.0,2.0,0.0,0.0,0.0,0.0,0.0,0.0,0.0,0.0,0.0,0.0,0.0,,,
2023,7,249,PHI,00-0038412,OjomMo00,moro-ojomo-1,Moro Ojomo,False,DE,DL,D,Texas,22.0,2025.0,0,0,0,7.0,,7.0,42.0,0.0,0.0,0.0,0.0,0.0,0.0,0.0,0.0,0.0,0.0,0.0,25.0,,6.0
2023,7,250,KAN,00-0038986,JoneNi00,nic-jones-1,Nic Jones,False,CB,DB,D,Ball St.,21.0,2025.0,0,0,0,2.0,,1.0,23.0,0.0,0.0,0.0,0.0,0.0,0.0,0.0,0.0,0.0,0.0,0.0,7.0,,
2023,7,251,PIT,00-0038645,AndeSp00,spencer-anderson-1,Spencer Anderson,False,OL,OL,O,Maryland,23.0,2025.0,0,0,0,6.0,,6.0,42.0,0.0,0.0,0.0,0.0,0.0,0.0,0.0,0.0,1.0,4.0,0.0,,,
2023,7,252,BUF,00-0038646,AustAl00,alex-austin-1,Alex Austin,False,DB,DB,D,Oregon St.,22.0,2025.0,0,0,0,3.0,,,29.0,0.0,0.0,0.0,0.0,0.0,0.0,0.0,0.0,0.0,0.0,0.0,25.0,1.0,
2023,7,253,SFO,00-0038647,BellRo01,ronnie-bell-3,Ronnie Bell,False,WR,WR,O,Michigan,23.0,2025.0,0,0,0,1.0,,1.0,28.0,0.0,0.0,0.0,0.0,0.0,0.0,0.0,0.0,10.0,113.0,4.0,2.0,,
2023,7,254,NYG,00-0038413,OwenGe00,gervarrius-owens-1,Gervarrius Owens,False,DB,DB,D,Houston,23.0,2024.0,0,0,0,0.0,,0.0,5.0,0.0,0.0,0.0,0.0,0.0,0.0,0.0,0.0,0.0,0.0,0.0,,,
2023,7,255,SFO,00-0038648,GrahJa02,jalen-graham-1,Jalen Graham,False,S,DB,D,Purdue,22.0,2025.0,0,0,0,0.0,,0.0,15.0,0.0,0.0,0.0,0.0,0.0,0.0,0.0,0.0,0.0,0.0,0.0,5.0,,
2023,7,256,GNB,00-0038507,DuboGr00,grant-dubose-1,Grant Dubose,False,WR,WR,O,Charlotte,22.0,2024.0,0,0,0,0.0,,,3.0,0.0,0.0,0.0,0.0,0.0,0.0,0.0,0.0,2.0,11.0,0.0,,,
2023,7,257,DEN,00-0038649,ForsAl00,alex-forsyth-1,Alex Forsyth,False,OL,OL,O,Oregon,24.0,2025.0,0,0,0,4.0,,4.0,34.0,0.0,0.0,0.0,0.0,0.0,0.0,0.0,0.0,0.0,0.0,0.0,,,
2023,7,258,CHI,00-0038414,WillKe07,kendall-williamson-1,Kendall Williamson,False,S,DB,D,Stanford,23.0,2025.0,0,0,0,1.0,,,19.0,0.0,0.0,0.0,0.0,0.0,0.0,0.0,0.0,0.0,0.0,0.0,10.0,,
2023,7,259,LAR,00-0039061,JohnDe08,desjuan-johnson-1,Desjuan Johnson,False,DT,DL,D,Toledo,24.0,2025.0,0,0,0,3.0,,3.0,27.0,0.0,0.0,0.0,0.0,0.0,0.0,0.0,0.0,0.0,0.0,0.0,13.0,,5.0
2024,1,1,CHI,00-0039918,WillCa03,caleb-williams-3,Caleb Williams,False,QB,QB,O,USC,22.0,2025.0,0,0,1,26.0,,26.0,34.0,681.0,1130.0,7483.0,47.0,13.0,158.0,877.0,3.0,2.0,22.0,1.0,,,
2024,1,2,WAS,00-0039910,DaniJa02,jayden-daniels-1,Jayden Daniels,False,QB,QB,O,LSU,23.0,2025.0,0,1,1,26.0,,26.0,24.0,445.0,668.0,4830.0,33.0,12.0,206.0,1169.0,8.0,0.0,0.0,0.0,,,
2024,1,3,NWE,00-0039851,MayeDr00,drake-maye-1,Drake Maye,False,QB,QB,O,North Carolina,22.0,2025.0,0,2,1,26.0,,26.0,30.0,579.0,830.0,6670.0,46.0,18.0,157.0,871.0,6.0,1.0,2.0,0.0,,,
2024,1,4,ARI,00-0039849,HarrMa09,marvin-harrison-jr-1,Marvin Harrison Jr.,False,WR,WR,O,Ohio St.,22.0,2025.0,0,0,1,13.0,,13.0,29.0,0.0,0.0,0.0,0.0,0.0,0.0,0.0,0.0,103.0,1493.0,12.0,,,
2024,1,5,LAC,00-0039897,AltxJo01,joe-alt-1,Joe Alt,False,OL,OL,O,Notre Dame,21.0,2025.0,0,1,1,12.0,,12.0,22.0,0.0,0.0,0.0,0.0,0.0,0.0,0.0,0.0,0.0,0.0,0.0,,,
2024,1,6,NYG,00-0039337,NabeMa00,malik-nabers-1,Malik Nabers,False,WR,WR,O,LSU,21.0,2025.0,0,1,1,12.0,,12.0,19.0,0.0,1.0,0.0,0.0,0.0,5.0,2.0,0.0,127.0,1475.0,9.0,,,
2024,1,7,TEN,00-0039731,LathJC00,jc-latham-1,JC Latham,False,OL,OL,O,Alabama,21.0,2025.0,0,0,1,11.0,,11.0,30.0,0.0,0.0,0.0,0.0,0.0,0.0,0.0,0.0,1.0,0.0,0.0,,,
2024,1,8,ATL,00-0039917,PeniMi00,michael-penix-jr-1,Michael Penix,False,QB,QB,O,Washington,24.0,2025.0,0,0,0,8.0,,8.0,14.0,227.0,381.0,2757.0,12.0,6.0,28.0,81.0,2.0,0.0,0.0,0.0,,,
2024,1,9,CHI,00-0039919,OdunRo00,rome-odunze-1,Rome Odunze,False,WR,WR,O,Washington,22.0,2025.0,0,0,1,12.0,,12.0,29.0,0.0,0.0,0.0,0.0,0.0,3.0,15.0,0.0,98.0,1395.0,9.0,,,
2024,1,10,MIN,00-0039923,McCaJJ00,jj-mccarthy-1,J.J. McCarthy,False,QB,QB,O,Michigan,21.0,2025.0,0,0,0,4.0,,4.0,10.0,140.0,243.0,1632.0,11.0,12.0,37.0,181.0,4.0,0.0,0.0,0.0,,,
2024,1,11,NYJ,00-0039790,FashOl00,olu-fashanu-1,Olumuyiwa Fashanu,False,OL,OL,O,Penn St.,21.0,2025.0,0,0,0,10.0,,10.0,32.0,0.0,0.0,0.0,0.0,0.0,0.0,0.0,0.0,0.0,0.0,0.0,,,
2024,1,12,DEN,00-0039732,NixxBo00,bo-nix-1,Bo Nix,False,QB,QB,O,Oregon,24.0,2025.0,0,0,1,25.0,,25.0,34.0,764.0,1179.0,7706.0,54.0,23.0,175.0,786.0,9.0,1.0,2.0,1.0,,,
2024,1,13,LVR,00-0039338,BoweBr01,brock-bowers-1,Brock Bowers,False,TE,TE,O,Georgia,21.0,2025.0,1,2,1,14.0,,14.0,29.0,0.0,0.0,0.0,0.0,0.0,7.0,15.0,0.0,176.0,1874.0,12.0,,,
2024,1,14,NOR,00-0039339,FuagTa00,taliese-fuaga-1,Taliese Fuaga,False,OL,OL,O,Oregon St.,22.0,2025.0,0,0,1,13.0,,13.0,30.0,0.0,0.0,0.0,0.0,0.0,0.0,0.0,0.0,0.0,0.0,0.0,,,
2024,1,15,IND,00-0039340,LatuLa00,laiatu-latu-1,Laiatu Latu,False,DL,DL,D,UCLA,23.0,2025.0,0,0,0,10.0,,10.0,33.0,0.0,0.0,0.0,0.0,0.0,0.0,0.0,0.0,0.0,0.0,0.0,43.0,3.0,12.5
2024,1,16,SEA,00-0039309,MurpBy01,byron-murphy-ii-1,Byron Murphy,False,DL,DL,D,Texas,21.0,2025.0,0,0,0,14.0,,14.0,31.0,0.0,0.0,0.0,0.0,0.0,0.0,0.0,0.0,0.0,0.0,0.0,34.0,,7.5
2024,1,17,MIN,00-0039924,TurnDa01,dallas-turner-1,Dallas Turner,False,LB,LB,D,Alabama,21.0,2025.0,0,0,0,9.0,,9.0,33.0,0.0,0.0,0.0,0.0,0.0,0.0,0.0,0.0,0.0,0.0,0.0,41.0,1.0,11.0
2024,1,18,CIN,00-0039925,MimsAm00,amarius-mims-1,Amarius Mims,False,OL,OL,O,Georgia,21.0,2025.0,0,0,1,16.0,,16.0,32.0,0.0,0.0,0.0,0.0,0.0,0.0,0.0,0.0,0.0,0.0,0.0,,,
2024,1,19,LAR,00-0039852,VersJa00,jared-verse-1,Jared Verse,False,DL,DL,D,Florida St.,23.0,2025.0,0,2,1,22.0,,22.0,34.0,0.0,0.0,0.0,0.0,0.0,0.0,0.0,0.0,0.0,0.0,0.0,71.0,,12.0
2024,1,20,PIT,00-0039871,FautTr00,troy-fautanu-1,Troy Fautanu,False,OL,OL,O,Washington,23.0,2025.0,0,0,0,9.0,,9.0,18.0,0.0,0.0,0.0,0.0,0.0,0.0,0.0,0.0,0.0,0.0,0.0,,,
2024,1,21,MIA,00-0039911,RobiCh00,demeioun-robinson-1,Chop Robinson,False,DE,DL,D,Penn St.,21.0,2025.0,0,0,0,4.0,,4.0,32.0,0.0,0.0,0.0,0.0,0.0,0.0,0.0,0.0,0.0,0.0,0.0,26.0,,10.0
2024,1,22,PHI,00-0039888,MitcQu00,quinyon-mitchell-1,Quinyon Mitchell,False,CB,DB,D,Toledo,23.0,2025.0,1,1,1,19.0,,19.0,32.0,0.0,0.0,0.0,0.0,0.0,0.0,0.0,0.0,0.0,0.0,0.0,72.0,,
2024,1,23,JAX,00-0039893,ThomBr06,brian-thomas-jr-1,Brian Thomas,False,WR,WR,O,LSU,21.0,2025.0,0,1,1,18.0,,18.0,31.0,0.0,0.0,0.0,0.0,0.0,9.0,69.0,1.0,135.0,1989.0,12.0,,,
2024,1,24,DET,00-0039903,ArnoTe00,terrion-arnold-1,Terrion Arnold,False,DB,DB,D,Alabama,21.0,2025.0,0,0,1,8.0,,8.0,24.0,0.0,0.0,0.0,0.0,0.0,0.0,0.0,0.0,0.0,0.0,0.0,70.0,1.0,
2024,1,25,GNB,00-0039904,MorgJo03,jordan-morgan-3,Jordan Morgan,False,OL,OL,O,Arizona,23.0,2025.0,0,0,0,9.0,,9.0,23.0,0.0,0.0,0.0,0.0,0.0,0.0,0.0,0.0,0.0,0.0,0.0,,,
2024,1,26,TAM,00-0039905,BartGr00,graham-barton-1,Graham Barton,False,OL,OL,O,Duke,22.0,2025.0,0,0,1,15.0,,15.0,33.0,0.0,0.0,0.0,0.0,0.0,0.0,0.0,0.0,0.0,0.0,0.0,,,
2024,1,27,ARI,00-0039854,RobiDa01,darius-robinson-2,Darius Robinson,False,DL,DL,D,Missouri,22.0,2025.0,0,0,0,4.0,,4.0,21.0,0.0,0.0,0.0,0.0,0.0,0.0,0.0,0.0,0.0,0.0,0.0,19.0,,2.0
2024,1,28,KAN,00-0039894,WortXa00,xavier-worthy-1,Xavier Worthy,False,WR,WR,O,Texas,21.0,2025.0,0,0,1,13.0,,13.0,31.0,0.0,0.0,0.0,0.0,0.0,31.0,191.0,3.0,101.0,1170.0,7.0,,,
2024,1,29,DAL,00-0039341,GuytTy00,tyler-guyton-1,Tyler Guyton,False,OL,OL,O,Oklahoma,23.0,2025.0,0,0,1,9.0,,9.0,25.0,0.0,0.0,0.0,0.0,0.0,0.0,0.0,0.0,0.0,0.0,0.0,,,
2024,1,30,BAL,00-0039232,WiggNa00,nate-wiggins-1,Nate Wiggins,False,CB,DB,D,Clemson,21.0,2025.0,0,0,0,7.0,,7.0,32.0,0.0,0.0,0.0,0.0,0.0,0.0,0.0,0.0,0.0,0.0,0.0,82.0,4.0,
2024,1,31,SFO,00-0039916,PearRi00,ricky-pearsall-1,Ricky Pearsall,False,WR,WR,O,Florida,23.0,2025.0,0,0,0,8.0,,8.0,20.0,0.0,1.0,0.0,0.0,0.0,5.0,43.0,0.0,67.0,928.0,3.0,,,
2024,1,32,CAR,00-0039342,LegeXa00,xavier-legette-1,Xavier Legette,False,WR,WR,O,South Carolina,23.0,2025.0,0,0,1,8.0,,8.0,31.0,0.0,0.0,0.0,0.0,0.0,7.0,24.0,0.0,84.0,860.0,7.0,,,
2024,2,33,BUF,00-0039901,ColeKe02,keon-coleman-1,Keon Coleman,False,WR,WR,O,Florida St.,21.0,2025.0,0,0,1,11.0,,11.0,26.0,0.0,0.0,0.0,0.0,0.0,1.0,9.0,0.0,67.0,960.0,8.0,,,
2024,2,34,LAC,00-0039915,McCoLa00,ladd-mcconkey-1,Ladd McConkey,False,WR,WR,O,Georgia,22.0,2025.0,0,0,1,18.0,,18.0,32.0,0.0,0.0,0.0,0.0,0.0,0.0,0.0,0.0,148.0,1938.0,13.0,,,
2024,2,35,ATL,00-0039733,OrhoRu00,ruke-orhorhoro-1,Ruke Orhorhoro,False,DT,DL,D,Clemson,22.0,2025.0,0,0,0,6.0,,6.0,25.0,0.0,0.0,0.0,0.0,0.0,0.0,0.0,0.0,0.0,0.0,0.0,16.0,,3.5
2024,2,36,WAS,00-0039906,NewtJe00,jerzhan-newton-1,Jer'Zhan Newton,False,DL,DL,D,Illinois,22.0,2025.0,0,0,0,7.0,,7.0,33.0,0.0,0.0,0.0,0.0,0.0,0.0,0.0,0.0,0.0,0.0,0.0,40.0,,7.0
2024,2,37,NWE,00-0039907,PolkJa00,jalynn-polk-1,Ja'Lynn Polk,False,WR,WR,O,Washington,22.0,2024.0,0,0,1,1.0,,1.0,15.0,0.0,0.0,0.0,0.0,0.0,1.0,0.0,0.0,12.0,87.0,2.0,,,
2024,2,38,TEN,00-0039886,SweaTV01,tvondre-sweat-1,T'Vondre Sweat,False,DL,DL,D,Texas,23.0,2025.0,0,0,1,11.0,,11.0,29.0,0.0,0.0,0.0,0.0,0.0,0.0,0.0,0.0,0.0,0.0,0.0,38.0,,3.0
2024,2,39,LAR,00-0039734,FiskBr00,braden-fiske-1,Braden Fiske,False,DL,DL,D,Florida St.,24.0,2025.0,0,0,0,14.0,,14.0,34.0,0.0,0.0,0.0,0.0,0.0,0.0,0.0,0.0,0.0,0.0,0.0,31.0,,11.5
2024,2,40,PHI,00-0039841,DeJeCo00,cooper-dejean-1,Cooper DeJean,False,DB,DB,D,Iowa,21.0,2025.0,1,1,0,16.0,,16.0,32.0,0.0,0.0,0.0,0.0,0.0,0.0,0.0,0.0,0.0,0.0,0.0,102.0,2.0,0.5
2024,2,41,NOR,00-0039860,McKiKo00,kool-aid-mckinstry-1,Kool-Aid McKinstry,False,DB,DB,D,Alabama,21.0,2025.0,0,0,0,10.0,,10.0,32.0,0.0,0.0,0.0,0.0,0.0,0.0,0.0,0.0,0.0,0.0,0.0,91.0,3.0,
2024,2,42,HOU,00-0039343,LassKa00,kamari-lassiter-1,Kamari Lassiter,False,DB,DB,D,Georgia,21.0,2025.0,0,1,1,14.0,,14.0,30.0,0.0,0.0,0.0,0.0,0.0,0.0,0.0,0.0,0.0,0.0,0.0,104.0,7.0,
2024,2,43,ARI,00-0039807,MeltMa00,max-melton-1,Max Melton,False,DB,DB,D,Rutgers,22.0,2025.0,0,0,0,4.0,,4.0,27.0,0.0,0.0,0.0,0.0,0.0,0.0,0.0,0.0,0.0,0.0,0.0,57.0,,
2024,2,44,LVR,00-0039735,PoweJa00,jackson-powers-johnson-1,Jackson Powers-Johnson,False,OL,OL,O,Oregon,21.0,2025.0,0,0,1,6.0,,6.0,23.0,0.0,0.0,0.0,0.0,0.0,0.0,0.0,0.0,0.0,0.0,0.0,,,
2024,2,45,GNB,00-0039850,CoopEd00,edgerrin-cooper-1,Edgerrin Cooper,False,LB,LB,D,Texas A&M,22.0,2025.0,0,0,0,10.0,,10.0,30.0,0.0,0.0,0.0,0.0,0.0,0.0,0.0,0.0,0.0,0.0,0.0,120.0,1.0,4.0
2024,2,46,CAR,00-0039344,BrooJo02,jonathon-brooks-1,Jonathon Brooks,False,RB,RB,O,Texas,21.0,2024.0,0,0,0,0.0,,0.0,3.0,0.0,0.0,0.0,0.0,0.0,9.0,22.0,0.0,3.0,23.0,0.0,,,
2024,2,47,NYG,00-0039861,NubiTy00,tyler-nubin-1,Tyler Nubin,False,DB,DB,D,Minnesota,23.0,2025.0,0,0,1,9.0,,9.0,26.0,0.0,0.0,0.0,0.0,0.0,0.0,0.0,0.0,0.0,0.0,0.0,106.0,,
2024,2,48,JAX,00-0039889,SmitMa07,maason-smith-1,Maason Smith,False,DT,DL,D,LSU,21.0,2025.0,0,0,0,4.0,,4.0,24.0,0.0,0.0,0.0,0.0,0.0,0.0,0.0,0.0,0.0,0.0,0.0,14.0,,3.0
2024,2,49,CIN,00-0039908,JenkKr01,kris-jenkins-1,Kris Jenkins,False,DL,DL,D,Michigan,22.0,2025.0,0,0,0,6.0,,6.0,29.0,0.0,0.0,0.0,0.0,0.0,0.0,0.0,0.0,0.0,0.0,0.0,28.0,,4.5
2024,2,50,WAS,00-0039898,SainMi00,mike-sainristil-1,Mike Sainristil,False,DB,DB,D,Michigan,23.0,2025.0,0,0,1,10.0,,10.0,34.0,0.0,0.0,0.0,0.0,0.0,0.0,0.0,0.0,0.0,0.0,0.0,113.0,6.0,
2024,2,51,PIT,00-0039896,FrazZa00,zach-frazier-1,Zach Frazier,False,OL,OL,O,West Virginia,23.0,2025.0,0,0,1,13.0,,13.0,32.0,0.0,0.0,0.0,0.0,0.0,0.0,0.0,0.0,0.0,-2.0,0.0,,,
2024,2,52,IND,00-0039890,MitcAd00,adonai-mitchell-1,Adonai Mitchell,False,WR,WR,O,Texas,21.0,2025.0,0,0,1,8.0,,5.0,33.0,1.0,1.0,24.0,0.0,0.0,5.0,2.0,0.0,56.0,765.0,2.0,,,
2024,2,53,WAS,00-0039912,SinnBe00,ben-sinnott-1,Ben Sinnott,False,TE,TE,O,Kansas St.,22.0,2025.0,0,0,0,1.0,,1.0,33.0,0.0,0.0,0.0,0.0,0.0,0.0,0.0,0.0,16.0,142.0,2.0,2.0,,
2024,2,54,CLE,00-0039895,HallMi00,michael-hall-jr-1,Michael Hall,False,DT,DL,D,Ohio St.,21.0,2025.0,0,0,0,3.0,,3.0,17.0,0.0,0.0,0.0,0.0,0.0,0.0,0.0,0.0,0.0,0.0,0.0,12.0,,2.5
2024,2,55,MIA,00-0039899,PaulPa01,patrick-paul-1,Patrick Paul,False,OL,OL,O,Houston,22.0,2025.0,0,0,0,10.0,,10.0,34.0,0.0,0.0,0.0,0.0,0.0,0.0,0.0,0.0,0.0,0.0,0.0,,,
2024,2,56,DAL,00-0039900,KneeMa00,marshawn-kneeland-1,Marshawn Kneeland,False,DL,DL,D,Western Michigan,23.0,2025.0,0,0,0,2.0,,2.0,18.0,0.0,0.0,0.0,0.0,0.0,0.0,0.0,0.0,0.0,0.0,0.0,15.0,,1.0
2024,2,57,TAM,00-0039902,BrasCh01,chris-braswell-1,Chris Braswell,False,LB,LB,D,Alabama,22.0,2025.0,0,0,0,2.0,,2.0,34.0,0.0,0.0,0.0,0.0,0.0,0.0,0.0,0.0,0.0,0.0,0.0,32.0,,2.5
2024,2,58,GNB,00-0039867,BullJa00,javon-bullard-1,Javon Bullard,False,DB,DB,D,Georgia,22.0,2025.0,0,0,1,7.0,,7.0,32.0,0.0,0.0,0.0,0.0,0.0,0.0,0.0,0.0,0.0,0.0,0.0,110.0,,
2024,2,59,HOU,00-0039857,FishBl00,blake-fisher-1,Blake Fisher,False,OL,OL,O,Notre Dame,21.0,2025.0,0,0,0,8.0,,8.0,31.0,0.0,0.0,0.0,0.0,0.0,0.0,0.0,0.0,0.0,0.0,0.0,,,
2024,2,60,BUF,00-0039872,BishCo00,cole-bishop-1,Cole Bishop,False,SAF,DB,D,Utah,21.0,2025.0,0,0,0,9.0,,9.0,33.0,0.0,0.0,0.0,0.0,0.0,0.0,0.0,0.0,0.0,0.0,0.0,78.0,3.0,2.0
2024,2,61,DET,00-0039862,RakeEn00,ennis-rakestraw-jr-1,Ennis Rakestraw,False,DB,DB,D,Missouri,22.0,2024.0,0,0,0,0.0,,0.0,8.0,0.0,0.0,0.0,0.0,0.0,0.0,0.0,0.0,0.0,0.0,0.0,4.0,,
2024,2,62,BAL,00-0039233,RoseRo01,roger-rosengarten-1,Roger Rosengarten,False,OL,OL,O,Washington,22.0,2025.0,0,0,1,17.0,,17.0,34.0,0.0,0.0,0.0,0.0,0.0,0.0,0.0,0.0,0.0,0.0,0.0,,,
2024,2,63,KAN,00-0039844,SuamKi00,kingsley-suamataia-1,Kingsley Suamataia,False,OL,OL,O,BYU,21.0,2025.0,0,0,0,10.0,,10.0,32.0,0.0,0.0,0.0,0.0,0.0,0.0,0.0,0.0,0.0,0.0,0.0,,,
2024,2,64,SFO,00-0039345,GreeRe00,renardo-green-1,Renardo Green,False,DB,DB,D,Florida St.,23.0,2025.0,0,0,0,8.0,,8.0,31.0,0.0,0.0,0.0,0.0,0.0,0.0,0.0,0.0,0.0,0.0,0.0,77.0,1.0,
2024,3,65,NYJ,00-0039920,CorlMa00,malachi-corley-1,Malachi Corley,False,WR,WR,O,Western Kentucky,22.0,2025.0,0,0,0,1.0,,0.0,22.0,0.0,0.0,0.0,0.0,0.0,15.0,153.0,0.0,14.0,95.0,0.0,,,
2024,3,66,ARI,00-0039921,BensTr01,trey-benson-2,Trey Benson,False,RB,RB,O,Florida St.,22.0,2025.0,0,0,0,3.0,,3.0,17.0,0.0,0.0,0.0,0.0,0.0,92.0,451.0,1.0,19.0,123.0,0.0,,,
2024,3,67,WAS,00-0039913,ColeBr02,brandon-coleman-5,Brandon Coleman,False,OL,OL,O,TCU,23.0,2025.0,0,0,1,11.0,,11.0,28.0,0.0,0.0,0.0,0.0,0.0,0.0,0.0,0.0,0.0,0.0,0.0,,,
2024,3,68,NWE,00-0039863,WallCa00,caedan-wallace-1,Caedan Wallace,False,OL,OL,O,Penn St.,24.0,2025.0,0,0,0,1.0,,1.0,10.0,0.0,0.0,0.0,0.0,0.0,0.0,0.0,0.0,0.0,0.0,0.0,,,
2024,3,69,LAC,00-0039346,ColsJu00,junior-colson-1,Junior Colson,False,LB,LB,D,Michigan,21.0,2024.0,0,0,0,1.0,,1.0,11.0,0.0,0.0,0.0,0.0,0.0,0.0,0.0,0.0,0.0,0.0,0.0,15.0,,
2024,3,70,NYG,00-0039821,PhilAn02,andru-phillips-1,Andru Phillips,False,DB,DB,D,Kentucky,22.0,2025.0,0,0,0,6.0,,6.0,31.0,0.0,0.0,0.0,0.0,0.0,0.0,0.0,0.0,0.0,0.0,0.0,95.0,3.0,1.0
2024,3,71,ARI,00-0039808,AdamIs01,isaiah-adams-1,Isaiah Adams,False,OL,OL,O,Illinois,24.0,2025.0,0,0,0,8.0,,8.0,32.0,0.0,0.0,0.0,0.0,0.0,0.0,0.0,0.0,0.0,0.0,0.0,,,
2024,3,72,CAR,00-0039347,WallTr00,trevin-wallace-1,Trevin Wallace,False,LB,LB,D,Kentucky,21.0,2025.0,0,0,1,8.0,,8.0,25.0,0.0,0.0,0.0,0.0,0.0,0.0,0.0,0.0,0.0,0.0,0.0,72.0,,3.0
2024,3,73,DAL,00-0039348,BeebCo00,cooper-beebe-1,Cooper Beebe,False,OL,OL,O,Kansas St.,23.0,2025.0,0,0,1,10.0,,10.0,27.0,0.0,0.0,0.0,0.0,0.0,0.0,0.0,0.0,0.0,0.0,0.0,,,
2024,3,74,ATL,00-0039837,TricBr00,bralen-trice-1,Bralen Trice,False,DE,DL,D,Washington,23.0,,0,0,0,,,,,,,,,,,,,,,,,,
2024,3,75,CHI,00-0039822,AmegKi00,,Kiran Amegadjie,False,OL,OL,O,Yale,22.0,2024.0,0,0,0,1.0,,1.0,6.0,0.0,0.0,0.0,0.0,0.0,0.0,0.0,0.0,0.0,0.0,0.0,,,
2024,3,76,DEN,00-0039809,ElliJo03,jonah-elliss-1,Jonah Elliss,False,DE,DL,D,Utah,21.0,2025.0,0,0,0,3.0,,3.0,30.0,0.0,0.0,0.0,0.0,0.0,0.0,0.0,0.0,0.0,0.0,0.0,40.0,,7.5
2024,3,77,LVR,00-0039349,GlazDe00,delmar-glaze-1,Delmar Glaze,False,OL,OL,O,Maryland,22.0,2025.0,0,0,1,11.0,,11.0,34.0,0.0,0.0,0.0,0.0,0.0,0.0,0.0,0.0,0.0,0.0,0.0,,,
2024,3,78,HOU,00-0039838,BullCa00,calen-bullock-1,Calen Bullock,False,SAF,DB,D,USC,21.0,2025.0,0,1,1,14.0,,14.0,34.0,0.0,0.0,0.0,0.0,0.0,0.0,0.0,0.0,0.0,0.0,0.0,81.0,9.0,
2024,3,79,IND,00-0039736,GoncMa00,matt-goncalves-1,Matt Goncalves,False,OL,OL,O,Pittsburgh,23.0,2025.0,0,0,0,12.0,,12.0,33.0,0.0,0.0,0.0,0.0,0.0,0.0,0.0,0.0,0.0,0.0,0.0,,,
2024,3,80,CIN,00-0039810,BurtJe01,jermaine-burton-1,Jermaine Burton,False,WR,WR,O,Alabama,23.0,2024.0,0,0,0,1.0,,1.0,14.0,0.0,0.0,0.0,0.0,0.0,0.0,0.0,0.0,4.0,107.0,0.0,,,
2024,3,81,SEA,00-0039839,HaynCh00,christian-haynes-2,Christian Haynes,False,OL,OL,O,Connecticut,24.0,2025.0,0,0,0,2.0,,2.0,24.0,0.0,0.0,0.0,0.0,0.0,0.0,0.0,0.0,0.0,0.0,0.0,,,
2024,3,82,ARI,00-0039737,ReimTi00,tip-reiman-1,Tip Reiman,False,TE,TE,O,Illinois,22.0,2025.0,0,0,1,0.0,,0.0,21.0,0.0,0.0,0.0,0.0,0.0,0.0,0.0,0.0,9.0,55.0,0.0,,,
2024,3,83,LAR,00-0039738,CoruBl00,blake-corum-1,Blake Corum,False,RB,RB,O,Michigan,23.0,2025.0,0,0,0,8.0,,8.0,34.0,0.0,0.0,0.0,0.0,0.0,203.0,953.0,6.0,15.0,94.0,0.0,3.0,,
2024,3,84,PIT,00-0039739,WilsRo02,roman-wilson-1,Roman Wilson,False,WR,WR,O,Michigan,23.0,2025.0,0,0,0,2.0,,2.0,14.0,0.0,0.0,0.0,0.0,0.0,0.0,0.0,0.0,12.0,166.0,2.0,1.0,,
2024,3,85,CLE,00-0039350,ZintZa00,zak-zinter-1,Zak Zinter,False,OL,OL,O,Michigan,23.0,2025.0,0,0,0,1.0,,1.0,22.0,0.0,0.0,0.0,0.0,0.0,0.0,0.0,0.0,0.0,0.0,0.0,,,
2024,3,86,SFO,00-0039351,PuniDo00,dominick-puni-1,Dominick Puni,False,OL,OL,O,Kansas,24.0,2025.0,0,0,1,15.0,,15.0,34.0,0.0,0.0,0.0,0.0,0.0,0.0,0.0,0.0,0.0,-3.0,0.0,,,
2024,3,87,DAL,00-0039352,LiufMa00,marist-liufau-1,Marist Liufau,False,LB,LB,D,Notre Dame,23.0,2025.0,0,0,0,6.0,,6.0,34.0,0.0,0.0,0.0,0.0,0.0,0.0,0.0,0.0,0.0,0.0,0.0,47.0,,2.5
2024,3,88,GNB,00-0039811,LloyMa00,marshawn-lloyd-1,MarShawn Lloyd,False,RB,RB,O,USC,23.0,2024.0,0,0,0,0.0,,0.0,1.0,0.0,0.0,0.0,0.0,0.0,6.0,15.0,0.0,1.0,3.0,0.0,,,
2024,3,89,TAM,00-0039846,SmitTy05,tykee-smith-1,Tykee Smith,False,DB,DB,D,Georgia,23.0,2025.0,0,0,0,9.0,,9.0,29.0,0.0,0.0,0.0,0.0,0.0,0.0,0.0,0.0,0.0,0.0,0.0,99.0,3.0,2.0
2024,3,90,ARI,00-0039823,JoneEl00,elijah-jones-3,Elijah Jones,False,DB,DB,D,Boston Col.,24.0,2025.0,0,0,0,0.0,,0.0,10.0,0.0,0.0,0.0,0.0,0.0,0.0,0.0,0.0,0.0,0.0,0.0,,,
2024,3,91,GNB,00-0039812,HoppTy00,tyron-hopper-1,Ty'Ron Hopper,False,LB,LB,D,Missouri,23.0,2025.0,0,0,0,3.0,,3.0,34.0,0.0,0.0,0.0,0.0,0.0,0.0,0.0,0.0,0.0,0.0,0.0,15.0,,
2024,3,92,TAM,00-0039855,McMiJa01,jalen-mcmillan-1,Jalen McMillan,False,WR,WR,O,Washington,22.0,2025.0,0,0,0,7.0,,7.0,17.0,0.0,0.0,0.0,0.0,0.0,5.0,44.0,0.0,49.0,639.0,8.0,,,
2024,3,93,BAL,00-0039791,IsaaAd00,adisa-isaac-1,Adisa Isaac,False,DE,DL,D,Penn St.,22.0,2024.0,0,0,0,0.0,,0.0,4.0,0.0,0.0,0.0,0.0,0.0,0.0,0.0,0.0,0.0,0.0,0.0,2.0,,
2024,3,94,PHI,00-0039740,HuntJa02,,Jalyx Hunt,False,DE,DL,D,Houston Christian,23.0,2025.0,0,0,0,9.0,,9.0,33.0,0.0,0.0,0.0,0.0,0.0,0.0,0.0,0.0,0.0,0.0,0.0,40.0,3.0,8.0
2024,3,95,BUF,00-0039873,CartDe03,dewayne-carter-2,DeWayne Carter,False,DT,DL,D,Duke,23.0,2024.0,0,0,0,2.0,,2.0,11.0,0.0,0.0,0.0,0.0,0.0,0.0,0.0,0.0,0.0,0.0,0.0,11.0,,
2024,3,96,JAX,00-0039353,JoneJa14,jarrian-jones-1,Jarrian Jones,False,DB,DB,D,Florida St.,23.0,2025.0,0,0,0,5.0,,5.0,34.0,0.0,0.0,0.0,0.0,0.0,0.0,0.0,0.0,0.0,0.0,0.0,65.0,4.0,2.0
2024,3,97,CIN,00-0039354,JackMc00,mckinnley-jackson-1,McKinnley Jackson,False,DL,DL,D,Texas A&M,22.0,2025.0,0,0,0,2.0,,2.0,22.0,0.0,0.0,0.0,0.0,0.0,0.0,0.0,0.0,0.0,0.0,0.0,6.0,,1.0
2024,3,98,PIT,00-0039741,WilsPa00,payton-wilson-1,Payton Wilson,False,LB,LB,D,North Carolina St.,24.0,2025.0,0,0,0,7.0,,7.0,34.0,0.0,0.0,0.0,0.0,0.0,0.0,0.0,0.0,0.0,0.0,0.0,123.0,2.0,2.0
2024,3,99,LAR,00-0039834,KincKa00,kamren-kinchens-1,Kamren Kinchens,False,SAF,DB,D,Miami (FL),21.0,2025.0,0,0,0,8.0,,8.0,34.0,0.0,0.0,0.0,0.0,0.0,0.0,0.0,0.0,0.0,0.0,0.0,92.0,6.0,
2024,3,100,WAS,00-0039355,McCaLu00,luke-mccaffrey-1,Luke McCaffrey,False,WR,WR,O,Rice,23.0,2025.0,0,0,0,4.0,,4.0,26.0,0.0,0.0,0.0,0.0,0.0,0.0,0.0,0.0,29.0,371.0,3.0,2.0,,
2024,4,101,CAR,00-0039356,SandJa01,jatavion-sanders-1,Ja'Tavion Sanders,False,TE,TE,O,Texas,21.0,2025.0,0,0,0,5.0,,5.0,29.0,0.0,0.0,0.0,0.0,0.0,0.0,0.0,0.0,62.0,532.0,2.0,3.0,,
2024,4,102,DEN,00-0039868,FranTr00,troy-franklin-2,Troy Franklin,False,WR,WR,O,Oregon,21.0,2025.0,0,0,0,8.0,,8.0,33.0,0.0,0.0,0.0,0.0,0.0,7.0,20.0,0.0,93.0,972.0,8.0,,,
2024,4,103,NWE,00-0039887,RobiLa02,layden-robinson-1,Layden Robinson,False,OL,OL,O,Texas A&M,23.0,2024.0,0,0,1,4.0,,4.0,13.0,0.0,0.0,0.0,0.0,0.0,0.0,0.0,0.0,0.0,0.0,0.0,,,
2024,4,104,ARI,00-0039864,TaylDa02,dadrion-taylor-demerson-1,Dadrion Taylor-Demerson,False,DB,DB,D,Texas Tech,23.0,2025.0,0,0,0,3.0,,3.0,29.0,0.0,0.0,0.0,0.0,0.0,0.0,0.0,0.0,0.0,0.0,0.0,55.0,2.0,
2024,4,105,LAC,00-0039835,EboiJu00,justin-eboigbe-1,Justin Eboigbe,False,DL,DL,D,Alabama,23.0,2025.0,0,0,0,2.0,,2.0,22.0,0.0,0.0,0.0,0.0,0.0,0.0,0.0,0.0,0.0,0.0,0.0,28.0,,6.0
2024,4,106,TEN,00-0039858,GrayCe00,cedric-gray-1,Cedric Gray,False,LB,LB,D,North Carolina,21.0,2025.0,0,0,0,6.0,,6.0,23.0,0.0,0.0,0.0,0.0,0.0,0.0,0.0,0.0,0.0,0.0,0.0,110.0,,1.0
2024,4,107,NYG,00-0039847,JohnTh00,theo-johnson-1,Theo Johnson,False,TE,TE,O,Penn St.,23.0,2025.0,0,0,1,7.0,,7.0,27.0,0.0,0.0,0.0,0.0,0.0,0.0,0.0,0.0,74.0,859.0,6.0,,,
2024,4,108,MIN,,JackKh00,khyree-jackson-1,Khyree Jackson,False,DB,DB,D,Oregon,25.0,,0,0,0,,,,,,,,,,,,,,,,,,
2024,4,109,ATL,00-0039859,DorlBr00,brandon-dorlus-1,Brandon Dorlus,False,DE,DL,D,Oregon,23.0,2025.0,0,0,0,5.0,,5.0,17.0,0.0,0.0,0.0,0.0,0.0,0.0,0.0,0.0,0.0,0.0,0.0,16.0,,8.5
2024,4,110,NWE,00-0039853,BakeJa00,javon-baker-1,Javon Baker,False,WR,WR,O,Central Florida,22.0,2024.0,0,0,0,0.0,,0.0,11.0,0.0,0.0,0.0,0.0,0.0,0.0,0.0,0.0,1.0,12.0,0.0,,,
2024,4,111,GNB,00-0039813,WillEv00,evan-williams-3,Evan Williams,False,DB,DB,D,Oregon,23.0,2025.0,0,0,0,8.0,,8.0,29.0,0.0,0.0,0.0,0.0,0.0,0.0,0.0,0.0,0.0,0.0,0.0,79.0,4.0,
2024,4,112,LVR,00-0039357,RichDe01,decamerion-richardson-1,Decamerion Richardson,False,CB,DB,D,Mississippi St.,23.0,2025.0,0,0,0,4.0,,4.0,27.0,0.0,0.0,0.0,0.0,0.0,0.0,0.0,0.0,0.0,0.0,0.0,36.0,,
2024,4,113,BAL,00-0039792,WalkDe01,devontez-walker-1,Devontez Walker,False,WR,WR,O,North Carolina,23.0,2025.0,0,0,0,1.0,,1.0,21.0,0.0,0.0,0.0,0.0,0.0,0.0,0.0,0.0,7.0,157.0,4.0,3.0,,1.0
2024,4,114,JAX,00-0039742,FostJa01,javon-foster-1,Javon Foster,False,OL,OL,O,Missouri,24.0,2024.0,0,0,0,0.0,,0.0,4.0,0.0,0.0,0.0,0.0,0.0,0.0,0.0,0.0,0.0,0.0,0.0,,,
2024,4,115,CIN,00-0039814,AllxEr00,erick-all-1,Erick All,False,TE,TE,O,Iowa,23.0,2024.0,0,0,1,1.0,,1.0,9.0,0.0,0.0,0.0,0.0,0.0,0.0,0.0,0.0,20.0,158.0,0.0,,,
2024,4,116,JAX,00-0039743,JeffJo01,jordan-jefferson-4,Jordan Jefferson,False,DT,DL,D,LSU,22.0,2025.0,0,0,0,1.0,,1.0,10.0,0.0,0.0,0.0,0.0,0.0,0.0,0.0,0.0,0.0,0.0,0.0,5.0,,1.0
2024,4,117,IND,00-0039744,BortTa00,taner-bortolini-1,Tanor Bortolini,False,OL,OL,O,Wisconsin,22.0,2025.0,0,0,0,10.0,,10.0,28.0,0.0,0.0,0.0,0.0,0.0,0.0,0.0,0.0,0.0,0.0,0.0,,,
2024,4,118,SEA,00-0039815,KnigTy00,tyrice-knight-1,Tyrice Knight,False,LB,LB,D,Texas-El Paso,23.0,2025.0,0,0,0,9.0,,9.0,32.0,0.0,0.0,0.0,0.0,0.0,0.0,0.0,0.0,0.0,0.0,0.0,78.0,,3.5
2024,4,119,PIT,00-0039358,McCoMa00,,Mason McCormick,False,OL,OL,O,South Dakota St.,24.0,2025.0,0,0,1,13.0,,13.0,34.0,0.0,0.0,0.0,0.0,0.0,0.0,0.0,0.0,0.0,0.0,0.0,,,
2024,4,120,MIA,00-0039874,WrigJa04,jaylen-wright-1,Jaylen Wright,False,RB,RB,O,Tennessee,21.0,2025.0,0,0,0,4.0,,4.0,25.0,0.0,0.0,0.0,0.0,0.0,138.0,537.0,2.0,8.0,52.0,0.0,,,
2024,4,121,SEA,00-0039793,BarnAJ00,aj-barner-1,AJ Barner,False,TE,TE,O,Michigan,22.0,2025.0,0,0,0,7.0,,7.0,34.0,0.0,0.0,0.0,0.0,0.0,10.0,14.0,1.0,82.0,764.0,10.0,3.0,,
2024,4,122,CHI,00-0039745,TaylTo01,tory-taylor-1,Tory Taylor,False,P,P,S,Iowa,26.0,2025.0,0,0,0,6.0,,6.0,34.0,0.0,0.0,0.0,0.0,0.0,0.0,0.0,0.0,0.0,0.0,0.0,1.0,,
2024,4,123,HOU,00-0039359,StovCa00,cade-stover-1,Cade Stover,False,TE,TE,O,Ohio St.,24.0,2025.0,0,0,1,2.0,,2.0,24.0,0.0,0.0,0.0,0.0,0.0,4.0,3.0,0.0,27.0,209.0,1.0,7.0,,
2024,4,124,SFO,00-0039360,MustMa00,malik-mustapha-1,Malik Mustapha,False,DB,DB,D,Wake Forest,22.0,2025.0,0,0,1,8.0,,8.0,28.0,0.0,0.0,0.0,0.0,0.0,0.0,0.0,0.0,0.0,0.0,0.0,76.0,2.0,
2024,4,125,TAM,00-0039361,IrviBu00,markeise-irving-1,Bucky Irving,False,RB,RB,O,Oregon,22.0,2025.0,0,0,0,18.0,,18.0,27.0,0.0,0.0,0.0,0.0,0.0,380.0,1710.0,9.0,77.0,669.0,3.0,,,
2024,4,126,DET,00-0039362,ManuGi00,,Giovanni Manu,False,OL,OL,O,British Columbia,23.0,2025.0,0,0,0,1.0,,1.0,4.0,0.0,0.0,0.0,0.0,0.0,0.0,0.0,0.0,0.0,0.0,0.0,,,
2024,4,127,PHI,00-0039746,ShipWi00,will-shipley-1,Will Shipley,False,RB,RB,O,Clemson,22.0,2025.0,0,0,0,2.0,,2.0,31.0,0.0,0.0,0.0,0.0,0.0,44.0,131.0,0.0,13.0,91.0,0.0,11.0,,
2024,4,128,BUF,00-0039875,DaviRa04,remahn-davis-1,Ray Davis,False,RB,RB,O,Kentucky,24.0,2025.0,1,0,0,10.0,,10.0,34.0,0.0,0.0,0.0,0.0,0.0,171.0,717.0,3.0,27.0,275.0,5.0,,,
2024,4,129,SFO,00-0039363,GuerIs00,isaac-guerendo-1,Isaac Guerendo,False,RB,RB,O,Louisville,24.0,2025.0,0,0,0,4.0,,4.0,30.0,0.0,0.0,0.0,0.0,0.0,84.0,420.0,4.0,15.0,152.0,0.0,2.0,,
2024,4,130,BAL,00-0039234,TampTJ00,tj-tampa-1,T.J. Tampa,False,DB,DB,D,Iowa St.,22.0,2025.0,0,0,0,1.0,,1.0,24.0,0.0,0.0,0.0,0.0,0.0,0.0,0.0,0.0,0.0,0.0,0.0,22.0,1.0,
2024,4,131,KAN,00-0039824,WileJa00,jared-wiley-1,Jared Wiley,False,TE,TE,O,TCU,23.0,2025.0,0,0,0,0.0,,0.0,12.0,0.0,0.0,0.0,0.0,0.0,0.0,0.0,0.0,2.0,11.0,0.0,1.0,,
2024,4,132,DET,00-0039364,VakiSi00,sione-vaki-1,Sione Vaki,False,SAF,DB,D,Utah,23.0,2025.0,0,0,0,1.0,,1.0,27.0,0.0,0.0,0.0,0.0,0.0,7.0,18.0,0.0,3.0,37.0,0.0,14.0,,
2024,4,133,KAN,00-0039825,HickJa01,jaden-hicks-1,Jaden Hicks,False,DB,DB,D,Washington St.,22.0,2025.0,0,0,0,4.0,,4.0,34.0,0.0,0.0,0.0,0.0,0.0,1.0,1.0,0.0,0.0,0.0,0.0,52.0,3.0,0.5
2024,4,134,NYJ,00-0039794,AlleBr05,braelon-allen-1,Braelon Allen,False,RB,RB,O,Wisconsin,20.0,2025.0,0,0,0,4.0,,4.0,21.0,0.0,0.0,0.0,0.0,0.0,110.0,410.0,3.0,21.0,165.0,1.0,1.0,,
2024,4,135,SFO,00-0039365,CowiJa00,jacob-cowing-1,Jacob Cowing,False,WR,WR,O,Arizona,23.0,2024.0,0,0,0,1.0,,1.0,15.0,0.0,0.0,0.0,0.0,0.0,1.0,7.0,0.0,4.0,80.0,0.0,,,
2024,5,136,SEA,00-0039795,PritNe00,nehemiah-pritchett-1,Nehemiah Pritchett,False,CB,DB,D,Auburn,23.0,2025.0,0,0,0,2.0,,2.0,27.0,0.0,0.0,0.0,0.0,0.0,0.0,0.0,0.0,0.0,0.0,0.0,19.0,,
2024,5,137,LAC,00-0039366,StilTa00,tarheeb-still-1,Tarheeb Still,False,DB,DB,D,Maryland,22.0,2025.0,0,0,0,10.0,,10.0,29.0,0.0,0.0,0.0,0.0,0.0,0.0,0.0,0.0,0.0,0.0,0.0,82.0,4.0,0.5
2024,5,138,ARI,00-0039367,ThomXa01,xavier-thomas-1,Xavier Thomas,False,DE,DL,D,Clemson,24.0,2025.0,0,0,0,1.0,,1.0,18.0,0.0,0.0,0.0,0.0,0.0,0.0,0.0,0.0,0.0,0.0,0.0,6.0,,2.5
2024,5,139,WAS,00-0039368,MageJo00,jordan-magee-1,Jordan Magee,False,LB,LB,D,Temple,23.0,2025.0,0,0,0,4.0,,4.0,25.0,0.0,0.0,0.0,0.0,0.0,0.0,0.0,0.0,0.0,0.0,0.0,38.0,,
2024,5,140,LAC,00-0039369,HartCa00,cam-hart-1,Cam Hart,False,CB,DB,D,Notre Dame,23.0,2025.0,0,0,1,6.0,,6.0,30.0,0.0,0.0,0.0,0.0,0.0,0.0,0.0,0.0,0.0,0.0,0.0,65.0,1.0,0.5
2024,5,141,BUF,00-0039876,VanPSe00,sedrick-van-pran-1,Sedrick Van Pran-Granger,False,OL,OL,O,Georgia,22.0,2025.0,0,0,0,4.0,,4.0,31.0,0.0,0.0,0.0,0.0,0.0,0.0,0.0,0.0,0.0,0.0,0.0,,,
2024,5,142,IND,00-0039816,GoulAn00,anthony-gould-1,Anthony Gould,False,WR,WR,O,Oregon St.,23.0,2025.0,0,0,0,0.0,,0.0,19.0,0.0,0.0,0.0,0.0,0.0,0.0,0.0,0.0,3.0,29.0,0.0,,,
2024,5,143,ATL,00-0039370,BertJD00,jd-bertrand-1,JD Bertrand,False,LB,LB,D,Notre Dame,24.0,2025.0,0,0,0,3.0,,3.0,27.0,0.0,0.0,0.0,0.0,0.0,0.0,0.0,0.0,0.0,0.0,0.0,29.0,,1.0
2024,5,144,CHI,00-0039840,BookAu00,austin-booker-1,Austin Booker,False,DL,DL,D,Kansas,21.0,2025.0,0,0,0,5.0,,5.0,27.0,0.0,0.0,0.0,0.0,0.0,0.0,0.0,0.0,0.0,0.0,0.0,33.0,,6.0
2024,5,145,DEN,00-0039371,AbraKr00,kris-abrams-draine-1,Kris Abrams-Draine,False,DB,DB,D,Missouri,22.0,2025.0,0,0,0,2.0,,2.0,22.0,0.0,0.0,0.0,0.0,0.0,0.0,0.0,0.0,0.0,0.0,0.0,26.0,1.0,
2024,5,146,TEN,00-0039372,BrowJa09,jarvis-brownlee-1,Jarvis Brownlee,False,DB,DB,D,Louisville,23.0,2025.0,0,0,1,7.0,,6.0,26.0,0.0,0.0,0.0,0.0,0.0,0.0,0.0,0.0,0.0,0.0,0.0,81.0,1.0,
2024,5,147,DEN,00-0039373,EstiAu00,audric-estime-1,Audric Estime,False,RB,RB,O,Notre Dame,21.0,2025.0,0,0,0,4.0,,2.0,20.0,0.0,0.0,0.0,0.0,0.0,122.0,508.0,3.0,17.0,130.0,0.0,,,
2024,5,148,LVR,00-0039374,EichTo00,tommy-eichenberg-1,Tommy Eichenberg,False,LB,LB,D,Ohio St.,23.0,2025.0,0,0,0,2.0,,2.0,31.0,0.0,0.0,0.0,0.0,0.0,0.0,0.0,0.0,0.0,0.0,0.0,29.0,,
2024,5,149,CIN,00-0039375,NewtJo00,josh-newton-1,Josh Newton,False,CB,DB,D,TCU,23.0,2025.0,0,0,0,3.0,,3.0,31.0,0.0,0.0,0.0,0.0,0.0,0.0,0.0,0.0,0.0,0.0,0.0,39.0,1.0,
2024,5,150,NOR,00-0039376,RattSp00,spencer-rattler-1,Spencer Rattler,False,QB,QB,O,South Carolina,23.0,2025.0,0,0,0,6.0,,6.0,16.0,304.0,485.0,2903.0,12.0,10.0,49.0,313.0,0.0,1.0,0.0,0.0,,,
2024,5,151,IND,00-0039377,CarlJa01,jaylon-carlies-1,Jaylon Carlies,False,DB,DB,D,Missouri,22.0,2025.0,0,0,0,3.0,,3.0,13.0,0.0,0.0,0.0,0.0,0.0,0.0,0.0,0.0,0.0,0.0,0.0,24.0,,1.0
2024,5,152,PHI,00-0039747,SmitAi00,ainias-smith-1,Ainias Smith,False,WR,WR,O,Texas A&M,23.0,2024.0,0,0,0,1.0,,1.0,7.0,0.0,0.0,0.0,0.0,0.0,2.0,6.0,0.0,7.0,41.0,1.0,,,
2024,5,153,JAX,00-0039378,PrinDe01,deantre-prince-1,Deantre Prince,False,CB,DB,D,Mississippi,23.0,2024.0,0,0,0,1.0,,1.0,10.0,0.0,0.0,0.0,0.0,0.0,0.0,0.0,0.0,0.0,0.0,0.0,6.0,,
2024,5,154,LAR,00-0039836,JackBr02,brennan-jackson-1,Brennan Jackson,False,DE,DL,D,Washington St.,23.0,2025.0,0,0,0,1.0,,1.0,10.0,0.0,0.0,0.0,0.0,0.0,0.0,0.0,0.0,0.0,0.0,0.0,4.0,,
2024,5,155,PHI,00-0039826,TrotJe01,jeremiah-trotter-jr-1,Jeremiah Trotter Jr.,False,LB,LB,D,Clemson,21.0,2025.0,0,0,0,4.0,,4.0,34.0,0.0,0.0,0.0,0.0,0.0,0.0,0.0,0.0,0.0,0.0,0.0,24.0,,0.5
2024,5,156,CLE,00-0039379,ThraJa01,jamari-thrash-1,Jamari Thrash,False,WR,WR,O,Louisville,23.0,2025.0,0,0,0,1.0,,1.0,18.0,0.0,0.0,0.0,0.0,0.0,0.0,0.0,0.0,13.0,129.0,0.0,,,
2024,5,157,CAR,00-0039380,SmitCh05,chau-smith-wade-1,Chau Smith-Wade,False,DB,DB,D,Washington St.,21.0,2025.0,0,0,0,5.0,,5.0,30.0,0.0,0.0,0.0,0.0,0.0,0.0,0.0,0.0,0.0,0.0,0.0,67.0,2.0,
2024,5,158,MIA,00-0039877,KamaMo00,mohamed-kamara-1,Mohamed Kamara,False,DL,DL,D,Colorado St.,25.0,2025.0,0,0,0,0.0,,0.0,8.0,0.0,0.0,0.0,0.0,0.0,0.0,0.0,0.0,0.0,0.0,0.0,,,
2024,5,159,KAN,00-0039827,NourHu00,hunter-nourzad-1,Hunter Nourzad,False,OL,OL,O,Penn St.,23.0,2025.0,0,0,0,2.0,,2.0,28.0,0.0,0.0,0.0,0.0,0.0,0.0,0.0,0.0,0.0,0.0,0.0,,,
2024,5,160,BUF,00-0039878,UlofEd00,edefuan-ulofoshio-1,Edefuan Ulofoshio,False,LB,LB,D,Washington,24.0,2025.0,0,0,0,1.0,,1.0,5.0,0.0,0.0,0.0,0.0,0.0,0.0,0.0,0.0,0.0,0.0,0.0,5.0,,
2024,5,161,WAS,00-0039381,HampDo00,dominique-hampton-1,Dominique Hampton,False,CB,DB,D,Washington,24.0,2024.0,0,0,0,0.0,,0.0,1.0,0.0,0.0,0.0,0.0,0.0,0.0,0.0,0.0,0.0,0.0,0.0,,,
2024,5,162,ARI,00-0039382,JoneCh12,christian-jones-4,Christian Jones,False,OL,OL,O,Texas,24.0,2025.0,0,0,0,1.0,,1.0,4.0,0.0,0.0,0.0,0.0,0.0,0.0,0.0,0.0,0.0,0.0,0.0,,,
2024,5,163,GNB,00-0039817,MonkJa00,jacob-monk-1,Jacob Monk,False,OL,OL,O,Duke,23.0,2025.0,0,0,0,2.0,,2.0,17.0,0.0,0.0,0.0,0.0,0.0,0.0,0.0,0.0,0.0,0.0,0.0,,,
2024,5,164,IND,00-0039383,SimpJa00,jaylin-simpson-1,Jaylin Simpson,False,SAF,DB,D,Auburn,24.0,2025.0,0,0,0,0.0,,,1.0,0.0,0.0,0.0,0.0,0.0,0.0,0.0,0.0,0.0,0.0,0.0,5.0,,
2024,5,165,BAL,00-0039796,AlixRa00,rasheen-ali-1,Rasheen Ali,False,RB,RB,O,Marshall,23.0,2025.0,0,0,0,1.0,,1.0,21.0,0.0,0.0,0.0,0.0,0.0,17.0,55.0,0.0,9.0,68.0,1.0,7.0,,
2024,5,166,NYG,00-0039384,TracTy00,tyrone-tracy-jr-1,Tyrone Tracy Jr.,False,RB,RB,O,Purdue,24.0,2025.0,0,0,1,14.0,,14.0,32.0,0.0,0.0,0.0,0.0,0.0,368.0,1579.0,7.0,74.0,572.0,3.0,,,
2024,5,167,JAX,00-0039385,RobiKe03,keilan-robinson-1,Keilan Robinson,False,RB,RB,O,Texas,24.0,2024.0,0,0,0,0.0,,0.0,6.0,0.0,0.0,0.0,0.0,0.0,0.0,0.0,0.0,0.0,0.0,0.0,,,
2024,5,168,BUF,00-0039879,SoloJa00,javon-solomon-1,Javon Solomon,False,DE,DL,D,Troy,23.0,2025.0,0,0,0,4.0,,4.0,31.0,0.0,0.0,0.0,0.0,0.0,0.0,0.0,0.0,0.0,0.0,0.0,20.0,,3.0
2024,5,169,GNB,00-0039818,OladKi00,kitan-oladapo-1,Kitan Oladapo,False,DB,DB,D,Oregon St.,23.0,2025.0,0,0,0,2.0,,2.0,26.0,0.0,0.0,0.0,0.0,0.0,0.0,0.0,0.0,0.0,0.0,0.0,9.0,,
2024,5,170,NOR,00-0039386,MeanBu00,bub-means-1,Bub Means,False,WR,WR,O,Pittsburgh,23.0,2024.0,0,0,0,1.0,,1.0,7.0,0.0,0.0,0.0,0.0,0.0,0.0,0.0,0.0,9.0,118.0,1.0,,,
2024,5,171,NYJ,00-0039797,TravJo00,jordan-travis-1,Jordan Travis,False,QB,QB,O,Florida St.,24.0,,0,0,0,,,,,,,,,,,,,,,,,,
2024,5,172,PHI,00-0039310,KeegTr00,trevor-keegan-1,Trevor Keegan,False,OL,OL,O,Michigan,24.0,2025.0,0,0,0,0.0,,0.0,3.0,0.0,0.0,0.0,0.0,0.0,0.0,0.0,0.0,0.0,0.0,0.0,,,
2024,5,173,NYJ,00-0039798,DaviIs00,,Isaiah Davis,False,RB,RB,O,South Dakota St.,22.0,2025.0,0,0,0,5.0,,5.0,33.0,0.0,0.0,0.0,0.0,0.0,73.0,410.0,2.0,30.0,261.0,1.0,8.0,,
2024,5,174,DAL,00-0039387,CarsCa01,caelen-carson-1,Caelen Carson,False,DB,DB,D,Wake Forest,22.0,2025.0,0,0,0,2.0,,2.0,14.0,0.0,0.0,0.0,0.0,0.0,0.0,0.0,0.0,0.0,0.0,0.0,36.0,,
2024,5,175,NOR,00-0039388,FordJa02,jaylan-ford-1,Jaylan Ford,False,LB,LB,D,Texas,22.0,2025.0,0,0,0,2.0,,2.0,25.0,0.0,0.0,0.0,0.0,0.0,0.0,0.0,0.0,0.0,0.0,0.0,7.0,,
2024,5,176,NYJ,00-0039789,StigQw00,,Qwan'tez Stiggers,False,CB,DB,D,,22.0,2025.0,0,0,0,3.0,,3.0,29.0,0.0,0.0,0.0,0.0,0.0,0.0,0.0,0.0,0.0,0.0,0.0,24.0,,
2024,6,177,MIN,00-0039828,RousWa00,walter-rouse-1,Walter Rouse,False,OL,OL,O,Oklahoma,23.0,2025.0,0,0,0,0.0,,0.0,8.0,0.0,0.0,0.0,0.0,0.0,0.0,0.0,0.0,0.0,0.0,0.0,,,
2024,6,178,PIT,00-0039389,LeexLo00,logan-lee-2,Logan Lee,False,DL,DL,D,Iowa,24.0,2025.0,0,0,0,0.0,,0.0,7.0,0.0,0.0,0.0,0.0,0.0,0.0,0.0,0.0,0.0,0.0,0.0,2.0,,
2024,6,179,SEA,00-0039799,LaumSa00,sataoa-laumea-1,Sataoa Laumea,False,OL,OL,O,Utah,23.0,2024.0,0,0,0,2.0,,2.0,6.0,0.0,0.0,0.0,0.0,0.0,0.0,0.0,0.0,0.0,0.0,0.0,,,
2024,6,180,NWE,00-0039390,DialMa00,marcellas-dial-1,Marcellas Dial,False,DB,DB,D,South Carolina,23.0,2024.0,0,0,0,1.0,,1.0,17.0,0.0,0.0,0.0,0.0,0.0,0.0,0.0,0.0,0.0,0.0,0.0,6.0,,
2024,6,181,LAC,00-0039391,VidaKi00,kimani-vidal-1,Kimani Vidal,False,RB,RB,O,Troy,23.0,2025.0,0,0,0,7.0,,7.0,23.0,0.0,0.0,0.0,0.0,0.0,198.0,798.0,3.0,21.0,198.0,2.0,,,
2024,6,182,TEN,00-0039392,JackJh00,jhaquan-jackson-1,Jha'Quan Jackson,False,WR,WR,O,Tulane,24.0,2024.0,0,0,0,0.0,,0.0,12.0,0.0,0.0,0.0,0.0,0.0,1.0,-5.0,0.0,1.0,8.0,0.0,,,
2024,6,183,NYG,00-0039829,MuasDa00,darius-muasau-1,Darius Muasau,False,LB,LB,D,UCLA,23.0,2025.0,0,0,0,8.0,,8.0,27.0,0.0,0.0,0.0,0.0,0.0,0.0,0.0,0.0,0.0,0.0,0.0,50.0,1.0,1.0
2024,6,184,MIA,00-0039880,WashMa00,malik-washington-1,Malik Washington,False,WR,WR,O,Virginia,23.0,2025.0,0,0,0,7.0,,7.0,31.0,0.0,0.0,0.0,0.0,0.0,22.0,135.0,2.0,72.0,540.0,3.0,,,
2024,6,185,PHI,00-0039236,WilsJo03,johnny-wilson-3,Johnny Wilson,False,WR,WR,O,Florida St.,23.0,2024.0,0,0,0,0.0,,0.0,16.0,0.0,0.0,0.0,0.0,0.0,0.0,0.0,0.0,5.0,38.0,1.0,,,
2024,6,186,ATL,00-0039393,McClJa05,jase-mcclellan-1,Jase McClellan,False,RB,RB,O,Alabama,22.0,2024.0,0,0,0,0.0,,0.0,2.0,0.0,0.0,0.0,0.0,0.0,13.0,32.0,0.0,0.0,0.0,0.0,,,
2024,6,187,ATL,00-0039394,WashCa01,casey-washington-1,Casey Washington,False,WR,WR,O,Illinois,23.0,2025.0,0,0,0,1.0,,1.0,15.0,0.0,0.0,0.0,0.0,0.0,0.0,0.0,0.0,7.0,108.0,0.0,,,
2024,6,188,HOU,00-0039395,HillJa02,jamal-hill-1,Jamal Hill,False,LB,LB,D,Oregon,23.0,2025.0,0,0,0,2.0,,2.0,20.0,0.0,0.0,0.0,0.0,0.0,0.0,0.0,0.0,0.0,0.0,0.0,7.0,,
2024,6,189,DET,00-0039396,WingMe00,mekhi-wingo-1,Mekhi Wingo,False,DT,DL,D,LSU,21.0,2025.0,0,0,0,1.0,,1.0,13.0,0.0,0.0,0.0,0.0,0.0,0.0,0.0,0.0,0.0,0.0,0.0,3.0,,
2024,6,190,PHI,00-0039830,McMaDy00,dylan-mcmahon-1,Dylan McMahon,False,OL,OL,O,North Carolina St.,23.0,2024.0,0,0,0,0.0,,,1.0,0.0,0.0,0.0,0.0,0.0,0.0,0.0,0.0,0.0,0.0,0.0,,,
2024,6,191,ARI,00-0039397,PalmTe00,tejhaun-palmer-1,Tejhaun Palmer,False,WR,WR,O,Ala-Birmingham,24.0,2025.0,0,0,0,0.0,,0.0,1.0,0.0,0.0,0.0,0.0,0.0,0.0,0.0,0.0,0.0,0.0,0.0,,,
2024,6,192,SEA,00-0039800,JameDJ00,dj-james-1,D.J. James,False,CB,DB,D,Auburn,23.0,2025.0,0,0,0,0.0,,,1.0,0.0,0.0,0.0,0.0,0.0,0.0,0.0,0.0,0.0,0.0,0.0,1.0,,
2024,6,193,NWE,00-0039398,MiltJo00,joe-milton-2,Joe Milton,False,QB,QB,O,Tennessee,24.0,2025.0,0,0,0,2.0,,1.0,5.0,37.0,53.0,424.0,2.0,2.0,15.0,66.0,1.0,0.0,0.0,0.0,,,
2024,6,194,CIN,00-0039399,McLaTa00,tanner-mclachlan-2,Tanner McLachlan,False,TE,TE,O,Arizona,25.0,2024.0,0,0,0,0.0,,0.0,2.0,0.0,0.0,0.0,0.0,0.0,0.0,0.0,0.0,0.0,0.0,0.0,,,
2024,6,195,PIT,00-0039748,WattRy00,ryan-watts-1,Ryan Watts,False,SAF,DB,D,Texas,22.0,,0,0,0,,,,,,,,,,,,,,,,,,
2024,6,196,LAR,00-0039749,DaviTy05,tyler-davis-4,Tyler Davis,False,DT,DL,D,Clemson,23.0,2025.0,0,0,0,3.0,,3.0,33.0,0.0,0.0,0.0,0.0,0.0,0.0,0.0,0.0,0.0,0.0,0.0,26.0,,1.5
2024,6,197,ATL,00-0039400,LoguZi00,zion-logue-1,Zion Logue,False,DL,DL,D,Georgia,23.0,2025.0,0,0,0,0.0,,,5.0,0.0,0.0,0.0,0.0,0.0,0.0,0.0,0.0,0.0,0.0,0.0,3.0,,0.5
2024,6,198,MIA,00-0039881,McMoPa00,patrick-mcmorris-1,Patrick McMorris,False,DB,DB,D,California,22.0,2024.0,0,0,0,0.0,,0.0,6.0,0.0,0.0,0.0,0.0,0.0,0.0,0.0,0.0,0.0,0.0,0.0,1.0,,
2024,6,199,NOR,00-0039401,BoydKh00,,Khristian Boyd,False,DL,DL,D,Northern Iowa,24.0,2025.0,0,0,0,0.0,,0.0,10.0,0.0,0.0,0.0,0.0,0.0,0.0,0.0,0.0,0.0,0.0,0.0,3.0,,
2024,6,200,CAR,00-0039402,CrumJa00,jaden-crumedy-1,Jaden Crumedy,False,DT,DL,D,Mississippi St.,24.0,2025.0,0,0,0,0.0,,0.0,8.0,0.0,0.0,0.0,0.0,0.0,0.0,0.0,0.0,0.0,0.0,0.0,4.0,,0.5
2024,6,201,IND,00-0039403,AbraMi00,micah-abraham-1,Micah Abraham,False,CB,DB,D,Marshall,23.0,,0,0,0,,,,,,,,,,,,,,,,,,
2024,6,202,GNB,00-0039819,GlovTr00,travis-glover-1,Travis Glover,False,OT,OL,O,Georgia St.,24.0,2024.0,0,0,0,1.0,,1.0,7.0,0.0,0.0,0.0,0.0,0.0,0.0,0.0,0.0,0.0,0.0,0.0,,,
2024,6,203,MIN,00-0039404,ReicWi00,will-reichard-1,Will Reichard,False,K,K,S,Alabama,23.0,2025.0,1,0,0,8.0,,8.0,30.0,0.0,0.0,0.0,0.0,0.0,0.0,0.0,0.0,0.0,0.0,0.0,2.0,,
2024,6,204,BUF,00-0039882,GrabTy00,tylan-grable-1,Tylan Grable,False,OL,OL,O,Central Florida,24.0,2025.0,0,0,0,2.0,,2.0,5.0,0.0,0.0,0.0,0.0,0.0,0.0,0.0,0.0,0.0,0.0,0.0,,,
2024,6,205,HOU,00-0039405,JordJa00,jawhar-jordan-1,Jawhar Jordan,False,RB,RB,O,Louisville,25.0,2025.0,0,0,0,1.0,,1.0,4.0,0.0,0.0,0.0,0.0,0.0,43.0,193.0,0.0,7.0,34.0,0.0,,,
2024,6,206,CLE,00-0039406,WatsNa00,nathaniel-watson-1,Nathaniel Watson,False,LB,LB,D,Mississippi St.,24.0,2024.0,0,0,0,1.0,,1.0,14.0,0.0,0.0,0.0,0.0,0.0,0.0,0.0,0.0,0.0,0.0,0.0,10.0,,
2024,6,207,SEA,00-0039842,JerrMi00,,Michael Jerrell,False,OT,OL,O,Findlay,25.0,2025.0,0,0,0,2.0,,2.0,11.0,0.0,0.0,0.0,0.0,0.0,0.0,0.0,0.0,0.0,0.0,0.0,,,
2024,6,208,LVR,00-0039407,LaubDy00,,Dylan Laube,False,RB,RB,O,New Hampshire,24.0,2025.0,0,0,0,0.0,,0.0,27.0,0.0,0.0,0.0,0.0,0.0,8.0,9.0,0.0,3.0,18.0,0.0,4.0,,
2024,6,209,LAR,00-0039750,KartJo00,joshua-karty-1,Joshua Karty,False,K,K,S,Stanford,22.0,2025.0,0,0,0,2.0,,2.0,25.0,0.0,1.0,0.0,0.0,0.0,0.0,0.0,0.0,0.0,0.0,0.0,1.0,,
2024,6,210,DET,00-0039408,MahoCh00,christian-mahogany-1,Christian Mahogany,False,OL,OL,O,Boston Col.,23.0,2025.0,0,0,0,6.0,,6.0,18.0,0.0,0.0,0.0,0.0,0.0,0.0,0.0,0.0,0.0,0.0,0.0,,,
2024,6,211,KAN,00-0039831,HaddKa00,kamal-hadden-1,Kamal Hadden,False,DB,DB,D,Tennessee,23.0,2025.0,0,0,0,0.0,,,12.0,0.0,0.0,0.0,0.0,0.0,0.0,0.0,0.0,0.0,0.0,0.0,1.0,,
2024,6,212,JAX,00-0039409,LittCa00,cam-little-1,Cam Little,False,K,K,S,Arkansas,21.0,2025.0,0,0,0,9.0,,9.0,34.0,0.0,0.0,0.0,0.0,0.0,0.0,0.0,0.0,0.0,0.0,0.0,,,
2024,6,213,LAR,00-0039751,WhitJo04,jordan-whittington-2,Jordan Whittington,False,WR,WR,O,Texas,23.0,2025.0,0,0,0,5.0,,5.0,32.0,0.0,0.0,0.0,0.0,0.0,5.0,24.0,0.0,40.0,464.0,0.0,5.0,,
2024,6,214,CIN,00-0039752,JohnCe01,cedric-johnson-4,Cedric Johnson,False,DE,DL,D,Mississippi,22.0,2025.0,0,0,0,2.0,,2.0,18.0,0.0,0.0,0.0,0.0,0.0,0.0,0.0,0.0,0.0,0.0,0.0,16.0,,3.0
2024,6,215,SFO,00-0039832,KingJa02,jarrett-kingston-1,Jarrett Kingston,False,OL,OL,O,USC,24.0,2025.0,0,0,0,0.0,,,9.0,0.0,0.0,0.0,0.0,0.0,0.0,0.0,0.0,0.0,0.0,0.0,,,
2024,6,216,DAL,00-0039410,FlouRy00,,Ryan Flournoy,False,WR,WR,O,SE Missouri St.,24.0,2025.0,0,0,0,5.0,,5.0,27.0,0.0,0.0,0.0,0.0,0.0,4.0,25.0,0.0,50.0,577.0,4.0,4.0,,
2024,6,217,LAR,00-0039753,LimmBe00,beaux-limmer-1,Beaux Limmer,False,OL,OL,O,Arkansas,23.0,2025.0,0,0,1,7.0,,7.0,21.0,0.0,0.0,0.0,0.0,0.0,0.0,0.0,0.0,0.0,0.0,0.0,,,
2024,6,218,BAL,00-0039801,LearDe00,devin-leary-1,Devin Leary,False,QB,QB,O,Kentucky,24.0,,0,0,0,,,,,,,,,,,,,,,,,,
2024,6,219,BUF,00-0039883,HardDa02,daequan-hardy-1,Daequan Hardy,False,CB,DB,D,Penn St.,23.0,,0,0,0,,,,,,,,,,,,,,,,,,
2024,6,220,TAM,00-0039411,KleiEl00,elijah-klein-1,Elijah Klein,False,G,OL,O,Texas-El Paso,24.0,2025.0,0,0,0,2.0,,2.0,26.0,0.0,0.0,0.0,0.0,0.0,0.0,0.0,0.0,0.0,0.0,0.0,,,
2024,7,221,BUF,00-0039930,ClayTr00,,Travis Clayton,False,OT,OL,O,,23.0,,0,0,0,,,,,,,,,,,,,,,,,,
2024,7,222,WAS,00-0039412,JeanJa00,javontae-jean-baptiste-1,Javontae Jean-Baptiste,False,DL,DL,D,Notre Dame,24.0,2025.0,0,0,0,1.0,,1.0,15.0,0.0,0.0,0.0,0.0,0.0,0.0,0.0,0.0,0.0,0.0,0.0,8.0,,2.0
2024,7,223,LVR,00-0039413,TaylTr03,trey-taylor-1,Trey Taylor,False,FS,FS,,Air Force,23.0,2024.0,0,0,0,1.0,,1.0,9.0,0.0,0.0,0.0,0.0,0.0,0.0,0.0,0.0,0.0,0.0,0.0,,,
2024,7,224,CIN,00-0039414,AnthDa00,daijahn-anthony-1,Daijahn Anthony,False,SAF,DB,D,Mississippi,23.0,2025.0,0,0,0,1.0,,1.0,18.0,0.0,0.0,0.0,0.0,0.0,0.0,0.0,0.0,0.0,0.0,0.0,4.0,,
2024,7,225,LAC,00-0039415,RiceBr00,brenden-rice-1,Brenden Rice,False,WR,WR,O,USC,22.0,2024.0,0,0,0,0.0,,0.0,3.0,0.0,0.0,0.0,0.0,0.0,0.0,0.0,0.0,0.0,0.0,0.0,,,
2024,7,226,ARI,00-0039416,DaviJa09,jaden-davis-1,Jaden Davis,False,DB,DB,D,Miami (FL),23.0,2025.0,0,0,0,0.0,,0.0,3.0,0.0,0.0,0.0,0.0,0.0,0.0,0.0,0.0,0.0,0.0,0.0,2.0,,
2024,7,227,CLE,00-0039417,HardMy00,,Myles Harden,False,DB,DB,D,South Dakota,22.0,2025.0,0,0,0,3.0,,3.0,20.0,0.0,0.0,0.0,0.0,0.0,0.0,0.0,0.0,0.0,0.0,0.0,31.0,,
2024,7,228,BAL,00-0039237,SamaNi00,nick-samac-1,Nick Samac,False,C,OL,O,Michigan St.,23.0,2025.0,0,0,0,1.0,,,11.0,0.0,0.0,0.0,0.0,0.0,0.0,0.0,0.0,0.0,0.0,0.0,,,
2024,7,229,LVR,00-0039418,DevoMJ00,marlin-devonshire-1,M.J. Devonshire,False,DB,DB,D,Pittsburgh,23.0,,0,0,0,,,,,,,,,,,,,,,,,,
2024,7,230,MIN,00-0039419,JurgMi02,michael-jurgens-1,Michael Jurgens,False,OL,OL,O,Wake Forest,24.0,2025.0,0,0,0,2.0,,2.0,18.0,0.0,0.0,0.0,0.0,0.0,0.0,0.0,0.0,0.0,0.0,0.0,,,
2024,7,231,NWE,00-0039420,BellJa00,jaheim-bell-1,Jaheim Bell,False,TE,TE,O,Florida St.,23.0,2024.0,0,0,0,0.0,,0.0,15.0,0.0,0.0,0.0,0.0,0.0,0.0,0.0,0.0,2.0,20.0,0.0,1.0,,
2024,7,232,MIN,00-0039421,RodrLe00,,Levi Drake Rodriguez,False,DT,DL,D,Texas A&M-Commerce,24.0,2025.0,0,0,0,3.0,,3.0,18.0,0.0,0.0,0.0,0.0,0.0,0.0,0.0,0.0,0.0,0.0,0.0,20.0,,2.0
2024,7,233,DAL,00-0039422,ThomNa01,nathan-thomas-1,Nathan Thomas,False,OL,OL,O,Louisiana,23.0,2025.0,0,0,0,3.0,,3.0,17.0,0.0,0.0,0.0,0.0,0.0,0.0,0.0,0.0,0.0,0.0,0.0,,,
2024,7,234,IND,00-0039423,LaulJo00,jonah-laulu-2,Jonah Laulu,False,DL,DL,D,Oklahoma,24.0,2025.0,0,0,0,10.0,,,34.0,0.0,0.0,0.0,0.0,0.0,0.0,0.0,0.0,0.0,0.0,0.0,39.0,,5.0
2024,7,235,DEN,00-0039424,VeleDe00,devaughn-vele-1,Devaughn Vele,False,WR,WR,O,Utah,26.0,2025.0,0,0,0,6.0,,4.0,26.0,0.0,0.0,0.0,0.0,0.0,0.0,0.0,0.0,66.0,768.0,5.0,,,
2024,7,236,JAX,00-0039425,ColeMy00,myles-cole-1,Myles Cole,False,OLB,LB,D,Texas Tech,24.0,2024.0,0,0,0,0.0,,0.0,8.0,0.0,0.0,0.0,0.0,0.0,0.0,0.0,0.0,0.0,0.0,0.0,4.0,,
2024,7,237,CIN,00-0039426,LeexMa02,matthew-lee-1,Matt Lee,False,C,OL,O,Miami (FL),23.0,2025.0,0,0,0,2.0,,2.0,22.0,0.0,0.0,0.0,0.0,0.0,0.0,0.0,0.0,0.0,0.0,0.0,,,
2024,7,238,HOU,00-0039427,ByrdSo00,solomon-byrd-1,Solomon Byrd,False,DE,DL,D,USC,24.0,2024.0,0,0,0,0.0,,0.0,1.0,0.0,0.0,0.0,0.0,0.0,0.0,0.0,0.0,0.0,0.0,0.0,2.0,,
2024,7,239,NOR,00-0039428,EzirJo00,,Josiah Ezirim,False,OT,OL,O,Eastern Kentucky,23.0,,0,0,0,,,,,,,,,,,,,,,,,,
2024,7,240,CAR,00-0039429,BarrMi00,michael-barrett-1,Michael Barrett,False,LB,LB,D,Michigan,24.0,,0,0,0,,,,,,,,,,,,,,,,,,
2024,7,241,MIA,00-0039884,WashTa00,tahj-washington-1,Tahj Washington,False,WR,WR,O,USC,23.0,2025.0,0,0,0,0.0,,0.0,6.0,0.0,0.0,0.0,0.0,0.0,0.0,0.0,0.0,3.0,37.0,0.0,,,
2024,7,242,TEN,00-0039430,WillJa15,james-williams-16,James Williams,False,SAF,DB,D,Miami (FL),21.0,2025.0,0,0,0,3.0,,3.0,29.0,0.0,0.0,0.0,0.0,0.0,0.0,0.0,0.0,0.0,0.0,0.0,39.0,,1.0
2024,7,243,CLE,00-0039431,BrigJo00,jowon-briggs-1,Jowon Briggs,False,DE,DL,D,Cincinnati,23.0,2025.0,0,0,0,5.0,,1.0,23.0,0.0,0.0,0.0,0.0,0.0,0.0,0.0,0.0,0.0,0.0,0.0,22.0,,4.0
2024,7,244,DAL,00-0039432,RogeJu01,justin-rogers-4,Justin Rogers,False,DL,DL,D,Auburn,22.0,,0,0,0,,,,,,,,,,,,,,,,,,
2024,7,245,GNB,00-0039238,PratMi00,michael-pratt-1,Michael Pratt,False,QB,QB,O,Tulane,22.0,,0,0,0,,,,,,,,,,,,,,,,,,
2024,7,246,TAM,00-0039754,CulpDe00,devin-culp-1,Devin Culp,False,TE,TE,O,Washington,24.0,2025.0,0,0,0,1.0,,1.0,18.0,0.0,0.0,0.0,0.0,0.0,0.0,0.0,0.0,6.0,94.0,1.0,1.0,,
2024,7,247,HOU,00-0039433,HarrMa08,marcus-harris-5,Marcus Harris,False,DL,DL,D,Auburn,23.0,,0,0,0,,,,,,,,,,,,,,,,,,
2024,7,248,KAN,00-0039833,HansCJ00,,C.J. Hanson,False,G,OL,O,Holy Cross,23.0,2025.0,0,0,0,0.0,,0.0,4.0,0.0,0.0,0.0,0.0,0.0,0.0,0.0,0.0,0.0,0.0,0.0,,,
2024,7,249,HOU,00-0039434,HendLa00,ladarius-henderson-1,LaDarius Henderson,False,OL,OL,O,Michigan,22.0,,0,0,0,,,,,,,,,,,,,,,,,,
2024,7,250,BAL,00-0039235,KaneSa00,sanoussi-kane-1,Sanoussi Kane,False,SAF,DB,D,Purdue,22.0,2025.0,0,0,0,1.0,,1.0,24.0,0.0,0.0,0.0,0.0,0.0,0.0,0.0,0.0,0.0,0.0,0.0,8.0,,
2024,7,251,SFO,00-0039435,BethTa00,tatum-bethune-1,Tatum Bethune,False,LB,LB,D,Florida St.,23.0,2025.0,0,0,0,5.0,,5.0,25.0,0.0,0.0,0.0,0.0,0.0,0.0,0.0,0.0,0.0,0.0,0.0,40.0,,1.0
2024,7,252,TEN,00-0039436,HarrJa05,jaylen-harrell-1,Jaylen Harrell,False,DE,DL,D,Michigan,22.0,2025.0,0,0,0,3.0,,3.0,34.0,0.0,0.0,0.0,0.0,0.0,0.0,0.0,0.0,0.0,0.0,0.0,22.0,,4.5
2024,7,253,LAC,00-0039437,JohnCo02,cornelius-johnson-1,Cornelius Johnson,False,WR,WR,O,Michigan,23.0,,0,0,0,,,,,,,,,,,,,,,,,,
2024,7,254,LAR,00-0039755,LeveKT00,kaitori-leveston-1,KT Leveston,False,OL,OL,O,Kansas St.,24.0,2025.0,0,0,0,2.0,,,16.0,0.0,0.0,0.0,0.0,0.0,0.0,0.0,0.0,0.0,0.0,0.0,,,
2024,7,255,GNB,00-0039239,KingKa00,kalen-king-1,Kalen King,False,CB,DB,D,Penn St.,21.0,2025.0,0,0,0,0.0,,,1.0,0.0,0.0,0.0,0.0,0.0,0.0,0.0,0.0,0.0,0.0,0.0,,,
2024,7,256,DEN,00-0039438,GargNi00,nick-gargiulo-1,Nick Gargiulo,False,OL,OL,O,South Carolina,24.0,,0,0,0,,,,,,,,,,,,,,,,,,
2024,7,257,NYJ,00-0039802,KeyxJa00,jaylen-key-1,Jaylen Key,False,SAF,DB,D,Alabama,24.0,,0,0,0,,,,,,,,,,,,,,,,,,
