game_id,season,game_type,week,gameday,weekday,gametime,away_team,away_score,home_team,home_score,location,result,total,overtime,old_game_id,gsis,nfl_detail_id,pfr,pff,espn,ftn,away_rest,home_rest,away_moneyline,home_moneyline,spread_line,away_spread_odds,home_spread_odds,total_line,under_odds,over_odds,div_game,roof,surface,temp,wind,away_qb_id,home_qb_id,away_qb_name,home_qb_name,away_coach,home_coach,referee,stadium_id,stadium
2024_01_BAL_KC,2024,REG,1,2024-09-05,Thursday,20:20,BAL,20,KC,27,Home,7,47,0,2024090500,59508,,202409050kan,,401671789,6449.0,7,7,124.0,-148.0,3.0,-118.0,-102.0,46.0,-110.0,-110.0,0,outdoors,grass,67.0,8.0,00-0034796,00-0033873,Lamar Jackson,Patrick Mahomes,John Harbaugh,Andy Reid,Shawn Hochuli,KAN00,GEHA Field at Arrowhead Stadium
2024_01_GB_PHI,2024,REG,1,2024-09-06,Friday,20:15,GB,29,PHI,34,Neutral,5,63,0,2024090600,59509,,202409060phi,,401671805,6450.0,7,7,110.0,-130.0,2.0,-110.0,-110.0,49.5,-112.0,-108.0,0,outdoors,,,,00-0036264,00-0036389,Jordan Love,Jalen Hurts,Matt LaFleur,Nick Sirianni,Ron Torbert,SAO00,Arena Corinthians
2024_01_PIT_ATL,2024,REG,1,2024-09-08,Sunday,13:00,PIT,18,ATL,10,Home,-8,28,0,2024090800,59510,,202409080atl,,401671744,6451.0,7,7,160.0,-192.0,4.0,-110.0,-110.0,43.0,-115.0,-105.0,0,closed,fieldturf,,,00-0036945,00-0029604,Justin Fields,Kirk Cousins,Mike Tomlin,Raheem Morris,Brad Rogers,ATL97,Mercedes-Benz Stadium
2024_01_ARI_BUF,2024,REG,1,2024-09-08,Sunday,13:00,ARI,28,BUF,34,Home,6,62,0,2024090801,59511,,202409080buf,,401671617,6452.0,7,7,250.0,-310.0,6.5,-105.0,-115.0,46.0,-112.0,-108.0,0,outdoors,a_turf,61.0,20.0,00-0035228,00-0034857,Kyler Murray,Josh Allen,Jonathan Gannon,Sean McDermott,Tra Blake,BUF00,New Era Field
2024_01_TEN_CHI,2024,REG,1,2024-09-08,Sunday,13:00,TEN,17,CHI,24,Home,7,41,0,2024090802,59512,,202409080chi,,401671719,6453.0,7,7,164.0,-198.0,4.0,-108.0,-112.0,43.0,-110.0,-110.0,0,outdoors,grass,67.0,8.0,00-0039152,00-0039918,Will Levis,Caleb Williams,Brian Callahan,Matt Eberflus,Shawn Smith,CHI98,Soldier Field
2024_01_NE_CIN,2024,REG,1,2024-09-08,Sunday,13:00,NE,16,CIN,10,Home,-6,26,0,2024090803,59513,,202409080cin,,401671628,6454.0,7,7,295.0,-375.0,8.0,-110.0,-110.0,40.5,-112.0,-108.0,0,outdoors,fieldturf,66.0,5.0,00-0033119,00-0036442,Jacoby Brissett,Joe Burrow,Jerod Mayo,Zac Taylor,Land Clark,CIN00,Paycor Stadium
2024_01_HOU_IND,2024,REG,1,2024-09-08,Sunday,13:00,HOU,29,IND,27,Home,-2,56,0,2024090804,59514,,202409080clt,,401671861,6455.0,7,7,-155.0,130.0,-3.0,-108.0,-112.0,49.0,-112.0,-108.0,1,closed,fieldturf,,,00-0039163,00-0039164,C.J. Stroud,Anthony Richardson,DeMeco Ryans,Shane Steichen,John Hussey,IND00,Lucas Oil Stadium
2024_01_JAX_MIA,2024,REG,1,2024-09-08,Sunday,13:00,JAX,17,MIA,20,Home,3,37,0,2024090805,59515,,202409080mia,,401671849,6456.0,7,7,150.0,-180.0,3.5,-110.0,-110.0,49.5,-112.0,-108.0,0,outdoors,grass,91.0,10.0,00-0036971,00-0036212,Trevor Lawrence,Tua Tagovailoa,Doug Pederson,Mike McDaniel,Craig Wrolstad,MIA00,Hard Rock Stadium
2024_01_CAR_NO,2024,REG,1,2024-09-08,Sunday,13:00,CAR,10,NO,47,Home,37,57,0,2024090806,59516,,202409080nor,,401671734,6457.0,7,7,160.0,-192.0,3.5,-108.0,-112.0,41.5,-112.0,-108.0,1,dome,sportturf,,,00-0039150,00-0031280,Bryce Young,Derek Carr,Dave Canales,Dennis Allen,Alan Eck,NOR00,Mercedes-Benz Superdome
2024_01_MIN_NYG,2024,REG,1,2024-09-08,Sunday,13:00,MIN,28,NYG,6,Home,-22,34,0,2024090807,59517,,202409080nyg,,401671712,6458.0,7,7,-115.0,-105.0,-1.0,-108.0,-112.0,42.5,-108.0,-112.0,0,outdoors,fieldturf,64.0,10.0,00-0034869,00-0035710,Sam Darnold,Daniel Jones,Kevin O'Connell,Brian Daboll,Alex Kemp,NYC01,MetLife Stadium
2024_01_LV_LAC,2024,REG,1,2024-09-08,Sunday,16:05,LV,10,LAC,22,Home,12,32,0,2024090808,59518,,202409080sdg,,401671659,6459.0,7,7,130.0,-155.0,3.0,-118.0,-102.0,41.0,-108.0,-112.0,1,dome,matrixturf,,,00-0035289,00-0036355,Gardner Minshew,Justin Herbert,Antonio Pierce,Jim Harbaugh,Scott Novak,LAX01,SoFi Stadium
2024_01_DEN_SEA,2024,REG,1,2024-09-08,Sunday,16:05,DEN,20,SEA,26,Home,6,46,0,2024090809,59519,,202409080sea,,401671664,6460.0,7,7,225.0,-278.0,6.5,-110.0,-110.0,42.0,-108.0,-112.0,0,outdoors,fieldturf,65.0,7.0,00-0039732,00-0030565,Bo Nix,Geno Smith,Sean Payton,Mike Macdonald,Brad Allen,SEA00,Lumen Field
2024_01_DAL_CLE,2024,REG,1,2024-09-08,Sunday,16:25,DAL,33,CLE,17,Home,-16,50,0,2024090810,59520,,202409080cle,,401671761,6461.0,7,7,110.0,-130.0,2.5,-112.0,-108.0,42.0,-108.0,-112.0,0,outdoors,grass,69.0,17.0,00-0033077,00-0033537,Dak Prescott,Deshaun Watson,Mike McCarthy,Kevin Stefanski,Clete Blakeman,CLE00,FirstEnergy Stadium
2024_01_WAS_TB,2024,REG,1,2024-09-08,Sunday,16:25,WAS,20,TB,37,Home,17,57,0,2024090811,59521,,202409080tam,,401671770,6462.0,7,7,164.0,-198.0,4.0,-112.0,-108.0,42.0,-110.0,-110.0,0,outdoors,grass,93.0,6.0,00-0039910,00-0034855,Jayden Daniels,Baker Mayfield,Dan Quinn,Todd Bowles,Bill Vinovich,TAM00,Raymond James Stadium
2024_01_LA_DET,2024,REG,1,2024-09-08,Sunday,20:20,LA,20,DET,26,Home,6,46,1,2024090812,59522,,202409080det,,401671792,6463.0,7,7,185.0,-225.0,5.0,-108.0,-112.0,54.0,-112.0,-108.0,0,dome,fieldturf,,,00-0026498,00-0033106,Matthew Stafford,Jared Goff,Sean McVay,Dan Campbell,Adrian Hill,DET00,Ford Field
2024_01_NYJ_SF,2024,REG,1,2024-09-09,Monday,20:15,NYJ,19,SF,32,Home,13,51,0,2024090900,59523,,202409090sfo,,401671696,6464.0,7,7,150.0,-180.0,3.5,-115.0,-105.0,43.0,-108.0,-112.0,0,outdoors,grass,76.0,10.0,00-0023459,00-0037834,Aaron Rodgers,Brock Purdy,Robert Saleh,Kyle Shanahan,Carl Cheffers,SFO01,Levi's Stadium
2024_02_BUF_MIA,2024,REG,2,2024-09-12,Thursday,20:15,BUF,31,MIA,10,Home,-21,41,0,2024091200,59524,,202409120mia,,401671807,6465.0,4,4,114.0,-135.0,2.5,-110.0,-110.0,48.5,-105.0,-115.0,1,outdoors,grass,86.0,3.0,00-0034857,00-0036212,Josh Allen,Tua Tagovailoa,Sean McDermott,Mike McDaniel,Bill Vinovich,MIA00,Hard Rock Stadium
2024_02_LV_BAL,2024,REG,2,2024-09-15,Sunday,13:00,LV,26,BAL,23,Home,-3,49,0,2024091500,59525,,202409150rav,,401671624,6466.0,7,10,350.0,-455.0,9.0,-112.0,-108.0,41.0,-108.0,-112.0,0,outdoors,grass,76.0,10.0,00-0035289,00-0034796,Gardner Minshew,Lamar Jackson,Antonio Pierce,John Harbaugh,Tra Blake,BAL00,M&T Bank Stadium
2024_02_LAC_CAR,2024,REG,2,2024-09-15,Sunday,13:00,LAC,26,CAR,3,Home,-23,29,0,2024091501,59526,,202409150car,,401671652,6467.0,7,7,-225.0,185.0,-5.0,-110.0,-110.0,39.0,-112.0,-108.0,0,outdoors,grass,78.0,13.0,00-0036355,00-0039150,Justin Herbert,Bryce Young,Jim Harbaugh,Dave Canales,Brad Rogers,CAR00,Bank of America Stadium
2024_02_NO_DAL,2024,REG,2,2024-09-15,Sunday,13:00,NO,44,DAL,19,Home,-25,63,0,2024091502,59527,,202409150dal,,401671709,6468.0,7,7,235.0,-290.0,6.5,-112.0,-108.0,47.0,-108.0,-112.0,0,closed,matrixturf,,,00-0031280,00-0033077,Derek Carr,Dak Prescott,Dennis Allen,Mike McCarthy,Adrian Hill,DAL00,AT&T Stadium
2024_02_TB_DET,2024,REG,2,2024-09-15,Sunday,13:00,TB,20,DET,16,Home,-4,36,0,2024091503,59528,,202409150det,,401671721,6469.0,7,7,295.0,-375.0,7.5,-108.0,-112.0,51.5,-112.0,-108.0,0,dome,fieldturf,,,00-0034855,00-0033106,Baker Mayfield,Jared Goff,Todd Bowles,Dan Campbell,Clay Martin,DET00,Ford Field
2024_02_IND_GB,2024,REG,2,2024-09-15,Sunday,13:00,IND,10,GB,16,Home,6,26,0,2024091504,59529,,202409150gnb,,401671723,6470.0,7,9,-142.0,120.0,-3.0,-102.0,-118.0,41.5,-110.0,-110.0,0,outdoors,grass,85.0,7.0,00-0039164,00-0038128,Anthony Richardson,Malik Willis,Shane Steichen,Matt LaFleur,Shawn Hochuli,GNB00,Lambeau Field
2024_02_CLE_JAX,2024,REG,2,2024-09-15,Sunday,13:00,CLE,18,JAX,13,Home,-5,31,0,2024091505,59530,,202409150jax,,401671635,6471.0,7,7,142.0,-170.0,3.0,100.0,-120.0,41.5,-108.0,-112.0,0,outdoors,grass,80.0,12.0,00-0033537,00-0036971,Deshaun Watson,Trevor Lawrence,Kevin Stefanski,Doug Pederson,Adrian Hill,JAX00,TIAA Bank Stadium
2024_02_SF_MIN,2024,REG,2,2024-09-15,Sunday,13:00,SF,17,MIN,23,Home,6,40,0,2024091506,59531,,202409150min,,401671645,6472.0,6,7,-218.0,180.0,-4.5,-112.0,-108.0,46.5,-108.0,-112.0,0,dome,sportturf,,,00-0037834,00-0034869,Brock Purdy,Sam Darnold,Kyle Shanahan,Kevin O'Connell,Brad Allen,MIN01,U.S. Bank Stadium
2024_02_SEA_NE,2024,REG,2,2024-09-15,Sunday,13:00,SEA,23,NE,20,Home,-3,43,1,2024091507,59532,,202409150nwe,,401671702,6473.0,7,7,-170.0,142.0,-3.5,-102.0,-118.0,39.0,-110.0,-110.0,0,outdoors,fieldturf,77.0,5.0,00-0030565,00-0033119,Geno Smith,Jacoby Brissett,Mike Macdonald,Jerod Mayo,Carl Cheffers,BOS00,Gillette Stadium
2024_02_NYJ_TEN,2024,REG,2,2024-09-15,Sunday,13:00,NYJ,24,TEN,17,Home,-7,41,0,2024091508,59533,,202409150oti,,401671636,6474.0,6,7,-180.0,150.0,-3.5,-112.0,-108.0,41.5,-112.0,-108.0,0,outdoors,grass,80.0,13.0,00-0023459,00-0039152,Aaron Rodgers,Will Levis,Robert Saleh,Brian Callahan,Alan Eck,NAS00,Nissan Stadium
2024_02_NYG_WAS,2024,REG,2,2024-09-15,Sunday,13:00,NYG,18,WAS,21,Home,3,39,0,2024091509,59534,,202409150was,,401671716,6475.0,7,7,105.0,-125.0,1.5,-108.0,-112.0,42.5,-105.0,-115.0,1,outdoors,grass,82.0,11.0,00-0035710,00-0039910,Daniel Jones,Jayden Daniels,Brian Daboll,Dan Quinn,Scott Novak,WAS00,FedExField
2024_02_LA_ARI,2024,REG,2,2024-09-15,Sunday,16:05,LA,10,ARI,41,Home,31,51,0,2024091510,59535,,202409150crd,,401671754,6476.0,7,7,-112.0,-108.0,-1.0,-105.0,-115.0,47.5,-118.0,-102.0,1,closed,grass,,,00-0026498,00-0035228,Matthew Stafford,Kyler Murray,Sean McVay,Jonathan Gannon,John Hussey,PHO00,State Farm Stadium
2024_02_PIT_DEN,2024,REG,2,2024-09-15,Sunday,16:25,PIT,13,DEN,6,Home,-7,19,0,2024091511,59536,,202409150den,,401671668,6477.0,7,7,-155.0,130.0,-3.0,-102.0,-118.0,36.5,-112.0,-108.0,0,outdoors,grass,83.0,4.0,00-0036945,00-0039732,Justin Fields,Bo Nix,Mike Tomlin,Sean Payton,Clete Blakeman,DEN00,Empower Field at Mile High
2024_02_CIN_KC,2024,REG,2,2024-09-15,Sunday,16:25,CIN,25,KC,26,Home,1,51,0,2024091512,59537,,202409150kan,,401671670,6478.0,7,10,235.0,-290.0,6.5,-105.0,-115.0,47.5,-108.0,-112.0,0,outdoors,grass,89.0,8.0,00-0036442,00-0033873,Joe Burrow,Patrick Mahomes,Zac Taylor,Andy Reid,Alex Kemp,KAN00,GEHA Field at Arrowhead Stadium
2024_02_CHI_HOU,2024,REG,2,2024-09-15,Sunday,20:20,CHI,13,HOU,19,Home,6,32,0,2024091513,59538,,202409150htx,,401671786,6479.0,7,7,210.0,-258.0,6.0,-108.0,-112.0,45.5,-105.0,-115.0,0,closed,astroturf,,,00-0039918,00-0039163,Caleb Williams,C.J. Stroud,Matt Eberflus,DeMeco Ryans,Land Clark,HOU00,NRG Stadium
2024_02_ATL_PHI,2024,REG,2,2024-09-16,Monday,20:15,ATL,22,PHI,21,Home,-1,43,0,2024091600,59539,,202409160phi,,401671691,6480.0,8,10,215.0,-265.0,5.5,-105.0,-115.0,46.5,-110.0,-110.0,0,outdoors,grass,71.0,9.0,00-0029604,00-0036389,Kirk Cousins,Jalen Hurts,Raheem Morris,Nick Sirianni,Craig Wrolstad,PHI00,Lincoln Financial Field
2024_03_NE_NYJ,2024,REG,3,2024-09-19,Thursday,20:15,NE,3,NYJ,24,Home,21,27,0,2024091900,59540,,202409190nyj,,401671808,6481.0,4,4,230.0,-285.0,6.5,-110.0,-110.0,39.0,-108.0,-112.0,1,outdoors,fieldturf,75.0,5.0,00-0033119,00-0023459,Jacoby Brissett,Aaron Rodgers,Jerod Mayo,Robert Saleh,John Hussey,NYC01,MetLife Stadium
2024_03_NYG_CLE,2024,REG,3,2024-09-22,Sunday,13:00,NYG,21,CLE,15,Home,-6,36,0,2024092200,59541,,202409220cle,,401671855,6482.0,7,7,220.0,-270.0,6.5,-112.0,-108.0,38.0,-108.0,-112.0,0,outdoors,grass,76.0,4.0,00-0035710,00-0033537,Daniel Jones,Deshaun Watson,Brian Daboll,Kevin Stefanski,Craig Wrolstad,CLE00,FirstEnergy Stadium
2024_03_CHI_IND,2024,REG,3,2024-09-22,Sunday,13:00,CHI,16,IND,21,Home,5,37,0,2024092201,59542,,202409220clt,,401671865,6483.0,7,7,105.0,-125.0,1.5,-108.0,-112.0,43.0,-105.0,-115.0,0,closed,fieldturf,,,00-0039918,00-0039164,Caleb Williams,Anthony Richardson,Matt Eberflus,Shane Steichen,Adrian Hill,IND00,Lucas Oil Stadium
2024_03_HOU_MIN,2024,REG,3,2024-09-22,Sunday,13:00,HOU,7,MIN,34,Home,27,41,0,2024092202,59543,,202409220min,,401671646,6484.0,7,7,-135.0,114.0,-2.0,-112.0,-108.0,46.0,-108.0,-112.0,0,dome,sportturf,,,00-0039163,00-0034869,C.J. Stroud,Sam Darnold,DeMeco Ryans,Kevin O'Connell,Shawn Hochuli,MIN01,U.S. Bank Stadium
2024_03_PHI_NO,2024,REG,3,2024-09-22,Sunday,13:00,PHI,15,NO,12,Home,-3,27,0,2024092203,59544,,202409220nor,,401671736,6485.0,6,7,120.0,-142.0,2.5,-105.0,-115.0,49.0,-110.0,-110.0,0,dome,sportturf,,,00-0036389,00-0031280,Jalen Hurts,Derek Carr,Nick Sirianni,Dennis Allen,Scott Novak,NOR00,Mercedes-Benz Superdome
2024_03_LAC_PIT,2024,REG,3,2024-09-22,Sunday,13:00,LAC,10,PIT,20,Home,10,30,0,2024092204,59545,,202409220pit,,401671632,6486.0,7,7,124.0,-148.0,3.0,-118.0,-102.0,36.0,-115.0,-105.0,0,outdoors,grass,72.0,2.0,00-0036355,00-0036945,Justin Herbert,Justin Fields,Jim Harbaugh,Mike Tomlin,Alex Kemp,PIT00,Acrisure Stadium
2024_03_DEN_TB,2024,REG,3,2024-09-22,Sunday,13:00,DEN,26,TB,7,Home,-19,33,0,2024092205,59546,,202409220tam,,401671741,6487.0,7,7,200.0,-245.0,6.0,-112.0,-108.0,40.5,-108.0,-112.0,0,outdoors,grass,85.0,6.0,00-0039732,00-0034855,Bo Nix,Baker Mayfield,Sean Payton,Todd Bowles,Alan Eck,TAM00,Raymond James Stadium
2024_03_GB_TEN,2024,REG,3,2024-09-22,Sunday,13:00,GB,30,TEN,14,Home,-16,44,0,2024092206,59547,,202409220oti,,401671823,6488.0,7,7,136.0,-162.0,3.0,-112.0,-108.0,37.0,-108.0,-112.0,0,outdoors,grass,87.0,7.0,00-0038128,00-0039152,Malik Willis,Will Levis,Matt LaFleur,Brian Callahan,Clay Martin,NAS00,Nissan Stadium
2024_03_CAR_LV,2024,REG,3,2024-09-22,Sunday,16:05,CAR,36,LV,22,Home,-14,58,0,2024092207,59548,,202409220rai,,401671658,6489.0,7,7,200.0,-245.0,5.5,-110.0,-110.0,40.0,-108.0,-112.0,0,dome,grass,,,00-0027973,00-0035289,Andy Dalton,Gardner Minshew,Dave Canales,Antonio Pierce,Bill Vinovich,VEG00,Allegiant Stadium
2024_03_MIA_SEA,2024,REG,3,2024-09-22,Sunday,16:05,MIA,3,SEA,24,Home,21,27,0,2024092208,59549,,202409220sea,,401671662,6490.0,10,7,170.0,-205.0,4.0,-110.0,-110.0,41.5,-110.0,-110.0,0,outdoors,fieldturf,64.0,2.0,00-0037327,00-0030565,Skylar Thompson,Geno Smith,Mike McDaniel,Mike Macdonald,Land Clark,SEA00,Lumen Field
2024_03_DET_ARI,2024,REG,3,2024-09-22,Sunday,16:25,DET,20,ARI,13,Home,-7,33,0,2024092209,59550,,202409220crd,,401671771,6491.0,7,7,-148.0,124.0,-3.0,-102.0,-118.0,51.5,-112.0,-108.0,0,closed,grass,,,00-0033106,00-0035228,Jared Goff,Kyler Murray,Dan Campbell,Jonathan Gannon,Brad Rogers,PHO00,State Farm Stadium
2024_03_BAL_DAL,2024,REG,3,2024-09-22,Sunday,16:25,BAL,28,DAL,25,Home,-3,53,0,2024092210,59551,,202409220dal,,401671763,6492.0,7,7,-120.0,100.0,-1.5,-110.0,-110.0,47.5,-112.0,-108.0,0,closed,matrixturf,,,00-0034796,00-0033077,Lamar Jackson,Dak Prescott,John Harbaugh,Mike McCarthy,Ron Torbert,DAL00,AT&T Stadium
2024_03_SF_LA,2024,REG,3,2024-09-22,Sunday,16:25,SF,24,LA,27,Home,3,51,0,2024092211,59552,,202409220ram,,401671772,6493.0,7,7,-258.0,210.0,-6.0,-108.0,-112.0,44.5,-110.0,-110.0,1,dome,matrixturf,,,00-0037834,00-0026498,Brock Purdy,Matthew Stafford,Kyle Shanahan,Sean McVay,Clete Blakeman,LAX01,SoFi Stadium
2024_03_KC_ATL,2024,REG,3,2024-09-22,Sunday,20:20,KC,22,ATL,17,Home,-5,39,0,2024092212,59553,,202409220atl,,401671793,6494.0,7,6,-170.0,142.0,-3.0,-118.0,-102.0,46.0,-108.0,-112.0,0,closed,fieldturf,,,00-0033873,00-0029604,Patrick Mahomes,Kirk Cousins,Andy Reid,Raheem Morris,Tra Blake,ATL97,Mercedes-Benz Stadium
2024_03_JAX_BUF,2024,REG,3,2024-09-23,Monday,19:30,JAX,10,BUF,47,Home,37,57,0,2024092300,59554,,202409230buf,,401671682,6495.0,8,11,180.0,-218.0,4.0,-108.0,-112.0,46.5,-110.0,-110.0,0,outdoors,a_turf,68.0,5.0,00-0036971,00-0034857,Trevor Lawrence,Josh Allen,Doug Pederson,Sean McDermott,Shawn Smith,BUF00,New Era Field
2024_03_WAS_CIN,2024,REG,3,2024-09-23,Monday,20:15,WAS,38,CIN,33,Home,-5,71,0,2024092301,59555,,202409230cin,,401671490,6496.0,8,8,280.0,-355.0,7.5,-115.0,-105.0,46.0,-112.0,-108.0,0,outdoors,fieldturf,69.0,5.0,00-0039910,00-0036442,Jayden Daniels,Joe Burrow,Dan Quinn,Zac Taylor,Brad Allen,CIN00,Paycor Stadium
2024_04_DAL_NYG,2024,REG,4,2024-09-26,Thursday,20:15,DAL,20,NYG,15,Home,-5,35,0,2024092600,59556,,202409260nyg,,401671812,6497.0,4,4,-250.0,205.0,-5.5,-115.0,-105.0,45.0,-112.0,-108.0,1,outdoors,fieldturf,74.0,3.0,00-0033077,00-0035710,Dak Prescott,Daniel Jones,Mike McCarthy,Brian Daboll,Clay Martin,NYC01,MetLife Stadium
2024_04_NO_ATL,2024,REG,4,2024-09-29,Sunday,13:00,NO,24,ATL,26,Home,2,50,0,2024092900,59557,,202409290atl,,401671727,6498.0,7,7,120.0,-142.0,2.5,-105.0,-115.0,41.5,-112.0,-108.0,1,closed,fieldturf,,,00-0031280,00-0029604,Derek Carr,Kirk Cousins,Dennis Allen,Raheem Morris,John Hussey,ATL97,Mercedes-Benz Stadium
2024_04_CIN_CAR,2024,REG,4,2024-09-29,Sunday,13:00,CIN,34,CAR,24,Home,-10,58,0,2024092901,59558,,202409290car,,401671745,6499.0,6,7,-205.0,170.0,-4.5,-112.0,-108.0,47.0,-108.0,-112.0,0,outdoors,grass,78.0,6.0,00-0036442,00-0027973,Joe Burrow,Andy Dalton,Zac Taylor,Dave Canales,Adrian Hill,CAR00,Bank of America Stadium
2024_04_LA_CHI,2024,REG,4,2024-09-29,Sunday,13:00,LA,18,CHI,24,Home,6,42,0,2024092902,59559,,202409290chi,,401671871,6500.0,7,7,136.0,-162.0,3.0,-112.0,-108.0,40.0,-105.0,-115.0,0,outdoors,grass,70.0,16.0,00-0026498,00-0039918,Matthew Stafford,Caleb Williams,Sean McVay,Matt Eberflus,Brad Rogers,CHI98,Soldier Field
2024_04_MIN_GB,2024,REG,4,2024-09-29,Sunday,13:00,MIN,31,GB,29,Home,-2,60,0,2024092903,59560,,202409290gnb,,401671643,6501.0,7,7,114.0,-135.0,2.5,-102.0,-118.0,44.0,-112.0,-108.0,1,outdoors,grass,71.0,15.0,00-0034869,00-0036264,Sam Darnold,Jordan Love,Kevin O'Connell,Matt LaFleur,Bill Vinovich,GNB00,Lambeau Field
2024_04_JAX_HOU,2024,REG,4,2024-09-29,Sunday,13:00,JAX,20,HOU,24,Home,4,44,0,2024092904,59561,,202409290htx,,401671857,6502.0,6,7,195.0,-238.0,5.5,-108.0,-112.0,44.5,-108.0,-112.0,1,closed,astroturf,,,00-0036971,00-0039163,Trevor Lawrence,C.J. Stroud,Doug Pederson,DeMeco Ryans,Tra Blake,HOU00,NRG Stadium
2024_04_PIT_IND,2024,REG,4,2024-09-29,Sunday,13:00,PIT,24,IND,27,Home,3,51,0,2024092905,59562,,202409290clt,,401671867,6503.0,7,7,-130.0,110.0,-2.5,-108.0,-112.0,40.0,-110.0,-110.0,0,closed,fieldturf,,,00-0036945,00-0039164,Justin Fields,Anthony Richardson,Mike Tomlin,Shane Steichen,Land Clark,IND00,Lucas Oil Stadium
2024_04_DEN_NYJ,2024,REG,4,2024-09-29,Sunday,13:00,DEN,10,NYJ,9,Home,-1,19,0,2024092906,59563,,202409290nyj,,401671622,6504.0,7,10,330.0,-425.0,7.5,-108.0,-112.0,39.5,-112.0,-108.0,0,outdoors,fieldturf,67.0,8.0,00-0039732,00-0023459,Bo Nix,Aaron Rodgers,Sean Payton,Robert Saleh,Ron Torbert,NYC01,MetLife Stadium
2024_04_PHI_TB,2024,REG,4,2024-09-29,Sunday,13:00,PHI,16,TB,33,Home,17,49,0,2024092907,59564,,202409290tam,,401671740,6505.0,7,7,-115.0,-105.0,-1.0,-110.0,-110.0,42.0,-108.0,-112.0,0,outdoors,grass,88.0,9.0,00-0036389,00-0034855,Jalen Hurts,Baker Mayfield,Nick Sirianni,Todd Bowles,Carl Cheffers,TAM00,Raymond James Stadium
2024_04_WAS_ARI,2024,REG,4,2024-09-29,Sunday,16:05,WAS,42,ARI,14,Home,-28,56,0,2024092908,59565,,202409290crd,,401671755,6506.0,6,7,150.0,-180.0,3.5,-115.0,-105.0,49.0,-112.0,-108.0,0,closed,grass,,,00-0039910,00-0035228,Jayden Daniels,Kyler Murray,Dan Quinn,Jonathan Gannon,Craig Wrolstad,PHO00,State Farm Stadium
2024_04_NE_SF,2024,REG,4,2024-09-29,Sunday,16:05,NE,13,SF,30,Home,17,43,0,2024092909,59566,,202409290sfo,,401671758,6507.0,10,7,410.0,-550.0,10.5,-112.0,-108.0,41.5,-110.0,-110.0,0,outdoors,grass,71.0,5.0,00-0033119,00-0037834,Jacoby Brissett,Brock Purdy,Jerod Mayo,Kyle Shanahan,Scott Novak,SFO01,Levi's Stadium
2024_04_KC_LAC,2024,REG,4,2024-09-29,Sunday,16:25,KC,17,LAC,10,Home,-7,27,0,2024092910,59567,,202409290sdg,,401671674,6508.0,7,7,-345.0,275.0,-7.5,-108.0,-112.0,41.5,-108.0,-112.0,1,dome,matrixturf,,,00-0033873,00-0036355,Patrick Mahomes,Justin Herbert,Andy Reid,Jim Harbaugh,Shawn Smith,LAX01,SoFi Stadium
2024_04_CLE_LV,2024,REG,4,2024-09-29,Sunday,16:25,CLE,16,LV,20,Home,4,36,0,2024092911,59568,,202409290rai,,401671672,6509.0,7,7,-135.0,114.0,-2.5,-115.0,-105.0,36.5,-108.0,-112.0,0,dome,grass,,,00-0033537,00-0035289,Deshaun Watson,Gardner Minshew,Kevin Stefanski,Antonio Pierce,Brad Allen,VEG00,Allegiant Stadium
2024_04_BUF_BAL,2024,REG,4,2024-09-29,Sunday,20:20,BUF,10,BAL,35,Home,25,45,0,2024092912,59569,,202409290rav,,401671783,6510.0,6,7,114.0,-135.0,2.5,-108.0,-112.0,46.5,-110.0,-110.0,0,outdoors,grass,68.0,8.0,00-0034857,00-0034796,Josh Allen,Lamar Jackson,Sean McDermott,John Harbaugh,Alan Eck,BAL00,M&T Bank Stadium
2024_04_TEN_MIA,2024,REG,4,2024-09-30,Monday,19:30,TEN,31,MIA,12,Home,-19,43,0,2024093000,59570,,202409300mia,,401671683,6511.0,8,8,114.0,-135.0,2.5,-108.0,-112.0,37.0,-110.0,-110.0,0,outdoors,grass,86.0,9.0,00-0039152,00-0035993,Will Levis,Tyler Huntley,Brian Callahan,Mike McDaniel,Clete Blakeman,MIA00,Hard Rock Stadium
2024_04_SEA_DET,2024,REG,4,2024-09-30,Monday,20:15,SEA,29,DET,42,Home,13,71,0,2024093001,59571,,202409300det,,401671491,6512.0,8,8,154.0,-185.0,3.5,-108.0,-112.0,46.5,-108.0,-112.0,0,dome,fieldturf,,,00-0030565,00-0033106,Geno Smith,Jared Goff,Mike Macdonald,Dan Campbell,Alex Kemp,DET00,Ford Field
2024_05_TB_ATL,2024,REG,5,2024-10-03,Thursday,20:15,TB,30,ATL,36,Home,6,66,1,2024100300,59572,,202410030atl,,401671815,6513.0,4,4,120.0,-142.0,2.5,-102.0,-118.0,44.0,-110.0,-110.0,1,closed,fieldturf,,,00-0034855,00-0029604,Baker Mayfield,Kirk Cousins,Todd Bowles,Raheem Morris,Ron Torbert,ATL97,Mercedes-Benz Stadium
2024_05_NYJ_MIN,2024,REG,5,2024-10-06,Sunday,09:30,NYJ,17,MIN,23,Neutral,6,40,0,2024100600,59573,,202410060min,,401671804,6514.0,7,7,120.0,-142.0,2.5,-105.0,-115.0,42.0,-112.0,-108.0,0,outdoors,grass,59.0,8.0,00-0023459,00-0034869,Aaron Rodgers,Sam Darnold,Robert Saleh,Kevin O'Connell,Scott Novak,LON02,Tottenham Stadium
2024_05_CAR_CHI,2024,REG,5,2024-10-06,Sunday,13:00,CAR,10,CHI,36,Home,26,46,0,2024100601,59574,,202410060chi,,401671872,6515.0,7,7,164.0,-198.0,4.0,-108.0,-112.0,40.0,-108.0,-112.0,0,outdoors,grass,74.0,7.0,00-0027973,00-0039918,Andy Dalton,Caleb Williams,Dave Canales,Matt Eberflus,Tra Blake,CHI98,Soldier Field
2024_05_BAL_CIN,2024,REG,5,2024-10-06,Sunday,13:00,BAL,41,CIN,38,Home,-3,79,1,2024100602,59575,,202410060cin,,401671626,6516.0,7,7,-148.0,124.0,-2.5,-118.0,-102.0,48.5,-112.0,-108.0,1,outdoors,fieldturf,81.0,10.0,00-0034796,00-0036442,Lamar Jackson,Joe Burrow,John Harbaugh,Zac Taylor,Bill Vinovich,CIN00,Paycor Stadium
2024_05_BUF_HOU,2024,REG,5,2024-10-06,Sunday,13:00,BUF,20,HOU,23,Home,3,43,0,2024100603,59576,,202410060htx,,401671859,6517.0,7,7,-102.0,-118.0,1.0,-108.0,-112.0,48.0,-110.0,-110.0,0,closed,astroturf,,,00-0034857,00-0039163,Josh Allen,C.J. Stroud,Sean McDermott,DeMeco Ryans,Clay Martin,HOU00,NRG Stadium
2024_05_IND_JAX,2024,REG,5,2024-10-06,Sunday,13:00,IND,34,JAX,37,Home,3,71,0,2024100604,59577,,202410060jax,,401671633,6518.0,7,7,154.0,-185.0,3.5,-110.0,-110.0,45.0,-110.0,-110.0,1,outdoors,grass,74.0,4.0,00-0026158,00-0036971,Joe Flacco,Trevor Lawrence,Shane Steichen,Doug Pederson,Carl Cheffers,JAX00,TIAA Bank Stadium
2024_05_MIA_NE,2024,REG,5,2024-10-06,Sunday,13:00,MIA,15,NE,10,Home,-5,25,0,2024100605,59578,,202410060nwe,,401671700,6519.0,6,7,-130.0,110.0,-2.0,-112.0,-108.0,37.0,-108.0,-112.0,1,outdoors,fieldturf,65.0,2.0,00-0035993,00-0033119,Tyler Huntley,Jacoby Brissett,Mike McDaniel,Jerod Mayo,Adrian Hill,BOS00,Gillette Stadium
2024_05_CLE_WAS,2024,REG,5,2024-10-06,Sunday,13:00,CLE,13,WAS,34,Home,21,47,0,2024100606,59579,,202410060was,,401671718,6520.0,7,7,130.0,-155.0,3.0,-112.0,-108.0,44.0,-112.0,-108.0,0,outdoors,grass,73.0,5.0,00-0033537,00-0039910,Deshaun Watson,Jayden Daniels,Kevin Stefanski,Dan Quinn,Alan Eck,WAS00,FedExField
2024_05_LV_DEN,2024,REG,5,2024-10-06,Sunday,16:05,LV,18,DEN,34,Home,16,52,0,2024100607,59580,,202410060den,,401671747,6521.0,7,7,130.0,-155.0,3.0,-112.0,-108.0,36.0,-108.0,-112.0,1,outdoors,grass,73.0,7.0,00-0035289,00-0039732,Gardner Minshew,Bo Nix,Antonio Pierce,Sean Payton,Craig Wrolstad,DEN00,Empower Field at Mile High
2024_05_ARI_SF,2024,REG,5,2024-10-06,Sunday,16:05,ARI,24,SF,23,Home,-1,47,0,2024100608,59581,,202410060sfo,,401671756,6522.0,7,7,260.0,-325.0,7.0,-105.0,-115.0,48.5,-108.0,-112.0,1,outdoors,grass,89.0,3.0,00-0035228,00-0037834,Kyler Murray,Brock Purdy,Jonathan Gannon,Kyle Shanahan,Land Clark,SFO01,Levi's Stadium
2024_05_GB_LA,2024,REG,5,2024-10-06,Sunday,16:25,GB,24,LA,19,Home,-5,43,0,2024100609,59582,,202410060ram,,401671679,6523.0,7,7,-155.0,130.0,-3.0,-112.0,-108.0,49.5,-112.0,-108.0,0,dome,matrixturf,,,00-0036264,00-0026498,Jordan Love,Matthew Stafford,Matt LaFleur,Sean McVay,Brad Allen,LAX01,SoFi Stadium
2024_05_NYG_SEA,2024,REG,5,2024-10-06,Sunday,16:25,NYG,29,SEA,20,Home,-9,49,0,2024100610,59583,,202410060sea,,401671680,6524.0,10,6,250.0,-310.0,7.0,-112.0,-108.0,42.5,-110.0,-110.0,0,outdoors,fieldturf,61.0,3.0,00-0035710,00-0030565,Daniel Jones,Geno Smith,Brian Daboll,Mike Macdonald,Shawn Smith,SEA00,Lumen Field
2024_05_DAL_PIT,2024,REG,5,2024-10-06,Sunday,20:20,DAL,20,PIT,17,Home,-3,37,0,2024100611,59584,,202410060pit,,401671784,6525.0,10,7,114.0,-135.0,2.5,-108.0,-112.0,43.5,-108.0,-112.0,0,outdoors,grass,67.0,6.0,00-0033077,00-0036945,Dak Prescott,Justin Fields,Mike McCarthy,Mike Tomlin,Shawn Hochuli,PIT00,Acrisure Stadium
2024_05_NO_KC,2024,REG,5,2024-10-07,Monday,20:15,NO,13,KC,26,Home,13,39,0,2024100700,59585,,202410070kan,,401671687,6526.0,8,8,190.0,-230.0,5.5,-112.0,-108.0,43.0,-110.0,-110.0,0,outdoors,grass,70.0,1.0,00-0031280,00-0033873,Derek Carr,Patrick Mahomes,Dennis Allen,Andy Reid,Brad Rogers,KAN00,GEHA Field at Arrowhead Stadium
2024_06_SF_SEA,2024,REG,6,2024-10-10,Thursday,20:15,SF,36,SEA,24,Home,-12,60,0,2024101000,59586,,202410100sea,,401671819,6527.0,4,4,-198.0,164.0,-3.5,-118.0,-102.0,49.0,-110.0,-110.0,1,outdoors,fieldturf,59.0,10.0,00-0037834,00-0030565,Brock Purdy,Geno Smith,Kyle Shanahan,Mike Macdonald,Craig Wrolstad,SEA00,Lumen Field
2024_06_JAX_CHI,2024,REG,6,2024-10-13,Sunday,09:30,JAX,16,CHI,35,Neutral,19,51,0,2024101300,59587,,202410130chi,,401671802,6528.0,7,7,-120.0,100.0,-1.5,-108.0,-112.0,44.5,-108.0,-112.0,0,outdoors,grass,54.0,3.0,00-0036971,00-0039918,Trevor Lawrence,Caleb Williams,Doug Pederson,Matt Eberflus,Brad Allen,LON02,Tottenham Stadium
2024_06_WAS_BAL,2024,REG,6,2024-10-13,Sunday,13:00,WAS,23,BAL,30,Home,7,53,0,2024101301,59588,,202410130rav,,401671625,6529.0,7,7,230.0,-285.0,6.5,-108.0,-112.0,51.5,-110.0,-110.0,0,outdoors,grass,75.0,8.0,00-0039910,00-0034796,Jayden Daniels,Lamar Jackson,Dan Quinn,John Harbaugh,Land Clark,BAL00,M&T Bank Stadium
2024_06_ARI_GB,2024,REG,6,2024-10-13,Sunday,13:00,ARI,13,GB,34,Home,21,47,0,2024101302,59589,,202410130gnb,,401671722,6530.0,7,7,195.0,-238.0,5.5,-110.0,-110.0,47.0,-110.0,-110.0,0,outdoors,grass,50.0,4.0,00-0035228,00-0036264,Kyler Murray,Jordan Love,Jonathan Gannon,Matt LaFleur,Alex Kemp,GNB00,Lambeau Field
2024_06_HOU_NE,2024,REG,6,2024-10-13,Sunday,13:00,HOU,41,NE,21,Home,-20,62,0,2024101303,59590,,202410130nwe,,401671619,6531.0,7,7,-265.0,215.0,-6.5,-108.0,-112.0,38.5,-112.0,-108.0,0,outdoors,fieldturf,53.0,5.0,00-0039163,00-0039851,C.J. Stroud,Drake Maye,DeMeco Ryans,Jerod Mayo,Ron Torbert,BOS00,Gillette Stadium
2024_06_TB_NO,2024,REG,6,2024-10-13,Sunday,13:00,TB,51,NO,27,Home,-24,78,0,2024101304,59591,,202410130nor,,401671735,6532.0,10,6,-175.0,145.0,-3.5,-108.0,-112.0,42.5,-110.0,-110.0,1,dome,sportturf,,,00-0034855,00-0039376,Baker Mayfield,Spencer Rattler,Todd Bowles,Dennis Allen,Clete Blakeman,NOR00,Mercedes-Benz Superdome
2024_06_CLE_PHI,2024,REG,6,2024-10-13,Sunday,13:00,CLE,16,PHI,20,Home,4,36,0,2024101305,59592,,202410130phi,,401671714,6533.0,7,14,330.0,-425.0,8.0,-108.0,-112.0,42.0,-110.0,-110.0,0,outdoors,grass,82.0,10.0,00-0033537,00-0036389,Deshaun Watson,Jalen Hurts,Kevin Stefanski,Nick Sirianni,Shawn Hochuli,PHI00,Lincoln Financial Field
2024_06_IND_TEN,2024,REG,6,2024-10-13,Sunday,13:00,IND,20,TEN,17,Home,-3,37,0,2024101306,59593,,202410130oti,,401671820,6534.0,7,13,114.0,-135.0,2.5,-110.0,-110.0,42.0,-112.0,-108.0,1,outdoors,grass,80.0,12.0,00-0026158,00-0039152,Joe Flacco,Will Levis,Shane Steichen,Brian Callahan,Brad Rogers,NAS00,Nissan Stadium
2024_06_LAC_DEN,2024,REG,6,2024-10-13,Sunday,16:05,LAC,23,DEN,16,Home,-7,39,0,2024101307,59594,,202410130den,,401671655,6535.0,14,7,-155.0,130.0,-3.0,-105.0,-115.0,37.0,-108.0,-112.0,1,outdoors,grass,65.0,7.0,00-0036355,00-0039732,Justin Herbert,Bo Nix,Jim Harbaugh,Sean Payton,Tra Blake,DEN00,Empower Field at Mile High
2024_06_PIT_LV,2024,REG,6,2024-10-13,Sunday,16:05,PIT,32,LV,13,Home,-19,45,0,2024101308,59595,,202410130rai,,401671657,6536.0,7,7,-180.0,150.0,-3.5,-110.0,-110.0,36.5,-108.0,-112.0,0,dome,grass,,,00-0036945,00-0038579,Justin Fields,Aidan O'Connell,Mike Tomlin,Antonio Pierce,Alan Eck,VEG00,Allegiant Stadium
2024_06_ATL_CAR,2024,REG,6,2024-10-13,Sunday,16:25,ATL,38,CAR,20,Home,-18,58,0,2024101309,59596,,202410130car,,401671769,6537.0,10,7,-258.0,210.0,-6.0,-112.0,-108.0,45.5,-110.0,-110.0,1,outdoors,grass,79.0,9.0,00-0029604,00-0027973,Kirk Cousins,Andy Dalton,Raheem Morris,Dave Canales,Clay Martin,CAR00,Bank of America Stadium
2024_06_DET_DAL,2024,REG,6,2024-10-13,Sunday,16:25,DET,47,DAL,9,Home,-38,56,0,2024101310,59597,,202410130dal,,401671764,6538.0,13,7,-180.0,150.0,-3.5,-105.0,-115.0,52.5,-110.0,-110.0,0,closed,matrixturf,,,00-0033106,00-0033077,Jared Goff,Dak Prescott,Dan Campbell,Mike McCarthy,John Hussey,DAL00,AT&T Stadium
2024_06_CIN_NYG,2024,REG,6,2024-10-13,Sunday,20:20,CIN,17,NYG,7,Home,-10,24,0,2024101311,59598,,202410130nyg,,401671791,6539.0,7,7,-230.0,190.0,-4.5,-112.0,-108.0,46.0,-102.0,-118.0,0,outdoors,fieldturf,63.0,2.0,00-0036442,00-0035710,Joe Burrow,Daniel Jones,Zac Taylor,Brian Daboll,Carl Cheffers,NYC01,MetLife Stadium
2024_06_BUF_NYJ,2024,REG,6,2024-10-14,Monday,20:15,BUF,23,NYJ,20,Home,-3,43,0,2024101400,59599,,202410140nyj,,401671684,6540.0,8,8,-122.0,102.0,-1.0,-112.0,-108.0,42.0,-110.0,-110.0,1,outdoors,fieldturf,49.0,14.0,00-0034857,00-0023459,Josh Allen,Aaron Rodgers,Sean McDermott,Robert Saleh,Adrian Hill,NYC01,MetLife Stadium
2024_07_DEN_NO,2024,REG,7,2024-10-17,Thursday,20:15,DEN,33,NO,10,Home,-23,43,0,2024101700,59600,,202410170nor,,401671816,6541.0,4,4,-148.0,124.0,-2.5,-118.0,-102.0,37.0,-110.0,-110.0,0,dome,sportturf,,,00-0039732,00-0039376,Bo Nix,Spencer Rattler,Sean Payton,Dennis Allen,Land Clark,NOR00,Mercedes-Benz Superdome
2024_07_NE_JAX,2024,REG,7,2024-10-20,Sunday,09:30,NE,16,JAX,32,Neutral,16,48,0,2024102000,59601,,202410200jax,,401671801,6542.0,7,7,240.0,-298.0,6.5,-105.0,-115.0,42.0,-108.0,-112.0,0,outdoors,grass,63.0,12.0,00-0039851,00-0036971,Drake Maye,Trevor Lawrence,Jerod Mayo,Doug Pederson,Brad Rogers,LON00,Wembley Stadium
2024_07_SEA_ATL,2024,REG,7,2024-10-20,Sunday,13:00,SEA,34,ATL,14,Home,-20,48,0,2024102001,59602,,202410200atl,,401671730,6543.0,10,7,136.0,-162.0,3.0,-115.0,-105.0,51.5,-110.0,-110.0,0,closed,fieldturf,,,00-0030565,00-0029604,Geno Smith,Kirk Cousins,Mike Macdonald,Raheem Morris,Bill Vinovich,ATL97,Mercedes-Benz Stadium
2024_07_TEN_BUF,2024,REG,7,2024-10-20,Sunday,13:00,TEN,10,BUF,34,Home,24,44,0,2024102002,59603,,202410200buf,,401671616,6544.0,7,6,400.0,-535.0,9.5,-110.0,-110.0,41.0,-108.0,-112.0,0,outdoors,a_turf,66.0,12.0,00-0034771,00-0034857,Mason Rudolph,Josh Allen,Brian Callahan,Sean McDermott,John Hussey,BUF00,New Era Field
2024_07_CIN_CLE,2024,REG,7,2024-10-20,Sunday,13:00,CIN,21,CLE,14,Home,-7,35,0,2024102003,59604,,202410200cle,,401671853,6545.0,7,7,-230.0,190.0,-5.5,-110.0,-110.0,42.0,-112.0,-108.0,1,outdoors,grass,62.0,8.0,00-0036442,00-0033537,Joe Burrow,Deshaun Watson,Zac Taylor,Kevin Stefanski,Ron Torbert,CLE00,FirstEnergy Stadium
2024_07_HOU_GB,2024,REG,7,2024-10-20,Sunday,13:00,HOU,22,GB,24,Home,2,46,0,2024102004,59605,,202410200gnb,,401671644,6546.0,7,7,142.0,-170.0,3.0,100.0,-120.0,48.0,-108.0,-112.0,0,outdoors,grass,72.0,3.0,00-0039163,00-0036264,C.J. Stroud,Jordan Love,DeMeco Ryans,Matt LaFleur,Scott Novak,GNB00,Lambeau Field
2024_07_MIA_IND,2024,REG,7,2024-10-20,Sunday,13:00,MIA,10,IND,16,Home,6,26,0,2024102005,59606,,202410200clt,,401671864,6547.0,14,7,130.0,-155.0,3.0,-120.0,100.0,44.0,-108.0,-112.0,0,closed,fieldturf,,,00-0034177,00-0039164,Tim Boyle,Anthony Richardson,Mike McDaniel,Shane Steichen,Craig Wrolstad,IND00,Lucas Oil Stadium
2024_07_DET_MIN,2024,REG,7,2024-10-20,Sunday,13:00,DET,31,MIN,29,Home,-2,60,0,2024102006,59607,,202410200min,,401671724,6548.0,7,14,-102.0,-118.0,1.0,-108.0,-112.0,50.5,-112.0,-108.0,1,dome,sportturf,,,00-0033106,00-0034869,Jared Goff,Sam Darnold,Dan Campbell,Kevin O'Connell,Clay Martin,MIN01,U.S. Bank Stadium
2024_07_PHI_NYG,2024,REG,7,2024-10-20,Sunday,13:00,PHI,28,NYG,3,Home,-25,31,0,2024102007,59608,,202410200nyg,,401671710,6549.0,7,7,-166.0,140.0,-3.0,-120.0,100.0,42.0,-110.0,-110.0,1,outdoors,fieldturf,71.0,4.0,00-0036389,00-0035710,Jalen Hurts,Daniel Jones,Nick Sirianni,Brian Daboll,Tra Blake,NYC01,MetLife Stadium
2024_07_LV_LA,2024,REG,7,2024-10-20,Sunday,16:05,LV,15,LA,20,Home,5,35,0,2024102008,59609,,202410200ram,,401671663,6550.0,7,14,280.0,-355.0,7.0,-105.0,-115.0,43.0,-105.0,-115.0,0,dome,matrixturf,,,00-0038579,00-0026498,Aidan O'Connell,Matthew Stafford,Antonio Pierce,Sean McVay,Shawn Hochuli,LAX01,SoFi Stadium
2024_07_CAR_WAS,2024,REG,7,2024-10-20,Sunday,16:05,CAR,7,WAS,40,Home,33,47,0,2024102009,59610,,202410200was,,401671640,6551.0,7,7,400.0,-535.0,10.0,100.0,-120.0,51.0,-110.0,-110.0,0,outdoors,grass,76.0,2.0,00-0027973,00-0039910,Andy Dalton,Jayden Daniels,Dave Canales,Dan Quinn,Carl Cheffers,WAS00,FedExField
2024_07_KC_SF,2024,REG,7,2024-10-20,Sunday,16:25,KC,28,SF,18,Home,-10,46,0,2024102010,59611,,202410200sfo,,401671777,6552.0,13,10,120.0,-142.0,2.5,-105.0,-115.0,47.5,-110.0,-110.0,0,outdoors,grass,78.0,3.0,00-0033873,00-0037834,Patrick Mahomes,Brock Purdy,Andy Reid,Kyle Shanahan,Alan Eck,SFO01,Levi's Stadium
2024_07_NYJ_PIT,2024,REG,7,2024-10-20,Sunday,20:20,NYJ,15,PIT,37,Home,22,52,0,2024102011,59612,,202410200pit,,401671785,6553.0,6,7,-166.0,140.0,-3.0,-108.0,-112.0,40.0,-110.0,-110.0,0,outdoors,grass,60.0,4.0,00-0023459,00-0029263,Aaron Rodgers,Russell Wilson,Robert Saleh,Mike Tomlin,Shawn Smith,PIT00,Acrisure Stadium
2024_07_BAL_TB,2024,REG,7,2024-10-21,Monday,20:15,BAL,41,TB,31,Home,-10,72,0,2024102100,59613,,202410210tam,,401671695,6554.0,8,8,-225.0,185.0,-4.5,-110.0,-110.0,51.0,-110.0,-110.0,0,outdoors,grass,80.0,8.0,00-0034796,00-0034855,Lamar Jackson,Baker Mayfield,John Harbaugh,Todd Bowles,Alex Kemp,TAM00,Raymond James Stadium
2024_07_LAC_ARI,2024,REG,7,2024-10-21,Monday,21:00,LAC,15,ARI,17,Home,2,32,0,2024102101,59614,,202410210crd,,401671699,6555.0,8,8,-122.0,102.0,-1.0,-115.0,-105.0,44.0,-108.0,-112.0,0,closed,grass,,,00-0036355,00-0035228,Justin Herbert,Kyler Murray,Jim Harbaugh,Jonathan Gannon,Clete Blakeman,PHO00,State Farm Stadium
2024_08_MIN_LA,2024,REG,8,2024-10-24,Thursday,20:15,MIN,20,LA,30,Home,10,50,0,2024102400,59615,,202410240ram,,401671817,6556.0,4,4,-155.0,130.0,-3.0,-105.0,-115.0,47.5,-110.0,-110.0,0,dome,matrixturf,,,00-0034869,00-0026498,Sam Darnold,Matthew Stafford,Kevin O'Connell,Sean McVay,Tra Blake,LAX01,SoFi Stadium
2024_08_PHI_CIN,2024,REG,8,2024-10-27,Sunday,13:00,PHI,37,CIN,17,Home,-20,54,0,2024102710,59626,,202410270cin,,401671667,6567.0,7,7,124.0,-148.0,2.5,100.0,-120.0,47.5,-108.0,-112.0,0,outdoors,fieldturf,59.0,6.0,00-0036389,00-0036442,Jalen Hurts,Joe Burrow,Nick Sirianni,Zac Taylor,John Hussey,CIN00,Paycor Stadium
2024_08_BAL_CLE,2024,REG,8,2024-10-27,Sunday,13:00,BAL,24,CLE,29,Home,5,53,0,2024102700,59616,,202410270cle,,401671852,6557.0,6,7,-380.0,300.0,-7.5,-110.0,-110.0,44.5,-105.0,-115.0,1,outdoors,grass,52.0,4.0,00-0034796,00-0031503,Lamar Jackson,Jameis Winston,John Harbaugh,Kevin Stefanski,Shawn Smith,CLE00,FirstEnergy Stadium
2024_08_TEN_DET,2024,REG,8,2024-10-27,Sunday,13:00,TEN,14,DET,52,Home,38,66,0,2024102701,59617,,202410270det,,401671720,6558.0,7,7,550.0,-800.0,12.5,-105.0,-115.0,45.0,-108.0,-112.0,0,dome,fieldturf,,,00-0034771,00-0033106,Mason Rudolph,Jared Goff,Brian Callahan,Dan Campbell,Carl Cheffers,DET00,Ford Field
2024_08_IND_HOU,2024,REG,8,2024-10-27,Sunday,13:00,IND,20,HOU,23,Home,3,43,0,2024102702,59618,,202410270htx,,401671856,6559.0,7,7,185.0,-225.0,5.0,-112.0,-108.0,45.0,-108.0,-112.0,1,closed,astroturf,,,00-0026158,00-0039163,Joe Flacco,C.J. Stroud,Shane Steichen,DeMeco Ryans,Brad Allen,HOU00,NRG Stadium
2024_08_GB_JAX,2024,REG,8,2024-10-27,Sunday,13:00,GB,30,JAX,27,Home,-3,57,0,2024102703,59619,,202410270jax,,401671707,6560.0,7,7,-192.0,160.0,-3.5,-115.0,-105.0,49.0,-112.0,-108.0,0,outdoors,grass,84.0,4.0,00-0036264,00-0036971,Jordan Love,Trevor Lawrence,Matt LaFleur,Doug Pederson,Land Clark,JAX00,TIAA Bank Stadium
2024_08_ARI_MIA,2024,REG,8,2024-10-27,Sunday,13:00,ARI,28,MIA,27,Home,-1,55,0,2024102704,59620,,202410270mia,,401671850,6561.0,6,7,164.0,-198.0,4.0,-108.0,-112.0,46.5,-110.0,-110.0,0,outdoors,grass,82.0,14.0,00-0035228,00-0034177,Kyler Murray,Tim Boyle,Jonathan Gannon,Mike McDaniel,Clay Martin,MIA00,Hard Rock Stadium
2024_08_NYJ_NE,2024,REG,8,2024-10-27,Sunday,13:00,NYJ,22,NE,25,Home,3,47,0,2024102705,59621,,202410270nwe,,401671618,6562.0,7,7,-305.0,245.0,-7.0,-110.0,-110.0,41.0,-110.0,-110.0,1,outdoors,fieldturf,53.0,8.0,00-0023459,00-0039851,Aaron Rodgers,Drake Maye,Robert Saleh,Jerod Mayo,Craig Wrolstad,BOS00,Gillette Stadium
2024_08_ATL_TB,2024,REG,8,2024-10-27,Sunday,13:00,ATL,31,TB,26,Home,-5,57,0,2024102706,59622,,202410270tam,,401671739,6563.0,7,6,-122.0,102.0,-1.5,-110.0,-110.0,47.0,-108.0,-112.0,1,outdoors,grass,79.0,6.0,00-0029604,00-0034855,Kirk Cousins,Baker Mayfield,Raheem Morris,Todd Bowles,Shawn Hochuli,TAM00,Raymond James Stadium
2024_08_NO_LAC,2024,REG,8,2024-10-27,Sunday,16:05,NO,8,LAC,26,Home,18,34,0,2024102708,59624,,202410270sdg,,401671750,6565.0,10,6,250.0,-310.0,7.0,-110.0,-110.0,41.5,-108.0,-112.0,0,dome,matrixturf,,,00-0039376,00-0036355,Spencer Rattler,Justin Herbert,Dennis Allen,Jim Harbaugh,Alan Eck,LAX01,SoFi Stadium
2024_08_BUF_SEA,2024,REG,8,2024-10-27,Sunday,16:05,BUF,31,SEA,10,Home,-21,41,0,2024102709,59625,,202410270sea,,401671760,6566.0,7,7,-170.0,142.0,-3.0,-120.0,100.0,45.5,-105.0,-115.0,0,outdoors,fieldturf,55.0,14.0,00-0034857,00-0030565,Josh Allen,Geno Smith,Sean McDermott,Mike Macdonald,Ron Torbert,SEA00,Lumen Field
2024_08_CAR_DEN,2024,REG,8,2024-10-27,Sunday,16:25,CAR,14,DEN,28,Home,14,42,0,2024102711,59627,,202410270den,,401671600,6568.0,7,10,525.0,-750.0,13.0,-110.0,-110.0,40.5,-112.0,-108.0,0,outdoors,grass,76.0,4.0,00-0039150,00-0039732,Bryce Young,Bo Nix,Dave Canales,Sean Payton,Alex Kemp,DEN00,Empower Field at Mile High
2024_08_KC_LV,2024,REG,8,2024-10-27,Sunday,16:25,KC,27,LV,20,Home,-7,47,0,2024102712,59628,,202410270rai,,401671671,6569.0,7,7,-440.0,340.0,-9.0,-112.0,-108.0,42.0,-108.0,-112.0,1,dome,grass,,,00-0033873,00-0038579,Patrick Mahomes,Aidan O'Connell,Andy Reid,Antonio Pierce,Adrian Hill,VEG00,Allegiant Stadium
2024_08_CHI_WAS,2024,REG,8,2024-10-27,Sunday,16:25,CHI,15,WAS,18,Home,3,33,0,2024102707,59623,,202410270was,,401671599,6564.0,14,7,102.0,-122.0,1.5,-110.0,-110.0,46.5,-108.0,-112.0,0,outdoors,grass,58.0,2.0,00-0039918,00-0039910,Caleb Williams,Jayden Daniels,Matt Eberflus,Dan Quinn,Clete Blakeman,WAS00,FedExField
2024_08_DAL_SF,2024,REG,8,2024-10-27,Sunday,20:20,DAL,24,SF,30,Home,6,54,0,2024102713,59629,,202410270sfo,,401671795,6570.0,14,7,195.0,-238.0,5.5,-105.0,-115.0,48.0,-110.0,-110.0,0,outdoors,grass,69.0,9.0,00-0033077,00-0037834,Dak Prescott,Brock Purdy,Mike McCarthy,Kyle Shanahan,Bill Vinovich,SFO01,Levi's Stadium
2024_08_NYG_PIT,2024,REG,8,2024-10-28,Monday,20:15,NYG,18,PIT,26,Home,8,44,0,2024102800,59630,,202410280pit,,401671685,6571.0,8,8,220.0,-270.0,6.0,-105.0,-115.0,37.5,-110.0,-110.0,0,outdoors,grass,54.0,7.0,00-0035710,00-0029263,Daniel Jones,Russell Wilson,Brian Daboll,Mike Tomlin,Scott Novak,PIT00,Acrisure Stadium
2024_09_HOU_NYJ,2024,REG,9,2024-10-31,Thursday,20:15,HOU,13,NYJ,21,Home,8,34,0,2024103100,59631,,202410310nyj,,401671809,6572.0,4,4,124.0,-148.0,2.5,100.0,-120.0,43.5,-105.0,-115.0,0,outdoors,fieldturf,71.0,8.0,00-0039163,00-0023459,C.J. Stroud,Aaron Rodgers,DeMeco Ryans,Robert Saleh,Shawn Hochuli,NYC01,MetLife Stadium
2024_09_DAL_ATL,2024,REG,9,2024-11-03,Sunday,13:00,DAL,21,ATL,27,Home,6,48,0,2024110300,59632,,202411030atl,,401671728,6573.0,7,7,140.0,-166.0,3.0,-105.0,-115.0,52.0,-112.0,-108.0,0,closed,fieldturf,,,00-0033077,00-0029604,Dak Prescott,Kirk Cousins,Mike McCarthy,Raheem Morris,Scott Novak,ATL97,Mercedes-Benz Stadium
2024_09_DEN_BAL,2024,REG,9,2024-11-03,Sunday,13:00,DEN,10,BAL,41,Home,31,51,0,2024110301,59633,,202411030rav,,401671623,6574.0,7,7,330.0,-440.0,9.0,-115.0,-105.0,46.5,-110.0,-110.0,0,outdoors,grass,57.0,3.0,00-0039732,00-0034796,Bo Nix,Lamar Jackson,Sean Payton,John Harbaugh,Adrian Hill,BAL00,M&T Bank Stadium
2024_09_MIA_BUF,2024,REG,9,2024-11-03,Sunday,13:00,MIA,27,BUF,30,Home,3,57,0,2024110302,59634,,202411030buf,,401671493,6575.0,7,7,230.0,-285.0,6.5,-110.0,-110.0,49.0,-108.0,-112.0,1,outdoors,a_turf,54.0,9.0,00-0036212,00-0034857,Tua Tagovailoa,Josh Allen,Mike McDaniel,Sean McDermott,Tra Blake,BUF00,New Era Field
2024_09_NO_CAR,2024,REG,9,2024-11-03,Sunday,13:00,NO,22,CAR,23,Home,1,45,0,2024110303,59635,,202411030car,,401671650,6576.0,7,7,-345.0,275.0,-7.0,-118.0,-102.0,43.5,-108.0,-112.0,1,outdoors,grass,66.0,7.0,00-0031280,00-0039150,Derek Carr,Bryce Young,Dennis Allen,Dave Canales,Ron Torbert,CAR00,Bank of America Stadium
2024_09_LV_CIN,2024,REG,9,2024-11-03,Sunday,13:00,LV,24,CIN,41,Home,17,65,0,2024110304,59636,,202411030cin,,401671704,6577.0,7,7,320.0,-410.0,8.0,-110.0,-110.0,45.0,-108.0,-112.0,0,outdoors,fieldturf,67.0,7.0,00-0035289,00-0036442,Gardner Minshew,Joe Burrow,Antonio Pierce,Zac Taylor,Brad Rogers,CIN00,Paycor Stadium
2024_09_LAC_CLE,2024,REG,9,2024-11-03,Sunday,13:00,LAC,27,CLE,10,Home,-17,37,0,2024110305,59637,,202411030cle,,401671629,6578.0,7,7,-130.0,110.0,-2.0,-110.0,-110.0,42.5,-108.0,-112.0,0,outdoors,grass,57.0,10.0,00-0036355,00-0031503,Justin Herbert,Jameis Winston,Jim Harbaugh,Kevin Stefanski,Bill Vinovich,CLE00,FirstEnergy Stadium
2024_09_WAS_NYG,2024,REG,9,2024-11-03,Sunday,13:00,WAS,27,NYG,22,Home,-5,49,0,2024110307,59639,,202411030nyg,,401671711,6580.0,7,6,-218.0,180.0,-4.5,-108.0,-112.0,44.5,-110.0,-110.0,1,outdoors,fieldturf,52.0,6.0,00-0032268,00-0035710,Marcus Mariota,Daniel Jones,Dan Quinn,Brian Daboll,Brad Allen,NYC01,MetLife Stadium
2024_09_NE_TEN,2024,REG,9,2024-11-03,Sunday,13:00,NE,17,TEN,20,Home,3,37,1,2024110308,59640,,202411030oti,,401671822,6581.0,7,7,136.0,-162.0,3.0,-105.0,-115.0,38.5,-110.0,-110.0,0,outdoors,grass,75.0,10.0,00-0039851,00-0034771,Drake Maye,Mason Rudolph,Jerod Mayo,Brian Callahan,Alex Kemp,NAS00,Nissan Stadium
2024_09_CHI_ARI,2024,REG,9,2024-11-03,Sunday,16:05,CHI,9,ARI,29,Home,20,38,0,2024110309,59641,,202411030crd,,401671661,6582.0,7,7,100.0,-120.0,1.5,-110.0,-110.0,44.5,-110.0,-110.0,0,closed,grass,,,00-0039918,00-0035228,Caleb Williams,Kyler Murray,Matt Eberflus,Jonathan Gannon,Carl Cheffers,PHO00,State Farm Stadium
2024_09_JAX_PHI,2024,REG,9,2024-11-03,Sunday,16:05,JAX,23,PHI,28,Home,5,51,0,2024110312,59644,,202411030phi,,401671797,6585.0,7,7,270.0,-340.0,7.5,-112.0,-108.0,46.0,-110.0,-110.0,0,outdoors,grass,57.0,6.0,00-0036971,00-0036389,Trevor Lawrence,Jalen Hurts,Doug Pederson,Nick Sirianni,Alan Eck,PHI00,Lincoln Financial Field
2024_09_DET_GB,2024,REG,9,2024-11-03,Sunday,16:25,DET,24,GB,14,Home,-10,38,0,2024110310,59642,,202411030gnb,,401671767,6583.0,7,7,-155.0,130.0,-2.5,-120.0,100.0,47.5,-108.0,-112.0,1,outdoors,grass,50.0,15.0,00-0033106,00-0036264,Jared Goff,Jordan Love,Dan Campbell,Matt LaFleur,Clete Blakeman,GNB00,Lambeau Field
2024_09_LA_SEA,2024,REG,9,2024-11-03,Sunday,16:25,LA,26,SEA,20,Home,-6,46,1,2024110311,59643,,202411030sea,,401671776,6584.0,10,7,-125.0,105.0,-1.5,-112.0,-108.0,48.5,-110.0,-110.0,1,outdoors,fieldturf,52.0,4.0,00-0026498,00-0030565,Matthew Stafford,Geno Smith,Sean McVay,Mike Macdonald,Clay Martin,SEA00,Lumen Field
2024_09_IND_MIN,2024,REG,9,2024-11-03,Sunday,20:20,IND,13,MIN,21,Home,8,34,0,2024110306,59638,,202411030min,,401671647,6579.0,7,10,240.0,-298.0,6.5,-110.0,-110.0,47.0,-110.0,-110.0,0,dome,sportturf,,,00-0026158,00-0034869,Joe Flacco,Sam Darnold,Shane Steichen,Kevin O'Connell,Shawn Smith,MIN01,U.S. Bank Stadium
2024_09_TB_KC,2024,REG,9,2024-11-04,Monday,20:15,TB,24,KC,30,Home,6,54,1,2024110400,59645,,202411040kan,,401671688,6586.0,8,8,330.0,-425.0,9.0,-110.0,-110.0,45.5,-108.0,-112.0,0,outdoors,grass,63.0,6.0,00-0034855,00-0033873,Baker Mayfield,Patrick Mahomes,Todd Bowles,Andy Reid,John Hussey,KAN00,GEHA Field at Arrowhead Stadium
2024_10_CIN_BAL,2024,REG,10,2024-11-07,Thursday,20:15,CIN,34,BAL,35,Home,1,69,0,2024110700,59646,,202411070rav,,401671810,6587.0,4,4,220.0,-270.0,6.0,-108.0,-112.0,53.0,-108.0,-112.0,1,outdoors,grass,69.0,6.0,00-0036442,00-0034796,Joe Burrow,Lamar Jackson,Zac Taylor,John Harbaugh,Clete Blakeman,BAL00,M&T Bank Stadium
2024_10_NYG_CAR,2024,REG,10,2024-11-10,Sunday,09:30,NYG,17,CAR,20,Neutral,3,37,1,2024111000,59647,,202411100car,,401671803,6588.0,7,7,-298.0,240.0,-6.5,-118.0,-102.0,40.5,-115.0,-105.0,0,outdoors,,,,00-0035710,00-0027973,Daniel Jones,Andy Dalton,Brian Daboll,Dave Canales,Shawn Hochuli,GER00,Allianz Arena
2024_10_NE_CHI,2024,REG,10,2024-11-10,Sunday,13:00,NE,19,CHI,3,Home,-16,22,0,2024111001,59648,,202411100chi,,401671873,6589.0,7,7,260.0,-325.0,6.5,-110.0,-110.0,37.5,-112.0,-108.0,0,outdoors,grass,60.0,6.0,00-0039851,00-0039918,Drake Maye,Caleb Williams,Jerod Mayo,Matt Eberflus,Land Clark,CHI98,Soldier Field
2024_10_BUF_IND,2024,REG,10,2024-11-10,Sunday,13:00,BUF,30,IND,20,Home,-10,50,0,2024111002,59649,,202411100clt,,401671863,6590.0,7,7,-230.0,190.0,-4.5,-115.0,-105.0,46.5,-108.0,-112.0,0,closed,fieldturf,,,00-0034857,00-0026158,Josh Allen,Joe Flacco,Sean McDermott,Shane Steichen,Scott Novak,IND00,Lucas Oil Stadium
2024_10_MIN_JAX,2024,REG,10,2024-11-10,Sunday,13:00,MIN,12,JAX,7,Home,-5,19,0,2024111003,59650,,202411100jax,,401671708,6591.0,7,7,-345.0,280.0,-7.0,-120.0,100.0,42.5,-108.0,-112.0,0,outdoors,grass,79.0,7.0,00-0034869,00-0036972,Sam Darnold,Mac Jones,Kevin O'Connell,Doug Pederson,Adrian Hill,JAX00,TIAA Bank Stadium
2024_10_DEN_KC,2024,REG,10,2024-11-10,Sunday,13:00,DEN,14,KC,16,Home,2,30,0,2024111004,59651,,202411100kan,,401671637,6592.0,7,6,300.0,-380.0,7.5,-115.0,-105.0,42.5,-110.0,-110.0,1,outdoors,grass,57.0,12.0,00-0039732,00-0033873,Bo Nix,Patrick Mahomes,Sean Payton,Andy Reid,Brad Allen,KAN00,GEHA Field at Arrowhead Stadium
2024_10_ATL_NO,2024,REG,10,2024-11-10,Sunday,13:00,ATL,17,NO,20,Home,3,37,0,2024111005,59652,,202411100nor,,401671733,6593.0,7,7,-192.0,160.0,-3.5,-112.0,-108.0,46.5,-112.0,-108.0,1,dome,sportturf,,,00-0029604,00-0031280,Kirk Cousins,Derek Carr,Raheem Morris,Dennis Allen,Carl Cheffers,NOR00,Mercedes-Benz Superdome
2024_10_SF_TB,2024,REG,10,2024-11-10,Sunday,13:00,SF,23,TB,20,Home,-3,43,0,2024111006,59653,,202411100tam,,401671742,6594.0,14,6,-298.0,240.0,-6.5,-118.0,-102.0,50.5,-112.0,-108.0,0,outdoors,grass,85.0,9.0,00-0037834,00-0034855,Brock Purdy,Baker Mayfield,Kyle Shanahan,Todd Bowles,Shawn Smith,TAM00,Raymond James Stadium
2024_10_PIT_WAS,2024,REG,10,2024-11-10,Sunday,13:00,PIT,28,WAS,27,Home,-1,55,0,2024111007,59654,,202411100was,,401671641,6595.0,13,7,102.0,-122.0,1.5,-110.0,-110.0,45.0,-108.0,-112.0,0,outdoors,grass,57.0,9.0,00-0029263,00-0032268,Russell Wilson,Marcus Mariota,Mike Tomlin,Dan Quinn,Brad Rogers,WAS00,FedExField
2024_10_TEN_LAC,2024,REG,10,2024-11-10,Sunday,16:05,TEN,17,LAC,27,Home,10,44,0,2024111008,59655,,202411100sdg,,401671751,6596.0,7,7,300.0,-380.0,8.0,-108.0,-112.0,40.0,-110.0,-110.0,0,dome,matrixturf,,,00-0034771,00-0036355,Mason Rudolph,Justin Herbert,Brian Callahan,Jim Harbaugh,Craig Wrolstad,LAX01,SoFi Stadium
2024_10_NYJ_ARI,2024,REG,10,2024-11-10,Sunday,16:25,NYJ,6,ARI,31,Home,25,37,0,2024111009,59656,,202411100crd,,401671678,6597.0,10,7,-130.0,110.0,-2.0,-110.0,-110.0,45.5,-108.0,-112.0,0,closed,grass,,,00-0023459,00-0035228,Aaron Rodgers,Kyler Murray,Robert Saleh,Jonathan Gannon,John Hussey,PHO00,State Farm Stadium
2024_10_PHI_DAL,2024,REG,10,2024-11-10,Sunday,16:25,PHI,34,DAL,6,Home,-28,40,0,2024111010,59657,,202411100dal,,401671676,6598.0,7,7,-360.0,285.0,-7.5,-108.0,-112.0,44.5,-110.0,-110.0,1,closed,matrixturf,,,00-0036389,00-0033662,Jalen Hurts,Cooper Rush,Nick Sirianni,Mike McCarthy,Alex Kemp,DAL00,AT&T Stadium
2024_10_DET_HOU,2024,REG,10,2024-11-10,Sunday,20:20,DET,26,HOU,23,Home,-3,49,0,2024111011,59658,,202411100htx,,401671787,6599.0,7,10,-230.0,190.0,-4.5,-110.0,-110.0,49.0,-110.0,-112.0,0,closed,astroturf,,,00-0033106,00-0039163,Jared Goff,C.J. Stroud,Dan Campbell,DeMeco Ryans,Bill Vinovich,HOU00,NRG Stadium
2024_10_MIA_LA,2024,REG,10,2024-11-11,Monday,20:15,MIA,23,LA,15,Home,-8,38,0,2024111100,59659,,202411110ram,,401671693,6600.0,8,8,120.0,-142.0,2.5,-102.0,-118.0,49.5,-108.0,-112.0,0,dome,matrixturf,,,00-0036212,00-0026498,Tua Tagovailoa,Matthew Stafford,Mike McDaniel,Sean McVay,Ron Torbert,LAX01,SoFi Stadium
2024_11_WAS_PHI,2024,REG,11,2024-11-14,Thursday,20:15,WAS,18,PHI,26,Home,8,44,0,2024111400,59660,,202411140phi,,401671813,6601.0,4,4,190.0,-230.0,4.5,-110.0,-110.0,49.5,-110.0,-110.0,1,outdoors,grass,46.0,9.0,00-0032268,00-0036389,Marcus Mariota,Jalen Hurts,Dan Quinn,Nick Sirianni,Adrian Hill,PHI00,Lincoln Financial Field
2024_11_GB_CHI,2024,REG,11,2024-11-17,Sunday,13:00,GB,20,CHI,19,Home,-1,39,0,2024111700,59661,,202411170chi,,401671869,6602.0,14,7,-265.0,215.0,-6.0,-115.0,-105.0,41.0,-108.0,-112.0,1,outdoors,grass,54.0,5.0,00-0036264,00-0039918,Jordan Love,Caleb Williams,Matt LaFleur,Matt Eberflus,Bill Vinovich,CHI98,Soldier Field
2024_11_JAX_DET,2024,REG,11,2024-11-17,Sunday,13:00,JAX,6,DET,52,Home,46,58,0,2024111701,59662,,202411170det,,401671642,6603.0,7,7,650.0,-1000.0,14.0,-105.0,-115.0,47.5,-110.0,-110.0,0,dome,fieldturf,,,00-0036972,00-0033106,Mac Jones,Jared Goff,Doug Pederson,Dan Campbell,Scott Novak,DET00,Ford Field
2024_11_LV_MIA,2024,REG,11,2024-11-17,Sunday,13:00,LV,19,MIA,34,Home,15,53,0,2024111702,59663,,202411170mia,,401671851,6604.0,14,6,330.0,-425.0,8.0,-105.0,-115.0,43.5,-112.0,-108.0,0,outdoors,grass,80.0,16.0,00-0035289,00-0036212,Gardner Minshew,Tua Tagovailoa,Antonio Pierce,Mike McDaniel,John Hussey,MIA00,Hard Rock Stadium
2024_11_LA_NE,2024,REG,11,2024-11-17,Sunday,13:00,LA,28,NE,22,Home,-6,50,0,2024111703,59664,,202411170nwe,,401671701,6605.0,6,7,-198.0,164.0,-4.0,-108.0,-112.0,42.5,-112.0,-108.0,0,outdoors,fieldturf,59.0,9.0,00-0026498,00-0039851,Matthew Stafford,Drake Maye,Sean McVay,Jerod Mayo,Shawn Smith,BOS00,Gillette Stadium
2024_11_CLE_NO,2024,REG,11,2024-11-17,Sunday,13:00,CLE,14,NO,35,Home,21,49,0,2024111704,59665,,202411170nor,,401671746,6606.0,14,7,-115.0,-105.0,-1.0,-110.0,-110.0,44.0,-110.0,-110.0,0,dome,sportturf,,,00-0031503,00-0031280,Jameis Winston,Derek Carr,Kevin Stefanski,Dennis Allen,Alex Kemp,NOR00,Mercedes-Benz Superdome
2024_11_IND_NYJ,2024,REG,11,2024-11-17,Sunday,13:00,IND,28,NYJ,27,Home,-1,55,0,2024111711,59672,,202411170nyj,,401671782,6613.0,7,7,170.0,-205.0,4.0,-110.0,-110.0,43.0,-110.0,-110.0,0,outdoors,fieldturf,62.0,4.0,00-0026158,00-0023459,Joe Flacco,Aaron Rodgers,Shane Steichen,Robert Saleh,Tra Blake,NYC01,MetLife Stadium
2024_11_BAL_PIT,2024,REG,11,2024-11-17,Sunday,13:00,BAL,16,PIT,18,Home,2,34,0,2024111705,59666,,202411170pit,,401671630,6607.0,10,7,-175.0,145.0,-3.0,-120.0,100.0,48.0,-108.0,-112.0,1,outdoors,grass,52.0,5.0,00-0034796,00-0029263,Lamar Jackson,Russell Wilson,John Harbaugh,Mike Tomlin,Clay Martin,PIT00,Acrisure Stadium
2024_11_MIN_TEN,2024,REG,11,2024-11-17,Sunday,13:00,MIN,23,TEN,13,Home,-10,36,0,2024111706,59667,,202411170oti,,401671824,6608.0,7,7,-290.0,235.0,-6.0,-118.0,-102.0,40.0,-110.0,-110.0,0,outdoors,grass,66.0,7.0,00-0034869,00-0034771,Sam Darnold,Mason Rudolph,Kevin O'Connell,Brian Callahan,Clete Blakeman,NAS00,Nissan Stadium
2024_11_ATL_DEN,2024,REG,11,2024-11-17,Sunday,16:05,ATL,6,DEN,38,Home,32,44,0,2024111707,59668,,202411170den,,401671748,6609.0,7,7,114.0,-135.0,2.0,-108.0,-112.0,44.5,-112.0,-108.0,0,outdoors,grass,55.0,9.0,00-0029604,00-0039732,Kirk Cousins,Bo Nix,Raheem Morris,Sean Payton,Alan Eck,DEN00,Empower Field at Mile High
2024_11_SEA_SF,2024,REG,11,2024-11-17,Sunday,16:05,SEA,20,SF,17,Home,-3,37,0,2024111708,59669,,202411170sfo,,401671757,6610.0,14,7,215.0,-265.0,6.0,-110.0,-110.0,49.0,-112.0,-108.0,1,outdoors,grass,59.0,4.0,00-0030565,00-0037834,Geno Smith,Brock Purdy,Mike Macdonald,Kyle Shanahan,Brad Rogers,SFO01,Levi's Stadium
2024_11_KC_BUF,2024,REG,11,2024-11-17,Sunday,16:25,KC,21,BUF,30,Home,9,51,0,2024111709,59670,,202411170buf,,401671665,6611.0,7,7,120.0,-142.0,2.5,-108.0,-112.0,46.5,-108.0,-112.0,0,outdoors,a_turf,50.0,3.0,00-0033873,00-0034857,Patrick Mahomes,Josh Allen,Andy Reid,Sean McDermott,Land Clark,BUF00,New Era Field
2024_11_CIN_LAC,2024,REG,11,2024-11-17,Sunday,20:20,CIN,27,LAC,34,Home,7,61,0,2024111710,59671,,202411170sdg,,401671675,6612.0,10,7,-110.0,-110.0,1.0,-118.0,-102.0,48.0,-105.0,-115.0,0,dome,matrixturf,,,00-0036442,00-0036355,Joe Burrow,Justin Herbert,Zac Taylor,Jim Harbaugh,Brad Allen,LAX01,SoFi Stadium
2024_11_HOU_DAL,2024,REG,11,2024-11-18,Monday,20:15,HOU,34,DAL,10,Home,-24,44,0,2024111800,59673,,202411180dal,,401671694,6614.0,8,8,-360.0,285.0,-7.5,100.0,-120.0,41.5,-105.0,-115.0,0,closed,matrixturf,,,00-0039163,00-0033662,C.J. Stroud,Cooper Rush,DeMeco Ryans,Mike McCarthy,Craig Wrolstad,DAL00,AT&T Stadium
2024_12_PIT_CLE,2024,REG,12,2024-11-21,Thursday,20:15,PIT,19,CLE,24,Home,5,43,0,2024112100,59674,,202411210cle,,401671875,6615.0,4,4,-205.0,170.0,-3.5,-115.0,-105.0,36.5,-108.0,-112.0,1,outdoors,grass,36.0,13.0,00-0029263,00-0031503,Russell Wilson,Jameis Winston,Mike Tomlin,Kevin Stefanski,Brad Allen,CLE00,FirstEnergy Stadium
2024_12_KC_CAR,2024,REG,12,2024-11-24,Sunday,13:00,KC,30,CAR,27,Home,-3,57,0,2024112400,59675,,202411240car,,401671651,6616.0,7,14,-700.0,500.0,-11.0,-112.0,-108.0,43.0,-110.0,-110.0,0,outdoors,grass,61.0,5.0,00-0033873,00-0027973,Patrick Mahomes,Andy Dalton,Andy Reid,Dave Canales,Shawn Smith,CAR00,Bank of America Stadium
2024_12_MIN_CHI,2024,REG,12,2024-11-24,Sunday,13:00,MIN,30,CHI,27,Home,-3,57,1,2024112401,59676,,202411240chi,,401671870,6617.0,7,7,-175.0,145.0,-3.0,-120.0,100.0,39.5,-108.0,-112.0,1,outdoors,grass,47.0,5.0,00-0034869,00-0039918,Sam Darnold,Caleb Williams,Kevin O'Connell,Matt Eberflus,Clay Martin,CHI98,Soldier Field
2024_12_TEN_HOU,2024,REG,12,2024-11-24,Sunday,13:00,TEN,32,HOU,27,Home,-5,59,0,2024112402,59677,,202411240htx,,401671858,6618.0,7,6,295.0,-375.0,8.0,-112.0,-108.0,40.5,-112.0,-108.0,1,closed,astroturf,,,00-0034771,00-0039163,Mason Rudolph,C.J. Stroud,Brian Callahan,DeMeco Ryans,Brad Rogers,HOU00,NRG Stadium
2024_12_DET_IND,2024,REG,12,2024-11-24,Sunday,13:00,DET,24,IND,6,Home,-18,30,0,2024112403,59678,,202411240clt,,401671866,6619.0,7,7,-375.0,295.0,-7.0,-122.0,102.0,50.5,-110.0,-110.0,0,closed,fieldturf,,,00-0033106,00-0026158,Jared Goff,Joe Flacco,Dan Campbell,Shane Steichen,Shawn Hochuli,IND00,Lucas Oil Stadium
2024_12_NE_MIA,2024,REG,12,2024-11-24,Sunday,13:00,NE,15,MIA,34,Home,19,49,0,2024112404,59679,,202411240mia,,401671847,6620.0,7,7,285.0,-360.0,7.5,-115.0,-105.0,46.0,-108.0,-112.0,1,outdoors,grass,77.0,6.0,00-0039851,00-0036212,Drake Maye,Tua Tagovailoa,Jerod Mayo,Mike McDaniel,Alan Eck,MIA00,Hard Rock Stadium
2024_12_TB_NYG,2024,REG,12,2024-11-24,Sunday,13:00,TB,30,NYG,7,Home,-23,37,0,2024112405,59680,,202411240nyg,,401671638,6621.0,14,14,-298.0,240.0,-6.5,-108.0,-112.0,40.5,-110.0,-110.0,0,outdoors,fieldturf,50.0,13.0,00-0034855,00-0038476,Baker Mayfield,Tommy DeVito,Todd Bowles,Brian Daboll,Adrian Hill,NYC01,MetLife Stadium
2024_12_DAL_WAS,2024,REG,12,2024-11-24,Sunday,13:00,DAL,34,WAS,26,Home,-8,60,0,2024112406,59681,,202411240was,,401671715,6622.0,6,10,455.0,-625.0,10.5,-112.0,-108.0,45.0,-110.0,-110.0,1,outdoors,grass,55.0,5.0,00-0033662,00-0032268,Cooper Rush,Marcus Mariota,Mike McCarthy,Dan Quinn,Tra Blake,WAS00,FedExField
2024_12_DEN_LV,2024,REG,12,2024-11-24,Sunday,16:05,DEN,29,LV,19,Home,-10,48,0,2024112407,59682,,202411240rai,,401671656,6623.0,7,7,-278.0,225.0,-6.5,-105.0,-115.0,41.5,-108.0,-112.0,1,dome,grass,,,00-0039732,00-0035289,Bo Nix,Gardner Minshew,Sean Payton,Antonio Pierce,Ron Torbert,VEG00,Allegiant Stadium
2024_12_SF_GB,2024,REG,12,2024-11-24,Sunday,16:25,SF,10,GB,38,Home,28,48,0,2024112408,59683,,202411240gnb,,401671768,6624.0,7,7,235.0,-290.0,6.5,-112.0,-108.0,44.5,-108.0,-112.0,0,outdoors,grass,43.0,11.0,00-0032434,00-0036264,Brandon Allen,Jordan Love,Kyle Shanahan,Matt LaFleur,Craig Wrolstad,GNB00,Lambeau Field
2024_12_ARI_SEA,2024,REG,12,2024-11-24,Sunday,16:25,ARI,6,SEA,16,Home,10,22,0,2024112409,59684,,202411240sea,,401671775,6625.0,14,7,-115.0,-105.0,-1.0,-110.0,-110.0,46.5,-108.0,-112.0,1,outdoors,fieldturf,45.0,5.0,00-0035228,00-0030565,Kyler Murray,Geno Smith,Jonathan Gannon,Mike Macdonald,Scott Novak,SEA00,Lumen Field
2024_12_PHI_LA,2024,REG,12,2024-11-24,Sunday,20:20,PHI,37,LA,20,Home,-17,57,0,2024112410,59685,,202411240ram,,401671794,6626.0,10,7,-170.0,142.0,-3.0,-112.0,-108.0,49.0,-108.0,-112.0,0,dome,matrixturf,,,00-0036389,00-0026498,Jalen Hurts,Matthew Stafford,Nick Sirianni,Sean McVay,Land Clark,LAX01,SoFi Stadium
2024_12_BAL_LAC,2024,REG,12,2024-11-25,Monday,20:15,BAL,30,LAC,23,Home,-7,53,0,2024112500,59686,,202411250sdg,,401671689,6627.0,8,8,-166.0,140.0,-3.0,-110.0,-110.0,51.0,-112.0,-108.0,0,dome,matrixturf,,,00-0034796,00-0036355,Lamar Jackson,Justin Herbert,John Harbaugh,Jim Harbaugh,Craig Wrolstad,LAX01,SoFi Stadium
2024_13_CHI_DET,2024,REG,13,2024-11-28,Thursday,12:30,CHI,20,DET,23,Home,3,43,0,2024112800,59687,,202411280det,,401671492,6628.0,4,4,390.0,-520.0,9.5,-102.0,-118.0,47.5,100.0,-120.0,1,dome,fieldturf,,,00-0039918,00-0033106,Caleb Williams,Jared Goff,Matt Eberflus,Dan Campbell,Alan Eck,DET00,Ford Field
2024_13_NYG_DAL,2024,REG,13,2024-11-28,Thursday,16:30,NYG,20,DAL,27,Home,7,47,0,2024112801,59688,,202411280dal,,401671779,6629.0,4,4,185.0,-218.0,4.5,-110.0,-110.0,39.0,-110.0,-110.0,1,closed,matrixturf,,,00-0035704,00-0033662,Drew Lock,Cooper Rush,Brian Daboll,Mike McCarthy,Brad Rogers,DAL00,AT&T Stadium
2024_13_MIA_GB,2024,REG,13,2024-11-28,Thursday,20:20,MIA,17,GB,30,Home,13,47,0,2024112802,59689,,202411280gnb,,401671798,6630.0,4,4,145.0,-175.0,3.5,-115.0,-105.0,47.5,-110.0,-110.0,0,outdoors,grass,27.0,10.0,00-0036212,00-0036264,Tua Tagovailoa,Jordan Love,Mike McDaniel,Matt LaFleur,Shawn Smith,GNB00,Lambeau Field
2024_13_LV_KC,2024,REG,13,2024-11-29,Friday,15:00,LV,17,KC,19,Home,2,36,0,2024112900,59690,,202411290kan,,401671806,6631.0,5,5,550.0,-800.0,13.5,-108.0,-112.0,42.0,-108.0,-112.0,1,outdoors,grass,37.0,5.0,00-0035289,00-0033873,Gardner Minshew,Patrick Mahomes,Antonio Pierce,Andy Reid,Clay Martin,KAN00,GEHA Field at Arrowhead Stadium
2024_13_LAC_ATL,2024,REG,13,2024-12-01,Sunday,13:00,LAC,17,ATL,13,Home,-4,30,0,2024120100,59691,,202412010atl,,401671649,6632.0,6,14,-118.0,-102.0,-1.0,-108.0,-112.0,47.0,-110.0,-110.0,0,closed,fieldturf,,,00-0036355,00-0029604,Justin Herbert,Kirk Cousins,Jim Harbaugh,Raheem Morris,Clete Blakeman,ATL97,Mercedes-Benz Stadium
2024_13_PIT_CIN,2024,REG,13,2024-12-01,Sunday,13:00,PIT,44,CIN,38,Home,-6,82,0,2024120101,59692,,202412010cin,,401671627,6633.0,10,14,130.0,-155.0,3.0,-110.0,-110.0,46.0,-108.0,-112.0,1,outdoors,fieldturf,32.0,9.0,00-0029263,00-0036442,Russell Wilson,Joe Burrow,Mike Tomlin,Zac Taylor,Shawn Hochuli,CIN00,Paycor Stadium
2024_13_HOU_JAX,2024,REG,13,2024-12-01,Sunday,13:00,HOU,23,JAX,20,Home,-3,43,0,2024120102,59693,,202412010jax,,401671705,6634.0,7,14,-192.0,160.0,-3.5,-110.0,-110.0,44.5,-108.0,-112.0,1,outdoors,grass,,,00-0039163,00-0036971,C.J. Stroud,Trevor Lawrence,DeMeco Ryans,Doug Pederson,Land Clark,JAX00,TIAA Bank Stadium
2024_13_ARI_MIN,2024,REG,13,2024-12-01,Sunday,13:00,ARI,22,MIN,23,Home,1,45,0,2024120103,59694,,202412010min,,401671726,6635.0,7,7,154.0,-185.0,3.5,-110.0,-110.0,45.5,-112.0,-108.0,0,dome,sportturf,,,00-0035228,00-0034869,Kyler Murray,Sam Darnold,Jonathan Gannon,Kevin O'Connell,Bill Vinovich,MIN01,U.S. Bank Stadium
2024_13_IND_NE,2024,REG,13,2024-12-01,Sunday,13:00,IND,25,NE,24,Home,-1,49,0,2024120104,59695,,202412010nwe,,401671620,6636.0,7,7,-135.0,114.0,-2.5,-115.0,-105.0,41.5,-110.0,-110.0,0,outdoors,fieldturf,36.0,9.0,00-0026158,00-0039851,Joe Flacco,Drake Maye,Shane Steichen,Jerod Mayo,Adrian Hill,BOS00,Gillette Stadium
2024_13_SEA_NYJ,2024,REG,13,2024-12-01,Sunday,13:00,SEA,26,NYJ,21,Home,-5,47,0,2024120105,59696,,202412010nyj,,401671703,6637.0,7,14,-105.0,-115.0,1.0,-110.0,-110.0,41.5,-110.0,-110.0,0,outdoors,fieldturf,37.0,12.0,00-0030565,00-0023459,Geno Smith,Aaron Rodgers,Mike Macdonald,Robert Saleh,Carl Cheffers,NYC01,MetLife Stadium
2024_13_TEN_WAS,2024,REG,13,2024-12-01,Sunday,13:00,TEN,19,WAS,42,Home,23,61,0,2024120106,59697,,202412010was,,401671743,6638.0,7,7,205.0,-250.0,6.0,-112.0,-108.0,45.0,-108.0,-112.0,0,outdoors,grass,42.0,6.0,00-0034771,00-0032268,Mason Rudolph,Marcus Mariota,Brian Callahan,Dan Quinn,Ron Torbert,WAS00,FedExField
2024_13_TB_CAR,2024,REG,13,2024-12-01,Sunday,16:05,TB,26,CAR,23,Home,-3,49,1,2024120107,59698,,202412010car,,401671752,6639.0,7,7,-290.0,235.0,-6.5,-115.0,-105.0,46.0,-110.0,-110.0,1,outdoors,grass,51.0,7.0,00-0034855,00-0027973,Baker Mayfield,Andy Dalton,Todd Bowles,Dave Canales,Tra Blake,CAR00,Bank of America Stadium
2024_13_LA_NO,2024,REG,13,2024-12-01,Sunday,16:05,LA,21,NO,14,Home,-7,35,0,2024120108,59699,,202412010nor,,401671753,6640.0,7,14,-142.0,120.0,-2.5,-115.0,-105.0,48.5,-108.0,-112.0,0,dome,sportturf,,,00-0026498,00-0031280,Matthew Stafford,Derek Carr,Sean McVay,Dennis Allen,Brad Allen,NOR00,Mercedes-Benz Superdome
2024_13_PHI_BAL,2024,REG,13,2024-12-01,Sunday,16:25,PHI,24,BAL,19,Home,-5,43,0,2024120109,59700,,202412010rav,,401671666,6641.0,7,6,136.0,-162.0,3.0,-110.0,-110.0,50.0,-110.0,-110.0,0,outdoors,grass,41.0,7.0,00-0036389,00-0034796,Jalen Hurts,Lamar Jackson,Nick Sirianni,John Harbaugh,Craig Wrolstad,BAL00,M&T Bank Stadium
2024_13_SF_BUF,2024,REG,13,2024-12-01,Sunday,20:20,SF,10,BUF,35,Home,25,45,0,2024120110,59701,,202412010buf,,401671781,6642.0,7,14,270.0,-340.0,6.5,-102.0,-118.0,45.0,-110.0,-110.0,0,outdoors,a_turf,28.0,11.0,00-0037834,00-0034857,Brock Purdy,Josh Allen,Kyle Shanahan,Sean McDermott,Alex Kemp,BUF00,New Era Field
2024_13_CLE_DEN,2024,REG,13,2024-12-02,Monday,20:15,CLE,32,DEN,41,Home,9,73,0,2024120200,59702,,202412020den,,401671686,6643.0,11,8,235.0,-290.0,6.5,-108.0,-112.0,41.5,-110.0,-110.0,0,outdoors,grass,48.0,4.0,00-0031503,00-0039732,Jameis Winston,Bo Nix,Kevin Stefanski,Sean Payton,John Hussey,DEN00,Empower Field at Mile High
2024_14_GB_DET,2024,REG,14,2024-12-05,Thursday,20:15,GB,31,DET,34,Home,3,65,0,2024120500,59703,,202412050det,,401671814,6644.0,7,7,142.0,-170.0,3.0,100.0,-120.0,53.0,-110.0,-110.0,1,dome,fieldturf,,,00-0036264,00-0033106,Jordan Love,Jared Goff,Matt LaFleur,Dan Campbell,John Hussey,DET00,Ford Field
2024_14_NYJ_MIA,2024,REG,14,2024-12-08,Sunday,13:00,NYJ,26,MIA,32,Home,6,58,1,2024120800,59704,,202412080mia,,401671848,6645.0,7,10,240.0,-298.0,6.5,-108.0,-112.0,45.0,-112.0,-108.0,1,outdoors,grass,77.0,12.0,00-0023459,00-0036212,Aaron Rodgers,Tua Tagovailoa,Robert Saleh,Mike McDaniel,Shawn Hochuli,MIA00,Hard Rock Stadium
2024_14_ATL_MIN,2024,REG,14,2024-12-08,Sunday,13:00,ATL,21,MIN,42,Home,21,63,0,2024120801,59705,,202412080min,,401671648,6646.0,7,7,205.0,-250.0,6.0,-110.0,-110.0,46.5,-108.0,-112.0,0,dome,sportturf,,,00-0029604,00-0034869,Kirk Cousins,Sam Darnold,Raheem Morris,Kevin O'Connell,Alex Kemp,MIN01,U.S. Bank Stadium
2024_14_NO_NYG,2024,REG,14,2024-12-08,Sunday,13:00,NO,14,NYG,11,Home,-3,25,0,2024120802,59706,,202412080nyg,,401671601,6647.0,7,10,-245.0,200.0,-5.5,-115.0,-105.0,41.0,-110.0,-110.0,0,outdoors,fieldturf,54.0,13.0,00-0031280,00-0038476,Derek Carr,Tommy DeVito,Dennis Allen,Brian Daboll,Clete Blakeman,NYC01,MetLife Stadium
2024_14_CAR_PHI,2024,REG,14,2024-12-08,Sunday,13:00,CAR,16,PHI,22,Home,6,38,0,2024120803,59707,,202412080phi,,401671713,6648.0,7,7,625.0,-950.0,14.0,-112.0,-108.0,44.5,-112.0,-108.0,0,outdoors,grass,55.0,16.0,00-0027973,00-0036389,Andy Dalton,Jalen Hurts,Dave Canales,Nick Sirianni,Carl Cheffers,PHI00,Lincoln Financial Field
2024_14_CLE_PIT,2024,REG,14,2024-12-08,Sunday,13:00,CLE,14,PIT,27,Home,13,41,0,2024120804,59708,,202412080pit,,401671631,6649.0,6,7,210.0,-258.0,6.0,-112.0,-108.0,43.0,-110.0,-110.0,1,outdoors,grass,49.0,12.0,00-0031503,00-0029263,Jameis Winston,Russell Wilson,Kevin Stefanski,Mike Tomlin,Land Clark,PIT00,Acrisure Stadium
2024_14_LV_TB,2024,REG,14,2024-12-08,Sunday,13:00,LV,13,TB,28,Home,15,41,0,2024120805,59709,,202412080tam,,401671654,6650.0,9,7,260.0,-325.0,7.0,-115.0,-105.0,47.0,-112.0,-108.0,0,outdoors,grass,71.0,4.0,00-0035289,00-0034855,Gardner Minshew,Baker Mayfield,Antonio Pierce,Todd Bowles,Alan Eck,TAM00,Raymond James Stadium
2024_14_JAX_TEN,2024,REG,14,2024-12-08,Sunday,13:00,JAX,10,TEN,6,Home,-4,16,0,2024120806,59710,,202412080oti,,401671821,6651.0,7,7,142.0,-170.0,3.0,-105.0,-115.0,40.0,-108.0,-112.0,1,outdoors,grass,53.0,9.0,00-0036972,00-0034771,Mac Jones,Mason Rudolph,Doug Pederson,Brian Callahan,Tra Blake,NAS00,Nissan Stadium
2024_14_SEA_ARI,2024,REG,14,2024-12-08,Sunday,16:05,SEA,30,ARI,18,Home,-12,48,0,2024120807,59711,,202412080crd,,401671660,6652.0,7,7,145.0,-175.0,3.0,-105.0,-115.0,45.5,-110.0,-110.0,1,closed,grass,,,00-0030565,00-0035228,Geno Smith,Kyler Murray,Mike Macdonald,Jonathan Gannon,Clay Martin,PHO00,State Farm Stadium
2024_14_BUF_LA,2024,REG,14,2024-12-08,Sunday,16:25,BUF,42,LA,44,Home,2,86,0,2024120808,59712,,202412080ram,,401671773,6653.0,7,7,-192.0,160.0,-3.5,-118.0,-102.0,49.5,-108.0,-112.0,0,dome,matrixturf,,,00-0034857,00-0026498,Josh Allen,Matthew Stafford,Sean McDermott,Sean McVay,Craig Wrolstad,LAX01,SoFi Stadium
2024_14_CHI_SF,2024,REG,14,2024-12-08,Sunday,16:25,CHI,13,SF,38,Home,25,51,0,2024120809,59713,,202412080sfo,,401671774,6654.0,10,7,136.0,-162.0,3.0,-110.0,-110.0,43.5,-108.0,-112.0,0,outdoors,grass,65.0,4.0,00-0039918,00-0037834,Caleb Williams,Brock Purdy,Matt Eberflus,Kyle Shanahan,Ron Torbert,SFO01,Levi's Stadium
2024_14_LAC_KC,2024,REG,14,2024-12-08,Sunday,20:20,LAC,17,KC,19,Home,2,36,0,2024120810,59714,,202412080kan,,401671788,6655.0,7,9,195.0,-238.0,5.0,-115.0,-105.0,43.5,-110.0,-110.0,1,outdoors,grass,50.0,10.0,00-0036355,00-0033873,Justin Herbert,Patrick Mahomes,Jim Harbaugh,Andy Reid,Bill Vinovich,KAN00,GEHA Field at Arrowhead Stadium
2024_14_CIN_DAL,2024,REG,14,2024-12-09,Monday,20:15,CIN,27,DAL,20,Home,-7,47,0,2024120900,59715,,202412090dal,,401671690,6656.0,8,11,-230.0,190.0,-5.0,-110.0,-110.0,51.0,-112.0,-108.0,0,closed,matrixturf,,,00-0036442,00-0033662,Joe Burrow,Cooper Rush,Zac Taylor,Mike McCarthy,Scott Novak,DAL00,AT&T Stadium
2024_15_LA_SF,2024,REG,15,2024-12-12,Thursday,20:15,LA,12,SF,6,Home,-6,18,0,2024121200,59716,,202412120sfo,,401671818,6657.0,4,4,130.0,-155.0,3.0,-118.0,-102.0,48.5,-110.0,-110.0,1,outdoors,grass,53.0,4.0,00-0026498,00-0037834,Matthew Stafford,Brock Purdy,Sean McVay,Kyle Shanahan,Clay Martin,SFO01,Levi's Stadium
2024_15_DAL_CAR,2024,REG,15,2024-12-15,Sunday,13:00,DAL,30,CAR,14,Home,-16,44,0,2024121500,59717,,202412150car,,401671731,6658.0,6,7,120.0,-142.0,2.5,100.0,-120.0,42.0,-112.0,-108.0,0,outdoors,grass,45.0,7.0,00-0033662,00-0039150,Cooper Rush,Bryce Young,Mike McCarthy,Dave Canales,Bill Vinovich,CAR00,Bank of America Stadium
2024_15_KC_CLE,2024,REG,15,2024-12-15,Sunday,13:00,KC,21,CLE,7,Home,-14,28,0,2024121501,59718,,202412150cle,,401671854,6659.0,7,7,-230.0,190.0,-4.5,-110.0,-110.0,41.5,-112.0,-108.0,0,outdoors,grass,40.0,18.0,00-0033873,00-0031503,Patrick Mahomes,Jameis Winston,Andy Reid,Kevin Stefanski,Tra Blake,CLE00,FirstEnergy Stadium
2024_15_MIA_HOU,2024,REG,15,2024-12-15,Sunday,13:00,MIA,12,HOU,20,Home,8,32,0,2024121502,59719,,202412150htx,,401671860,6660.0,7,14,130.0,-155.0,2.5,-105.0,-115.0,46.5,-112.0,-108.0,0,closed,astroturf,,,00-0036212,00-0039163,Tua Tagovailoa,C.J. Stroud,Mike McDaniel,DeMeco Ryans,Alex Kemp,HOU00,NRG Stadium
2024_15_NYJ_JAX,2024,REG,15,2024-12-15,Sunday,13:00,NYJ,32,JAX,25,Home,-7,57,0,2024121503,59720,,202412150jax,,401671706,6661.0,7,7,-175.0,145.0,-3.5,-102.0,-118.0,41.5,-112.0,-108.0,0,outdoors,grass,,,00-0023459,00-0036972,Aaron Rodgers,Mac Jones,Robert Saleh,Doug Pederson,Brad Rogers,JAX00,TIAA Bank Stadium
2024_15_WAS_NO,2024,REG,15,2024-12-15,Sunday,13:00,WAS,20,NO,19,Home,-1,39,0,2024121504,59721,,202412150nor,,401671737,6662.0,14,7,-375.0,295.0,-7.5,-112.0,-108.0,44.5,-108.0,-112.0,0,dome,sportturf,,,00-0039910,00-0038998,Jayden Daniels,Jake Haener,Dan Quinn,Dennis Allen,Shawn Hochuli,NOR00,Mercedes-Benz Superdome
2024_15_BAL_NYG,2024,REG,15,2024-12-15,Sunday,13:00,BAL,35,NYG,14,Home,-21,49,0,2024121505,59722,,202412150nyg,,401671639,6663.0,14,7,-1800.0,1000.0,-16.5,-112.0,-108.0,43.5,-112.0,-108.0,0,outdoors,fieldturf,36.0,6.0,00-0034796,00-0038476,Lamar Jackson,Tommy DeVito,John Harbaugh,Brian Daboll,Brad Allen,NYC01,MetLife Stadium
2024_15_CIN_TEN,2024,REG,15,2024-12-15,Sunday,13:00,CIN,37,TEN,27,Home,-10,64,0,2024121506,59723,,202412150oti,,401671825,6664.0,6,7,-250.0,205.0,-6.0,-110.0,-110.0,46.5,-112.0,-108.0,0,outdoors,grass,52.0,12.0,00-0036442,00-0039152,Joe Burrow,Will Levis,Zac Taylor,Brian Callahan,Craig Wrolstad,NAS00,Nissan Stadium
2024_15_NE_ARI,2024,REG,15,2024-12-15,Sunday,16:25,NE,17,ARI,30,Home,13,47,0,2024121507,59724,,202412150crd,,401671677,6665.0,14,7,210.0,-258.0,6.0,-108.0,-112.0,46.5,-110.0,-110.0,0,closed,grass,,,00-0039851,00-0035228,Drake Maye,Kyler Murray,Jerod Mayo,Jonathan Gannon,Ron Torbert,PHO00,State Farm Stadium
2024_15_IND_DEN,2024,REG,15,2024-12-15,Sunday,16:25,IND,13,DEN,31,Home,18,44,0,2024121508,59725,,202412150den,,401671669,6666.0,14,13,195.0,-238.0,4.5,-105.0,-115.0,43.5,-108.0,-112.0,0,outdoors,grass,55.0,15.0,00-0039164,00-0039732,Anthony Richardson,Bo Nix,Shane Steichen,Sean Payton,Carl Cheffers,DEN00,Empower Field at Mile High
2024_15_BUF_DET,2024,REG,15,2024-12-15,Sunday,16:25,BUF,48,DET,42,Home,-6,90,0,2024121509,59726,,202412150det,,401671681,6667.0,7,10,110.0,-130.0,2.5,-110.0,-110.0,55.5,-110.0,-110.0,0,dome,fieldturf,,,00-0034857,00-0033106,Josh Allen,Jared Goff,Sean McDermott,Dan Campbell,Adrian Hill,DET00,Ford Field
2024_15_TB_LAC,2024,REG,15,2024-12-15,Sunday,16:25,TB,40,LAC,17,Home,-23,57,0,2024121510,59727,,202412150sdg,,401671762,6668.0,7,7,136.0,-162.0,3.0,-105.0,-115.0,46.0,-108.0,-112.0,0,dome,matrixturf,,,00-0034855,00-0036355,Baker Mayfield,Justin Herbert,Todd Bowles,Jim Harbaugh,Scott Novak,LAX01,SoFi Stadium
2024_15_PIT_PHI,2024,REG,15,2024-12-15,Sunday,16:25,PIT,13,PHI,27,Home,14,40,0,2024121511,59728,,202412150phi,,401671766,6669.0,7,7,215.0,-265.0,5.5,-110.0,-110.0,43.0,-110.0,-110.0,0,outdoors,grass,37.0,5.0,00-0029263,00-0036389,Russell Wilson,Jalen Hurts,Mike Tomlin,Nick Sirianni,Alan Eck,PHI00,Lincoln Financial Field
2024_15_GB_SEA,2024,REG,15,2024-12-15,Sunday,20:20,GB,30,SEA,13,Home,-17,43,0,2024121512,59729,,202412150sea,,401671796,6670.0,10,7,-162.0,136.0,-3.0,-110.0,-110.0,48.0,-110.0,-110.0,0,outdoors,fieldturf,43.0,3.0,00-0036264,00-0030565,Jordan Love,Geno Smith,Matt LaFleur,Mike Macdonald,Clete Blakeman,SEA00,Lumen Field
2024_15_CHI_MIN,2024,REG,15,2024-12-16,Monday,20:00,CHI,12,MIN,30,Home,18,42,0,2024121600,59730,,202412160min,,401671489,6671.0,8,8,260.0,-325.0,7.0,-115.0,-105.0,43.5,-110.0,-110.0,1,dome,sportturf,,,00-0039918,00-0034869,Caleb Williams,Sam Darnold,Matt Eberflus,Kevin O'Connell,John Hussey,MIN01,U.S. Bank Stadium
2024_15_ATL_LV,2024,REG,15,2024-12-16,Monday,20:30,ATL,15,LV,9,Home,-6,24,0,2024121601,59731,,202412160rai,,401671697,6672.0,8,8,-345.0,275.0,-6.5,-110.0,-110.0,44.5,-110.0,-110.0,0,dome,grass,,,00-0029604,00-0038579,Kirk Cousins,Aidan O'Connell,Raheem Morris,Antonio Pierce,Shawn Smith,VEG00,Allegiant Stadium
2024_16_DEN_LAC,2024,REG,16,2024-12-19,Thursday,20:15,DEN,27,LAC,34,Home,7,61,0,2024121901,59742,,202412190sdg,,401671749,6683.0,4,4,124.0,-148.0,3.0,-120.0,100.0,41.5,-110.0,-110.0,1,dome,matrixturf,,,00-0039732,00-0036355,Bo Nix,Justin Herbert,Sean Payton,Jim Harbaugh,Clay Martin,LAX01,SoFi Stadium
2024_16_HOU_KC,2024,REG,16,2024-12-21,Saturday,13:00,HOU,19,KC,27,Home,8,46,0,2024122100,59733,,202412210kan,,401671780,6674.0,6,6,150.0,-180.0,3.5,-120.0,100.0,42.5,-108.0,-112.0,0,outdoors,grass,30.0,5.0,00-0039163,00-0033873,C.J. Stroud,Patrick Mahomes,DeMeco Ryans,Andy Reid,Carl Cheffers,KAN00,GEHA Field at Arrowhead Stadium
2024_16_PIT_BAL,2024,REG,16,2024-12-21,Saturday,16:30,PIT,17,BAL,34,Home,17,51,0,2024122101,59734,,202412210rav,,401671778,6675.0,6,6,275.0,-345.0,7.0,-115.0,-105.0,44.5,-112.0,-108.0,1,outdoors,grass,35.0,15.0,00-0029263,00-0034796,Russell Wilson,Lamar Jackson,Mike Tomlin,John Harbaugh,Bill Vinovich,BAL00,M&T Bank Stadium
2024_16_NYG_ATL,2024,REG,16,2024-12-22,Sunday,13:00,NYG,7,ATL,34,Home,27,41,0,2024122202,59735,,202412220atl,,401671729,6676.0,7,6,410.0,-550.0,9.5,-110.0,-110.0,42.5,-110.0,-110.0,0,closed,fieldturf,,,00-0038476,00-0039917,Tommy DeVito,Michael Penix Jr.,Brian Daboll,Raheem Morris,Tra Blake,ATL97,Mercedes-Benz Stadium
2024_16_ARI_CAR,2024,REG,16,2024-12-22,Sunday,13:00,ARI,30,CAR,36,Home,6,66,1,2024122204,59737,,202412220car,,401671732,6678.0,7,7,-245.0,200.0,-5.5,-110.0,-110.0,47.0,-110.0,-110.0,0,outdoors,grass,37.0,10.0,00-0035228,00-0039150,Kyler Murray,Bryce Young,Jonathan Gannon,Dave Canales,Adrian Hill,CAR00,Bank of America Stadium
2024_16_DET_CHI,2024,REG,16,2024-12-22,Sunday,13:00,DET,34,CHI,17,Home,-17,51,0,2024122205,59738,,202412220chi,,401671868,6679.0,7,6,-340.0,270.0,-7.0,-110.0,-110.0,47.5,-110.0,-110.0,1,outdoors,grass,29.0,7.0,00-0033106,00-0039918,Jared Goff,Caleb Williams,Dan Campbell,Matt Eberflus,Clete Blakeman,CHI98,Soldier Field
2024_16_CLE_CIN,2024,REG,16,2024-12-22,Sunday,13:00,CLE,6,CIN,24,Home,18,30,0,2024122214,59732,,202412220cin,,401671811,6673.0,7,7,425.0,-575.0,10.0,-108.0,-112.0,46.5,-112.0,-108.0,1,outdoors,fieldturf,33.0,6.0,00-0031503,00-0036442,Jameis Winston,Joe Burrow,Kevin Stefanski,Zac Taylor,Brad Rogers,CIN00,Paycor Stadium
2024_16_TEN_IND,2024,REG,16,2024-12-22,Sunday,13:00,TEN,30,IND,38,Home,8,68,0,2024122206,59739,,202412220clt,,401671862,6680.0,7,7,164.0,-198.0,4.0,-112.0,-108.0,42.5,-108.0,-112.0,1,closed,fieldturf,,,00-0034771,00-0026158,Mason Rudolph,Joe Flacco,Brian Callahan,Shane Steichen,John Hussey,IND00,Lucas Oil Stadium
2024_16_LA_NYJ,2024,REG,16,2024-12-22,Sunday,13:00,LA,19,NYJ,9,Home,-10,28,0,2024122207,59740,,202412220nyj,,401671621,6681.0,10,7,-162.0,136.0,-3.0,-105.0,-115.0,47.0,-110.0,-110.0,0,outdoors,fieldturf,23.0,8.0,00-0026498,00-0023459,Matthew Stafford,Aaron Rodgers,Sean McVay,Robert Saleh,Ron Torbert,NYC01,MetLife Stadium
2024_16_PHI_WAS,2024,REG,16,2024-12-22,Sunday,13:00,PHI,33,WAS,36,Home,3,69,0,2024122208,59741,,202412220was,,401671717,6682.0,7,7,-218.0,180.0,-4.0,-115.0,-105.0,47.0,-110.0,-110.0,1,outdoors,grass,32.0,8.0,00-0036389,00-0039910,Jalen Hurts,Jayden Daniels,Nick Sirianni,Dan Quinn,Shawn Smith,WAS00,FedExField
2024_16_MIN_SEA,2024,REG,16,2024-12-22,Sunday,16:05,MIN,27,SEA,24,Home,-3,51,0,2024122210,59743,,202412220sea,,401671759,6684.0,6,7,-148.0,124.0,-2.5,-115.0,-105.0,43.0,-115.0,-105.0,0,outdoors,fieldturf,48.0,5.0,00-0034869,00-0030565,Sam Darnold,Geno Smith,Kevin O'Connell,Mike Macdonald,Craig Wrolstad,SEA00,Lumen Field
2024_16_NE_BUF,2024,REG,16,2024-12-22,Sunday,16:25,NE,21,BUF,24,Home,3,45,0,2024122203,59736,,202412220buf,,401671494,6677.0,7,7,700.0,-1100.0,14.0,-110.0,-110.0,48.0,-110.0,-110.0,1,outdoors,a_turf,14.0,2.0,00-0039851,00-0034857,Drake Maye,Josh Allen,Jerod Mayo,Sean McDermott,Brad Allen,BUF00,New Era Field
2024_16_JAX_LV,2024,REG,16,2024-12-22,Sunday,16:25,JAX,14,LV,19,Home,5,33,0,2024122211,59744,,202412220rai,,401671673,6685.0,7,6,110.0,-130.0,2.5,-110.0,-110.0,41.5,-112.0,-108.0,0,dome,grass,,,00-0036972,00-0038579,Mac Jones,Aidan O'Connell,Doug Pederson,Antonio Pierce,Shawn Hochuli,VEG00,Allegiant Stadium
2024_16_SF_MIA,2024,REG,16,2024-12-22,Sunday,16:25,SF,17,MIA,29,Home,12,46,0,2024122212,59745,,202412220mia,,401671874,6686.0,10,7,-125.0,105.0,-2.0,-108.0,-112.0,44.0,-108.0,-112.0,0,outdoors,grass,73.0,12.0,00-0037834,00-0036212,Brock Purdy,Tua Tagovailoa,Kyle Shanahan,Mike McDaniel,Scott Novak,MIA00,Hard Rock Stadium
2024_16_TB_DAL,2024,REG,16,2024-12-22,Sunday,20:20,TB,24,DAL,26,Home,2,50,0,2024122213,59746,,202412220dal,,401671790,6687.0,7,7,-218.0,180.0,-4.5,-105.0,-115.0,47.5,-110.0,-110.0,0,closed,matrixturf,,,00-0034855,00-0033662,Baker Mayfield,Cooper Rush,Todd Bowles,Mike McCarthy,Land Clark,DAL00,AT&T Stadium
2024_16_NO_GB,2024,REG,16,2024-12-23,Monday,20:15,NO,0,GB,34,Home,34,34,0,2024122300,59747,,202412230gnb,,401671692,6688.0,8,8,625.0,-950.0,14.0,-105.0,-115.0,44.0,-110.0,-110.0,0,outdoors,grass,34.0,12.0,00-0038998,00-0036264,Jake Haener,Jordan Love,Dennis Allen,Matt LaFleur,Alex Kemp,GNB00,Lambeau Field
2024_17_KC_PIT,2024,REG,17,2024-12-25,Wednesday,13:00,KC,29,PIT,10,Home,-19,39,0,2024122500,59748,,202412250pit,,401671799,6689.0,4,4,-162.0,136.0,-3.0,-105.0,-115.0,43.5,-110.0,-110.0,0,outdoors,grass,39.0,2.0,00-0033873,00-0029263,Patrick Mahomes,Russell Wilson,Andy Reid,Mike Tomlin,Craig Wrolstad,PIT00,Acrisure Stadium
2024_17_BAL_HOU,2024,REG,17,2024-12-25,Wednesday,16:30,BAL,31,HOU,2,Home,-29,33,0,2024122501,59749,,202412250htx,,401671800,6690.0,4,4,-245.0,200.0,-5.5,-108.0,-112.0,46.5,-112.0,-108.0,0,closed,astroturf,,,00-0034796,00-0039163,Lamar Jackson,C.J. Stroud,John Harbaugh,DeMeco Ryans,Alan Eck,HOU00,NRG Stadium
2024_17_SEA_CHI,2024,REG,17,2024-12-26,Thursday,20:15,SEA,6,CHI,3,Home,-3,9,0,2024122600,59750,,202412260chi,,401671876,6691.0,4,4,-192.0,160.0,-3.5,-118.0,-102.0,43.5,-112.0,-108.0,0,outdoors,grass,47.0,5.0,00-0030565,00-0039918,Geno Smith,Caleb Williams,Mike Macdonald,Matt Eberflus,Scott Novak,CHI98,Soldier Field
2024_17_LAC_NE,2024,REG,17,2024-12-28,Saturday,13:00,LAC,40,NE,7,Home,-33,47,0,2024122800,59753,,202412280nwe,,401671832,6694.0,9,6,-305.0,245.0,-6.0,-118.0,-102.0,42.0,-108.0,-112.0,0,outdoors,fieldturf,40.0,4.0,00-0036355,00-0039851,Justin Herbert,Drake Maye,Jim Harbaugh,Jerod Mayo,John Hussey,BOS00,Gillette Stadium
2024_17_DEN_CIN,2024,REG,17,2024-12-28,Saturday,16:30,DEN,24,CIN,30,Home,6,54,1,2024122801,59751,,202412280cin,,401671835,6692.0,9,6,145.0,-175.0,3.5,-115.0,-105.0,50.5,-110.0,-110.0,0,outdoors,fieldturf,60.0,8.0,00-0039732,00-0036442,Bo Nix,Joe Burrow,Sean Payton,Zac Taylor,Adrian Hill,CIN00,Paycor Stadium
2024_17_ARI_LA,2024,REG,17,2024-12-28,Saturday,20:15,ARI,9,LA,13,Home,4,22,0,2024122802,59752,,202412280ram,,401671829,6693.0,6,6,270.0,-340.0,6.5,100.0,-120.0,48.0,-112.0,-108.0,1,dome,matrixturf,,,00-0035228,00-0026498,Kyler Murray,Matthew Stafford,Jonathan Gannon,Sean McVay,Brad Rogers,LAX01,SoFi Stadium
2024_17_NYJ_BUF,2024,REG,17,2024-12-29,Sunday,13:00,NYJ,14,BUF,40,Home,26,54,0,2024122905,59756,,202412290buf,,401671495,6697.0,7,7,390.0,-520.0,10.0,-105.0,-115.0,44.5,-112.0,-108.0,1,outdoors,a_turf,54.0,15.0,00-0023459,00-0034857,Aaron Rodgers,Josh Allen,Robert Saleh,Sean McDermott,Clete Blakeman,BUF00,New Era Field
2024_17_TEN_JAX,2024,REG,17,2024-12-29,Sunday,13:00,TEN,13,JAX,20,Home,7,33,0,2024122906,59757,,202412290jax,,401671634,6698.0,7,7,-108.0,-112.0,-1.0,-105.0,-115.0,38.0,-110.0,-110.0,1,outdoors,grass,72.0,16.0,00-0034771,00-0036972,Mason Rudolph,Mac Jones,Brian Callahan,Doug Pederson,Shawn Smith,JAX00,TIAA Bank Stadium
2024_17_LV_NO,2024,REG,17,2024-12-29,Sunday,13:00,LV,25,NO,10,Home,-15,35,0,2024122908,59759,,202412290nor,,401671738,6700.0,7,6,-125.0,105.0,-2.0,-110.0,-110.0,37.5,-112.0,-108.0,0,dome,sportturf,,,00-0038579,00-0038998,Aidan O'Connell,Jake Haener,Antonio Pierce,Dennis Allen,Land Clark,NOR00,Mercedes-Benz Superdome
2024_17_IND_NYG,2024,REG,17,2024-12-29,Sunday,13:00,IND,33,NYG,45,Home,12,78,0,2024122903,59754,,202412290nyg,,401671846,6695.0,7,7,-410.0,320.0,-7.5,-112.0,-108.0,40.5,-112.0,-108.0,0,outdoors,fieldturf,54.0,0.0,00-0026158,00-0038476,Joe Flacco,Tommy DeVito,Shane Steichen,Brian Daboll,Bill Vinovich,NYC01,MetLife Stadium
2024_17_DAL_PHI,2024,REG,17,2024-12-29,Sunday,13:00,DAL,7,PHI,41,Home,34,48,0,2024122910,59761,,202412290phi,,401671765,6702.0,7,7,260.0,-325.0,7.5,-112.0,-108.0,37.5,-108.0,-112.0,1,outdoors,grass,62.0,10.0,00-0033662,00-0036389,Cooper Rush,Jalen Hurts,Mike McCarthy,Nick Sirianni,Brad Allen,PHI00,Lincoln Financial Field
2024_17_CAR_TB,2024,REG,17,2024-12-29,Sunday,13:00,CAR,14,TB,48,Home,34,62,0,2024122909,59760,,202412290tam,,401671653,6701.0,7,7,380.0,-500.0,9.5,-105.0,-115.0,47.5,-108.0,-112.0,1,outdoors,grass,76.0,8.0,00-0039150,00-0034855,Bryce Young,Baker Mayfield,Dave Canales,Todd Bowles,Clay Martin,TAM00,Raymond James Stadium
2024_17_MIA_CLE,2024,REG,17,2024-12-29,Sunday,16:05,MIA,20,CLE,3,Home,-17,23,0,2024122911,59762,,202412290cle,,401671877,6703.0,7,7,-170.0,142.0,-3.0,-115.0,-105.0,32.5,-112.0,-108.0,0,outdoors,grass,54.0,15.0,00-0035993,00-0031503,Tyler Huntley,Jameis Winston,Mike McDaniel,Kevin Stefanski,Ron Torbert,CLE00,FirstEnergy Stadium
2024_17_GB_MIN,2024,REG,17,2024-12-29,Sunday,16:25,GB,25,MIN,27,Home,2,52,0,2024122907,59758,,202412290min,,401671725,6699.0,6,7,-112.0,-108.0,-1.0,-105.0,-115.0,49.0,-110.0,-110.0,1,dome,sportturf,,,00-0036264,00-0034869,Jordan Love,Sam Darnold,Matt LaFleur,Kevin O'Connell,Carl Cheffers,MIN01,U.S. Bank Stadium
2024_17_ATL_WAS,2024,REG,17,2024-12-29,Sunday,20:20,ATL,24,WAS,30,Home,6,54,1,2024122904,59755,,202412290was,,401671842,6696.0,7,7,160.0,-192.0,3.5,-115.0,-105.0,46.5,-110.0,-110.0,0,outdoors,grass,58.0,10.0,00-0039917,00-0039910,Michael Penix Jr.,Jayden Daniels,Raheem Morris,Dan Quinn,Alex Kemp,WAS00,FedExField
2024_17_DET_SF,2024,REG,17,2024-12-30,Monday,20:15,DET,40,SF,34,Home,-6,74,0,2024123000,59763,,202412300sfo,,401671698,6704.0,8,8,-230.0,190.0,-4.0,-112.0,-108.0,50.5,-110.0,-110.0,0,outdoors,grass,,,00-0033106,00-0037834,Jared Goff,Brock Purdy,Dan Campbell,Kyle Shanahan,Shawn Hochuli,SFO01,Levi's Stadium
2024_18_CLE_BAL,2024,REG,18,2025-01-04,Saturday,16:30,CLE,10,BAL,35,Home,25,45,0,2025010400,59766,,202501040rav,,401671834,6707.0,6,10,1200.0,-2400.0,19.5,-105.0,-115.0,42.5,-108.0,-112.0,1,outdoors,grass,31.0,16.0,00-0038108,00-0034796,Bailey Zappe,Lamar Jackson,Kevin Stefanski,John Harbaugh,Scott Novak,BAL00,M&T Bank Stadium
2024_18_CIN_PIT,2024,REG,18,2025-01-04,Saturday,20:00,CIN,19,PIT,17,Home,-2,36,0,2025010401,59777,,202501040pit,,401671836,6718.0,7,10,-148.0,124.0,-2.5,-118.0,-102.0,48.5,-112.0,-108.0,1,outdoors,grass,19.0,10.0,00-0036442,00-0029263,Joe Burrow,Russell Wilson,Zac Taylor,Mike Tomlin,John Hussey,PIT00,Acrisure Stadium
2024_18_CAR_ATL,2024,REG,18,2025-01-05,Sunday,13:00,CAR,44,ATL,38,Home,-6,82,1,2025010501,59765,,202501050atl,,401671827,6706.0,7,7,300.0,-380.0,7.5,-105.0,-115.0,48.5,-108.0,-112.0,1,closed,fieldturf,,,00-0039150,00-0039917,Bryce Young,Michael Penix Jr.,Dave Canales,Raheem Morris,Land Clark,ATL97,Mercedes-Benz Stadium
2024_18_WAS_DAL,2024,REG,18,2025-01-05,Sunday,13:00,WAS,23,DAL,19,Home,-4,42,0,2025010503,59767,,202501050dal,,401671840,6708.0,7,7,-310.0,250.0,-7.0,-108.0,-112.0,43.5,-118.0,-102.0,1,closed,matrixturf,,,00-0039910,00-0037012,Jayden Daniels,Trey Lance,Dan Quinn,Mike McCarthy,Clete Blakeman,DAL00,AT&T Stadium
2024_18_CHI_GB,2024,REG,18,2025-01-05,Sunday,13:00,CHI,24,GB,22,Home,-2,46,0,2025010506,59770,,202501050gnb,,401671844,6711.0,10,7,320.0,-410.0,10.0,-115.0,-105.0,41.5,-108.0,-112.0,1,outdoors,grass,16.0,13.0,00-0039918,00-0036264,Caleb Williams,Jordan Love,Matt Eberflus,Matt LaFleur,Clay Martin,GNB00,Lambeau Field
2024_18_JAX_IND,2024,REG,18,2025-01-05,Sunday,13:00,JAX,23,IND,26,Home,3,49,1,2025010507,59771,,202501050clt,,401671837,6712.0,7,7,150.0,-180.0,3.5,-110.0,-110.0,45.5,-105.0,-110.0,1,closed,fieldturf,,,00-0036972,00-0026158,Mac Jones,Joe Flacco,Doug Pederson,Shane Steichen,Alex Kemp,IND00,Lucas Oil Stadium
2024_18_BUF_NE,2024,REG,18,2025-01-05,Sunday,13:00,BUF,16,NE,23,Home,7,39,0,2025010510,59774,,202501050nwe,,401671831,6715.0,7,8,-166.0,140.0,-3.0,-112.0,-108.0,36.5,-108.0,-112.0,1,outdoors,fieldturf,33.0,14.0,00-0033869,00-0039398,Mitchell Trubisky,Joe Milton III,Sean McDermott,Jerod Mayo,Alan Eck,BOS00,Gillette Stadium
2024_18_NYG_PHI,2024,REG,18,2025-01-05,Sunday,13:00,NYG,13,PHI,20,Home,7,33,0,2025010512,59776,,202501050phi,,401671841,6717.0,7,7,130.0,-155.0,3.0,-110.0,-110.0,36.5,-118.0,-102.0,1,outdoors,grass,31.0,19.0,00-0035704,00-0038400,Drew Lock,Tanner McKee,Brian Daboll,Nick Sirianni,Ron Torbert,PHI00,Lincoln Financial Field
2024_18_NO_TB,2024,REG,18,2025-01-05,Sunday,13:00,NO,19,TB,27,Home,8,46,0,2025010514,59778,,202501050tam,,401671828,6719.0,7,7,675.0,-1050.0,14.5,-102.0,-118.0,44.5,-112.0,-108.0,1,outdoors,grass,68.0,6.0,00-0039376,00-0034855,Spencer Rattler,Baker Mayfield,Dennis Allen,Todd Bowles,Adrian Hill,TAM00,Raymond James Stadium
2024_18_HOU_TEN,2024,REG,18,2025-01-05,Sunday,13:00,HOU,23,TEN,14,Home,-9,37,0,2025010515,59779,,202501050oti,,401671826,6720.0,11,7,120.0,-142.0,2.5,-108.0,-112.0,36.5,-108.0,-112.0,1,outdoors,grass,35.0,10.0,00-0036898,00-0034771,Davis Mills,Mason Rudolph,DeMeco Ryans,Brian Callahan,Brad Allen,NAS00,Nissan Stadium
2024_18_SF_ARI,2024,REG,18,2025-01-05,Sunday,16:25,SF,24,ARI,47,Home,23,71,0,2025010500,59764,,202501050crd,,401671845,6705.0,6,8,160.0,-192.0,4.5,-110.0,-110.0,42.5,-110.0,-110.0,1,closed,grass,,,00-0033949,00-0035228,Joshua Dobbs,Kyler Murray,Kyle Shanahan,Jonathan Gannon,Shawn Smith,PHO00,State Farm Stadium
2024_18_KC_DEN,2024,REG,18,2025-01-05,Sunday,16:25,KC,0,DEN,38,Home,38,38,0,2025010504,59768,,202501050den,,401671838,6709.0,11,8,370.0,-485.0,10.5,-115.0,-105.0,40.5,-115.0,-105.0,1,outdoors,grass,28.0,5.0,00-0032950,00-0039732,Carson Wentz,Bo Nix,Andy Reid,Sean Payton,Shawn Hochuli,DEN00,Empower Field at Mile High
2024_18_SEA_LA,2024,REG,18,2025-01-05,Sunday,16:25,SEA,30,LA,25,Home,-5,55,0,2025010508,59772,,202501050ram,,401671830,6713.0,10,8,-360.0,285.0,-7.5,-110.0,-110.0,38.5,-112.0,-108.0,1,dome,matrixturf,,,00-0030565,00-0031345,Geno Smith,Jimmy Garoppolo,Mike Macdonald,Sean McVay,Bill Vinovich,LAX01,SoFi Stadium
2024_18_LAC_LV,2024,REG,18,2025-01-05,Sunday,16:25,LAC,34,LV,20,Home,-14,54,0,2025010509,59773,,202501050rai,,401671839,6714.0,8,7,-345.0,275.0,-7.0,-118.0,-102.0,42.5,-112.0,-108.0,1,dome,grass,,,00-0036355,00-0038579,Justin Herbert,Aidan O'Connell,Jim Harbaugh,Antonio Pierce,Carl Cheffers,VEG00,Allegiant Stadium
2024_18_MIA_NYJ,2024,REG,18,2025-01-05,Sunday,16:25,MIA,20,NYJ,32,Home,12,52,0,2025010511,59775,,202501050nyj,,401671833,6716.0,7,7,102.0,-122.0,1.5,-110.0,-110.0,39.5,-112.0,-108.0,1,outdoors,fieldturf,34.0,10.0,00-0036212,00-0023459,Tua Tagovailoa,Aaron Rodgers,Mike McDaniel,Robert Saleh,Tra Blake,NYC01,MetLife Stadium
2024_18_MIN_DET,2024,REG,18,2025-01-05,Sunday,20:20,MIN,9,DET,31,Home,22,40,0,2025010505,59769,,202501050det,,401671843,6710.0,7,6,124.0,-148.0,3.0,-118.0,-102.0,56.5,-102.0,-118.0,1,dome,fieldturf,,,00-0034869,00-0033106,Sam Darnold,Jared Goff,Kevin O'Connell,Dan Campbell,Brad Rogers,DET00,Ford Field
2024_19_LAC_HOU,2024,WC,19,2025-01-11,Saturday,16:30,LAC,12,HOU,32,Home,20,44,0,2025011100,59829,,202501110htx,,401671878,,6,6,-162.0,136.0,-3.0,-105.0,-115.0,41.5,-108.0,-112.0,0,closed,astroturf,,,00-0036355,00-0039163,Justin Herbert,C.J. Stroud,Jim Harbaugh,DeMeco Ryans,Land Clark,HOU00,NRG Stadium
2024_19_PIT_BAL,2024,WC,19,2025-01-11,Saturday,20:00,PIT,14,BAL,28,Home,14,42,0,2025011101,59830,,202501110rav,,401671879,,7,7,390.0,-520.0,9.5,-112.0,-108.0,44.5,-108.0,-112.0,1,outdoors,grass,32.0,12.0,00-0029263,00-0034796,Russell Wilson,Lamar Jackson,Mike Tomlin,John Harbaugh,Alex Kemp,BAL00,M&T Bank Stadium
2024_19_DEN_BUF,2024,WC,19,2025-01-12,Sunday,13:00,DEN,7,BUF,31,Home,24,38,0,2025011200,59831,,202501120buf,,401671881,,7,7,330.0,-425.0,7.5,100.0,-120.0,48.5,-102.0,-118.0,0,outdoors,a_turf,32.0,10.0,00-0039732,00-0034857,Bo Nix,Josh Allen,Sean Payton,Sean McDermott,Bill Vinovich,BUF00,New Era Field
2024_19_GB_PHI,2024,WC,19,2025-01-12,Sunday,16:30,GB,10,PHI,22,Home,12,32,0,2025011201,59832,,202501120phi,,401671880,,7,7,205.0,-250.0,5.5,-105.0,-115.0,45.5,-110.0,-110.0,0,outdoors,grass,40.0,6.0,00-0036264,00-0036389,Jordan Love,Jalen Hurts,Matt LaFleur,Nick Sirianni,Brad Allen,PHI00,Lincoln Financial Field
2024_19_WAS_TB,2024,WC,19,2025-01-12,Sunday,20:00,WAS,23,TB,20,Home,-3,43,0,2025011202,59833,,202501120tam,,401671883,,7,7,136.0,-162.0,3.0,-110.0,-110.0,51.5,-105.0,-115.0,0,outdoors,grass,58.0,2.0,00-0039910,00-0034855,Jayden Daniels,Baker Mayfield,Dan Quinn,Todd Bowles,Craig Wrolstad,TAM00,Raymond James Stadium
2024_19_MIN_LA,2024,WC,19,2025-01-13,Monday,20:00,MIN,9,LA,27,Neutral,18,36,0,2025011300,59834,,202501130ram,,401671882,,8,8,-142.0,120.0,-2.5,-118.0,-102.0,47.5,-108.0,-112.0,0,closed,grass,,,00-0034869,00-0026498,Sam Darnold,Matthew Stafford,Kevin O'Connell,Sean McVay,John Hussey,PHO00,State Farm Stadium
2024_20_HOU_KC,2024,DIV,20,2025-01-18,Saturday,16:30,HOU,14,KC,23,Home,9,37,0,2025011800,59835,,202501180kan,,401671884,,7,13,410.0,-550.0,9.5,-110.0,-110.0,41.5,-112.0,-108.0,0,outdoors,grass,23.0,17.0,00-0039163,00-0033873,C.J. Stroud,Patrick Mahomes,DeMeco Ryans,Andy Reid,Clay Martin,KAN00,GEHA Field at Arrowhead Stadium
2024_20_WAS_DET,2024,DIV,20,2025-01-18,Saturday,20:00,WAS,45,DET,31,Home,-14,76,0,2025011801,59836,,202501180det,,401671885,,6,13,390.0,-520.0,8.5,-105.0,-115.0,55.5,-112.0,-108.0,0,dome,fieldturf,,,00-0039910,00-0033106,Jayden Daniels,Jared Goff,Dan Quinn,Dan Campbell,Ron Torbert,DET00,Ford Field
2024_20_LA_PHI,2024,DIV,20,2025-01-19,Sunday,15:00,LA,22,PHI,28,Home,6,50,0,2025011900,59837,,202501190phi,,401671937,,6,7,260.0,-325.0,7.0,-112.0,-108.0,43.5,-110.0,-110.0,0,outdoors,grass,34.0,8.0,00-0026498,00-0036389,Matthew Stafford,Jalen Hurts,Sean McVay,Nick Sirianni,Shawn Smith,PHI00,Lincoln Financial Field
2024_20_BAL_BUF,2024,DIV,20,2025-01-19,Sunday,18:30,BAL,25,BUF,27,Home,2,52,0,2025011901,59838,,202501190buf,,401671886,,8,7,-118.0,-102.0,-1.5,-102.0,-118.0,51.5,-105.0,-115.0,0,outdoors,a_turf,19.0,4.0,00-0034796,00-0034857,Lamar Jackson,Josh Allen,John Harbaugh,Sean McDermott,Carl Cheffers,BUF00,New Era Field
2024_21_WAS_PHI,2024,CON,21,2025-01-26,Sunday,15:00,WAS,23,PHI,55,Home,32,78,0,2025012600,59839,,202501260phi,,401671888,,8,7,205.0,-250.0,6.0,-110.0,-110.0,46.5,-105.0,-115.0,1,outdoors,grass,40.0,11.0,00-0039910,00-0036389,Jayden Daniels,Jalen Hurts,Dan Quinn,Nick Sirianni,Shawn Hochuli,PHI00,Lincoln Financial Field
2024_21_BUF_KC,2024,CON,21,2025-01-26,Sunday,18:30,BUF,29,KC,32,Home,3,61,0,2025012601,59840,,202501260kan,,401671887,,7,8,-102.0,-118.0,1.5,-115.0,-105.0,49.5,-115.0,-105.0,0,outdoors,grass,31.0,8.0,00-0034857,00-0033873,Josh Allen,Patrick Mahomes,Sean McDermott,Andy Reid,Clete Blakeman,KAN00,GEHA Field at Arrowhead Stadium
2024_22_KC_PHI,2024,SB,22,2025-02-09,Sunday,18:30,KC,22,PHI,40,Neutral,18,62,0,2025020900,59841,,202502090phi,,401671889,,14,14,-120.0,100.0,-1.5,-105.0,-115.0,48.5,-105.0,-115.0,0,dome,sportturf,,,00-0033873,00-0036389,Patrick Mahomes,Jalen Hurts,Andy Reid,Nick Sirianni,Ron Torbert,NOR00,Mercedes-Benz Superdome
2025_01_DAL_PHI,2025,REG,1,2025-09-04,Thursday,20:20,DAL,20,PHI,24,Home,4,44,0,2025090400,59843,,202509040phi,28418.0,401772510,6734.0,7,7,330.0,-425.0,8.5,-110.0,-110.0,47.5,-110.0,-110.0,1,outdoors,grass,75.0,11.0,00-0033077,00-0036389,Dak Prescott,Jalen Hurts,Brian Schottenheimer,Nick Sirianni,Shawn Smith,PHI00,Lincoln Financial Field
2025_01_KC_LAC,2025,REG,1,2025-09-05,Friday,20:00,KC,21,LAC,27,Neutral,6,48,0,2025090500,59844,,202509050sdg,28419.0,401772714,6735.0,7,7,-175.0,145.0,-3.0,-120.0,100.0,47.5,-110.0,-110.0,1,dome,,,,00-0033873,00-0036355,Patrick Mahomes,Justin Herbert,Andy Reid,Jim Harbaugh,Carl Cheffers,LAX01,SoFi Stadium
2025_01_TB_ATL,2025,REG,1,2025-09-07,Sunday,13:00,TB,23,ATL,20,Home,-3,43,0,2025090700,59845,,202509070atl,28420.0,401772830,6736.0,7,7,-115.0,-105.0,-1.5,-102.0,-118.0,47.5,-105.0,-115.0,1,closed,fieldturf,,,00-0034855,00-0039917,Baker Mayfield,Michael Penix,Todd Bowles,Raheem Morris,Land Clark,ATL97,Mercedes-Benz Stadium
2025_01_CIN_CLE,2025,REG,1,2025-09-07,Sunday,13:00,CIN,17,CLE,16,Home,-1,33,0,2025090701,59846,,202509070cle,28421.0,401772829,6737.0,7,7,-238.0,195.0,-5.5,-105.0,-115.0,47.5,100.0,-120.0,1,outdoors,grass,63.0,10.0,00-0036442,00-0026158,Joe Burrow,Joe Flacco,Zac Taylor,Kevin Stefanski,Adrian Hill,CLE00,FirstEnergy Stadium
2025_01_MIA_IND,2025,REG,1,2025-09-07,Sunday,13:00,MIA,8,IND,33,Home,25,41,0,2025090702,59847,,202509070clt,28422.0,401772719,6738.0,7,7,-108.0,-112.0,1.5,-118.0,-102.0,47.5,-120.0,100.0,0,closed,fieldturf,,,00-0036212,00-0035710,Tua Tagovailoa,Daniel Jones,Mike McDaniel,Shane Steichen,Brad Allen,IND00,Lucas Oil Stadium
2025_01_CAR_JAX,2025,REG,1,2025-09-07,Sunday,13:00,CAR,10,JAX,26,Home,16,36,0,2025090703,59848,,202509070jax,28423.0,401772828,6739.0,7,7,170.0,-205.0,4.5,-110.0,-110.0,45.5,-108.0,-112.0,0,outdoors,grass,85.0,3.0,00-0039150,00-0036971,Bryce Young,Trevor Lawrence,Dave Canales,Liam Coen,Alex Moore,JAX00,TIAA Bank Stadium
2025_01_LV_NE,2025,REG,1,2025-09-07,Sunday,13:00,LV,20,NE,13,Home,-7,33,0,2025090704,59849,,202509070nwe,28424.0,401772720,6740.0,7,7,130.0,-155.0,2.5,100.0,-120.0,44.5,-115.0,-105.0,0,outdoors,fieldturf,62.0,4.0,00-0030565,00-0039851,Geno Smith,Drake Maye,Pete Carroll,Mike Vrabel,Ron Torbert,BOS00,Gillette Stadium
2025_01_ARI_NO,2025,REG,1,2025-09-07,Sunday,13:00,ARI,20,NO,13,Home,-7,33,0,2025090705,59850,,202509070nor,28425.0,401772718,6741.0,7,7,-270.0,220.0,-6.0,-108.0,-112.0,44.5,-112.0,-108.0,0,dome,sportturf,,,00-0035228,00-0039376,Kyler Murray,Spencer Rattler,Jonathan Gannon,Kellen Moore,Scott Novak,NOR00,Mercedes-Benz Superdome
2025_01_PIT_NYJ,2025,REG,1,2025-09-07,Sunday,13:00,PIT,34,NYJ,32,Home,-2,66,0,2025090706,59851,,202509070nyj,28426.0,401772721,6742.0,7,7,-155.0,130.0,-3.0,-110.0,-110.0,37.5,-108.0,-112.0,0,outdoors,fieldturf,67.0,3.0,00-0023459,00-0036945,Aaron Rodgers,Justin Fields,Mike Tomlin,Aaron Glenn,Bill Vinovich,NYC01,MetLife Stadium
2025_01_NYG_WAS,2025,REG,1,2025-09-07,Sunday,13:00,NYG,6,WAS,21,Home,15,27,0,2025090707,59852,,202509070was,28427.0,401772827,6743.0,7,7,240.0,-298.0,6.0,-108.0,-112.0,45.5,-110.0,-110.0,1,outdoors,grass,68.0,5.0,00-0029263,00-0039910,Russell Wilson,Jayden Daniels,Brian Daboll,Dan Quinn,Clay Martin,WAS00,FedExField
2025_01_TEN_DEN,2025,REG,1,2025-09-07,Sunday,16:05,TEN,12,DEN,20,Home,8,32,0,2025090708,59853,,202509070den,28428.0,401772832,6744.0,7,7,350.0,-455.0,8.5,-105.0,-115.0,42.5,-108.0,-112.0,0,outdoors,grass,84.0,6.0,00-0040676,00-0039732,Cam Ward,Bo Nix,Brian Callahan,Sean Payton,Alex Kemp,DEN00,Empower Field at Mile High
2025_01_SF_SEA,2025,REG,1,2025-09-07,Sunday,16:05,SF,17,SEA,13,Home,-4,30,0,2025090709,59854,,202509070sea,28429.0,401772831,6745.0,7,7,-135.0,114.0,-2.5,-105.0,-115.0,43.5,-112.0,-108.0,1,outdoors,fieldturf,67.0,6.0,00-0037834,00-0034869,Brock Purdy,Sam Darnold,Kyle Shanahan,Mike Macdonald,Shawn Hochuli,SEA00,Lumen Field
2025_01_DET_GB,2025,REG,1,2025-09-07,Sunday,16:25,DET,13,GB,27,Home,14,40,0,2025090710,59855,,202509070gnb,28430.0,401772722,6746.0,7,7,100.0,-120.0,1.5,-115.0,-105.0,48.5,-115.0,-105.0,1,outdoors,grass,60.0,5.0,00-0033106,00-0036264,Jared Goff,Jordan Love,Dan Campbell,Matt LaFleur,Clete Blakeman,GNB00,Lambeau Field
2025_01_HOU_LA,2025,REG,1,2025-09-07,Sunday,16:25,HOU,9,LA,14,Home,5,23,0,2025090711,59856,,202509070ram,28431.0,401772723,6747.0,7,7,140.0,-166.0,3.5,-118.0,-102.0,43.5,-115.0,-105.0,0,dome,matrixturf,,,00-0039163,00-0026498,C.J. Stroud,Matthew Stafford,DeMeco Ryans,Sean McVay,Craig Wrolstad,LAX01,SoFi Stadium
2025_01_BAL_BUF,2025,REG,1,2025-09-07,Sunday,20:20,BAL,40,BUF,41,Home,1,81,0,2025090712,59857,,202509070buf,28432.0,401772918,6748.0,7,7,-130.0,110.0,-1.5,-118.0,-102.0,50.5,-105.0,-115.0,0,outdoors,a_turf,58.0,8.0,00-0034796,00-0034857,Lamar Jackson,Josh Allen,John Harbaugh,Sean McDermott,John Hussey,BUF00,New Era Field
2025_01_MIN_CHI,2025,REG,1,2025-09-08,Monday,20:15,MIN,27,CHI,24,Home,-3,51,0,2025090800,59858,,202509080chi,28433.0,401772810,6749.0,7,7,-112.0,-108.0,-1.5,100.0,-120.0,43.5,-112.0,-108.0,1,outdoors,grass,68.0,6.0,00-0039923,00-0039918,J.J. McCarthy,Caleb Williams,Kevin O'Connell,Ben Johnson,Alan Eck,CHI98,Soldier Field
2025_02_WAS_GB,2025,REG,2,2025-09-11,Thursday,20:15,WAS,18,GB,27,Home,9,45,0,2025091100,59859,,202509110gnb,28434.0,401772936,6750.0,4,4,154.0,-185.0,3.5,-118.0,-102.0,48.5,-105.0,-115.0,0,outdoors,grass,65.0,7.0,00-0039910,00-0036264,Jayden Daniels,Jordan Love,Dan Quinn,Matt LaFleur,Brad Rogers,GNB00,Lambeau Field
2025_02_CLE_BAL,2025,REG,2,2025-09-14,Sunday,13:00,CLE,17,BAL,41,Home,24,58,0,2025091400,59860,,202509140rav,28435.0,401772726,6751.0,7,7,600.0,-900.0,12.5,-105.0,-115.0,46.5,-110.0,-110.0,1,outdoors,grass,82.0,3.0,00-0026158,00-0034796,Joe Flacco,Lamar Jackson,Kevin Stefanski,John Harbaugh,Brad Allen,BAL00,M&T Bank Stadium
2025_02_JAX_CIN,2025,REG,2,2025-09-14,Sunday,13:00,JAX,27,CIN,31,Home,4,58,0,2025091401,59861,,202509140cin,28436.0,401772725,6752.0,7,7,160.0,-192.0,3.5,-115.0,-105.0,49.5,-115.0,-105.0,0,outdoors,fieldturf,85.0,3.0,00-0036971,00-0036442,Trevor Lawrence,Joe Burrow,Liam Coen,Zac Taylor,Alan Eck,CIN00,Paycor Stadium
2025_02_NYG_DAL,2025,REG,2,2025-09-14,Sunday,13:00,NYG,37,DAL,40,Home,3,77,1,2025091402,59862,,202509140dal,28437.0,401772834,6753.0,7,10,195.0,-238.0,4.5,100.0,-120.0,44.5,-110.0,-110.0,1,closed,matrixturf,,,00-0029263,00-0033077,Russell Wilson,Dak Prescott,Brian Daboll,Brian Schottenheimer,Bill Vinovich,DAL00,AT&T Stadium
2025_02_CHI_DET,2025,REG,2,2025-09-14,Sunday,13:00,CHI,21,DET,52,Home,31,73,0,2025091403,59863,,202509140det,28438.0,401772835,6754.0,6,7,220.0,-270.0,6.0,-110.0,-110.0,46.5,-112.0,-108.0,1,dome,fieldturf,,,00-0039918,00-0033106,Caleb Williams,Jared Goff,Ben Johnson,Dan Campbell,Land Clark,DET00,Ford Field
2025_02_NE_MIA,2025,REG,2,2025-09-14,Sunday,13:00,NE,33,MIA,27,Home,-6,60,0,2025091404,59864,,202509140mia,28439.0,401772728,6755.0,7,7,105.0,-125.0,1.5,-110.0,-110.0,43.5,-115.0,-105.0,1,outdoors,grass,89.0,4.0,00-0039851,00-0036212,Drake Maye,Tua Tagovailoa,Mike Vrabel,Mike McDaniel,Alex Moore,MIA00,Hard Rock Stadium
2025_02_SF_NO,2025,REG,2,2025-09-14,Sunday,13:00,SF,26,NO,21,Home,-5,47,0,2025091405,59865,,202509140nor,28440.0,401772833,6756.0,7,7,-166.0,140.0,-3.0,-110.0,-110.0,40.5,-105.0,-115.0,0,dome,sportturf,,,00-0036972,00-0039376,Mac Jones,Spencer Rattler,Kyle Shanahan,Kellen Moore,Shawn Smith,NOR00,Mercedes-Benz Superdome
2025_02_BUF_NYJ,2025,REG,2,2025-09-14,Sunday,13:00,BUF,30,NYJ,10,Home,-20,40,0,2025091406,59866,,202509140nyj,28441.0,401772727,6757.0,7,7,-290.0,235.0,-6.0,-112.0,-108.0,47.5,-110.0,-110.0,1,outdoors,fieldturf,80.0,3.0,00-0034857,00-0036945,Josh Allen,Justin Fields,Sean McDermott,Aaron Glenn,Clete Blakeman,NYC01,MetLife Stadium
2025_02_SEA_PIT,2025,REG,2,2025-09-14,Sunday,13:00,SEA,31,PIT,17,Home,-14,48,0,2025091407,59867,,202509140pit,28442.0,401772836,6758.0,7,7,160.0,-192.0,3.5,-110.0,-110.0,40.5,-108.0,-112.0,0,outdoors,grass,79.0,5.0,00-0034869,00-0023459,Sam Darnold,Aaron Rodgers,Mike Macdonald,Mike Tomlin,Scott Novak,PIT00,Acrisure Stadium
2025_02_LA_TEN,2025,REG,2,2025-09-14,Sunday,13:00,LA,33,TEN,19,Home,-14,52,0,2025091408,59868,,202509140oti,28443.0,401772724,6759.0,7,7,-250.0,205.0,-5.5,-108.0,-112.0,41.5,-112.0,-108.0,0,outdoors,grass,83.0,3.0,00-0026498,00-0040676,Matthew Stafford,Cam Ward,Sean McVay,Brian Callahan,John Hussey,NAS00,Nissan Stadium
2025_02_CAR_ARI,2025,REG,2,2025-09-14,Sunday,16:05,CAR,22,ARI,27,Home,5,49,0,2025091409,59869,,202509140crd,28445.0,401772730,6760.0,7,7,250.0,-310.0,7.0,-110.0,-110.0,45.5,-110.0,-110.0,0,closed,grass,,,00-0039150,00-0035228,Bryce Young,Kyler Murray,Dave Canales,Jonathan Gannon,Ron Torbert,PHO00,State Farm Stadium
2025_02_DEN_IND,2025,REG,2,2025-09-14,Sunday,16:05,DEN,28,IND,29,Home,1,57,0,2025091410,59870,,202509140clt,28444.0,401772729,6761.0,7,7,-130.0,110.0,-2.5,-105.0,-115.0,43.5,-112.0,-108.0,0,closed,fieldturf,,,00-0039732,00-0035710,Bo Nix,Daniel Jones,Sean Payton,Shane Steichen,Craig Wrolstad,IND00,Lucas Oil Stadium
2025_02_PHI_KC,2025,REG,2,2025-09-14,Sunday,16:25,PHI,20,KC,17,Home,-3,37,0,2025091411,59871,,202509140kan,28446.0,401772837,6762.0,10,9,-122.0,102.0,-1.5,-110.0,-110.0,46.5,-102.0,-118.0,0,outdoors,grass,88.0,12.0,00-0036389,00-0033873,Jalen Hurts,Patrick Mahomes,Nick Sirianni,Andy Reid,Alex Kemp,KAN00,GEHA Field at Arrowhead Stadium
2025_02_ATL_MIN,2025,REG,2,2025-09-14,Sunday,20:20,ATL,22,MIN,6,Home,-16,28,0,2025091412,59872,,202509140min,28447.0,401772919,6763.0,7,6,150.0,-180.0,3.5,-115.0,-105.0,44.5,-110.0,-110.0,0,dome,sportturf,,,00-0039917,00-0039923,Michael Penix,J.J. McCarthy,Raheem Morris,Kevin O'Connell,Adrian Hill,MIN01,U.S. Bank Stadium
2025_02_TB_HOU,2025,REG,2,2025-09-15,Monday,19:00,TB,20,HOU,19,Home,-1,39,0,2025091500,59873,,202509150htx,28448.0,401772715,6765.0,8,8,114.0,-135.0,2.5,-110.0,-110.0,42.5,-110.0,-110.0,0,closed,astroturf,,,00-0034855,00-0039163,Baker Mayfield,C.J. Stroud,Todd Bowles,DeMeco Ryans,Shawn Hochuli,HOU00,NRG Stadium
2025_02_LAC_LV,2025,REG,2,2025-09-15,Monday,22:00,LAC,20,LV,9,Home,-11,29,0,2025091501,59874,,202509150rai,28449.0,401772811,6764.0,10,8,-198.0,164.0,-3.5,-105.0,-115.0,46.5,-102.0,-118.0,1,dome,grass,,,00-0036355,00-0030565,Justin Herbert,Geno Smith,Jim Harbaugh,Pete Carroll,Clay Martin,VEG00,Allegiant Stadium
2025_03_MIA_BUF,2025,REG,3,2025-09-18,Thursday,20:15,MIA,21,BUF,31,Home,10,52,0,2025091800,59875,,202509180buf,28450.0,401772937,6766.0,4,4,550.0,-800.0,12.5,-110.0,-110.0,50.5,-112.0,-108.0,1,outdoors,a_turf,68.0,7.0,00-0036212,00-0034857,Tua Tagovailoa,Josh Allen,Mike McDaniel,Sean McDermott,Alan Eck,BUF00,New Era Field
2025_03_ATL_CAR,2025,REG,3,2025-09-21,Sunday,13:00,ATL,0,CAR,30,Home,30,30,0,2025092100,59876,,202509210car,28452.0,401772838,6767.0,7,7,-225.0,185.0,-5.5,-105.0,-115.0,44.5,-115.0,-105.0,1,outdoors,grass,83.0,5.0,00-0039917,00-0039150,Michael Penix,Bryce Young,Raheem Morris,Dave Canales,Craig Wrolstad,CAR00,Bank of America Stadium
2025_03_GB_CLE,2025,REG,3,2025-09-21,Sunday,13:00,GB,10,CLE,13,Home,3,23,0,2025092101,59877,,202509210cle,28453.0,401772842,6768.0,10,7,-470.0,360.0,-8.5,-102.0,-118.0,41.5,-115.0,-105.0,0,outdoors,grass,79.0,10.0,00-0036264,00-0026158,Jordan Love,Joe Flacco,Matt LaFleur,Kevin Stefanski,Carl Cheffers,CLE00,FirstEnergy Stadium
2025_03_HOU_JAX,2025,REG,3,2025-09-21,Sunday,13:00,HOU,10,JAX,17,Home,7,27,0,2025092102,59878,,202509210jax,28454.0,401772734,6769.0,6,7,105.0,-125.0,1.5,-108.0,-112.0,43.5,-115.0,-105.0,1,outdoors,grass,85.0,11.0,00-0039163,00-0036971,C.J. Stroud,Trevor Lawrence,DeMeco Ryans,Liam Coen,Alex Kemp,JAX00,TIAA Bank Stadium
2025_03_CIN_MIN,2025,REG,3,2025-09-21,Sunday,13:00,CIN,10,MIN,48,Home,38,58,0,2025092103,59879,,202509210min,28455.0,401772731,6770.0,7,7,136.0,-162.0,3.0,-110.0,-110.0,41.5,-105.0,-115.0,0,dome,sportturf,,,00-0035100,00-0032950,Jake Browning,Carson Wentz,Zac Taylor,Kevin O'Connell,Ron Torbert,MIN01,U.S. Bank Stadium
2025_03_PIT_NE,2025,REG,3,2025-09-21,Sunday,13:00,PIT,21,NE,14,Home,-7,35,0,2025092104,59880,,202509210nwe,28456.0,401772732,6771.0,7,7,-120.0,100.0,-1.5,-105.0,-115.0,44.5,-112.0,-108.0,0,outdoors,fieldturf,66.0,5.0,00-0023459,00-0039851,Aaron Rodgers,Drake Maye,Mike Tomlin,Mike Vrabel,Clete Blakeman,BOS00,Gillette Stadium
2025_03_LA_PHI,2025,REG,3,2025-09-21,Sunday,13:00,LA,26,PHI,33,Home,7,59,0,2025092105,59881,,202509210phi,28457.0,401772839,6772.0,7,7,164.0,-198.0,3.5,-108.0,-112.0,45.5,-108.0,-112.0,0,outdoors,grass,73.0,9.0,00-0026498,00-0036389,Matthew Stafford,Jalen Hurts,Sean McVay,Nick Sirianni,Brad Rogers,PHI00,Lincoln Financial Field
2025_03_NYJ_TB,2025,REG,3,2025-09-21,Sunday,13:00,NYJ,27,TB,29,Home,2,56,0,2025092106,59882,,202509210tam,28458.0,401772840,6773.0,7,6,275.0,-345.0,6.5,-105.0,-115.0,43.5,-115.0,-105.0,0,outdoors,grass,88.0,5.0,00-0028118,00-0034855,Tyrod Taylor,Baker Mayfield,Aaron Glenn,Todd Bowles,Adrian Hill,TAM00,Raymond James Stadium
2025_03_IND_TEN,2025,REG,3,2025-09-21,Sunday,13:00,IND,41,TEN,20,Home,-21,61,0,2025092107,59883,,202509210oti,28459.0,401772733,6774.0,7,7,-245.0,200.0,-6.0,-108.0,-112.0,43.5,-115.0,-105.0,1,outdoors,grass,84.0,8.0,00-0035710,00-0040676,Daniel Jones,Cam Ward,Shane Steichen,Brian Callahan,Scott Novak,NAS00,Nissan Stadium
2025_03_LV_WAS,2025,REG,3,2025-09-21,Sunday,13:00,LV,24,WAS,41,Home,17,65,0,2025092108,59884,,202509210was,28460.0,401772841,6775.0,6,10,130.0,-155.0,2.5,100.0,-120.0,43.5,-110.0,-110.0,0,outdoors,grass,72.0,6.0,00-0030565,00-0032268,Geno Smith,Marcus Mariota,Pete Carroll,Dan Quinn,Shawn Hochuli,WAS00,FedExField
2025_03_DEN_LAC,2025,REG,3,2025-09-21,Sunday,16:05,DEN,20,LAC,23,Home,3,43,0,2025092109,59885,,202509210sdg,28461.0,401772735,6776.0,7,6,130.0,-155.0,2.5,100.0,-120.0,45.5,-110.0,-110.0,1,dome,matrixturf,,,00-0039732,00-0036355,Bo Nix,Justin Herbert,Sean Payton,Jim Harbaugh,Shawn Smith,LAX01,SoFi Stadium
2025_03_NO_SEA,2025,REG,3,2025-09-21,Sunday,16:05,NO,13,SEA,44,Home,31,57,0,2025092110,59886,,202509210sea,28462.0,401772736,6777.0,7,7,295.0,-375.0,7.5,-115.0,-105.0,41.5,-108.0,-112.0,0,outdoors,fieldturf,63.0,3.0,00-0039376,00-0034869,Spencer Rattler,Sam Darnold,Kellen Moore,Mike Macdonald,Alex Moore,SEA00,Lumen Field
2025_03_DAL_CHI,2025,REG,3,2025-09-21,Sunday,16:25,DAL,14,CHI,31,Home,17,45,0,2025092111,59887,,202509210chi,28463.0,401772844,6778.0,7,7,-125.0,105.0,-1.5,-115.0,-105.0,49.5,100.0,-120.0,0,outdoors,grass,82.0,4.0,00-0033077,00-0039918,Dak Prescott,Caleb Williams,Brian Schottenheimer,Ben Johnson,Clay Martin,CHI98,Soldier Field
2025_03_ARI_SF,2025,REG,3,2025-09-21,Sunday,16:25,ARI,15,SF,16,Home,1,31,0,2025092112,59888,,202509210sfo,28464.0,401772843,6779.0,7,7,105.0,-125.0,1.5,-112.0,-108.0,44.5,-112.0,-108.0,1,outdoors,grass,72.0,7.0,00-0035228,00-0036972,Kyler Murray,Mac Jones,Jonathan Gannon,Kyle Shanahan,John Hussey,SFO01,Levi's Stadium
2025_03_KC_NYG,2025,REG,3,2025-09-21,Sunday,20:20,KC,22,NYG,9,Home,-13,31,0,2025092113,59889,,202509210nyg,28465.0,401772920,6780.0,7,7,-325.0,260.0,-6.0,-115.0,-105.0,44.5,-105.0,-115.0,0,outdoors,fieldturf,65.0,5.0,00-0033873,00-0029263,Patrick Mahomes,Russell Wilson,Andy Reid,Brian Daboll,Land Clark,NYC01,MetLife Stadium
2025_03_DET_BAL,2025,REG,3,2025-09-22,Monday,20:15,DET,38,BAL,30,Home,-8,68,0,2025092200,59890,,202509220rav,28451.0,401772812,6781.0,8,8,200.0,-245.0,4.5,-105.0,-115.0,53.5,-105.0,-115.0,0,outdoors,grass,74.0,7.0,00-0033106,00-0034796,Jared Goff,Lamar Jackson,Dan Campbell,John Harbaugh,Bill Vinovich,BAL00,M&T Bank Stadium
2025_04_SEA_ARI,2025,REG,4,2025-09-25,Thursday,20:15,SEA,23,ARI,20,Home,-3,43,0,2025092500,59891,,202509250crd,28466.0,401772938,6782.0,4,4,-125.0,105.0,-1.5,-110.0,-110.0,43.5,-108.0,-112.0,1,closed,grass,,,00-0034869,00-0035228,Sam Darnold,Kyler Murray,Mike Macdonald,Jonathan Gannon,Alex Kemp,PHO00,State Farm Stadium
2025_04_MIN_PIT,2025,REG,4,2025-09-28,Sunday,09:30,MIN,21,PIT,24,Neutral,3,45,0,2025092800,59892,,202509280pit,28467.0,401772632,6783.0,7,7,-148.0,124.0,-2.5,-125.0,105.0,41.5,-115.0,-105.0,0,outdoors,grass,61.0,5.0,00-0032950,00-0023459,Carson Wentz,Aaron Rodgers,Kevin O'Connell,Mike Tomlin,Brad Allen,PIT00,Acrisure Stadium
2025_04_WAS_ATL,2025,REG,4,2025-09-28,Sunday,13:00,WAS,27,ATL,34,Home,7,61,0,2025092801,59893,,202509280atl,28468.0,401772739,6784.0,7,7,120.0,-142.0,2.5,-110.0,-110.0,43.5,-112.0,-108.0,0,closed,fieldturf,,,00-0039910,00-0039917,Jayden Daniels,Michael Penix,Dan Quinn,Raheem Morris,Scott Novak,ATL97,Mercedes-Benz Stadium
2025_04_NO_BUF,2025,REG,4,2025-09-28,Sunday,13:00,NO,19,BUF,31,Home,12,50,0,2025092802,59894,,202509280buf,28469.0,401772740,6785.0,7,10,800.0,-1350.0,15.5,-115.0,-105.0,48.5,-115.0,-105.0,0,outdoors,a_turf,73.0,7.0,00-0039376,00-0034857,Spencer Rattler,Josh Allen,Kellen Moore,Sean McDermott,Land Clark,BUF00,New Era Field
2025_04_CLE_DET,2025,REG,4,2025-09-28,Sunday,13:00,CLE,10,DET,34,Home,24,44,0,2025092803,59895,,202509280det,28470.0,401772846,6786.0,7,6,410.0,-550.0,10.0,-108.0,-112.0,44.5,-115.0,-105.0,0,dome,fieldturf,,,00-0026158,00-0033106,Joe Flacco,Jared Goff,Kevin Stefanski,Dan Campbell,Shawn Smith,DET00,Ford Field
2025_04_TEN_HOU,2025,REG,4,2025-09-28,Sunday,13:00,TEN,0,HOU,26,Home,26,26,0,2025092804,59896,,202509280htx,28471.0,401772738,6787.0,7,7,340.0,-440.0,7.5,-115.0,-105.0,39.5,-105.0,-115.0,1,closed,astroturf,,,00-0040676,00-0039163,Cam Ward,C.J. Stroud,Brian Callahan,DeMeco Ryans,Brad Rogers,HOU00,NRG Stadium
2025_04_CAR_NE,2025,REG,4,2025-09-28,Sunday,13:00,CAR,13,NE,42,Home,29,55,0,2025092805,59897,,202509280nwe,28472.0,401772847,6788.0,7,7,215.0,-265.0,5.5,-108.0,-112.0,42.5,-108.0,-112.0,0,outdoors,fieldturf,76.0,7.0,00-0039150,00-0039851,Bryce Young,Drake Maye,Dave Canales,Mike Vrabel,Bill Vinovich,BOS00,Gillette Stadium
2025_04_LAC_NYG,2025,REG,4,2025-09-28,Sunday,13:00,LAC,18,NYG,21,Home,3,39,0,2025092806,59898,,202509280nyg,28473.0,401772737,6789.0,7,7,-285.0,230.0,-6.0,-112.0,-108.0,43.5,-115.0,-105.0,0,outdoors,fieldturf,81.0,4.0,00-0036355,00-0040691,Justin Herbert,Jaxson Dart,Jim Harbaugh,Brian Daboll,Shawn Hochuli,NYC01,MetLife Stadium
2025_04_PHI_TB,2025,REG,4,2025-09-28,Sunday,13:00,PHI,31,TB,25,Home,-6,56,0,2025092807,59899,,202509280tam,28474.0,401772845,6790.0,7,7,-185.0,154.0,-3.5,-102.0,-118.0,44.5,-118.0,-102.0,0,outdoors,grass,88.0,6.0,00-0036389,00-0034855,Jalen Hurts,Baker Mayfield,Nick Sirianni,Todd Bowles,Alan Eck,TAM00,Raymond James Stadium
2025_04_IND_LA,2025,REG,4,2025-09-28,Sunday,16:05,IND,20,LA,27,Home,7,47,0,2025092808,59900,,202509280ram,28475.0,401772849,6791.0,7,7,154.0,-185.0,3.5,-105.0,-115.0,49.5,-105.0,-115.0,0,dome,matrixturf,,,00-0035710,00-0026498,Daniel Jones,Matthew Stafford,Shane Steichen,Sean McVay,Carl Cheffers,LAX01,SoFi Stadium
2025_04_JAX_SF,2025,REG,4,2025-09-28,Sunday,16:05,JAX,26,SF,21,Home,-5,47,0,2025092809,59901,,202509280sfo,28476.0,401772848,6792.0,7,7,150.0,-180.0,3.5,-120.0,100.0,45.5,-108.0,-112.0,0,outdoors,grass,72.0,7.0,00-0036971,00-0037834,Trevor Lawrence,Brock Purdy,Liam Coen,Kyle Shanahan,Clete Blakeman,SFO01,Levi's Stadium
2025_04_BAL_KC,2025,REG,4,2025-09-28,Sunday,16:25,BAL,20,KC,37,Home,17,57,0,2025092810,59902,,202509280kan,28478.0,401772741,6793.0,6,7,-148.0,124.0,-2.5,-120.0,100.0,48.5,100.0,-120.0,0,outdoors,grass,89.0,10.0,00-0034796,00-0033873,Lamar Jackson,Patrick Mahomes,John Harbaugh,Andy Reid,Clay Martin,KAN00,GEHA Field at Arrowhead Stadium
2025_04_CHI_LV,2025,REG,4,2025-09-28,Sunday,16:25,CHI,25,LV,24,Home,-1,49,0,2025092811,59903,,202509280rai,28477.0,401772742,6794.0,7,7,105.0,-125.0,1.5,-110.0,-110.0,47.5,-105.0,-115.0,0,dome,grass,,,00-0039918,00-0030565,Caleb Williams,Geno Smith,Ben Johnson,Pete Carroll,Adrian Hill,VEG00,Allegiant Stadium
2025_04_GB_DAL,2025,REG,4,2025-09-28,Sunday,20:20,GB,40,DAL,40,Home,0,80,1,2025092812,59904,,202509280dal,28479.0,401772921,6795.0,7,7,-345.0,275.0,-7.0,-105.0,-115.0,47.5,-115.0,-105.0,0,closed,matrixturf,,,00-0036264,00-0033077,Jordan Love,Dak Prescott,Matt LaFleur,Brian Schottenheimer,Ron Torbert,DAL00,AT&T Stadium
2025_04_NYJ_MIA,2025,REG,4,2025-09-29,Monday,19:15,NYJ,21,MIA,27,Home,6,48,0,2025092900,59905,,202509290mia,28481.0,401772813,6796.0,8,11,124.0,-148.0,2.5,-105.0,-115.0,44.5,-120.0,100.0,1,outdoors,grass,88.0,17.0,00-0036945,00-0036212,Justin Fields,Tua Tagovailoa,Aaron Glenn,Mike McDaniel,Craig Wrolstad,MIA00,Hard Rock Stadium
2025_04_CIN_DEN,2025,REG,4,2025-09-29,Monday,20:15,CIN,3,DEN,28,Home,25,31,0,2025092901,59906,,202509290den,28480.0,401772716,6797.0,8,8,360.0,-470.0,7.5,-115.0,-105.0,44.5,-115.0,-105.0,0,outdoors,grass,66.0,12.0,00-0035100,00-0039732,Jake Browning,Bo Nix,Zac Taylor,Sean Payton,Alex Moore,DEN00,Empower Field at Mile High
2025_05_SF_LA,2025,REG,5,2025-10-02,Thursday,20:15,SF,26,LA,23,Home,-3,49,1,2025100200,59907,,202510020ram,28482.0,401772939,6798.0,4,4,340.0,-440.0,8.5,-110.0,-110.0,43.5,-108.0,-112.0,1,dome,matrixturf,,,00-0036972,00-0026498,Mac Jones,Matthew Stafford,Kyle Shanahan,Sean McVay,Bill Vinovich,LAX01,SoFi Stadium
2025_05_MIN_CLE,2025,REG,5,2025-10-05,Sunday,09:30,MIN,21,CLE,17,Neutral,-4,38,0,2025100500,59908,,202510050cle,28483.0,401772633,6799.0,7,7,-198.0,164.0,-3.5,-110.0,-110.0,35.5,-112.0,-108.0,0,outdoors,grass,61.0,14.0,00-0032950,00-0040704,Carson Wentz,Dillon Gabriel,Kevin O'Connell,Kevin Stefanski,Scott Novak,CLE00,FirstEnergy Stadium
2025_05_HOU_BAL,2025,REG,5,2025-10-05,Sunday,13:00,HOU,44,BAL,10,Home,-34,54,0,2025100501,59909,,202510050rav,28484.0,401772743,6800.0,7,7,-148.0,124.0,-2.5,-118.0,-102.0,41.5,-115.0,-105.0,0,outdoors,grass,78.0,2.0,00-0039163,00-0033662,C.J. Stroud,Cooper Rush,DeMeco Ryans,John Harbaugh,Land Clark,BAL00,M&T Bank Stadium
2025_05_MIA_CAR,2025,REG,5,2025-10-05,Sunday,13:00,MIA,24,CAR,27,Home,3,51,0,2025100502,59910,,202510050car,28485.0,401772852,6801.0,6,7,-120.0,100.0,-1.5,-105.0,-115.0,44.5,-105.0,-115.0,0,outdoors,grass,77.0,8.0,00-0036212,00-0039150,Tua Tagovailoa,Bryce Young,Mike McDaniel,Dave Canales,Clay Martin,CAR00,Bank of America Stadium
2025_05_LV_IND,2025,REG,5,2025-10-05,Sunday,13:00,LV,6,IND,40,Home,34,46,0,2025100503,59911,,202510050clt,28486.0,401772851,6802.0,7,7,285.0,-360.0,7.0,100.0,-120.0,46.5,-108.0,-112.0,0,closed,fieldturf,,,00-0030565,00-0035710,Geno Smith,Daniel Jones,Pete Carroll,Shane Steichen,Alex Kemp,IND00,Lucas Oil Stadium
2025_05_NYG_NO,2025,REG,5,2025-10-05,Sunday,13:00,NYG,14,NO,26,Home,12,40,0,2025100504,59912,,202510050nor,28487.0,401772744,6803.0,7,7,100.0,-120.0,1.5,-115.0,-105.0,41.5,-105.0,-115.0,0,dome,sportturf,,,00-0040691,00-0039376,Jaxson Dart,Spencer Rattler,Brian Daboll,Kellen Moore,Alan Eck,NOR00,Mercedes-Benz Superdome
2025_05_DAL_NYJ,2025,REG,5,2025-10-05,Sunday,13:00,DAL,37,NYJ,22,Home,-15,59,0,2025100505,59913,,202510050nyj,28488.0,401772850,6804.0,7,6,-105.0,-115.0,1.5,-120.0,100.0,48.5,-110.0,-110.0,0,outdoors,fieldturf,82.0,3.0,00-0033077,00-0036945,Dak Prescott,Justin Fields,Brian Schottenheimer,Aaron Glenn,Alex Moore,NYC01,MetLife Stadium
2025_05_DEN_PHI,2025,REG,5,2025-10-05,Sunday,13:00,DEN,21,PHI,17,Home,-4,38,0,2025100506,59914,,202510050phi,28489.0,401772745,6805.0,6,7,180.0,-218.0,3.5,-105.0,-115.0,44.5,-115.0,-105.0,0,outdoors,grass,80.0,6.0,00-0039732,00-0036389,Bo Nix,Jalen Hurts,Sean Payton,Nick Sirianni,Adrian Hill,PHI00,Lincoln Financial Field
2025_05_TEN_ARI,2025,REG,5,2025-10-05,Sunday,16:05,TEN,22,ARI,21,Home,-1,43,0,2025100507,59915,,202510050crd,28491.0,401772747,6806.0,7,10,330.0,-425.0,7.5,-108.0,-112.0,41.5,-110.0,-110.0,0,closed,grass,,,00-0040676,00-0035228,Cam Ward,Kyler Murray,Brian Callahan,Jonathan Gannon,Shawn Smith,PHO00,State Farm Stadium
2025_05_TB_SEA,2025,REG,5,2025-10-05,Sunday,16:05,TB,38,SEA,35,Home,-3,73,0,2025100508,59916,,202510050sea,28490.0,401772746,6807.0,7,10,150.0,-180.0,3.5,-115.0,-105.0,44.5,-110.0,-110.0,0,outdoors,fieldturf,61.0,8.0,00-0034855,00-0034869,Baker Mayfield,Sam Darnold,Todd Bowles,Mike Macdonald,Craig Wrolstad,SEA00,Lumen Field
2025_05_DET_CIN,2025,REG,5,2025-10-05,Sunday,16:25,DET,37,CIN,24,Home,-13,61,0,2025100509,59917,,202510050cin,28492.0,401772854,6808.0,7,6,-575.0,425.0,-10.5,-102.0,-118.0,49.5,-112.0,-108.0,0,outdoors,fieldturf,84.0,7.0,00-0033106,00-0035100,Jared Goff,Jake Browning,Dan Campbell,Zac Taylor,Carl Cheffers,CIN00,Paycor Stadium
2025_05_WAS_LAC,2025,REG,5,2025-10-05,Sunday,16:25,WAS,27,LAC,10,Home,-17,37,0,2025100510,59918,,202510050sdg,28493.0,401772853,6809.0,7,7,130.0,-155.0,2.5,100.0,-120.0,47.5,-115.0,-105.0,0,dome,matrixturf,,,00-0039910,00-0036355,Jayden Daniels,Justin Herbert,Dan Quinn,Jim Harbaugh,John Hussey,LAX01,SoFi Stadium
2025_05_NE_BUF,2025,REG,5,2025-10-05,Sunday,20:20,NE,23,BUF,20,Home,-3,43,0,2025100511,59919,,202510050buf,28494.0,401772922,6810.0,7,7,310.0,-395.0,7.5,-105.0,-115.0,49.5,-108.0,-112.0,1,outdoors,a_turf,66.0,3.0,00-0039851,00-0034857,Drake Maye,Josh Allen,Mike Vrabel,Sean McDermott,Shawn Hochuli,BUF00,New Era Field
2025_05_KC_JAX,2025,REG,5,2025-10-06,Monday,20:15,KC,28,JAX,31,Home,3,59,0,2025100600,59920,,202510060jax,28495.0,401772814,6811.0,8,8,-198.0,164.0,-3.5,-110.0,-110.0,45.5,-108.0,-112.0,0,outdoors,grass,80.0,12.0,00-0033873,00-0036971,Patrick Mahomes,Trevor Lawrence,Andy Reid,Liam Coen,Brad Rogers,JAX00,TIAA Bank Stadium
2025_06_PHI_NYG,2025,REG,6,2025-10-09,Thursday,20:15,PHI,17,NYG,34,Home,17,51,0,2025100900,59921,,202510090nyg,28496.0,401772940,6812.0,4,4,-395.0,310.0,-7.0,-120.0,100.0,40.5,-105.0,-115.0,1,outdoors,fieldturf,53.0,3.0,00-0036389,00-0040691,Jalen Hurts,Jaxson Dart,Nick Sirianni,Brian Daboll,Clete Blakeman,NYC01,MetLife Stadium
2025_06_DEN_NYJ,2025,REG,6,2025-10-12,Sunday,09:30,DEN,13,NYJ,11,Neutral,-2,24,0,2025101200,59922,,202510120nyj,28497.0,401772634,6813.0,7,7,-395.0,310.0,-7.5,100.0,-120.0,43.5,-112.0,-108.0,0,outdoors,grass,59.0,6.0,00-0039732,00-0036945,Bo Nix,Justin Fields,Sean Payton,Aaron Glenn,Land Clark,NYC01,MetLife Stadium
2025_06_LA_BAL,2025,REG,6,2025-10-12,Sunday,13:00,LA,17,BAL,3,Home,-14,20,0,2025101201,59923,,202510120rav,28498.0,401772855,6814.0,10,7,-355.0,280.0,-7.0,-105.0,-115.0,43.5,-108.0,-112.0,0,outdoors,grass,64.0,15.0,00-0026498,00-0033662,Matthew Stafford,Cooper Rush,Sean McVay,John Harbaugh,Alex Kemp,BAL00,M&T Bank Stadium
2025_06_DAL_CAR,2025,REG,6,2025-10-12,Sunday,13:00,DAL,27,CAR,30,Home,3,57,0,2025101202,59924,,202510120car,28499.0,401772858,6815.0,7,7,-175.0,145.0,-3.0,-118.0,-102.0,47.5,-105.0,-115.0,0,outdoors,grass,68.0,15.0,00-0033077,00-0039150,Dak Prescott,Bryce Young,Brian Schottenheimer,Dave Canales,John Hussey,CAR00,Bank of America Stadium
2025_06_ARI_IND,2025,REG,6,2025-10-12,Sunday,13:00,ARI,27,IND,31,Home,4,58,0,2025101203,59925,,202510120clt,28500.0,401772856,6816.0,7,7,360.0,-470.0,8.5,-110.0,-110.0,46.5,-122.0,102.0,0,closed,fieldturf,,,00-0033119,00-0035710,Jacoby Brissett,Daniel Jones,Jonathan Gannon,Shane Steichen,Shawn Hochuli,IND00,Lucas Oil Stadium
2025_06_SEA_JAX,2025,REG,6,2025-10-12,Sunday,13:00,SEA,20,JAX,12,Home,-8,32,0,2025101204,59926,,202510120jax,28501.0,401772857,6817.0,7,6,-115.0,-105.0,-1.5,100.0,-120.0,47.5,-115.0,-105.0,0,outdoors,grass,76.0,8.0,00-0034869,00-0036971,Sam Darnold,Trevor Lawrence,Mike Macdonald,Liam Coen,Clay Martin,JAX00,TIAA Bank Stadium
2025_06_LAC_MIA,2025,REG,6,2025-10-12,Sunday,13:00,LAC,29,MIA,27,Home,-2,56,0,2025101205,59927,,202510120mia,28502.0,401772750,6818.0,7,7,-205.0,170.0,-3.5,-115.0,-105.0,45.5,-115.0,-105.0,0,outdoors,grass,85.0,4.0,00-0036355,00-0036212,Justin Herbert,Tua Tagovailoa,Jim Harbaugh,Mike McDaniel,Bill Vinovich,MIA00,Hard Rock Stadium
2025_06_NE_NO,2025,REG,6,2025-10-12,Sunday,13:00,NE,25,NO,19,Home,-6,44,0,2025101210,59932,,202510120nor,28507.0,401772751,6823.0,7,7,-192.0,160.0,-3.5,-105.0,-115.0,46.5,-115.0,-105.0,0,dome,sportturf,,,00-0039851,00-0039376,Drake Maye,Spencer Rattler,Mike Vrabel,Kellen Moore,Adrian Hill,NOR00,Mercedes-Benz Superdome
2025_06_CLE_PIT,2025,REG,6,2025-10-12,Sunday,13:00,CLE,9,PIT,23,Home,14,32,0,2025101206,59928,,202510120pit,28503.0,401772748,6819.0,7,14,225.0,-278.0,5.5,100.0,-120.0,37.5,100.0,-120.0,1,outdoors,grass,64.0,8.0,00-0040704,00-0023459,Dillon Gabriel,Aaron Rodgers,Kevin Stefanski,Mike Tomlin,Ron Torbert,PIT00,Acrisure Stadium
2025_06_TEN_LV,2025,REG,6,2025-10-12,Sunday,16:05,TEN,10,LV,20,Home,10,30,0,2025101208,59930,,202510120rai,28505.0,401772859,6821.0,7,7,154.0,-185.0,3.5,-110.0,-110.0,41.5,-105.0,-115.0,0,dome,grass,,,00-0040676,00-0030565,Cam Ward,Geno Smith,Brian Callahan,Pete Carroll,Carl Cheffers,VEG00,Allegiant Stadium
2025_06_CIN_GB,2025,REG,6,2025-10-12,Sunday,16:25,CIN,18,GB,27,Home,9,45,0,2025101209,59931,,202510120gnb,28506.0,401772752,6822.0,7,14,650.0,-1000.0,14.0,-110.0,-110.0,44.5,-110.0,-110.0,0,outdoors,grass,64.0,14.0,00-0026158,00-0036264,Joe Flacco,Jordan Love,Zac Taylor,Matt LaFleur,Brad Allen,GNB00,Lambeau Field
2025_06_SF_TB,2025,REG,6,2025-10-12,Sunday,16:25,SF,19,TB,30,Home,11,49,0,2025101207,59929,,202510120tam,28504.0,401772749,6820.0,10,7,160.0,-192.0,3.5,-105.0,-115.0,46.5,-105.0,-115.0,0,outdoors,grass,82.0,10.0,00-0036972,00-0034855,Mac Jones,Baker Mayfield,Kyle Shanahan,Todd Bowles,Brad Rogers,TAM00,Raymond James Stadium
2025_06_DET_KC,2025,REG,6,2025-10-12,Sunday,20:20,DET,17,KC,30,Home,13,47,0,2025101211,59933,,202510120kan,28508.0,401772923,6824.0,7,6,120.0,-142.0,2.5,-105.0,-115.0,51.5,-105.0,-115.0,0,outdoors,grass,85.0,13.0,00-0033106,00-0033873,Jared Goff,Patrick Mahomes,Dan Campbell,Andy Reid,Craig Wrolstad,KAN00,GEHA Field at Arrowhead Stadium
2025_06_BUF_ATL,2025,REG,6,2025-10-13,Monday,19:15,BUF,14,ATL,24,Home,10,38,0,2025101300,59934,,202510130atl,28509.0,401772815,6825.0,8,15,-205.0,170.0,-3.5,-120.0,100.0,49.5,-102.0,-118.0,0,closed,fieldturf,,,00-0034857,00-0039917,Josh Allen,Michael Penix,Sean McDermott,Raheem Morris,Shawn Smith,ATL97,Mercedes-Benz Stadium
2025_06_CHI_WAS,2025,REG,6,2025-10-13,Monday,20:15,CHI,25,WAS,24,Home,-1,49,0,2025101301,59935,,202510130was,28510.0,401772717,6826.0,15,8,210.0,-258.0,5.5,-108.0,-112.0,49.5,-105.0,-115.0,0,outdoors,grass,59.0,12.0,00-0039918,00-0039910,Caleb Williams,Jayden Daniels,Ben Johnson,Dan Quinn,Alex Moore,WAS00,FedExField
2025_07_PIT_CIN,2025,REG,7,2025-10-16,Thursday,20:15,PIT,31,CIN,33,Home,2,64,0,2025101600,59936,,202510160cin,28511.0,401772941,6827.0,4,4,-245.0,200.0,-5.5,-105.0,-115.0,45.5,-115.0,-105.0,1,outdoors,fieldturf,60.0,5.0,00-0023459,00-0026158,Aaron Rodgers,Joe Flacco,Mike Tomlin,Zac Taylor,Clay Martin,CIN00,Paycor Stadium
2025_07_LA_JAX,2025,REG,7,2025-10-19,Sunday,09:30,LA,35,JAX,7,Neutral,-28,42,0,2025101900,59937,,202510190jax,28512.0,401772635,6828.0,7,7,-166.0,140.0,-3.0,-115.0,-105.0,44.5,-105.0,-115.0,0,outdoors,grass,59.0,9.0,00-0026498,00-0036971,Matthew Stafford,Trevor Lawrence,Sean McVay,Liam Coen,Adrian Hill,JAX00,TIAA Bank Stadium
2025_07_NO_CHI,2025,REG,7,2025-10-19,Sunday,13:00,NO,14,CHI,26,Home,12,40,0,2025101901,59938,,202510190chi,28513.0,401772861,6829.0,7,6,185.0,-225.0,4.5,-120.0,100.0,43.5,-110.0,-110.0,0,outdoors,grass,49.0,8.0,00-0039376,00-0039918,Spencer Rattler,Caleb Williams,Kellen Moore,Ben Johnson,Scott Novak,CHI98,Soldier Field
2025_07_MIA_CLE,2025,REG,7,2025-10-19,Sunday,13:00,MIA,6,CLE,31,Home,25,37,0,2025101902,59939,,202510190cle,28514.0,401772754,6830.0,7,7,124.0,-148.0,2.5,-102.0,-118.0,34.5,-112.0,-108.0,0,outdoors,grass,65.0,17.0,00-0036212,00-0040704,Tua Tagovailoa,Dillon Gabriel,Mike McDaniel,Kevin Stefanski,Shawn Hochuli,CLE00,FirstEnergy Stadium
2025_07_LV_KC,2025,REG,7,2025-10-19,Sunday,13:00,LV,0,KC,31,Home,31,31,0,2025101903,59940,,202510190kan,28515.0,401772753,6831.0,7,7,625.0,-950.0,13.5,-115.0,-105.0,44.5,-115.0,-105.0,1,outdoors,grass,57.0,9.0,00-0030565,00-0033873,Geno Smith,Patrick Mahomes,Pete Carroll,Andy Reid,Clete Blakeman,KAN00,GEHA Field at Arrowhead Stadium
2025_07_PHI_MIN,2025,REG,7,2025-10-19,Sunday,13:00,PHI,28,MIN,22,Home,-6,50,0,2025101904,59941,,202510190min,28516.0,401772862,6832.0,10,14,-148.0,124.0,-2.5,-110.0,-110.0,43.5,-105.0,-115.0,0,dome,sportturf,,,00-0036389,00-0032950,Jalen Hurts,Carson Wentz,Nick Sirianni,Kevin O'Connell,Bill Vinovich,MIN01,U.S. Bank Stadium
2025_07_CAR_NYJ,2025,REG,7,2025-10-19,Sunday,13:00,CAR,13,NYJ,6,Home,-7,19,0,2025101905,59942,,202510190nyj,28517.0,401772860,6833.0,7,7,-108.0,-112.0,1.5,-125.0,105.0,39.5,-102.0,-118.0,0,outdoors,fieldturf,71.0,13.0,00-0039150,00-0036945,Bryce Young,Justin Fields,Dave Canales,Aaron Glenn,Brad Rogers,NYC01,MetLife Stadium
2025_07_NE_TEN,2025,REG,7,2025-10-19,Sunday,13:00,NE,31,TEN,13,Home,-18,44,0,2025101906,59943,,202510190oti,28518.0,401772755,6834.0,7,7,-290.0,235.0,-6.5,-108.0,-112.0,40.5,-108.0,-112.0,0,outdoors,grass,60.0,18.0,00-0039851,00-0040676,Drake Maye,Cam Ward,Mike Vrabel,Brian Callahan,Craig Wrolstad,NAS00,Nissan Stadium
2025_07_NYG_DEN,2025,REG,7,2025-10-19,Sunday,16:05,NYG,32,DEN,33,Home,1,65,0,2025101907,59944,,202510190den,28519.0,401772757,6835.0,10,7,330.0,-425.0,7.5,-105.0,-115.0,39.5,-105.0,-115.0,0,outdoors,grass,72.0,3.0,00-0040691,00-0039732,Jaxson Dart,Bo Nix,Brian Daboll,Sean Payton,Brad Allen,DEN00,Empower Field at Mile High
2025_07_IND_LAC,2025,REG,7,2025-10-19,Sunday,16:05,IND,38,LAC,24,Home,-14,62,0,2025101908,59945,,202510190sdg,28520.0,401772756,6836.0,7,7,114.0,-135.0,2.5,-108.0,-112.0,48.5,-110.0,-110.0,0,dome,matrixturf,,,00-0035710,00-0036355,Daniel Jones,Justin Herbert,Shane Steichen,Jim Harbaugh,Alan Eck,LAX01,SoFi Stadium
2025_07_GB_ARI,2025,REG,7,2025-10-19,Sunday,16:25,GB,27,ARI,23,Home,-4,50,0,2025101909,59946,,202510190crd,28521.0,401772863,6837.0,7,7,-395.0,310.0,-7.0,-115.0,-105.0,44.5,-110.0,-110.0,0,closed,grass,,,00-0036264,00-0033119,Jordan Love,Jacoby Brissett,Matt LaFleur,Jonathan Gannon,Alex Moore,PHO00,State Farm Stadium
2025_07_WAS_DAL,2025,REG,7,2025-10-19,Sunday,16:25,WAS,22,DAL,44,Home,22,66,0,2025101910,59947,,202510190dal,28522.0,401772864,6838.0,6,7,105.0,-125.0,1.5,-108.0,-112.0,54.5,-108.0,-112.0,1,closed,matrixturf,,,00-0039910,00-0033077,Jayden Daniels,Dak Prescott,Dan Quinn,Brian Schottenheimer,Alex Kemp,DAL00,AT&T Stadium
2025_07_ATL_SF,2025,REG,7,2025-10-19,Sunday,20:20,ATL,10,SF,20,Home,10,30,0,2025101911,59948,,202510190sfo,28523.0,401772924,6839.0,6,7,-105.0,-115.0,1.5,-120.0,100.0,46.5,-112.0,-108.0,0,outdoors,grass,74.0,5.0,00-0039917,00-0036972,Michael Penix,Mac Jones,Raheem Morris,Kyle Shanahan,Ron Torbert,SFO01,Levi's Stadium
2025_07_TB_DET,2025,REG,7,2025-10-20,Monday,19:00,TB,9,DET,24,Home,15,33,0,2025102000,59949,,202510200det,28524.0,401772816,6841.0,8,8,225.0,-278.0,6.0,-112.0,-108.0,54.5,-115.0,-105.0,0,dome,fieldturf,,,00-0034855,00-0033106,Baker Mayfield,Jared Goff,Todd Bowles,Dan Campbell,John Hussey,DET00,Ford Field
2025_07_HOU_SEA,2025,REG,7,2025-10-20,Monday,22:00,HOU,19,SEA,27,Home,8,46,0,2025102001,59950,,202510200sea,28525.0,401772826,6840.0,15,8,140.0,-166.0,3.0,-110.0,-110.0,41.5,-110.0,-110.0,0,outdoors,fieldturf,56.0,5.0,00-0039163,00-0034869,C.J. Stroud,Sam Darnold,DeMeco Ryans,Mike Macdonald,Carl Cheffers,SEA00,Lumen Field
2025_08_MIN_LAC,2025,REG,8,2025-10-23,Thursday,20:15,MIN,10,LAC,37,Home,27,47,0,2025102300,59951,,202510230sdg,28526.0,401772942,6842.0,4,4,142.0,-170.0,3.0,100.0,-120.0,45.5,-110.0,-110.0,0,dome,matrixturf,,,00-0032950,00-0036355,Carson Wentz,Justin Herbert,Kevin O'Connell,Jim Harbaugh,Clete Blakeman,LAX01,SoFi Stadium
2025_08_MIA_ATL,2025,REG,8,2025-10-26,Sunday,13:00,MIA,34,ATL,10,Home,-24,44,0,2025102600,59952,,202510260atl,28527.0,401772760,6843.0,7,7,280.0,-355.0,7.0,-115.0,-105.0,44.5,-115.0,-105.0,0,closed,fieldturf,,,00-0036212,00-0029604,Tua Tagovailoa,Kirk Cousins,Mike McDaniel,Raheem Morris,John Hussey,ATL97,Mercedes-Benz Stadium
2025_08_CHI_BAL,2025,REG,8,2025-10-26,Sunday,13:00,CHI,16,BAL,30,Home,14,46,0,2025102601,59953,,202510260rav,28528.0,401772759,6844.0,7,14,124.0,-148.0,2.5,-102.0,-118.0,45.5,-112.0,-108.0,0,outdoors,grass,60.0,2.0,00-0039918,00-0035993,Caleb Williams,Tyler Huntley,Ben Johnson,John Harbaugh,Shawn Smith,BAL00,M&T Bank Stadium
2025_08_BUF_CAR,2025,REG,8,2025-10-26,Sunday,13:00,BUF,40,CAR,9,Home,-31,49,0,2025102602,59954,,202510260car,28529.0,401772865,6845.0,13,7,-395.0,310.0,-7.0,-115.0,-105.0,47.5,-108.0,-112.0,0,outdoors,grass,63.0,9.0,00-0034857,00-0039150,Josh Allen,Bryce Young,Sean McDermott,Dave Canales,Craig Wrolstad,CAR00,Bank of America Stadium
2025_08_NYJ_CIN,2025,REG,8,2025-10-26,Sunday,13:00,NYJ,39,CIN,38,Home,-1,77,0,2025102603,59955,,202510260cin,28530.0,401772758,6846.0,7,10,210.0,-258.0,5.5,-112.0,-108.0,43.5,-102.0,-118.0,0,outdoors,fieldturf,57.0,8.0,00-0036945,00-0026158,Justin Fields,Joe Flacco,Aaron Glenn,Zac Taylor,Scott Novak,CIN00,Paycor Stadium
2025_08_SF_HOU,2025,REG,8,2025-10-26,Sunday,13:00,SF,15,HOU,26,Home,11,41,0,2025102604,59956,,202510260htx,28531.0,401772866,6847.0,7,6,130.0,-155.0,2.5,100.0,-120.0,41.5,-112.0,-108.0,0,closed,astroturf,,,00-0036972,00-0039163,Mac Jones,C.J. Stroud,Kyle Shanahan,DeMeco Ryans,Alan Eck,HOU00,NRG Stadium
2025_08_CLE_NE,2025,REG,8,2025-10-26,Sunday,13:00,CLE,13,NE,32,Home,19,45,0,2025102605,59957,,202510260nwe,28532.0,401772868,6848.0,7,7,300.0,-380.0,7.0,-115.0,-105.0,40.5,-115.0,-105.0,0,outdoors,fieldturf,53.0,7.0,00-0040704,00-0039851,Dillon Gabriel,Drake Maye,Kevin Stefanski,Mike Vrabel,Alex Moore,BOS00,Gillette Stadium
2025_08_NYG_PHI,2025,REG,8,2025-10-26,Sunday,13:00,NYG,20,PHI,38,Home,18,58,0,2025102606,59958,,202510260phi,28533.0,401772867,6849.0,7,7,300.0,-380.0,7.0,-102.0,-118.0,43.5,-108.0,-112.0,1,outdoors,grass,60.0,4.0,00-0040691,00-0036389,Jaxson Dart,Jalen Hurts,Brian Daboll,Nick Sirianni,Brad Rogers,PHI00,Lincoln Financial Field
2025_08_TB_NO,2025,REG,8,2025-10-26,Sunday,16:05,TB,23,NO,3,Home,-20,26,0,2025102607,59959,,202510260nor,28534.0,401772869,6850.0,6,7,-218.0,180.0,-4.5,-105.0,-115.0,46.5,-110.0,-110.0,1,dome,sportturf,,,00-0034855,00-0039376,Baker Mayfield,Spencer Rattler,Todd Bowles,Kellen Moore,Ron Torbert,NOR00,Mercedes-Benz Superdome
2025_08_DAL_DEN,2025,REG,8,2025-10-26,Sunday,16:25,DAL,24,DEN,44,Home,20,68,0,2025102608,59960,,202510260den,28535.0,401772762,6851.0,7,7,160.0,-192.0,3.5,-110.0,-110.0,51.5,-110.0,-110.0,0,outdoors,grass,67.0,4.0,00-0033077,00-0039732,Dak Prescott,Bo Nix,Brian Schottenheimer,Sean Payton,Carl Cheffers,DEN00,Empower Field at Mile High
2025_08_TEN_IND,2025,REG,8,2025-10-26,Sunday,16:25,TEN,14,IND,38,Home,24,52,0,2025102609,59961,,202510260clt,28536.0,401772761,6852.0,7,7,950.0,-1650.0,15.5,-115.0,-105.0,47.5,-102.0,-118.0,1,closed,fieldturf,,,00-0040676,00-0035710,Cam Ward,Daniel Jones,Brian Callahan,Shane Steichen,Land Clark,IND00,Lucas Oil Stadium
2025_08_GB_PIT,2025,REG,8,2025-10-26,Sunday,20:20,GB,35,PIT,25,Home,-10,60,0,2025102610,59962,,202510260pit,28537.0,401772925,6853.0,7,10,-155.0,130.0,-3.0,100.0,-120.0,46.5,-115.0,-105.0,0,outdoors,grass,46.0,5.0,00-0036264,00-0023459,Jordan Love,Aaron Rodgers,Matt LaFleur,Mike Tomlin,Shawn Hochuli,PIT00,Acrisure Stadium
2025_08_WAS_KC,2025,REG,8,2025-10-27,Monday,20:15,WAS,7,KC,28,Home,21,35,0,2025102700,59963,,202510270kan,28538.0,401772817,6854.0,8,8,500.0,-700.0,10.5,-105.0,-115.0,48.5,-115.0,-105.0,0,outdoors,grass,54.0,8.0,00-0039910,00-0033873,Jayden Daniels,Patrick Mahomes,Dan Quinn,Andy Reid,Brad Allen,KAN00,GEHA Field at Arrowhead Stadium
2025_09_BAL_MIA,2025,REG,9,2025-10-30,Thursday,20:15,BAL,28,MIA,6,Home,-22,34,0,2025103000,59964,,202510300mia,28539.0,401772943,6855.0,4,4,-455.0,350.0,-7.5,-120.0,100.0,51.5,-110.0,-110.0,0,outdoors,grass,73.0,5.0,00-0034796,00-0036212,Lamar Jackson,Tua Tagovailoa,John Harbaugh,Mike McDaniel,Scott Novak,MIA00,Hard Rock Stadium
2025_09_CHI_CIN,2025,REG,9,2025-11-02,Sunday,13:00,CHI,47,CIN,42,Home,-5,89,0,2025110200,59965,,202511020cin,28540.0,401772765,6856.0,7,7,-162.0,136.0,-3.0,-105.0,-115.0,51.5,-108.0,-112.0,0,outdoors,fieldturf,50.0,6.0,00-0039918,00-0026158,Caleb Williams,Joe Flacco,Ben Johnson,Zac Taylor,Clete Blakeman,CIN00,Paycor Stadium
2025_09_MIN_DET,2025,REG,9,2025-11-02,Sunday,13:00,MIN,27,DET,24,Home,-3,51,0,2025110201,59966,,202511020det,28541.0,401772871,6857.0,10,13,410.0,-550.0,9.5,-108.0,-112.0,47.5,-105.0,-115.0,1,dome,fieldturf,,,00-0039923,00-0033106,J.J. McCarthy,Jared Goff,Kevin O'Connell,Dan Campbell,Clay Martin,DET00,Ford Field
2025_09_CAR_GB,2025,REG,9,2025-11-02,Sunday,13:00,CAR,16,GB,13,Home,-3,29,0,2025110202,59967,,202511020gnb,28542.0,401772872,6858.0,7,7,650.0,-1000.0,12.5,-102.0,-118.0,43.5,-115.0,-105.0,0,outdoors,grass,47.0,15.0,00-0039150,00-0036264,Bryce Young,Jordan Love,Dave Canales,Matt LaFleur,Land Clark,GNB00,Lambeau Field
2025_09_DEN_HOU,2025,REG,9,2025-11-02,Sunday,13:00,DEN,18,HOU,15,Home,-3,33,0,2025110203,59968,,202511020htx,28543.0,401772870,6859.0,7,7,105.0,-125.0,1.5,-110.0,-110.0,40.5,-105.0,-115.0,0,closed,astroturf,,,00-0039732,00-0039163,Bo Nix,C.J. Stroud,Sean Payton,DeMeco Ryans,Ron Torbert,HOU00,NRG Stadium
2025_09_ATL_NE,2025,REG,9,2025-11-02,Sunday,13:00,ATL,23,NE,24,Home,1,47,0,2025110204,59969,,202511020nwe,28544.0,401772763,6860.0,7,7,205.0,-250.0,5.5,-110.0,-110.0,45.5,-112.0,-108.0,0,outdoors,fieldturf,52.0,7.0,00-0039917,00-0039851,Michael Penix,Drake Maye,Raheem Morris,Mike Vrabel,Brad Allen,BOS00,Gillette Stadium
2025_09_SF_NYG,2025,REG,9,2025-11-02,Sunday,13:00,SF,34,NYG,24,Home,-10,58,0,2025110205,59970,,202511020nyg,28545.0,401772767,6861.0,7,7,-148.0,124.0,-2.5,-120.0,100.0,47.5,-108.0,-112.0,0,outdoors,fieldturf,56.0,5.0,00-0036972,00-0040691,Mac Jones,Jaxson Dart,Kyle Shanahan,Brian Daboll,John Hussey,NYC01,MetLife Stadium
2025_09_IND_PIT,2025,REG,9,2025-11-02,Sunday,13:00,IND,20,PIT,27,Home,7,47,0,2025110206,59971,,202511020pit,28546.0,401772766,6862.0,7,7,-185.0,154.0,-3.5,100.0,-120.0,51.5,-105.0,-115.0,0,outdoors,grass,56.0,2.0,00-0035710,00-0023459,Daniel Jones,Aaron Rodgers,Shane Steichen,Mike Tomlin,Craig Wrolstad,PIT00,Acrisure Stadium
2025_09_LAC_TEN,2025,REG,9,2025-11-02,Sunday,13:00,LAC,27,TEN,20,Home,-7,47,0,2025110207,59972,,202511020oti,28547.0,401772764,6863.0,10,7,-650.0,470.0,-10.0,-112.0,-108.0,44.5,-110.0,-110.0,0,outdoors,grass,46.0,5.0,00-0036355,00-0040676,Justin Herbert,Cam Ward,Jim Harbaugh,Brian Callahan,Alex Kemp,NAS00,Nissan Stadium
2025_09_NO_LA,2025,REG,9,2025-11-02,Sunday,16:05,NO,10,LA,34,Home,24,44,0,2025110208,59973,,202511020ram,28548.0,401772874,6864.0,7,14,750.0,-1200.0,14.0,-105.0,-115.0,44.5,-105.0,-115.0,0,dome,matrixturf,,,00-0040743,00-0026498,Tyler Shough,Matthew Stafford,Kellen Moore,Sean McVay,Shawn Smith,LAX01,SoFi Stadium
2025_09_JAX_LV,2025,REG,9,2025-11-02,Sunday,16:05,JAX,30,LV,29,Home,-1,59,1,2025110209,59974,,202511020rai,28549.0,401772873,6865.0,14,14,-130.0,110.0,-2.5,-105.0,-115.0,43.5,-105.0,-115.0,0,dome,grass,,,00-0036971,00-0030565,Trevor Lawrence,Geno Smith,Liam Coen,Pete Carroll,Alan Eck,VEG00,Allegiant Stadium
2025_09_KC_BUF,2025,REG,9,2025-11-02,Sunday,16:25,KC,21,BUF,28,Home,7,49,0,2025110210,59975,,202511020buf,28550.0,401772768,6866.0,6,7,-135.0,114.0,-2.5,-105.0,-115.0,53.5,-115.0,-105.0,0,outdoors,a_turf,54.0,6.0,00-0033873,00-0034857,Patrick Mahomes,Josh Allen,Andy Reid,Sean McDermott,Carl Cheffers,BUF00,New Era Field
2025_09_SEA_WAS,2025,REG,9,2025-11-02,Sunday,20:20,SEA,38,WAS,14,Home,-24,52,0,2025110211,59976,,202511020was,28551.0,401772926,6867.0,13,6,-148.0,124.0,-2.5,-120.0,100.0,47.5,-115.0,-105.0,0,outdoors,grass,53.0,3.0,00-0034869,00-0039910,Sam Darnold,Jayden Daniels,Mike Macdonald,Dan Quinn,Bill Vinovich,WAS00,FedExField
2025_09_ARI_DAL,2025,REG,9,2025-11-03,Monday,20:15,ARI,27,DAL,17,Home,-10,44,0,2025110300,59977,,202511030dal,28552.0,401772818,6868.0,15,8,145.0,-175.0,3.5,-115.0,-105.0,53.5,-105.0,-115.0,0,closed,matrixturf,,,00-0033119,00-0033077,Jacoby Brissett,Dak Prescott,Jonathan Gannon,Brian Schottenheimer,Adrian Hill,DAL00,AT&T Stadium
2025_10_LV_DEN,2025,REG,10,2025-11-06,Thursday,20:15,LV,7,DEN,10,Home,3,17,0,2025110600,59978,,202511060den,28553.0,401772944,6869.0,4,4,380.0,-500.0,9.5,-112.0,-108.0,42.5,-110.0,-110.0,1,outdoors,grass,60.0,10.0,00-0030565,00-0039732,Geno Smith,Bo Nix,Pete Carroll,Sean Payton,Bill Vinovich,DEN00,Empower Field at Mile High
2025_10_ATL_IND,2025,REG,10,2025-11-09,Sunday,09:30,ATL,25,IND,31,Neutral,6,56,1,2025110900,59979,,202511090clt,28554.0,401772636,6870.0,7,7,250.0,-310.0,6.5,-112.0,-108.0,48.5,-112.0,-108.0,0,closed,grass,46.0,2.0,00-0039917,00-0035710,Michael Penix,Daniel Jones,Raheem Morris,Shane Steichen,Clete Blakeman,IND00,Lucas Oil Stadium
2025_10_NO_CAR,2025,REG,10,2025-11-09,Sunday,13:00,NO,17,CAR,7,Home,-10,24,0,2025110901,59980,,202511090car,28555.0,401772877,6871.0,7,7,200.0,-245.0,5.5,-112.0,-108.0,38.5,-105.0,-115.0,1,outdoors,grass,73.0,15.0,00-0040743,00-0039150,Tyler Shough,Bryce Young,Kellen Moore,Dave Canales,Brad Allen,CAR00,Bank of America Stadium
2025_10_NYG_CHI,2025,REG,10,2025-11-09,Sunday,13:00,NYG,20,CHI,24,Home,4,44,0,2025110902,59981,,202511090chi,28556.0,401772875,6872.0,7,7,180.0,-218.0,4.5,-108.0,-112.0,45.5,-112.0,-108.0,0,outdoors,grass,33.0,10.0,00-0040691,00-0039918,Jaxson Dart,Caleb Williams,Brian Daboll,Ben Johnson,Adrian Hill,CHI98,Soldier Field
2025_10_JAX_HOU,2025,REG,10,2025-11-09,Sunday,13:00,JAX,29,HOU,36,Home,7,65,0,2025110903,59982,,202511090htx,28557.0,401772770,6873.0,7,7,-115.0,-105.0,-1.5,100.0,-120.0,37.5,-112.0,-108.0,1,closed,astroturf,,,00-0036971,00-0036898,Trevor Lawrence,Davis Mills,Liam Coen,DeMeco Ryans,Alex Moore,HOU00,NRG Stadium
2025_10_BUF_MIA,2025,REG,10,2025-11-09,Sunday,13:00,BUF,13,MIA,30,Home,17,43,0,2025110904,59983,,202511090mia,28558.0,401772771,6874.0,7,10,-455.0,350.0,-8.5,-105.0,-115.0,50.5,-115.0,-105.0,1,outdoors,grass,84.0,6.0,00-0034857,00-0036212,Josh Allen,Tua Tagovailoa,Sean McDermott,Mike McDaniel,Ron Torbert,MIA00,Hard Rock Stadium
2025_10_BAL_MIN,2025,REG,10,2025-11-09,Sunday,13:00,BAL,27,MIN,19,Home,-8,46,0,2025110905,59984,,202511090min,28559.0,401772876,6875.0,10,7,-230.0,190.0,-4.5,-105.0,-115.0,48.5,-105.0,-115.0,0,dome,sportturf,,,00-0034796,00-0039923,Lamar Jackson,J.J. McCarthy,John Harbaugh,Kevin O'Connell,Shawn Hochuli,MIN01,U.S. Bank Stadium
2025_10_CLE_NYJ,2025,REG,10,2025-11-09,Sunday,13:00,CLE,20,NYJ,27,Home,7,47,0,2025110906,59985,,202511090nyj,28560.0,401772769,6876.0,14,14,-130.0,110.0,-1.5,-115.0,-105.0,37.5,-115.0,-105.0,0,outdoors,fieldturf,62.0,12.0,00-0040704,00-0028118,Dillon Gabriel,Tyrod Taylor,Kevin Stefanski,Aaron Glenn,Shawn Smith,NYC01,MetLife Stadium
2025_10_NE_TB,2025,REG,10,2025-11-09,Sunday,13:00,NE,28,TB,23,Home,-5,51,0,2025110907,59986,,202511090tam,28561.0,401772772,6877.0,7,14,124.0,-148.0,2.5,100.0,-120.0,48.5,-105.0,-115.0,0,outdoors,grass,82.0,11.0,00-0039851,00-0034855,Drake Maye,Baker Mayfield,Mike Vrabel,Todd Bowles,Alex Kemp,TAM00,Raymond James Stadium
2025_10_ARI_SEA,2025,REG,10,2025-11-09,Sunday,16:05,ARI,22,SEA,44,Home,22,66,0,2025110908,59987,,202511090sea,28562.0,401772773,6878.0,6,7,270.0,-340.0,7.0,-115.0,-105.0,44.5,-102.0,-118.0,1,outdoors,fieldturf,59.0,5.0,00-0033119,00-0034869,Jacoby Brissett,Sam Darnold,Jonathan Gannon,Mike Macdonald,Alan Eck,SEA00,Lumen Field
2025_10_LA_SF,2025,REG,10,2025-11-09,Sunday,16:25,LA,42,SF,26,Home,-16,68,0,2025110909,59988,,202511090sfo,28563.0,401772879,6879.0,7,7,-258.0,210.0,-5.5,-115.0,-105.0,49.5,-110.0,-110.0,1,outdoors,grass,77.0,3.0,00-0026498,00-0036972,Matthew Stafford,Mac Jones,Sean McVay,Kyle Shanahan,Land Clark,SFO01,Levi's Stadium
2025_10_DET_WAS,2025,REG,10,2025-11-09,Sunday,16:25,DET,44,WAS,22,Home,-22,66,0,2025110910,59989,,202511090was,28564.0,401772878,6880.0,7,7,-455.0,350.0,-8.5,-105.0,-115.0,49.5,-112.0,-108.0,0,outdoors,grass,64.0,9.0,00-0033106,00-0032268,Jared Goff,Marcus Mariota,Dan Campbell,Dan Quinn,Scott Novak,WAS00,FedExField
2025_10_PIT_LAC,2025,REG,10,2025-11-09,Sunday,20:20,PIT,10,LAC,25,Home,15,35,0,2025110911,59990,,202511090sdg,28565.0,401772927,6881.0,7,7,136.0,-162.0,3.0,-118.0,-102.0,45.5,-115.0,-105.0,0,dome,matrixturf,,,00-0023459,00-0036355,Aaron Rodgers,Justin Herbert,Mike Tomlin,Jim Harbaugh,Brad Rogers,LAX01,SoFi Stadium
2025_10_PHI_GB,2025,REG,10,2025-11-10,Monday,20:15,PHI,10,GB,7,Home,-3,17,0,2025111000,59991,,202511100gnb,28566.0,401772630,6882.0,15,8,-110.0,-110.0,1.5,-122.0,102.0,45.5,-108.0,-112.0,0,outdoors,grass,33.0,9.0,00-0036389,00-0036264,Jalen Hurts,Jordan Love,Nick Sirianni,Matt LaFleur,Clay Martin,GNB00,Lambeau Field
2025_11_NYJ_NE,2025,REG,11,2025-11-13,Thursday,20:15,NYJ,14,NE,27,Home,13,41,0,2025111300,59992,,202511130nwe,28567.0,401772945,6883.0,4,4,625.0,-950.0,12.5,-105.0,-115.0,43.5,-115.0,-105.0,1,outdoors,fieldturf,39.0,9.0,00-0028118,00-0039851,Tyrod Taylor,Drake Maye,Aaron Glenn,Mike Vrabel,Alan Eck,BOS00,Gillette Stadium
2025_11_WAS_MIA,2025,REG,11,2025-11-16,Sunday,09:30,WAS,13,MIA,16,Neutral,3,29,1,2025111600,59993,,202511160mia,28568.0,401772631,6884.0,7,7,124.0,-148.0,2.5,100.0,-120.0,47.5,-110.0,-110.0,0,outdoors,grass,,,00-0032268,00-0036212,Marcus Mariota,Tua Tagovailoa,Dan Quinn,Mike McDaniel,Shawn Smith,MIA00,Hard Rock Stadium
2025_11_CAR_ATL,2025,REG,11,2025-11-16,Sunday,13:00,CAR,30,ATL,27,Home,-3,57,1,2025111601,59994,,202511160atl,28569.0,401772882,6885.0,7,7,180.0,-218.0,4.5,-118.0,-102.0,42.5,-110.0,-110.0,1,closed,fieldturf,,,00-0039150,00-0039917,Bryce Young,Michael Penix,Dave Canales,Raheem Morris,Clay Martin,ATL97,Mercedes-Benz Stadium
2025_11_TB_BUF,2025,REG,11,2025-11-16,Sunday,13:00,TB,32,BUF,44,Home,12,76,0,2025111602,59995,,202511160buf,28570.0,401772776,6886.0,7,7,230.0,-285.0,6.0,-108.0,-112.0,46.5,-112.0,-108.0,0,outdoors,a_turf,38.0,20.0,00-0034855,00-0034857,Baker Mayfield,Josh Allen,Todd Bowles,Sean McDermott,Alex Moore,BUF00,New Era Field
2025_11_LAC_JAX,2025,REG,11,2025-11-16,Sunday,13:00,LAC,6,JAX,35,Home,29,41,0,2025111603,59996,,202511160jax,28571.0,401772775,6887.0,7,7,-155.0,130.0,-3.0,-105.0,-115.0,43.5,-110.0,-110.0,0,outdoors,grass,74.0,9.0,00-0036355,00-0036971,Justin Herbert,Trevor Lawrence,Jim Harbaugh,Liam Coen,Craig Wrolstad,JAX00,TIAA Bank Stadium
2025_11_CHI_MIN,2025,REG,11,2025-11-16,Sunday,13:00,CHI,19,MIN,17,Home,-2,36,0,2025111604,59997,,202511160min,28573.0,401772880,6888.0,7,7,124.0,-148.0,3.0,-115.0,-105.0,47.5,-102.0,-118.0,1,dome,sportturf,,,00-0039918,00-0039923,Caleb Williams,J.J. McCarthy,Ben Johnson,Kevin O'Connell,Brad Rogers,MIN01,U.S. Bank Stadium
2025_11_GB_NYG,2025,REG,11,2025-11-16,Sunday,13:00,GB,27,NYG,20,Home,-7,47,0,2025111605,59998,,202511160nyg,28574.0,401772883,6889.0,6,7,-440.0,340.0,-7.5,-110.0,-110.0,41.5,-110.0,-110.0,0,outdoors,fieldturf,55.0,17.0,00-0036264,00-0031503,Jordan Love,Jameis Winston,Matt LaFleur,Brian Daboll,Scott Novak,NYC01,MetLife Stadium
2025_11_CIN_PIT,2025,REG,11,2025-11-16,Sunday,13:00,CIN,12,PIT,34,Home,22,46,0,2025111606,59999,,202511160pit,28575.0,401772774,6890.0,14,7,205.0,-250.0,5.5,-108.0,-112.0,48.5,-110.0,-110.0,1,outdoors,grass,46.0,17.0,00-0026158,00-0023459,Joe Flacco,Aaron Rodgers,Zac Taylor,Mike Tomlin,Bill Vinovich,PIT00,Acrisure Stadium
2025_11_HOU_TEN,2025,REG,11,2025-11-16,Sunday,13:00,HOU,16,TEN,13,Home,-3,29,0,2025111607,60000,,202511160oti,28576.0,401772881,6891.0,7,14,-265.0,215.0,-5.5,-108.0,-112.0,37.5,-118.0,-102.0,1,outdoors,grass,64.0,8.0,00-0036898,00-0040676,Davis Mills,Cam Ward,DeMeco Ryans,Brian Callahan,Shawn Hochuli,NAS00,Nissan Stadium
2025_11_SF_ARI,2025,REG,11,2025-11-16,Sunday,16:05,SF,41,ARI,22,Home,-19,63,0,2025111608,60001,,202511160crd,28577.0,401772885,6892.0,7,7,-192.0,160.0,-3.5,-105.0,-115.0,48.5,-112.0,-108.0,1,closed,grass,,,00-0037834,00-0033119,Brock Purdy,Jacoby Brissett,Kyle Shanahan,Jonathan Gannon,Carl Cheffers,PHO00,State Farm Stadium
2025_11_SEA_LA,2025,REG,11,2025-11-16,Sunday,16:05,SEA,19,LA,21,Home,2,40,0,2025111609,60002,,202511160ram,28578.0,401772884,6893.0,7,7,145.0,-175.0,3.0,100.0,-120.0,49.5,-105.0,-115.0,1,dome,matrixturf,,,00-0034869,00-0026498,Sam Darnold,Matthew Stafford,Mike Macdonald,Sean McVay,John Hussey,LAX01,SoFi Stadium
2025_11_BAL_CLE,2025,REG,11,2025-11-16,Sunday,16:25,BAL,23,CLE,16,Home,-7,39,0,2025111610,60003,,202511160cle,28579.0,401772777,6894.0,7,7,-440.0,340.0,-7.5,-105.0,-115.0,37.5,-105.0,-115.0,1,outdoors,grass,44.0,20.0,00-0034796,00-0040704,Lamar Jackson,Dillon Gabriel,John Harbaugh,Kevin Stefanski,Land Clark,CLE00,FirstEnergy Stadium
2025_11_KC_DEN,2025,REG,11,2025-11-16,Sunday,16:25,KC,19,DEN,22,Home,3,41,0,2025111611,60004,,202511160den,28580.0,401772778,6895.0,14,10,-218.0,180.0,-3.5,-120.0,100.0,44.5,-110.0,-110.0,1,outdoors,grass,70.0,6.0,00-0033873,00-0039732,Patrick Mahomes,Bo Nix,Andy Reid,Sean Payton,Adrian Hill,DEN00,Empower Field at Mile High
2025_11_DET_PHI,2025,REG,11,2025-11-16,Sunday,20:20,DET,9,PHI,16,Home,7,25,0,2025111612,60005,,202511160phi,28581.0,401772928,6896.0,7,6,130.0,-155.0,2.5,-102.0,-118.0,46.5,-108.0,-112.0,0,outdoors,grass,45.0,15.0,00-0033106,00-0036389,Jared Goff,Jalen Hurts,Dan Campbell,Nick Sirianni,Alex Kemp,PHI00,Lincoln Financial Field
2025_11_DAL_LV,2025,REG,11,2025-11-17,Monday,20:15,DAL,33,LV,16,Home,-17,49,0,2025111700,60006,,202511170rai,28572.0,401772819,6897.0,14,11,-198.0,164.0,-3.5,-115.0,-105.0,48.5,-115.0,-105.0,0,dome,grass,,,00-0033077,00-0030565,Dak Prescott,Geno Smith,Brian Schottenheimer,Pete Carroll,Brad Allen,VEG00,Allegiant Stadium
2025_12_BUF_HOU,2025,REG,12,2025-11-20,Thursday,20:15,BUF,19,HOU,23,Home,4,42,0,2025112000,60007,,202511200htx,28582.0,401772946,6898.0,4,4,-258.0,210.0,-5.5,-108.0,-112.0,43.5,-105.0,-115.0,0,closed,astroturf,,,00-0034857,00-0036898,Josh Allen,Davis Mills,Sean McDermott,DeMeco Ryans,Adrian Hill,HOU00,NRG Stadium
2025_12_NYJ_BAL,2025,REG,12,2025-11-23,Sunday,13:00,NYJ,10,BAL,23,Home,13,33,0,2025112300,60008,,202511230rav,28583.0,401772782,6899.0,10,7,675.0,-1050.0,14.0,-110.0,-110.0,44.5,-102.0,-118.0,0,outdoors,grass,54.0,3.0,00-0028118,00-0034796,Tyrod Taylor,Lamar Jackson,Aaron Glenn,John Harbaugh,Clete Blakeman,BAL00,M&T Bank Stadium
2025_12_PIT_CHI,2025,REG,12,2025-11-23,Sunday,13:00,PIT,28,CHI,31,Home,3,59,0,2025112301,60009,,202511230chi,28584.0,401772780,6900.0,7,7,130.0,-155.0,3.0,-115.0,-105.0,46.5,-108.0,-112.0,0,outdoors,grass,51.0,3.0,00-0034771,00-0039918,Mason Rudolph,Caleb Williams,Mike Tomlin,Ben Johnson,John Hussey,CHI98,Soldier Field
2025_12_NE_CIN,2025,REG,12,2025-11-23,Sunday,13:00,NE,26,CIN,20,Home,-6,46,0,2025112302,60010,,202511230cin,28585.0,401772781,6901.0,10,7,-395.0,310.0,-7.5,-108.0,-112.0,50.5,-102.0,-118.0,0,outdoors,fieldturf,54.0,7.0,00-0039851,00-0026158,Drake Maye,Joe Flacco,Mike Vrabel,Zac Taylor,Land Clark,CIN00,Paycor Stadium
2025_12_NYG_DET,2025,REG,12,2025-11-23,Sunday,13:00,NYG,27,DET,34,Home,7,61,1,2025112303,60011,,202511230det,28586.0,401772888,6902.0,7,7,675.0,-1050.0,14.0,-115.0,-105.0,50.5,100.0,-120.0,0,dome,fieldturf,,,00-0031503,00-0033106,Jameis Winston,Jared Goff,Brian Daboll,Dan Campbell,Craig Wrolstad,DET00,Ford Field
2025_12_MIN_GB,2025,REG,12,2025-11-23,Sunday,13:00,MIN,6,GB,23,Home,17,29,0,2025112304,60012,,202511230gnb,28587.0,401772887,6903.0,7,7,235.0,-290.0,6.5,-112.0,-108.0,41.5,-112.0,-108.0,1,outdoors,grass,43.0,10.0,00-0039923,00-0036264,J.J. McCarthy,Jordan Love,Kevin O'Connell,Matt LaFleur,Carl Cheffers,GNB00,Lambeau Field
2025_12_IND_KC,2025,REG,12,2025-11-23,Sunday,13:00,IND,20,KC,23,Home,3,43,1,2025112305,60013,,202511230kan,28588.0,401772779,6904.0,14,7,180.0,-218.0,3.5,100.0,-120.0,50.5,-112.0,-108.0,0,outdoors,grass,,,00-0035710,00-0033873,Daniel Jones,Patrick Mahomes,Shane Steichen,Andy Reid,Alex Moore,KAN00,GEHA Field at Arrowhead Stadium
2025_12_SEA_TEN,2025,REG,12,2025-11-23,Sunday,13:00,SEA,30,TEN,24,Home,-6,54,0,2025112306,60014,,202511230oti,28589.0,401772886,6905.0,7,7,-950.0,625.0,-12.5,-115.0,-105.0,41.5,-110.0,-110.0,0,outdoors,grass,55.0,1.0,00-0034869,00-0040676,Sam Darnold,Cam Ward,Mike Macdonald,Brian Callahan,Ron Torbert,NAS00,Nissan Stadium
2025_12_JAX_ARI,2025,REG,12,2025-11-23,Sunday,16:05,JAX,27,ARI,24,Home,-3,51,1,2025112307,60015,,202511230crd,28590.0,401772783,6906.0,7,7,-135.0,114.0,-2.5,-108.0,-112.0,47.5,-115.0,-105.0,0,closed,grass,,,00-0036971,00-0033119,Trevor Lawrence,Jacoby Brissett,Liam Coen,Jonathan Gannon,Scott Novak,PHO00,State Farm Stadium
2025_12_CLE_LV,2025,REG,12,2025-11-23,Sunday,16:05,CLE,24,LV,10,Home,-14,34,0,2025112308,60016,,202511230rai,28591.0,401772784,6907.0,7,6,136.0,-162.0,3.0,-105.0,-115.0,35.5,-102.0,-118.0,0,dome,grass,,,00-0040668,00-0030565,Shedeur Sanders,Geno Smith,Kevin Stefanski,Pete Carroll,Shawn Hochuli,VEG00,Allegiant Stadium
2025_12_PHI_DAL,2025,REG,12,2025-11-23,Sunday,16:25,PHI,21,DAL,24,Home,3,45,0,2025112309,60017,,202511230dal,28592.0,401772890,6908.0,7,6,-162.0,136.0,-3.0,-105.0,-115.0,47.5,100.0,-120.0,1,closed,matrixturf,,,00-0036389,00-0033077,Jalen Hurts,Dak Prescott,Nick Sirianni,Brian Schottenheimer,Bill Vinovich,DAL00,AT&T Stadium
2025_12_ATL_NO,2025,REG,12,2025-11-23,Sunday,16:25,ATL,24,NO,10,Home,-14,34,0,2025112310,60018,,202511230nor,28593.0,401772889,6909.0,7,14,102.0,-122.0,1.5,-112.0,-108.0,41.5,-118.0,-102.0,1,dome,sportturf,,,00-0029604,00-0040743,Kirk Cousins,Tyler Shough,Raheem Morris,Kellen Moore,Brad Rogers,NOR00,Mercedes-Benz Superdome
2025_12_TB_LA,2025,REG,12,2025-11-23,Sunday,20:20,TB,7,LA,34,Home,27,41,0,2025112311,60019,,202511230ram,28594.0,401772929,6910.0,7,7,295.0,-375.0,7.0,-110.0,-110.0,49.5,100.0,-120.0,0,dome,matrixturf,,,00-0034855,00-0026498,Baker Mayfield,Matthew Stafford,Todd Bowles,Sean McVay,Clay Martin,LAX01,SoFi Stadium
2025_12_CAR_SF,2025,REG,12,2025-11-24,Monday,20:15,CAR,9,SF,20,Home,11,29,0,2025112400,60020,,202511240sfo,28595.0,401772820,6911.0,8,8,310.0,-395.0,7.5,-115.0,-105.0,48.5,-105.0,-115.0,0,outdoors,grass,58.0,3.0,00-0039150,00-0037834,Bryce Young,Brock Purdy,Dave Canales,Kyle Shanahan,Alex Kemp,SFO01,Levi's Stadium
2025_13_GB_DET,2025,REG,13,2025-11-27,Thursday,13:00,GB,31,DET,24,Home,-7,55,0,2025112700,60021,,202511270det,28596.0,401772891,6912.0,4,4,130.0,-155.0,2.5,105.0,-125.0,48.5,-110.0,-110.0,1,dome,fieldturf,,,00-0036264,00-0033106,Jordan Love,Jared Goff,Matt LaFleur,Dan Campbell,Ron Torbert,DET00,Ford Field
2025_13_KC_DAL,2025,REG,13,2025-11-27,Thursday,16:30,KC,28,DAL,31,Home,3,59,0,2025112701,60022,,202511270dal,28597.0,401772694,6913.0,4,4,-185.0,154.0,-3.5,-105.0,-115.0,53.5,-110.0,-110.0,0,closed,matrixturf,,,00-0033873,00-0033077,Patrick Mahomes,Dak Prescott,Andy Reid,Brian Schottenheimer,John Hussey,DAL00,AT&T Stadium
2025_13_CIN_BAL,2025,REG,13,2025-11-27,Thursday,20:20,CIN,32,BAL,14,Home,-18,46,0,2025112702,60023,,202511270rav,28598.0,401772930,6914.0,4,4,295.0,-375.0,7.0,100.0,-120.0,52.5,-115.0,-105.0,1,outdoors,grass,38.0,11.0,00-0036442,00-0034796,Joe Burrow,Lamar Jackson,Zac Taylor,John Harbaugh,Craig Wrolstad,BAL00,M&T Bank Stadium
2025_13_CHI_PHI,2025,REG,13,2025-11-28,Friday,15:00,CHI,24,PHI,15,Home,-9,39,0,2025112800,60024,,202511280phi,28599.0,401772621,6915.0,5,5,270.0,-340.0,7.0,-105.0,-115.0,43.5,-115.0,-105.0,0,outdoors,grass,42.0,18.0,00-0039918,00-0036389,Caleb Williams,Jalen Hurts,Ben Johnson,Nick Sirianni,Carl Cheffers,PHI00,Lincoln Financial Field
2025_13_LA_CAR,2025,REG,13,2025-11-30,Sunday,13:00,LA,28,CAR,31,Home,3,59,0,2025113000,60025,,202511300car,28600.0,401772894,6916.0,7,6,-575.0,425.0,-10.0,-110.0,-110.0,44.5,-105.0,-115.0,0,outdoors,grass,45.0,3.0,00-0026498,00-0039150,Matthew Stafford,Bryce Young,Sean McVay,Dave Canales,Scott Novak,CAR00,Bank of America Stadium
2025_13_SF_CLE,2025,REG,13,2025-11-30,Sunday,13:00,SF,26,CLE,8,Home,-18,34,0,2025113001,60026,,202511300cle,28601.0,401772785,6917.0,6,7,-250.0,205.0,-5.5,-108.0,-112.0,35.5,-112.0,-108.0,0,outdoors,grass,35.0,20.0,00-0037834,00-0040668,Brock Purdy,Shedeur Sanders,Kyle Shanahan,Kevin Stefanski,Brad Allen,CLE00,FirstEnergy Stadium
2025_13_HOU_IND,2025,REG,13,2025-11-30,Sunday,13:00,HOU,20,IND,16,Home,-4,36,0,2025113002,60027,,202511300clt,28602.0,401772787,6918.0,10,7,142.0,-170.0,3.0,-105.0,-115.0,44.5,-112.0,-108.0,1,closed,fieldturf,,,00-0039163,00-0035710,C.J. Stroud,Daniel Jones,DeMeco Ryans,Shane Steichen,Clay Martin,IND00,Lucas Oil Stadium
2025_13_NO_MIA,2025,REG,13,2025-11-30,Sunday,13:00,NO,17,MIA,21,Home,4,38,0,2025113003,60028,,202511300mia,28603.0,401772892,6919.0,7,14,205.0,-250.0,5.5,-110.0,-110.0,41.5,-105.0,-115.0,0,outdoors,grass,76.0,10.0,00-0040743,00-0036212,Tyler Shough,Tua Tagovailoa,Kellen Moore,Mike McDaniel,Alan Eck,MIA00,Hard Rock Stadium
2025_13_ATL_NYJ,2025,REG,13,2025-11-30,Sunday,13:00,ATL,24,NYJ,27,Home,3,51,0,2025113004,60029,,202511300nyj,28604.0,401772893,6920.0,7,7,-166.0,140.0,-3.0,-112.0,-108.0,38.5,-105.0,-115.0,0,outdoors,fieldturf,43.0,8.0,00-0029604,00-0028118,Kirk Cousins,Tyrod Taylor,Raheem Morris,Aaron Glenn,Shawn Hochuli,NYC01,MetLife Stadium
2025_13_ARI_TB,2025,REG,13,2025-11-30,Sunday,13:00,ARI,17,TB,20,Home,3,37,0,2025113005,60030,,202511300tam,28605.0,401772895,6921.0,7,7,164.0,-198.0,4.5,-115.0,-105.0,44.5,-108.0,-112.0,0,outdoors,grass,80.0,8.0,00-0033119,00-0034855,Jacoby Brissett,Baker Mayfield,Jonathan Gannon,Todd Bowles,Bill Vinovich,TAM00,Raymond James Stadium
2025_13_JAX_TEN,2025,REG,13,2025-11-30,Sunday,13:00,JAX,25,TEN,3,Home,-22,28,0,2025113006,60031,,202511300oti,28606.0,401772786,6922.0,7,7,-270.0,220.0,-6.0,-108.0,-112.0,42.5,-105.0,-115.0,1,outdoors,grass,38.0,7.0,00-0036971,00-0040676,Trevor Lawrence,Cam Ward,Liam Coen,Brian Callahan,Brad Rogers,NAS00,Nissan Stadium
2025_13_MIN_SEA,2025,REG,13,2025-11-30,Sunday,16:05,MIN,0,SEA,26,Home,26,26,0,2025113007,60032,,202511300sea,28608.0,401772896,6923.0,7,7,600.0,-900.0,12.5,-110.0,-110.0,42.5,-110.0,-110.0,0,outdoors,fieldturf,45.0,2.0,00-0040494,00-0034869,Max Brosmer,Sam Darnold,Kevin O'Connell,Mike Macdonald,Clete Blakeman,SEA00,Lumen Field
2025_13_LV_LAC,2025,REG,13,2025-11-30,Sunday,16:25,LV,14,LAC,31,Home,17,45,0,2025113008,60033,,202511300sdg,28607.0,401772788,6924.0,7,14,440.0,-600.0,10.0,-115.0,-105.0,40.5,-108.0,-112.0,1,dome,matrixturf,,,00-0030565,00-0036355,Geno Smith,Justin Herbert,Pete Carroll,Jim Harbaugh,Alex Moore,LAX01,SoFi Stadium
2025_13_BUF_PIT,2025,REG,13,2025-11-30,Sunday,16:25,BUF,26,PIT,7,Home,-19,33,0,2025113009,60034,,202511300pit,28609.0,401772789,6925.0,10,7,-166.0,140.0,-3.0,-115.0,-105.0,44.5,-112.0,-108.0,0,outdoors,grass,34.0,16.0,00-0034857,00-0023459,Josh Allen,Aaron Rodgers,Sean McDermott,Mike Tomlin,Alex Kemp,PIT00,Acrisure Stadium
2025_13_DEN_WAS,2025,REG,13,2025-11-30,Sunday,20:20,DEN,27,WAS,26,Home,-1,53,1,2025113010,60035,,202511300was,28610.0,401772931,6926.0,14,14,-310.0,250.0,-6.5,-105.0,-115.0,43.5,-112.0,-108.0,0,outdoors,grass,40.0,13.0,00-0039732,00-0032268,Bo Nix,Marcus Mariota,Sean Payton,Dan Quinn,Land Clark,WAS00,FedExField
2025_13_NYG_NE,2025,REG,13,2025-12-01,Monday,20:15,NYG,15,NE,33,Home,18,48,0,2025120100,60036,,202512010nwe,28611.0,401772821,6927.0,8,8,295.0,-375.0,7.0,-105.0,-115.0,46.5,-105.0,-115.0,0,outdoors,fieldturf,30.0,5.0,00-0040691,00-0039851,Jaxson Dart,Drake Maye,Brian Daboll,Mike Vrabel,Alex Kemp,BOS00,Gillette Stadium
2025_14_DAL_DET,2025,REG,14,2025-12-04,Thursday,20:15,DAL,30,DET,44,Home,14,74,0,2025120400,60037,,202512040det,28612.0,401772947,6928.0,7,7,160.0,-192.0,3.5,-110.0,-110.0,55.5,-110.0,-110.0,0,dome,fieldturf,,,00-0033077,00-0033106,Dak Prescott,Jared Goff,Brian Schottenheimer,Dan Campbell,Shawn Hochuli,DET00,Ford Field
2025_14_SEA_ATL,2025,REG,14,2025-12-07,Sunday,13:00,SEA,37,ATL,9,Home,-28,46,0,2025120700,60038,,202512070atl,28613.0,401772900,6929.0,7,7,-355.0,280.0,-7.0,100.0,-120.0,44.5,-108.0,-112.0,0,closed,fieldturf,,,00-0034869,00-0029604,Sam Darnold,Kirk Cousins,Mike Macdonald,Raheem Morris,Alex Kemp,ATL97,Mercedes-Benz Stadium
2025_14_PIT_BAL,2025,REG,14,2025-12-07,Sunday,13:00,PIT,27,BAL,22,Home,-5,49,0,2025120701,60039,,202512070rav,28614.0,401772791,6930.0,7,10,220.0,-270.0,5.5,100.0,-120.0,43.5,-105.0,-115.0,1,outdoors,grass,44.0,6.0,00-0023459,00-0034796,Aaron Rodgers,Lamar Jackson,Mike Tomlin,John Harbaugh,Alex Moore,BAL00,M&T Bank Stadium
2025_14_CIN_BUF,2025,REG,14,2025-12-07,Sunday,13:00,CIN,34,BUF,39,Home,5,73,0,2025120710,60048,,202512070buf,28623.0,401772902,6939.0,10,7,230.0,-285.0,6.0,-108.0,-112.0,54.5,-108.0,-112.0,0,outdoors,a_turf,31.0,12.0,00-0036442,00-0034857,Joe Burrow,Josh Allen,Zac Taylor,Sean McDermott,Brad Rogers,BUF00,New Era Field
2025_14_TEN_CLE,2025,REG,14,2025-12-07,Sunday,13:00,TEN,31,CLE,29,Home,-2,60,0,2025120702,60040,,202512070cle,28615.0,401772898,6931.0,7,7,170.0,-205.0,4.5,-120.0,100.0,33.5,-105.0,-115.0,0,outdoors,grass,33.0,6.0,00-0040676,00-0040668,Cam Ward,Shedeur Sanders,Brian Callahan,Kevin Stefanski,Carl Cheffers,CLE00,FirstEnergy Stadium
2025_14_IND_JAX,2025,REG,14,2025-12-07,Sunday,13:00,IND,19,JAX,36,Home,17,55,0,2025120704,60042,,202512070jax,28617.0,401772793,6933.0,7,7,-135.0,114.0,-2.5,-112.0,-108.0,44.5,-105.0,-115.0,1,outdoors,grass,61.0,7.0,00-0035710,00-0036971,Daniel Jones,Trevor Lawrence,Shane Steichen,Liam Coen,John Hussey,JAX00,TIAA Bank Stadium
2025_14_WAS_MIN,2025,REG,14,2025-12-07,Sunday,13:00,WAS,0,MIN,31,Home,31,31,0,2025120705,60043,,202512070min,28618.0,401772899,6934.0,7,7,-115.0,-105.0,-1.5,-102.0,-118.0,43.5,-102.0,-118.0,0,dome,sportturf,,,00-0032268,00-0039923,Marcus Mariota,J.J. McCarthy,Dan Quinn,Kevin O'Connell,Brad Allen,MIN01,U.S. Bank Stadium
2025_14_MIA_NYJ,2025,REG,14,2025-12-07,Sunday,13:00,MIA,34,NYJ,10,Home,-24,44,0,2025120706,60044,,202512070nyj,28619.0,401772790,6935.0,7,7,-148.0,124.0,-2.5,-115.0,-105.0,41.5,-112.0,-108.0,1,outdoors,fieldturf,41.0,6.0,00-0036212,00-0028118,Tua Tagovailoa,Tyrod Taylor,Mike McDaniel,Aaron Glenn,Bill Vinovich,NYC01,MetLife Stadium
2025_14_NO_TB,2025,REG,14,2025-12-07,Sunday,13:00,NO,24,TB,20,Home,-4,44,0,2025120707,60045,,202512070tam,28620.0,401772792,6936.0,7,7,330.0,-425.0,7.5,-102.0,-118.0,41.5,-105.0,-115.0,1,outdoors,grass,73.0,6.0,00-0040743,00-0034855,Tyler Shough,Baker Mayfield,Kellen Moore,Todd Bowles,Clete Blakeman,TAM00,Raymond James Stadium
2025_14_DEN_LV,2025,REG,14,2025-12-07,Sunday,16:05,DEN,24,LV,17,Home,-7,41,0,2025120708,60046,,202512070rai,28621.0,401772794,6937.0,7,7,-470.0,360.0,-8.5,-110.0,-110.0,40.5,-115.0,-105.0,1,dome,grass,,,00-0039732,00-0030565,Bo Nix,Geno Smith,Sean Payton,Pete Carroll,Shawn Smith,VEG00,Allegiant Stadium
2025_14_LA_ARI,2025,REG,14,2025-12-07,Sunday,16:25,LA,45,ARI,17,Home,-28,62,0,2025120709,60047,,202512070crd,28622.0,401772901,6938.0,7,7,-500.0,380.0,-9.5,-110.0,-110.0,49.5,-110.0,-110.0,1,closed,grass,,,00-0026498,00-0033119,Matthew Stafford,Jacoby Brissett,Sean McVay,Jonathan Gannon,Ron Torbert,PHO00,State Farm Stadium
2025_14_CHI_GB,2025,REG,14,2025-12-07,Sunday,16:25,CHI,21,GB,28,Home,7,49,0,2025120703,60041,,202512070gnb,28616.0,401772897,6932.0,9,10,245.0,-305.0,6.5,-105.0,-115.0,44.5,-115.0,-105.0,1,outdoors,grass,16.0,9.0,00-0039918,00-0036264,Caleb Williams,Jordan Love,Ben Johnson,Matt LaFleur,Craig Wrolstad,GNB00,Lambeau Field
2025_14_HOU_KC,2025,REG,14,2025-12-07,Sunday,20:20,HOU,20,KC,10,Home,-10,30,0,2025120711,60049,,202512070kan,28624.0,401772932,6940.0,7,10,180.0,-218.0,4.5,-115.0,-105.0,41.5,-110.0,-110.0,0,outdoors,grass,27.0,8.0,00-0039163,00-0033873,C.J. Stroud,Patrick Mahomes,DeMeco Ryans,Andy Reid,Alan Eck,KAN00,GEHA Field at Arrowhead Stadium
2025_14_PHI_LAC,2025,REG,14,2025-12-08,Monday,20:15,PHI,19,LAC,22,Home,3,41,1,2025120800,60050,,202512080sdg,28625.0,401772822,6941.0,10,8,-120.0,100.0,-1.5,-105.0,-115.0,41.5,-105.0,-115.0,0,dome,matrixturf,,,00-0036389,00-0036355,Jalen Hurts,Justin Herbert,Nick Sirianni,Jim Harbaugh,Scott Novak,LAX01,SoFi Stadium
2025_15_ATL_TB,2025,REG,15,2025-12-11,Thursday,20:15,ATL,29,TB,28,Home,-1,57,0,2025121100,60051,,202512110tam,28626.0,401772948,6942.0,4,4,225.0,-278.0,6.0,-112.0,-108.0,43.5,-110.0,-110.0,1,outdoors,grass,56.0,5.0,00-0029604,00-0034855,Kirk Cousins,Baker Mayfield,Raheem Morris,Todd Bowles,Carl Cheffers,TAM00,Raymond James Stadium
2025_15_CLE_CHI,2025,REG,15,2025-12-14,Sunday,13:00,CLE,3,CHI,31,Home,28,34,0,2025121400,60052,,202512140chi,28627.0,401772904,6943.0,7,7,295.0,-375.0,7.5,-112.0,-108.0,38.5,-115.0,-105.0,0,outdoors,grass,8.0,6.0,00-0040668,00-0039918,Shedeur Sanders,Caleb Williams,Kevin Stefanski,Ben Johnson,Ron Torbert,CHI98,Soldier Field
2025_15_BAL_CIN,2025,REG,15,2025-12-14,Sunday,13:00,BAL,24,CIN,0,Home,-24,24,0,2025121401,60053,,202512140cin,28628.0,401772796,6944.0,7,7,-162.0,136.0,-2.5,-125.0,105.0,51.5,-110.0,-110.0,1,outdoors,fieldturf,10.0,7.0,00-0034796,00-0036442,Lamar Jackson,Joe Burrow,John Harbaugh,Zac Taylor,Brad Allen,CIN00,Paycor Stadium
2025_15_ARI_HOU,2025,REG,15,2025-12-14,Sunday,13:00,ARI,20,HOU,40,Home,20,60,0,2025121402,60054,,202512140htx,28629.0,401772903,6945.0,7,7,455.0,-625.0,10.5,-110.0,-110.0,42.5,-112.0,-108.0,0,closed,astroturf,,,00-0033119,00-0039163,Jacoby Brissett,C.J. Stroud,Jonathan Gannon,DeMeco Ryans,Clete Blakeman,HOU00,NRG Stadium
2025_15_NYJ_JAX,2025,REG,15,2025-12-14,Sunday,13:00,NYJ,20,JAX,48,Home,28,68,0,2025121403,60055,,202512140jax,28630.0,401772797,6946.0,7,7,675.0,-1050.0,13.5,-105.0,-115.0,40.5,-115.0,-105.0,0,outdoors,grass,70.0,11.0,00-0040398,00-0036971,Brady Cook,Trevor Lawrence,Aaron Glenn,Liam Coen,Shawn Smith,JAX00,TIAA Bank Stadium
2025_15_LAC_KC,2025,REG,15,2025-12-14,Sunday,13:00,LAC,16,KC,13,Home,-3,29,0,2025121404,60056,,202512140kan,28631.0,401772798,6947.0,6,7,210.0,-258.0,5.5,100.0,-120.0,41.5,-108.0,-112.0,1,outdoors,grass,,,00-0036355,00-0033873,Justin Herbert,Patrick Mahomes,Jim Harbaugh,Andy Reid,Shawn Hochuli,KAN00,GEHA Field at Arrowhead Stadium
2025_15_BUF_NE,2025,REG,15,2025-12-14,Sunday,13:00,BUF,35,NE,31,Home,-4,66,0,2025121405,60057,,202512140nwe,28632.0,401772795,6948.0,7,13,-142.0,120.0,-2.5,-110.0,-110.0,49.5,-105.0,-115.0,1,outdoors,fieldturf,32.0,6.0,00-0034857,00-0039851,Josh Allen,Drake Maye,Sean McDermott,Mike Vrabel,John Hussey,BOS00,Gillette Stadium
2025_15_WAS_NYG,2025,REG,15,2025-12-14,Sunday,13:00,WAS,29,NYG,21,Home,-8,50,0,2025121406,60058,,202512140nyg,28633.0,401772905,6949.0,7,13,124.0,-148.0,2.5,-105.0,-115.0,46.5,-115.0,-105.0,1,outdoors,fieldturf,27.0,13.0,00-0032268,00-0040691,Marcus Mariota,Jaxson Dart,Dan Quinn,Brian Daboll,Bill Vinovich,NYC01,MetLife Stadium
2025_15_LV_PHI,2025,REG,15,2025-12-14,Sunday,13:00,LV,0,PHI,31,Home,31,31,0,2025121407,60059,,202512140phi,28634.0,401772906,6950.0,7,6,650.0,-1000.0,12.5,-108.0,-112.0,37.5,-118.0,-102.0,0,outdoors,grass,30.0,20.0,00-0038102,00-0036389,Kenny Pickett,Jalen Hurts,Pete Carroll,Nick Sirianni,Clay Martin,PHI00,Lincoln Financial Field
2025_15_GB_DEN,2025,REG,15,2025-12-14,Sunday,16:25,GB,26,DEN,34,Home,8,60,0,2025121408,60060,,202512140den,28635.0,401772800,6951.0,7,7,-122.0,102.0,-1.5,-108.0,-112.0,42.5,-115.0,-105.0,0,outdoors,grass,65.0,3.0,00-0036264,00-0039732,Jordan Love,Bo Nix,Matt LaFleur,Sean Payton,Brad Rogers,DEN00,Empower Field at Mile High
2025_15_DET_LA,2025,REG,15,2025-12-14,Sunday,16:25,DET,34,LA,41,Home,7,75,0,2025121409,60061,,202512140ram,28638.0,401772909,6952.0,10,7,200.0,-245.0,5.5,-105.0,-115.0,54.5,-105.0,-115.0,0,dome,matrixturf,,,00-0033106,00-0026498,Jared Goff,Matthew Stafford,Dan Campbell,Sean McVay,Alan Eck,LAX01,SoFi Stadium
2025_15_CAR_NO,2025,REG,15,2025-12-14,Sunday,16:25,CAR,17,NO,20,Home,3,37,0,2025121410,60062,,202512140nor,28636.0,401772908,6953.0,14,7,-148.0,124.0,-2.5,-118.0,-102.0,41.5,-108.0,-112.0,1,dome,sportturf,,,00-0039150,00-0040743,Bryce Young,Tyler Shough,Dave Canales,Kellen Moore,Alex Moore,NOR00,Mercedes-Benz Superdome
2025_15_IND_SEA,2025,REG,15,2025-12-14,Sunday,16:25,IND,16,SEA,18,Home,2,34,0,2025121411,60063,,202512140sea,28637.0,401772799,6954.0,7,7,650.0,-1000.0,13.5,-105.0,-115.0,41.5,-108.0,-112.0,0,outdoors,fieldturf,51.0,9.0,00-0022942,00-0034869,Philip Rivers,Sam Darnold,Shane Steichen,Mike Macdonald,Adrian Hill,SEA00,Lumen Field
2025_15_TEN_SF,2025,REG,15,2025-12-14,Sunday,16:25,TEN,24,SF,37,Home,13,61,0,2025121412,60064,,202512140sfo,28639.0,401772907,6955.0,7,14,600.0,-900.0,12.5,-108.0,-112.0,44.5,-112.0,-108.0,0,outdoors,grass,54.0,4.0,00-0040676,00-0037834,Cam Ward,Brock Purdy,Brian Callahan,Kyle Shanahan,Craig Wrolstad,SFO01,Levi's Stadium
2025_15_MIN_DAL,2025,REG,15,2025-12-14,Sunday,20:20,MIN,34,DAL,26,Home,-8,60,0,2025121413,60065,,202512140dal,28640.0,401772933,6956.0,7,10,215.0,-265.0,5.5,-110.0,-110.0,47.5,-102.0,-118.0,0,closed,matrixturf,,,00-0039923,00-0033077,J.J. McCarthy,Dak Prescott,Kevin O'Connell,Brian Schottenheimer,Scott Novak,DAL00,AT&T Stadium
2025_15_MIA_PIT,2025,REG,15,2025-12-15,Monday,20:15,MIA,15,PIT,28,Home,13,43,0,2025121500,60066,,202512150pit,28641.0,401772823,6957.0,8,8,145.0,-175.0,3.0,-102.0,-118.0,42.5,-105.0,-115.0,0,outdoors,grass,17.0,7.0,00-0036212,00-0023459,Tua Tagovailoa,Aaron Rodgers,Mike McDaniel,Mike Tomlin,Land Clark,PIT00,Acrisure Stadium
2025_16_LA_SEA,2025,REG,16,2025-12-18,Thursday,20:15,LA,37,SEA,38,Home,1,75,1,2025121800,60067,,202512180sea,28642.0,401772949,6958.0,4,4,102.0,-122.0,1.5,-110.0,-110.0,42.5,-105.0,-115.0,1,outdoors,fieldturf,51.0,17.0,00-0026498,00-0034869,Matthew Stafford,Sam Darnold,Sean McVay,Mike Macdonald,Brad Allen,SEA00,Lumen Field
2025_16_PHI_WAS,2025,REG,16,2025-12-20,Saturday,17:00,PHI,29,WAS,18,Home,-11,47,0,2025122001,60069,,202512200was,28644.0,401772612,6960.0,6,6,-380.0,300.0,-7.0,-120.0,100.0,43.5,-110.0,-110.0,1,outdoors,grass,42.0,7.0,00-0036389,00-0032268,Jalen Hurts,Marcus Mariota,Nick Sirianni,Dan Quinn,Craig Wrolstad,WAS00,FedExField
2025_16_GB_CHI,2025,REG,16,2025-12-20,Saturday,20:20,GB,16,CHI,22,Home,6,38,1,2025122000,60068,,202512200chi,28643.0,401772613,6959.0,6,6,-102.0,-118.0,1.5,-115.0,-105.0,45.5,-115.0,-105.0,1,outdoors,grass,37.0,6.0,00-0036264,00-0039918,Jordan Love,Caleb Williams,Matt LaFleur,Ben Johnson,Alex Kemp,CHI98,Soldier Field
2025_16_TB_CAR,2025,REG,16,2025-12-21,Sunday,13:00,TB,20,CAR,23,Home,3,43,0,2025122103,60071,,202512210car,28646.0,401772912,6962.0,10,7,-155.0,130.0,-3.0,100.0,-120.0,44.5,-108.0,-112.0,1,outdoors,grass,61.0,8.0,00-0034855,00-0039150,Baker Mayfield,Bryce Young,Todd Bowles,Dave Canales,Shawn Smith,CAR00,Bank of America Stadium
2025_16_BUF_CLE,2025,REG,16,2025-12-21,Sunday,13:00,BUF,23,CLE,20,Home,-3,43,0,2025122104,60072,,202512210cle,28647.0,401772802,6963.0,7,7,-575.0,425.0,-10.5,-110.0,-110.0,41.5,-118.0,-102.0,0,outdoors,grass,25.0,16.0,00-0034857,00-0040668,Josh Allen,Shedeur Sanders,Sean McDermott,Kevin Stefanski,Bill Vinovich,CLE00,FirstEnergy Stadium
2025_16_LAC_DAL,2025,REG,16,2025-12-21,Sunday,13:00,LAC,34,DAL,17,Home,-17,51,0,2025122105,60073,,202512210dal,28648.0,401772910,6964.0,7,7,102.0,-122.0,1.5,-115.0,-105.0,50.5,-102.0,-118.0,0,closed,matrixturf,,,00-0036355,00-0033077,Justin Herbert,Dak Prescott,Jim Harbaugh,Brian Schottenheimer,Alan Eck,DAL00,AT&T Stadium
2025_16_CIN_MIA,2025,REG,16,2025-12-21,Sunday,13:00,CIN,45,MIA,21,Home,-24,66,0,2025122113,60081,,202512210mia,28656.0,401772934,6972.0,7,6,-205.0,170.0,-3.5,-120.0,100.0,48.5,-112.0,-108.0,0,outdoors,grass,81.0,7.0,00-0036442,00-0040234,Joe Burrow,Quinn Ewers,Zac Taylor,Mike McDaniel,John Hussey,MIA00,Hard Rock Stadium
2025_16_NYJ_NO,2025,REG,16,2025-12-21,Sunday,13:00,NYJ,6,NO,29,Home,23,35,0,2025122106,60074,,202512210nor,28649.0,401772801,6965.0,7,7,240.0,-298.0,6.5,-105.0,-115.0,39.5,-105.0,-115.0,0,dome,sportturf,,,00-0028118,00-0040743,Tyrod Taylor,Tyler Shough,Aaron Glenn,Kellen Moore,Clay Martin,NOR00,Mercedes-Benz Superdome
2025_16_MIN_NYG,2025,REG,16,2025-12-21,Sunday,13:00,MIN,16,NYG,13,Home,-3,29,0,2025122107,60075,,202512210nyg,28650.0,401772911,6966.0,7,7,-148.0,124.0,-2.5,-118.0,-102.0,41.5,-115.0,-105.0,0,outdoors,fieldturf,46.0,20.0,00-0039923,00-0040691,J.J. McCarthy,Jaxson Dart,Kevin O'Connell,Brian Daboll,Alex Moore,NYC01,MetLife Stadium
2025_16_KC_TEN,2025,REG,16,2025-12-21,Sunday,13:00,KC,9,TEN,26,Home,17,35,0,2025122108,60076,,202512210oti,28651.0,401772803,6967.0,7,7,-185.0,154.0,-3.5,100.0,-120.0,37.5,-110.0,-110.0,0,outdoors,grass,51.0,8.0,00-0035289,00-0040676,Gardner Minshew,Cam Ward,Andy Reid,Brian Callahan,Clete Blakeman,NAS00,Nissan Stadium
2025_16_ATL_ARI,2025,REG,16,2025-12-21,Sunday,16:05,ATL,26,ARI,19,Home,-7,45,0,2025122109,60077,,202512210crd,28652.0,401772914,6968.0,10,7,-148.0,124.0,-2.5,-115.0,-105.0,48.5,-105.0,-115.0,0,closed,grass,,,00-0029604,00-0033119,Kirk Cousins,Jacoby Brissett,Raheem Morris,Jonathan Gannon,Land Clark,PHO00,State Farm Stadium
2025_16_JAX_DEN,2025,REG,16,2025-12-21,Sunday,16:05,JAX,34,DEN,20,Home,-14,54,0,2025122110,60078,,202512210den,28653.0,401772913,6969.0,7,7,145.0,-175.0,3.5,-120.0,100.0,46.5,-108.0,-112.0,0,outdoors,grass,62.0,3.0,00-0036971,00-0039732,Trevor Lawrence,Bo Nix,Liam Coen,Sean Payton,Shawn Hochuli,DEN00,Empower Field at Mile High
2025_16_PIT_DET,2025,REG,16,2025-12-21,Sunday,16:25,PIT,29,DET,24,Home,-5,53,0,2025122111,60079,,202512210det,28654.0,401772806,6970.0,6,7,330.0,-425.0,7.5,-105.0,-115.0,52.5,-115.0,-105.0,0,dome,fieldturf,,,00-0023459,00-0033106,Aaron Rodgers,Jared Goff,Mike Tomlin,Dan Campbell,Carl Cheffers,DET00,Ford Field
2025_16_LV_HOU,2025,REG,16,2025-12-21,Sunday,16:25,LV,21,HOU,23,Home,2,44,0,2025122112,60080,,202512210htx,28655.0,401772805,6971.0,7,7,900.0,-1600.0,14.5,-115.0,-105.0,39.5,-110.0,-110.0,0,closed,astroturf,,,00-0030565,00-0039163,Geno Smith,C.J. Stroud,Pete Carroll,DeMeco Ryans,Scott Novak,HOU00,NRG Stadium
2025_16_NE_BAL,2025,REG,16,2025-12-21,Sunday,20:20,NE,28,BAL,24,Home,-4,52,0,2025122102,60070,,202512210rav,28645.0,401772804,6961.0,7,7,154.0,-185.0,3.5,-115.0,-105.0,48.5,-112.0,-108.0,0,outdoors,grass,40.0,2.0,00-0039851,00-0034796,Drake Maye,Lamar Jackson,Mike Vrabel,John Harbaugh,Brad Rogers,BAL00,M&T Bank Stadium
2025_16_SF_IND,2025,REG,16,2025-12-22,Monday,20:15,SF,48,IND,27,Home,-21,75,0,2025122200,60082,,202512220clt,28657.0,401772824,6973.0,8,8,-225.0,185.0,-4.5,-105.0,-115.0,46.5,-118.0,-102.0,0,closed,fieldturf,,,00-0037834,00-0022942,Brock Purdy,Philip Rivers,Kyle Shanahan,Shane Steichen,Ron Torbert,IND00,Lucas Oil Stadium
2025_17_DAL_WAS,2025,REG,17,2025-12-25,Thursday,13:00,DAL,30,WAS,23,Home,-7,53,0,2025122500,60083,,202512250was,28658.0,401772710,6974.0,4,5,-500.0,380.0,-8.5,-120.0,100.0,50.5,-108.0,-112.0,1,outdoors,grass,50.0,7.0,00-0033077,00-0026300,Dak Prescott,Josh Johnson,Brian Schottenheimer,Dan Quinn,Brad Rogers,WAS00,FedExField
2025_17_DET_MIN,2025,REG,17,2025-12-25,Thursday,16:30,DET,10,MIN,23,Home,13,33,0,2025122501,60084,,202512250min,28659.0,401772711,6975.0,4,4,-360.0,285.0,-7.0,-120.0,100.0,45.5,-115.0,-105.0,1,dome,sportturf,,,00-0033106,00-0040494,Jared Goff,Max Brosmer,Dan Campbell,Kevin O'Connell,Shawn Smith,MIN01,U.S. Bank Stadium
2025_17_DEN_KC,2025,REG,17,2025-12-25,Thursday,20:15,DEN,20,KC,13,Home,-7,33,0,2025122502,60085,,202512250kan,28660.0,401772622,6976.0,4,4,-1100.0,700.0,-13.5,-105.0,-115.0,37.5,100.0,-120.0,1,outdoors,grass,,,00-0039732,00-0037324,Bo Nix,Chris Oladokun,Sean Payton,Andy Reid,Bill Vinovich,KAN00,GEHA Field at Arrowhead Stadium
2025_17_HOU_LAC,2025,REG,17,2025-12-27,Saturday,16:30,HOU,20,LAC,16,Home,-4,36,0,2025122700,60089,,202512270sdg,28664.0,401772951,6982.0,6,6,-102.0,-118.0,1.5,-115.0,-105.0,40.5,-105.0,-115.0,0,dome,matrixturf,,,00-0039163,00-0036355,C.J. Stroud,Justin Herbert,DeMeco Ryans,Jim Harbaugh,Craig Wrolstad,LAX01,SoFi Stadium
2025_17_BAL_GB,2025,REG,17,2025-12-27,Saturday,20:00,BAL,41,GB,24,Home,-17,65,0,2025122701,60088,,202512270gnb,28663.0,401772953,6980.0,6,7,120.0,-142.0,2.5,-108.0,-112.0,38.5,-115.0,-105.0,0,outdoors,grass,36.0,10.0,00-0035993,00-0038128,Tyler Huntley,Malik Willis,John Harbaugh,Matt LaFleur,Alan Eck,GNB00,Lambeau Field
2025_17_SEA_CAR,2025,REG,17,2025-12-28,Sunday,13:00,SEA,27,CAR,10,Home,-17,37,0,2025122800,60086,,202512280car,28661.0,401772952,6977.0,10,7,-305.0,245.0,-6.5,-118.0,-102.0,42.5,-110.0,-110.0,0,outdoors,grass,43.0,2.0,00-0034869,00-0039150,Sam Darnold,Bryce Young,Mike Macdonald,Dave Canales,Carl Cheffers,CAR00,Bank of America Stadium
2025_17_ARI_CIN,2025,REG,17,2025-12-28,Sunday,13:00,ARI,14,CIN,37,Home,23,51,0,2025122801,60087,,202512280cin,28662.0,401772954,6978.0,7,7,275.0,-345.0,7.0,-110.0,-110.0,52.5,-105.0,-115.0,0,outdoors,fieldturf,65.0,9.0,00-0033119,00-0036442,Jacoby Brissett,Joe Burrow,Jonathan Gannon,Zac Taylor,Clay Martin,CIN00,Paycor Stadium
2025_17_PIT_CLE,2025,REG,17,2025-12-28,Sunday,13:00,PIT,6,CLE,13,Home,7,19,0,2025122805,60091,,202512280cle,28666.0,401772807,6979.0,7,7,-205.0,170.0,-4.5,-108.0,-112.0,35.5,-112.0,-108.0,1,outdoors,grass,45.0,14.0,00-0023459,00-0040668,Aaron Rodgers,Shedeur Sanders,Mike Tomlin,Kevin Stefanski,John Hussey,CLE00,FirstEnergy Stadium
2025_17_JAX_IND,2025,REG,17,2025-12-28,Sunday,13:00,JAX,23,IND,17,Home,-6,40,0,2025122806,60092,,202512280clt,28667.0,401772915,6981.0,7,6,-225.0,185.0,-3.5,-115.0,-105.0,48.5,-108.0,-112.0,1,closed,fieldturf,,,00-0036971,00-0022942,Trevor Lawrence,Philip Rivers,Liam Coen,Shane Steichen,Brad Allen,IND00,Lucas Oil Stadium
2025_17_TB_MIA,2025,REG,17,2025-12-28,Sunday,13:00,TB,17,MIA,20,Home,3,37,0,2025122807,60093,,202512280mia,28668.0,401772916,6984.0,7,7,-250.0,205.0,-5.5,-108.0,-112.0,44.5,-118.0,-102.0,0,outdoors,grass,80.0,3.0,00-0034855,00-0040234,Baker Mayfield,Quinn Ewers,Todd Bowles,Mike McDaniel,Scott Novak,MIA00,Hard Rock Stadium
2025_17_NE_NYJ,2025,REG,17,2025-12-28,Sunday,13:00,NE,42,NYJ,10,Home,-32,52,0,2025122808,60094,,202512280nyj,28669.0,401772808,6985.0,7,7,-950.0,625.0,-12.5,-120.0,100.0,42.5,-112.0,-108.0,1,outdoors,fieldturf,29.0,4.0,00-0039851,00-0028118,Drake Maye,Tyrod Taylor,Mike Vrabel,Aaron Glenn,Alex Kemp,NYC01,MetLife Stadium
2025_17_NO_TEN,2025,REG,17,2025-12-28,Sunday,13:00,NO,34,TEN,26,Home,-8,60,0,2025122809,60095,,202512280oti,28670.0,401772809,6986.0,7,7,-120.0,100.0,-1.5,-110.0,-110.0,39.5,-118.0,-102.0,0,outdoors,grass,71.0,14.0,00-0040743,00-0040676,Tyler Shough,Cam Ward,Kellen Moore,Brian Callahan,Adrian Hill,NAS00,Nissan Stadium
2025_17_NYG_LV,2025,REG,17,2025-12-28,Sunday,16:05,NYG,34,LV,10,Home,-24,44,0,2025122804,60090,,202512280rai,28665.0,401772950,6983.0,7,7,-162.0,136.0,-3.0,-102.0,-118.0,40.5,-112.0,-108.0,0,dome,grass,,,00-0040691,00-0030565,Jaxson Dart,Geno Smith,Brian Daboll,Pete Carroll,Land Clark,VEG00,Allegiant Stadium
2025_17_PHI_BUF,2025,REG,17,2025-12-28,Sunday,16:25,PHI,13,BUF,12,Home,-1,25,0,2025122810,60096,,202512280buf,28671.0,401772917,6987.0,8,7,142.0,-170.0,3.0,-108.0,-112.0,45.5,-115.0,-105.0,0,outdoors,a_turf,38.0,6.0,00-0036389,00-0034857,Jalen Hurts,Josh Allen,Nick Sirianni,Sean McDermott,Ron Torbert,BUF00,New Era Field
2025_17_CHI_SF,2025,REG,17,2025-12-28,Sunday,20:20,CHI,38,SF,42,Home,4,80,0,2025122811,60097,,202512280sfo,28672.0,401772935,6988.0,8,6,170.0,-205.0,3.5,-105.0,-115.0,51.5,-112.0,-108.0,0,outdoors,grass,53.0,5.0,00-0039918,00-0037834,Caleb Williams,Brock Purdy,Ben Johnson,Kyle Shanahan,Alex Moore,SFO01,Levi's Stadium
2025_17_LA_ATL,2025,REG,17,2025-12-29,Monday,20:15,LA,24,ATL,27,Home,3,51,0,2025122900,60098,,202512290atl,28673.0,401772825,6989.0,11,8,-380.0,300.0,-7.5,-102.0,-118.0,48.5,-105.0,-115.0,0,closed,fieldturf,,,00-0026498,00-0029604,Matthew Stafford,Kirk Cousins,Sean McVay,Raheem Morris,Clete Blakeman,ATL97,Mercedes-Benz Stadium
2025_18_CAR_TB,2025,REG,18,2026-01-03,Saturday,16:30,CAR,14,TB,16,Home,2,30,0,2026010300,60114,,202601030tam,28688.0,401772969,7005.0,6,6,130.0,-155.0,3.0,-115.0,-105.0,43.5,-118.0,-102.0,1,outdoors,grass,69.0,11.0,00-0039150,00-0034855,Bryce Young,Baker Mayfield,Dave Canales,Todd Bowles,Brad Allen,TAM00,Raymond James Stadium
2025_18_SEA_SF,2025,REG,18,2026-01-03,Saturday,20:00,SEA,13,SF,3,Home,-10,16,0,2026010301,60113,,202601030sfo,28687.0,401772961,7004.0,6,6,-148.0,124.0,-2.5,-120.0,100.0,47.5,-105.0,-115.0,1,outdoors,grass,57.0,8.0,00-0034869,00-0037834,Sam Darnold,Brock Purdy,Mike Macdonald,Kyle Shanahan,Bill Vinovich,SFO01,Levi's Stadium
2025_18_NO_ATL,2025,REG,18,2026-01-04,Sunday,13:00,NO,17,ATL,19,Home,2,36,0,2026010400,60099,,202601040atl,28689.0,401772966,6990.0,7,6,170.0,-205.0,4.5,-115.0,-105.0,43.5,-112.0,-108.0,1,closed,fieldturf,,,00-0040743,00-0029604,Tyler Shough,Kirk Cousins,Kellen Moore,Raheem Morris,Ron Torbert,ATL97,Mercedes-Benz Stadium
2025_18_CLE_CIN,2025,REG,18,2026-01-04,Sunday,13:00,CLE,20,CIN,18,Home,-2,38,0,2026010403,60102,,202601040cin,28676.0,401772964,6993.0,7,7,350.0,-455.0,9.5,-112.0,-108.0,47.5,-118.0,-102.0,1,outdoors,fieldturf,37.0,0.0,00-0040668,00-0036442,Shedeur Sanders,Joe Burrow,Kevin Stefanski,Zac Taylor,Alex Kemp,CIN00,Paycor Stadium
2025_18_IND_HOU,2025,REG,18,2026-01-04,Sunday,13:00,IND,30,HOU,38,Home,8,68,0,2026010405,60104,,202601040htx,28678.0,401772962,6995.0,7,8,400.0,-535.0,9.5,-110.0,-110.0,37.5,-108.0,-112.0,1,closed,astroturf,,,00-0040206,00-0039163,Riley Leonard,C.J. Stroud,Shane Steichen,DeMeco Ryans,Land Clark,HOU00,NRG Stadium
2025_18_TEN_JAX,2025,REG,18,2026-01-04,Sunday,13:00,TEN,7,JAX,41,Home,34,48,0,2026010406,60105,,202601040jax,28679.0,401772970,6996.0,7,7,525.0,-750.0,12.5,-110.0,-110.0,46.5,-112.0,-108.0,1,outdoors,grass,55.0,8.0,00-0040676,00-0036971,Cam Ward,Trevor Lawrence,Brian Callahan,Liam Coen,Scott Novak,JAX00,TIAA Bank Stadium
2025_18_GB_MIN,2025,REG,18,2026-01-04,Sunday,13:00,GB,3,MIN,16,Home,13,19,0,2026010409,60108,,202601040min,28682.0,401772968,6999.0,8,10,470.0,-650.0,12.5,-108.0,-112.0,37.5,-118.0,-102.0,1,dome,sportturf,,,00-0038582,00-0039923,Clayton Tune,J.J. McCarthy,Matt LaFleur,Kevin O'Connell,John Hussey,MIN01,U.S. Bank Stadium
2025_18_DAL_NYG,2025,REG,18,2026-01-04,Sunday,13:00,DAL,17,NYG,34,Home,17,51,0,2026010411,60110,,202601040nyg,28684.0,401772963,7001.0,10,7,-166.0,140.0,-3.0,-115.0,-105.0,50.5,-115.0,-105.0,1,outdoors,fieldturf,33.0,7.0,00-0033077,00-0040691,Dak Prescott,Jaxson Dart,Brian Schottenheimer,Brian Daboll,Adrian Hill,NYC01,MetLife Stadium
2025_18_NYJ_BUF,2025,REG,18,2026-01-04,Sunday,16:25,NYJ,8,BUF,35,Home,27,43,0,2026010401,60100,,202601040buf,28674.0,401772967,6991.0,7,7,550.0,-800.0,12.5,-112.0,-108.0,39.5,-115.0,-105.0,1,outdoors,a_turf,27.0,13.0,00-0040398,00-0033869,Brady Cook,Mitchell Trubisky,Aaron Glenn,Sean McDermott,Alan Eck,BUF00,New Era Field
2025_18_DET_CHI,2025,REG,18,2026-01-04,Sunday,16:25,DET,19,CHI,16,Home,-3,35,0,2026010402,60101,,202601040chi,28675.0,401772965,6992.0,10,7,150.0,-180.0,3.5,-110.0,-110.0,51.5,-115.0,-105.0,1,outdoors,grass,33.0,4.0,00-0033106,00-0039918,Jared Goff,Caleb Williams,Dan Campbell,Ben Johnson,Brad Rogers,CHI98,Soldier Field
2025_18_LAC_DEN,2025,REG,18,2026-01-04,Sunday,16:25,LAC,3,DEN,19,Home,16,22,0,2026010404,60103,,202601040den,28677.0,401772956,6994.0,8,10,900.0,-1600.0,14.5,-108.0,-112.0,37.5,-105.0,-115.0,1,outdoors,grass,66.0,8.0,00-0037012,00-0039732,Trey Lance,Bo Nix,Jim Harbaugh,Sean Payton,Clete Blakeman,DEN00,Empower Field at Mile High
2025_18_ARI_LA,2025,REG,18,2026-01-04,Sunday,16:25,ARI,20,LA,37,Home,17,57,0,2026010407,60106,,202601040ram,28681.0,401772955,6997.0,7,6,800.0,-1350.0,14.5,-115.0,-105.0,49.5,-108.0,-112.0,1,dome,matrixturf,,,00-0033119,00-0026498,Jacoby Brissett,Matthew Stafford,Jonathan Gannon,Sean McVay,Carl Cheffers,LAX01,SoFi Stadium
2025_18_KC_LV,2025,REG,18,2026-01-04,Sunday,16:25,KC,12,LV,14,Home,2,26,0,2026010408,60107,,202601040rai,28680.0,401772957,6998.0,10,7,-225.0,185.0,-3.5,-112.0,-108.0,36.5,-118.0,-102.0,1,dome,grass,,,00-0037324,00-0038102,Chris Oladokun,Kenny Pickett,Andy Reid,Pete Carroll,Craig Wrolstad,VEG00,Allegiant Stadium
2025_18_MIA_NE,2025,REG,18,2026-01-04,Sunday,16:25,MIA,10,NE,38,Home,28,48,0,2026010410,60109,,202601040nwe,28683.0,401772958,7000.0,7,7,650.0,-1000.0,14.0,-112.0,-108.0,44.5,-112.0,-108.0,1,outdoors,fieldturf,29.0,6.0,00-0040234,00-0039851,Quinn Ewers,Drake Maye,Mike McDaniel,Mike Vrabel,Clay Martin,BOS00,Gillette Stadium
2025_18_WAS_PHI,2025,REG,18,2026-01-04,Sunday,16:25,WAS,24,PHI,17,Home,-7,41,0,2026010412,60111,,202601040phi,28685.0,401772959,7002.0,10,7,150.0,-180.0,3.0,-105.0,-115.0,38.5,-108.0,-112.0,1,outdoors,grass,35.0,9.0,00-0026300,00-0038400,Josh Johnson,Tanner McKee,Dan Quinn,Nick Sirianni,Shawn Hochuli,PHI00,Lincoln Financial Field
2025_18_BAL_PIT,2025,REG,18,2026-01-04,Sunday,20:20,BAL,24,PIT,26,Home,2,50,0,2026010413,60112,,202601040pit,28686.0,401772960,7003.0,8,7,-225.0,185.0,-4.5,-105.0,-115.0,41.5,-110.0,-110.0,1,outdoors,grass,25.0,3.0,00-0034796,00-0023459,Lamar Jackson,Aaron Rodgers,John Harbaugh,Mike Tomlin,Shawn Smith,PIT00,Acrisure Stadium
2025_19_LA_CAR,2025,WC,19,2026-01-10,Saturday,16:30,LA,34,CAR,31,Home,-3,65,0,2026011000,60164,,202601100car,,401772979,7006.0,6,7,-550.0,410.0,-10.0,-108.0,-112.0,44.5,-108.0,-112.0,0,outdoors,grass,72.0,16.0,00-0026498,00-0039150,Matthew Stafford,Bryce Young,Sean McVay,Dave Canales,Clete Blakeman,CAR00,Bank of America Stadium
2025_19_GB_CHI,2025,WC,19,2026-01-10,Saturday,20:00,GB,27,CHI,31,Home,4,58,0,2026011001,60165,,202601100chi,,401772981,7007.0,6,6,-135.0,114.0,-2.5,-108.0,-112.0,45.5,-115.0,-105.0,1,outdoors,grass,32.0,6.0,00-0036264,00-0039918,Jordan Love,Caleb Williams,Matt LaFleur,Ben Johnson,Adrian Hill,CHI98,Soldier Field
2025_19_BUF_JAX,2025,WC,19,2026-01-11,Sunday,13:00,BUF,27,JAX,24,Home,-3,51,0,2026011100,60166,,202601110jax,,401772977,7008.0,7,7,102.0,-122.0,1.5,-110.0,-110.0,51.5,-112.0,-108.0,0,outdoors,grass,62.0,6.0,00-0034857,00-0036971,Josh Allen,Trevor Lawrence,Sean McDermott,Liam Coen,Brad Allen,JAX00,TIAA Bank Stadium
2025_19_SF_PHI,2025,WC,19,2026-01-11,Sunday,16:30,SF,23,PHI,19,Home,-4,42,0,2026011101,60167,,202601110phi,,401772980,7009.0,8,7,215.0,-265.0,6.0,-115.0,-105.0,44.5,-115.0,-105.0,0,outdoors,grass,46.0,22.0,00-0037834,00-0036389,Brock Purdy,Jalen Hurts,Kyle Shanahan,Nick Sirianni,Alan Eck,PHI00,Lincoln Financial Field
2025_19_LAC_NE,2025,WC,19,2026-01-11,Sunday,20:00,LAC,3,NE,16,Home,13,19,0,2026011102,60168,,202601110nwe,,401772978,7010.0,7,7,164.0,-198.0,3.5,-105.0,-115.0,45.5,-108.0,-112.0,0,outdoors,fieldturf,35.0,10.0,00-0036355,00-0039851,Justin Herbert,Drake Maye,Jim Harbaugh,Mike Vrabel,Ron Torbert,BOS00,Gillette Stadium
2025_19_HOU_PIT,2025,WC,19,2026-01-12,Monday,20:00,HOU,30,PIT,6,Home,-24,36,0,2026011200,60169,,202601120pit,,401772976,7011.0,8,8,-155.0,130.0,-3.0,-105.0,-115.0,38.5,-115.0,-105.0,0,outdoors,grass,32.0,9.0,00-0039163,00-0023459,C.J. Stroud,Aaron Rodgers,DeMeco Ryans,Mike Tomlin,Craig Wrolstad,PIT00,Acrisure Stadium
2025_20_BUF_DEN,2025,DIV,20,2026-01-17,Saturday,16:30,BUF,30,DEN,33,Home,3,63,1,2026011700,60170,,202601170den,,401772982,,6,13,100.0,-120.0,1.5,-112.0,-108.0,45.5,-112.0,-108.0,0,outdoors,grass,36.0,5.0,00-0034857,00-0039732,Josh Allen,Bo Nix,Sean McDermott,Sean Payton,Carl Cheffers,DEN00,Empower Field at Mile High
2025_20_SF_SEA,2025,DIV,20,2026-01-17,Saturday,20:00,SF,6,SEA,41,Home,35,47,0,2026011701,60171,,202601170sea,,401772984,,6,14,245.0,-305.0,6.5,-102.0,-118.0,44.5,-118.0,-102.0,1,outdoors,fieldturf,46.0,5.0,00-0037834,00-0034869,Brock Purdy,Sam Darnold,Kyle Shanahan,Mike Macdonald,John Hussey,SEA00,Lumen Field
2025_20_HOU_NE,2025,DIV,20,2026-01-18,Sunday,15:00,HOU,16,NE,28,Home,12,44,0,2026011801,60173,,202601180nwe,,401772983,,6,7,150.0,-180.0,3.0,102.0,-122.0,40.5,-105.0,-115.0,0,outdoors,fieldturf,35.0,2.0,00-0039163,00-0039851,C.J. Stroud,Drake Maye,DeMeco Ryans,Mike Vrabel,Shawn Smith,BOS00,Gillette Stadium
2025_20_LA_CHI,2025,DIV,20,2026-01-18,Sunday,18:30,LA,20,CHI,17,Home,-3,37,1,2026011800,60172,,202601180chi,,401772985,,8,8,-205.0,170.0,-3.5,-118.0,-102.0,49.5,-110.0,-110.0,0,outdoors,grass,19.0,6.0,00-0026498,00-0039918,Matthew Stafford,Caleb Williams,Sean McVay,Ben Johnson,Shawn Hochuli,CHI98,Soldier Field
2025_21_NE_DEN,2025,CON,21,2026-01-25,Sunday,15:00,NE,10,DEN,7,Home,-3,17,0,2026012500,60174,,202601250den,,401772986,,7,8,-205.0,170.0,-3.5,-115.0,-105.0,43.5,-118.0,-102.0,0,outdoors,grass,26.0,10.0,00-0039851,00-0035264,Drake Maye,Jarrett Stidham,Mike Vrabel,Sean Payton,Alex Kemp,DEN00,Empower Field at Mile High
2025_21_LA_SEA,2025,CON,21,2026-01-25,Sunday,18:30,LA,27,SEA,31,Home,4,58,0,2026012501,60175,,202601250sea,,401772987,,7,8,120.0,-142.0,2.5,-115.0,-105.0,45.5,-105.0,-115.0,1,outdoors,fieldturf,41.0,2.0,00-0026498,00-0034869,Matthew Stafford,Sam Darnold,Sean McVay,Mike Macdonald,Clay Martin,SEA00,Lumen Field
2025_22_SEA_NE,2025,SB,22,2026-02-08,Sunday,18:30,SEA,29,NE,13,Neutral,-16,42,0,2026020800,60176,,202602080nwe,,401772988,,14,14,-238.0,195.0,-4.5,-115.0,-105.0,45.5,-115.0,-105.0,0,outdoors,grass,67.0,7.0,00-0034869,00-0039851,Sam Darnold,Drake Maye,Mike Macdonald,Mike Vrabel,Shawn Smith,SFO01,Levi's Stadium
