player,player_id,position,team_name,player_game_count,base_snap_counts_coverage,declined_penalties,franchise_id,man_assists,man_avg_depth_of_target,man_catch_rate,man_coverage_percent,man_coverage_snaps_per_reception,man_coverage_snaps_per_target,man_dropped_ints,man_forced_incompletes,man_forced_incompletion_rate,man_grades_coverage_defense,man_interceptions,man_longest,man_missed_tackle_rate,man_missed_tackles,man_pass_break_ups,man_qb_rating_against,man_receptions,man_snap_counts_coverage,man_snap_counts_coverage_percent,man_snap_counts_pass_play,man_stops,man_tackles,man_targets,man_touchdowns,man_yards,man_yards_after_catch,man_yards_per_coverage_snap,man_yards_per_reception,penalties,zone_assists,zone_avg_depth_of_target,zone_catch_rate,zone_coverage_percent,zone_coverage_snaps_per_reception,zone_coverage_snaps_per_target,zone_dropped_ints,zone_forced_incompletes,zone_forced_incompletion_rate,zone_grades_coverage_defense,zone_interceptions,zone_longest,zone_missed_tackle_rate,zone_missed_tackles,zone_pass_break_ups,zone_qb_rating_against,zone_receptions,zone_snap_counts_coverage,zone_snap_counts_coverage_percent,zone_snap_counts_pass_play,zone_stops,zone_tackles,zone_targets,zone_touchdowns,zone_yards,zone_yards_after_catch,zone_yards_per_coverage_snap,zone_yards_per_reception
Calais Campbell,4364,DI,ARZ,17,2,0,1,0,,,1.4,,,0,0,,63.4,0,,33.3,1,0,0.0,0,1,50.0,73,1,2,0,0,0,0,0.0,,0,1,,,0.0,,,0,0,,63.6,0,,40.0,2,0,0.0,0,0,0.0,217,6,2,0,0,0,0,,
Jason Pierre-Paul,5540,ED,TB,3,3,0,30,0,,,0.0,,,0,0,,,0,,,0,0,0.0,0,0,0.0,7,0,0,0,0,0,0,,,0,0,,,20.0,,,0,0,,61.8,0,,,0,0,0.0,0,3,100.0,15,0,0,0,0,0,0,0.0,
Von Miller,6154,ED,WAS,17,12,0,32,0,,,4.0,,,0,0,,65.0,0,,0.0,0,0,0.0,0,3,25.0,75,1,1,0,0,0,0,0.0,,0,1,0.5,100.0,4.6,3.5,3.5,0,0,0.0,40.8,0,6,25.0,1,0,79.2,2,8,66.7,175,5,2,2,0,6,5,0.9,3.0
Cameron Jordan,6176,ED,NO,17,18,0,20,0,,,1.9,,,0,0,,60.6,0,,0.0,0,0,0.0,0,1,5.6,54,3,1,0,0,0,0,0.0,,0,1,0.7,100.0,5.8,4.7,4.7,0,0,0.0,71.0,0,12,25.0,2,0,95.8,3,14,77.8,242,10,5,3,0,21,19,1.5,7.0
Cameron Heyward,6183,DI,PIT,18,6,0,25,0,,,1.6,,,0,0,,61.3,0,,50.0,1,0,0.0,0,3,50.0,185,2,1,0,0,0,0,0.0,,0,1,,,0.0,,,0,0,,67.4,0,,0.0,0,0,0.0,0,0,0.0,300,6,4,0,0,0,0,,
Bobby Wagner,7050,LB,WAS,17,588,0,32,0,1.2,80.0,78.6,28.0,22.4,0,0,0.0,71.8,0,24,0.0,0,0,110.0,4,125,21.3,159,1,4,5,0,52,58,0.5,13.0,0,8,4.4,75.6,90.5,11.2,8.4,0,0,0.0,40.3,1,69,8.3,3,0,121.4,31,360,61.2,398,15,25,41,3,414,295,1.2,13.4
Lavonte David,7060,LB,TB,17,576,0,30,1,3.8,72.7,74.1,13.4,9.7,1,1,9.1,72.9,0,10,37.5,3,1,120.8,8,117,20.3,158,2,4,11,2,49,49,0.5,6.1,0,9,5.9,89.8,89.1,8.7,7.8,0,1,2.0,44.9,1,24,18.2,10,1,108.6,44,399,69.3,448,18,36,49,2,433,228,1.1,9.8
Demario Davis,7079,LB,NO,17,517,0,20,1,-2.5,100.0,77.2,18.0,18.0,0,0,0.0,82.7,0,14,0.0,0,0,121.9,4,78,15.1,101,2,3,4,1,15,32,0.2,3.8,0,5,2.4,97.2,89.2,9.8,9.5,0,2,5.6,65.9,0,22,18.4,7,2,100.7,35,356,68.9,399,13,26,36,0,294,212,0.9,8.4
Harrison Smith,7641,S,MIN,15,388,0,18,0,-0.7,66.7,66.3,25.5,17.0,0,0,0.0,66.3,0,10,20.0,1,0,75.7,2,57,14.7,86,3,4,3,0,13,16,0.3,6.5,0,2,9.6,71.4,94.6,16.9,12.0,1,3,14.3,68.8,2,30,20.0,5,3,57.1,15,265,68.3,280,6,18,21,0,177,82,0.7,11.8
Darius Slay,7817,CB,PIT,10,329,0,25,1,12.8,66.7,100.0,8.4,5.6,0,3,14.3,52.6,0,33,9.1,1,1,130.6,14,128,38.9,128,2,9,21,3,168,60,1.4,12.0,0,2,5.5,73.3,100.0,14.9,10.9,1,2,13.3,73.9,0,17,11.8,2,2,83.8,11,172,52.3,172,3,13,15,0,74,33,0.5,6.7
John Jenkins,7863,DI,BLT,17,3,0,3,0,,,2.6,,,0,0,,60.0,0,,,0,0,0.0,0,2,66.7,77,0,0,0,0,0,0,0.0,,0,0,,,0.7,,,0,0,,59.5,0,,,0,0,0.0,0,1,33.3,142,0,0,0,0,0,0,0.0,
Jordan Poyer,8000,S,BUF,11,222,0,4,0,10.0,40.0,95.9,20.5,8.2,0,2,40.0,65.8,0,6,16.7,1,2,47.9,2,47,21.2,49,1,5,5,0,11,11,0.3,5.5,0,1,4.8,100.0,98.1,16.7,16.7,0,0,0.0,59.8,1,20,14.3,2,0,111.1,6,106,47.7,108,2,11,6,1,64,41,0.6,10.7
Tony Jefferson,8361,S,LAC,14,346,0,27,0,,,93.9,,,0,0,,65.7,0,,0.0,0,0,0.0,0,46,13.3,49,1,3,0,0,0,0,0.0,,0,5,9.8,69.2,97.4,24.2,16.8,0,1,7.7,69.2,4,20,10.3,3,1,40.1,9,229,66.2,235,6,21,13,0,62,43,0.3,6.9
Jadeveon Clowney,8636,ED,DAL,13,4,0,9,0,,,5.0,,,0,0,,55.4,0,,100.0,1,0,0.0,0,3,75.0,60,4,0,0,0,0,0,0.0,,0,0,,,0.7,,,0,0,,67.9,0,,66.7,2,0,0.0,0,1,25.0,151,5,1,0,0,0,0,0.0,
Khalil Mack,8640,ED,LAC,13,15,0,27,0,,,4.3,,,0,0,,37.9,0,,100.0,1,0,0.0,0,3,20.0,69,0,0,0,0,0,0,0.0,,0,0,2.5,100.0,4.0,3.5,3.5,0,0,0.0,83.4,0,3,20.0,1,0,79.2,2,7,46.7,175,8,4,2,0,6,1,0.9,3.0
DeMarcus Lawrence,8669,ED,SEA,18,13,0,29,0,,,3.2,,,0,0,,75.9,0,,50.0,1,0,0.0,0,3,23.1,95,2,1,0,0,0,0,0.0,,0,0,,,2.4,,,0,0,,62.9,0,,61.5,8,0,0.0,0,6,46.2,255,6,5,0,0,0,0,0.0,
Kyle Van Noy,8675,ED,BLT,15,50,0,3,0,10.0,0.0,17.0,,10.5,0,1,50.0,88.3,1,,0.0,0,1,0.0,0,23,46.0,135,1,1,2,0,0,0,0.0,,0,0,4.7,66.7,13.5,12.0,8.0,0,0,0.0,62.4,0,13,25.0,1,0,88.2,2,25,50.0,185,4,3,3,0,22,11,0.9,11.0
Brent Urban,8769,DI,BLT,15,4,0,3,0,,,8.9,,,0,0,,59.9,0,,,0,0,0.0,0,4,100.0,45,0,0,0,0,0,0,0.0,,0,1,,,0.0,,,0,0,,60.0,0,,0.0,0,0,0.0,0,0,0.0,71,2,1,0,0,0,0,,
Shelby Harris,8869,DI,CLV,17,1,0,8,0,,,0.0,,,0,0,,,0,,100.0,1,0,0.0,0,0,0.0,92,0,0,0,0,0,0,,,0,0,,,0.7,,,0,0,,62.6,0,,0.0,0,0,0.0,0,1,100.0,149,2,3,0,0,0,0,0.0,
Mike Pennel,9316,DI,KC,16,1,0,16,0,,,0.0,,,0,0,,,0,,,0,0,0.0,0,0,0.0,19,0,0,0,0,0,0,,,0,1,,,1.1,,,0,0,,66.5,0,,0.0,0,0,0.0,0,1,100.0,93,0,1,0,0,0,0,0.0,
Dante Fowler Jr.,9436,ED,DAL,17,9,0,9,0,,,3.9,,,0,0,,60.3,0,,,0,0,0.0,0,2,22.2,51,1,0,0,0,0,0,0.0,,0,0,9.5,50.0,3.8,7.0,3.5,0,1,50.0,63.9,0,18,33.3,1,1,81.3,1,7,77.8,182,3,2,2,0,18,10,2.6,18.0
Leonard Williams,9439,DI,SEA,19,16,0,29,1,,,7.6,,,0,0,,66.5,0,,20.0,1,0,0.0,0,10,62.5,131,3,3,0,0,0,0,0.0,,0,2,-8.0,100.0,0.9,3.0,3.0,0,0,0.0,62.4,0,-1,25.0,3,0,79.2,1,3,18.8,335,10,7,1,0,-1,7,-0.3,-1.0
Arik Armstead,9450,DI,JAX,17,12,0,15,0,,,6.4,,,0,0,,55.1,0,,,0,0,0.0,0,7,58.3,109,0,0,0,0,0,0,0.0,,0,0,,,1.5,,,0,0,,58.8,0,,75.0,3,0,0.0,0,4,33.3,269,3,1,0,0,0,0,0.0,
Bud Dupree,9455,ED,LAC,16,35,0,27,0,,,12.5,,,0,0,,64.1,0,,0.0,0,0,0.0,0,4,11.4,32,1,1,0,0,0,0,0.0,,0,1,5.3,75.0,15.9,9.0,6.8,0,0,0.0,56.1,0,19,25.0,1,0,99.0,3,28,80.0,176,2,2,4,0,33,23,1.2,11.0
Shaq Thompson,9458,LB,BUF,13,278,0,4,0,2.0,100.0,72.9,13.8,13.8,1,1,25.0,66.2,0,16,50.0,2,1,142.7,4,62,22.3,85,1,2,4,1,35,27,0.6,8.8,0,2,4.5,76.7,90.2,6.3,4.8,0,1,3.3,68.0,1,24,22.2,6,1,76.9,23,147,52.9,163,7,19,30,0,179,138,1.2,7.8
Eric Kendricks,9478,LB,SF,4,64,0,28,0,,,50.0,,,0,0,,66.5,0,,,0,0,0.0,0,11,17.2,22,0,0,0,0,0,0,0.0,,0,1,3.3,100.0,98.0,5.2,5.2,0,1,11.1,56.4,0,19,0.0,0,1,103.2,9,49,76.6,50,3,9,9,0,79,49,1.7,8.8
Denzel Perryman,9481,LB,LAC,11,167,0,27,0,-7.0,100.0,50.0,3.0,3.0,0,0,0.0,43.9,0,8,100.0,1,0,100.0,1,5,3.0,10,0,0,1,0,8,15,2.7,8.0,0,2,3.2,78.6,99.2,11.1,8.7,3,3,21.4,56.3,0,26,16.7,2,3,101.2,11,125,74.9,126,3,8,14,0,116,84,1.0,10.5
Danielle Hunter,9521,ED,HST,19,3,0,13,0,,,0.8,,,0,0,,55.8,0,,100.0,2,0,0.0,0,1,33.3,132,7,0,0,0,0,0,0.0,,0,0,10.0,100.0,0.6,2.0,2.0,0,0,0.0,56.4,0,10,0.0,0,0,108.3,1,2,66.7,319,8,1,1,0,10,0,5.0,10.0
Grady Jarrett,9570,DI,CHI,16,3,0,6,1,,,0.0,,,0,0,,67.8,0,,33.3,1,0,0.0,0,0,0.0,136,0,1,0,0,0,0,,,0,1,,,1.0,,,0,0,,60.8,0,,28.6,2,0,0.0,0,3,100.0,290,1,4,0,0,0,0,0.0,
Quandre Diggs,9633,S,SEA,9,192,0,29,0,5.0,100.0,100.0,28.0,28.0,0,0,0.0,65.9,0,6,0.0,0,0,91.7,1,32,16.7,32,1,1,1,0,6,1,0.2,6.0,0,2,8.0,70.0,96.7,16.0,11.2,0,1,10.0,59.8,0,24,8.3,1,1,88.3,7,117,60.9,121,3,9,10,0,67,32,0.6,9.6
Neville Hewitt,9836,LB,NYG,1,3,0,21,0,,,,,,0,0,,,0,,,0,0,0.0,0,0,0.0,0,0,0,0,0,0,0,,,0,0,,,75.0,,,0,0,,61.9,0,,,0,0,0.0,0,3,100.0,4,0,0,0,0,0,0,0.0,
Alex Singleton,9994,LB,DEN,18,654,0,10,5,5.5,90.0,75.4,17.8,16.0,0,3,30.0,58.7,0,47,15.4,2,2,158.3,9,175,26.8,232,2,6,10,2,163,125,1.0,18.1,0,10,4.1,82.2,91.1,9.2,7.6,1,2,4.4,59.9,0,25,6.4,3,2,93.5,37,358,54.7,393,19,34,45,0,290,188,0.9,7.8
Joey Bosa,10637,ED,BUF,17,23,0,4,0,,,3.7,,,0,0,,61.2,0,,50.0,1,0,0.0,0,4,17.4,108,1,1,0,0,0,0,0.0,,0,0,5.0,50.0,7.1,16.0,8.0,0,0,0.0,61.6,0,8,33.3,2,0,60.4,1,16,69.6,225,8,4,2,0,8,5,0.5,8.0
Jalen Ramsey,10639,S,PIT,18,695,0,25,2,10.0,75.9,96.8,10.1,7.7,0,1,3.4,42.7,1,43,0.0,0,1,132.6,22,243,35.0,251,3,13,29,5,293,98,1.3,13.3,0,8,6.6,69.0,95.5,18.6,12.8,0,4,13.8,74.9,0,22,8.3,3,4,81.7,20,384,55.3,402,12,25,29,0,154,67,0.4,7.7
DeForest Buckner,10641,DI,IND,10,2,0,14,0,,,1.0,,,0,0,,59.5,0,,0.0,0,0,0.0,0,1,50.0,104,3,1,0,0,0,0,0.0,,0,0,,,0.6,,,0,0,,70.2,0,,0.0,0,0,0.0,0,1,50.0,155,4,4,0,0,0,0,0.0,
Leonard Floyd,10643,ED,ATL,15,23,0,2,0,,,10.6,,,0,0,,39.8,0,,0.0,0,0,0.0,0,7,30.4,66,0,1,0,0,0,0,0.0,,0,0,-3.0,100.0,7.2,12.0,12.0,0,0,0.0,62.7,0,15,50.0,1,0,118.8,1,15,65.2,209,4,1,1,0,15,18,1.3,15.0
Eli Apple,10644,CB,SF,1,1,0,28,0,,,100.0,,,0,0,,60.0,0,,,0,0,0.0,0,1,100.0,1,0,0,0,0,0,0,0.0,,0,0,,,,,,0,0,,,0,,,0,0,0.0,0,0,0.0,0,0,0,0,0,0,0,,
Kenny Clark,10661,DI,DAL,17,2,0,9,0,,,1.9,,,0,0,,60.2,0,,,0,0,0.0,0,2,100.0,104,0,0,0,0,0,0,0.0,,0,1,,,0.0,,,0,0,,61.1,0,,57.1,4,0,0.0,0,0,0.0,313,6,2,0,0,0,0,,
Emmanuel Ogbah,10666,ED,JAX,13,17,0,15,0,,,0.0,,,0,0,,,0,,,0,0,0.0,0,0,0.0,34,1,0,0,0,0,0,,,0,0,5.3,66.7,13.3,6.5,4.3,0,0,0.0,54.1,0,8,0.0,0,0,72.9,2,13,76.5,98,0,1,3,0,11,9,0.8,5.5
Chris Jones,10671,DI,KC,17,1,0,16,0,,,0.0,,,0,0,,,0,,100.0,1,0,0.0,0,0,0.0,142,3,0,0,0,0,0,,,0,0,,,0.4,,,0,0,,56.3,0,,66.7,2,0,0.0,0,1,100.0,278,4,1,0,0,0,0,0.0,
Xavien Howard,10672,CB,IND,4,141,0,14,0,6.5,62.5,100.0,6.0,3.8,0,0,0.0,28.4,0,31,33.3,1,0,128.1,5,35,24.8,35,0,2,8,2,66,26,2.2,13.2,0,1,6.5,81.8,100.0,9.0,7.4,0,0,0.0,63.9,0,23,12.5,1,0,130.3,9,85,60.3,85,1,6,11,1,88,28,1.1,9.8
Austin Johnson,10677,DI,JAX,15,1,0,15,0,,,0.0,,,0,0,,,0,,,0,0,0.0,0,0,0.0,16,0,0,0,0,0,0,,,0,0,,,1.5,,,0,0,,64.6,0,,0.0,0,0,0.0,0,1,100.0,65,2,2,0,0,0,0,0.0,
Jihad Ward,10678,ED,TEN,17,31,0,31,0,,,7.1,,,0,0,,70.4,0,,50.0,1,0,0.0,0,6,19.4,84,2,1,0,0,0,0,0.0,,0,2,7.0,100.0,8.1,7.3,7.3,0,0,0.0,69.7,0,23,0.0,0,0,118.8,3,22,71.0,272,3,3,3,0,40,19,1.8,13.3
A'Shawn Robinson,10680,DI,CAR,18,2,0,5,0,,,1.8,,,0,0,,60.0,0,,,0,0,0.0,0,1,50.0,56,0,0,0,0,0,0,0.0,,0,1,,,0.4,,,0,0,,61.1,0,,25.0,1,0,0.0,0,1,50.0,236,2,2,0,0,0,0,0.0,
Jarran Reed,10683,DI,SEA,15,2,0,29,0,,,2.3,,,0,0,,64.3,0,,0.0,0,0,0.0,0,1,50.0,44,2,2,0,0,0,0,0.0,,0,0,,,0.7,,,0,0,,63.2,0,,0.0,0,0,0.0,0,1,50.0,153,2,2,0,0,0,0,0.0,
Deion Jones,10686,LB,TB,12,69,0,30,0,,,53.3,,,1,0,,64.5,0,,,0,0,0.0,0,8,11.6,15,0,0,0,0,0,0,0.0,,0,3,9.3,71.4,89.1,9.6,6.9,0,0,0.0,51.3,0,16,10.0,1,0,84.2,5,49,71.0,55,2,6,7,0,38,11,0.8,7.6
Kevin Byard,10698,S,CHI,19,720,0,6,2,7.0,83.3,95.6,18.2,15.2,1,0,0.0,55.9,0,23,10.5,2,0,131.3,10,195,27.1,204,3,15,12,1,106,35,0.6,10.6,0,6,9.3,65.2,99.3,28.9,18.8,1,2,8.7,71.6,6,29,11.5,3,2,63.4,15,450,62.5,453,3,17,23,1,177,68,0.4,11.8
Maliek Collins,10701,DI,CLV,12,2,0,8,0,,,0.0,,,0,0,,60.0,0,,0.0,0,0,0.0,0,0,0.0,130,2,1,0,0,0,0,,,0,0,,,1.4,,,0,0,,55.1,0,,,0,0,0.0,0,2,100.0,142,5,0,0,0,0,0,0.0,
Jonathan Bullard,10706,DI,NO,15,1,0,20,0,,,0.0,,,0,0,,,0,,,0,0,0.0,0,0,0.0,14,0,0,0,0,0,0,,,0,0,,,1.3,,,0,0,,60.1,0,,0.0,0,0,0.0,0,1,100.0,76,0,1,0,0,0,0,0.0,
Javon Hargrave,10723,DI,MIN,16,4,0,18,0,,,3.4,,,0,0,,58.6,0,,,0,0,0.0,0,2,50.0,59,0,0,0,0,0,0,0.0,,0,0,,,1.1,,,0,0,,68.1,0,,50.0,2,0,0.0,0,2,50.0,185,3,2,0,0,0,0,0.0,
Sheldon Day,10737,DI,WAS,10,2,0,32,0,,,6.3,,,0,0,,60.0,0,,,0,0,0.0,0,1,50.0,16,0,0,0,0,0,0,0.0,,0,0,,,1.5,,,0,0,,62.2,0,,,0,0,0.0,0,1,50.0,68,0,0,0,0,0,0,0.0,
Eric Murray,10740,S,JAX,13,416,0,15,1,7.5,100.0,92.7,35.0,35.0,0,1,50.0,75.7,0,5,0.0,0,1,125.0,2,76,18.3,82,2,4,2,1,9,1,0.1,4.5,0,5,9.7,70.0,97.1,16.4,11.5,2,3,15.0,55.6,0,27,12.0,3,3,125.6,14,237,57.0,244,2,17,20,2,153,76,0.7,10.9
Andrew Billings,10756,DI,CHI,19,1,0,6,0,,,0.0,,,0,0,,62.3,0,,0.0,0,0,0.0,0,0,0.0,67,1,1,0,0,0,0,,,0,0,,,0.6,,,0,0,,59.7,0,,100.0,1,0,0.0,0,1,100.0,159,1,0,0,0,0,0,0.0,
Matthew Judon,10780,ED,BUF,14,38,0,4,0,,,10.6,,,0,0,,62.8,0,,,0,0,0.0,0,5,13.2,47,0,0,0,0,0,0,0.0,,0,0,4.8,83.3,19.9,5.4,4.5,0,0,0.0,29.4,0,22,60.0,3,0,110.4,5,28,73.7,141,0,2,6,0,63,39,2.3,12.6
Quinton Jefferson,10781,DI,DET,1,1,0,11,0,,,0.0,,,0,0,,,0,,,0,0,0.0,0,0,0.0,6,0,0,0,0,0,0,,,0,0,,,20.0,,,0,0,,60.0,0,,,0,0,0.0,0,1,100.0,5,0,0,0,0,0,0,0.0,
DJ Reader,10800,DI,DET,17,3,0,11,0,,,0.0,,,0,0,,,0,,,0,0,0.0,0,0,0.0,105,0,0,0,0,0,0,,,0,1,,,1.6,,,0,0,,62.1,0,,0.0,0,0,0.0,0,3,100.0,183,0,0,0,0,0,0,0.0,
Elandon Roberts,10848,LB,LV,17,268,0,23,0,-1.5,100.0,59.4,9.5,9.5,0,0,0.0,58.5,0,4,0.0,0,0,120.8,2,19,7.1,32,1,1,2,1,7,10,0.4,3.5,0,7,7.2,84.2,98.1,12.5,10.5,0,1,5.3,39.6,0,44,31.8,7,1,114.0,16,209,78.0,213,2,8,19,0,216,92,1.1,13.5
Jalen Mills,10867,S,DET,5,80,0,11,0,5.5,50.0,100.0,16.0,8.0,0,0,0.0,70.8,0,7,0.0,0,0,58.3,1,16,20.0,16,0,1,2,0,7,1,0.4,7.0,0,1,,,95.8,,,0,0,,60.8,0,,33.3,1,0,0.0,0,46,57.5,48,0,1,0,0,0,0,0.0,
Mike Hilton,10898,CB,IND,2,39,0,14,0,,,83.3,,,0,0,,65.9,0,,,0,0,0.0,0,5,12.8,6,0,0,0,0,0,0,0.0,,0,0,3.0,100.0,96.3,11.5,11.5,0,0,0.0,49.3,0,5,33.3,1,0,81.3,2,26,66.7,27,1,2,2,0,7,1,0.3,3.5
Jonathan Jones,11217,CB,WAS,11,272,0,32,1,15.9,44.4,100.0,10.3,4.6,0,2,22.2,53.7,0,26,25.0,1,2,78.9,4,48,17.6,48,0,2,9,0,86,41,2.1,21.5,0,2,11.0,67.9,98.9,8.9,6.0,0,3,10.7,52.8,0,27,4.5,1,3,91.2,19,177,65.1,179,5,19,28,0,219,58,1.3,11.5
Roy Robertson-Harris,11341,DI,NYG,17,4,0,21,0,,,1.0,,,0,0,,57.3,0,,100.0,1,0,0.0,0,1,25.0,99,0,0,0,0,0,0,0.0,,0,0,,,0.0,,,0,0,,60.0,0,,75.0,3,0,0.0,0,0,0.0,180,0,1,0,0,0,0,,
Antonio Hamilton Sr.,11353,CB,WAS,7,70,0,32,0,13.7,50.0,100.0,6.0,3.0,0,1,16.7,71.5,0,8,33.3,1,0,56.9,3,18,25.7,18,1,2,6,0,19,3,1.1,6.3,0,1,11.2,60.0,100.0,12.0,7.2,0,1,20.0,60.1,0,19,0.0,0,1,82.1,3,36,51.4,36,0,4,5,0,36,15,1.0,12.0
Solomon Thomas,11758,DI,DAL,16,1,0,9,0,,,0.0,,,0,0,,61.1,0,,100.0,1,0,0.0,0,0,0.0,61,0,0,0,0,0,0,,,0,0,,,0.7,,,0,0,,67.1,0,,33.3,2,0,0.0,0,1,100.0,153,2,4,0,0,0,0,0.0,
Jamal Adams,11761,LB,LV,17,247,0,23,0,-4.5,100.0,61.1,9.5,9.5,0,0,0.0,81.7,0,-4,0.0,0,0,79.2,2,22,8.9,36,1,1,2,0,-9,0,-0.5,-4.5,0,2,0.7,92.6,89.9,6.7,6.2,0,1,3.7,71.5,0,22,12.0,3,0,92.4,25,178,72.1,198,12,20,27,0,167,161,1.0,6.7
Marshon Lattimore,11766,CB,WAS,9,313,0,32,0,10.3,58.3,100.0,12.0,7.0,0,1,8.3,56.3,1,17,0.0,0,1,42.7,7,94,30.0,94,0,6,12,0,77,25,0.9,11.0,0,0,21.0,47.1,100.0,20.6,9.7,0,3,17.6,54.6,0,44,20.0,2,3,80.3,8,175,55.9,175,1,8,17,0,159,17,1.0,19.9
Haason Reddick,11768,ED,TB,13,86,0,30,0,-6.0,100.0,9.3,8.0,8.0,0,0,0.0,55.2,0,28,0.0,0,0,118.8,1,8,9.3,86,1,1,1,0,28,34,3.5,28.0,0,0,1.4,83.3,26.7,6.8,5.7,0,0,0.0,61.8,0,25,21.4,3,0,96.9,10,70,81.4,262,7,11,12,0,87,78,1.3,8.7
Malik Hooker,11770,S,DAL,12,372,0,9,1,8.6,80.0,97.4,16.8,13.4,0,0,0.0,41.0,0,28,16.7,1,0,118.8,4,76,20.4,78,0,4,5,0,70,35,1.0,17.5,0,6,18.7,83.3,100.0,25.2,21.0,0,1,8.3,59.4,0,52,12.0,3,1,146.5,10,264,71.0,264,1,16,12,1,221,56,0.9,22.1
Marlon Humphrey,11771,CB,BLT,15,556,0,3,0,13.8,55.6,95.8,8.6,4.8,1,3,8.3,36.6,2,62,15.8,3,2,87.5,20,183,32.9,191,0,16,36,2,378,129,2.2,18.9,0,4,9.4,72.7,94.2,8.2,6.0,0,5,11.4,55.7,0,43,10.7,3,5,108.0,32,276,49.6,293,8,21,44,1,398,120,1.5,12.4
Jonathan Allen,11772,DI,MIN,17,5,0,18,0,,,5.4,,,0,0,,57.6,0,,100.0,1,0,0.0,0,4,80.0,74,0,0,0,0,0,0,0.0,,0,1,-5.0,100.0,0.4,1.0,1.0,0,0,0.0,62.1,0,4,57.1,4,0,83.3,1,1,20.0,266,5,2,1,0,4,9,4.0,4.0
Adoree' Jackson,11773,CB,PHI,15,406,0,24,0,8.6,57.7,100.0,7.3,4.2,0,3,11.5,56.8,0,40,0.0,0,3,101.3,15,116,28.6,116,3,16,26,2,159,54,1.4,10.6,0,0,11.4,64.7,100.0,7.6,4.9,0,2,5.9,47.5,1,32,20.8,5,2,78.4,22,177,43.6,177,2,19,34,0,283,78,1.7,12.9
Jabrill Peppers,11780,S,PIT,4,50,0,25,1,4.7,100.0,100.0,5.3,5.3,0,0,0.0,53.3,0,24,25.0,1,0,150.7,3,17,34.0,17,1,2,3,1,32,19,2.0,10.7,0,1,10.3,50.0,100.0,13.5,6.8,0,0,0.0,45.9,0,35,0.0,0,0,85.4,2,28,56.0,28,0,1,4,0,40,9,1.5,20.0
Tre'Davious White,11782,CB,BUF,18,477,0,4,0,12.6,35.3,99.1,17.7,6.2,0,6,35.3,62.9,0,18,0.0,0,4,68.5,6,113,23.7,114,2,6,17,1,71,17,0.7,11.8,0,0,11.0,55.0,98.9,23.1,12.7,0,3,15.0,67.8,0,25,15.8,3,2,84.8,11,261,54.7,264,7,16,20,1,97,24,0.4,8.8
T.J. Watt,11785,ED,PIT,15,48,0,25,0,,,4.1,,,0,0,,74.8,1,,100.0,1,0,0.0,0,8,16.7,197,1,0,0,0,0,0,0.0,,0,1,1.5,100.0,12.1,8.8,8.8,0,0,0.0,55.6,1,17,33.3,3,0,60.4,4,35,72.9,290,10,5,4,0,32,26,0.9,8.0
Budda Baker,11791,S,ARZ,16,583,0,1,2,12.7,57.1,95.8,26.0,14.9,0,0,0.0,53.2,0,5,33.3,4,0,101.8,4,113,19.4,118,3,6,7,3,11,7,0.1,2.8,0,12,8.7,85.3,92.3,12.5,10.7,1,1,2.9,30.4,1,47,10.9,6,1,95.8,29,384,65.9,416,6,37,34,0,338,107,0.9,11.7
Marcus Maye,11794,S,LAC,1,11,0,27,0,,,100.0,,,0,0,,60.0,0,,,0,0,0.0,0,1,9.1,1,0,0,0,0,0,0,0.0,,0,2,-4.0,0.0,100.0,,7.0,0,0,0.0,48.2,0,,0.0,0,0,39.6,0,7,63.6,7,0,0,1,0,0,0,0.0,
Marcus Williams,11797,S,LAC,3,63,0,27,0,8.0,100.0,100.0,10.0,10.0,0,0,0.0,63.7,0,8,0.0,0,0,100.0,1,10,15.9,10,1,3,1,0,8,0,0.8,8.0,0,1,,,100.0,,,0,0,,53.6,0,,0.0,0,0,0.0,0,34,54.0,34,0,0,0,0,0,0,0.0,
Zach Cunningham,11812,LB,DET,2,6,0,11,0,13.0,100.0,100.0,1.0,1.0,0,0,0.0,45.9,0,22,0.0,0,0,118.8,1,2,33.3,2,0,1,1,0,22,9,22.0,22.0,0,0,-6.0,100.0,100.0,3.0,3.0,0,0,0.0,64.5,0,5,0.0,0,0,87.5,1,3,50.0,3,0,1,1,0,5,11,1.7,5.0
Tanoh Kpassagnon,11814,ED,CHI,4,1,0,6,0,,,0.0,,,0,0,,,0,,,0,0,0.0,0,0,0.0,15,0,0,0,0,0,0,,,0,0,,,4.3,,,0,0,,60.3,0,,0.0,0,0,0.0,0,1,100.0,23,0,1,0,0,0,0,0.0,
Chidobe Awuzie,11815,CB,BLT,14,408,0,3,0,12.8,42.9,98.6,10.8,4.6,0,8,28.6,73.6,0,31,15.4,2,5,69.9,12,142,34.8,144,2,11,28,1,136,26,1.0,11.3,0,3,12.9,52.9,97.4,20.0,10.6,0,3,17.6,70.4,0,28,0.0,0,2,72.9,9,187,45.8,192,4,13,17,0,109,27,0.6,12.1
Ahkello Witherspoon,11821,CB,LA,7,115,0,26,0,19.2,50.0,100.0,6.0,3.0,0,0,0.0,67.6,1,20,0.0,0,0,31.3,3,19,16.5,19,1,2,6,0,39,0,2.2,13.0,0,1,15.8,80.0,100.0,9.9,7.9,0,0,0.0,46.1,0,43,28.6,2,0,152.1,8,82,71.3,82,1,4,10,1,139,30,1.8,17.4
Dawuane Smoot,11823,ED,JAX,18,27,0,15,0,,,12.3,,,0,0,,58.9,0,,0.0,0,0,0.0,0,10,37.0,81,1,2,0,0,0,0,0.0,,0,1,2.0,100.0,5.8,11.0,11.0,0,0,0.0,47.1,0,7,33.3,1,0,95.8,1,11,40.7,191,3,1,1,0,7,5,0.6,7.0
Chris Wormley,11829,DI,IND,5,3,0,14,0,,,30.0,,,0,0,,56.6,0,,,0,0,0.0,0,3,100.0,10,0,0,0,0,0,0,0.0,,0,0,,,0.0,,,0,0,,,0,,,0,0,0.0,0,0,0.0,23,1,0,0,0,0,0,,
Alex Anzalone,11831,LB,DET,16,564,0,11,1,10.9,54.5,83.0,15.5,8.5,1,2,9.1,58.9,0,45,9.1,1,2,110.2,12,205,36.3,247,5,9,22,2,171,32,0.9,14.3,0,4,4.0,79.3,92.1,12.7,10.0,0,1,3.4,65.7,1,39,11.1,3,1,83.0,23,303,53.7,329,12,20,29,0,214,121,0.7,9.3
Fabian Moreau,11836,CB,MIN,10,152,0,18,0,7.2,40.0,100.0,10.8,4.3,0,0,0.0,52.2,0,11,0.0,0,0,47.9,4,48,31.6,48,1,4,10,0,25,6,0.6,6.3,0,1,5.0,66.7,100.0,23.0,15.3,0,1,16.7,77.9,0,11,0.0,0,1,77.1,4,96,63.2,96,1,6,6,0,28,13,0.3,7.0
Shaquill Griffin,11845,CB,SEA,2,56,0,29,0,,,100.0,,,0,0,,63.4,0,,,0,0,0.0,0,4,7.1,4,0,0,0,0,0,0,0.0,,0,0,13.7,66.7,100.0,9.8,6.5,0,0,0.0,48.4,0,21,0.0,0,0,120.1,4,41,73.2,41,0,2,6,1,33,11,0.8,8.3
Jourdan Lewis,11846,CB,JAX,11,406,0,15,0,14.4,53.8,96.3,9.4,5.1,0,4,30.8,46.6,0,15,0.0,0,2,101.0,7,77,19.0,80,1,2,13,5,45,10,0.7,6.4,0,2,4.0,76.7,94.6,8.7,6.7,0,1,3.3,77.4,1,25,15.8,3,1,80.0,23,210,51.7,222,10,14,30,0,201,134,1.0,8.7
Rasul Douglas,11854,CB,MIA,15,497,0,17,0,13.4,52.6,100.0,10.8,5.7,0,0,0.0,49.8,0,36,0.0,0,0,112.4,10,117,23.5,117,1,6,19,2,143,41,1.3,14.3,0,6,9.4,57.1,97.9,10.8,6.1,1,8,16.3,77.4,2,35,6.3,2,8,60.3,28,319,64.2,326,11,24,49,1,245,98,0.8,8.8
Trey Hendrickson,11858,ED,CIN,7,13,0,7,0,,,14.6,,,0,0,,64.1,0,,,0,0,0.0,0,6,46.2,41,0,0,0,0,0,0,0.0,,0,2,,,6.4,,,0,0,,65.3,0,,0.0,0,0,0.0,0,6,46.2,94,3,0,0,0,0,0,0.0,
Rayshawn Jenkins,11868,S,CLV,17,200,0,8,0,2.8,50.0,98.8,25.3,12.7,0,0,0.0,63.1,0,6,0.0,0,0,56.3,3,81,40.5,82,3,6,6,0,9,8,0.1,3.0,0,3,9.8,80.0,95.2,23.8,19.0,0,0,0.0,54.8,1,38,0.0,0,0,79.2,4,100,50.0,105,0,3,5,0,70,23,0.7,17.5
Carl Lawson,11871,ED,BLT,1,2,0,3,0,,,0.0,,,0,0,,,0,,,0,0,0.0,0,0,0.0,4,0,0,0,0,0,0,,,0,0,7.0,100.0,28.6,2.0,2.0,0,0,0.0,51.8,0,11,,0,0,112.5,1,2,100.0,7,0,0,1,0,11,4,5.5,11.0
Jalen Reeves-Maybin,11879,LB,CHI,1,2,0,6,0,,,50.0,,,0,0,,60.0,0,,,0,0,0.0,0,1,50.0,2,0,0,0,0,0,0,0.0,,0,0,,,100.0,,,0,0,,60.0,0,,,0,0,0.0,0,1,50.0,1,0,0,0,0,0,0,0.0,
Samson Ebukam,11880,ED,IND,14,31,0,14,1,,,6.5,,,0,0,,86.6,0,,0.0,0,0,0.0,0,5,16.1,77,3,2,0,0,0,0,0.0,,0,0,5.3,100.0,15.5,7.7,7.7,0,0,0.0,60.5,0,13,0.0,0,0,104.2,3,23,74.2,148,3,5,3,0,27,11,1.2,9.0
Grover Stewart,11899,DI,IND,17,5,0,14,0,,,4.5,,,0,0,,56.8,0,,0.0,0,0,0.0,0,4,80.0,89,0,1,0,0,0,0,0.0,,0,1,,,0.5,,,0,0,,69.2,1,,0.0,0,0,0.0,0,1,20.0,219,2,1,0,0,0,0,0.0,
Damontae Kazee,11904,S,CLV,2,10,0,8,0,,,100.0,,,0,0,,60.0,0,,,0,0,0.0,0,1,10.0,1,0,0,0,0,0,0,0.0,,0,0,,,100.0,,,0,0,,62.2,0,,,0,0,0.0,0,9,90.0,9,0,0,0,0,0,0,0.0,
Anthony Walker Jr.,11916,LB,TB,1,1,0,30,0,,,,,,0,0,,,0,,,0,0,0.0,0,0,0.0,0,0,0,0,0,0,0,,,0,0,,,100.0,,,0,0,,60.0,0,,,0,0,0.0,0,1,100.0,1,0,0,0,0,0,0,0.0,
Matt Milano,11918,LB,BUF,14,278,0,4,0,4.7,57.1,70.6,14.0,8.0,0,0,0.0,48.9,0,28,25.0,1,0,114.3,4,60,21.6,85,2,3,7,1,42,33,0.8,10.5,0,6,2.2,84.8,88.2,5.2,4.4,0,1,3.0,48.8,0,26,23.8,5,1,94.3,28,150,54.0,170,4,10,33,0,219,161,1.5,7.8
Chuck Clark,11941,S,PIT,13,292,0,25,3,13.0,88.9,97.1,11.6,10.3,1,1,11.1,48.9,0,42,6.3,1,1,155.8,8,102,34.9,105,2,12,9,1,174,69,1.9,21.8,0,2,4.6,90.0,99.4,17.1,15.4,1,2,20.0,77.4,0,20,5.9,1,2,120.8,9,158,54.1,159,8,14,10,1,50,16,0.3,5.6
Xavier Woods,11946,S,TEN,11,310,0,31,0,10.2,80.0,98.5,14.8,11.8,0,0,0.0,62.9,0,16,0.0,0,0,130.4,4,66,21.3,67,1,5,5,1,29,9,0.5,7.3,0,1,2.8,91.7,95.6,16.5,15.2,0,1,8.3,60.9,1,27,15.8,3,1,71.5,11,194,62.6,203,3,15,12,0,114,76,0.6,10.4
Al-Quadin Muhammad,11951,ED,DET,17,21,0,11,0,14.0,0.0,7.6,,10.0,0,1,100.0,71.0,0,,100.0,2,0,39.6,0,13,61.9,170,1,0,1,0,0,0,0.0,,0,0,7.3,66.7,4.9,4.0,2.7,0,0,0.0,56.0,0,15,16.7,1,0,96.5,2,8,38.1,162,6,5,3,0,28,9,3.5,14.0
D.J. Jones,11953,DI,DEN,18,3,0,10,0,,,1.3,,,0,0,,59.8,0,,,0,0,0.0,0,1,33.3,78,0,0,0,0,0,0,0.0,,0,0,,,1.3,,,0,0,,48.9,0,,100.0,3,0,0.0,0,2,66.7,150,5,0,0,0,0,0,0.0,
Patrick O'Connor,12005,ED,DET,8,1,0,11,0,,,0.0,,,0,0,,,0,,,0,0,0.0,0,0,0.0,18,0,0,0,0,0,0,,,0,0,,,2.9,,,0,0,,60.0,0,,,0,0,0.0,0,1,100.0,35,0,0,0,0,0,0,0.0,
Michael Davis,12040,CB,NO,1,6,0,20,0,17.0,0.0,100.0,,3.0,0,0,0.0,75.6,0,,,0,0,39.6,0,3,50.0,3,0,0,1,0,0,0,0.0,,0,0,,,100.0,,,0,0,,60.0,0,,,0,0,0.0,0,1,16.7,1,0,0,0,0,0,0,0.0,
Adam Butler,12214,DI,LV,15,18,0,23,0,,,9.1,,,0,0,,59.4,0,,,0,0,0.0,0,5,27.8,55,0,0,0,0,0,0,0.0,,0,3,5.0,100.0,3.2,9.0,9.0,0,0,0.0,59.0,0,5,14.3,1,0,87.5,1,9,50.0,284,3,3,1,0,5,0,0.6,5.0
Arthur Maulet,12224,CB,DET,6,87,0,11,0,12.1,85.7,94.0,6.7,5.7,0,1,14.3,53.8,0,31,0.0,0,1,118.8,6,47,54.0,50,1,4,7,0,88,11,2.2,14.7,0,1,5.0,71.4,91.4,6.0,4.3,0,0,0.0,75.3,1,17,0.0,0,0,47.0,5,32,36.8,35,2,5,7,0,42,22,1.4,8.4
Sam Kamara,24176,DI,CLV,4,1,0,8,0,,,0.0,,,0,0,,,0,,100.0,1,0,0.0,0,0,0.0,17,0,0,0,0,0,0,,,0,0,,,4.5,,,0,0,,62.4,0,,,0,0,0.0,0,1,100.0,22,0,0,0,0,0,0,0.0,
Nathan Shepherd,24614,DI,NO,16,2,0,20,1,,,3.1,,,0,0,,61.3,0,,0.0,0,0,0.0,0,2,100.0,65,1,1,0,0,0,0,0.0,,0,1,,,0.0,,,0,0,,62.8,0,,0.0,0,0,0.0,0,0,0.0,267,4,1,0,0,0,0,,
Foyesade Oluokun,24904,LB,JAX,18,626,0,15,0,0.4,80.0,56.7,18.0,14.4,0,1,20.0,69.0,0,14,25.0,1,1,90.0,4,85,13.6,150,0,3,5,0,28,33,0.4,7.0,0,9,4.3,78.3,89.5,9.7,7.6,1,4,8.7,74.6,1,26,13.0,7,4,80.6,36,366,58.5,409,21,38,46,0,254,138,0.7,7.1
Anfernee Jennings,25449,ED,NE,17,4,0,19,0,,,0.0,,,0,0,,,0,,,0,0,0.0,0,0,0.0,48,1,0,0,0,0,0,,,0,1,16.0,0.0,2.2,,3.0,0,0,0.0,37.6,0,,50.0,1,0,39.6,0,3,75.0,134,3,0,1,0,0,0,0.0,
Clelin Ferrell,25955,ED,SF,11,4,0,28,0,,,3.1,,,0,0,,60.0,0,,100.0,1,0,0.0,0,1,25.0,32,1,0,0,0,0,0,0.0,,0,1,,,2.5,,,0,0,,62.1,0,,0.0,0,0,0.0,0,3,75.0,121,3,0,0,0,0,0,0.0,
Maxx Crosby,26316,ED,LV,15,10,0,23,0,,,1.2,,,0,0,,60.0,0,,,0,0,0.0,0,1,10.0,81,2,0,0,0,0,0,0.0,,0,3,-4.0,0.0,1.8,,7.0,0,0,0.0,67.1,1,,12.5,1,0,0.0,0,7,70.0,379,10,4,1,0,0,0,0.0,
Jeremiah Moon,26453,ED,PIT,1,4,0,25,0,-1.0,100.0,28.6,2.0,2.0,0,0,0.0,46.7,0,4,,0,0,122.9,1,2,50.0,7,0,0,1,1,4,5,2.0,4.0,0,0,,,66.7,,,0,0,,40.9,0,,100.0,1,0,0.0,0,2,50.0,3,0,0,0,0,0,0,0.0,
D.J. Reed,26940,CB,DET,11,375,0,11,1,14.2,65.4,100.0,7.6,5.0,0,0,0.0,48.8,1,37,0.0,0,0,100.3,17,140,37.3,140,3,10,26,1,293,74,2.3,17.2,0,0,10.8,64.3,100.0,10.3,6.6,1,6,21.4,71.5,1,36,8.7,2,3,68.6,18,198,52.8,198,6,21,28,0,187,50,1.0,10.4
Isaiah Rodgers,27069,CB,MIN,17,520,0,18,1,13.4,61.1,100.0,8.3,5.1,0,1,5.6,39.7,0,45,25.0,2,1,112.7,11,99,19.0,99,1,5,18,1,178,64,2.0,16.2,0,4,8.4,67.6,99.4,12.5,8.5,1,2,5.4,81.2,1,79,17.1,7,2,88.6,25,328,63.1,330,11,30,37,1,288,155,0.9,11.5
Bryce Huff,27128,ED,SF,17,12,0,28,0,,,8.5,,,0,0,,47.7,0,,100.0,1,0,0.0,0,8,66.7,94,0,0,0,0,0,0,0.0,,0,0,5.0,100.0,1.2,3.0,3.0,0,0,0.0,43.8,0,12,50.0,2,0,116.7,1,3,25.0,242,3,2,1,0,12,7,4.0,12.0
Montez Sweat,27271,ED,CHI,19,20,0,6,2,,,3.2,,,0,0,,65.3,0,,0.0,0,0,0.0,0,5,25.0,155,3,0,0,0,0,0,0.0,,0,1,10.0,75.0,3.2,3.7,2.8,0,0,0.0,39.4,0,13,37.5,3,0,99.0,3,11,55.0,347,10,4,4,0,33,10,3.0,11.0
Devin Bush,27375,LB,CLV,17,403,0,8,3,4.4,55.6,82.7,26.6,14.8,1,2,22.2,60.6,0,18,25.0,2,2,106.3,5,139,34.5,168,1,3,9,1,45,43,0.3,9.0,0,7,2.1,83.9,93.4,8.2,6.9,0,1,3.2,82.9,2,15,2.8,1,1,63.0,26,227,56.3,243,13,28,31,0,173,117,0.8,6.7
Joshua Uche,27379,ED,PHI,9,15,0,24,1,,,5.5,,,0,0,,79.0,0,,0.0,0,0,0.0,0,3,20.0,55,0,1,0,0,0,0,0.0,,0,0,2.0,50.0,13.6,8.0,4.0,0,0,0.0,61.9,0,5,0.0,0,0,56.3,1,8,53.3,59,0,1,2,0,5,1,0.6,5.0
D'Angelo Ross,27732,CB,CLV,2,30,0,8,0,19.5,50.0,100.0,4.0,2.0,0,1,50.0,86.6,0,21,,0,1,87.5,1,4,13.3,4,0,0,2,0,21,14,5.3,21.0,0,0,11.5,50.0,100.0,16.0,8.0,0,1,50.0,75.3,0,11,0.0,0,1,66.7,1,16,53.3,16,1,2,2,0,11,2,0.7,11.0
Khalil Dorsey,27819,CB,DET,5,11,0,11,0,,,100.0,,,0,0,,49.4,0,,,0,0,0.0,0,7,63.6,7,0,0,0,0,0,0,0.0,,0,0,,,100.0,,,0,0,,63.8,0,,,0,0,0.0,0,4,36.4,4,0,0,0,0,0,0,0.0,
DaVon Hamilton,28072,DI,JAX,18,8,0,15,0,,,5.7,,,0,0,,58.9,0,,,0,0,0.0,0,3,37.5,53,0,0,0,0,0,0,0.0,,0,0,,,3.2,,,0,0,,49.7,0,,33.3,1,0,0.0,0,5,62.5,155,1,2,0,0,0,0,0.0,
Dre'Mont Jones,28075,ED,BLT,18,24,0,3,1,,,3.7,,,0,0,,62.6,0,,50.0,1,0,0.0,0,5,20.8,136,0,0,0,0,0,0,0.0,,0,1,0.5,100.0,5.9,7.5,7.5,0,0,0.0,59.8,0,9,0.0,0,0,95.8,2,17,70.8,288,7,4,2,0,14,13,0.9,7.0
Malik Harrison,28081,LB,PIT,12,126,0,25,0,,,90.2,,,0,0,,61.4,0,,,0,0,0.0,0,37,29.4,41,0,0,0,0,0,0,0.0,,0,0,6.8,100.0,84.7,6.4,6.4,0,0,0.0,41.6,0,18,23.1,3,0,109.1,11,72,57.1,85,3,10,11,0,112,37,1.6,10.2
Jerome Baker,28091,LB,CLV,17,88,0,8,0,8.5,100.0,71.0,10.5,10.5,0,0,0.0,52.7,0,19,0.0,0,0,118.8,2,22,25.0,31,0,3,2,0,36,19,1.7,18.0,0,1,0.8,80.0,92.4,15.0,12.0,0,0,0.0,81.5,0,11,0.0,0,0,85.0,4,61,69.3,66,5,6,5,0,22,21,0.4,5.5
Neville Gallimore,28094,DI,IND,17,1,0,14,0,-1.0,100.0,2.0,1.0,1.0,0,0,0.0,58.9,0,3,50.0,1,0,79.2,1,1,100.0,49,0,1,1,0,3,4,3.0,3.0,0,1,,,0.0,,,0,0,,60.1,0,,0.0,0,0,0.0,0,0,0.0,165,3,2,0,0,0,0,,
Tremon Smith,28196,CB,HST,10,120,0,13,0,10.3,75.0,100.0,11.0,8.3,0,0,0.0,46.8,0,16,0.0,0,0,107.3,3,36,30.0,36,0,4,4,0,41,3,1.2,13.7,0,2,20.1,62.5,100.0,11.8,7.4,0,1,12.5,53.3,0,66,12.5,1,1,145.8,5,63,52.5,63,2,5,8,1,140,41,2.4,28.0
Troy Dye,28251,LB,LAC,17,248,0,27,0,,,71.9,,,0,1,,77.7,0,,100.0,1,1,0.0,0,41,16.5,57,0,0,0,0,0,0,0.0,,0,0,4.4,78.3,89.6,8.4,6.6,0,2,8.7,40.6,0,28,26.9,7,2,99.5,18,163,65.7,182,5,19,23,0,181,112,1.2,10.1
Brenden Schooler,28253,S,NE,5,27,0,19,0,,,80.0,,,0,0,,61.7,0,,,0,0,0.0,0,8,29.6,10,0,0,0,0,0,0,0.0,,0,0,11.5,50.0,100.0,18.0,9.0,0,0,0.0,61.8,0,3,0.0,0,0,56.3,1,18,66.7,18,1,2,2,0,3,0,0.2,3.0
DeShon Elliott,28854,S,PIT,5,184,0,25,3,6.4,42.9,88.6,21.3,9.1,0,0,0.0,62.1,0,59,14.3,1,0,126.8,3,70,38.0,79,2,3,7,1,83,64,1.3,27.7,0,2,5.7,90.9,96.1,9.2,8.4,0,1,9.1,58.3,1,22,6.7,1,1,62.9,10,98,53.3,102,1,12,11,0,90,49,1.0,9.0
Jack Jones,29050,CB,MIA,17,572,0,17,0,12.0,75.0,99.2,8.3,6.2,0,0,0.0,30.1,0,35,0.0,0,0,135.0,15,132,23.1,133,2,8,20,6,148,33,1.2,9.9,0,7,10.1,56.3,99.5,19.8,11.1,0,6,18.8,68.3,1,25,15.9,7,1,56.5,18,375,65.6,377,10,30,32,0,158,112,0.4,8.8
Germaine Pratt,29407,LB,IND,16,457,0,14,1,6.0,28.6,61.8,29.5,8.4,0,0,0.0,56.5,0,2,12.5,1,0,79.2,2,63,13.8,102,3,6,7,1,4,11,0.1,2.0,0,7,7.0,67.3,93.4,9.4,6.3,1,6,12.2,59.1,1,30,6.8,3,5,92.1,33,325,71.1,348,6,34,49,2,339,142,1.1,10.3
Chris Board,29456,LB,NYG,1,5,0,21,0,,,0.0,,,0,0,,,0,,,0,0,0.0,0,0,0.0,1,0,0,0,0,0,0,,,0,0,1.0,100.0,100.0,5.0,5.0,0,0,0.0,78.4,0,3,0.0,0,0,79.2,1,5,100.0,5,1,1,1,0,3,2,0.6,3.0
Logan Wilson,29623,LB,DAL,15,332,0,9,1,6.0,85.7,86.6,11.2,9.6,0,1,14.3,59.7,0,22,20.0,1,1,145.5,6,71,21.4,82,1,3,7,1,66,46,1.0,11.0,0,4,4.4,71.9,97.5,8.2,5.9,0,1,3.1,42.2,0,20,7.1,2,1,101.6,23,197,59.3,202,4,22,32,1,224,166,1.2,9.7
Andrew Van Ginkel,30267,ED,MIN,12,135,0,18,0,,,28.8,,,0,0,,65.9,0,,,0,0,0.0,0,15,11.1,52,0,0,0,0,0,0,0.0,,0,2,4.7,72.2,44.4,6.5,4.7,0,3,16.7,81.7,1,23,18.2,4,3,66.9,13,91,67.4,205,12,16,18,0,120,96,1.4,9.2
T.J. Edwards,30737,LB,CHI,11,306,0,6,0,3.0,100.0,65.1,12.5,12.5,0,0,0.0,46.9,0,21,0.0,0,0,158.3,4,56,18.3,86,0,1,4,1,57,45,1.1,14.3,0,5,5.9,80.0,97.8,8.9,7.1,1,3,10.0,69.0,1,42,11.1,3,3,111.1,24,223,72.9,228,11,19,30,2,260,111,1.2,10.8
Dane Jackson,32989,CB,BUF,2,2,0,4,0,26.0,100.0,100.0,1.0,1.0,0,0,0.0,60.0,0,26,,0,0,158.3,1,1,50.0,1,0,0,1,1,26,0,26.0,26.0,0,0,,,100.0,,,0,0,,60.0,0,,,0,0,0.0,0,1,50.0,1,0,0,0,0,0,0,0.0,
Mike Hughes,34057,CB,ATL,12,406,0,2,0,13.8,50.0,100.0,14.5,7.3,0,1,8.3,53.3,0,24,0.0,0,1,91.7,6,93,22.9,93,1,5,12,1,58,5,0.7,9.7,0,3,13.5,56.0,100.0,9.4,5.2,0,2,4.0,59.4,1,52,6.3,2,2,83.0,28,276,68.0,276,10,27,50,2,351,75,1.3,12.5
Kendall Sheffield,34105,CB,MIA,2,16,0,17,0,,,100.0,,,0,0,,66.2,0,,,0,0,0.0,0,7,43.8,7,0,0,0,0,0,0,0.0,,0,0,3.0,100.0,100.0,8.0,8.0,0,0,0.0,76.3,0,6,0.0,0,0,91.7,1,8,50.0,8,1,1,1,0,6,3,0.8,6.0
Darnell Savage,34247,S,BUF,13,171,0,4,0,0.5,100.0,94.6,7.8,7.8,0,0,0.0,56.8,0,11,0.0,0,0,125.0,4,35,20.5,37,2,3,4,1,18,16,0.6,4.5,0,2,13.2,57.1,99.1,12.9,7.4,0,2,14.3,47.3,0,24,16.7,2,2,76.5,8,108,63.2,109,0,8,14,0,90,34,0.9,11.3
Zayne Anderson,34622,S,GB,3,13,0,12,0,28.0,0.0,100.0,,4.0,0,0,0.0,35.8,0,,,0,0,39.6,0,4,30.8,4,0,0,1,0,0,0,0.0,,0,0,-2.0,100.0,100.0,6.0,6.0,0,0,0.0,62.2,0,4,,0,0,83.3,1,6,46.2,6,0,0,1,0,4,6,0.7,4.0
Zack Baun,34632,LB,PHI,17,589,0,24,3,2.3,50.0,75.1,44.0,22.0,0,1,16.7,66.3,0,11,10.0,1,0,100.0,3,139,23.6,185,1,6,6,1,24,22,0.2,8.0,0,2,4.7,62.1,87.8,14.2,8.8,0,2,6.9,89.3,2,20,13.8,4,2,42.9,18,266,45.2,303,11,23,29,0,124,64,0.5,6.9
Akeem Davis-Gaither,34788,LB,ARZ,17,390,0,1,1,2.7,83.3,84.9,11.2,9.3,0,0,0.0,55.8,1,16,20.0,1,0,110.4,5,62,15.9,73,1,3,6,3,63,57,1.1,12.6,0,6,5.4,79.2,91.2,5.9,4.6,0,2,3.8,29.1,0,30,15.4,6,1,114.4,42,259,66.4,284,8,27,53,2,447,241,1.8,10.6
Jamel Dean,34918,CB,TB,14,443,0,30,0,14.1,25.0,100.0,16.0,4.0,0,2,8.3,41.6,0,22,0.0,0,0,53.5,6,106,23.9,106,0,6,24,1,59,12,0.6,9.8,0,4,13.2,67.9,99.3,15.1,10.2,0,2,7.1,84.3,3,56,7.1,2,0,56.5,19,295,66.6,297,7,22,28,0,252,93,0.9,13.3
Josh Butler,35097,CB,DAL,1,12,0,9,0,,,83.3,,,0,0,,48.7,0,,,0,0,0.0,0,5,41.7,6,0,0,0,0,0,0,0.0,,0,0,5.0,100.0,100.0,6.0,6.0,0,0,0.0,56.2,0,6,0.0,0,0,91.7,1,7,58.3,7,0,3,1,0,6,1,1.0,6.0
Trevis Gipson,35241,ED,CAR,14,8,0,5,0,,,4.8,,,0,0,,60.0,0,,,0,0,0.0,0,1,12.5,21,0,0,0,0,0,0,0.0,,0,2,3.0,0.0,6.4,,5.0,0,0,0.0,68.3,0,,0.0,0,0,39.6,0,5,62.5,78,1,0,1,0,0,0,0.0,
Blake Cashman,35413,LB,MIN,13,295,0,18,1,3.0,0.0,41.3,,29.0,0,0,0.0,64.3,0,,0.0,0,0,39.6,0,31,10.5,75,1,3,1,0,0,0,0.0,,0,14,5.4,78.6,75.9,9.0,7.0,0,1,3.6,42.2,0,30,5.1,2,1,106.4,22,208,70.5,274,5,23,28,0,267,177,1.4,12.1
Darrell Taylor,36001,ED,HST,4,1,0,13,0,,,20.0,,,0,0,,60.0,0,,,0,0,0.0,0,1,100.0,5,0,0,0,0,0,0,0.0,,0,0,,,0.0,,,0,0,,,0,,,0,0,0.0,0,0,0.0,15,0,0,0,0,0,0,,
Quinton Bell,37468,ED,MIA,5,18,0,17,0,,,6.7,,,0,0,,60.0,0,,,0,0,0.0,0,1,5.6,15,0,0,0,0,0,0,0.0,,0,0,2.5,50.0,32.6,15.0,7.5,0,0,0.0,74.4,0,2,50.0,1,0,56.3,1,15,83.3,46,1,1,2,0,2,3,0.1,2.0
Troy Reeder,38268,LB,LA,6,48,0,26,0,,,87.5,,,0,0,,65.3,0,,,0,0,0.0,0,7,14.6,8,0,0,0,0,0,0,0.0,,0,0,4.3,50.0,100.0,9.0,4.5,0,1,16.7,72.8,0,12,0.0,0,1,61.8,3,28,58.3,28,2,3,6,0,26,22,1.0,8.7
Camryn Bynum,38408,S,IND,17,675,0,14,2,7.8,66.7,91.3,29.3,19.6,0,1,11.1,60.9,1,32,0.0,0,0,56.0,6,189,28.0,207,1,9,9,0,82,44,0.5,13.7,0,1,6.6,77.8,98.7,25.3,19.7,0,3,16.7,72.9,3,23,6.5,2,3,58.3,14,371,55.0,376,5,28,18,0,135,73,0.4,9.6
Cameron Goode,38410,ED,MIA,8,12,0,17,0,,,10.0,,,0,0,,60.0,0,,,0,0,0.0,0,1,8.3,10,0,0,0,0,0,0,0.0,,0,0,,,20.0,,,0,0,,66.0,0,,0.0,0,0,0.0,0,9,75.0,45,0,2,0,0,0,0,0.0,
Eric Wilson,38587,LB,MIN,17,301,0,18,0,3.0,83.3,46.4,7.0,5.8,0,0,0.0,39.4,0,17,25.0,1,0,131.3,5,39,13.0,84,3,3,6,1,36,28,1.0,7.2,0,3,5.1,72.2,63.9,7.3,5.3,0,0,0.0,42.5,0,27,22.2,6,0,90.2,26,200,66.4,313,11,18,36,0,241,100,1.3,9.3
Joe Giles-Harris,39382,LB,CIN,4,22,0,7,0,-4.0,100.0,100.0,5.0,5.0,0,0,0.0,47.4,0,9,0.0,0,0,104.2,1,5,22.7,5,0,1,1,0,9,13,1.8,9.0,0,0,6.0,33.3,100.0,11.0,3.7,1,1,33.3,90.4,0,5,0.0,0,1,42.4,1,11,50.0,11,1,1,3,0,5,0,0.5,5.0
L'Jarius Sneed,40588,CB,TEN,7,203,0,31,0,10.4,44.4,100.0,9.0,4.0,0,3,33.3,45.2,0,26,0.0,0,1,110.0,4,42,20.7,42,0,2,9,1,73,19,2.0,18.3,0,0,21.9,66.7,100.0,20.3,13.6,0,0,0.0,50.8,0,40,25.0,3,0,146.8,6,129,63.5,129,0,9,9,1,146,30,1.2,24.3
Alohi Gilman,41662,S,BLT,17,673,0,3,1,8.1,70.0,97.7,22.9,16.0,0,3,30.0,60.4,0,28,21.4,3,0,137.9,7,172,25.6,176,2,10,10,1,106,55,0.7,15.1,0,3,6.7,73.1,98.2,19.5,14.3,1,4,15.4,67.3,0,52,17.6,6,4,122.1,19,392,58.2,399,3,25,26,1,289,168,0.8,15.2
Trevon Diggs,41817,CB,GB,10,284,0,12,0,14.2,83.3,100.0,8.6,7.2,0,0,0.0,38.8,0,35,0.0,0,0,158.3,5,47,16.5,47,1,4,6,1,106,37,2.5,21.2,0,1,15.4,69.2,100.0,20.9,14.5,0,0,0.0,70.1,0,34,0.0,0,0,151.4,9,200,70.4,200,7,12,13,2,170,41,0.9,18.9
Divine Deablo,42208,LB,ATL,13,430,0,2,0,7.0,50.0,77.4,38.0,19.0,0,2,50.0,78.1,0,6,0.0,0,2,56.3,2,82,19.1,106,0,2,4,0,12,14,0.2,6.0,0,3,3.6,70.8,92.2,16.3,11.5,0,4,16.7,76.3,0,21,14.3,3,4,85.8,17,295,68.6,320,6,15,24,0,142,93,0.5,8.4
Amen Ogbongbemiga,42449,LB,CHI,4,31,0,6,0,,,14.3,,,0,0,,60.0,0,,,0,0,0.0,0,1,3.2,7,0,0,0,0,0,0,0.0,,0,1,8.0,80.0,90.6,6.5,5.2,0,1,20.0,44.2,0,13,16.7,1,1,92.5,4,29,93.5,32,1,4,5,0,31,17,1.2,7.8
K'Von Wallace,42467,S,HST,2,74,0,13,0,6.5,50.0,100.0,17.0,8.5,0,0,0.0,74.4,0,9,50.0,1,0,62.5,1,19,25.7,19,1,1,2,0,9,4,0.5,9.0,0,0,17.0,66.7,95.2,19.0,12.7,1,0,0.0,60.5,0,5,0.0,0,0,70.1,2,40,54.1,42,3,3,3,0,8,0,0.2,4.0
Antoine Winfield Jr.,42475,S,TB,17,620,0,30,2,4.2,83.3,86.7,25.0,20.8,0,1,16.7,68.2,1,26,0.0,0,1,93.1,5,137,22.1,158,1,8,6,2,38,30,0.3,7.6,0,4,12.1,66.7,90.5,22.3,14.9,0,4,14.8,67.8,1,53,2.3,1,4,83.9,18,417,67.3,461,10,39,27,0,270,65,0.7,15.0
Tomon Fox,42486,ED,NYG,8,2,0,21,0,,,0.0,,,0,0,,60.0,0,,,0,0,0.0,0,0,0.0,12,0,0,0,0,0,0,,,0,1,,,10.5,,,0,0,,61.9,0,,0.0,0,0,0.0,0,2,100.0,19,0,0,0,0,0,0,0.0,
Daniel Thomas,42544,S,DET,6,63,0,11,0,26.0,100.0,92.3,12.0,12.0,0,0,0.0,53.7,0,26,,0,0,158.3,1,12,19.0,13,0,0,1,1,26,0,2.2,26.0,0,0,7.7,66.7,100.0,18.5,12.3,0,1,33.3,67.6,0,10,0.0,0,1,70.1,2,39,61.9,39,1,5,3,0,6,5,0.2,3.0
Krys Barnes,42548,LB,CAR,3,62,0,5,0,,,75.0,,,0,0,,63.8,0,,,0,0,0.0,0,6,9.7,8,0,0,0,0,0,0,0.0,,0,1,5.6,71.4,84.8,7.8,5.6,0,0,0.0,29.7,0,19,0.0,0,0,97.9,5,39,62.9,46,1,6,7,0,61,59,1.6,12.2
Justin Strnad,42659,LB,DEN,17,328,0,10,0,2.7,71.4,65.4,14.6,10.4,0,1,14.3,56.9,1,24,50.0,1,1,60.1,5,83,25.3,127,4,1,7,0,64,52,0.9,12.8,0,7,4.1,93.3,83.8,12.9,12.1,0,0,0.0,69.5,0,47,7.1,1,0,117.8,14,196,59.8,234,5,6,15,0,184,125,1.0,13.1
Chauncey Golston,42718,ED,NYG,9,9,0,21,0,,,5.3,,,0,0,,60.0,0,,,0,0,0.0,0,1,11.1,19,0,0,0,0,0,0,0.0,,0,0,,,11.0,,,0,0,,55.7,0,,,0,0,0.0,0,8,88.9,73,0,0,0,0,0,0,0.0,
Nick Bosa,42741,ED,SF,3,1,0,28,1,,,5.3,,,0,0,,68.2,0,,0.0,0,0,0.0,0,1,100.0,19,0,0,0,0,0,0,0.0,,0,0,,,0.0,,,0,0,,61.2,0,,0.0,0,0,0.0,0,0,0.0,39,1,1,0,0,0,0,,
Osa Odighizuwa,42754,DI,DAL,17,6,0,9,0,,,2.1,,,0,0,,59.9,0,,,0,0,0.0,0,2,33.3,95,1,0,0,0,0,0,0.0,,0,1,,,1.4,,,0,0,,59.7,0,,0.0,0,0,0.0,0,4,66.7,294,2,0,0,0,0,0,0.0,
Chase Lucas,42833,CB,SF,6,76,0,28,1,5.0,50.0,92.3,9.5,4.8,1,1,25.0,44.2,0,16,66.7,2,1,75.0,2,24,31.6,26,0,0,4,0,30,21,1.6,15.0,0,0,1.0,100.0,91.2,10.3,10.3,0,0,0.0,59.2,0,11,50.0,1,0,93.1,3,31,40.8,34,1,1,3,0,19,16,0.6,6.3
Curtis Robinson,42871,LB,SF,8,150,0,28,0,,,46.2,,,0,0,,45.8,0,,0.0,0,0,0.0,0,12,8.0,26,1,1,0,0,0,0,0.0,,0,5,2.3,86.7,96.6,8.1,7.0,0,1,6.7,67.1,0,17,13.6,3,1,92.2,13,113,75.3,117,5,14,15,0,92,63,0.9,7.1
Kristian Fulton,42894,CB,KC,8,126,0,16,0,10.0,66.7,100.0,7.3,4.8,0,1,16.7,59.6,0,15,0.0,0,1,87.5,4,29,23.0,29,2,3,6,0,43,10,1.5,10.8,0,0,15.1,37.5,100.0,23.3,8.8,0,3,37.5,62.4,0,35,0.0,0,2,79.2,3,72,57.1,72,0,4,8,0,88,14,1.3,29.3
Rashan Gary,42905,ED,GB,17,11,0,12,0,,,4.6,,,0,0,,64.4,0,,100.0,1,0,0.0,0,4,36.4,87,2,0,0,0,0,0,0.0,,0,0,1.0,100.0,2.2,5.0,5.0,0,0,0.0,62.4,0,5,50.0,2,0,87.5,1,6,54.5,278,4,2,1,0,5,4,1.0,5.0
Khalid Kareem,42993,ED,ATL,4,2,0,2,0,,,0.0,,,0,0,,,0,,100.0,1,0,0.0,0,0,0.0,3,0,0,0,0,0,0,,,0,0,,,3.7,,,0,0,,60.0,0,,,0,0,0.0,0,1,50.0,27,0,0,0,0,0,0,0.0,
Jonathon Cooper,43021,ED,DEN,19,73,0,10,0,-2.2,60.0,11.2,5.7,3.4,0,0,0.0,35.6,0,13,40.0,2,0,79.6,3,18,24.7,161,3,3,5,0,33,36,1.9,11.0,0,0,1.8,75.0,17.8,14.7,11.0,0,1,25.0,64.9,0,11,33.3,2,0,88.5,3,48,65.8,270,5,4,4,0,23,17,0.5,7.7
Charvarius Ward,43034,CB,IND,7,289,0,14,0,16.6,28.6,100.0,21.3,6.1,1,3,21.4,69.8,0,31,25.0,1,3,57.1,4,94,32.5,94,1,3,14,0,101,38,1.2,25.3,0,0,10.9,70.0,99.4,10.4,7.3,0,5,25.0,82.5,0,39,14.3,2,4,95.0,14,154,53.3,155,3,12,20,0,166,66,1.1,11.9
Brandon Jones,43049,S,DEN,14,562,0,10,2,8.2,55.6,93.6,31.4,17.4,0,2,22.2,72.3,0,10,0.0,0,1,61.8,5,176,31.3,188,2,7,9,0,29,4,0.2,5.8,0,8,13.3,65.0,94.8,21.1,13.7,0,2,10.0,55.6,1,44,12.1,4,2,92.3,13,293,52.1,309,3,21,20,1,193,58,0.7,14.8
Devin White,43089,LB,LV,17,554,0,23,0,0.2,40.0,49.5,22.5,9.0,0,0,0.0,34.0,0,12,0.0,0,0,54.6,2,51,9.2,103,2,1,5,0,23,26,0.5,11.5,0,11,4.9,80.5,94.8,6.1,4.9,0,2,2.4,30.5,0,39,11.0,8,2,95.5,66,422,76.2,445,23,54,82,0,567,315,1.4,8.6
Jeremy Chinn,43179,S,LV,15,528,0,23,1,5.8,77.8,83.9,9.1,7.1,0,1,11.1,33.2,0,43,14.3,1,0,141.0,7,73,13.8,87,1,5,9,3,75,44,1.2,10.7,0,9,5.2,74.3,96.5,14.1,10.5,0,2,5.7,78.2,0,32,10.6,5,2,120.2,26,384,72.7,398,9,33,35,3,232,130,0.6,8.9
Mack Wilson Sr.,43190,LB,ARZ,8,312,0,1,1,-1.6,80.0,88.5,12.3,9.8,0,1,20.0,83.9,0,9,0.0,0,1,79.2,4,54,17.3,61,2,6,5,0,12,19,0.2,3.0,0,2,6.5,74.2,90.1,9.0,6.7,1,0,0.0,44.7,1,26,22.7,5,0,81.8,23,218,69.9,242,4,15,31,0,233,115,1.1,10.1
Joe Bachie,43250,LB,TEN,5,79,0,31,0,,,56.3,,,0,0,,78.7,0,,,0,0,0.0,0,9,11.4,16,0,0,0,0,0,0,0.0,,0,2,5.4,100.0,95.3,3.5,3.5,0,0,0.0,37.7,0,29,7.7,1,0,107.4,17,61,77.2,64,6,10,17,0,166,75,2.8,9.8
Damar Hamlin,43291,S,BUF,1,9,0,4,0,,,100.0,,,0,0,,60.7,0,,,0,0,0.0,0,2,22.2,2,0,0,0,0,0,0,0.0,,0,0,23.0,0.0,87.5,,7.0,0,0,0.0,46.0,0,,,0,0,39.6,0,7,77.8,8,0,0,1,0,0,0,0.0,
Myles Bryant,43336,S,HST,9,237,0,13,2,5.8,80.0,98.8,17.8,14.2,0,0,0.0,56.3,0,12,16.7,1,0,127.1,4,79,33.3,80,1,3,5,1,25,8,0.4,6.3,0,3,4.8,69.2,97.5,12.0,8.3,0,1,7.7,69.3,0,20,7.1,1,0,79.6,9,115,48.5,118,5,10,13,0,62,34,0.6,6.9
Josh Metellus,43395,S,MIN,14,448,0,18,0,8.2,50.0,93.1,25.3,12.7,0,1,16.7,72.5,0,37,0.0,0,1,112.5,3,81,18.1,87,1,2,6,1,42,14,0.6,14.0,0,6,9.6,69.0,94.6,13.4,9.2,0,2,6.9,46.8,1,40,3.4,1,2,93.3,20,278,62.1,294,8,22,29,1,255,102,1.0,12.8
Alex Highsmith,43507,ED,PIT,14,73,0,25,0,,,6.7,,,0,0,,65.2,0,,,0,0,0.0,0,10,13.7,149,4,0,0,0,0,0,0.0,,0,1,4.5,66.7,24.7,6.9,4.6,0,2,16.7,58.2,0,26,40.0,4,2,78.5,8,57,78.1,231,8,5,12,0,60,27,1.1,7.5
Darrell Baker Jr.,43542,CB,TEN,14,443,0,31,2,15.6,64.3,100.0,8.4,5.4,0,4,28.6,46.7,0,60,0.0,0,3,145.2,9,78,17.6,78,1,5,14,2,168,62,2.2,18.7,0,0,13.0,81.3,100.0,10.5,8.5,1,3,9.4,55.9,0,60,13.8,4,1,128.3,26,291,65.7,291,7,25,32,1,393,121,1.4,15.1
Sam Franklin Jr.,43580,S,BUF,2,3,0,4,0,,,,,,0,0,,,0,,,0,0,0.0,0,0,0.0,0,0,0,0,0,0,0,,,0,0,,,100.0,,,0,0,,64.3,0,,,0,0,0.0,0,3,100.0,3,0,0,0,0,0,0,0.0,
Jake Hansen,43645,LB,HST,2,3,0,13,0,,,,,,0,0,,,0,,,0,0,0.0,0,0,0.0,0,0,0,0,0,0,0,,,0,0,,,100.0,,,0,0,,60.0,0,,,0,0,0.0,0,1,33.3,1,0,0,0,0,0,0,0.0,
Jeffery Simmons,43742,DI,TEN,15,6,0,31,0,,,5.7,,,0,0,,60.6,0,,50.0,1,0,0.0,0,5,83.3,87,4,1,0,0,0,0,0.0,,0,0,,,0.0,,,0,0,,72.1,0,,37.5,3,0,0.0,0,0,0.0,307,11,5,0,0,0,0,,
Derrick Brown,43883,DI,CAR,18,4,0,5,0,,,1.3,,,0,0,,60.3,0,,,0,0,0.0,0,1,25.0,79,0,0,0,0,0,0,0.0,,0,1,,,0.0,,,1,0,,65.7,0,,0.0,0,0,0.0,0,0,0.0,313,8,4,0,0,0,0,,
Pat Jones II,43974,ED,CAR,4,9,0,5,0,,,0.0,,,0,0,,,0,,,0,0,0.0,0,0,0.0,17,0,0,0,0,0,0,,,0,0,7.0,100.0,7.8,4.0,4.0,0,0,0.0,46.1,0,12,0.0,0,0,116.7,1,5,55.6,64,1,1,1,0,12,5,3.0,12.0
Byron Murphy Jr.,44027,CB,MIN,17,534,0,18,1,8.8,61.1,100.0,8.6,5.3,0,3,16.7,35.7,0,26,9.1,1,2,116.7,11,103,19.3,103,1,9,18,2,115,32,1.2,10.5,0,1,8.4,74.2,96.5,13.9,10.3,0,2,6.5,74.7,2,25,11.1,3,2,66.1,23,335,62.7,347,11,23,31,0,216,99,0.7,9.4
Benito Jones,44035,DI,MIA,14,2,0,17,0,,,0.0,,,0,0,,,0,,,0,0,0.0,0,0,0.0,16,0,0,0,0,0,0,,,0,0,,,1.3,,,0,0,,59.5,0,,,0,0,0.0,0,1,50.0,78,1,0,0,0,0,0,0.0,
Nnamdi Madubuike,44304,DI,BLT,2,2,0,3,0,,,6.5,,,0,0,,60.2,0,,,0,0,0.0,0,2,100.0,31,1,0,0,0,0,0,0.0,,0,0,,,0.0,,,0,0,,,0,,,0,0,0.0,0,0,0.0,34,1,0,0,0,0,0,,
Naquan Jones,44363,DI,HST,13,2,0,13,0,,,0.0,,,0,0,,,0,,,0,0,0.0,0,0,0.0,15,0,0,0,0,0,0,,,0,0,,,1.3,,,0,0,,62.3,0,,0.0,0,0,0.0,0,1,50.0,79,4,4,0,0,0,0,0.0,
Kyzir White,44485,LB,TEN,1,6,0,31,0,,,,,,0,0,,,0,,,0,0,0.0,0,0,0.0,0,0,0,0,0,0,0,,,0,0,5.0,0.0,80.0,,4.0,0,0,0.0,63.3,0,,,0,0,39.6,0,4,66.7,5,0,0,1,0,0,0,0.0,
Brian Burns,44522,ED,NYG,17,79,0,21,1,4.0,100.0,3.7,8.0,8.0,0,0,0.0,54.6,0,36,40.0,2,0,118.8,1,8,10.1,215,10,2,1,0,36,32,4.5,36.0,0,2,2.4,100.0,23.1,6.0,6.0,0,0,0.0,87.1,0,16,5.9,1,0,98.8,10,67,84.8,290,15,14,10,0,77,53,1.3,7.7
D.J. Wonnum,44550,ED,CAR,17,58,0,5,0,-7.0,100.0,2.7,2.0,2.0,0,0,0.0,60.8,0,19,,0,0,118.8,1,2,3.4,75,0,0,1,0,19,26,9.5,19.0,0,2,5.4,20.0,13.9,40.0,8.0,1,1,20.0,54.5,0,10,42.9,3,1,39.6,1,41,70.7,295,3,2,5,0,10,3,0.3,10.0
Leki Fotu,44614,DI,HST,10,1,0,13,0,,,0.0,,,0,0,,,0,,,0,0,0.0,0,0,0.0,14,1,0,0,0,0,0,,,0,0,,,1.6,,,0,0,,60.0,0,,,0,0,0.0,0,1,100.0,61,0,0,0,0,0,0,0.0,
Terrell Burgess,45255,S,NO,15,58,0,20,0,,,100.0,,,1,0,,64.2,0,,,0,0,0.0,0,19,32.8,19,0,0,0,0,0,0,0.0,,0,1,23.8,50.0,96.7,13.5,6.8,0,3,75.0,75.9,0,29,16.7,1,3,85.4,2,29,50.0,30,1,4,4,0,40,9,1.5,20.0
Jordan Fuller,45326,S,ATL,4,7,0,2,0,,,100.0,,,0,0,,60.0,0,,,0,0,0.0,0,1,14.3,1,0,0,0,0,0,0,0.0,,0,0,,,100.0,,,0,0,,50.7,0,,50.0,1,0,0.0,0,5,71.4,5,0,1,0,0,0,0,0.0,
Brandon Stephens,45644,CB,NYJ,16,583,0,22,0,10.2,59.4,99.5,9.3,5.5,0,4,12.5,35.9,0,39,25.0,3,3,118.2,19,193,33.1,194,1,9,32,6,208,64,1.2,10.9,0,4,10.3,76.5,99.4,12.6,9.6,1,4,11.8,80.7,0,46,3.2,1,3,109.2,26,347,59.5,349,10,26,34,1,274,98,0.8,10.5
Da'Shawn Hand,48386,DI,LAC,14,6,0,27,0,5.0,0.0,6.7,,4.0,0,0,0.0,57.4,1,,,0,0,0.0,0,4,66.7,60,0,0,1,0,0,0,0.0,,0,0,,,1.1,,,0,0,,63.1,0,,50.0,1,0,0.0,0,2,33.3,187,2,1,0,0,0,0,0.0,
Jalyn Holmes,48400,DI,WAS,10,1,0,32,0,,,0.0,,,0,0,,,0,,,0,0,0.0,0,0,0.0,23,0,0,0,0,0,0,,,0,1,,,1.2,,,0,0,,57.3,0,,0.0,0,0,0.0,0,1,100.0,82,0,0,0,0,0,0,0.0,
Kentavius Street,48404,DI,ATL,7,1,0,2,0,,,0.0,,,0,0,,61.3,0,,,0,0,0.0,0,0,0.0,16,1,0,0,0,0,0,,,0,0,,,1.3,,,0,0,,59.7,0,,,0,0,0.0,0,1,100.0,75,1,0,0,0,0,0,0.0,
Anthony Nelson,48405,ED,TB,15,58,0,30,0,19.0,100.0,14.8,9.0,9.0,0,0,0.0,53.0,1,25,100.0,1,0,118.8,1,9,15.5,61,1,0,1,1,25,6,2.8,25.0,0,3,2.0,88.9,26.9,5.4,4.8,0,0,0.0,61.1,0,26,16.7,2,0,104.2,8,45,77.6,167,2,7,9,0,81,67,1.9,10.1
Jonathan Greenard,48407,ED,MIN,12,65,0,18,0,,,16.7,,,0,0,,76.8,0,,50.0,2,0,0.0,0,12,18.5,72,1,2,0,0,0,0,0.0,,0,1,-1.1,85.7,22.7,7.2,6.1,0,0,0.0,46.3,0,11,40.0,2,0,89.3,6,45,69.2,198,4,2,7,0,38,49,0.9,6.3
Mike Danna,48415,ED,KC,15,13,0,16,0,-2.0,100.0,4.1,2.0,2.0,0,0,0.0,63.7,0,3,0.0,0,0,79.2,1,2,15.4,49,1,1,1,0,3,5,1.5,3.0,0,1,2.0,100.0,7.9,5.0,5.0,0,0,0.0,57.0,1,15,0.0,0,0,75.0,2,10,76.9,126,1,1,2,0,23,19,2.3,11.5
Tyquan Lewis,48475,ED,IND,13,15,0,14,0,,,0.0,,,0,0,,,0,,,0,0,0.0,0,0,0.0,74,1,0,0,0,0,0,,,0,1,-3.5,100.0,11.8,6.0,6.0,0,0,0.0,53.9,0,10,66.7,2,0,95.8,2,14,93.3,119,0,0,2,0,14,21,1.2,7.0
Carl Granderson,48500,ED,NO,17,102,0,20,0,,,5.2,,,0,0,,92.3,1,,33.3,1,0,0.0,0,4,3.9,77,4,2,0,0,0,0,0.0,,0,1,3.3,91.7,27.0,6.8,6.3,0,0,0.0,47.1,0,32,25.0,3,0,136.1,11,79,77.5,293,9,8,12,1,120,91,1.6,10.9
Bradley Chubb,48526,ED,MIA,17,65,0,17,0,,,14.4,,,0,0,,68.6,0,,50.0,1,0,0.0,0,16,24.6,111,2,1,0,0,0,0,0.0,,0,1,9.7,100.0,16.5,4.3,4.3,0,0,0.0,28.7,0,34,63.6,7,0,118.8,10,47,72.3,285,6,3,10,0,172,75,4.0,17.2
Dorance Armstrong,48557,ED,WAS,7,4,0,32,0,,,0.0,,,0,0,,,0,,,0,0,0.0,0,0,0.0,38,3,0,0,0,0,0,,,0,0,2.0,100.0,4.8,2.0,2.0,0,0,0.0,49.2,0,9,0.0,0,0,95.8,2,4,100.0,83,5,3,2,0,14,10,3.5,7.0
Harold Landry III,48600,ED,NE,17,47,0,19,2,,,8.8,,,0,0,,69.1,0,,0.0,0,0,0.0,0,14,29.8,160,6,1,0,0,0,0,0.0,,0,2,3.7,66.7,9.6,13.5,9.0,0,0,0.0,83.0,0,9,12.5,2,0,78.5,2,27,57.4,280,11,12,3,0,15,3,0.6,7.5
Roy Lopez,48676,DI,DET,17,1,0,11,0,,,0.0,,,0,0,,,0,,,0,0,0.0,0,0,0.0,74,1,0,0,0,0,0,,,0,0,,,0.7,,,0,0,,64.2,0,,50.0,1,0,0.0,0,1,100.0,148,1,1,0,0,0,0,0.0,
Daron Payne,48698,DI,WAS,15,2,0,32,0,,,0.0,,,0,0,,61.7,0,,0.0,0,0,0.0,0,0,0.0,100,1,1,0,0,0,0,,,0,1,,,0.9,,,0,1,,72.4,0,,0.0,0,1,0.0,0,2,100.0,215,6,3,0,0,0,0,0.0,
Greg Gaines,48706,DI,TB,17,2,0,30,0,,,1.9,,,0,0,,59.5,0,,,0,0,0.0,0,1,50.0,53,0,0,0,0,0,0,0.0,,0,0,,,0.0,,,0,0,,,0,,,0,0,0.0,0,0,0.0,136,1,0,0,0,0,0,,
Taven Bryan,48753,DI,BLT,5,3,0,3,0,,,15.0,,,0,0,,62.7,0,,,0,0,0.0,0,3,100.0,20,0,0,0,0,0,0,0.0,,0,0,,,0.0,,,0,0,,,0,,,0,0,0.0,0,0,0.0,38,0,0,0,0,0,0,,
Daniel Ekuale,48874,DI,PIT,7,1,0,25,0,,,0.0,,,0,0,,,0,,,0,0,0.0,0,0,0.0,20,0,0,0,0,0,0,,,0,0,,,4.5,,,0,0,,60.0,0,,,0,0,0.0,0,1,100.0,22,0,0,0,0,0,0,0.0,
Poona Ford,48875,DI,LA,20,1,0,26,0,,,0.0,,,0,0,,,0,,,0,0,0.0,0,0,0.0,49,1,0,0,0,0,0,,,0,2,,,0.4,,,0,0,,63.1,0,,57.1,4,0,0.0,0,1,100.0,246,3,1,0,0,0,0,0.0,
Vita Vea,48956,DI,TB,17,16,0,30,0,,,5.3,,,0,0,,57.6,0,,100.0,3,0,0.0,0,7,43.8,132,0,0,0,0,0,0,0.0,,0,1,,,2.1,,,0,0,,59.9,0,,66.7,2,0,0.0,0,7,43.8,340,2,0,0,0,0,0,0.0,
Tim Settle,48966,DI,HST,12,2,0,13,0,,,0.0,,,0,0,,,0,,,0,0,0.0,0,0,0.0,32,0,0,0,0,0,0,,,0,1,,,1.4,,,0,0,,60.9,0,,50.0,2,0,0.0,0,2,100.0,143,2,1,0,0,0,0,0.0,
Nick Scott,49012,S,CAR,18,635,0,5,1,2.3,100.0,97.8,28.0,28.0,0,0,0.0,63.6,0,13,12.5,1,0,98.6,3,90,14.2,92,2,6,3,0,23,16,0.3,7.7,0,11,10.1,80.8,100.0,18.9,15.3,0,2,7.7,64.6,0,54,9.1,5,1,144.4,21,412,64.9,412,6,39,26,2,350,135,0.9,16.7
Josh Woods,49023,LB,ATL,2,7,0,2,0,,,,,,0,0,,,0,,,0,0,0.0,0,0,0.0,0,0,0,0,0,0,0,,,0,0,2.5,100.0,100.0,2.0,2.0,0,0,0.0,62.5,0,24,25.0,1,0,118.8,2,4,57.1,4,3,3,2,0,30,25,7.5,15.0
Justin Reid,49048,S,NO,15,442,0,20,1,4.5,66.7,96.5,19.5,13.0,0,0,0.0,62.6,0,18,16.7,1,0,83.3,4,82,18.6,85,1,4,6,0,37,18,0.5,9.3,0,2,6.3,76.9,97.7,14.3,11.0,0,2,7.7,56.5,1,14,11.1,3,2,84.8,20,298,67.4,305,8,22,26,1,136,101,0.5,6.8
Tre Flowers,49059,CB,PIT,2,11,0,25,0,,,100.0,,,0,0,,65.1,0,,,0,0,0.0,0,6,54.5,6,0,0,0,0,0,0,0.0,,0,0,,,100.0,,,0,0,,63.4,0,,,0,0,0.0,0,5,45.5,5,0,0,0,0,0,0,0.0,
Jalen Thompson,49116,S,ARZ,15,582,0,1,0,11.6,55.6,99.1,19.4,10.8,0,2,22.2,59.4,0,25,40.0,2,2,109.0,5,106,18.2,107,0,3,9,1,51,21,0.5,10.2,0,6,9.5,70.0,96.9,18.1,12.7,2,4,13.3,69.1,0,30,2.1,1,3,89.4,21,402,69.1,415,6,40,30,0,209,83,0.6,10.0
Jessie Bates III,49162,S,ATL,17,656,0,2,2,4.5,50.0,97.8,64.0,32.0,0,1,25.0,63.7,1,20,9.1,1,1,70.8,2,136,20.7,139,2,8,4,1,26,22,0.2,13.0,0,6,9.9,72.7,98.2,17.4,12.7,0,1,3.0,58.4,2,33,6.1,2,1,107.5,24,445,67.8,453,6,25,33,3,315,110,0.8,13.1
Elijah Campbell,49190,S,MIA,3,9,0,17,0,,,100.0,,,0,0,,45.1,0,,,0,0,0.0,0,3,33.3,3,0,0,0,0,0,0,0.0,,0,0,,,80.0,,,0,0,,62.1,0,,,0,0,0.0,0,4,44.4,5,0,0,0,0,0,0,0.0,
Ronnie Harrison,49206,LB,ATL,10,141,0,2,1,,,68.4,,,0,0,,78.6,0,,0.0,0,0,0.0,0,13,9.2,19,1,0,0,0,0,0,0.0,,0,0,4.2,72.7,90.7,12.6,9.2,0,0,0.0,51.1,0,15,45.5,5,0,92.2,8,107,75.9,118,4,6,11,0,78,55,0.8,9.8
Demetrius Flannigan-Fowles,49231,LB,NYG,7,121,0,21,0,4.0,50.0,86.7,37.0,18.5,0,0,0.0,64.6,0,19,,0,0,83.3,1,39,32.2,45,0,0,2,0,19,11,0.5,19.0,0,4,4.9,84.6,89.6,5.9,5.0,0,0,0.0,46.7,0,21,9.1,1,0,102.2,11,69,57.0,77,5,6,13,0,111,56,1.7,10.1
Andrew Wingard,49268,S,JAX,17,629,0,15,2,12.1,72.7,85.5,13.0,9.5,0,0,0.0,38.1,0,61,14.3,1,0,153.4,8,118,18.8,138,1,4,11,2,135,41,1.3,16.9,0,3,6.0,73.1,93.3,17.5,12.8,0,3,11.5,59.8,1,16,18.2,6,2,66.8,19,348,55.3,373,7,24,26,0,124,68,0.4,6.5
Carlton Davis III,49335,CB,NE,20,690,0,19,0,15.8,46.9,100.0,12.7,5.9,1,9,28.1,41.7,0,36,11.1,1,8,98.2,15,211,30.6,211,3,8,32,3,198,31,1.0,13.2,0,10,8.2,66.7,99.3,13.8,9.2,0,3,6.7,83.0,2,28,10.0,5,3,63.8,30,427,61.9,430,13,35,45,0,267,113,0.6,8.9
Kindle Vildor,49346,CB,TB,7,124,0,30,0,9.9,62.5,100.0,3.8,2.4,0,1,12.5,45.6,0,17,0.0,0,1,81.8,5,22,17.7,22,1,4,8,0,53,10,2.8,10.6,0,0,10.3,87.5,100.0,11.4,10.0,0,1,12.5,64.9,1,21,14.3,1,0,115.6,7,85,68.5,85,2,6,8,1,94,24,1.2,13.4
Jaire Alexander,49350,CB,PHI,2,43,0,24,0,16.5,100.0,100.0,7.0,7.0,0,0,0.0,27.8,0,32,50.0,1,0,118.8,2,17,39.5,17,0,1,2,0,57,24,4.1,28.5,0,0,17.7,100.0,100.0,5.3,5.3,0,0,0.0,52.8,0,26,0.0,0,0,118.8,3,16,37.2,16,1,3,3,0,59,6,3.7,19.7
Isaac Yiadom,49355,CB,NO,6,99,0,20,0,28.0,0.0,100.0,,11.0,0,0,0.0,70.5,0,,,0,0,39.6,0,24,24.2,24,0,0,2,0,0,0,0.0,,0,0,10.7,90.0,100.0,5.7,5.1,0,0,0.0,42.2,0,29,10.0,1,0,115.4,9,54,54.5,54,3,9,10,0,117,26,2.3,13.0
Chris Lammons,49368,CB,IND,4,87,0,14,0,17.0,33.3,100.0,25.0,8.3,0,1,33.3,92.0,1,11,0.0,0,0,5.6,1,28,32.2,28,0,1,3,0,11,3,0.4,11.0,0,0,3.1,87.5,92.3,6.6,5.8,0,1,12.5,66.9,0,11,28.6,2,1,79.2,7,48,55.2,52,1,5,8,0,19,18,0.4,2.7
C.J. Gardner-Johnson,49371,S,CHI,14,460,0,6,0,8.4,79.2,85.5,4.7,3.7,0,1,4.2,27.6,0,46,0.0,0,0,151.9,19,94,20.4,110,3,14,24,3,263,112,3.0,13.8,0,3,6.8,63.6,90.3,14.3,9.1,0,3,9.1,55.9,2,36,27.6,8,2,55.0,21,318,69.1,352,6,18,33,0,199,82,0.7,9.5
Jaylon Jones,49374,CB,CHI,2,20,0,6,0,4.0,100.0,100.0,4.0,4.0,0,0,0.0,59.1,0,6,0.0,0,0,85.4,2,9,45.0,9,0,3,2,0,9,1,1.1,4.5,0,0,,,100.0,,,0,0,,82.4,0,,0.0,0,0,0.0,0,11,55.0,11,0,1,0,0,0,0,0.0,
Donte Jackson,49377,CB,LAC,18,415,0,27,0,11.2,27.3,100.0,22.3,6.1,2,4,36.4,68.5,0,11,0.0,0,3,39.6,3,73,17.6,73,1,3,11,0,16,10,0.2,5.3,0,2,14.3,57.7,100.0,17.9,10.3,0,4,15.4,79.9,4,75,22.2,4,4,62.5,15,279,67.2,279,5,12,26,1,244,92,0.9,16.3
Cam Lewis,49395,S,BUF,18,296,0,4,0,6.9,54.5,95.5,13.3,7.3,0,1,9.1,63.7,0,22,28.6,2,1,71.4,6,84,28.4,88,1,5,11,0,63,47,0.8,10.5,0,2,3.9,62.5,91.4,9.8,6.1,1,1,4.2,61.6,0,19,14.3,3,1,74.7,15,149,50.3,163,7,16,24,0,118,61,0.8,7.9
M.J. Stewart,49397,S,HST,7,151,0,13,0,7.0,66.7,100.0,7.0,4.7,0,0,0.0,51.2,0,16,0.0,0,0,93.8,2,15,9.9,15,0,1,3,0,26,9,1.9,13.0,0,1,15.7,42.9,98.0,31.0,13.3,0,0,0.0,50.4,0,9,30.0,3,0,50.3,3,98,64.9,100,2,6,7,0,10,23,0.1,3.3
Donovan Wilson,49408,S,DAL,15,554,0,9,4,6.0,100.0,97.5,26.0,26.0,0,0,0.0,51.3,0,8,15.4,2,0,127.1,4,116,20.9,119,1,7,4,2,20,4,0.2,5.0,0,4,8.5,80.8,94.5,16.9,13.6,0,0,0.0,41.5,1,48,30.6,11,0,131.7,21,377,68.1,399,5,21,26,3,266,116,0.8,12.7
Julian Blackmon,49434,S,NO,1,42,0,20,0,-0.5,50.0,100.0,8.0,4.0,0,0,0.0,64.5,0,4,,0,0,56.3,1,10,23.8,10,0,0,2,0,4,8,0.5,4.0,0,2,1.0,100.0,100.0,20.0,20.0,0,0,0.0,77.9,0,3,0.0,0,0,79.2,1,21,50.0,21,2,2,1,0,3,2,0.2,3.0
Taron Johnson,49511,CB,BUF,15,438,0,4,0,12.3,55.0,95.8,9.5,5.3,0,1,5.0,35.6,0,24,7.1,1,1,90.8,11,114,26.0,119,3,13,20,1,126,25,1.2,11.5,0,7,3.3,80.8,90.2,10.2,8.3,0,1,3.8,76.8,0,17,14.8,4,1,92.8,21,222,50.7,246,6,16,26,0,163,138,0.8,7.8
Nick McCloud,49535,CB,CHI,14,275,0,6,0,9.2,78.6,96.3,6.4,5.0,0,0,0.0,42.6,0,36,14.3,1,0,139.0,11,78,28.4,81,1,6,14,3,110,41,1.6,10.0,0,3,11.1,86.7,96.2,11.2,9.7,0,1,6.7,56.2,0,64,0.0,0,1,141.0,13,150,54.5,156,2,8,15,1,202,94,1.4,15.5
Denzel Ward,49558,CB,CLV,15,452,0,8,0,9.1,55.2,100.0,10.5,5.8,0,6,20.7,58.8,0,21,15.4,2,3,93.6,16,179,39.6,179,1,11,29,2,157,81,0.9,9.8,0,3,11.2,63.6,99.2,16.4,10.5,1,2,9.1,62.5,1,45,16.7,3,1,70.1,14,242,53.5,244,4,12,22,0,179,51,0.8,12.8
Ashtyn Davis,49560,S,MIA,14,413,0,17,1,7.7,57.1,96.8,21.3,12.1,0,1,14.3,61.9,0,11,20.0,2,1,62.2,4,90,21.8,93,2,7,7,0,15,9,0.2,3.8,0,4,11.1,85.0,97.2,15.0,12.8,0,1,5.0,59.6,1,29,13.8,4,1,90.2,17,273,66.1,281,4,21,20,0,213,70,0.8,12.5
Rock Ya-Sin,49564,CB,DET,16,382,0,11,0,13.3,50.0,99.2,13.6,6.8,1,4,25.0,57.0,0,37,0.0,0,3,74.5,8,123,32.2,124,2,6,16,0,118,43,1.1,14.8,0,5,16.4,54.2,99.5,15.9,8.6,0,3,12.5,71.0,0,20,0.0,0,1,82.5,13,217,56.8,218,4,15,24,1,123,27,0.6,9.5
Zach Allen,49605,DI,DEN,19,6,0,10,0,-6.0,0.0,0.5,,1.0,0,1,100.0,63.3,0,,,0,1,39.6,0,1,16.7,193,3,0,1,0,0,0,0.0,,0,0,,,1.3,,,0,0,,61.3,0,,80.0,4,0,0.0,0,4,66.7,308,5,1,0,0,0,0,0.0,
Cole Holcomb,49753,LB,PIT,8,85,0,25,0,,,70.6,,,0,0,,68.8,0,,,0,0,0.0,0,24,28.2,34,0,0,0,0,0,0,0.0,,0,2,5.3,100.0,86.9,6.4,6.4,0,0,0.0,60.7,0,24,9.1,1,0,107.8,8,53,62.4,61,4,8,8,0,79,37,1.5,9.9
Quincy Williams,49779,LB,NYJ,13,382,0,22,0,0.5,90.9,78.4,10.0,9.1,0,1,9.1,55.9,0,45,25.0,2,1,144.3,10,109,28.5,139,5,6,11,1,125,121,1.3,12.5,0,3,5.7,82.9,92.5,8.1,6.7,0,2,5.7,29.8,0,37,20.8,5,1,125.8,29,248,64.9,268,9,16,35,2,337,193,1.4,11.6
Azeez Al-Shaair,49792,LB,HST,18,658,0,13,0,9.3,75.0,89.6,38.3,28.8,0,0,0.0,54.4,0,18,20.0,1,0,97.9,3,129,19.6,144,2,4,4,0,32,6,0.3,10.7,0,4,3.9,82.2,97.1,10.2,8.4,1,3,6.7,67.7,1,27,22.7,10,3,91.1,37,396,60.2,408,20,30,45,1,284,196,0.8,7.7
Zaire Franklin,49834,LB,IND,17,589,0,14,4,5.6,83.3,61.4,11.4,9.5,0,0,0.0,52.3,0,16,10.0,1,0,121.9,10,127,21.6,207,3,5,12,1,79,52,0.7,7.9,0,21,6.9,74.5,94.4,8.9,6.7,0,3,5.9,31.6,0,42,11.5,6,3,99.8,38,356,60.4,377,6,25,51,0,436,247,1.3,11.5
Christian Rozeboom,49862,LB,CAR,16,430,0,5,0,7.0,50.0,81.5,49.0,24.5,0,1,50.0,70.0,0,10,0.0,0,0,64.6,1,53,12.3,65,1,3,2,0,10,0,0.2,10.0,0,9,5.9,81.4,87.7,7.7,6.3,0,1,2.3,37.2,0,31,16.7,7,1,121.7,35,279,64.9,318,10,26,43,2,408,212,1.5,11.7
Sebastian Joseph-Day,49935,DI,TEN,17,1,0,31,0,,,2.3,,,0,0,,60.0,0,,,0,0,0.0,0,1,100.0,43,1,0,0,0,0,0,0.0,,0,0,,,0.0,,,0,0,,,0,,,0,0,0.0,0,0,0.0,154,0,0,0,0,0,0,,
Derrick Nnadi,49970,DI,KC,15,4,0,16,0,,,0.0,,,0,0,,,0,,,0,0,0.0,0,0,0.0,22,0,0,0,0,0,0,,,0,0,,,3.9,,,0,0,,58.9,0,,,0,0,0.0,0,3,75.0,77,0,0,0,0,0,0,0.0,
Uchenna Nwosu,50084,ED,SEA,18,50,0,29,0,-3.0,100.0,12.3,9.0,9.0,0,0,0.0,67.6,0,-2,75.0,3,0,79.2,1,10,20.0,81,1,1,1,0,-2,1,-0.2,-2.0,0,0,7.8,50.0,11.0,9.0,4.5,0,0,0.0,29.1,0,19,62.5,5,0,66.7,3,28,56.0,254,5,3,6,0,33,20,1.2,11.0
John Franklin-Myers,50088,DI,DEN,18,6,0,10,0,0.0,0.0,1.5,,2.0,0,0,0.0,60.2,0,,100.0,2,0,39.6,0,2,33.3,131,1,0,1,0,0,0,0.0,,0,1,13.0,100.0,1.9,4.0,4.0,0,0,0.0,52.6,0,17,0.0,0,0,118.8,1,4,66.7,210,6,0,1,0,17,4,4.3,17.0
Josh Sweat,50120,ED,ARZ,17,17,0,1,0,,,3.0,,,0,0,,61.5,0,,,0,0,0.0,0,2,11.8,67,1,0,0,0,0,0,0.0,,0,0,12.8,75.0,4.9,4.0,3.0,0,0,0.0,49.6,0,32,40.0,2,0,110.4,3,12,70.6,245,11,3,4,0,44,8,3.7,14.7
Jacob Martin,50152,ED,WAS,17,21,0,32,0,,,3.1,,,0,0,,63.0,0,,100.0,1,0,0.0,0,3,14.3,98,0,0,0,0,0,0,0.0,,0,1,8.5,66.7,6.9,4.3,2.8,0,1,16.7,30.6,0,31,44.4,4,0,100.7,4,18,85.7,261,6,4,6,0,62,24,3.6,15.5
Malcolm Roach,50191,DI,DEN,14,3,0,10,0,,,0.0,,,0,0,,,0,,,0,0,0.0,0,0,0.0,69,0,0,0,0,0,0,,,0,1,4.0,0.0,1.3,,1.0,0,0,0.0,62.0,0,,40.0,2,0,39.6,0,2,66.7,154,4,2,1,0,0,0,0.0,
Arden Key,50201,ED,TEN,12,16,0,31,0,,,3.6,,,0,0,,75.6,0,,,0,0,0.0,0,2,12.5,56,0,0,0,0,0,0,0.0,,0,1,3.3,100.0,5.3,3.7,3.7,0,0,0.0,68.0,0,13,33.3,2,0,90.3,3,11,68.8,206,6,3,3,0,17,7,1.5,5.7
Oren Burks,50203,LB,CIN,15,140,0,7,1,0.8,83.3,77.8,5.2,4.3,0,0,0.0,31.5,0,28,33.3,1,0,150.7,5,28,20.0,36,0,1,6,1,64,53,2.5,12.8,0,0,3.3,81.8,97.6,8.7,7.1,0,0,0.0,28.3,0,29,33.3,2,0,112.9,9,81,57.9,83,2,4,11,0,122,110,1.6,13.6
Josh Hines-Allen,50235,ED,JAX,18,40,0,15,0,,,4.5,,,0,0,,66.8,0,,0.0,0,0,0.0,0,6,15.0,132,1,1,0,0,0,0,0.0,,0,1,5.0,100.0,8.4,13.5,13.5,0,0,0.0,53.5,0,10,40.0,4,0,104.2,2,29,72.5,344,7,5,2,0,18,8,0.7,9.0
Marcus Davenport,50291,ED,DET,8,1,0,11,0,,,0.0,,,0,0,,,0,,,0,0,0.0,0,0,0.0,52,0,0,0,0,0,0,,,0,1,20.0,100.0,1.2,1.0,1.0,0,0,0.0,53.8,0,26,0.0,0,0,118.8,1,1,100.0,85,1,0,1,0,26,6,26.0,26.0
Cornell Armstrong,50351,CB,MIA,3,47,0,17,0,2.0,50.0,87.5,12.0,6.0,0,0,0.0,42.6,0,15,,0,0,114.6,1,14,29.8,16,0,0,2,1,15,20,1.3,15.0,0,0,0.0,100.0,96.3,12.5,12.5,0,0,0.0,52.2,0,13,33.3,1,0,114.6,2,26,55.3,27,0,2,2,0,23,23,0.9,11.5
Isaiah Oliver,50393,S,NYJ,13,167,0,22,1,12.2,83.3,93.8,11.8,9.8,0,3,50.0,53.5,0,33,8.3,1,3,118.8,5,61,36.5,65,1,10,6,0,90,26,1.5,18.0,0,1,2.1,87.5,97.0,6.5,5.7,0,0,0.0,48.6,0,24,13.3,2,0,101.0,14,96,57.5,99,5,12,16,0,132,105,1.5,9.4
A.J. Green III,50394,CB,MIA,1,3,0,17,0,,,100.0,,,0,0,,60.0,0,,,0,0,0.0,0,1,33.3,1,0,0,0,0,0,0,0.0,,0,0,,,100.0,,,0,0,,60.0,0,,,0,0,0.0,0,1,33.3,1,0,0,0,0,0,0,0.0,
Jeremy Reaves,50406,S,WAS,17,406,0,32,1,0.8,60.0,93.6,25.0,15.0,0,2,40.0,58.8,0,14,37.5,3,2,72.1,3,88,21.7,94,1,4,5,0,24,23,0.3,8.0,0,4,7.1,69.2,99.2,13.7,9.5,0,2,7.7,59.3,1,61,11.4,4,2,84.6,18,256,63.1,258,8,27,26,1,175,104,0.7,9.7
Juan Thornhill,50426,S,JAX,7,221,0,15,3,1.5,50.0,100.0,85.0,42.5,0,1,50.0,47.0,0,2,16.7,2,1,56.3,1,96,43.4,96,1,7,2,0,2,0,0.0,2.0,0,3,13.1,100.0,98.2,11.2,11.2,1,0,0.0,38.9,0,29,5.9,1,0,155.8,9,107,48.4,109,3,13,9,1,135,26,1.3,15.0
Jalen Davis,50431,CB,CIN,7,178,0,7,0,16.7,33.3,90.3,52.0,17.3,0,1,33.3,54.8,0,15,100.0,1,1,50.7,1,56,31.5,62,1,0,3,0,15,10,0.3,15.0,0,1,7.5,76.9,97.7,8.1,6.2,0,0,0.0,54.0,1,23,27.3,3,0,73.6,10,86,48.3,88,3,7,13,0,123,67,1.5,12.3
Mike Jackson,50437,CB,CAR,18,632,0,5,1,14.0,41.4,100.0,7.5,3.1,0,7,24.1,77.6,2,45,8.3,1,3,46.9,12,97,15.3,97,1,10,29,1,192,75,2.1,16.0,0,4,11.5,56.1,99.5,12.3,6.9,1,11,19.3,85.3,3,46,7.7,3,8,66.5,32,407,64.4,409,10,32,57,2,381,105,1.0,11.9
Parry Nickerson,50511,CB,PHI,3,9,0,24,0,1.0,100.0,100.0,3.0,3.0,0,0,0.0,77.1,0,2,0.0,0,0,79.2,1,3,33.3,3,1,1,1,0,2,1,0.7,2.0,0,0,5.5,100.0,100.0,2.0,2.0,0,0,0.0,39.8,0,18,0.0,0,0,118.8,2,4,44.4,4,1,1,2,0,30,19,7.5,15.0
Avonte Maddox,50543,S,DET,8,222,0,11,1,9.3,100.0,100.0,15.3,15.3,0,0,0.0,51.7,0,30,0.0,0,0,150.0,4,67,30.2,67,0,6,4,1,42,5,0.7,10.5,0,0,11.1,66.7,98.4,19.5,13.0,2,3,33.3,73.6,1,25,33.3,4,3,85.6,6,123,55.4,125,1,8,9,1,66,27,0.6,11.0
Charles Omenihu,50612,ED,KC,17,10,0,16,0,,,0.0,,,0,0,,60.0,0,,100.0,1,0,0.0,0,0,0.0,115,1,0,0,0,0,0,,,0,0,3.5,75.0,4.7,3.3,2.5,0,0,0.0,46.7,0,17,20.0,1,0,93.8,3,10,100.0,213,4,4,4,0,28,19,2.8,9.3
Luke Gifford,50675,LB,SF,15,51,0,28,0,4.0,100.0,100.0,1.0,1.0,0,0,0.0,50.6,0,6,0.0,0,0,91.7,1,1,2.0,1,0,1,1,0,6,2,6.0,6.0,0,2,13.4,66.7,97.6,6.7,4.4,0,1,11.1,29.4,0,32,20.0,1,0,109.7,6,40,78.4,41,0,2,9,0,114,53,2.9,19.0
Cody Barton,50727,LB,TEN,17,582,0,31,0,0.3,33.3,77.5,87.0,29.0,0,1,33.3,58.7,0,5,0.0,0,1,81.9,1,93,16.0,120,1,2,3,1,5,3,0.1,5.0,0,8,5.5,65.1,95.1,13.0,8.4,0,5,11.6,62.7,3,30,10.0,3,4,54.0,28,387,66.5,407,6,19,43,0,276,148,0.8,9.9
Jordyn Brooks,50851,LB,MIA,17,487,0,17,1,3.9,66.7,79.8,16.0,10.7,0,0,0.0,62.0,0,55,14.3,1,0,132.9,6,103,21.1,129,3,5,9,2,77,49,0.8,12.8,0,14,4.2,89.2,85.9,5.3,4.7,0,2,3.1,45.0,0,35,6.0,4,2,108.2,58,318,65.3,370,15,49,65,1,568,345,1.9,9.8
Roquan Smith,50892,LB,BLT,15,550,0,3,0,2.1,87.5,73.8,19.4,17.0,1,1,12.5,75.5,0,51,10.0,1,1,106.8,7,149,27.1,202,7,9,8,0,77,71,0.6,11.0,0,11,5.6,82.5,91.5,8.5,7.0,1,3,7.5,67.5,0,34,13.5,7,2,96.5,33,292,53.1,319,14,34,40,0,286,157,1.0,8.7
Tremaine Edmunds,50905,LB,CHI,15,498,0,6,0,6.3,90.0,66.9,11.3,10.2,0,0,0.0,51.3,1,33,10.0,1,0,69.2,9,109,21.9,163,1,9,10,0,101,63,1.0,11.2,0,8,7.0,74.5,93.8,8.4,6.2,0,2,3.9,55.3,2,30,8.3,4,2,84.6,38,331,66.5,353,17,36,51,1,370,169,1.2,9.7
Robert Spillane,50918,LB,NE,16,525,0,19,1,1.1,100.0,68.6,13.3,13.3,0,0,0.0,88.7,0,29,21.4,3,0,139.6,8,118,22.5,172,3,10,8,2,64,55,0.6,8.0,0,10,4.7,86.0,97.3,7.1,6.1,0,4,7.0,54.6,2,31,23.9,11,3,85.2,49,358,68.2,368,11,25,57,0,454,267,1.3,9.3
Bobby Okereke,50954,LB,NYG,17,623,0,21,2,0.0,85.7,84.0,15.4,13.2,0,0,0.0,62.7,0,17,20.0,2,0,131.8,12,204,32.7,243,5,6,14,2,86,102,0.5,7.2,0,16,5.8,77.5,97.5,10.8,8.4,0,3,7.5,63.9,1,22,2.1,1,3,87.2,31,358,57.5,367,7,31,40,0,297,133,0.9,9.6
Frankie Luvu,51028,LB,WAS,17,426,0,32,0,1.3,83.3,45.8,13.0,10.8,1,2,33.3,77.8,0,12,14.3,1,2,129.9,5,71,16.7,155,1,6,6,1,34,33,0.5,6.8,0,9,3.8,92.9,68.3,9.8,9.1,0,1,3.6,38.9,0,25,17.2,5,1,116.8,26,269,63.1,394,5,15,28,1,257,171,1.0,9.9
Tyrel Dodson,51045,LB,MIA,16,467,0,17,0,5.7,60.0,76.7,14.2,8.5,0,1,10.0,57.7,1,27,0.0,0,1,70.0,6,89,19.1,116,7,5,10,1,58,41,0.7,9.7,0,12,5.1,86.4,90.5,7.8,6.7,0,1,2.3,49.6,0,29,10.9,6,1,102.2,38,313,67.0,346,13,37,44,0,375,195,1.3,9.9
Jahlani Tavai,51055,LB,NE,15,101,0,19,0,,,45.8,,,0,0,,66.4,0,,,0,0,0.0,0,11,10.9,24,0,0,0,0,0,0,0.0,,0,1,3.7,86.7,90.7,5.8,5.0,0,0,0.0,52.3,0,18,6.3,1,0,93.9,13,78,77.2,86,3,14,15,0,98,46,1.3,7.5
Julian Love,51081,S,SEA,10,347,0,29,0,13.3,50.0,95.2,37.5,18.8,0,1,25.0,71.4,0,20,50.0,1,0,67.7,2,80,23.1,84,0,1,4,0,23,10,0.3,11.5,0,3,8.8,45.5,97.8,34.2,15.5,1,3,27.3,90.1,1,10,5.9,1,3,14.6,5,176,50.7,180,2,13,11,0,32,19,0.2,6.4
Marcelino McCrary-Ball,51112,LB,NYJ,4,37,0,22,0,8.0,100.0,75.0,11.0,11.0,0,0,0.0,55.4,0,10,0.0,0,0,108.3,1,12,32.4,16,0,1,1,0,10,2,0.9,10.0,0,2,1.3,75.0,81.5,7.3,5.5,0,0,0.0,42.3,0,12,0.0,0,0,95.8,3,22,59.5,27,0,5,4,0,30,28,1.4,10.0
Taylor Rapp,51172,S,BUF,6,199,0,4,0,14.0,0.0,100.0,,40.0,0,0,0.0,65.3,0,,50.0,1,0,39.6,0,44,22.1,44,0,1,1,0,0,0,0.0,,0,2,7.3,85.7,100.0,20.0,17.1,0,0,0.0,46.0,0,39,9.1,1,0,116.7,6,124,62.3,124,1,8,7,0,84,34,0.7,14.0
P.J. Locke,51189,S,DEN,10,179,0,10,1,1.3,66.7,94.1,11.8,7.8,0,2,33.3,66.6,0,5,20.0,1,2,109.7,4,48,26.8,51,1,3,6,1,12,11,0.3,3.0,0,0,7.4,44.4,93.3,23.3,10.3,0,1,11.1,49.7,0,13,14.3,1,1,53.0,4,97,54.2,104,2,6,9,0,30,14,0.3,7.5
Minkah Fitzpatrick,51206,S,MIA,14,459,0,17,0,10.1,53.8,97.4,15.0,8.1,0,5,38.5,64.3,0,28,11.1,1,4,101.4,7,113,24.6,116,1,8,13,1,90,56,0.9,12.9,0,1,4.7,94.7,92.0,15.1,14.3,0,0,0.0,69.1,1,17,20.0,6,0,95.2,18,288,62.7,313,5,23,19,1,150,91,0.6,8.3
Fred Warner,51222,LB,SF,6,193,0,28,0,11.0,0.0,80.5,,27.0,0,1,100.0,89.8,0,,0.0,0,1,39.6,0,33,17.1,41,0,1,1,0,0,0,0.0,,0,2,6.3,72.2,97.5,8.6,6.2,0,1,5.6,91.4,0,32,10.5,2,1,95.6,13,118,61.1,121,6,15,18,0,144,64,1.3,11.1
Drue Tranquill,51276,LB,KC,17,389,0,16,0,5.0,100.0,54.5,12.2,12.2,0,1,20.0,60.1,0,23,0.0,0,0,158.3,5,67,17.2,123,3,4,5,1,68,43,1.1,13.6,0,4,1.5,93.1,83.7,8.9,8.3,0,1,3.4,53.6,0,27,7.7,2,1,112.6,27,251,64.5,300,6,20,29,1,240,201,1.0,8.9
Mike Edwards,51282,S,KC,6,77,0,16,0,9.0,100.0,100.0,11.5,11.5,1,0,0.0,37.8,0,14,33.3,1,0,104.2,2,27,35.1,27,1,2,2,0,18,0,0.8,9.0,0,1,5.0,100.0,100.0,34.0,34.0,0,0,0.0,63.0,0,7,0.0,0,0,95.8,1,38,49.4,38,0,3,1,0,7,2,0.2,7.0
Terrell Edmunds,51334,S,LV,1,1,0,23,0,,,,,,0,0,,,0,,,0,0,0.0,0,0,0.0,0,0,0,0,0,0,0,,,0,0,,,100.0,,,0,0,,60.0,0,,,0,0,0.0,0,1,100.0,1,0,0,0,0,0,0,0.0,
Will Harris,51336,S,WAS,9,341,0,32,0,9.4,57.1,97.5,17.8,10.1,0,3,42.9,61.2,0,17,25.0,1,2,111.3,4,79,23.2,81,0,3,7,1,37,26,0.5,9.3,0,3,9.4,81.8,100.0,20.9,17.1,0,0,0.0,51.9,0,31,7.7,1,0,109.5,9,197,57.8,197,1,9,11,0,113,44,0.6,12.6
Derwin James Jr.,51368,S,LAC,17,525,0,27,0,11.8,33.3,87.5,38.5,12.8,0,2,33.3,83.0,2,13,0.0,0,0,2.8,2,84,16.0,96,1,2,6,0,17,7,0.2,8.5,0,6,6.5,81.1,85.1,10.7,8.7,0,1,2.7,71.0,0,29,10.6,5,1,113.1,30,338,64.4,397,18,36,37,1,332,178,1.0,11.1
Amani Hooker,51378,S,TEN,16,535,0,31,1,14.4,90.9,97.1,9.7,8.8,0,1,9.1,37.6,0,63,8.3,1,1,158.3,10,102,19.1,105,0,10,11,2,214,64,2.2,21.4,0,4,8.7,65.4,97.1,18.6,12.2,2,2,7.7,58.8,0,39,9.4,3,2,86.4,17,339,63.4,349,6,25,26,0,186,81,0.6,10.9
Marcus Epps,51391,S,PHI,8,185,0,24,0,5.3,75.0,100.0,13.7,10.3,0,0,0.0,51.8,0,15,0.0,0,0,96.9,3,42,22.7,42,1,3,4,0,31,21,0.8,10.3,0,0,4.3,100.0,100.0,33.0,33.0,0,0,0.0,56.1,0,27,0.0,0,0,118.8,3,101,54.6,101,0,6,3,0,40,27,0.4,13.3
Jaylinn Hawkins,51423,S,NE,18,623,0,19,2,10.9,100.0,93.3,17.4,17.4,0,0,0.0,61.9,2,38,0.0,0,0,118.8,10,194,31.1,208,2,11,10,2,159,57,0.9,15.9,0,4,9.9,52.9,95.6,40.3,21.4,1,1,5.9,73.1,2,24,20.8,5,1,28.2,9,373,59.9,390,4,15,17,0,88,71,0.2,9.8
Kaden Elliss,51485,LB,ATL,17,495,0,2,0,-0.7,50.0,52.5,23.0,11.5,0,1,16.7,89.4,0,5,0.0,0,1,56.3,3,73,14.7,139,5,5,6,0,-2,0,0.0,-0.7,0,3,3.0,80.5,77.6,10.0,8.1,0,2,4.9,64.1,1,24,18.4,7,2,80.5,33,353,71.3,455,14,28,41,0,236,212,0.7,7.2
Dre Greenlaw,51503,LB,DEN,10,194,0,10,0,9.7,66.7,66.7,18.5,12.3,0,0,0.0,91.4,1,23,0.0,0,0,50.0,2,38,19.6,57,2,3,3,0,23,7,0.6,11.5,0,1,4.2,76.9,90.6,12.1,9.3,0,0,0.0,48.2,0,17,15.4,2,0,118.8,10,126,64.9,139,3,10,13,1,84,48,0.7,8.4
Kenny Moore II,51596,CB,IND,14,438,0,14,4,10.0,57.7,93.3,8.5,4.9,0,4,15.4,47.8,0,30,17.6,3,2,92.8,15,140,32.0,150,5,10,26,1,186,82,1.5,12.4,0,1,8.3,71.0,86.2,9.6,6.8,0,0,0.0,71.2,1,42,9.5,2,0,80.6,22,219,50.0,254,9,18,31,0,244,92,1.2,11.1
Claudin Cherelus,52094,LB,CAR,7,106,0,5,0,7.0,100.0,93.8,14.0,14.0,0,0,0.0,58.2,0,11,0.0,0,0,112.5,1,15,14.2,16,0,1,1,0,11,4,0.8,11.0,0,1,5.0,84.6,86.8,5.8,4.9,0,0,0.0,34.4,0,41,27.3,3,0,109.0,11,66,62.3,76,3,7,13,0,132,87,2.1,12.0
Paulson Adebo,52280,CB,NYG,12,464,0,21,1,12.3,69.0,99.4,7.8,5.4,1,2,6.9,44.2,0,32,5.0,1,2,95.3,20,173,37.3,174,2,18,29,0,249,67,1.6,12.5,0,2,10.5,67.6,100.0,9.2,6.2,1,3,8.1,61.0,1,33,8.6,3,1,93.9,25,245,52.8,245,6,30,37,2,255,92,1.1,10.2
Ivan Pace Jr.,53587,LB,MIN,14,99,0,18,0,7.5,50.0,69.2,9.0,4.5,0,0,0.0,78.3,0,2,0.0,0,0,56.3,1,9,9.1,13,2,1,2,0,2,2,0.2,2.0,0,2,4.2,76.9,63.2,5.8,4.5,0,0,0.0,28.6,0,80,36.4,4,0,143.9,10,60,60.6,95,2,5,13,1,166,121,2.9,16.6
Carrington Valentine,53750,CB,GB,17,506,0,12,0,13.0,36.4,100.0,11.5,4.2,0,3,13.6,52.8,0,26,40.0,2,3,96.6,8,103,20.4,103,0,3,22,3,130,45,1.4,16.3,0,3,11.1,67.7,99.0,14.1,9.6,2,1,3.2,63.6,1,29,18.2,4,1,113.8,21,307,60.7,310,4,15,31,3,271,77,0.9,12.9
C.J. Brewer,54409,DI,TB,5,1,0,30,0,,,0.0,,,0,0,,,0,,,0,0,0.0,0,0,0.0,3,0,0,0,0,0,0,,,0,0,,,8.3,,,0,0,,60.0,0,,,0,0,0.0,0,1,100.0,12,0,0,0,0,0,0,0.0,
Malcolm Koonce,55015,ED,LV,17,17,0,23,0,0.0,0.0,4.6,,3.0,0,0,0.0,39.5,0,,,0,0,39.6,0,3,17.6,65,0,0,1,0,0,0,0.0,,0,0,10.0,100.0,6.1,6.0,6.0,0,0,0.0,43.5,0,27,33.3,2,0,118.8,2,14,82.4,229,7,4,2,0,32,12,2.7,16.0
Coby Bryant,55088,S,SEA,17,711,0,29,1,5.3,66.7,96.0,17.8,11.9,0,0,0.0,56.4,2,10,0.0,0,0,75.7,6,119,16.7,124,1,5,9,2,39,17,0.4,6.5,0,3,7.8,73.3,99.5,35.1,25.7,0,3,20.0,53.1,0,58,26.7,8,2,131.8,11,403,56.7,405,5,19,15,1,167,106,0.4,15.2
Boye Mafe,55220,ED,SEA,19,42,0,29,0,,,7.4,,,0,0,,63.8,0,,,0,0,0.0,0,5,11.9,68,0,0,0,0,0,0,0.0,,0,2,7.5,66.7,13.0,7.5,5.0,0,1,16.7,65.0,0,27,0.0,0,1,95.8,4,31,73.8,238,4,3,6,0,55,32,1.8,13.8
Esezi Otomewo,55221,DI,PIT,12,2,0,25,0,,,2.7,,,0,0,,60.0,0,,100.0,1,0,0.0,0,1,50.0,37,1,0,0,0,0,0,0.0,,0,0,,,1.5,,,0,0,,60.4,0,,0.0,0,0,0.0,0,1,50.0,66,0,2,0,0,0,0,0.0,
Mark Robinson,55265,LB,PIT,1,1,0,25,0,,,,,,0,0,,,0,,,0,0,0.0,0,0,0.0,0,0,0,0,0,0,0,,,0,0,,,100.0,,,0,0,,60.0,0,,,0,0,0.0,0,1,100.0,1,0,0,0,0,0,0,0.0,
Tycen Anderson,55351,S,CIN,7,37,0,7,1,,,100.0,,,0,0,,72.7,0,,0.0,0,0,0.0,0,10,27.0,10,1,1,0,0,0,0,0.0,,0,0,5.0,100.0,100.0,20.0,20.0,0,0,0.0,50.1,0,14,0.0,0,0,118.8,1,20,54.1,20,0,2,1,0,14,9,0.7,14.0
Kalia Davis,55389,DI,SF,19,1,0,28,0,,,0.0,,,0,0,,,0,,,0,0,0.0,0,0,0.0,45,0,0,0,0,0,0,,,0,0,,,0.5,,,0,0,,59.9,0,,0.0,0,0,0.0,0,1,100.0,196,1,2,0,0,0,0,0.0,
Ja'Sir Taylor,55426,CB,NYJ,5,73,0,22,1,6.0,75.0,100.0,8.3,6.3,0,0,0.0,61.2,0,9,25.0,1,0,116.7,3,25,34.2,25,1,2,4,2,12,13,0.5,4.0,0,1,15.8,50.0,97.7,21.0,10.5,0,1,25.0,52.4,0,17,0.0,0,1,106.3,2,43,58.9,44,1,2,4,1,22,0,0.5,11.0
Elijah Hicks,55584,S,CHI,9,54,0,6,0,9.0,100.0,92.9,12.0,12.0,0,0,0.0,64.6,0,10,0.0,0,0,108.3,1,13,24.1,14,1,1,1,0,10,1,0.8,10.0,0,0,4.0,100.0,77.1,27.0,27.0,0,0,0.0,73.7,0,7,0.0,0,0,95.8,1,27,50.0,35,1,2,1,0,7,3,0.3,7.0
A.J. Terrell,55586,CB,ATL,15,582,0,2,0,9.4,66.7,100.0,11.0,7.3,0,3,20.0,55.5,0,28,12.5,1,2,108.2,10,116,19.9,116,2,7,15,1,102,27,0.9,10.2,0,4,15.5,57.5,100.0,16.4,9.4,1,10,25.0,54.5,0,39,6.7,2,7,89.4,23,399,68.6,399,5,24,40,1,298,64,0.8,13.0
Josh Blackwell,55589,CB,CHI,2,2,0,6,0,,,100.0,,,0,0,,62.8,0,,0.0,0,0,0.0,0,1,50.0,1,0,1,0,0,0,0,0.0,,0,0,,,100.0,,,0,0,,60.0,0,,,0,0,0.0,0,1,50.0,1,0,0,0,0,0,0,0.0,
Marco Wilson,55592,CB,CIN,4,15,0,7,0,16.0,100.0,100.0,3.0,3.0,0,0,0.0,44.8,0,28,0.0,0,0,118.8,2,6,40.0,6,1,2,2,0,37,5,6.2,18.5,0,0,,,100.0,,,0,0,,30.1,0,,100.0,1,0,0.0,0,4,26.7,4,0,0,0,0,0,0,0.0,
CJ Henderson,55593,CB,ATL,3,108,0,2,0,13.0,100.0,100.0,7.0,7.0,0,0,0.0,45.4,0,18,0.0,0,0,118.8,2,14,13.0,14,0,2,2,0,32,6,2.3,16.0,0,0,8.8,55.6,100.0,14.6,8.1,0,1,11.1,62.8,1,22,20.0,1,1,77.5,5,79,73.1,79,1,4,9,2,63,45,0.9,12.6
Lonnie Johnson Jr.,55615,S,LV,9,212,0,23,0,5.5,75.0,100.0,14.3,10.8,0,0,0.0,35.8,0,21,25.0,1,0,93.8,3,49,23.1,49,1,3,4,0,28,15,0.7,9.3,0,2,17.0,75.0,98.5,42.3,31.8,2,1,25.0,72.9,0,10,10.0,1,1,85.4,3,133,62.7,135,1,7,4,0,20,0,0.2,6.7
Amik Robertson,55619,CB,DET,17,553,0,11,1,11.3,57.9,97.7,8.6,5.0,1,5,13.2,46.3,0,42,15.8,3,4,114.5,22,209,37.8,214,6,15,38,4,265,76,1.4,12.0,0,2,11.7,74.0,99.0,7.6,5.6,1,5,10.0,50.5,1,64,19.4,6,5,109.0,37,291,52.6,294,8,23,50,2,483,150,1.7,13.1
Jeff Okudah,55674,CB,MIN,6,71,0,18,0,12.3,83.3,100.0,5.6,4.7,0,1,16.7,36.2,0,27,0.0,0,0,147.9,5,30,42.3,30,1,4,6,1,60,10,2.1,12.0,0,1,16.4,100.0,96.4,5.0,5.0,0,0,0.0,50.1,0,28,0.0,0,0,118.8,5,27,38.0,28,0,6,5,0,93,11,3.7,18.6
Tre Brown,55677,CB,NYJ,1,21,0,22,0,14.0,0.0,100.0,,7.0,0,0,0.0,52.0,0,,,0,0,39.6,0,7,33.3,7,0,0,1,0,0,0,0.0,,0,0,-0.5,100.0,92.9,6.0,6.0,0,0,0.0,66.1,0,14,50.0,1,0,95.8,2,13,61.9,14,1,1,2,0,14,15,1.2,7.0
Deommodore Lenoir,55686,CB,SF,19,717,0,28,0,13.4,50.0,100.0,22.8,11.4,0,1,8.3,44.8,0,34,16.7,1,1,103.8,6,153,21.3,153,0,5,12,1,93,25,0.7,15.5,0,4,11.9,68.9,100.0,13.7,9.4,0,4,8.9,72.9,1,34,9.1,3,2,109.4,31,445,62.1,445,9,26,45,4,319,78,0.8,10.3
Marcus Jones,55717,CB,NE,20,593,0,19,0,8.9,69.0,97.6,9.0,6.2,1,8,27.6,67.1,1,38,0.0,0,5,117.5,20,201,33.9,206,3,14,29,6,228,76,1.3,11.4,0,4,4.6,74.5,93.1,9.7,7.2,0,1,2.1,69.0,3,42,5.7,2,1,82.0,35,350,59.0,376,16,29,47,2,341,228,1.0,9.7
Darious Williams,55724,CB,LA,14,350,0,26,0,11.3,53.8,100.0,8.1,4.4,1,3,23.1,57.8,0,25,33.3,1,3,110.3,7,64,18.3,64,0,2,13,2,74,19,1.3,10.6,0,0,11.7,57.1,99.1,13.8,7.9,0,2,7.1,63.7,1,51,6.7,1,2,81.8,16,230,65.7,232,3,14,28,1,236,86,1.1,14.8
Ja'Marcus Ingram,55738,CB,HST,8,74,0,13,0,16.3,66.7,100.0,8.0,5.3,0,1,33.3,69.1,0,33,0.0,0,0,109.7,2,16,21.6,16,1,2,3,0,40,6,2.5,20.0,0,0,12.6,80.0,98.0,11.8,9.4,0,0,0.0,30.2,0,53,40.0,2,0,118.8,4,48,64.9,49,0,3,5,0,107,55,2.3,26.8
Xavier McKinney,55775,S,GB,17,665,0,12,0,8.3,0.0,97.0,,27.3,0,2,50.0,75.1,2,,0.0,0,2,0.0,0,128,19.2,132,1,7,4,0,0,0,0.0,,0,8,9.0,64.0,97.8,24.4,15.6,1,8,32.0,72.6,0,32,7.3,3,7,101.1,16,405,60.9,414,4,30,25,1,194,74,0.5,12.1
Montaric Brown,55797,CB,JAX,15,539,0,15,1,10.2,53.3,100.0,12.1,6.5,0,2,13.3,48.9,0,27,14.3,1,2,112.8,8,113,21.0,113,0,5,15,2,96,42,1.0,12.0,0,0,13.9,50.0,100.0,15.8,7.9,1,6,16.7,80.8,2,30,4.3,1,5,44.9,18,302,56.0,302,10,22,36,0,210,26,0.7,11.7
Kamren Curl,55800,S,LA,20,804,0,26,2,5.4,91.7,96.2,12.7,11.7,1,0,0.0,61.6,0,20,17.6,3,0,123.3,11,151,18.8,157,8,12,12,1,83,29,0.6,7.5,0,9,7.8,77.6,95.7,13.5,10.5,0,3,6.1,66.5,2,42,7.8,5,3,83.9,38,533,66.3,557,10,50,49,0,403,201,0.8,10.6
Arron Mosby,55908,ED,GB,2,1,0,12,0,,,0.0,,,0,0,,,0,,,0,0,0.0,0,0,0.0,2,0,0,0,0,0,0,,,0,0,-7.0,100.0,16.7,1.0,1.0,0,0,0.0,60.0,0,-2,,0,0,79.2,1,1,100.0,6,0,0,1,0,-2,5,-2.0,-2.0
Eric Stokes,55912,CB,LV,16,585,0,23,0,7.7,60.0,100.0,14.5,8.7,0,2,20.0,56.5,0,21,0.0,0,1,84.6,6,97,16.6,97,0,6,10,0,78,41,0.9,13.0,0,2,14.0,48.5,100.0,24.7,12.0,0,4,12.1,74.6,0,25,0.0,0,3,61.0,16,415,70.9,415,6,19,33,0,147,37,0.4,9.2
Grant Stuard,55933,LB,DET,2,3,0,11,0,,,,,,0,0,,,0,,,0,0,0.0,0,0,0.0,0,0,0,0,0,0,0,,,0,0,,,100.0,,,0,0,,61.0,0,,,0,0,0.0,0,2,66.7,2,0,0,0,0,0,0,0.0,
Bryan Cook,55940,S,KC,17,502,0,16,1,5.5,76.9,99.2,11.0,8.5,0,2,15.4,67.4,0,15,8.3,1,2,130.8,10,121,24.1,122,2,10,13,2,78,37,0.7,7.8,0,3,10.2,71.4,100.0,29.0,20.7,1,3,21.4,82.7,0,26,3.2,1,3,92.3,10,297,59.2,297,6,27,14,0,103,23,0.4,10.3
Nate Hobbs,55948,CB,GB,11,245,0,12,0,19.3,33.3,98.2,44.0,14.7,0,1,33.3,71.2,0,7,0.0,0,1,42.4,1,55,22.4,56,0,1,3,0,7,1,0.2,7.0,0,2,15.4,72.2,98.6,10.1,7.3,1,1,5.6,46.6,0,35,8.3,1,1,150.0,13,137,55.9,139,2,9,18,2,219,39,1.7,16.8
Tony Adams,55953,S,NYJ,10,262,0,22,2,2.2,80.0,97.9,22.0,17.6,0,1,20.0,68.8,0,3,7.7,1,1,79.2,4,95,36.3,97,6,10,5,0,7,2,0.1,1.8,0,3,9.2,60.0,96.8,15.8,9.5,0,4,26.7,61.6,0,30,6.3,1,4,115.7,9,151,57.6,156,5,12,15,1,149,82,1.0,16.6
Raheem Layne,55960,S,NYG,3,60,0,21,0,,,100.0,,,0,0,,65.1,0,,0.0,0,0,0.0,0,15,25.0,15,0,2,0,0,0,0,0.0,,0,0,5.8,75.0,94.7,11.0,8.3,0,1,25.0,65.3,0,11,25.0,1,0,92.7,3,36,60.0,38,2,3,4,0,27,20,0.8,9.0
Geno Stone,55967,S,CIN,17,579,0,7,2,5.0,57.1,88.5,34.3,19.6,1,0,0.0,58.7,1,26,11.1,2,0,36.9,4,146,25.2,165,2,14,7,0,45,44,0.3,11.3,0,5,7.7,73.9,97.0,16.5,12.2,1,1,4.3,56.9,1,68,18.2,8,1,117.3,17,291,50.3,300,8,31,23,2,236,150,0.8,13.9
Markquese Bell,56033,S,DAL,14,214,0,9,1,7.9,70.0,97.4,9.3,6.5,0,2,20.0,58.4,0,44,0.0,0,0,102.1,7,74,34.6,76,1,5,10,0,100,61,1.5,14.3,0,4,4.7,100.0,95.3,16.6,16.6,0,0,0.0,39.9,1,16,13.3,2,0,110.7,7,123,57.5,129,0,9,7,1,74,44,0.6,10.6
Mike Brown,56054,S,TEN,3,3,0,31,0,,,100.0,,,0,0,,60.0,0,,,0,0,0.0,0,1,33.3,1,0,0,0,0,0,0,0.0,,0,0,,,100.0,,,0,0,,60.0,0,,,0,0,0.0,0,1,33.3,1,0,0,0,0,0,0,0.0,
Benjamin St-Juste,56061,CB,LAC,17,263,0,27,0,14.9,30.0,100.0,15.0,4.5,0,2,20.0,57.9,0,18,0.0,0,0,48.3,3,50,19.0,50,1,3,10,0,51,0,1.1,17.0,0,1,12.2,54.2,100.0,12.7,6.9,0,4,16.7,88.5,1,18,0.0,0,2,52.1,13,169,64.3,169,6,17,24,0,128,39,0.8,9.8
Reed Blankenship,56065,S,PHI,17,650,0,24,0,8.1,68.8,98.9,14.9,10.3,0,1,6.3,60.9,1,29,18.8,3,0,79.4,11,175,26.9,177,3,13,16,1,97,25,0.6,8.8,0,1,9.9,73.9,99.7,16.8,12.4,0,1,4.3,37.8,0,34,10.5,2,1,110.1,17,298,45.8,299,6,16,23,1,176,66,0.6,10.4
Ty Okada,56089,S,SEA,19,501,0,29,0,5.4,100.0,94.9,7.4,7.4,0,0,0.0,49.1,0,17,12.5,1,0,146.5,9,74,14.8,78,0,7,9,2,87,38,1.3,9.7,0,3,10.3,59.1,97.4,22.5,13.3,0,2,9.1,60.6,0,41,4.5,1,1,101.1,13,305,60.9,313,5,18,22,1,183,43,0.6,14.1
Kemon Hall,56123,CB,TEN,2,48,0,31,0,1.0,100.0,100.0,6.0,6.0,0,0,0.0,53.2,0,4,0.0,0,0,83.3,1,6,12.5,6,0,1,1,0,4,3,0.7,4.0,0,0,2.1,100.0,92.7,5.1,5.1,0,0,0.0,70.7,0,32,14.3,1,0,118.8,7,38,79.2,41,2,6,7,0,95,80,2.6,13.6
Jason Pinnock,56144,S,SF,18,293,0,28,0,2.0,100.0,96.4,22.5,22.5,0,0,0.0,56.6,0,3,33.3,1,0,118.8,2,53,18.1,55,1,2,2,2,4,1,0.1,2.0,0,2,3.8,100.0,95.4,9.6,9.6,0,0,0.0,44.8,0,24,15.0,3,0,123.1,18,185,63.1,194,7,15,18,1,164,102,0.9,9.1
Tre Avery,56146,CB,CLV,3,37,0,8,0,12.0,50.0,100.0,10.0,5.0,0,0,0.0,52.1,0,3,0.0,0,0,56.3,1,11,29.7,11,1,1,2,0,3,1,0.3,3.0,0,1,12.6,80.0,100.0,5.5,4.4,0,0,0.0,53.0,0,40,0.0,0,0,118.8,4,22,59.5,22,0,2,5,0,64,18,2.9,16.0
DaRon Bland,56158,CB,DAL,12,461,0,9,0,12.6,47.6,98.2,9.0,4.3,0,3,14.3,59.1,0,20,0.0,0,2,96.5,10,107,23.2,109,2,8,21,2,116,28,1.3,11.6,0,7,8.5,74.5,97.8,7.7,5.7,0,3,5.9,71.3,1,50,10.6,5,3,107.9,38,308,66.8,315,11,35,51,2,475,201,1.6,12.5
Marte Mapu,56159,LB,NE,17,109,0,19,1,2.8,40.0,94.6,15.0,6.0,0,1,20.0,74.5,0,20,0.0,0,1,67.9,2,35,32.1,37,0,0,5,0,39,38,1.3,19.5,0,1,3.9,88.2,98.5,4.5,3.9,0,2,11.8,76.5,1,21,0.0,0,2,77.9,15,67,61.5,68,4,10,17,0,146,109,2.2,9.7
Keisean Nixon,56167,CB,GB,18,657,0,12,0,12.1,63.0,100.0,6.6,4.2,0,6,22.2,43.5,1,46,0.0,0,6,112.3,17,130,19.8,130,3,12,27,4,218,21,1.9,12.8,0,4,12.2,66.7,100.0,11.4,7.6,0,5,9.8,66.7,0,42,5.6,2,4,108.4,34,404,61.5,404,8,30,51,3,381,90,1.0,11.2
Ifeatu Melifonwu,56203,S,MIA,16,318,0,17,0,2.4,85.7,97.2,11.3,9.7,0,0,0.0,68.5,1,22,20.0,2,0,52.1,6,70,22.0,72,2,8,7,0,42,32,0.6,7.0,0,6,4.3,100.0,89.2,17.8,17.8,0,0,0.0,65.3,0,24,9.1,2,0,140.5,11,206,64.8,231,3,14,11,1,115,69,0.6,10.5
Christian Braswell,56207,CB,JAX,10,131,0,15,0,10.4,60.0,100.0,5.7,3.4,0,0,0.0,30.1,0,12,0.0,0,0,74.6,3,19,14.5,19,0,3,5,0,27,-2,1.6,9.0,0,1,10.1,58.3,100.0,10.7,6.3,0,2,16.7,79.7,0,31,9.1,1,1,68.8,7,79,60.3,79,3,9,12,0,52,13,0.7,7.4
Quentin Lake,56245,S,LA,13,503,0,26,0,12.3,53.8,97.9,12.1,6.5,0,2,15.4,48.4,1,34,0.0,0,2,85.9,7,95,18.9,97,1,5,13,2,98,20,1.2,14.0,0,6,7.3,65.2,91.7,10.6,6.9,2,7,15.2,75.0,0,39,7.5,3,6,92.8,30,331,65.8,361,7,31,46,1,322,140,1.0,10.7
Darnay Holmes,56247,CB,LV,12,143,0,23,0,15.4,55.6,90.7,6.8,3.8,0,1,11.1,29.5,0,52,0.0,0,1,122.9,5,39,27.3,43,0,5,9,1,81,16,2.4,16.2,0,2,10.9,70.6,96.5,6.6,4.6,0,0,0.0,60.3,0,24,8.3,1,0,91.1,12,82,57.3,85,5,9,17,0,123,50,1.6,10.3
Jaylon Johnson,56259,CB,CHI,9,235,0,6,0,14.0,63.6,100.0,11.4,7.3,0,2,18.2,58.6,0,47,0.0,0,2,107.2,7,81,34.5,81,0,7,11,0,177,72,2.2,25.3,0,0,11.7,64.3,97.1,14.3,9.2,0,2,14.3,56.0,1,30,10.0,1,1,61.9,9,133,56.6,137,0,9,14,0,121,62,0.9,13.4
Keith Taylor Jr.,56289,CB,JAX,1,36,0,15,0,12.3,66.7,100.0,4.0,2.7,0,0,0.0,44.8,0,26,0.0,0,0,109.0,2,8,22.2,8,0,2,3,0,37,10,4.6,18.5,0,0,13.5,50.0,100.0,21.0,10.5,0,0,0.0,74.7,0,10,0.0,0,0,64.6,1,24,66.7,24,1,1,2,0,10,5,0.5,10.0
Elijah Molden,56290,S,LAC,13,356,0,27,2,5.4,60.0,100.0,18.0,10.8,0,0,0.0,57.6,0,11,0.0,0,0,110.0,3,56,15.7,56,0,4,5,1,22,15,0.4,7.3,0,4,11.1,50.0,100.0,37.5,18.8,0,0,0.0,58.1,1,16,17.2,5,0,29.2,6,236,66.3,236,3,20,12,0,58,44,0.3,9.7
Devon Key,56307,S,DEN,10,68,0,10,0,-2.0,100.0,100.0,15.0,15.0,0,0,0.0,76.7,0,9,0.0,0,0,104.2,1,17,25.0,17,0,1,1,0,9,11,0.6,9.0,0,0,19.5,50.0,100.0,27.0,13.5,0,0,0.0,71.6,0,6,0.0,0,0,56.3,1,27,39.7,27,1,2,2,0,6,0,0.2,6.0
Chris Rumph II,56345,ED,NO,17,60,0,20,0,,,4.8,,,0,0,,60.0,0,,,0,0,0.0,0,1,1.7,21,1,0,0,0,0,0,0.0,,0,2,2.8,100.0,43.1,9.6,9.6,0,0,0.0,48.5,0,21,12.5,1,0,118.8,5,50,83.3,116,1,5,5,0,64,50,1.3,12.8
A.J. Epenesa,56369,ED,BUF,18,26,0,4,1,,,7.5,,,0,0,,61.5,0,,0.0,0,0,0.0,0,5,19.2,67,0,0,0,0,0,0,0.0,,0,2,5.0,0.0,9.1,,13.0,0,0,0.0,76.9,1,,25.0,1,0,0.0,0,14,53.8,154,3,1,1,0,0,0,0.0,
Chase Young,56436,ED,NO,12,33,0,20,0,,,3.3,,,0,0,,60.8,0,,,0,0,0.0,0,2,6.1,61,1,0,0,0,0,0,0.0,,0,0,5.3,100.0,11.3,5.8,5.8,0,0,0.0,35.4,0,36,80.0,4,0,118.8,4,24,72.7,213,11,1,4,0,61,40,2.7,15.3
Yetur Gross-Matos,56444,ED,SF,10,5,0,28,0,,,4.2,,,0,0,,60.4,0,,,0,0,0.0,0,2,40.0,48,0,0,0,0,0,0,0.0,,0,1,-1.0,100.0,3.7,3.0,3.0,0,0,0.0,58.3,0,11,20.0,1,0,112.5,1,3,60.0,81,2,3,1,0,11,12,3.7,11.0
Patrick Johnson,56460,ED,PHI,7,11,0,24,0,,,21.1,,,0,0,,35.8,0,,0.0,0,0,0.0,0,4,36.4,19,1,1,0,0,0,0,0.0,,0,0,2.0,66.7,25.0,3.5,2.3,0,0,0.0,28.8,0,18,0.0,0,0,147.2,2,7,63.6,28,1,1,3,1,36,32,5.1,18.0
Cam Sample,56462,ED,CIN,14,6,0,7,0,-6.0,100.0,5.0,2.0,2.0,0,0,0.0,52.4,0,8,50.0,1,0,139.6,1,2,33.3,40,2,1,1,1,8,14,4.0,8.0,0,1,6.0,50.0,5.8,4.0,2.0,0,0,0.0,62.1,0,14,0.0,0,0,72.9,1,4,66.7,69,2,4,2,0,14,7,3.5,14.0
Milton Williams,56682,DI,NE,15,7,0,19,0,,,2.4,,,0,0,,57.4,0,,,0,0,0.0,0,3,42.9,125,0,0,0,0,0,0,0.0,,0,0,6.0,100.0,0.9,2.0,2.0,0,0,0.0,60.1,0,17,16.7,1,0,118.8,1,2,28.6,225,8,5,1,0,17,11,8.5,17.0
Kwity Paye,56713,ED,IND,17,46,0,14,0,0.0,100.0,4.3,4.0,4.0,0,0,0.0,38.8,0,15,,0,0,118.8,1,6,13.0,141,2,0,1,0,15,15,3.8,15.0,0,1,2.5,100.0,14.3,16.5,16.5,0,0,0.0,39.6,0,17,33.3,2,0,118.8,2,34,73.9,237,4,3,2,0,32,27,1.0,16.0
Javon Kinlaw,56834,DI,WAS,17,3,0,32,0,,,1.0,,,0,0,,63.1,0,,50.0,1,0,0.0,0,1,33.3,102,1,1,0,0,0,0,0.0,,0,1,,,0.9,,,0,0,,56.6,0,,66.7,4,0,0.0,0,2,66.7,230,1,1,0,0,0,0,0.0,
Arnold Ebiketie,56862,ED,ATL,17,22,0,2,0,,,5.7,,,0,0,,62.7,0,,0.0,0,0,0.0,0,2,9.1,35,2,1,0,0,0,0,0.0,,0,0,-2.0,100.0,13.0,9.5,9.5,0,0,0.0,63.3,0,0,33.3,3,0,79.2,2,19,86.4,146,5,6,2,0,0,4,0.0,0.0
Micheal Clemons,56872,ED,NYJ,16,4,0,22,0,,,0.0,,,0,0,,60.0,0,,0.0,0,0,0.0,0,0,0.0,122,1,1,0,0,0,0,,,0,0,7.0,100.0,1.7,3.0,3.0,0,0,0.0,60.6,0,8,100.0,2,0,100.0,1,3,75.0,177,0,0,1,0,8,1,2.7,8.0
Jaelan Phillips,56902,ED,PHI,18,84,0,24,1,3.0,100.0,12.3,15.0,15.0,0,0,0.0,73.1,0,4,50.0,3,0,83.3,1,16,19.0,130,2,2,1,0,4,1,0.3,4.0,0,1,1.9,87.5,20.7,7.7,6.8,0,1,12.5,69.6,0,16,33.3,2,1,98.4,7,56,66.7,270,4,3,8,0,61,50,1.1,8.7
Dayo Odeyingbo,56923,ED,CHI,8,11,0,6,1,,,6.9,,,0,0,,64.4,0,,0.0,0,0,0.0,0,4,36.4,58,0,0,0,0,0,0,0.0,,0,0,7.5,100.0,3.6,2.0,2.0,0,0,0.0,43.0,0,21,50.0,1,0,118.8,2,5,45.5,137,2,1,2,0,27,12,6.8,13.5
DeAngelo Malone,56941,ED,ATL,5,4,0,2,0,,,66.7,,,0,0,,61.7,0,,,0,0,0.0,0,2,50.0,3,0,0,0,0,0,0,0.0,,0,0,,,22.2,,,0,0,,68.9,1,,,0,0,0.0,0,2,50.0,9,0,0,0,0,0,0,0.0,
James Lynch,56962,DI,TEN,17,2,0,31,0,,,5.9,,,0,0,,60.5,0,,,0,0,0.0,0,2,100.0,34,0,0,0,0,0,0,0.0,,0,0,,,0.0,,,0,0,,55.2,0,,0.0,0,0,0.0,0,0,0.0,113,0,2,0,0,0,0,,
Cory Durden,56976,DI,NE,20,1,0,19,0,,,0.0,,,0,0,,61.3,0,,100.0,1,0,0.0,0,0,0.0,73,0,0,0,0,0,0,,,0,2,,,0.7,,,0,0,,63.0,0,,20.0,1,0,0.0,0,1,100.0,153,2,2,0,0,0,0,0.0,
Marlon Tuipulotu,57035,DI,KC,3,1,0,16,0,,,0.0,,,0,0,,,0,,,0,0,0.0,0,0,0.0,2,0,0,0,0,0,0,,,0,1,,,12.5,,,0,0,,61.7,0,,0.0,0,0,0.0,0,1,100.0,8,0,0,0,0,0,0,0.0,
Jack Gibbens,57662,LB,NE,20,259,0,19,0,-0.7,88.9,75.8,7.9,7.0,0,0,0.0,67.6,0,18,20.0,1,0,88.0,8,69,26.6,91,3,4,9,0,46,54,0.7,5.8,0,7,5.5,87.5,90.8,7.7,6.8,1,2,8.3,61.1,0,24,3.4,1,2,111.1,21,168,64.9,185,9,21,24,1,176,99,1.1,8.4
D'Marco Jackson,57691,LB,CHI,12,183,0,6,0,-2.7,66.7,59.7,19.0,12.7,0,0,0.0,51.0,0,6,50.0,1,0,70.1,2,40,21.9,67,0,1,3,0,9,19,0.2,4.5,0,4,4.0,63.2,97.1,10.7,6.7,0,3,15.8,90.3,1,23,0.0,0,2,68.8,12,132,72.1,136,8,17,19,1,84,61,0.7,7.0
K.J. Britt,57727,LB,MIA,8,82,0,17,0,,,90.0,,,0,0,,67.6,0,,,0,0,0.0,0,18,22.0,20,0,0,0,0,0,0,0.0,,0,2,3.3,85.7,93.1,8.5,7.3,0,0,0.0,38.5,0,9,14.3,1,0,94.6,6,54,65.9,58,1,4,7,0,47,28,0.9,7.8
Jalen Pitre,57737,S,HST,16,514,0,13,1,8.9,66.7,90.4,11.5,7.7,0,1,8.3,69.4,1,32,0.0,0,0,57.6,8,104,20.2,115,2,9,12,0,100,36,1.1,12.5,0,4,5.4,75.0,90.1,8.8,6.6,0,4,9.1,81.6,3,33,13.9,5,4,66.8,33,302,58.8,335,9,27,44,0,323,194,1.1,9.8
Terrel Bernard,57739,LB,BUF,12,310,0,4,0,-4.0,100.0,68.2,18.3,18.3,0,0,0.0,61.0,0,26,33.3,1,0,105.6,3,58,18.7,85,0,2,3,0,28,40,0.5,9.3,0,2,8.5,71.4,91.2,9.1,6.5,0,2,7.1,52.8,1,29,13.6,3,2,98.2,20,187,60.3,205,8,17,28,1,266,87,1.5,13.3
Isaiah McDuffie,57754,LB,GB,18,237,0,12,1,8.0,66.7,60.0,9.5,6.3,0,0,0.0,41.4,0,9,0.0,0,0,79.9,2,24,10.1,40,0,2,3,0,16,7,0.8,8.0,0,3,5.0,69.6,92.5,10.5,7.3,0,1,4.3,55.7,0,26,7.1,2,1,103.0,16,173,73.0,187,8,23,23,1,157,77,0.9,9.8
Baylon Spector,57782,LB,BUF,2,3,0,4,0,,,20.0,,,0,0,,60.0,0,,,0,0,0.0,0,1,33.3,5,0,0,0,0,0,0,0.0,,0,0,,,50.0,,,0,0,,60.0,0,,,0,0,0.0,0,1,33.3,2,0,0,0,0,0,0,0.0,
Nate Landman,57788,LB,LA,20,662,0,26,0,3.7,33.3,78.9,106.0,35.3,0,0,0.0,69.0,0,5,0.0,0,0,42.4,1,112,16.9,142,0,3,3,0,5,0,0.0,5.0,0,9,4.4,82.8,90.2,8.9,7.4,0,5,8.6,66.4,1,35,15.1,8,3,97.6,48,444,67.1,492,14,36,58,0,530,341,1.2,11.0
Ventrell Miller,57809,LB,JAX,12,110,0,15,0,2.0,100.0,46.9,13.0,13.0,0,0,0.0,51.7,0,9,0.0,0,0,104.2,1,15,13.6,32,0,1,1,0,9,7,0.7,9.0,0,2,5.1,33.3,91.5,20.3,6.8,0,0,0.0,53.2,0,7,14.3,1,0,42.4,3,65,59.1,71,2,4,9,0,11,17,0.2,3.7
James Houston,57810,ED,DAL,17,16,0,9,0,,,6.1,,,0,0,,65.9,0,,0.0,0,0,0.0,0,3,18.8,49,1,1,0,0,0,0,0.0,,0,0,10.0,0.0,9.4,,13.0,0,0,0.0,63.7,0,,66.7,2,0,39.6,0,13,81.3,139,4,1,1,0,0,0,0.0,
Mykal Walker,57834,LB,NYJ,10,61,0,22,0,5.0,100.0,69.6,15.0,15.0,0,0,0.0,57.1,0,17,,0,0,118.8,1,16,26.2,23,0,0,1,0,17,12,1.1,17.0,0,1,-2.8,50.0,95.1,19.5,9.8,0,1,25.0,77.8,0,5,0.0,0,1,56.3,2,39,63.9,41,0,0,4,0,7,15,0.2,3.5
Robert Beal Jr.,57840,ED,SF,7,2,0,28,0,,,0.0,,,0,0,,,0,,,0,0,0.0,0,0,0.0,13,0,0,0,0,0,0,,,0,0,,,6.3,,,0,0,,61.5,0,,50.0,1,0,0.0,0,2,100.0,32,0,1,0,0,0,0,0.0,
Del'Shawn Phillips,57868,LB,LAC,7,31,0,27,0,,,33.3,,,0,0,,61.9,0,,,0,0,0.0,0,2,6.5,6,0,0,0,0,0,0,0.0,,0,1,2.0,100.0,82.8,7.7,7.7,0,0,0.0,36.1,0,37,33.3,1,0,118.8,3,24,77.4,29,2,1,3,0,66,60,2.9,22.0
Jake Hummel,57879,LB,BLT,4,12,0,3,0,-3.0,100.0,57.1,3.0,3.0,0,0,0.0,51.0,0,8,100.0,1,0,100.0,1,4,33.3,7,0,0,1,0,8,11,2.7,8.0,0,0,,,80.0,,,0,0,,63.9,0,,,0,0,0.0,0,4,33.3,5,0,0,0,0,0,0,0.0,
Jamin Davis,57905,LB,LV,2,7,0,23,0,,,,,,0,0,,,0,,,0,0,0.0,0,0,0.0,0,0,0,0,0,0,0,,,0,0,9.5,100.0,85.7,3.0,3.0,0,0,0.0,33.8,0,23,0.0,0,0,118.8,2,6,85.7,7,0,2,2,0,38,19,6.3,19.0
Patrick Queen,57941,LB,PIT,18,669,0,25,0,1.5,80.0,77.5,15.1,12.1,0,1,6.7,59.1,0,33,42.9,3,0,105.6,12,200,29.9,258,2,4,15,0,140,133,0.8,11.7,0,18,6.0,79.5,95.2,6.6,5.2,0,1,1.4,29.2,0,50,18.8,12,1,107.1,58,398,59.5,418,8,34,73,1,629,305,1.6,10.8
K'Lavon Chaisson,57945,ED,NE,19,24,0,19,0,3.0,0.0,5.1,,4.0,0,1,50.0,87.1,0,,50.0,2,1,39.6,0,9,37.5,175,4,2,2,0,0,0,0.0,,0,1,6.0,100.0,3.5,11.0,11.0,0,0,0.0,72.8,0,6,44.4,4,0,91.7,1,11,45.8,316,10,4,1,0,6,0,0.5,6.0
Willie Gay,57987,LB,MIA,13,70,0,17,1,9.0,0.0,80.0,,15.0,0,1,100.0,84.0,0,,0.0,0,1,39.6,0,16,22.9,20,0,1,1,0,0,0,0.0,,0,0,4.1,80.0,71.2,4.9,3.9,0,1,10.0,62.8,0,18,0.0,0,1,91.3,8,42,60.0,59,5,9,10,0,59,29,1.5,7.4
Pete Werner,58093,LB,NO,17,332,0,20,0,,,80.0,,,0,1,,71.8,0,,50.0,1,1,0.0,0,44,13.3,55,0,1,0,0,0,0,0.0,,0,4,6.2,69.2,87.1,12.6,8.7,1,0,0.0,41.8,0,42,16.1,5,0,109.0,18,237,71.4,272,5,22,26,1,227,114,1.0,12.6
Baron Browning,58095,ED,ARZ,15,114,0,1,1,,,2.1,,,0,0,,46.2,0,,0.0,0,0,0.0,0,1,0.9,48,0,1,0,0,0,0,0.0,,0,5,-0.4,100.0,47.2,7.0,7.0,0,0,0.0,41.5,1,11,34.8,8,0,64.9,14,102,89.5,216,5,10,14,0,94,99,1.0,6.7
Kenneth Murray Jr.,58099,LB,DAL,17,497,0,9,1,-1.8,100.0,85.0,18.2,18.2,0,0,0.0,50.0,0,41,16.7,1,0,118.8,5,102,20.5,120,3,4,5,0,63,72,0.7,12.6,0,11,5.7,67.6,93.9,12.8,8.6,0,3,8.1,54.6,0,26,11.4,4,1,86.1,25,338,68.0,360,8,20,37,0,246,139,0.8,9.8
Derrick Barnes,58120,LB,DET,17,369,0,11,1,3.5,75.0,52.4,30.3,22.8,0,0,0.0,72.2,0,33,25.0,1,0,138.5,3,98,26.6,187,4,2,4,1,33,20,0.4,11.0,0,5,3.4,90.9,75.1,11.7,10.6,0,1,4.5,48.6,1,22,9.5,2,1,101.5,20,241,65.3,321,5,14,22,1,204,145,0.9,10.2
Buddy Johnson,58189,LB,IND,1,15,0,14,0,17.0,100.0,60.0,2.0,2.0,0,0,0.0,43.5,0,23,,0,0,118.8,1,3,20.0,5,0,0,1,0,23,6,11.5,23.0,0,0,10.0,100.0,100.0,5.0,5.0,0,0,0.0,38.9,0,22,0.0,0,0,118.8,2,10,66.7,10,0,1,2,0,39,19,3.9,19.5
Devin Lloyd,58238,LB,JAX,16,386,0,15,1,2.6,40.0,51.2,19.0,7.6,0,1,20.0,93.0,1,16,0.0,0,1,9.2,2,43,11.1,84,1,2,5,0,16,17,0.4,8.0,0,6,4.6,90.3,82.7,7.8,7.1,0,0,0.0,66.3,3,29,12.5,3,0,77.1,28,229,59.3,277,5,15,31,1,292,194,1.3,10.4
Joe Tryon-Shoyinka,58272,ED,CHI,13,2,0,6,0,,,5.9,,,0,0,,60.0,0,,,0,0,0.0,0,1,50.0,17,0,0,0,0,0,0,0.0,,0,0,,,1.9,,,0,0,,61.4,0,,0.0,0,0,0.0,0,1,50.0,52,1,2,0,0,0,0,0.0,
Daniel Scott,60640,S,IND,2,13,0,14,0,,,,,,0,0,,,0,,,0,0,0.0,0,0,0.0,0,0,0,0,0,0,0,,,0,0,3.0,100.0,100.0,10.0,10.0,0,0,0.0,63.1,0,3,0.0,0,0,79.2,1,10,76.9,10,1,1,1,0,3,0,0.3,3.0
Michael Carter II,60644,CB,PHI,13,143,0,24,0,9.2,50.0,94.9,9.8,4.9,1,0,0.0,46.4,0,31,0.0,0,0,81.3,5,56,39.2,59,0,4,10,0,90,50,1.8,18.0,0,2,-2.0,100.0,91.2,9.0,9.0,0,0,0.0,49.7,0,31,20.0,1,0,105.6,6,62,43.4,68,1,2,6,0,56,68,1.0,9.3
James Pierre,60649,CB,PIT,11,255,0,25,1,9.8,40.0,100.0,19.5,7.8,1,5,50.0,77.0,0,16,20.0,1,4,51.7,4,86,33.7,86,0,3,10,0,39,14,0.5,9.8,0,2,9.4,61.1,100.0,12.1,7.4,0,3,16.7,86.4,1,25,10.0,2,3,75.9,11,139,54.5,139,6,16,18,1,119,59,0.9,10.8
Grant Delpit,60685,S,CLV,17,535,0,8,3,6.9,53.8,88.1,13.9,7.5,0,1,3.8,53.2,0,44,0.0,0,1,108.3,14,208,38.9,236,2,7,26,2,223,134,1.1,15.9,0,7,7.9,80.6,91.5,10.7,8.6,0,2,6.5,61.4,1,34,10.3,3,2,89.4,25,280,52.3,306,11,19,31,0,269,130,1.0,10.8
Malcolm Rodriguez,60731,LB,DET,5,37,0,11,0,,,100.0,,,0,0,,62.8,0,,,0,0,0.0,0,4,10.8,4,0,0,0,0,0,0,0.0,,0,0,6.9,87.5,90.3,3.7,3.3,0,0,0.0,28.5,0,27,28.6,2,0,112.0,7,28,75.7,31,1,5,8,0,87,45,3.3,12.4
Darren Hall,60742,S,ARZ,7,73,0,1,0,6.0,0.0,100.0,,13.0,0,0,0.0,67.7,0,,0.0,0,0,39.6,0,15,20.5,15,0,2,1,0,0,0,0.0,,0,1,9.0,100.0,95.7,10.3,10.3,0,0,0.0,38.8,0,39,42.9,3,0,118.8,4,45,61.6,47,0,3,4,0,71,35,1.7,17.8
Garret Wallow,60761,LB,SF,5,59,0,28,0,5.0,100.0,61.1,10.0,10.0,0,0,0.0,58.4,0,6,50.0,1,0,91.7,1,11,18.6,18,1,1,1,0,6,1,0.6,6.0,0,2,5.8,66.7,97.8,11.0,7.3,0,1,16.7,53.4,0,24,14.3,1,1,86.1,4,45,76.3,46,1,4,6,0,41,26,0.9,10.3
Isaiah Pola-Mao,60781,S,LV,17,597,0,23,1,4.8,66.7,96.0,14.0,9.3,1,0,0.0,63.0,1,9,16.7,2,0,33.3,6,95,15.9,99,3,9,9,0,33,14,0.4,5.5,0,2,13.2,64.3,98.1,22.3,14.3,1,2,7.1,30.4,1,43,17.1,7,2,111.8,18,423,70.9,431,4,32,28,2,317,100,0.8,17.6
Keion White,60998,ED,SF,16,4,0,28,0,,,2.2,,,0,0,,60.3,0,,,0,0,0.0,0,2,50.0,90,0,0,0,0,0,0,0.0,,0,1,,,1.0,,,0,0,,56.8,0,,25.0,1,0,0.0,0,2,50.0,207,3,2,0,0,0,0,0.0,
Noah Igbinoghene,61155,CB,WAS,12,233,0,32,0,8.0,62.5,98.0,9.0,5.6,0,2,25.0,46.1,0,41,0.0,0,2,106.3,5,49,21.0,50,0,4,8,0,100,59,2.2,20.0,0,3,8.5,68.4,98.5,9.7,6.6,0,2,10.5,66.4,0,42,11.8,2,2,97.7,13,130,55.8,132,6,12,19,0,176,104,1.4,13.5
Dominique Robinson,61436,ED,CHI,13,7,0,6,0,9.0,100.0,5.6,2.0,2.0,0,0,0.0,61.8,0,13,0.0,0,0,118.8,1,2,28.6,36,2,3,1,0,13,4,6.5,13.0,0,0,1.0,100.0,5.2,4.0,4.0,0,0,0.0,37.0,0,28,50.0,1,0,118.8,1,5,71.4,96,3,1,1,0,28,27,7.0,28.0
Daiyan Henley,61500,LB,LAC,17,558,0,27,0,-2.0,100.0,70.3,66.0,66.0,0,0,0.0,71.5,0,11,,0,0,112.5,1,71,12.7,101,0,0,1,0,11,13,0.2,11.0,0,6,3.8,88.7,91.0,6.5,5.8,0,2,3.2,37.0,1,29,9.3,4,1,94.3,55,376,67.4,413,13,33,62,0,511,344,1.4,9.3
Tariq Woolen,61790,CB,SEA,18,633,0,29,0,10.8,38.1,100.0,13.8,5.2,0,6,28.6,63.0,0,24,14.3,1,4,86.7,8,123,19.4,123,2,6,21,3,67,12,0.6,8.4,0,1,11.9,51.4,99.4,17.0,8.7,0,7,18.9,64.0,1,45,23.5,4,6,58.1,19,336,53.1,338,3,12,37,0,217,83,0.7,11.4
Christian Elliss,61853,LB,NE,18,333,0,19,0,1.8,80.0,74.8,21.3,17.0,0,1,20.0,75.4,0,9,11.1,1,1,87.5,4,92,27.6,123,4,8,5,0,25,19,0.3,6.3,0,6,3.4,87.5,84.1,7.3,6.4,0,3,9.4,51.5,0,23,14.3,5,3,103.8,28,211,63.4,251,3,24,32,0,285,196,1.4,10.2
Charles Snowden,62775,ED,LV,13,76,0,23,0,4.0,0.0,21.7,,5.0,0,0,0.0,38.0,0,,,0,0,39.6,0,5,6.6,23,1,0,1,0,0,0,0.0,,0,2,1.5,100.0,69.6,7.4,7.4,0,0,0.0,77.9,1,13,0.0,0,0,53.6,8,64,84.2,92,4,5,8,0,51,39,0.9,6.4
Theo Jackson,62919,S,MIN,13,302,0,18,0,4.0,0.0,88.7,,51.0,0,0,0.0,60.0,0,,0.0,0,0,39.6,0,55,18.2,62,2,1,1,0,0,0,0.0,,0,3,7.4,77.8,97.9,25.4,19.8,0,0,0.0,62.1,0,31,16.7,3,0,107.9,7,188,62.3,192,1,12,9,0,89,51,0.5,12.7
Matthew Butler,62931,DI,MIA,12,3,0,17,0,,,14.3,,,0,0,,57.0,0,,,0,0,0.0,0,3,100.0,21,0,0,0,0,0,0,0.0,,0,0,,,0.0,,,0,0,,,0,,,0,0,0.0,0,0,0.0,71,0,0,0,0,0,0,,
Jack Cochrane,63345,LB,KC,6,25,0,16,0,,,66.7,,,0,0,,60.9,0,,,0,0,0.0,0,2,8.0,3,0,0,0,0,0,0,0.0,,0,1,4.7,66.7,95.2,9.5,6.3,0,0,0.0,84.3,1,8,0.0,0,0,34.7,2,20,80.0,21,0,1,3,0,12,8,0.6,6.0
Akayleb Evans,65033,CB,CAR,4,37,0,5,0,,,100.0,,,0,0,,63.8,0,,,0,0,0.0,0,4,10.8,4,0,0,0,0,0,0,0.0,,0,0,15.0,100.0,100.0,14.0,14.0,0,0,0.0,56.5,0,15,,0,0,152.1,2,28,75.7,28,0,0,2,1,22,0,0.8,11.0
Samuel Womack III,65771,CB,NYJ,4,67,0,22,0,5.5,75.0,100.0,6.0,4.5,0,1,25.0,80.7,0,9,0.0,0,1,86.5,3,18,26.9,18,1,3,4,0,21,8,1.2,7.0,0,0,20.8,40.0,100.0,19.5,7.8,0,1,20.0,50.2,0,18,0.0,0,0,100.8,2,40,59.7,40,1,4,5,1,31,8,0.8,15.5
Zyon McCollum,66769,CB,TB,13,495,0,30,1,10.1,59.1,100.0,8.4,5.0,0,3,13.6,48.6,0,24,7.7,1,2,104.9,13,121,24.4,121,3,11,22,2,123,29,1.1,9.5,0,2,13.5,55.8,98.8,13.2,7.3,1,4,9.3,69.1,1,54,6.5,2,3,90.5,24,329,66.5,333,7,27,43,3,292,76,0.9,12.2
Tristin McCollum,66771,S,LV,9,92,0,23,0,,,94.7,,,0,0,,51.4,0,,,0,0,0.0,0,18,19.6,19,0,0,0,0,0,0,0.0,,0,1,11.8,75.0,100.0,20.0,15.0,0,0,0.0,52.6,0,19,16.7,1,0,93.8,3,62,67.4,62,2,4,4,0,28,15,0.5,9.3
Kobie Turner,66894,DI,LA,20,9,0,26,0,8.0,0.0,2.5,,3.0,0,0,0.0,63.3,1,,100.0,1,0,0.0,0,3,33.3,121,2,0,1,0,0,0,0.0,,0,1,,,1.3,,,0,0,,52.6,0,,50.0,4,0,0.0,0,5,55.6,379,6,3,0,0,0,0,0.0,
Zach Sieler,66917,DI,MIA,17,12,0,17,0,,,9.0,,,0,0,,58.1,0,,100.0,1,0,0.0,0,10,83.3,111,0,0,0,0,0,0,0.0,,0,1,6.0,100.0,0.6,2.0,2.0,0,0,0.0,58.6,0,7,42.9,3,0,95.8,1,2,16.7,311,4,3,1,0,7,1,3.5,7.0
Dennis Gardeck,66928,LB,JAX,18,146,0,15,1,11.0,100.0,34.1,12.0,12.0,0,0,0.0,43.3,0,29,50.0,1,0,118.8,1,14,9.6,41,0,0,1,0,29,18,2.4,29.0,0,2,5.5,90.9,46.6,6.9,6.3,0,2,18.2,38.2,0,32,9.1,1,2,116.3,10,75,51.4,161,3,8,11,0,131,80,1.9,13.1
Jonathan Owens,66930,S,CHI,10,34,0,6,0,11.0,100.0,78.6,4.5,4.5,0,0,0.0,48.6,0,12,0.0,0,0,116.7,2,11,32.4,14,0,2,2,0,24,2,2.7,12.0,0,0,-1.0,100.0,83.3,7.5,7.5,0,0,0.0,52.4,0,15,0.0,0,0,108.3,2,15,44.1,18,0,1,2,0,20,22,1.3,10.0
Tavierre Thomas,66931,S,MIN,3,5,0,18,0,,,,,,0,0,,,0,,,0,0,0.0,0,0,0.0,0,0,0,0,0,0,0,,,0,0,3.0,100.0,100.0,4.0,4.0,0,0,0.0,64.0,0,6,0.0,0,0,91.7,1,4,80.0,4,0,1,1,0,6,3,1.5,6.0
Trent McDuffie,72191,CB,KC,13,404,0,16,0,10.2,60.9,94.3,6.4,3.9,0,3,13.0,62.3,1,28,15.4,2,3,72.0,14,100,24.8,106,4,11,23,1,126,30,1.4,9.0,0,6,7.3,74.1,93.7,12.0,8.9,1,1,3.7,73.8,0,46,0.0,0,1,107.3,20,252,62.4,269,9,26,27,1,202,93,0.8,10.1
Evan Williams,73864,S,GB,17,600,0,12,0,8.8,66.7,97.6,13.3,8.8,0,0,0.0,52.0,0,10,14.3,1,0,105.2,8,122,20.3,125,0,6,12,1,57,17,0.5,7.1,0,4,9.2,75.0,97.8,19.3,14.5,0,1,4.2,71.5,3,43,12.8,5,1,75.3,18,359,59.8,367,7,30,24,1,210,52,0.6,11.7
Jonah Laulu,75763,DI,LV,17,7,0,23,1,,,0.0,,,0,0,,62.8,0,,33.3,1,0,0.0,0,0,0.0,65,1,1,0,0,0,0,,,0,5,4.0,50.0,2.5,6.0,3.0,1,1,50.0,61.9,0,7,22.2,2,1,58.3,1,7,100.0,283,5,2,2,0,7,4,1.2,7.0
Chad Muma,75818,LB,NE,6,26,0,19,0,,,85.7,,,0,0,,64.8,0,,,0,0,0.0,0,6,23.1,7,0,0,0,0,0,0,0.0,,0,0,6.0,100.0,94.7,18.0,18.0,0,0,0.0,57.6,0,11,0.0,0,0,112.5,1,18,69.2,19,0,1,1,0,11,5,0.6,11.0
Asante Samuel Jr.,76625,CB,PIT,6,160,0,25,0,10.8,83.3,100.0,8.4,7.0,0,0,0.0,55.9,0,27,0.0,0,0,152.1,5,46,28.8,46,0,3,6,1,66,27,1.6,13.2,0,0,9.7,33.3,100.0,95.0,31.7,0,1,33.3,71.9,1,8,33.3,1,0,2.8,1,99,61.9,99,0,2,3,0,8,12,0.1,8.0
Erick Hallett,76631,S,TEN,3,98,0,31,0,12.0,50.0,93.0,36.0,18.0,0,0,0.0,55.3,0,23,40.0,2,0,91.7,1,40,40.8,43,1,3,2,0,23,17,0.6,23.0,0,1,8.5,87.5,90.9,7.0,6.1,0,1,12.5,54.5,0,30,12.5,1,1,114.6,7,50,51.0,55,2,6,8,0,92,60,1.9,13.1
Elijah Jones,76632,CB,ARZ,1,20,0,1,0,,,100.0,,,0,0,,60.0,0,,,0,0,0.0,0,1,5.0,1,0,0,0,0,0,0,0.0,,0,0,21.3,33.3,100.0,17.0,5.7,0,2,66.7,83.3,0,21,0.0,0,2,59.0,1,17,85.0,17,0,1,3,0,21,0,1.2,21.0
Andre Cisco,76641,S,NYJ,8,265,0,22,0,7.2,83.3,94.5,15.8,13.2,0,1,16.7,62.9,0,12,0.0,0,1,131.3,5,86,32.5,91,0,8,6,2,36,8,0.5,7.2,0,2,12.8,80.0,96.3,18.1,14.5,0,0,0.0,55.0,0,28,23.5,4,0,118.8,8,155,58.5,161,3,11,10,0,150,98,1.0,18.8
Juanyeh Thomas,76655,S,DAL,5,156,0,9,0,2.3,100.0,100.0,8.0,8.0,0,0,0.0,46.8,0,16,25.0,1,0,143.8,3,29,18.6,29,1,3,3,1,27,20,1.1,9.0,0,1,,,99.1,,,0,0,,60.3,0,,40.0,2,0,0.0,0,107,68.6,108,0,2,0,0,0,0,0.0,
Chamarri Conner,76662,S,KC,17,564,0,16,0,8.0,44.4,84.1,29.8,13.2,0,0,0.0,53.5,0,48,25.0,2,0,68.8,4,132,23.4,157,1,6,9,0,64,53,0.5,16.0,0,4,5.9,89.1,94.7,7.9,7.1,1,2,4.3,54.3,1,48,15.9,7,2,107.1,41,339,60.1,358,10,33,46,1,466,237,1.4,11.4
DJ Ivey,76670,CB,CIN,12,89,0,7,0,17.4,40.0,97.2,16.0,6.4,0,1,20.0,76.9,0,7,0.0,0,1,47.9,2,35,39.3,36,1,2,5,0,11,0,0.3,5.5,0,1,7.2,66.7,100.0,9.3,6.2,0,1,16.7,61.5,0,20,0.0,0,1,100.0,4,38,42.7,38,0,3,6,0,61,39,1.6,15.3
DeMarvion Overshown,76729,LB,DAL,6,140,0,9,3,,,85.3,,,0,0,,68.6,0,,16.7,1,0,0.0,0,29,20.7,34,0,2,0,0,0,0,0.0,,0,2,3.3,100.0,96.9,5.8,5.8,0,0,0.0,57.8,0,29,7.7,1,0,131.1,15,94,67.1,97,7,10,15,1,152,103,1.7,10.1
Zaire Barnes,76766,LB,NYG,3,48,0,21,0,4.7,66.7,75.0,4.5,3.0,0,1,33.3,72.5,0,12,50.0,1,0,74.3,2,9,18.8,12,2,1,3,0,12,4,1.3,6.0,0,1,0.6,75.0,92.1,5.2,3.9,0,0,0.0,45.3,0,20,20.0,1,0,92.2,6,35,72.9,38,3,3,8,0,53,59,1.7,8.8
Will McDonald IV,76842,ED,NYJ,15,18,0,22,0,,,3.7,,,0,0,,58.5,0,,50.0,1,0,0.0,0,5,27.8,136,2,1,0,0,0,0,0.0,,0,0,4.0,100.0,4.7,11.0,11.0,0,0,0.0,46.0,0,12,80.0,4,0,116.7,1,11,61.1,236,5,1,1,0,12,8,1.1,12.0
Desjuan Johnson,76850,ED,LA,9,2,0,26,0,,,0.0,,,0,0,,,0,,,0,0,0.0,0,0,0.0,12,0,0,0,0,0,0,,,0,0,,,1.4,,,0,0,,75.7,0,,0.0,0,0,0.0,0,1,50.0,71,2,1,0,0,0,0,0.0,
Jalen Redmond,76861,DI,MIN,17,7,0,18,0,,,8.2,,,0,0,,58.2,0,,,0,0,0.0,0,5,71.4,61,0,0,0,0,0,0,0.0,,0,0,,,0.4,,,0,0,,63.6,0,,40.0,2,0,0.0,0,1,14.3,242,5,3,0,0,0,0,,
Greg Rousseau,76889,ED,BUF,18,35,0,4,0,,,5.1,,,0,0,,64.5,0,,100.0,2,0,0.0,0,6,17.1,117,1,0,0,0,0,0,0.0,,0,0,6.7,66.7,10.7,11.5,7.7,0,0,0.0,51.4,0,14,0.0,0,0,92.4,2,26,74.3,243,5,3,3,0,25,4,1.1,12.5
Travis Jones,76914,DI,BLT,16,19,0,3,0,,,11.9,,,0,0,,59.8,0,,,0,0,0.0,0,19,100.0,159,0,0,0,0,0,0,0.0,,0,0,,,0.0,,,0,0,,60.0,0,,0.0,0,0,0.0,0,0,0.0,255,3,1,0,0,0,0,,
Logan Hall,76919,DI,TB,17,5,0,30,0,,,4.0,,,0,0,,61.1,0,,33.3,1,0,0.0,0,4,80.0,99,2,2,0,0,0,0,0.0,,0,0,,,0.0,,,0,0,,64.1,0,,42.9,3,0,0.0,0,0,0.0,232,3,4,0,0,0,0,,
Karl Brooks,76941,DI,GB,16,6,0,12,0,,,4.3,,,0,0,,59.0,0,,100.0,1,0,0.0,0,4,66.7,92,0,0,0,0,0,0,0.0,,0,1,-5.0,100.0,0.8,2.0,2.0,0,0,0.0,60.1,0,3,33.3,1,0,79.2,1,2,33.3,255,1,1,1,0,3,8,1.5,3.0
Braden Fiske,76958,DI,LA,20,3,0,26,0,,,1.0,,,0,0,,60.0,0,,,0,0,0.0,0,1,33.3,99,0,0,0,0,0,0,0.0,,0,0,,,0.7,,,0,0,,70.4,0,,60.0,3,0,0.0,0,2,66.7,290,5,2,0,0,0,0,0.0,
Alim McNeill,76996,DI,DET,10,3,0,11,0,,,0.0,,,0,0,,,0,,,0,0,0.0,0,0,0.0,137,0,0,0,0,0,0,,,0,0,,,2.0,,,0,0,,60.2,0,,,0,0,0.0,0,3,100.0,152,0,0,0,0,0,0,0.0,
Shaka Heyward,77120,LB,CIN,3,16,0,7,0,,,60.0,,,0,0,,62.3,0,,,0,0,0.0,0,3,18.8,5,0,0,0,0,0,0,0.0,,0,1,3.0,0.0,81.8,,9.0,0,0,0.0,69.0,0,,0.0,0,0,39.6,0,9,56.3,11,0,1,1,0,0,0,0.0,
Payton Wilson,77127,LB,PIT,18,456,0,25,2,2.9,78.6,70.7,10.7,8.4,0,1,7.1,71.5,1,12,21.7,5,1,51.2,11,130,28.5,184,8,16,14,0,48,24,0.4,4.4,0,10,4.8,90.9,92.9,8.7,7.9,0,0,0.0,33.2,0,33,14.3,7,0,118.1,30,273,59.9,294,10,32,33,1,327,210,1.3,10.9
Zaven Collins,77190,ED,ARZ,17,111,0,1,0,,,2.8,,,0,0,,61.5,0,,,0,0,0.0,0,2,1.8,72,0,0,0,0,0,0,0.0,,0,2,3.6,76.9,43.8,9.3,7.2,0,1,7.7,60.3,0,41,33.3,4,0,92.5,10,98,88.3,224,4,6,13,0,82,67,0.9,8.2
Nik Bonitto,77196,ED,DEN,19,73,0,10,0,20.0,0.0,9.2,,14.0,0,0,0.0,80.8,0,,50.0,1,0,39.6,0,15,20.5,163,6,1,1,0,0,0,0.0,,0,0,1.8,83.3,18.8,9.8,8.2,0,0,0.0,59.9,0,46,35.7,5,0,118.8,5,51,69.9,271,14,9,6,0,77,62,1.6,15.4
Joseph Ossai,77205,ED,CIN,14,34,0,7,1,,,3.5,,,0,0,,63.7,0,,50.0,1,0,0.0,0,4,11.8,114,3,0,0,0,0,0,0.0,,0,1,4.8,100.0,14.1,4.5,4.5,0,0,0.0,49.0,0,16,0.0,0,0,103.5,6,27,79.4,192,4,4,6,0,53,24,2.0,8.8
Jarrick Bernard-Converse,77841,CB,NYG,3,5,0,21,0,,,,,,0,0,,,0,,,0,0,0.0,0,0,0.0,0,0,0,0,0,0,0,,,0,0,,,100.0,,,0,0,,66.0,0,,0.0,0,0,0.0,0,5,100.0,5,1,1,0,0,0,0,0.0,
Tre'von Moehrig,77847,S,CAR,17,553,0,5,0,7.4,84.6,88.3,6.9,5.8,0,0,0.0,48.5,0,23,12.5,1,0,123.4,11,83,15.0,94,2,7,13,1,97,30,1.3,8.8,0,5,4.6,80.4,89.5,9.2,7.4,0,1,2.2,49.7,0,30,22.2,10,1,99.2,37,351,63.5,392,17,30,46,1,279,140,0.8,7.5
Ar'Darius Washington,77848,S,BLT,4,46,0,3,0,0.7,100.0,87.5,4.3,4.3,0,0,0.0,41.7,0,21,50.0,1,0,118.8,3,14,30.4,16,2,1,3,0,43,41,3.3,14.3,0,0,21.0,100.0,81.8,8.5,8.5,0,0,0.0,42.8,0,31,0.0,0,0,118.8,2,18,39.1,22,0,1,2,0,54,12,3.2,27.0
Derion Kendrick,78022,CB,LA,7,95,0,26,0,,,88.2,,,0,0,,68.9,0,,,0,0,0.0,0,15,15.8,17,0,0,0,0,0,0,0.0,,0,0,6.9,63.6,93.8,8.3,5.3,1,1,9.1,61.7,1,9,16.7,1,1,29.7,7,60,63.2,64,1,5,11,0,31,34,0.5,4.4
Shemar Bartholomew,78995,CB,GB,1,20,0,12,0,,,100.0,,,0,0,,65.1,0,,,0,0,0.0,0,4,20.0,4,0,0,0,0,0,0,0.0,,0,0,-1.0,100.0,100.0,12.0,12.0,0,0,0.0,55.9,0,8,100.0,1,0,100.0,1,12,60.0,12,0,0,1,0,8,9,0.7,8.0
Cobie Durant,79126,CB,LA,20,616,0,26,1,11.3,56.5,100.0,8.5,4.8,0,3,13.0,41.1,0,52,0.0,0,2,98.8,13,119,19.3,119,0,7,23,1,194,62,1.7,14.9,0,5,12.5,61.1,99.5,11.8,7.2,0,1,1.9,69.6,6,38,14.3,5,1,74.3,33,404,65.6,406,6,25,54,5,389,96,1.0,11.8
Christian Benford,79181,CB,BUF,16,545,0,4,0,15.8,68.0,100.0,7.5,5.1,0,3,12.0,38.6,0,40,8.3,1,2,122.8,17,140,25.7,140,3,11,25,2,224,19,1.8,13.2,0,1,14.3,55.6,98.4,29.2,16.2,0,0,0.0,64.6,1,24,10.5,2,0,87.7,10,302,55.4,307,6,16,18,2,110,50,0.4,11.0
Nick Hampton,81162,ED,LA,12,19,0,26,0,,,0.0,,,0,0,,,0,,,0,0,0.0,0,0,0.0,8,0,0,0,0,0,0,,,0,0,3.7,100.0,28.6,5.3,5.3,0,0,0.0,63.9,0,11,0.0,0,0,86.1,3,16,84.2,56,0,1,3,0,14,3,0.9,4.7
Cam Jones,81244,LB,NYJ,2,2,0,22,0,,,,,,0,0,,,0,,,0,0,0.0,0,0,0.0,0,0,0,0,0,0,0,,,0,0,,,100.0,,,0,0,,61.0,0,,,0,0,0.0,0,2,100.0,2,0,0,0,0,0,0,0.0,
Micah McFadden,81246,LB,NYG,1,6,0,21,0,,,100.0,,,0,0,,63.1,0,,,0,0,0.0,0,3,50.0,3,0,0,0,0,0,0,0.0,,0,0,,,100.0,,,0,0,,62.8,0,,,0,0,0.0,0,3,50.0,3,0,0,0,0,0,0,0.0,
Damone Clark,81282,LB,HST,7,54,0,13,0,,,57.1,,,0,0,,34.7,0,,0.0,0,0,0.0,0,4,7.4,7,0,1,0,0,0,0,0.0,,0,1,3.8,66.7,93.3,10.5,7.0,0,0,0.0,44.3,0,9,33.3,2,0,79.2,4,42,77.8,45,1,3,6,0,31,11,0.7,7.8
Durell Nchami,81292,ED,IND,2,2,0,14,0,,,0.0,,,0,0,,,0,,,0,0,0.0,0,0,0.0,3,0,0,0,0,0,0,,,0,0,3.0,100.0,11.1,2.0,2.0,0,0,0.0,76.2,0,4,0.0,0,0,83.3,1,2,100.0,18,1,1,1,0,4,1,2.0,4.0
Cameron McGrone,81300,LB,CLV,3,27,0,8,0,9.0,100.0,55.6,4.0,4.0,0,0,0.0,34.0,0,2,,0,0,118.8,1,5,18.5,9,0,0,1,1,2,0,0.5,2.0,0,0,7.0,50.0,95.0,19.0,9.5,0,0,0.0,29.0,0,19,100.0,1,0,83.3,1,19,70.4,20,0,0,2,0,19,24,1.0,19.0
Nick Bolton,81322,LB,KC,17,492,0,16,1,1.0,75.0,57.7,13.5,10.1,0,0,0.0,77.2,1,18,20.0,1,0,42.7,6,90,18.3,156,3,3,8,0,34,35,0.4,5.7,0,7,4.2,84.9,89.5,6.7,5.7,1,3,5.7,51.6,0,33,11.5,6,2,108.1,45,315,64.0,352,15,39,53,1,447,306,1.5,9.9
Micah Parsons,81360,ED,GB,14,7,0,12,0,,,1.2,,,0,0,,60.0,0,,,0,0,0.0,0,1,14.3,84,2,0,0,0,0,0,0.0,,0,1,,,1.1,,,0,1,,85.7,0,,33.3,1,0,0.0,0,3,42.9,269,7,1,0,0,0,0,0.0,
Ernest Jones,81399,LB,SEA,17,599,0,29,1,2.4,85.7,75.6,14.7,12.6,0,0,0.0,63.4,0,25,0.0,0,0,139.0,6,96,16.0,127,1,4,7,1,55,48,0.6,9.2,0,10,5.9,76.6,92.5,9.0,6.9,1,1,2.1,59.6,6,29,8.0,4,1,56.7,36,335,55.9,362,11,36,47,0,343,175,1.1,9.5
Brenton Cox Jr.,81957,ED,GB,5,1,0,12,0,,,0.0,,,0,0,,,0,,,0,0,0.0,0,0,0.0,11,0,0,0,0,0,0,,,0,0,,,2.9,,,0,0,,60.0,0,,,0,0,0.0,0,1,100.0,34,0,0,0,0,0,0,0.0,
Azeez Ojulari,81959,ED,PHI,3,8,0,24,0,,,0.0,,,0,0,,,0,,100.0,1,0,0.0,0,0,0.0,11,0,0,0,0,0,0,,,0,0,,,33.3,,,0,0,,65.0,0,,,0,0,0.0,0,7,87.5,21,0,0,0,0,0,0,0.0,
Odafe Oweh,82161,ED,LAC,18,28,0,27,1,8.5,0.0,6.0,,1.5,0,0,0.0,44.0,0,,0.0,0,0,39.6,0,6,21.4,100,4,0,4,0,0,0,0.0,,0,0,4.4,100.0,8.8,3.6,3.6,0,0,0.0,34.6,0,13,25.0,1,0,104.2,5,19,67.9,217,5,3,5,0,45,23,2.5,9.0
Thomas Booker IV,82168,DI,LV,17,4,0,23,0,,,6.3,,,0,0,,60.1,0,,,0,0,0.0,0,2,50.0,32,0,0,0,0,0,0,0.0,,0,2,,,0.9,,,0,0,,57.4,0,,25.0,1,0,0.0,0,2,50.0,216,1,1,0,0,0,0,0.0,
Christian Barmore,82198,DI,NE,20,4,0,19,0,,,1.2,,,0,0,,59.4,0,,100.0,2,0,0.0,0,2,50.0,171,1,0,0,0,0,0,0.0,,0,0,,,0.7,,,0,0,,62.8,0,,87.5,7,0,0.0,0,2,50.0,304,3,1,0,0,0,0,0.0,
Teair Tart,82261,DI,LAC,18,4,0,27,0,,,7.7,,,0,0,,59.6,0,,0.0,0,0,0.0,0,2,50.0,26,0,1,0,0,0,0,0.0,,0,0,,,0.5,,,0,0,,59.9,0,,33.3,1,0,0.0,0,1,25.0,206,2,2,0,0,0,0,0.0,
Devonte Wyatt,82268,DI,GB,10,2,0,12,0,,,0.0,,,0,0,,60.0,0,,0.0,0,0,0.0,0,0,0.0,38,0,1,0,0,0,0,,,0,1,,,0.8,,,0,0,,62.9,0,,25.0,1,0,0.0,0,1,50.0,132,4,2,0,0,0,0,0.0,
Aidan Hutchinson,82330,ED,DET,17,9,0,11,0,,,1.3,,,0,0,,64.4,0,,66.7,2,0,0.0,0,3,33.3,231,6,1,0,0,0,0,0.0,,0,0,10.0,100.0,1.8,6.0,6.0,0,0,0.0,77.9,1,12,100.0,3,0,77.1,1,6,66.7,339,10,0,1,0,12,2,2.0,12.0
Cameron Thomas,82387,ED,CLV,17,7,0,8,0,,,0.0,,,0,0,,60.0,0,,0.0,0,0,0.0,0,0,0.0,52,2,1,0,0,0,0,,,0,1,,,6.6,,,0,0,,62.1,0,,0.0,0,0,0.0,0,7,100.0,106,2,0,0,0,0,0,0.0,
Kingsley Enagbare,82409,ED,GB,17,28,0,12,0,2.0,100.0,6.8,4.0,4.0,0,0,0.0,33.8,0,23,100.0,2,0,118.8,1,4,14.3,59,0,0,1,0,23,21,5.8,23.0,0,2,5.0,66.7,10.6,10.0,6.7,0,0,0.0,61.8,0,20,0.0,0,0,88.2,2,20,71.4,189,4,3,3,0,22,30,1.1,11.0
Bobby Brown III,82429,DI,CAR,18,1,0,5,0,,,0.0,,,0,0,,,0,,,0,0,0.0,0,0,0.0,12,0,0,0,0,0,0,,,0,0,,,0.9,,,0,0,,65.4,0,,100.0,2,0,0.0,0,1,100.0,112,1,0,0,0,0,0,0.0,
Tyree Wilson,82432,ED,LV,17,4,0,23,0,,,1.8,,,0,0,,60.0,0,,,0,0,0.0,0,1,25.0,57,0,0,0,0,0,0,0.0,,0,0,,,1.4,,,0,0,,63.4,0,,33.3,2,0,0.0,0,3,75.0,215,7,4,0,0,0,0,0.0,
Tommy Togiai,82501,DI,HST,17,2,0,13,0,,,0.0,,,0,0,,63.8,0,,0.0,0,0,0.0,0,0,0.0,55,2,2,0,0,0,0,,,0,0,,,1.1,,,0,0,,60.4,0,,40.0,2,0,0.0,0,2,100.0,177,4,3,0,0,0,0,0.0,
Quay Walker,82547,LB,GB,15,507,0,12,0,-4.0,100.0,52.1,50.0,50.0,0,0,0.0,61.2,0,41,100.0,1,0,118.8,1,61,12.0,117,1,0,1,0,41,45,0.8,41.0,0,7,6.4,80.0,91.7,6.7,5.4,0,5,8.3,41.1,0,27,10.4,5,4,111.5,48,333,65.7,363,14,36,60,2,486,208,1.5,10.1
Channing Tindall,82548,LB,ARZ,2,2,0,1,0,,,,,,0,0,,,0,,,0,0,0.0,0,0,0.0,0,0,0,0,0,0,0,,,0,0,,,66.7,,,0,0,,60.5,0,,,0,0,0.0,0,2,100.0,3,0,0,0,0,0,0,0.0,
Jack Sanborn,82566,LB,DAL,5,121,0,9,0,,,100.0,,,0,0,,63.0,0,,,0,0,0.0,0,3,2.5,3,0,0,0,0,0,0,0.0,,0,4,7.3,90.9,98.0,9.4,8.5,0,1,9.1,55.4,0,25,17.6,3,1,108.0,10,98,81.0,100,3,10,11,0,109,54,1.2,10.9
Mekhi Blackmon,83036,CB,IND,17,518,0,14,1,10.7,63.0,100.0,8.3,5.2,0,1,3.7,30.5,1,88,0.0,0,0,91.4,17,155,29.9,155,2,15,27,1,259,114,1.8,15.2,0,1,11.4,66.7,99.6,13.4,8.9,0,3,10.0,58.8,1,33,20.6,7,1,90.7,20,278,53.7,279,8,26,30,1,258,94,1.0,12.9
Kendall Williamson,83090,S,LAC,2,12,0,27,0,,,75.0,,,0,0,,60.8,0,,,0,0,0.0,0,3,25.0,4,0,0,0,0,0,0,0.0,,0,0,,,90.0,,,0,0,,62.5,0,,,0,0,0.0,0,9,75.0,10,0,0,0,0,0,0,0.0,
Ethan Bonner,83091,CB,MIA,7,54,0,17,0,19.0,100.0,100.0,7.0,7.0,0,0,0.0,63.0,0,21,50.0,1,0,118.8,1,8,14.8,8,1,1,1,0,21,2,3.0,21.0,0,2,13.3,75.0,100.0,11.7,8.8,0,0,0.0,29.6,0,35,42.9,3,0,156.3,3,36,66.7,36,0,2,4,1,61,12,1.7,20.3
Pat Surtain II,83119,CB,DEN,16,638,0,10,0,10.1,48.0,100.0,15.8,7.6,0,4,16.0,60.5,0,15,0.0,0,4,87.4,12,205,32.1,205,1,13,25,2,112,31,0.6,9.3,0,1,12.1,75.9,99.7,14.4,10.9,1,3,10.3,75.0,1,37,16.0,4,3,80.0,22,332,52.0,333,7,20,29,0,202,76,0.6,9.2
Jalyn Armour-Davis,83120,CB,TEN,11,299,0,31,0,10.8,75.0,100.0,7.8,5.9,0,1,12.5,70.0,0,14,0.0,0,1,95.3,6,51,17.1,51,2,5,8,0,59,10,1.3,9.8,0,3,12.5,76.5,99.5,13.4,10.2,0,0,0.0,49.0,0,43,21.4,3,0,135.7,13,182,60.9,183,2,8,17,1,205,64,1.2,15.8
Josh Jobe,83122,CB,SEA,18,607,0,29,0,12.1,50.0,100.0,8.1,4.0,1,5,19.2,45.8,0,29,18.2,2,3,89.1,13,116,19.1,116,1,9,26,2,123,35,1.2,9.5,0,1,12.5,45.2,98.8,17.2,7.8,0,6,14.3,55.7,1,40,4.5,1,5,60.3,19,342,56.3,346,3,20,42,1,227,96,0.7,11.9
Jamien Sherwood,83175,LB,NYJ,17,547,0,22,1,2.7,81.8,73.9,15.0,12.3,0,1,9.1,47.7,0,42,25.0,2,1,157.8,9,150,27.4,203,3,5,11,2,136,115,1.0,15.1,0,10,5.5,80.9,97.3,8.8,7.1,0,4,8.5,47.2,0,26,8.9,4,2,102.9,38,355,64.9,365,12,31,47,0,409,252,1.2,10.8
Roger McCreary,83176,CB,LA,14,259,0,26,0,6.4,75.0,91.5,8.5,6.4,0,1,12.5,62.5,0,24,0.0,0,1,99.0,6,54,20.8,59,0,6,8,0,66,30,1.3,11.0,0,4,6.1,76.5,94.0,11.5,8.8,0,1,5.9,73.1,1,22,13.6,3,1,71.7,13,158,61.0,168,7,15,17,0,124,85,0.8,9.5
Tyson Campbell,83217,CB,CLV,17,599,0,8,0,14.6,43.6,100.0,11.1,4.8,0,7,17.9,57.7,0,42,11.8,2,3,87.6,17,198,33.1,198,4,15,39,3,220,42,1.2,12.9,0,3,14.9,55.9,100.0,16.0,8.9,0,5,14.7,69.4,1,50,11.1,3,4,90.9,19,314,52.4,314,6,21,34,2,285,75,0.9,15.0
Chris Smith II,83220,S,NYJ,1,2,0,22,1,4.0,100.0,100.0,1.0,1.0,0,0,0.0,61.9,0,10,0.0,0,0,108.3,1,1,50.0,1,0,0,1,0,10,6,10.0,10.0,0,0,,,100.0,,,0,0,,60.0,0,,,0,0,0.0,0,1,50.0,1,0,0,0,0,0,0,0.0,
Quan Martin,83236,S,WAS,17,559,0,32,1,3.8,72.7,98.5,14.8,10.7,0,0,0.0,65.9,0,55,20.0,3,0,145.1,8,133,23.8,135,1,11,11,1,152,113,1.3,19.0,0,4,13.0,81.0,98.8,18.8,15.2,0,3,14.3,37.9,0,74,16.1,5,2,158.3,17,334,59.7,338,2,22,21,3,306,111,1.0,18.0
Kerby Joseph,83239,S,DET,6,211,0,11,0,3.0,100.0,100.0,70.0,70.0,0,0,0.0,60.8,1,3,0.0,0,0,79.2,1,76,36.0,76,0,2,1,1,3,0,0.0,3.0,0,0,13.3,50.0,100.0,29.0,14.5,0,1,12.5,54.6,2,30,44.4,4,1,34.9,4,120,56.9,120,0,5,8,0,59,26,0.5,14.8
Sydney Brown,83241,S,PHI,10,122,0,24,1,7.4,62.5,95.7,8.0,5.0,0,0,0.0,36.4,0,19,42.9,3,0,80.2,5,45,36.9,47,1,3,8,0,50,30,1.3,10.0,0,0,2.0,100.0,100.0,35.0,35.0,0,0,0.0,76.2,0,2,0.0,0,0,79.2,1,38,31.1,38,2,3,1,0,2,0,0.1,2.0
JuJu Brents,83256,CB,MIA,4,66,0,17,0,12.8,60.0,100.0,5.0,3.0,0,1,20.0,86.1,0,13,0.0,0,1,71.3,3,15,22.7,15,1,2,5,0,23,4,1.5,7.7,0,0,21.0,0.0,100.0,,40.0,0,0,0.0,68.4,0,,0.0,0,0,39.6,0,42,63.6,42,0,3,1,0,0,0,0.0,
Kaevon Merriweather,83257,S,HST,6,9,0,13,0,,,100.0,,,0,0,,64.7,0,,,0,0,0.0,0,3,33.3,3,0,0,0,0,0,0,0.0,,0,0,12.0,100.0,75.0,3.0,3.0,0,0,0.0,35.6,0,23,0.0,0,0,118.8,1,3,33.3,4,0,1,1,0,23,11,7.7,23.0
Riley Moss,83259,CB,DEN,19,802,0,10,0,13.0,50.0,100.0,9.1,4.5,0,8,16.0,48.8,1,44,13.0,3,5,64.0,25,249,31.0,249,6,20,50,1,263,71,1.2,10.5,0,5,14.9,58.2,99.5,12.4,7.2,1,8,14.5,62.7,0,35,10.3,4,6,114.1,32,422,52.6,424,13,30,55,5,439,74,1.1,13.7
Percy Butler,83271,S,WAS,8,10,0,32,0,,,50.0,,,0,0,,60.0,0,,,0,0,0.0,0,1,10.0,2,0,0,0,0,0,0,,,0,1,,,100.0,,,0,0,,65.5,0,,0.0,0,0,0.0,0,6,60.0,6,0,0,0,0,0,0,0.0,
Jordan Howden,83305,S,NO,13,153,0,20,0,,,100.0,,,0,0,,64.8,0,,0.0,0,0,0.0,0,29,19.0,29,0,1,0,0,0,0,0.0,,0,0,2.6,77.8,96.2,13.7,10.7,0,0,0.0,67.0,0,15,20.0,2,0,89.4,7,101,66.0,105,4,8,9,0,49,45,0.5,7.0
Keidron Smith,83310,S,NYJ,1,28,0,22,0,,,100.0,,,0,0,,52.7,0,,100.0,1,0,0.0,0,8,28.6,8,0,0,0,0,0,0,0.0,,0,2,8.3,66.7,100.0,9.5,6.3,0,0,0.0,56.7,0,18,0.0,0,0,92.4,2,20,71.4,20,0,4,3,0,25,4,1.3,12.5
Isaiah Stalbird,83325,LB,NO,10,38,0,20,0,,,50.0,,,0,0,,62.6,0,,100.0,1,0,0.0,0,5,13.2,10,1,0,0,0,0,0,0.0,,0,3,5.3,33.3,75.0,23.0,7.7,0,0,0.0,46.8,0,9,33.3,2,0,42.4,1,27,71.1,36,1,1,3,0,9,4,0.4,9.0
Cam Taylor-Britt,83326,CB,CIN,8,220,0,7,1,12.6,85.7,98.3,9.2,7.9,0,0,0.0,38.9,0,35,42.9,3,0,158.3,6,57,25.9,58,1,3,7,1,118,45,2.1,19.7,0,1,10.4,57.1,99.1,25.8,14.7,0,2,28.6,64.0,0,14,14.3,1,2,101.8,4,108,49.1,109,2,5,7,1,21,3,0.2,5.3
Greg Newsome II,83341,CB,JAX,18,528,0,15,1,10.0,60.7,100.0,7.9,4.8,0,3,10.7,46.4,0,41,15.4,2,1,105.4,17,149,28.2,149,1,10,28,2,194,61,1.4,11.4,0,0,14.4,58.8,100.0,13.0,7.6,0,2,5.9,64.8,1,61,4.5,1,1,95.2,20,274,51.9,274,7,21,34,2,300,78,1.2,15.0
Kitan Oladapo,83349,S,GB,4,37,0,12,0,-1.0,100.0,85.7,5.0,5.0,0,0,0.0,41.8,0,8,,0,0,100.0,1,6,16.2,7,0,0,1,0,8,9,1.6,8.0,0,0,2.3,100.0,88.5,7.7,7.7,0,0,0.0,61.2,0,11,0.0,0,0,101.4,3,23,62.2,26,1,2,3,0,25,18,1.1,8.3
Christian Izien,83360,S,TB,8,98,0,30,0,6.7,66.7,95.7,9.5,6.3,0,0,0.0,49.6,0,8,0.0,0,0,109.7,2,22,22.4,23,1,2,3,1,9,8,0.5,4.5,0,2,7.8,88.9,95.7,8.0,7.1,0,0,0.0,57.0,0,36,11.1,1,0,104.2,8,66,67.3,69,1,6,9,0,81,35,1.3,10.1
Jaycee Horn,83375,CB,CAR,17,578,0,5,0,14.3,30.0,98.9,27.7,8.3,0,1,10.0,44.6,0,12,0.0,0,1,72.9,3,90,15.6,91,0,2,10,1,28,4,0.3,9.3,0,5,12.5,63.4,98.7,13.6,8.6,2,3,7.3,67.3,3,62,15.4,4,2,68.0,26,369,63.8,374,2,17,41,1,349,108,1.0,13.4
Kyler Gordon,83451,CB,CHI,5,136,0,6,0,18.3,50.0,78.7,8.5,4.3,0,2,25.0,53.6,0,34,0.0,0,2,125.5,4,37,27.2,47,1,3,8,1,81,11,2.4,20.3,0,2,8.0,76.9,86.0,8.1,6.2,0,0,0.0,59.5,0,22,0.0,0,0,97.0,10,86,63.2,100,6,6,13,0,96,27,1.2,9.6
Alontae Taylor,83469,CB,NO,17,541,0,20,0,12.2,50.0,98.0,10.3,5.2,0,1,5.6,43.7,0,34,0.0,0,0,105.6,9,100,18.5,102,2,3,18,2,107,29,1.2,11.9,0,1,5.3,75.4,89.6,8.0,6.1,1,6,10.5,80.3,1,43,8.7,4,5,103.5,43,360,66.5,402,16,41,57,3,388,278,1.1,9.0
Javontae Jean-Baptiste,83514,ED,WAS,3,3,0,32,0,,,0.0,,,0,0,,,0,,,0,0,0.0,0,0,0.0,3,0,0,0,0,0,0,,,0,1,,,12.0,,,0,0,,66.5,0,,0.0,0,0,0.0,0,3,100.0,25,2,1,0,0,0,0,0.0,
Austin Ajiake,83826,LB,IND,14,113,0,14,1,1.0,0.0,73.1,,15.0,0,0,0.0,57.8,0,,0.0,0,0,39.6,0,19,16.8,26,1,0,1,0,0,0,0.0,,0,2,5.9,75.0,98.6,11.5,8.6,0,0,0.0,38.4,0,14,33.3,2,0,88.0,6,72,63.7,73,0,2,8,0,45,28,0.7,7.5
Corey Ballentine,83833,CB,DAL,2,14,0,9,0,34.0,0.0,90.9,,10.0,0,0,0.0,66.2,0,,,0,0,39.6,0,10,71.4,11,0,0,1,0,0,0,0.0,,0,0,3.0,100.0,100.0,3.0,3.0,0,0,0.0,46.1,0,17,100.0,1,0,118.8,1,4,28.6,4,0,0,1,0,17,14,5.7,17.0
Jevon Holland,83873,S,NYG,14,512,0,21,2,5.7,60.0,97.9,27.8,16.7,0,2,20.0,61.3,0,36,9.1,1,1,118.8,6,184,35.9,188,2,8,10,2,65,44,0.4,10.8,0,2,15.4,57.9,98.6,24.1,13.9,0,2,10.5,46.2,1,33,13.6,3,2,69.8,11,284,55.5,288,5,17,19,0,189,38,0.7,17.2
Talanoa Hufanga,83903,S,DEN,19,758,0,10,2,5.7,52.9,92.7,23.1,12.2,0,6,35.3,80.3,0,26,11.8,2,4,110.9,9,228,30.1,246,3,13,17,2,104,32,0.5,11.6,0,3,10.2,63.6,95.5,27.0,17.2,2,3,13.6,55.4,0,63,11.1,4,3,101.7,14,401,52.9,420,8,29,22,1,166,95,0.4,11.9
Josh Newton,84268,CB,CIN,14,181,0,7,0,14.0,12.5,100.0,42.0,5.3,0,2,25.0,55.9,0,5,0.0,0,1,79.2,1,47,26.0,47,0,1,8,1,5,0,0.1,5.0,0,1,6.5,81.8,100.0,9.3,7.6,0,1,9.1,63.4,0,23,25.0,2,1,101.5,9,87,48.1,87,1,5,11,0,92,56,1.1,10.2
Miles Battle,84301,CB,NE,1,17,0,19,0,11.0,0.0,100.0,,5.0,1,0,0.0,77.4,0,,0.0,0,0,39.6,0,5,29.4,5,0,1,1,0,0,0,0.0,,0,0,3.3,66.7,100.0,5.5,3.7,0,0,0.0,57.1,0,8,0.0,0,0,77.1,2,11,64.7,11,0,1,3,0,14,0,1.3,7.0
Markees Watts,84537,ED,TB,2,3,0,30,0,,,0.0,,,0,0,,,0,,100.0,1,0,0.0,0,0,0.0,5,0,0,0,0,0,0,,,0,0,-2.0,100.0,18.8,3.0,3.0,0,0,0.0,40.4,0,15,100.0,1,0,118.8,1,3,100.0,16,0,0,1,0,15,17,5.0,15.0
Darius Muasau,86008,LB,NYG,12,204,0,21,1,3.0,80.0,70.1,11.8,9.4,0,0,0.0,58.7,0,7,20.0,1,0,118.8,4,47,23.0,67,3,3,5,1,4,7,0.1,1.0,0,0,1.3,76.9,96.4,12.4,9.5,0,0,0.0,45.5,0,23,0.0,0,0,104.3,10,132,64.7,137,4,9,13,0,119,103,1.0,11.9
Rico Payton,86957,CB,NYG,2,18,0,21,0,,,100.0,,,0,0,,48.0,0,,100.0,1,0,0.0,0,5,27.8,5,0,0,0,0,0,0,0.0,,0,0,1.5,50.0,100.0,10.0,5.0,0,0,0.0,51.1,0,1,0.0,0,0,56.3,1,11,61.1,11,1,3,2,0,1,6,0.1,1.0
Charles Woods,89148,CB,NE,12,112,0,19,1,13.0,75.0,100.0,11.7,8.8,0,0,0.0,60.0,0,22,0.0,0,0,114.6,3,39,34.8,39,0,1,4,0,48,29,1.4,16.0,0,0,5.9,62.5,100.0,13.2,8.3,0,1,12.5,58.9,0,16,14.3,1,1,80.2,5,66,58.9,66,1,6,8,0,50,19,0.8,10.0
Patrick O'Connell,89300,LB,SEA,3,33,0,29,0,,,100.0,,,0,0,,62.4,0,,,0,0,0.0,0,2,6.1,2,0,0,0,0,0,0,0.0,,0,1,0.5,50.0,95.8,22.0,11.0,0,0,0.0,61.5,0,3,0.0,0,0,56.3,1,23,69.7,24,2,2,2,0,3,0,0.1,3.0
Kyle Dugger,90621,S,PIT,17,478,0,25,4,6.7,66.7,94.9,20.0,13.3,0,0,0.0,42.9,0,64,12.5,1,0,144.0,6,130,27.2,137,1,3,9,2,101,65,0.8,16.8,0,5,6.7,65.2,96.8,19.1,12.4,1,1,4.3,48.9,2,28,8.0,2,1,58.4,15,301,63.0,311,4,18,23,1,131,45,0.5,8.7
Daniel Hardy,91336,ED,CHI,8,5,0,6,0,-4.0,100.0,22.2,2.0,2.0,0,0,0.0,42.3,0,2,100.0,1,0,79.2,1,2,40.0,9,0,0,1,0,2,6,1.0,2.0,0,0,-6.0,100.0,16.7,3.0,3.0,0,0,0.0,44.8,0,13,0.0,0,0,118.8,1,3,60.0,18,0,1,1,0,13,19,4.3,13.0
E.J. Speed,94351,LB,HST,18,241,0,13,1,6.0,0.0,69.6,,43.0,0,0,0.0,71.4,0,,0.0,0,0,39.6,0,48,19.9,69,0,0,1,0,0,0,0.0,,0,1,5.2,78.9,93.5,9.1,7.2,0,0,0.0,51.4,0,13,17.6,3,0,92.3,15,144,59.8,154,7,13,19,0,117,65,0.9,7.8
Bralyn Lux,97143,CB,CIN,2,14,0,7,0,,,100.0,,,0,0,,63.8,0,,,0,0,0.0,0,5,35.7,5,0,0,0,0,0,0,0.0,,0,0,3.0,100.0,100.0,2.5,2.5,0,0,0.0,66.7,0,5,0.0,0,0,85.4,2,5,35.7,5,0,1,2,0,9,3,1.8,4.5
Mike Sainristil,97180,CB,WAS,17,607,0,32,0,8.3,62.5,99.3,8.3,5.2,0,2,8.3,50.7,2,37,15.4,2,2,87.8,15,140,23.1,141,1,11,24,5,166,61,1.3,11.1,0,5,9.8,79.6,98.9,8.1,6.5,1,4,7.4,52.8,1,86,11.6,5,3,117.3,43,365,60.1,369,12,33,54,2,596,308,1.7,13.9
Marcus Harris,97230,CB,TEN,9,220,0,31,0,14.4,14.3,94.2,49.0,7.0,0,1,14.3,68.2,0,17,0.0,0,1,39.6,1,49,22.3,52,0,1,7,0,17,7,0.3,17.0,0,2,7.8,66.7,96.9,11.4,7.6,0,2,13.3,62.1,0,38,0.0,0,2,92.4,10,124,56.4,128,2,13,15,0,125,77,1.1,12.5
Jaden Davis,97250,CB,ARZ,3,26,0,1,0,,,100.0,,,0,0,,66.3,0,,,0,0,0.0,0,6,23.1,6,0,0,0,0,0,0,0.0,,0,0,5.0,100.0,85.7,5.5,5.5,0,0,0.0,45.2,0,12,,0,0,106.3,2,12,46.2,14,0,0,2,0,19,9,1.7,9.5
Reddy Steward,97289,CB,DAL,15,312,0,9,0,5.9,85.7,91.9,8.8,7.6,0,0,0.0,44.9,0,26,0.0,0,0,111.3,6,57,18.3,62,0,5,7,0,75,54,1.4,12.5,0,4,2.8,92.1,91.5,5.8,5.4,0,1,2.6,61.3,0,25,14.3,5,1,98.2,35,215,68.9,235,13,26,38,0,288,224,1.4,8.2
Dell Pettus,97290,S,NE,14,100,0,19,0,4.5,33.3,90.9,14.5,4.8,0,1,16.7,66.6,0,12,25.0,1,1,42.4,2,30,30.0,33,1,3,6,0,17,9,0.6,8.5,0,2,7.0,100.0,98.4,7.5,7.5,0,0,0.0,73.9,0,24,0.0,0,0,114.1,8,60,60.0,61,1,8,8,0,91,35,1.5,11.4
Jordan Clark,97324,CB,NYJ,4,100,0,22,1,10.3,85.7,100.0,5.0,4.3,0,0,0.0,50.5,0,30,0.0,0,0,153.3,6,34,34.0,34,1,4,7,3,79,31,2.6,13.2,0,0,2.8,76.9,98.3,5.6,4.3,0,0,0.0,49.0,0,12,37.5,3,0,85.7,10,59,59.0,60,2,5,13,0,61,39,1.1,6.1
Thomas Harper,97325,S,DET,10,285,0,11,1,,,100.0,,,0,0,,64.8,0,,0.0,0,0,0.0,0,120,42.1,120,1,7,0,0,0,0,0.0,,0,1,18.1,44.4,98.7,35.3,15.7,0,2,22.2,65.4,1,39,0.0,0,2,77.1,4,147,51.6,149,1,9,9,2,82,3,0.6,20.5
Nic Jones,97327,CB,NYG,4,16,0,21,0,28.0,50.0,100.0,4.0,2.0,0,1,50.0,52.6,0,30,0.0,0,0,95.8,1,4,25.0,4,0,1,2,0,30,3,7.5,30.0,0,0,9.0,100.0,100.0,7.0,7.0,0,0,0.0,53.7,0,9,0.0,0,0,104.2,1,8,50.0,8,0,1,1,0,9,0,1.3,9.0
Cameron Mitchell,97340,CB,IND,10,175,0,14,0,13.8,66.7,100.0,8.5,5.7,0,1,11.1,47.9,0,23,0.0,0,1,124.5,6,56,32.0,56,3,4,9,3,59,3,1.2,9.8,0,0,10.6,44.4,98.9,20.3,9.0,0,2,22.2,62.8,0,17,42.9,3,2,92.4,4,88,50.3,89,1,4,9,1,35,16,0.4,8.8
Dadrion Taylor-Demerson,97348,S,ARZ,12,299,0,1,0,7.0,62.5,98.3,10.8,6.8,0,1,12.5,67.8,1,22,0.0,0,0,41.1,5,59,19.7,60,2,5,8,0,51,26,0.9,10.2,0,3,3.9,75.0,99.0,20.9,15.7,0,2,16.7,54.6,0,19,9.5,2,2,94.1,9,201,67.2,203,2,16,12,0,85,69,0.5,9.4
Christian Roland-Wallace,97374,S,KC,10,125,0,16,1,14.0,0.0,93.5,,28.0,0,0,0.0,69.9,0,,0.0,0,0,39.6,0,29,23.2,31,1,1,1,0,0,0,0.0,,0,3,4.9,75.0,96.3,12.5,9.4,1,1,12.5,66.4,0,15,0.0,0,1,90.6,6,79,63.2,82,3,11,8,0,50,24,0.7,8.3
Jarrian Jones,97486,CB,JAX,15,419,0,15,0,6.8,50.0,96.2,10.8,5.4,0,2,16.7,60.3,2,13,0.0,0,2,50.7,6,76,18.1,79,0,7,12,1,54,17,0.8,9.0,0,4,7.2,66.7,97.2,10.5,7.0,2,3,9.1,70.1,1,36,4.2,1,2,68.0,22,243,58.0,250,8,19,33,0,182,109,0.8,8.3
Dean Clark,97495,S,NYJ,4,111,0,22,1,1.0,100.0,100.0,25.0,25.0,0,0,0.0,59.0,0,9,0.0,0,0,104.2,1,29,26.1,29,1,2,1,0,9,8,0.4,9.0,0,0,6.8,50.0,100.0,35.5,17.8,0,0,0.0,64.8,0,13,0.0,0,0,64.6,2,74,66.7,74,1,4,4,0,20,17,0.3,10.0
Nick Cross,97514,S,IND,17,641,0,14,1,4.3,68.8,91.8,15.9,10.9,0,1,6.3,68.6,0,25,7.1,1,0,108.6,11,191,29.8,208,3,12,16,1,109,50,0.6,9.9,0,3,8.1,73.0,88.6,11.9,8.7,0,4,10.8,52.8,0,53,17.6,6,3,101.6,27,335,52.3,378,10,25,37,0,344,170,1.1,12.7
Dax Hill,97519,CB,CIN,17,590,0,7,2,12.5,56.7,98.2,9.0,5.1,0,5,16.7,49.9,0,40,7.7,1,4,94.4,17,164,27.8,167,1,10,30,1,245,98,1.6,14.4,0,6,4.8,77.4,95.0,11.5,8.9,0,3,9.7,72.9,0,23,11.4,4,2,102.1,24,286,48.5,301,6,25,31,1,184,133,0.7,7.7
Drake Thomas,97525,LB,SEA,19,458,0,29,0,-0.3,66.7,67.9,23.5,15.7,0,0,0.0,72.1,0,7,0.0,0,0,77.1,2,55,12.0,81,2,2,3,0,14,16,0.3,7.0,0,2,3.5,70.5,86.9,8.5,6.0,0,5,11.4,70.2,0,27,18.2,6,5,83.0,31,272,59.4,313,10,25,44,0,235,166,0.9,7.6
Quincy Riley,97539,CB,NO,15,385,0,20,0,15.0,53.8,100.0,9.4,5.1,0,4,30.8,67.0,0,37,0.0,0,4,118.6,7,71,18.4,71,2,4,13,2,100,10,1.5,14.3,0,4,14.2,63.6,100.0,12.4,7.9,1,5,15.2,56.1,0,34,16.7,4,4,102.0,21,274,71.2,274,5,16,33,1,291,98,1.1,13.9
Tyrique Stevenson,97562,CB,CHI,15,382,0,6,0,11.7,56.5,100.0,6.4,3.6,0,5,21.7,68.1,1,37,15.4,2,5,86.3,13,93,24.3,93,2,11,23,1,225,58,2.7,17.3,0,4,11.1,66.7,100.0,8.9,5.9,0,4,10.3,59.0,0,57,8.0,2,4,97.1,26,243,63.6,243,4,19,39,0,369,172,1.6,14.2
Josh Wallace,97676,S,LA,9,188,0,26,0,1.0,66.7,97.8,20.5,13.7,0,0,0.0,38.8,0,9,0.0,0,0,120.8,2,44,23.4,45,1,3,3,1,17,16,0.4,8.5,0,0,8.4,73.3,95.0,10.1,7.4,0,1,6.7,77.9,1,52,10.0,1,1,76.3,11,113,60.1,119,6,9,15,0,147,73,1.3,13.4
Alex Austin,97683,CB,NE,4,92,0,19,0,4.7,66.7,100.0,13.5,9.0,0,2,66.7,47.3,0,5,0.0,0,1,71.5,2,30,32.6,30,0,2,3,0,10,2,0.4,5.0,0,0,22.5,75.0,96.2,8.2,6.1,0,0,0.0,40.9,0,47,0.0,0,0,156.3,6,51,55.4,53,1,4,8,1,112,14,2.3,18.7
Dorian Williams,97694,LB,BUF,16,173,0,4,0,0.0,0.0,49.0,,8.0,0,0,0.0,65.6,0,,100.0,1,0,39.6,0,25,14.5,51,0,0,3,0,0,0,0.0,,0,3,6.5,83.3,83.2,11.0,9.2,0,1,8.3,39.0,0,19,38.5,5,0,135.1,10,114,65.9,137,2,5,12,2,83,33,0.8,8.3
Ronnie Hickman Jr.,97702,S,CLV,17,584,0,8,2,4.4,62.5,97.9,21.9,13.7,1,3,18.8,61.0,0,36,0.0,0,2,93.2,10,234,40.1,239,1,14,16,0,150,114,0.7,15.0,0,10,6.3,60.0,98.7,32.2,19.3,0,2,13.3,76.4,2,25,6.9,2,1,36.4,9,304,52.1,308,4,17,15,0,86,65,0.3,9.6
Storm Duck,97705,CB,MIA,2,27,0,17,0,17.0,50.0,100.0,6.0,3.0,0,1,50.0,61.3,0,18,,0,0,81.3,1,6,22.2,6,0,0,2,0,18,0,3.0,18.0,0,1,15.0,100.0,100.0,5.7,5.7,0,0,0.0,43.8,0,27,0.0,0,0,158.3,3,18,66.7,18,0,1,3,1,54,9,3.2,18.0
Omar Speights,97723,LB,LA,19,413,0,26,1,-1.0,0.0,83.6,,19.5,0,1,50.0,68.2,0,,0.0,0,0,39.6,0,46,11.1,55,1,1,2,0,0,0,0.0,,0,4,4.5,73.8,94.4,9.3,6.9,0,3,7.1,53.9,0,27,21.1,8,3,88.8,31,301,72.9,319,7,26,42,0,254,142,0.9,8.2
Mohamed Kamara,97731,ED,TB,1,1,0,30,0,,,,,,0,0,,,0,,,0,0,0.0,0,0,0.0,0,0,0,0,0,0,0,,,0,0,,,33.3,,,0,0,,60.0,0,,,0,0,0.0,0,1,100.0,3,0,0,0,0,0,0,0.0,
Javon Solomon,97821,ED,BUF,15,8,0,4,0,,,3.8,,,0,0,,60.0,0,,,0,0,0.0,0,1,12.5,26,1,0,0,0,0,0,0.0,,0,0,,,7.9,,,0,0,,64.5,0,,0.0,0,0,0.0,0,6,75.0,76,1,1,0,0,0,0,0.0,
Jack Kiser,97889,LB,JAX,4,34,0,15,0,,,0.0,,,0,0,,,0,,,0,0,0.0,0,0,0.0,1,0,0,0,0,0,0,,,0,3,5.0,100.0,100.0,9.5,9.5,0,0,0.0,60.5,0,11,16.7,1,0,102.1,2,19,55.9,19,0,2,2,0,17,7,0.9,8.5
Tyler Nubin,97895,S,NYG,13,475,0,21,0,3.3,54.5,94.9,27.8,15.2,0,0,0.0,64.6,0,10,20.0,2,0,90.3,6,186,39.2,196,4,8,11,1,20,17,0.1,3.3,0,3,5.6,87.5,93.8,11.0,9.6,0,1,4.2,54.1,0,87,8.0,2,1,126.7,21,242,50.9,258,7,20,24,1,266,171,1.2,12.7
Adetomiwa Adebawore,97934,DI,IND,17,3,0,14,0,,,2.9,,,0,0,,58.8,0,,50.0,1,0,0.0,0,3,100.0,104,1,1,0,0,0,0,0.0,,0,1,,,0.0,,,0,0,,62.0,0,,62.5,5,0,0.0,0,0,0.0,197,3,2,0,0,0,0,,
Levelle Bailey,97956,LB,DEN,1,9,0,10,0,,,0.0,,,0,0,,,0,,,0,0,0.0,0,0,0.0,2,0,0,0,0,0,0,,,0,0,,,100.0,,,0,0,,62.2,0,,,0,0,0.0,0,3,33.3,3,0,0,0,0,0,0,0.0,
Derick Hall,98130,ED,SEA,16,20,0,29,0,,,10.2,,,0,1,,70.1,0,,0.0,0,1,0.0,0,6,30.0,59,1,1,0,0,0,0,0.0,,0,0,8.5,100.0,4.6,4.0,4.0,0,0,0.0,29.0,0,17,100.0,7,0,118.8,2,8,40.0,175,1,0,2,0,33,16,4.1,16.5
Jordan Magee,98155,LB,WAS,15,156,0,32,0,11.0,100.0,87.1,24.0,24.0,0,0,0.0,49.3,0,15,0.0,0,0,118.8,1,27,17.3,31,0,1,1,0,15,4,0.6,15.0,0,2,2.7,94.7,91.5,6.3,5.9,0,0,0.0,59.5,0,57,13.0,3,0,125.9,18,118,75.6,129,11,18,19,1,190,134,1.7,10.6
Derek Stingley Jr.,98253,CB,HST,19,662,0,13,0,13.9,75.0,100.0,8.9,6.7,0,1,5.0,42.3,1,56,11.1,1,1,129.2,15,150,22.7,150,1,8,20,2,289,81,2.2,19.3,0,0,13.6,42.5,100.0,21.9,9.3,2,9,22.5,84.4,2,30,11.1,2,8,47.5,17,393,59.4,393,4,16,40,1,216,48,0.6,12.7
Colby Wooden,98312,DI,GB,18,2,0,12,0,,,0.0,,,0,0,,,0,,100.0,1,0,0.0,0,0,0.0,51,0,0,0,0,0,0,,,0,1,,,0.5,,,0,0,,58.6,0,,20.0,1,0,0.0,0,1,50.0,209,3,3,0,0,0,0,0.0,
Alex Wright,98318,ED,CLV,14,14,0,8,0,,,0.0,,,0,0,,67.1,0,,0.0,0,0,0.0,0,0,0.0,110,5,2,0,0,0,0,,,0,0,-3.0,100.0,8.7,6.0,6.0,0,0,0.0,79.2,0,3,20.0,1,0,79.2,2,12,85.7,138,4,4,2,0,1,7,0.1,0.5
George Karlaftis,98319,ED,KC,16,14,0,16,1,,,1.6,,,0,0,,55.8,0,,0.0,0,0,0.0,0,2,14.3,129,3,2,0,0,0,0,0.0,,0,1,1.7,66.7,3.2,4.5,3.0,0,0,0.0,48.7,0,8,50.0,4,0,77.1,2,9,64.3,277,4,3,3,0,14,9,1.6,7.0
Kayvon Thibodeaux,98444,ED,NYG,10,8,0,21,1,4.0,100.0,2.1,3.0,3.0,0,0,0.0,48.5,0,9,50.0,1,0,143.8,1,3,37.5,141,1,0,1,1,9,5,3.0,9.0,0,0,2.7,100.0,3.2,1.7,1.7,0,0,0.0,51.8,0,16,75.0,3,0,95.8,3,5,62.5,157,3,1,3,0,21,13,4.2,7.0
Eric Watts,98459,ED,NYJ,4,3,0,22,0,18.0,100.0,11.8,2.0,2.0,0,0,0.0,47.2,0,22,,0,0,158.3,1,2,66.7,17,0,0,1,1,22,4,11.0,22.0,0,0,6.0,100.0,2.7,1.0,1.0,0,0,0.0,46.9,0,7,0.0,0,0,95.8,1,1,33.3,37,0,2,1,0,7,1,7.0,7.0
Tatum Bethune,98532,LB,SF,9,271,0,28,0,0.3,100.0,65.7,7.2,7.2,0,0,0.0,36.6,0,50,0.0,0,0,118.8,6,46,17.0,70,2,5,6,0,117,115,2.7,19.5,0,7,4.7,78.3,95.6,9.2,7.2,0,2,8.7,53.1,0,36,19.4,6,2,99.8,18,172,63.5,180,5,18,23,0,183,110,1.1,10.2
Swayze Bozeman,98634,LB,NYG,3,18,0,21,0,-1.0,50.0,100.0,5.0,2.5,0,0,0.0,77.7,0,3,,0,0,56.3,1,5,27.8,5,0,0,2,0,3,5,0.6,3.0,0,0,9.0,66.7,86.7,6.5,4.3,0,0,0.0,29.5,0,17,,0,0,96.5,2,13,72.2,15,0,0,3,0,28,17,2.2,14.0
Nick Jackson,98640,LB,TB,1,6,0,30,0,,,60.0,,,0,0,,61.9,0,,,0,0,0.0,0,3,50.0,5,0,0,0,0,0,0,0.0,,0,0,-3.0,100.0,100.0,3.0,3.0,0,0,0.0,32.6,0,16,,0,0,118.8,1,3,50.0,3,0,0,1,0,16,19,5.3,16.0
Kaiir Elam,98693,CB,TEN,12,334,0,31,0,13.2,33.3,98.5,19.7,6.6,0,1,11.1,55.6,0,18,0.0,0,1,81.7,3,66,19.8,67,2,3,9,1,32,4,0.5,10.7,0,3,12.2,71.1,100.0,8.2,5.8,0,1,2.6,52.0,0,65,11.5,3,0,130.6,27,233,69.8,233,3,20,38,3,392,135,1.8,14.5
Mohamoud Diabate,98780,LB,CLV,17,110,0,8,0,2.0,100.0,68.6,11.0,11.0,0,0,0.0,51.4,0,11,33.3,1,0,106.3,2,24,21.8,35,0,2,2,0,19,15,0.9,9.5,0,3,2.4,100.0,93.4,14.0,14.0,0,0,0.0,66.0,0,19,11.1,1,0,96.7,5,71,64.5,76,3,5,5,0,36,24,0.5,7.2
Ty'Ron Hopper,98781,LB,GB,9,51,0,12,0,,,54.5,,,0,0,,95.4,1,,,0,0,0.0,0,6,11.8,11,0,0,0,0,0,0,0.0,,0,0,8.0,100.0,86.8,16.5,16.5,0,0,0.0,61.1,0,18,50.0,1,0,118.8,2,33,64.7,38,0,1,2,0,27,11,0.8,13.5
Jay Ward,98833,S,MIN,13,96,0,18,0,,,92.3,,,0,0,,75.6,0,,,0,0,0.0,0,12,12.5,13,0,0,0,0,0,0,0.0,,0,2,11.0,100.0,94.4,32.5,32.5,0,0,0.0,63.8,0,28,14.3,1,0,118.8,2,68,70.8,72,1,4,2,0,39,17,0.6,19.5
Cor'Dale Flott,98834,CB,NYG,14,500,0,21,1,13.5,55.2,100.0,10.1,5.6,0,2,6.9,50.7,1,34,6.7,1,2,72.2,16,176,35.2,176,1,13,29,1,188,61,1.2,11.8,0,1,14.2,51.4,100.0,14.4,7.4,1,5,14.3,74.7,0,36,10.0,2,5,72.3,18,278,55.6,278,5,17,35,0,230,57,0.9,12.8
Jaylen McCollough,98845,S,LA,20,391,0,26,0,4.7,70.0,86.0,11.4,8.0,0,0,0.0,59.6,0,16,50.0,3,0,85.8,7,86,22.0,100,3,3,10,0,61,47,0.8,8.7,0,2,6.5,73.3,92.9,10.9,8.0,2,5,16.7,77.8,0,27,7.7,2,5,84.3,22,247,63.2,266,11,22,30,0,152,72,0.6,6.9
Demani Richardson,98852,S,CAR,3,10,0,5,0,,,100.0,,,0,0,,60.3,0,,,0,0,0.0,0,2,20.0,2,0,0,0,0,0,0,0.0,,0,0,,,100.0,,,0,0,,61.2,0,,,0,0,0.0,0,6,60.0,6,0,0,0,0,0,0,0.0,
Jordan Battle,98857,S,CIN,17,600,0,7,2,10.6,80.0,91.8,18.4,14.7,0,0,0.0,57.9,0,43,6.3,1,0,118.8,8,156,26.0,170,1,13,10,0,155,74,1.1,19.4,0,4,7.6,61.9,98.0,22.1,13.7,0,0,0.0,55.0,3,22,30.0,9,0,62.1,13,298,49.7,304,7,17,21,1,162,133,0.6,12.5
DeMarcco Hellams,98863,S,ATL,3,7,0,2,0,,,100.0,,,0,0,,60.0,0,,,0,0,0.0,0,1,14.3,1,0,0,0,0,0,0,0.0,,0,0,-5.0,100.0,85.7,5.0,5.0,0,0,0.0,27.5,0,7,100.0,1,0,95.8,1,6,85.7,7,0,0,1,0,7,12,1.4,7.0
Nehemiah Pritchett,98875,CB,SEA,6,58,0,29,0,11.8,50.0,100.0,6.5,3.3,0,2,50.0,72.7,0,11,,0,2,104.2,2,13,22.4,13,0,0,4,2,20,0,1.5,10.0,0,0,13.7,100.0,100.0,11.0,11.0,0,0,0.0,50.4,0,20,0.0,0,0,158.3,3,35,60.3,35,0,1,3,1,43,9,1.3,14.3
Jaylin Simpson,98876,S,GB,1,35,0,12,0,14.3,66.7,100.0,3.0,2.0,0,0,0.0,27.0,0,17,33.3,1,0,103.5,2,7,20.0,7,0,2,3,0,33,6,5.5,16.5,0,0,13.3,66.7,100.0,11.0,7.3,0,0,0.0,53.7,0,12,0.0,0,0,84.0,2,22,62.9,22,1,5,3,0,19,4,0.9,9.5
Brandin Echols,98900,CB,PIT,17,391,0,25,1,10.0,66.7,96.4,6.5,4.3,0,3,10.0,49.4,2,58,14.3,2,3,109.3,20,134,34.3,139,2,11,30,3,332,123,2.6,16.6,0,0,5.4,78.4,96.1,7.3,5.7,0,1,2.7,67.7,1,21,21.4,6,0,81.2,29,219,56.0,228,13,22,37,0,229,141,1.1,7.9
DeMarvin Leal,98919,ED,PIT,3,2,0,25,0,,,0.0,,,0,0,,,0,,,0,0,0.0,0,0,0.0,3,0,0,0,0,0,0,,,0,0,,,25.0,,,0,0,,60.6,0,,,0,0,0.0,0,2,100.0,8,0,0,0,0,0,0,0.0,
Justin Eboigbe,98925,DI,LAC,18,5,0,27,0,,,8.8,,,0,0,,59.6,0,,,0,0,0.0,0,3,60.0,34,1,0,0,0,0,0,0.0,,0,0,,,1.2,,,0,0,,60.6,0,,0.0,0,0,0.0,0,2,40.0,173,5,1,0,0,0,0,0.0,
Eric Gregory,98930,DI,NE,7,2,0,19,0,,,0.0,,,0,0,,,0,,,0,0,0.0,0,0,0.0,9,0,0,0,0,0,0,,,0,0,,,4.4,,,0,0,,58.2,0,,100.0,1,0,0.0,0,2,100.0,45,0,0,0,0,0,0,0.0,
Travon Walker,98940,ED,JAX,15,31,0,15,1,,,1.2,,,0,0,,60.4,0,,50.0,1,0,0.0,0,1,3.2,85,1,0,0,0,0,0,0.0,,0,2,1.8,100.0,9.7,5.5,5.5,0,0,0.0,43.9,0,14,0.0,0,0,116.7,4,22,71.0,226,2,4,4,0,48,41,2.2,12.0
Zion Logue,98944,DI,BUF,3,1,0,4,0,,,0.0,,,0,0,,,0,,,0,0,0.0,0,0,0.0,7,0,0,0,0,0,0,,,0,0,4.0,0.0,4.3,,1.0,0,0,0.0,60.0,0,,,0,0,39.6,0,1,100.0,23,1,0,1,0,0,0,0.0,
Isaiah McGuire,98948,ED,CLV,17,14,0,8,1,,,0.0,,,0,0,,63.4,0,,0.0,0,0,0.0,0,0,0.0,100,1,1,0,0,0,0,,,0,0,5.0,100.0,9.6,13.0,13.0,0,0,0.0,52.0,0,12,25.0,1,0,116.7,1,13,92.9,135,3,3,1,0,12,7,0.9,12.0
Henry To'oTo'o,98982,LB,HST,19,542,0,13,4,5.4,60.0,85.8,30.7,18.4,0,0,0.0,59.3,0,60,11.1,1,0,143.8,3,103,19.0,120,4,4,5,1,63,40,0.7,21.0,0,7,2.8,81.8,93.6,6.8,5.5,0,2,3.6,56.6,0,33,14.0,6,2,112.0,45,320,59.0,342,12,30,55,2,439,355,1.4,9.8
Christian Harris,98996,LB,HST,7,45,0,13,0,,,100.0,,,0,0,,61.7,0,,,0,0,0.0,0,3,6.7,3,0,0,0,0,0,0,0.0,,0,0,4.4,80.0,97.2,8.5,6.8,0,0,0.0,50.6,0,9,50.0,1,0,85.0,4,35,77.8,36,1,1,5,0,22,20,0.6,5.5
Owen Pappoe,99006,LB,ARZ,3,43,0,1,0,-1.0,0.0,100.0,,5.0,0,1,100.0,87.2,0,,,0,1,39.6,0,5,11.6,5,0,0,1,0,0,0,0.0,,0,0,6.3,100.0,91.3,6.3,6.3,0,0,0.0,61.5,0,16,0.0,0,0,106.9,3,21,48.8,23,1,6,3,0,29,10,1.5,9.7
Nolan Smith,99014,ED,PHI,13,40,0,24,1,,,7.3,,,0,0,,54.5,0,,0.0,0,0,0.0,0,6,15.0,82,2,1,0,0,0,0,0.0,,0,0,0.7,66.7,21.6,5.8,3.8,0,0,0.0,60.2,0,12,0.0,0,0,79.9,4,27,67.5,125,2,4,6,0,32,22,1.4,8.0
Jermaine Johnson,99015,ED,NYJ,14,11,0,22,0,,,2.2,,,0,0,,60.0,0,,33.3,1,0,0.0,0,3,27.3,135,3,2,0,0,0,0,0.0,,0,2,5.0,100.0,2.6,5.0,5.0,0,0,0.0,58.5,0,10,12.5,1,0,108.3,1,6,54.5,231,4,5,1,0,10,5,2.0,10.0
Nakobe Dean,99018,LB,PHI,10,249,0,24,1,4.2,60.0,76.7,18.0,10.8,0,0,0.0,78.2,0,6,40.0,2,0,64.6,3,56,22.5,73,2,2,5,0,2,5,0.0,0.7,0,1,3.5,72.7,84.5,12.0,8.7,0,0,0.0,57.9,0,60,18.2,2,0,108.1,8,98,39.4,116,8,8,11,0,120,95,1.3,15.0
Sam Williams,99106,ED,DAL,17,20,0,9,0,,,10.4,,,0,0,,67.7,0,,0.0,0,0,0.0,0,7,35.0,67,0,1,0,0,0,0,0.0,,0,1,12.5,0.0,4.7,,4.5,0,1,50.0,80.8,0,,30.0,3,1,39.6,0,9,45.0,192,4,6,2,0,0,0,0.0,
Tyler Owens,99271,S,WAS,6,35,0,32,0,15.0,100.0,82.4,6.5,6.5,0,0,0.0,31.9,0,26,,0,0,158.3,2,14,40.0,17,0,0,2,2,28,3,2.2,14.0,0,0,,,86.7,,,0,0,,66.7,0,,0.0,0,0,0.0,0,13,37.1,15,0,1,0,0,0,0,0.0,
Dee Winters,99376,LB,SF,18,578,0,28,1,2.7,77.8,68.7,11.3,8.8,0,0,0.0,49.7,0,15,22.2,2,0,124.1,7,90,15.6,131,2,6,9,1,44,25,0.6,6.3,0,3,2.2,81.4,93.7,6.2,5.1,0,3,4.3,71.9,1,17,15.7,8,3,87.6,57,373,64.5,398,19,40,70,1,371,334,1.0,6.5
Tykee Smith,99500,S,TB,16,580,0,30,1,7.1,61.5,93.6,15.1,9.3,0,3,23.1,75.6,1,23,0.0,0,3,55.9,8,131,22.6,140,1,12,13,0,108,62,0.9,13.5,0,6,10.0,78.3,94.0,20.8,16.3,0,3,13.0,45.3,0,63,9.7,3,2,143.3,18,389,67.1,414,5,22,23,2,263,128,0.7,14.6
Darien Porter,99553,CB,LV,13,319,0,23,0,10.3,50.0,100.0,12.5,6.3,0,2,25.0,52.5,0,24,25.0,1,2,67.7,4,57,17.9,57,1,3,8,0,46,8,0.9,11.5,0,3,17.4,63.6,100.0,15.1,9.6,0,2,9.1,53.7,0,44,12.5,3,1,92.2,14,223,69.9,223,2,18,22,0,196,44,0.9,14.0
Garrett Williams,99723,CB,ARZ,10,322,0,1,0,12.0,66.7,98.3,9.3,6.2,0,1,11.1,55.0,1,57,40.0,2,1,109.7,6,58,18.0,59,0,3,9,2,114,65,2.0,19.0,0,2,8.3,78.9,96.3,13.0,10.3,0,2,10.5,65.8,0,67,20.8,5,2,151.3,15,209,64.9,217,5,17,19,2,226,120,1.2,15.1
Demetrius Knight Jr.,99728,LB,CIN,17,422,0,7,1,1.6,80.0,80.4,10.0,8.0,0,0,0.0,68.6,2,19,30.0,3,0,85.4,8,86,20.4,107,1,6,10,1,60,57,0.8,7.5,0,8,4.5,71.9,89.3,9.1,6.6,0,4,12.5,38.7,0,39,9.7,3,3,136.1,23,218,51.7,244,8,20,32,3,329,243,1.6,14.3
Jarvis Brownlee Jr.,99734,CB,NYJ,9,257,0,22,1,5.9,82.4,98.8,5.3,4.4,0,1,5.9,44.0,0,26,0.0,0,0,119.1,14,82,31.9,83,2,11,17,1,134,73,1.8,9.6,0,4,5.2,75.0,98.0,9.0,6.8,1,1,5.0,56.5,0,19,11.1,2,0,91.5,15,145,56.4,148,9,12,20,0,129,75,1.0,8.6
SirVocea Dennis,99767,LB,TB,16,522,0,30,0,0.8,83.3,71.5,18.0,15.0,0,0,0.0,46.8,1,23,50.0,3,0,59.0,5,98,18.8,137,0,3,6,0,46,47,0.5,9.2,0,6,4.9,91.3,90.8,8.5,7.7,0,2,4.3,38.0,0,37,17.4,8,1,108.8,42,373,71.5,411,14,32,46,0,465,278,1.3,11.1
Ruke Orhorhoro,99768,DI,ATL,17,1,0,2,0,,,0.0,,,0,0,,,0,,,0,0,0.0,0,0,0.0,88,1,0,0,0,0,0,,,0,0,,,0.4,,,0,0,,59.5,0,,100.0,2,0,0.0,0,1,100.0,258,2,0,0,0,0,0,0.0,
Renardo Green,99773,CB,SF,16,557,0,28,0,17.3,38.5,100.0,10.0,3.8,0,8,30.8,52.6,0,40,0.0,0,5,60.6,10,112,20.1,112,0,12,26,0,165,35,1.7,16.5,0,1,13.9,52.8,100.0,17.9,9.5,0,2,5.6,52.4,0,34,8.3,2,2,92.4,19,357,64.1,357,4,21,36,2,240,60,0.7,12.6
Kyu Blu Kelly,100375,CB,LV,12,354,0,23,1,15.5,63.6,100.0,6.4,4.1,0,0,0.0,35.7,1,37,0.0,0,0,98.9,7,52,14.7,52,0,3,11,2,111,32,2.5,15.9,0,1,13.7,66.7,100.0,11.0,7.3,1,3,9.1,51.8,2,60,9.5,2,3,99.1,22,253,71.5,253,4,18,33,2,368,78,1.5,16.7
Trikweze Bridges,100378,CB,DAL,10,168,0,9,0,21.6,58.3,100.0,8.0,4.7,0,0,0.0,34.4,0,42,0.0,0,0,130.6,7,63,37.5,63,0,4,12,1,155,11,2.8,22.1,0,1,12.9,53.3,100.0,11.1,5.9,0,1,6.7,63.9,1,24,15.4,2,1,66.5,8,95,56.5,95,5,10,15,1,92,30,1.0,11.5
Nahshon Wright,100412,CB,CHI,19,704,0,6,0,9.4,73.3,99.5,8.4,6.1,0,2,6.7,53.4,1,28,11.1,2,2,124.4,22,196,27.8,197,0,16,30,3,301,117,1.6,13.7,0,6,13.4,60.0,99.5,12.7,7.6,2,6,10.9,59.3,2,44,8.6,3,5,103.5,33,435,61.8,437,9,26,55,5,479,116,1.1,14.5
Laiatu Latu,100551,ED,IND,16,65,0,14,0,,,8.2,,,0,0,,74.0,1,,50.0,1,0,0.0,0,13,20.0,158,3,1,0,0,0,0,0.0,,0,1,5.4,100.0,16.5,8.4,8.4,0,0,0.0,87.6,1,14,25.0,2,0,72.1,5,42,64.6,255,7,5,5,0,54,27,1.3,10.8
Jamal Hill,100609,LB,HST,2,2,0,13,0,,,,,,0,0,,,0,,,0,0,0.0,0,0,0.0,0,0,0,0,0,0,0,,,0,0,,,100.0,,,0,0,,61.9,0,,,0,0,0.0,0,2,100.0,2,0,0,0,0,0,0,0.0,
Craig Woodson,100612,S,NE,20,692,0,19,2,8.4,75.0,90.5,15.1,11.3,1,1,6.3,50.5,1,22,11.8,2,1,105.5,12,200,28.9,221,4,13,16,3,105,38,0.6,8.8,0,4,6.6,56.5,96.2,32.3,18.3,1,4,17.4,79.6,0,23,6.7,2,4,69.5,13,433,62.6,450,7,24,23,0,112,40,0.3,8.6
Sauce Gardner,100903,CB,IND,11,343,0,14,0,11.4,58.3,99.2,15.3,8.9,0,3,25.0,68.6,0,32,16.7,1,3,108.7,7,117,34.1,118,0,5,12,1,87,29,0.8,12.4,0,2,11.2,45.0,99.0,20.8,9.4,1,5,25.0,69.6,0,43,0.0,0,4,103.3,9,199,58.0,201,2,10,20,2,146,34,0.8,16.2
Ja'Quan McMillian,100931,CB,DEN,19,588,0,10,1,9.4,61.9,88.4,11.8,7.3,0,0,0.0,76.2,1,21,0.0,0,0,68.0,13,167,28.4,189,6,12,21,1,92,22,0.6,7.1,0,3,5.8,69.8,94.6,9.4,6.5,0,3,7.0,74.6,2,61,13.8,4,2,76.5,30,299,50.9,316,13,22,43,1,288,167,1.0,9.6
JL Skinner,101311,S,DEN,3,22,0,10,0,,,100.0,,,0,0,,42.2,0,,,0,0,0.0,0,5,22.7,5,0,0,0,0,0,0,0.0,,0,0,,,100.0,,,0,0,,62.0,0,,,0,0,0.0,0,7,31.8,7,0,0,0,0,0,0,0.0,
Jerrick Reed II,101322,S,TEN,2,43,0,31,0,,,100.0,,,0,0,,62.1,0,,,0,0,0.0,0,9,20.9,9,0,0,0,0,0,0,0.0,,0,0,8.3,100.0,100.0,10.0,10.0,0,0,0.0,57.6,0,11,0.0,0,0,100.0,3,32,74.4,32,1,3,3,0,24,-1,0.8,8.0
Joey Porter Jr.,101364,CB,PIT,15,597,0,25,1,10.7,36.4,100.0,14.4,5.2,0,10,30.3,70.4,0,19,7.1,1,7,49.2,12,191,32.0,191,4,12,33,0,133,39,0.8,11.1,0,1,10.5,54.2,99.7,25.4,13.8,2,4,16.7,72.8,1,21,4.5,1,4,55.6,13,342,57.3,343,2,20,24,0,148,36,0.4,11.4
DJ Turner II,101376,CB,CIN,17,580,0,7,1,11.5,33.3,100.0,22.1,7.4,0,5,23.8,64.4,1,17,0.0,0,4,62.9,7,165,28.4,165,0,3,21,3,67,10,0.4,9.6,0,4,15.2,51.6,100.0,17.3,8.9,2,8,25.8,74.0,0,36,13.0,3,6,78.8,16,284,49.0,284,2,16,31,0,251,62,0.9,15.7
Deonte Banks,101384,CB,NYG,14,282,0,21,0,12.6,81.3,99.2,8.4,6.8,0,2,12.5,44.9,0,36,0.0,0,1,154.9,13,119,42.2,120,1,8,16,3,187,30,1.7,14.4,0,0,11.4,81.8,100.0,14.0,11.5,0,1,9.1,55.9,0,20,9.1,1,0,109.1,9,135,47.9,135,3,10,11,0,112,24,0.9,12.4
Devon Witherspoon,101388,CB,SEA,14,519,0,29,2,10.5,66.7,97.3,9.8,6.5,0,3,20.0,65.9,0,44,9.1,1,3,93.5,10,107,20.6,110,3,8,15,0,129,45,1.3,12.9,0,4,7.9,71.4,94.8,10.6,7.5,0,5,14.3,84.6,1,48,0.0,0,4,93.8,25,273,52.6,288,11,23,35,1,290,119,1.1,11.6
Dane Belton,101398,S,NYG,17,443,0,21,4,5.5,54.5,95.5,25.8,14.1,0,3,27.3,68.6,0,17,0.0,0,3,99.6,6,169,38.1,177,3,11,11,2,29,12,0.2,4.8,0,8,9.3,73.1,95.9,11.4,8.3,0,1,3.8,50.8,1,51,3.3,1,1,96.0,19,231,52.1,241,4,21,26,1,226,99,1.0,11.9
David Ojabo,101420,ED,BLT,13,2,0,3,0,,,3.8,,,0,0,,60.0,0,,,0,0,0.0,0,1,50.0,26,0,0,0,0,0,0,0.0,,0,1,,,0.0,,,0,0,,60.6,0,,0.0,0,0,0.0,0,0,0.0,53,0,1,0,0,0,0,,
Mike Morris,101421,DI,SEA,13,7,0,29,0,,,20.0,,,0,0,,60.5,0,,,0,0,0.0,0,2,28.6,10,0,0,0,0,0,0,0.0,,0,0,,,7.7,,,0,0,,63.4,0,,,0,0,0.0,0,5,71.4,65,0,0,0,0,0,0,0.0,
Sam Okuayinonu,101425,ED,SF,17,13,0,28,0,2.0,0.0,9.8,,9.0,0,0,0.0,48.7,0,,0.0,0,0,39.6,0,9,69.2,92,1,1,1,0,0,0,0.0,,0,0,,,1.3,,,0,0,,76.4,0,,42.9,3,0,0.0,0,3,23.1,228,6,4,0,0,0,0,0.0,
Leo Chenal,101463,LB,KC,14,130,0,16,1,15.0,0.0,43.6,,19.0,0,0,0.0,91.5,1,,0.0,0,0,0.0,0,24,18.5,55,1,0,1,0,0,0,0.0,,0,2,3.2,91.7,56.6,7.7,7.1,0,0,0.0,64.7,0,47,7.7,1,0,108.0,11,90,69.2,159,8,10,12,0,119,96,1.4,10.8
Maema Njongmeta,101465,LB,CAR,1,3,0,5,0,,,100.0,,,0,0,,61.4,0,,,0,0,0.0,0,2,66.7,2,0,0,0,0,0,0,0.0,,0,0,,,0.0,,,0,0,,,0,,,0,0,0.0,0,0,0.0,1,0,0,0,0,0,0,,
Tommy Eichenberg,101488,LB,LV,8,45,0,23,1,,,69.2,,,0,0,,68.7,0,,0.0,0,0,0.0,0,9,20.0,13,0,0,0,0,0,0,0.0,,0,0,2.0,100.0,93.1,5.2,5.2,0,0,0.0,43.8,0,9,0.0,0,0,89.2,5,27,60.0,29,1,5,5,0,27,17,1.0,5.4
Jack Campbell,101515,LB,DET,17,599,0,11,1,6.5,58.3,80.1,26.3,15.3,0,1,8.3,61.9,0,42,28.6,2,1,122.9,7,201,33.6,251,4,4,12,2,94,91,0.5,13.4,0,7,3.9,78.3,90.0,8.9,7.0,1,1,2.2,69.0,0,28,12.8,6,1,107.0,36,333,55.6,370,19,34,46,2,285,192,0.9,7.9
Keeanu Benton,101536,DI,PIT,18,5,0,25,0,,,1.4,,,0,0,,60.0,0,,0.0,0,0,0.0,0,2,40.0,148,3,1,0,0,0,0,0.0,,0,0,,,0.4,,,0,0,,60.0,0,,100.0,1,0,0.0,0,1,20.0,265,3,0,0,0,0,0,0.0,
Jaquan Brisker,101665,S,CHI,19,660,0,6,2,7.7,45.5,83.8,31.4,14.3,0,6,54.5,74.8,0,35,0.0,0,3,88.1,5,171,25.9,204,2,3,11,1,47,39,0.3,9.4,0,4,10.1,80.6,92.3,13.8,11.1,0,2,5.6,48.2,1,45,9.3,4,2,108.4,29,417,63.2,452,9,35,36,2,301,100,0.8,10.4
Alijah Huzzie,101807,CB,HST,1,12,0,13,0,-2.0,100.0,100.0,6.0,6.0,0,0,0.0,78.4,0,4,0.0,0,0,83.3,1,6,50.0,6,1,1,1,0,4,6,0.7,4.0,0,0,4.0,100.0,80.0,4.0,4.0,0,0,0.0,89.8,1,4,0.0,0,0,43.8,1,4,33.3,5,1,1,1,0,4,0,1.0,4.0
Jared Verse,101912,ED,LA,20,18,0,26,0,,,1.6,,,0,0,,90.1,0,,0.0,0,0,0.0,0,2,11.1,126,4,1,0,0,0,0,0.0,,0,2,7.5,100.0,2.8,6.0,6.0,0,0,0.0,81.1,0,13,33.3,4,0,118.8,2,12,66.7,429,8,6,2,0,26,11,2.2,13.0
Kyle Hamilton,102684,S,BLT,16,590,0,3,2,9.3,46.7,87.7,24.7,11.5,0,3,20.0,77.0,0,25,0.0,0,0,82.4,7,186,31.5,212,1,13,15,1,69,45,0.4,9.9,0,6,4.4,86.2,87.0,11.0,9.5,1,3,10.3,75.8,0,42,5.9,2,2,131.0,25,287,48.6,330,11,26,29,2,288,172,1.0,11.5
Isaiah Foskey,102728,ED,CIN,2,1,0,7,0,,,0.0,,,0,0,,,0,,100.0,1,0,0.0,0,0,0.0,5,0,0,0,0,0,0,,,0,0,,,7.7,,,0,0,,48.8,0,,100.0,1,0,0.0,0,1,100.0,13,0,0,0,0,0,0,0.0,
JD Bertrand,102787,LB,ATL,5,86,0,2,0,-1.0,100.0,89.5,8.5,8.5,0,0,0.0,47.4,0,17,0.0,0,0,118.8,2,17,19.8,19,0,1,2,0,26,28,1.5,13.0,0,0,5.9,69.2,95.1,6.0,4.2,0,2,15.4,35.9,0,18,14.3,1,1,114.6,9,58,67.4,61,0,6,13,1,91,60,1.7,10.1
Marist Liufau,102789,LB,DAL,17,67,0,9,0,,,33.3,,,0,0,,63.3,0,,100.0,1,0,0.0,0,4,6.0,12,0,0,0,0,0,0,0.0,,0,0,4.9,92.9,84.5,4.2,3.9,0,0,0.0,28.4,0,36,36.4,4,0,137.2,13,60,89.6,71,1,7,14,1,157,105,2.9,12.1
Cam Hart,102955,CB,LAC,17,441,0,27,0,13.8,63.6,100.0,6.1,3.9,0,3,13.6,28.3,0,38,0.0,0,3,134.5,14,91,20.6,91,0,7,22,3,210,46,2.4,15.0,0,2,13.3,58.1,98.9,13.6,7.9,0,5,16.1,74.1,1,45,16.7,4,5,85.4,18,258,58.5,261,3,18,31,1,280,73,1.1,15.6
Kei'Trel Clark,104163,CB,ARZ,10,121,0,1,0,17.2,100.0,100.0,5.4,5.4,0,0,0.0,43.8,0,38,0.0,0,0,158.3,5,29,24.0,29,1,3,5,1,97,14,3.6,19.4,0,0,12.5,63.6,100.0,10.7,6.8,0,2,18.2,58.1,0,25,20.0,2,2,85.4,7,81,66.9,81,1,8,11,0,80,19,1.1,11.4
PJ Jules,104232,S,CIN,1,2,0,7,0,,,100.0,,,0,0,,60.0,0,,,0,0,0.0,0,1,50.0,1,0,0,0,0,0,0,0.0,,0,0,,,100.0,,,0,0,,60.0,0,,,0,0,0.0,0,1,50.0,1,0,0,0,0,0,0,0.0,
Branson Combs,105001,LB,JAX,4,19,0,15,0,,,100.0,,,0,0,,62.7,0,,,0,0,0.0,0,2,10.5,2,0,0,0,0,0,0,0.0,,0,0,5.5,100.0,81.3,6.5,6.5,0,0,0.0,54.3,0,8,,0,0,93.8,2,13,68.4,16,0,0,2,0,13,2,1.0,6.5
Chris Edmonds,105737,S,CLV,1,1,0,8,0,,,100.0,,,0,0,,60.0,0,,,0,0,0.0,0,1,100.0,1,0,0,0,0,0,0,0.0,,0,0,,,,,,0,0,,,0,,,0,0,0.0,0,0,0.0,0,0,0,0,0,0,0,,
Jalyx Hunt,105989,ED,PHI,18,69,0,24,0,1.5,50.0,7.4,9.0,4.5,0,0,0.0,69.4,1,7,33.3,1,0,18.8,1,9,13.0,121,2,2,2,0,7,4,0.8,7.0,0,1,2.3,50.0,27.2,24.0,12.0,1,0,0.0,50.1,1,8,50.0,3,0,16.7,2,50,72.5,184,3,2,4,0,11,13,0.2,5.5
Brandon Codrington,106248,CB,BUF,1,8,0,4,0,,,100.0,,,0,0,,60.0,0,,,0,0,0.0,0,1,12.5,1,0,0,0,0,0,0,0.0,,0,0,,,100.0,,,0,0,,65.2,0,,,0,0,0.0,0,7,87.5,7,0,0,0,0,0,0,0.0,
Truman Jones,106527,ED,TEN,9,2,0,31,0,,,15.4,,,0,0,,61.3,0,,,0,0,0.0,0,2,100.0,13,0,0,0,0,0,0,0.0,,0,0,,,0.0,,,0,0,,60.0,0,,50.0,1,0,0.0,0,0,0.0,50,1,1,0,0,0,0,,
Dom Jones,106697,CB,CLV,5,25,0,8,0,0.0,100.0,100.0,4.0,4.0,0,0,0.0,51.0,0,1,,0,0,118.8,1,7,28.0,7,0,0,1,1,1,1,0.3,1.0,0,0,12.2,66.7,100.0,4.5,3.0,0,0,0.0,48.0,0,39,0.0,0,0,137.5,4,18,72.0,18,0,2,6,1,58,5,3.2,14.5
Joe Andreessen,108177,LB,BUF,8,41,0,4,0,1.0,100.0,76.9,9.0,9.0,0,0,0.0,67.1,0,4,0.0,0,0,83.3,1,10,24.4,13,0,1,1,0,4,3,0.4,4.0,0,0,4.0,75.0,96.4,8.7,6.5,0,0,0.0,43.9,0,13,50.0,2,0,79.2,3,27,65.9,28,0,2,4,0,14,2,0.5,4.7
Rodney Thomas II,108389,S,IND,17,126,0,14,0,0.0,100.0,97.5,36.0,36.0,0,0,0.0,63.9,0,11,0.0,0,0,112.5,1,39,31.0,40,0,1,1,0,11,11,0.3,11.0,0,1,7.5,75.0,96.8,19.7,14.8,0,0,0.0,68.1,0,22,0.0,0,0,95.8,3,60,47.6,62,1,3,4,0,30,11,0.5,10.0
Michael Hoecht,108840,ED,BUF,2,2,0,4,0,,,6.3,,,0,0,,60.0,0,,,0,0,0.0,0,1,50.0,16,0,0,0,0,0,0,0.0,,0,0,,,5.0,,,0,0,,60.0,0,,,0,0,0.0,0,1,50.0,20,2,0,0,0,0,0,0.0,
Dee Alford,110542,CB,ATL,15,373,0,2,0,14.0,56.0,96.8,6.1,3.4,0,6,24.0,30.8,0,58,0.0,0,2,97.4,14,91,24.4,94,0,10,25,1,212,79,2.5,15.1,0,1,8.4,70.8,93.5,6.7,4.8,0,3,6.3,74.2,3,37,11.8,4,1,66.5,34,246,66.0,263,17,29,48,1,282,111,1.2,8.3
D'Anthony Bell,111578,S,CAR,6,54,0,5,0,,,100.0,,,0,0,,66.6,0,,,0,0,0.0,0,7,13.0,7,0,0,0,0,0,0,0.0,,0,0,4.5,100.0,92.9,12.0,12.0,0,0,0.0,73.4,0,7,0.0,0,0,93.8,2,26,48.1,28,4,4,2,0,13,4,0.5,6.5
Darrell Luter Jr.,121428,CB,SF,8,184,0,28,0,12.0,66.7,100.0,10.3,6.8,0,0,0.0,36.3,0,38,33.3,1,0,143.8,4,47,25.5,47,0,2,6,1,67,22,1.6,16.8,0,0,9.8,70.0,100.0,14.4,10.1,0,2,20.0,59.9,0,19,9.1,1,1,128.8,7,106,57.6,106,1,10,10,1,84,5,0.8,12.0
Natrone Brooks,121449,CB,ATL,5,53,0,2,0,8.0,100.0,100.0,8.0,8.0,0,0,0.0,54.2,0,11,0.0,0,0,112.5,1,9,17.0,9,0,1,1,0,11,3,1.4,11.0,0,0,14.6,62.5,100.0,7.2,4.5,0,2,25.0,54.3,0,36,33.3,1,2,145.8,5,37,69.8,37,0,2,8,1,101,15,2.8,20.2
Mac McWilliams,121497,CB,PHI,2,16,0,24,0,11.0,100.0,100.0,5.0,5.0,0,0,0.0,26.4,0,2,100.0,1,0,118.8,1,7,43.8,7,0,0,1,1,2,0,0.4,2.0,0,0,,,100.0,,,0,0,,64.1,0,,,0,0,0.0,0,4,25.0,4,0,0,0,0,0,0,0.0,
Cam'Ron Jackson,121769,DI,CAR,8,2,0,5,0,,,0.0,,,0,0,,,0,,,0,0,0.0,0,0,0.0,5,0,0,0,0,0,0,,,0,0,,,13.3,,,0,0,,54.7,0,,,0,0,0.0,0,2,100.0,15,0,0,0,0,0,0,0.0,
Upton Stout,121906,CB,SF,18,423,0,28,0,11.2,60.0,89.3,6.0,3.6,0,5,20.0,37.5,0,34,8.3,1,3,85.4,15,100,23.6,112,2,11,25,0,200,43,2.2,13.3,0,8,3.2,78.6,88.8,7.1,5.6,0,2,4.8,60.8,0,23,14.3,5,2,106.2,33,247,58.4,278,10,22,42,1,318,221,1.4,9.6
Zion Childress,121963,S,DAL,1,3,0,9,0,,,,,,0,0,,,0,,,0,0,0.0,0,0,0.0,0,0,0,0,0,0,0,,,0,0,,,100.0,,,0,0,,60.8,0,,,0,0,0.0,0,3,100.0,3,0,0,0,0,0,0,0.0,
Tyrice Knight,122025,LB,SEA,12,180,0,29,1,,,73.7,,,0,0,,68.9,0,,0.0,0,0,0.0,0,14,7.8,19,1,1,0,0,0,0,0.0,,0,3,1.4,94.1,89.7,6.8,6.4,1,0,0.0,66.2,0,25,14.3,3,0,93.9,16,113,62.8,126,10,15,17,0,111,90,1.0,6.9
Bryan Bresee,122142,DI,NO,15,2,0,20,0,,,2.7,,,0,0,,63.9,0,,,0,0,0.0,0,2,100.0,73,0,0,0,0,0,0,0.0,,0,0,,,0.0,,,0,0,,59.7,0,,75.0,3,0,0.0,0,0,0.0,243,1,1,0,0,0,0,,
R.J. Mickens,122153,S,LAC,11,239,0,27,0,1.0,50.0,100.0,33.0,16.5,1,0,0.0,71.2,0,2,0.0,0,0,56.3,1,36,15.1,36,1,2,2,0,2,0,0.1,2.0,0,3,7.5,37.5,99.4,52.3,19.6,0,0,0.0,69.5,1,11,8.3,1,0,7.3,3,160,66.9,161,0,8,8,0,26,12,0.2,8.7
Myles Murphy,122154,ED,CIN,17,11,0,7,0,,,3.3,,,0,0,,53.6,0,,25.0,1,0,0.0,0,4,36.4,121,2,3,0,0,0,0,0.0,,0,1,6.0,100.0,3.2,6.0,6.0,0,0,0.0,55.6,0,9,14.3,1,0,104.2,1,6,54.5,186,6,5,1,0,9,3,1.5,9.0
Trenton Simpson,122157,LB,BLT,16,200,0,3,0,8.7,83.3,64.9,8.8,7.3,0,0,0.0,37.4,0,30,50.0,2,0,97.9,5,48,24.0,74,2,2,6,0,45,14,1.0,9.0,0,3,3.3,78.9,86.1,6.9,5.4,0,1,5.3,68.5,0,14,10.0,2,1,85.5,15,105,52.5,122,6,15,19,0,86,62,0.8,5.7
Elijah Roberts,122222,DI,TB,17,8,0,30,0,,,5.6,,,0,0,,59.0,0,,,0,0,0.0,0,4,50.0,72,0,0,0,0,0,0,0.0,,0,0,,,1.6,,,0,0,,58.3,0,,0.0,0,0,0.0,0,4,50.0,244,2,1,0,0,0,0,0.0,
Aeneas Peebles,122379,DI,BLT,6,2,0,3,0,,,8.7,,,0,0,,61.3,0,,0.0,0,0,0.0,0,2,100.0,23,0,1,0,0,0,0,0.0,,0,0,,,0.0,,,0,0,,,0,,,0,0,0.0,0,0,0.0,16,0,0,0,0,0,0,,
Kyle Kennard,122483,ED,LAC,5,6,0,27,0,,,0.0,,,0,0,,,0,,,0,0,0.0,0,0,0.0,5,0,0,0,0,0,0,,,0,0,2.0,100.0,16.7,2.0,2.0,0,0,0.0,29.9,0,11,50.0,1,0,101.4,3,6,100.0,36,0,1,3,0,25,19,4.2,8.3
T.J. Tampa,122537,CB,BLT,13,90,0,3,0,8.0,66.7,100.0,6.0,4.0,0,1,16.7,64.2,0,10,0.0,0,0,114.6,4,28,31.1,28,1,3,6,1,25,4,1.0,6.3,0,0,16.2,50.0,100.0,15.7,7.8,0,1,16.7,74.5,1,24,0.0,0,1,29.9,3,48,53.3,48,0,3,6,0,37,13,0.8,12.3
Trey Amos,122628,CB,WAS,10,308,0,32,0,12.5,60.0,100.0,8.3,5.0,0,2,13.3,55.5,0,24,22.2,2,1,84.3,9,88,28.6,88,1,7,15,0,116,38,1.5,12.9,0,2,11.0,75.0,100.0,13.9,10.4,0,3,18.8,54.6,0,60,11.8,2,3,137.5,12,176,57.1,176,4,13,16,1,201,93,1.2,16.8
Yaya Diaby,122705,ED,TB,17,67,0,30,0,,,1.6,,,0,0,,51.6,0,,33.3,1,0,0.0,0,2,3.0,124,3,2,0,0,0,0,0.0,,0,0,2.5,90.0,18.1,6.7,6.0,0,0,0.0,42.7,0,20,16.7,2,0,97.1,9,62,92.5,343,12,10,10,0,73,62,1.2,8.1
Greedy Vance Jr.,122729,CB,LV,6,69,0,23,0,16.7,66.7,85.7,8.5,5.7,0,0,0.0,59.3,0,15,0.0,0,0,91.0,2,18,26.1,21,0,2,3,0,24,1,1.4,12.0,0,0,3.0,80.0,97.7,10.0,8.0,0,0,0.0,60.1,0,16,33.3,1,0,90.0,4,42,60.9,43,1,2,5,0,28,19,0.7,7.0
Cedric Gray,122835,LB,TEN,16,472,0,31,3,1.3,75.0,73.4,24.7,18.5,0,1,25.0,84.4,0,9,10.0,1,1,77.1,3,80,16.9,109,3,6,4,0,9,5,0.1,3.0,0,6,3.7,92.2,91.9,6.1,5.6,0,1,2.0,48.6,0,31,12.5,6,1,117.4,47,306,64.8,333,15,36,51,2,461,303,1.6,9.8
Xavier Watts,122914,S,ATL,17,662,0,2,1,10.5,83.3,99.3,25.8,21.5,0,1,16.7,64.6,1,28,0.0,0,1,79.2,5,137,20.7,138,0,6,6,0,89,40,0.7,17.8,0,7,10.8,71.4,99.3,28.3,20.2,0,3,14.3,73.7,4,50,7.7,3,2,110.8,15,450,68.0,453,5,29,21,3,248,111,0.6,16.5
Korie Black,122958,CB,NYG,6,109,0,21,0,16.0,71.4,100.0,6.0,4.3,0,1,14.3,29.8,0,40,0.0,0,1,153.3,5,31,28.4,31,0,2,7,3,97,26,3.2,19.4,0,3,17.8,100.0,100.0,17.0,17.0,0,0,0.0,55.2,0,39,0.0,0,0,118.8,4,71,65.1,71,1,5,4,0,123,52,1.8,30.8
Marlowe Wax,123057,LB,LAC,1,18,0,27,0,,,50.0,,,0,0,,79.6,0,,0.0,0,0,0.0,0,2,11.1,4,1,1,0,0,0,0,0.0,,0,0,,,85.7,,,0,0,,44.6,0,,0.0,0,0,0.0,0,12,66.7,14,0,1,0,0,0,0,0.0,
Jahdae Barron,123105,CB,DEN,19,255,0,10,1,13.6,53.3,90.7,8.9,4.7,0,1,6.7,46.0,1,41,20.0,2,1,72.1,8,78,30.6,86,2,7,15,1,112,52,1.6,14.0,0,2,10.0,76.2,99.1,6.9,5.3,1,1,4.8,51.5,0,19,23.5,4,1,105.7,16,116,45.5,117,6,11,21,1,122,71,1.1,7.6
Alfred Collins,123110,DI,SF,18,2,0,28,0,,,0.0,,,0,0,,,0,,,0,0,0.0,0,0,0.0,65,0,0,0,0,0,0,,,0,1,,,1.0,,,0,0,,56.3,0,,50.0,1,0,0.0,0,2,100.0,191,1,0,0,0,0,0,0.0,
Kitan Crawford,123111,S,ARZ,12,85,0,1,0,8.0,50.0,100.0,23.0,11.5,0,1,50.0,69.8,0,9,0.0,0,0,62.5,1,25,29.4,25,0,1,2,0,9,4,0.4,9.0,0,1,1.0,100.0,97.9,43.0,43.0,0,1,100.0,79.4,0,3,0.0,0,1,79.2,1,46,54.1,47,2,4,1,0,3,2,0.1,3.0
Jaylan Ford,123114,LB,NO,1,7,0,20,0,,,,,,0,0,,,0,,,0,0,0.0,0,0,0.0,0,0,0,0,0,0,0,,,0,1,,,100.0,,,0,0,,66.5,0,,0.0,0,0,0.0,0,6,85.7,6,0,0,0,0,0,0,0.0,
Kobee Minor,123148,CB,NE,2,24,0,19,0,,,100.0,,,0,0,,64.4,0,,,0,0,0.0,0,6,25.0,6,0,0,0,0,0,0,0.0,,0,0,,,100.0,,,0,0,,58.1,0,,,0,0,0.0,0,17,70.8,17,0,0,0,0,0,0,0.0,
Keonta Jenkins,123352,LB,BUF,1,9,0,4,0,,,,,,0,0,,,0,,,0,0,0.0,0,0,0.0,0,0,0,0,0,0,0,,,0,0,4.0,100.0,100.0,7.0,7.0,0,0,0.0,52.1,0,10,0.0,0,0,108.3,1,8,88.9,8,0,2,1,0,10,6,1.4,10.0
Dorian Strong,123366,CB,BUF,3,48,0,4,0,14.0,50.0,100.0,12.0,6.0,0,0,0.0,28.5,0,36,,0,0,95.8,1,13,27.1,13,0,0,2,0,36,34,3.0,36.0,0,0,1.5,100.0,96.8,15.0,15.0,0,0,0.0,70.0,0,14,0.0,0,0,95.8,2,30,62.5,31,2,3,2,0,14,11,0.5,7.0
Caelen Carson,123377,CB,DAL,6,155,0,9,0,17.5,50.0,100.0,31.0,15.5,0,0,0.0,54.1,0,18,50.0,1,0,81.3,1,35,22.6,35,0,1,2,0,18,2,0.6,18.0,0,0,9.8,64.3,100.0,11.9,7.6,0,1,7.1,56.5,0,41,11.1,1,1,89.0,9,113,72.9,113,3,8,14,0,112,26,1.0,12.4
Daryl Porter Jr.,123429,CB,PIT,1,1,0,25,0,,,100.0,,,0,0,,60.0,0,,,0,0,0.0,0,1,100.0,1,0,0,0,0,0,0,0.0,,0,0,,,,,,0,0,,,0,,,0,0,0.0,0,0,0.0,0,0,0,0,0,0,0,,
Corey Thornton,123763,CB,CAR,6,78,0,5,0,12.3,50.0,95.2,9.0,4.5,0,1,25.0,37.1,0,22,0.0,0,0,75.0,2,20,25.6,21,0,2,4,0,30,14,1.7,15.0,0,0,10.1,57.1,97.6,10.3,5.9,1,2,28.6,74.7,0,9,0.0,0,2,67.0,4,41,52.6,42,2,5,7,0,29,23,0.7,7.3
Will Anderson Jr.,123903,ED,HST,19,2,0,13,0,,,0.0,,,0,0,,,0,,100.0,2,0,0.0,0,0,0.0,127,5,0,0,0,0,0,,,0,0,-8.0,100.0,0.7,2.0,2.0,0,0,0.0,77.8,0,-10,18.2,2,0,79.2,1,2,100.0,298,14,9,1,0,-10,-2,-5.0,-10.0
Brian Branch,123907,S,DET,12,435,0,11,2,11.8,42.9,97.2,17.8,7.6,0,4,19.0,81.0,0,27,0.0,0,3,102.8,9,175,40.2,180,6,16,21,3,128,25,0.8,14.2,0,2,11.9,75.0,94.1,17.8,13.3,1,3,18.8,58.8,0,41,11.1,2,3,130.5,12,223,51.3,237,4,14,16,1,173,48,0.8,14.4
Chris Braswell,123908,ED,TB,17,35,0,30,0,,,5.1,,,0,0,,78.1,0,,0.0,0,0,0.0,0,2,5.7,39,1,1,0,0,0,0,0.0,,0,0,1.3,83.3,25.6,5.6,4.7,0,0,0.0,41.6,0,18,0.0,0,0,103.5,5,30,85.7,117,3,4,6,0,53,46,1.9,10.6
Malachi Moore,123928,S,NYJ,17,514,0,22,1,5.2,69.2,95.3,16.9,11.7,0,0,0.0,50.1,0,40,14.3,2,0,122.6,9,163,31.7,171,2,11,13,1,116,68,0.8,12.9,0,0,11.6,64.7,97.8,26.5,17.2,0,2,11.8,57.9,0,38,6.7,2,2,117.8,11,308,59.9,315,4,28,17,1,172,111,0.6,15.6
Quandarrius Robinson,123932,ED,DEN,7,12,0,10,0,,,7.1,,,0,0,,50.6,0,,100.0,1,0,0.0,0,2,16.7,28,1,0,0,0,0,0,0.0,,0,0,,,18.5,,,0,0,,66.0,0,,,0,0,0.0,0,10,83.3,54,1,0,0,0,0,0,0.0,
Warren Brinson,124013,DI,GB,12,5,0,12,0,,,3.1,,,0,0,,56.9,0,,,0,0,0.0,0,1,20.0,32,0,0,0,0,0,0,0.0,,0,0,,,3.6,,,0,0,,56.9,0,,,0,0,0.0,0,4,80.0,110,0,0,0,0,0,0,0.0,
Kelee Ringo,124035,CB,PHI,9,197,0,24,0,15.5,33.3,100.0,27.0,9.0,0,1,16.7,37.2,0,26,33.3,1,0,57.6,2,64,32.5,64,0,2,6,0,40,5,0.7,20.0,0,0,19.6,58.3,100.0,11.6,6.8,0,3,25.0,58.3,0,34,10.0,1,1,92.7,7,85,43.1,85,1,9,12,0,121,20,1.5,17.3
Andru Phillips,124075,CB,NYG,17,495,0,21,0,10.6,53.8,100.0,8.6,4.6,0,7,17.9,63.3,2,33,9.1,2,7,61.1,21,198,40.0,198,7,20,39,1,252,64,1.4,12.0,0,1,1.7,96.4,93.7,8.8,8.5,0,1,3.6,71.2,0,21,13.3,4,1,98.7,27,254,51.3,271,16,25,28,0,215,173,0.9,8.0
Dwight McGlothern,124103,CB,MIN,3,17,0,18,0,17.0,0.0,100.0,,4.0,0,0,0.0,46.0,0,,,0,0,39.6,0,4,23.5,4,0,0,1,0,0,0,0.0,,0,0,,,100.0,,,0,0,,47.4,0,,,0,0,0.0,0,10,58.8,10,0,0,0,0,0,0,0.0,
BJ Ojulari,124105,ED,ARZ,8,22,0,1,0,,,6.3,,,0,0,,60.0,0,,,0,0,0.0,0,1,4.5,16,0,0,0,0,0,0,0.0,,0,0,1.3,100.0,30.9,5.3,5.3,0,0,0.0,40.5,0,17,50.0,1,0,110.4,4,21,95.5,68,0,1,4,0,42,37,2.0,10.5
Cedric Johnson,124136,ED,CIN,9,5,0,7,0,0.0,100.0,6.1,3.0,3.0,0,0,0.0,59.6,0,30,100.0,2,0,158.3,1,3,60.0,49,1,0,1,1,30,30,10.0,30.0,0,0,5.0,100.0,3.1,2.0,2.0,0,0,0.0,44.5,0,10,50.0,1,0,108.3,1,2,40.0,64,1,1,1,0,10,5,5.0,10.0
Austin Keys,124137,LB,ARZ,1,2,0,1,0,,,,,,0,0,,,0,,,0,0,0.0,0,0,0.0,0,0,0,0,0,0,0,,,0,0,,,40.0,,,0,0,,61.0,0,,,0,0,0.0,0,2,100.0,5,1,0,0,0,0,0,0.0,
Deane Leonard,124140,CB,LAC,3,19,0,27,0,,,100.0,,,0,0,,62.3,0,,,0,0,0.0,0,2,10.5,2,0,0,0,0,0,0,0.0,,0,0,,,100.0,,,0,0,,67.9,0,,0.0,0,0,0.0,0,15,78.9,15,0,1,0,0,0,0,0.0,
Tavius Robinson,124147,ED,BLT,10,17,0,3,0,,,6.1,,,0,0,,61.7,0,,0.0,0,0,0.0,0,6,35.3,99,1,1,0,0,0,0,0.0,,0,0,-7.0,100.0,6.2,8.0,8.0,0,0,0.0,73.5,0,8,50.0,2,0,100.0,1,8,47.1,130,3,2,1,0,8,15,1.0,8.0
Emmanuel Forbes,124166,CB,LA,20,577,0,26,1,10.6,45.0,100.0,11.9,5.4,0,6,30.0,59.8,0,33,0.0,0,6,97.5,9,118,20.5,118,0,6,20,2,118,29,1.1,13.1,0,3,12.8,58.7,99.5,13.6,8.0,0,9,19.6,65.1,1,75,25.0,7,7,98.7,27,381,66.0,383,5,18,46,2,467,176,1.3,17.3
Decamerion Richardson,124183,CB,LV,1,6,0,23,0,21.0,0.0,100.0,,2.0,0,0,0.0,72.0,0,,,0,0,39.6,0,2,33.3,2,0,0,1,0,0,0,0.0,,0,0,1.0,100.0,100.0,3.0,3.0,0,0,0.0,65.0,0,6,0.0,0,0,91.7,1,3,50.0,3,1,1,1,0,6,5,2.0,6.0
Kris Abrams-Draine,124194,CB,DEN,9,163,0,10,0,9.4,77.8,100.0,6.0,4.7,0,1,11.1,63.7,0,18,0.0,0,0,102.8,7,47,28.8,47,2,6,9,0,78,13,1.9,11.1,0,0,5.5,81.8,100.0,8.6,7.0,0,0,0.0,50.4,0,16,15.4,2,0,99.6,9,82,50.3,82,2,11,11,0,87,37,1.1,9.7
Jaylon Carlies,124196,LB,IND,1,1,0,14,0,,,0.0,,,0,0,,,0,,,0,0,0.0,0,0,0.0,1,0,0,0,0,0,0,,,0,0,,,100.0,,,0,0,,60.0,0,,,0,0,0.0,0,1,100.0,1,0,0,0,0,0,0,0.0,
Jordan Burch,124227,ED,ARZ,17,27,0,1,0,,,1.9,,,0,0,,60.0,0,,,0,0,0.0,0,1,3.7,54,1,0,0,0,0,0,0.0,,0,1,11.0,100.0,13.1,11.5,11.5,0,0,0.0,43.7,0,33,0.0,0,0,118.8,2,23,85.2,176,0,0,2,0,40,18,1.7,20.0
Tonka Hemingway,124238,DI,LV,9,1,0,23,0,,,4.3,,,0,0,,58.5,0,,100.0,1,0,0.0,0,1,100.0,23,0,0,0,0,0,0,0.0,,0,0,,,0.0,,,1,0,,,0,,,0,0,0.0,0,0,0.0,79,3,0,0,0,0,0,,
Tyler Baron,124268,ED,NYJ,5,1,0,22,0,,,0.0,,,0,0,,,0,,,0,0,0.0,0,0,0.0,15,0,0,0,0,0,0,,,0,0,,,3.0,,,0,0,,53.7,0,,0.0,0,0,0.0,0,1,100.0,33,1,1,0,0,0,0,0.0,
Edgerrin Cooper,124311,LB,GB,17,574,0,12,0,0.8,60.0,54.6,18.7,11.2,0,1,20.0,74.4,0,8,0.0,0,1,67.1,3,65,11.3,119,2,6,5,0,18,19,0.3,6.0,0,8,3.0,86.8,97.0,8.1,7.0,1,3,5.7,81.5,0,34,10.4,5,3,91.2,46,387,67.4,399,19,35,53,0,312,227,0.8,6.8
Fadil Diggs,124314,ED,NO,4,5,0,20,0,,,0.0,,,0,0,,,0,,,0,0,0.0,0,0,0.0,3,0,0,0,0,0,0,,,0,0,3.0,100.0,35.7,5.0,5.0,0,0,0.0,43.1,0,9,,0,0,104.2,1,5,100.0,14,0,0,1,0,9,6,1.8,9.0
McKinnley Jackson,124324,DI,CIN,9,1,0,7,0,,,5.0,,,0,0,,60.0,0,,,0,0,0.0,0,1,100.0,20,0,0,0,0,0,0,0.0,,0,0,,,0.0,,,0,0,,,0,,,0,0,0.0,0,0,0.0,38,0,0,0,0,0,0,,
Antonio Johnson,124326,S,JAX,17,477,0,15,0,3.2,76.9,97.1,8.4,6.5,0,0,0.0,67.8,0,15,8.3,1,0,113.3,10,102,21.4,105,5,11,13,1,67,42,0.8,6.7,0,5,10.6,52.9,96.3,27.1,14.4,0,3,17.6,82.4,3,48,0.0,0,3,31.4,9,257,53.9,267,7,14,17,0,101,32,0.4,11.2
Jaylon Jones,124328,CB,IND,9,124,0,14,0,14.8,44.4,97.7,10.0,4.4,0,2,22.2,38.2,0,37,0.0,0,1,73.8,4,42,33.9,43,0,3,9,0,75,16,1.9,18.8,0,1,6.0,64.3,98.2,5.9,3.8,0,1,7.1,36.8,0,14,28.6,2,1,104.5,9,54,43.5,55,0,4,14,1,84,42,1.6,9.3
Gervon Dexter Sr.,124374,DI,CHI,19,4,0,6,0,,,0.0,,,0,0,,66.0,0,,0.0,0,0,0.0,0,0,0.0,138,2,2,0,0,0,0,,,0,1,,,1.0,,,0,0,,61.0,0,,0.0,0,0,0.0,0,3,75.0,287,7,4,0,0,0,0,0.0,
Princely Umanmielen,124398,ED,CAR,17,15,0,5,0,,,3.8,,,0,0,,60.0,0,,,0,0,0.0,0,1,6.7,26,0,0,0,0,0,0,,,0,1,3.3,100.0,7.7,2.7,2.7,0,0,0.0,36.9,0,14,0.0,0,0,108.3,3,8,53.3,104,1,1,3,0,30,20,3.8,10.0
Marques Sigle,125305,S,SF,11,280,0,28,0,7.6,100.0,98.5,6.3,6.3,0,0,0.0,49.2,0,21,9.1,1,0,144.9,9,65,23.2,66,4,10,9,1,89,21,1.6,9.9,0,2,11.9,84.6,97.7,14.5,12.2,0,1,7.7,41.4,0,45,15.4,2,1,143.6,11,167,59.6,171,2,9,13,1,160,17,1.0,14.5
Segun Olubi,128312,LB,IND,1,2,0,14,0,,,,,,0,0,,,0,,,0,0,0.0,0,0,0.0,0,0,0,0,0,0,0,,,0,0,,,100.0,,,0,0,,61.0,0,,,0,0,0.0,0,2,100.0,2,0,0,0,0,0,0,0.0,
Nohl Williams,128375,CB,KC,14,273,0,16,0,11.5,20.0,100.0,37.5,7.5,0,5,50.0,63.6,0,53,100.0,1,2,52.5,2,83,30.4,83,0,0,10,0,61,43,0.8,30.5,0,1,11.4,64.7,98.0,12.6,8.2,1,1,5.9,73.3,0,37,10.5,2,1,108.0,11,146,53.5,149,7,16,17,1,132,23,0.9,12.0
Reuben Lowery III,129393,S,IND,3,40,0,14,0,3.0,75.0,100.0,4.7,3.5,0,0,0.0,43.5,0,11,,0,0,125.0,3,17,42.5,17,0,0,4,2,20,15,1.4,6.7,0,2,4.5,100.0,90.9,10.0,10.0,0,0,0.0,51.0,0,9,0.0,0,0,97.9,2,20,50.0,22,0,1,2,0,15,6,0.8,7.5
Jer'Zhan Newton,129420,DI,WAS,17,2,0,32,0,,,0.0,,,0,0,,,0,,,0,0,0.0,0,0,0.0,48,1,0,0,0,0,0,,,0,1,-3.0,0.0,0.7,,1.0,0,0,0.0,62.2,0,,0.0,0,0,39.6,0,1,50.0,150,4,2,1,0,0,0,0.0,
Yahya Black,129460,DI,PIT,18,3,0,25,0,,,2.3,,,0,1,,65.5,0,,0.0,0,1,0.0,0,2,66.7,88,0,1,0,0,0,0,0.0,,0,0,,,0.0,,,0,0,,60.0,0,,66.7,2,0,0.0,0,0,0.0,116,0,1,0,0,0,0,,
Jay Higgins,129469,LB,BLT,1,3,0,3,0,,,,,,0,0,,,0,,,0,0,0.0,0,0,0.0,0,0,0,0,0,0,0,,,0,0,2.0,100.0,50.0,1.0,1.0,0,0,0.0,51.9,0,8,0.0,0,0,100.0,1,1,33.3,2,0,1,1,0,8,6,8.0,8.0
Lukas Van Ness,129482,ED,GB,10,15,0,12,0,,,7.5,,,0,0,,60.7,0,,,0,0,0.0,0,3,20.0,40,1,0,0,0,0,0,0.0,,0,0,3.0,0.0,9.6,,11.0,0,0,0.0,69.1,0,,33.3,1,0,39.6,0,11,73.3,115,3,2,1,0,0,0,0.0,
Jakorian Bennett,129496,CB,PHI,5,57,0,24,0,16.6,40.0,100.0,8.5,3.4,0,3,60.0,26.7,0,10,0.0,0,1,51.3,2,21,36.8,21,0,2,5,0,19,6,1.1,9.5,0,0,2.5,100.0,100.0,8.5,8.5,0,0,0.0,48.3,0,12,0.0,0,0,114.6,2,20,35.1,20,0,1,2,0,23,18,1.4,11.5
Beau Brade,129499,S,NYG,1,1,0,21,0,,,100.0,,,0,0,,60.0,0,,,0,0,0.0,0,1,100.0,1,0,0,0,0,0,0,0.0,,0,0,,,,,,0,0,,,0,,,0,0,0.0,0,0,0.0,0,0,0,0,0,0,0,,
Ruben Hyppolite II,129516,LB,CHI,4,10,0,6,0,,,66.7,,,0,0,,60.7,0,,,0,0,0.0,0,2,20.0,3,0,0,0,0,0,0,0.0,,0,0,,,87.5,,,0,0,,48.3,0,,,0,0,0.0,0,7,70.0,8,0,0,0,0,0,0,0.0,
Tarheeb Still,129537,CB,LAC,16,525,0,27,0,7.3,61.5,93.9,10.5,6.5,0,3,23.1,74.2,0,20,20.0,1,3,99.5,8,92,17.5,98,3,4,13,1,64,57,0.8,8.0,0,3,6.1,79.5,97.1,10.4,8.3,0,2,5.1,60.1,0,49,13.2,5,1,101.6,31,340,64.8,350,11,30,39,0,327,182,1.0,10.5
Jaylen Harrell,129579,ED,TEN,12,52,0,31,1,,,17.9,,,0,0,,67.2,0,,0.0,0,0,0.0,0,7,13.5,39,1,0,0,0,0,0,0.0,,0,1,3.5,100.0,25.2,16.5,16.5,0,0,0.0,64.8,0,8,0.0,0,0,95.8,2,37,71.2,147,5,6,2,0,14,7,0.4,7.0
Kris Jenkins,129584,DI,CIN,14,4,0,7,0,,,4.8,,,0,0,,59.7,0,,33.3,1,0,0.0,0,4,100.0,84,2,2,0,0,0,0,0.0,,0,0,,,0.0,,,0,0,,60.0,0,,33.3,1,0,0.0,0,0,0.0,140,2,2,0,0,0,0,,
Braiden McGregor,129586,ED,NYJ,12,3,0,22,0,,,0.0,,,0,0,,,0,,,0,0,0.0,0,0,0.0,39,0,0,0,0,0,0,,,0,0,,,4.1,,,0,0,,53.1,0,,50.0,3,0,0.0,0,3,100.0,73,1,3,0,0,0,0,0.0,
Lathan Ransom,129755,S,CAR,17,246,0,5,3,13.0,50.0,100.0,42.0,21.0,0,0,0.0,48.3,0,27,0.0,0,0,95.8,1,43,17.5,43,0,2,2,0,27,18,0.6,27.0,0,2,7.4,72.7,97.5,18.9,13.7,0,0,0.0,59.4,1,35,7.7,1,0,99.4,8,155,63.0,159,4,10,11,1,117,65,0.8,14.6
Cody Simon,129757,LB,ARZ,11,266,0,1,0,5.3,57.1,89.8,12.5,7.1,0,1,14.3,64.4,0,9,33.3,1,1,101.8,4,53,19.9,59,2,2,7,1,15,24,0.3,3.8,0,9,4.7,79.2,87.2,8.5,6.7,0,2,8.3,53.7,0,22,10.7,3,2,104.2,19,171,64.3,196,4,16,24,0,216,139,1.3,11.4
Ji'Ayir Brown,129767,S,SF,17,497,0,28,2,12.8,33.3,97.0,44.0,14.7,0,1,16.7,69.8,1,30,0.0,0,0,51.4,2,98,19.7,101,1,3,6,1,31,17,0.4,15.5,0,4,10.4,69.0,97.8,14.8,10.2,1,3,10.3,51.5,0,36,19.4,6,2,121.9,20,312,62.8,319,5,21,29,3,194,98,0.7,9.7
Sanoussi Kane,129820,S,TEN,4,45,0,31,0,,,100.0,,,0,0,,64.5,0,,,0,0,0.0,0,10,22.2,10,0,0,0,0,0,0,0.0,,0,1,11.8,75.0,100.0,9.7,7.3,0,0,0.0,32.6,0,23,0.0,0,0,145.8,3,31,68.9,31,0,3,4,1,40,18,1.4,13.3
Max Melton,129889,CB,ARZ,9,260,0,1,0,14.8,70.0,100.0,7.1,5.0,0,1,10.0,41.9,0,40,14.3,1,0,109.6,7,57,21.9,57,0,6,10,0,118,42,2.4,16.9,0,2,12.6,61.5,100.0,10.6,6.5,0,3,11.5,61.7,0,36,11.1,2,2,87.5,16,178,68.5,178,3,14,26,0,213,47,1.3,13.3
Nick Herbig,129920,ED,PIT,16,53,0,25,1,,,0.7,,,0,0,,75.5,1,,50.0,1,0,0.0,0,1,1.9,147,7,0,0,0,0,0,0.0,,0,0,4.8,80.0,21.5,6.1,4.9,1,2,20.0,68.7,0,24,20.0,1,2,103.7,8,49,92.5,228,3,4,10,0,89,44,1.8,11.1
Jordan Turner,129932,LB,DEN,1,14,0,10,0,,,25.0,,,0,0,,60.0,0,,,0,0,0.0,0,1,7.1,4,0,0,0,0,0,0,0.0,,0,1,6.5,50.0,100.0,7.0,3.5,0,0,0.0,49.5,0,6,0.0,0,0,56.3,1,7,50.0,7,0,0,2,0,6,3,0.9,6.0
Shaun Dolac,130406,LB,LA,3,19,0,26,0,,,66.7,,,0,0,,60.9,0,,,0,0,0.0,0,2,10.5,3,0,0,0,0,0,0,0.0,,0,0,3.0,50.0,86.7,13.0,6.5,0,0,0.0,87.7,0,4,0.0,0,0,56.3,1,13,68.4,15,0,2,2,0,4,0,0.3,4.0
Adin Huntington,130493,DI,CLV,12,1,0,8,0,,,0.0,,,0,0,,,0,,,0,0,0.0,0,0,0.0,29,0,0,0,0,0,0,,,0,0,,,2.2,,,0,0,,60.0,0,,,0,0,0.0,0,1,100.0,45,0,0,0,0,0,0,0.0,
Quinyon Mitchell,130628,CB,PHI,17,647,0,24,1,12.9,54.2,100.0,12.2,6.6,0,5,20.8,62.6,0,32,16.7,2,2,84.9,13,167,25.8,167,1,9,24,1,137,26,0.9,10.5,0,1,10.9,43.8,100.0,20.1,8.8,1,8,25.0,86.9,2,21,11.8,2,5,27.6,14,296,45.7,296,3,14,32,0,116,22,0.4,8.3
Byron Murphy II,131252,DI,SEA,19,8,0,29,0,,,5.9,,,0,0,,58.8,0,,,0,0,0.0,0,6,75.0,101,0,0,0,0,0,0,0.0,,0,1,,,0.6,,,0,0,,76.2,0,,11.1,1,0,0.0,0,2,25.0,311,9,7,0,0,0,0,0.0,
Shemar Turner,131273,ED,CHI,5,2,0,6,0,,,22.2,,,0,0,,62.0,0,,0.0,0,0,0.0,0,2,100.0,9,0,1,0,0,0,0,0.0,,0,0,,,0.0,,,0,0,,,0,,,0,0,0.0,0,0,0.0,22,0,0,0,0,0,0,,
Omarr Norman-Lott,131624,DI,KC,5,1,0,16,0,,,0.0,,,0,0,,,0,,,0,0,0.0,0,0,0.0,3,0,0,0,0,0,0,,,0,0,,,2.5,,,0,0,,59.6,0,,33.3,1,0,0.0,0,1,100.0,40,1,2,0,0,0,0,0.0,
Christian Gonzalez,131679,CB,NE,17,597,0,19,0,13.8,35.7,100.0,11.2,4.0,1,6,14.3,61.9,1,23,0.0,0,4,46.8,15,187,31.3,187,4,12,42,1,171,20,1.0,11.4,0,5,11.2,52.0,100.0,13.7,7.1,0,7,14.0,76.8,0,52,0.0,0,6,66.3,26,368,61.6,368,14,34,50,0,250,62,0.7,9.6
Noah Sewell,131722,LB,CHI,12,193,0,6,0,-1.8,100.0,65.0,9.0,9.0,0,0,0.0,37.9,0,41,50.0,2,0,118.8,4,39,20.2,60,0,2,4,0,67,74,1.9,16.8,0,3,5.8,88.2,93.5,8.3,7.3,0,0,0.0,33.9,0,27,15.8,3,0,116.2,15,129,66.8,138,3,13,17,1,122,63,1.0,8.1
Tuli Tuipulotu,131840,ED,LAC,17,51,0,27,1,,,6.6,,,0,0,,63.5,0,,50.0,1,0,0.0,0,6,11.8,91,4,0,0,0,0,0,0.0,,0,2,5.3,75.0,11.9,6.0,4.5,0,0,0.0,30.2,0,48,50.0,7,0,110.4,6,37,72.5,312,9,5,8,0,88,70,2.4,14.7
Connor O'Toole,131869,ED,SEA,4,1,0,29,0,,,,,,0,0,,,0,,,0,0,0.0,0,0,0.0,0,0,0,0,0,0,0,,,0,0,,,20.0,,,0,0,,60.0,0,,,0,0,0.0,0,1,100.0,5,0,0,0,0,0,0,0.0,
Carson Bruener,131889,LB,PIT,1,1,0,25,0,,,100.0,,,0,0,,60.0,0,,,0,0,0.0,0,1,100.0,1,0,0,0,0,0,0,0.0,,0,0,,,,,,0,0,,,0,,,0,0,0.0,0,0,0.0,0,0,0,0,0,0,0,,
Cooper McDonald,131903,ED,KC,4,18,0,16,0,18.0,100.0,40.0,2.0,2.0,0,0,0.0,44.1,0,23,0.0,0,0,118.8,1,2,11.1,5,0,1,1,0,23,5,11.5,23.0,0,0,3.0,0.0,92.3,,12.0,0,0,0.0,53.8,0,,,0,0,39.6,0,12,66.7,13,0,0,1,0,0,0,0.0,
Chau Smith-Wade,131956,CB,CAR,17,431,0,5,0,11.3,85.7,93.5,11.3,9.7,0,0,0.0,55.9,0,21,0.0,0,0,115.5,6,72,16.7,77,1,7,7,0,82,13,1.2,13.7,0,1,4.1,79.5,97.6,8.9,7.1,0,1,2.6,59.6,1,25,16.1,5,1,85.3,31,288,66.8,295,14,25,39,0,274,175,1.0,8.8
Jaylen Watson,131960,CB,KC,15,511,0,16,0,11.9,58.3,96.5,8.9,5.2,0,2,8.3,58.0,1,39,7.1,1,1,74.5,14,136,26.6,141,3,13,24,0,237,86,1.9,16.9,0,2,10.9,58.1,97.4,16.0,9.3,0,2,6.5,71.3,1,32,8.0,2,2,61.2,18,301,58.9,309,8,21,31,0,180,82,0.6,10.0
Sam Webb,134606,CB,CLV,5,87,0,8,1,10.3,100.0,100.0,7.8,7.8,0,0,0.0,33.3,0,21,33.3,1,0,156.3,4,33,37.9,33,0,1,4,1,48,13,1.5,12.0,0,0,8.4,40.0,100.0,21.0,8.4,0,1,20.0,79.0,0,10,33.3,1,1,47.9,2,42,48.3,42,1,2,5,0,11,-2,0.3,5.5
Keyon Martin,138344,CB,BLT,10,93,0,3,0,7.9,71.4,85.0,6.2,4.4,0,0,0.0,44.3,0,12,0.0,0,0,81.3,5,34,36.6,40,2,4,7,0,33,27,1.1,6.6,0,0,1.6,80.0,91.3,10.5,8.4,0,0,0.0,66.5,0,9,16.7,1,0,86.7,4,42,45.2,46,2,5,5,0,24,16,0.6,6.0
Micah Robinson,139042,CB,TEN,2,43,0,31,0,12.7,33.3,100.0,9.0,3.0,0,1,33.3,73.9,0,13,0.0,0,0,47.9,1,10,23.3,10,0,1,3,0,13,0,1.4,13.0,0,2,14.9,57.1,100.0,7.3,4.1,0,1,14.3,63.0,0,29,16.7,1,1,93.2,4,31,72.1,31,0,3,7,0,73,13,2.5,18.3
Myles Harden,141857,CB,CLV,16,339,0,8,1,11.5,51.6,100.0,9.0,4.6,0,2,6.5,37.8,0,24,14.3,2,1,94.8,16,154,45.4,154,2,11,31,3,130,51,0.9,8.1,0,2,2.0,96.3,97.0,5.9,5.7,1,2,7.4,58.9,0,40,27.8,5,2,126.5,26,159,46.9,164,7,11,27,2,228,181,1.5,8.8
Teddye Buchanan,142172,LB,BLT,14,312,0,3,0,1.6,54.5,74.0,14.7,8.0,0,1,9.1,58.7,0,15,22.2,2,1,68.8,6,94,30.1,127,2,7,11,0,56,44,0.6,9.3,0,7,4.7,78.3,91.0,9.1,7.1,0,0,0.0,48.4,0,26,3.7,1,0,94.7,18,172,55.1,189,5,19,23,0,155,95,0.9,8.6
Malik Mustapha,142358,S,SF,14,482,0,28,0,7.3,72.7,99.0,11.5,8.4,1,0,0.0,68.0,0,19,0.0,0,0,122.0,8,101,21.0,102,3,7,11,2,52,17,0.6,6.5,0,2,15.4,61.9,97.1,22.4,13.9,0,1,4.8,51.0,1,44,17.9,5,1,71.5,13,304,63.1,313,2,21,21,0,190,49,0.7,14.6
Elijah Ponder,142819,ED,NE,18,19,0,19,1,,,4.5,,,0,0,,62.8,0,,0.0,0,0,0.0,0,3,15.8,67,3,0,0,0,0,0,0.0,,0,0,7.5,100.0,11.9,8.0,8.0,0,0,0.0,47.7,0,17,0.0,0,0,118.8,2,16,84.2,134,1,3,2,0,27,12,1.7,13.5
Donovan Ezeiruaku,143824,ED,DAL,17,31,0,9,0,,,7.2,,,0,0,,79.1,0,,66.7,2,0,0.0,0,7,22.6,97,2,1,0,0,0,0,0.0,,0,0,,,10.0,,,0,0,,87.5,0,,33.3,2,0,0.0,0,23,74.2,230,4,4,0,0,0,0,0.0,
Brandon Johnson,143858,S,PHI,2,16,0,24,0,,,100.0,,,0,0,,62.5,0,,,0,0,0.0,0,3,18.8,3,0,0,0,0,0,0,0.0,,0,0,,,100.0,,,0,0,,61.1,0,,,0,0,0.0,0,9,56.3,9,0,0,0,0,0,0,0.0,
Kevin Knowles II,143885,CB,KC,6,57,0,16,0,10.7,33.3,86.2,24.0,8.0,0,0,0.0,57.9,0,8,0.0,0,0,42.4,1,25,43.9,29,0,2,3,0,8,2,0.3,8.0,0,0,14.5,25.0,91.7,21.0,5.3,0,0,0.0,42.3,0,0,,0,0,39.6,1,22,38.6,24,0,0,4,0,0,-4,0.0,0.0
Zeek Biggers,143903,DI,MIA,9,2,0,17,1,,,4.5,,,0,0,,66.4,0,,0.0,0,0,0.0,0,1,50.0,22,1,0,0,0,0,0,0.0,,0,0,,,0.0,,,0,0,,60.0,0,,33.3,1,0,0.0,0,0,0.0,95,1,2,0,0,0,0,,
Kamren Kinchens,143946,S,LA,20,668,0,26,1,2.3,75.0,95.0,41.0,30.8,0,0,0.0,74.4,1,13,30.8,4,0,47.9,3,133,19.9,140,3,8,4,0,22,17,0.2,7.3,0,7,5.3,87.5,98.2,15.3,13.4,2,5,15.6,74.4,0,33,3.6,2,5,123.6,28,445,66.6,453,16,47,32,3,197,71,0.5,7.0
James Williams,143955,LB,TEN,4,48,0,31,0,-2.0,0.0,100.0,,3.0,0,0,0.0,61.5,0,,,0,0,39.6,0,3,6.3,3,0,0,1,0,0,0,0.0,,0,3,-0.4,100.0,87.5,4.9,4.9,0,0,0.0,51.4,0,18,10.0,1,0,97.4,8,42,87.5,48,5,6,8,0,59,62,1.5,7.4
Barrett Carter,144109,LB,CIN,16,417,0,7,2,2.9,71.4,80.8,19.2,13.7,0,1,14.3,58.3,0,44,33.3,2,1,113.7,5,105,25.2,130,1,2,7,0,99,85,1.0,19.8,0,9,5.0,83.7,95.0,5.6,4.7,0,2,4.7,44.8,1,37,16.3,7,2,98.6,36,210,50.4,221,10,27,43,0,430,287,2.1,11.9
Andrew Mukuba,144129,S,PHI,11,432,0,24,0,11.2,63.6,98.3,15.4,9.8,0,1,9.1,45.1,1,35,33.3,2,1,92.0,7,117,27.1,119,2,4,11,2,93,52,0.9,13.3,0,1,5.4,100.0,100.0,25.1,25.1,0,0,0.0,54.7,0,77,22.2,2,0,158.3,7,188,43.5,188,3,6,7,1,179,141,1.0,25.6
Jeremiah Trotter Jr.,144142,LB,PHI,4,36,0,24,1,-4.0,100.0,75.0,6.0,6.0,0,0,0.0,40.8,0,5,33.3,1,0,87.5,1,9,25.0,12,0,1,1,0,5,9,0.8,5.0,0,1,-3.0,100.0,88.2,6.5,6.5,0,0,0.0,85.0,0,4,0.0,0,0,79.2,2,15,41.7,17,2,2,2,0,5,11,0.4,2.5
Nate Wiggins,144143,CB,BLT,17,690,0,3,0,12.7,47.1,100.0,12.8,6.0,1,6,17.6,66.1,1,34,6.7,1,5,50.0,16,223,32.3,223,5,14,34,0,171,41,0.8,10.7,0,1,9.9,68.6,99.4,9.6,6.6,1,3,5.9,60.0,1,40,14.6,6,3,84.1,35,348,50.4,350,8,34,51,0,404,128,1.2,11.5
Ashton Gillotte,144154,ED,KC,17,22,0,16,0,,,4.1,,,0,0,,64.2,0,,0.0,0,0,0.0,0,3,13.6,74,1,2,0,0,0,0,0.0,,0,0,4.0,100.0,7.4,12.0,12.0,0,0,0.0,58.8,0,7,100.0,2,0,95.8,1,12,54.5,162,0,0,1,0,7,3,0.6,7.0
Rayuan Lane III,144326,S,JAX,11,97,0,15,0,,,95.5,,,0,0,,61.7,0,,,0,0,0.0,0,21,21.6,22,0,0,0,0,0,0,0.0,,0,0,7.5,66.7,93.5,10.0,6.7,0,0,0.0,44.2,0,14,50.0,2,0,75.0,4,43,44.3,46,1,2,6,0,25,21,0.6,6.3
Cobee Bryant,144575,CB,ATL,6,68,0,2,0,5.3,100.0,100.0,4.0,4.0,0,0,0.0,58.8,0,12,33.3,1,0,99.0,4,17,25.0,17,1,2,4,0,31,10,1.9,7.8,0,1,23.0,87.5,100.0,5.3,4.6,0,0,0.0,31.4,0,45,14.3,1,0,158.3,7,40,58.8,40,1,5,8,1,163,11,4.4,23.3
Danny Stutsman,144632,LB,NO,12,87,0,20,0,4.0,100.0,75.0,8.0,8.0,0,0,0.0,30.9,0,4,0.0,0,0,83.3,1,9,10.3,12,0,2,1,0,4,0,0.5,4.0,0,2,0.8,100.0,86.8,7.4,7.4,0,0,0.0,65.9,0,10,20.0,2,0,93.2,8,59,67.8,68,2,6,8,0,51,45,0.9,6.4
Billy Bowman Jr.,144638,CB,ATL,6,188,0,2,0,15.3,54.5,96.3,8.0,4.4,0,0,0.0,55.9,1,21,16.7,1,0,37.7,6,52,27.7,54,1,5,11,0,74,20,1.5,12.3,0,3,3.4,77.8,91.4,7.9,6.1,0,1,5.6,49.7,0,54,23.1,3,1,103.0,14,117,62.2,128,3,7,18,0,157,123,1.4,11.2
Collin Oliver,144664,ED,GB,1,1,0,12,0,,,0.0,,,0,0,,,0,,,0,0,0.0,0,0,0.0,2,0,0,0,0,0,0,,,0,0,,,7.7,,,0,0,,75.7,0,,0.0,0,0,0.0,0,1,100.0,13,1,1,0,0,0,0,0.0,
Nickolas Martin,144667,LB,SF,1,10,0,28,0,,,50.0,,,0,0,,60.0,0,,,0,0,0.0,0,1,10.0,2,0,0,0,0,0,0,0.0,,0,1,6.3,100.0,100.0,2.3,2.3,0,0,0.0,47.0,0,28,0.0,0,0,117.7,4,9,90.0,9,1,3,4,0,49,24,5.4,12.3
Barryn Sorrell,144739,ED,GB,13,7,0,12,0,,,5.9,,,0,0,,61.4,0,,,0,0,0.0,0,2,28.6,34,1,0,0,0,0,0,0.0,,0,2,5.0,100.0,6.6,5.0,5.0,0,0,0.0,63.9,0,6,0.0,0,0,91.7,1,5,71.4,76,0,1,1,0,6,1,1.2,6.0
Cooper DeJean,144867,CB,PHI,17,649,0,24,0,11.4,60.0,97.3,14.1,8.5,0,5,25.0,73.6,0,48,14.3,2,5,105.6,12,180,27.7,185,4,12,20,1,177,61,1.0,14.8,0,3,7.7,61.9,94.1,10.4,6.5,1,5,11.9,76.1,2,45,14.8,4,5,56.3,26,285,43.9,303,11,20,42,0,226,151,0.8,8.7
Dante Trader Jr.,144900,S,MIA,16,255,0,17,0,3.3,100.0,96.4,8.3,8.3,0,0,0.0,32.7,0,42,57.1,4,0,158.3,6,54,21.2,56,1,3,6,1,86,66,1.7,14.3,0,1,3.5,80.0,96.0,20.0,16.0,0,2,20.0,64.0,0,39,19.0,4,1,100.8,8,166,65.1,173,5,16,10,0,82,56,0.5,10.3
Chop Robinson,144901,ED,MIA,15,26,0,17,0,,,13.8,,,0,0,,66.0,0,,,0,0,0.0,0,8,30.8,58,0,0,0,0,0,0,0.0,,0,0,7.8,100.0,10.0,4.5,4.5,0,0,0.0,51.8,0,17,66.7,4,0,144.8,4,18,69.2,180,6,2,4,1,37,7,2.1,9.3
Kendell Brooks,144946,S,TEN,5,94,0,31,0,14.0,100.0,100.0,8.0,8.0,0,0,0.0,52.3,0,23,100.0,1,0,118.8,1,8,8.5,8,0,0,1,0,23,9,2.9,23.0,0,1,1.0,100.0,97.5,23.3,23.3,0,0,0.0,61.9,0,13,30.8,4,0,95.8,3,77,81.9,79,4,8,3,0,21,18,0.3,7.0
Derrick Harmon,144962,DI,PIT,13,2,0,25,0,,,1.9,,,0,0,,58.4,0,,0.0,0,0,0.0,0,2,100.0,106,2,1,0,0,0,0,0.0,,0,0,,,0.0,,,0,0,,60.0,0,,50.0,1,0,0.0,0,0,0.0,174,2,1,0,0,0,0,,
Austin Booker,144990,ED,CHI,12,5,0,6,1,,,0.8,,,0,0,,57.8,0,,66.7,2,0,0.0,0,1,20.0,123,0,0,0,0,0,0,0.0,,0,0,,,1.6,,,0,0,,76.9,0,,33.3,1,0,0.0,0,4,80.0,251,5,2,0,0,0,0,0.0,
Jordan Hancock,145067,S,BUF,11,138,0,4,1,2.0,100.0,100.0,38.0,38.0,0,0,0.0,60.4,0,14,25.0,1,0,158.3,1,39,28.3,39,0,2,1,1,14,12,0.4,14.0,0,2,9.5,83.3,98.6,14.2,11.8,0,0,0.0,55.4,0,31,10.0,1,0,118.1,5,73,52.9,74,2,7,6,0,74,25,1.0,14.8
Denzel Burke,145070,CB,ARZ,15,402,0,1,0,11.5,40.0,100.0,16.0,6.4,0,1,10.0,60.7,0,18,0.0,0,0,52.5,4,70,17.4,70,0,3,10,0,41,4,0.6,10.3,0,2,11.6,73.5,99.6,10.3,7.6,1,5,14.7,63.9,3,32,14.8,4,4,88.0,25,268,66.7,269,9,21,34,2,341,106,1.3,13.6
Jack Sawyer,145071,ED,PIT,17,41,0,25,0,,,6.8,,,0,0,,76.6,0,,0.0,0,0,0.0,0,4,9.8,59,1,1,0,0,0,0,0.0,,0,1,8.6,77.8,25.2,4.1,3.2,0,0,0.0,29.6,2,29,0.0,0,0,78.9,7,30,73.2,119,3,3,9,0,112,52,3.9,16.0
JT Tuimoloau,145074,ED,IND,12,7,0,14,0,,,12.5,,,0,0,,60.7,0,,,0,0,0.0,0,4,57.1,32,0,0,0,0,0,0,0.0,,0,1,17.0,100.0,3.8,3.0,3.0,0,0,0.0,47.1,0,17,0.0,0,0,118.8,1,3,42.9,78,0,0,1,0,17,0,5.7,17.0
Michael Hall Jr.,145076,DI,CLV,9,2,0,8,0,,,0.0,,,0,0,,,0,,,0,0,0.0,0,0,0.0,39,0,0,0,0,0,0,,,0,0,,,4.1,,,0,0,,59.1,0,,,0,0,0.0,0,2,100.0,49,1,0,0,0,0,0,0.0,
Tyleik Williams,145080,DI,DET,17,1,0,11,0,,,0.0,,,0,0,,,0,,,0,0,0.0,0,0,0.0,68,0,0,0,0,0,0,,,0,0,,,0.7,,,0,0,,59.7,0,,,0,0,0.0,0,1,100.0,142,1,0,0,0,0,0,0.0,
Kobe King,145097,LB,NYJ,1,1,0,22,0,,,,,,0,0,,,0,,,0,0,0.0,0,0,0.0,0,0,0,0,0,0,0,,,0,0,,,100.0,,,0,0,,60.0,0,,,0,0,0.0,0,1,100.0,1,0,0,0,0,0,0,0.0,
Jaylen Reed,145100,S,HST,5,111,0,13,0,4.6,100.0,100.0,6.0,6.0,0,0,0.0,73.1,0,13,0.0,0,0,128.8,5,31,27.9,31,1,2,5,1,27,8,0.9,5.4,0,2,5.3,100.0,97.0,9.1,9.1,0,0,0.0,49.2,0,44,22.2,2,0,118.8,7,64,57.7,66,2,5,7,0,116,79,1.8,16.6
Alijah Clark,145141,S,DAL,3,25,0,9,0,,,85.7,,,0,0,,38.9,0,,0.0,0,0,0.0,0,6,24.0,7,0,1,0,0,0,0,0.0,,0,0,,,100.0,,,0,0,,39.6,0,,0.0,0,0,0.0,0,16,64.0,16,0,2,0,0,0,0,0.0,
Thomas Incoom,145694,ED,CAR,5,1,0,5,0,,,0.0,,,0,0,,,0,,,0,0,0.0,0,0,0.0,1,0,0,0,0,0,0,,,0,0,,,9.1,,,0,0,,60.0,0,,,0,0,0.0,0,1,100.0,11,0,0,0,0,0,0,0.0,
Bo Richter,145962,ED,MIN,6,6,0,18,0,,,0.0,,,0,0,,,0,,,0,0,0.0,0,0,0.0,2,0,0,0,0,0,0,,,0,0,0.5,100.0,28.6,2.0,2.0,0,0,0.0,48.2,0,18,0.0,0,0,112.5,2,4,66.7,14,1,1,2,0,22,21,5.5,11.0
Johnathan Baldwin,146214,S,GB,1,38,0,12,0,,,100.0,,,0,0,,64.8,0,,0.0,0,0,0.0,0,7,18.4,7,0,1,0,0,0,0,0.0,,0,0,12.5,100.0,100.0,12.5,12.5,0,0,0.0,50.0,0,18,0.0,0,0,118.8,2,25,65.8,25,0,1,2,0,27,2,1.1,13.5
B.J. Green II,146277,ED,JAX,11,7,0,15,0,,,0.0,,,0,0,,,0,,,0,0,0.0,0,0,0.0,7,0,0,0,0,0,0,,,0,2,1.0,100.0,9.4,3.0,3.0,0,0,0.0,52.5,0,1,0.0,0,0,79.2,1,5,71.4,53,1,1,1,0,1,0,0.3,1.0
Oluwafemi Oladejo,146302,ED,TEN,6,36,0,31,0,,,20.8,,,0,0,,63.6,0,,,0,0,0.0,0,5,13.9,24,0,0,0,0,0,0,0.0,,0,1,3.2,100.0,29.5,3.7,3.7,0,0,0.0,37.6,0,15,33.3,1,0,99.3,6,23,63.9,78,0,1,6,0,47,28,2.1,7.8
Nikko Reed,146321,CB,LAC,5,40,0,27,0,24.0,0.0,100.0,,5.0,0,1,50.0,82.5,0,,,0,1,39.6,0,10,25.0,10,0,0,2,0,0,0,0.0,,0,0,8.0,33.3,95.7,22.0,7.3,0,0,0.0,69.2,0,8,0.0,0,0,42.4,1,22,55.0,23,0,1,3,0,8,9,0.4,8.0
Carson Schwesinger,146401,LB,CLV,16,473,0,8,1,-1.3,100.0,77.2,21.5,21.5,0,1,12.5,78.2,1,42,9.1,1,1,111.5,8,179,37.8,232,4,9,8,1,86,96,0.5,10.8,0,9,3.0,87.9,92.9,8.6,7.5,0,0,0.0,51.9,1,28,9.3,4,0,98.1,29,262,55.4,282,13,30,33,1,269,177,1.1,9.3
Jaylin Smith,146422,CB,HST,4,25,0,13,0,5.0,100.0,100.0,7.0,7.0,0,0,0.0,52.7,0,7,0.0,0,0,95.8,1,7,28.0,7,0,1,1,0,7,2,1.0,7.0,0,0,,,100.0,,,0,0,,69.0,0,,0.0,0,0,0.0,0,16,64.0,16,1,1,0,0,0,0,0.0,
Calen Bullock,146424,S,HST,19,717,0,13,2,8.3,54.5,100.0,23.5,12.8,0,0,0.0,58.6,1,28,13.3,2,0,75.8,6,157,21.9,157,1,11,11,2,70,46,0.5,11.7,0,3,20.2,47.4,100.0,45.0,21.3,1,3,15.8,59.5,3,35,8.7,2,3,54.2,9,428,59.7,428,1,18,19,1,158,17,0.4,17.6
Cole Bishop,146454,S,BUF,19,579,0,4,1,8.9,54.5,92.7,21.7,11.8,0,2,18.2,66.3,2,30,16.7,2,2,33.7,6,140,24.2,151,2,9,11,0,68,56,0.5,11.3,0,5,11.7,61.9,95.4,23.3,14.4,1,2,9.5,58.1,1,34,9.7,3,2,66.8,13,312,53.9,327,4,23,21,0,166,43,0.5,12.8
Jonah Elliss,146458,ED,DEN,15,35,0,10,0,-4.0,100.0,10.7,7.0,7.0,0,0,0.0,38.3,0,22,,0,0,118.8,1,8,22.9,75,0,0,1,0,22,26,3.1,22.0,0,0,-0.8,100.0,20.8,4.0,4.0,0,0,0.0,92.8,0,7,0.0,0,0,79.2,6,25,71.4,120,7,6,6,0,18,23,0.8,3.0
Jaden Hicks,146512,S,KC,17,314,0,16,0,6.7,71.4,95.1,14.0,10.0,0,1,14.3,61.6,0,23,25.0,2,0,123.8,5,78,24.8,82,4,6,7,1,38,8,0.5,7.6,0,2,7.3,76.2,94.5,11.2,8.5,0,2,9.5,61.5,0,21,6.7,1,1,108.0,16,190,60.5,201,5,12,21,1,134,99,0.7,8.4
Francisco Mauigoa,146521,LB,NYJ,12,120,0,22,0,2.0,100.0,44.4,19.0,19.0,0,0,0.0,41.4,0,1,,0,0,118.8,1,20,16.7,45,0,0,1,1,1,0,0.1,1.0,0,4,4.7,69.2,92.6,9.3,6.5,0,0,0.0,30.0,0,13,13.3,2,0,86.1,9,88,73.3,95,3,9,13,0,82,54,1.0,9.1
Jeffrey Bassa,146552,LB,KC,4,20,0,16,0,,,,,,0,0,,,0,,,0,0,0.0,0,0,0.0,0,0,0,0,0,0,0,,,0,0,2.7,100.0,100.0,5.3,5.3,0,0,0.0,85.8,0,14,33.3,1,0,106.9,3,17,85.0,17,1,2,3,0,29,21,1.8,9.7
Kool-Aid McKinstry,146602,CB,NO,17,597,0,20,0,14.0,60.0,100.0,7.8,4.7,0,5,25.0,52.1,0,39,7.1,1,3,103.3,12,101,16.9,101,0,13,20,1,166,49,1.8,13.8,0,6,11.1,57.9,100.0,11.9,6.9,0,9,15.8,72.3,2,49,10.3,4,9,93.1,33,409,68.5,409,5,29,57,4,465,112,1.2,14.1
Terrion Arnold,146603,CB,DET,8,208,0,11,0,12.0,52.2,100.0,6.6,3.4,0,2,8.7,43.6,1,17,0.0,0,1,77.1,12,86,41.3,86,1,7,23,2,114,27,1.4,9.5,0,1,19.3,66.7,100.0,10.2,6.8,0,3,20.0,63.7,0,48,7.1,1,2,109.7,10,107,51.4,107,4,12,15,0,199,40,2.0,19.9
Dallas Turner,146604,ED,MIN,17,93,0,18,0,,,12.8,,,0,0,,56.7,0,,100.0,1,0,0.0,0,10,10.8,78,1,0,0,0,0,0,0.0,,0,1,4.5,75.0,27.9,7.0,5.3,0,2,16.7,52.2,0,16,27.3,3,1,86.5,9,67,72.0,240,10,7,12,0,63,33,1.0,7.0
Donovan McMillon,146700,S,CLV,4,10,0,8,0,,,100.0,,,0,0,,60.2,0,,,0,0,0.0,0,2,20.0,2,0,0,0,0,0,0,0.0,,0,0,,,88.9,,,0,0,,62.1,0,,,0,0,0.0,0,8,80.0,9,1,0,0,0,0,0,0.0,
Jason Marshall Jr.,146704,CB,MIA,12,160,0,17,0,4.7,71.4,89.4,7.8,5.6,0,1,14.3,40.1,0,21,33.3,2,1,105.7,5,42,26.3,47,1,4,7,0,74,54,1.9,14.8,0,2,11.8,66.7,87.3,7.0,4.7,0,2,11.1,52.7,1,33,12.5,1,2,83.1,12,89,55.6,102,3,5,18,1,130,90,1.5,10.8
Jamon Johnson,146721,LB,GB,1,36,0,12,0,-4.0,0.0,100.0,,6.0,0,0,0.0,66.3,0,,,0,0,39.6,0,7,19.4,7,0,0,1,0,0,0,0.0,,0,2,4.6,100.0,92.0,4.6,4.6,0,0,0.0,28.1,0,26,25.0,1,0,118.8,5,23,63.9,25,0,1,5,0,84,61,3.7,16.8
Smael Mondon Jr.,146725,LB,PHI,2,4,0,24,0,,,100.0,,,0,0,,60.0,0,,,0,0,0.0,0,1,25.0,1,0,0,0,0,0,0,0.0,,0,0,26.0,100.0,66.7,1.0,1.0,0,0,0.0,40.5,0,34,,0,0,118.8,1,2,50.0,3,0,0,1,0,34,8,34.0,34.0
Javon Bullard,146726,S,GB,18,502,0,12,1,8.9,50.0,97.9,13.8,6.9,0,2,16.7,53.0,0,11,16.7,1,1,60.1,6,94,18.7,96,2,4,12,0,47,30,0.6,7.8,0,6,3.5,80.5,96.4,8.6,7.0,0,2,4.9,63.7,0,22,6.3,2,2,100.1,33,297,59.2,308,11,24,41,1,249,171,0.9,7.5
Kamari Lassiter,146727,CB,HST,18,686,0,13,1,10.3,56.0,98.7,9.7,5.4,0,8,32.0,61.9,0,29,9.1,1,6,99.9,14,151,22.0,153,0,9,25,2,147,88,1.1,10.5,0,5,15.2,53.4,99.3,12.5,6.7,1,7,12.1,80.3,3,39,2.3,1,7,56.9,31,408,59.5,411,13,38,58,1,363,86,0.9,11.7
Chaz Chambliss,146728,ED,MIN,3,7,0,18,0,,,,,,0,0,,,0,,,0,0,0.0,0,0,0.0,0,0,0,0,0,0,0,,,0,0,,,85.7,,,0,0,,64.3,0,,,0,0,0.0,0,6,85.7,7,1,0,0,0,0,0,0.0,
Tyrion Ingram-Dawkins,146730,DI,MIN,14,4,0,18,0,,,0.0,,,0,0,,,0,,,0,0,0.0,0,0,0.0,5,0,0,0,0,0,0,,,0,0,,,7.7,,,0,0,,61.2,0,,,0,0,0.0,0,4,100.0,52,1,0,0,0,0,0,0.0,
Maxwell Hairston,146746,CB,BUF,11,196,0,4,0,12.2,50.0,100.0,16.0,8.0,0,3,50.0,71.8,0,30,0.0,0,3,73.6,3,52,26.5,52,0,3,6,0,43,8,0.9,14.3,0,0,21.3,64.3,100.0,10.6,6.8,0,0,0.0,67.6,2,38,16.7,1,0,90.8,9,98,50.0,98,3,5,14,3,118,7,1.2,13.1
Trevin Wallace,146747,LB,CAR,12,321,0,5,0,-2.7,100.0,70.8,10.0,10.0,0,0,0.0,87.8,0,26,0.0,0,0,101.4,3,34,10.6,48,4,3,3,0,25,33,0.8,8.3,0,3,1.8,80.0,87.1,9.8,7.8,0,2,8.0,58.8,0,18,8.3,2,2,98.8,20,203,63.2,233,7,19,25,1,113,98,0.6,5.7
Maason Smith,146774,DI,JAX,13,7,0,15,0,,,8.8,,,0,0,,57.5,0,,,0,0,0.0,0,3,42.9,34,0,0,0,0,0,0,0.0,,0,0,,,3.7,,,0,0,,59.1,0,,,0,0,0.0,0,4,57.1,109,0,0,0,0,0,0,0.0,
Trey Washington,146822,S,IND,2,22,0,14,0,7.0,100.0,100.0,2.0,2.0,0,0,0.0,28.7,0,9,0.0,0,0,104.2,1,3,13.6,3,0,1,1,0,9,2,4.5,9.0,0,2,-0.5,100.0,100.0,8.5,8.5,0,0,0.0,60.1,0,14,33.3,1,0,106.3,2,17,77.3,17,0,0,2,0,19,20,1.1,9.5
Bam Martin-Scott,146904,LB,CAR,3,16,0,5,0,,,75.0,,,0,0,,62.2,0,,,0,0,0.0,0,3,18.8,4,0,0,0,0,0,0,0.0,,0,0,3.0,100.0,78.6,11.0,11.0,0,0,0.0,55.0,0,17,0.0,0,0,158.3,1,11,68.8,14,1,1,1,1,17,14,1.5,17.0
T.J. Sanders,146925,DI,BUF,14,2,0,4,0,,,0.0,,,0,0,,,0,,,0,0,0.0,0,0,0.0,42,0,0,0,0,0,0,,,0,1,9.0,0.0,1.7,,2.0,0,0,0.0,58.8,0,,33.3,1,0,39.6,0,2,100.0,118,1,1,1,0,0,0,0.0,
Kamal Hadden,146931,CB,GB,2,20,0,12,0,,,,,,0,0,,,0,,,0,0,0.0,0,0,0.0,0,0,0,0,0,0,0,,,0,0,-2.0,100.0,100.0,13.0,13.0,0,0,0.0,55.7,0,7,100.0,1,0,95.8,1,13,65.0,13,0,0,1,0,7,9,0.5,7.0
Byron Young,146932,ED,LA,20,148,0,26,0,,,13.9,,,0,0,,68.5,0,,0.0,0,0,0.0,0,19,12.8,137,2,1,0,0,0,0,0.0,,0,3,3.2,84.6,28.4,9.9,8.4,0,0,0.0,62.6,0,46,7.1,1,0,100.0,11,112,75.7,395,12,10,13,0,104,71,1.0,9.5
Josaiah Stewart,147092,ED,LA,20,98,0,26,0,,,14.0,,,0,0,,65.0,0,,100.0,1,0,0.0,0,6,6.1,43,1,0,0,0,0,0,0.0,,0,1,2.6,60.0,36.5,24.7,14.8,0,1,20.0,74.3,0,12,28.6,2,1,72.9,3,77,78.6,211,4,4,5,0,25,19,0.3,8.3
Daijahn Anthony,147537,S,CIN,2,22,0,7,0,,,100.0,,,0,0,,31.5,0,,,0,0,0.0,0,5,22.7,5,0,0,0,0,0,0,0.0,,0,0,,,100.0,,,0,0,,65.4,0,,0.0,0,0,0.0,0,13,59.1,13,0,1,0,0,0,0,0.0,
Johnathan Edwards,148086,CB,IND,10,205,0,14,0,16.1,64.3,100.0,6.7,4.3,0,2,14.3,39.1,0,30,0.0,0,2,96.4,9,65,31.7,65,0,7,14,0,137,17,2.3,15.2,0,0,11.3,75.0,100.0,17.8,13.4,0,0,0.0,46.9,0,24,27.3,3,0,115.6,6,110,53.7,110,1,8,8,0,98,21,0.9,16.3
Cam'Ron Silmon-Craig,150938,S,JAX,2,18,0,15,0,9.0,100.0,100.0,1.0,1.0,0,0,0.0,49.5,0,12,0.0,0,0,116.7,1,1,5.6,1,0,1,1,0,12,3,12.0,12.0,0,0,,,100.0,,,0,0,,62.7,0,,,0,0,0.0,0,11,61.1,11,0,0,0,0,0,0,0.0,
Mike Green,151084,ED,BLT,17,40,0,3,0,-0.5,100.0,9.6,6.0,6.0,0,0,0.0,29.9,0,38,100.0,1,0,158.3,2,13,32.5,136,0,0,2,1,43,44,3.6,21.5,0,0,0.0,100.0,9.6,3.7,3.7,0,0,0.0,31.1,0,12,33.3,3,0,93.1,6,22,55.0,229,4,6,6,0,38,38,1.7,6.3
Jonas Sanker,151097,S,NO,17,525,0,20,0,7.0,57.1,98.7,18.3,10.4,1,1,14.3,88.7,2,13,20.0,1,1,26.8,4,78,14.9,79,1,4,7,0,28,17,0.4,7.0,0,4,18.8,57.1,99.7,44.6,25.5,0,3,21.4,46.9,0,53,29.4,10,3,117.3,8,372,70.9,373,1,20,14,1,147,29,0.4,18.4
Joshua Williams,156083,CB,KC,2,10,0,16,0,,,,,,0,0,,,0,,,0,0,0.0,0,0,0.0,0,0,0,0,0,0,0,,,0,0,,,100.0,,,0,0,,76.5,0,,,0,0,0.0,0,10,100.0,10,0,0,0,0,0,0,0.0,
Dondrea Tillman,156124,ED,DEN,19,42,0,10,0,9.0,0.0,6.1,,5.0,0,0,0.0,43.6,0,,100.0,1,0,39.6,0,5,11.9,82,1,0,1,0,0,0,0.0,,0,1,4.8,66.7,20.3,7.5,5.0,0,0,0.0,50.7,1,15,75.0,3,0,50.7,4,32,76.2,158,2,0,6,0,47,19,1.6,11.8
Azareye'h Thomas,156277,CB,NYJ,7,159,0,22,0,15.1,50.0,100.0,8.7,4.3,0,1,8.3,33.0,0,44,40.0,2,0,117.0,6,55,34.6,55,0,3,12,1,131,40,2.5,21.8,0,0,11.7,50.0,98.8,13.7,6.8,0,3,25.0,70.7,0,17,0.0,0,2,59.7,6,85,53.5,86,2,9,12,0,46,19,0.6,7.7
Loren Strickland,156894,S,DET,1,12,0,11,0,,,100.0,,,0,0,,61.2,0,,,0,0,0.0,0,4,33.3,4,0,0,0,0,0,0,0.0,,0,1,14.0,100.0,100.0,5.0,5.0,0,0,0.0,77.5,0,14,0.0,0,0,118.8,1,5,41.7,5,1,1,1,0,14,0,2.8,14.0
Benjamin Morrison,156968,CB,TB,10,241,0,30,1,13.3,60.0,100.0,6.2,3.7,0,4,26.7,39.5,0,72,0.0,0,2,122.1,9,58,24.1,58,1,6,15,1,172,79,3.1,19.1,0,2,14.9,52.2,99.4,13.4,7.0,0,2,8.7,63.1,0,43,20.0,3,1,86.9,12,167,69.3,168,3,10,23,1,148,29,0.9,12.3
Jihaad Campbell,157013,LB,PHI,16,368,0,24,0,0.0,100.0,73.9,34.5,34.5,0,0,0.0,86.3,0,7,25.0,2,0,89.6,2,82,22.3,111,2,6,2,0,11,11,0.2,5.5,0,2,3.5,75.0,87.6,11.5,8.7,0,2,10.0,76.7,0,33,4.2,1,2,92.7,15,183,49.7,209,5,21,20,0,135,110,0.8,9.0
Mykel Williams,157061,ED,SF,9,7,0,28,0,,,0.0,,,0,0,,60.0,0,,0.0,0,0,0.0,0,0,0.0,58,0,1,0,0,0,0,,,0,0,12.0,100.0,5.1,7.0,7.0,0,0,0.0,55.6,0,12,25.0,1,0,116.7,1,7,100.0,136,2,3,1,0,12,0,1.7,12.0
Malaki Starks,157069,S,BLT,17,699,0,3,3,11.8,46.2,97.4,34.2,15.8,1,0,0.0,64.8,0,18,8.3,1,0,98.4,6,224,32.0,230,2,8,13,2,57,11,0.3,9.5,0,4,12.7,78.3,98.9,19.1,14.9,0,1,4.3,53.0,1,47,9.1,3,1,115.1,18,356,50.9,360,5,26,23,1,291,83,0.8,16.2
Jalon Walker,157070,ED,ATL,15,50,0,2,0,16.0,100.0,15.7,13.0,13.0,0,0,0.0,49.0,0,19,0.0,0,0,118.8,1,14,28.0,89,2,1,1,0,19,3,1.5,19.0,0,1,6.3,100.0,13.7,4.8,4.8,0,0,0.0,53.5,0,17,9.1,1,0,153.5,6,29,58.0,212,6,9,6,1,68,30,2.3,11.3
Shemar James,157749,LB,DAL,13,288,0,9,0,9.7,66.7,73.7,32.5,21.7,0,0,0.0,58.8,0,13,0.0,0,0,122.2,2,73,25.3,99,1,3,3,2,18,4,0.3,9.0,0,11,2.4,96.2,91.8,7.1,6.8,0,0,0.0,43.1,0,27,10.3,3,0,105.9,25,190,66.0,207,6,15,26,0,245,181,1.4,9.8
Jacob Parrish,157777,CB,TB,17,500,0,30,0,11.0,57.1,96.1,11.3,6.4,0,3,21.4,68.1,2,31,42.9,3,2,69.3,8,98,19.6,102,1,4,14,1,119,56,1.3,14.9,0,4,6.1,82.1,93.2,7.1,5.9,1,1,1.8,63.2,0,52,13.6,6,1,114.1,46,344,68.8,369,19,34,56,2,478,267,1.5,10.4
Nick Emmanwori,158121,S,SEA,16,527,0,29,0,10.1,43.8,88.6,13.1,5.8,0,6,37.5,84.8,0,30,0.0,0,6,76.0,7,101,19.2,114,2,7,16,1,64,18,0.7,9.1,0,2,2.4,84.4,85.5,7.1,6.0,0,4,8.9,67.8,1,34,13.5,5,3,96.1,38,282,53.5,330,15,30,45,1,338,262,1.2,8.9
Mason Graham,158535,DI,CLV,17,6,0,8,0,,,0.0,,,0,0,,60.9,0,,50.0,1,0,0.0,0,0,0.0,191,1,1,0,0,0,0,,,0,1,-1.0,0.0,2.2,,4.0,0,0,0.0,67.3,0,,0.0,0,0,39.6,0,5,83.3,227,4,4,1,0,0,0,0.0,
Will Johnson,158536,CB,ARZ,12,449,0,1,0,9.5,53.8,100.0,9.9,5.3,0,4,30.8,56.0,0,16,0.0,0,2,90.5,7,74,16.5,74,1,2,13,1,56,22,0.8,8.0,0,5,9.4,65.7,100.0,12.4,8.1,0,7,20.0,63.8,0,31,19.2,5,7,108.4,23,299,66.6,299,2,16,35,2,273,94,1.0,11.9
Shemar Stewart,158675,ED,CIN,8,1,0,7,0,,,2.0,,,0,0,,60.0,0,,100.0,1,0,0.0,0,1,100.0,50,0,0,0,0,0,0,0.0,,0,0,,,0.0,,,0,0,,60.0,0,,0.0,0,0,0.0,0,0,0.0,85,1,1,0,0,0,0,,
Travis Hunter,160766,WR,JAX,7,120,0,15,0,9.2,60.0,100.0,8.7,5.2,0,2,40.0,73.1,0,17,33.3,1,1,82.9,3,29,24.2,29,0,2,5,0,37,19,1.4,12.3,0,0,13.5,62.5,100.0,12.4,7.8,0,1,12.5,75.6,0,12,0.0,0,1,76.6,5,64,53.3,64,0,9,8,0,43,14,0.7,8.6
Jamaree Caldwell,162505,DI,LAC,18,4,0,27,0,,,4.0,,,0,0,,64.7,0,,,0,0,0.0,0,1,25.0,25,0,0,0,0,0,0,0.0,,0,0,,,1.0,,,0,0,,47.8,0,,50.0,1,0,0.0,0,2,50.0,194,1,1,0,0,0,0,0.0,
Shavon Revel,162653,CB,DAL,7,210,0,9,3,10.3,64.3,100.0,5.9,3.8,0,2,14.3,33.1,0,41,20.0,2,1,127.7,9,60,28.6,60,0,5,14,1,162,80,3.1,18.0,0,3,12.2,71.4,100.0,11.9,8.5,0,2,14.3,41.7,0,22,15.8,3,1,95.8,10,128,61.0,128,3,13,14,0,115,30,1.0,11.5
Kenneth Grant,162816,DI,MIA,17,4,0,17,0,,,3.4,,,0,0,,58.3,0,,,0,0,0.0,0,3,75.0,88,0,0,0,0,0,0,0.0,,0,0,5.0,100.0,0.5,1.0,1.0,0,0,0.0,60.5,0,6,20.0,1,0,91.7,1,1,25.0,218,3,4,1,0,6,1,6.0,6.0
Nic Scourton,162878,ED,CAR,18,67,0,5,0,,,6.7,,,0,0,,65.3,0,,100.0,2,0,0.0,0,5,7.5,75,1,0,0,0,0,0,0.0,,0,0,-2.0,100.0,13.8,12.7,12.7,0,0,0.0,79.5,0,6,42.9,3,0,81.9,3,39,58.2,283,7,4,3,0,11,17,0.3,3.7
James Pearce Jr.,163770,ED,ATL,17,34,0,2,0,,,2.3,,,0,1,,91.3,0,,,0,1,0.0,0,2,5.9,86,2,0,0,0,0,0,0.0,,0,0,1.0,80.0,11.1,7.5,6.0,0,0,0.0,30.5,0,19,50.0,2,0,115.0,4,30,88.2,270,6,2,5,0,58,54,1.9,14.5
Deone Walker,163783,DI,BUF,19,1,0,4,0,,,0.0,,,0,0,,,0,,,0,0,0.0,0,0,0.0,62,0,0,0,0,0,0,,,0,2,,,0.6,,,0,0,,56.6,0,,33.3,1,0,0.0,0,1,100.0,164,0,0,0,0,0,0,0.0,
Abdul Carter,164160,ED,NYG,17,34,0,21,1,,,4.8,,,0,0,,73.0,0,,0.0,0,0,0.0,0,10,29.4,210,2,2,0,0,0,0,0.0,,0,3,3.0,100.0,5.6,15.0,15.0,0,0,0.0,73.7,0,11,42.9,3,0,112.5,1,16,47.1,284,2,1,1,0,11,8,0.7,11.0
Kevin Winston Jr.,164192,S,TEN,8,187,0,31,0,6.0,80.0,95.5,10.5,8.4,0,0,0.0,58.4,0,20,0.0,0,0,103.3,4,42,22.5,44,1,4,5,0,44,25,1.0,11.0,0,1,7.7,91.7,89.6,8.8,8.1,0,1,8.3,46.9,0,58,9.1,1,1,118.8,11,103,55.1,115,4,9,12,0,258,182,2.7,23.5
Levi Drake Rodriguez,165670,DI,MIN,16,3,0,18,0,,,13.0,,,0,0,,59.2,0,,100.0,1,0,0.0,0,3,100.0,23,0,0,0,0,0,0,0.0,,0,0,,,0.0,,,0,0,,67.1,0,,0.0,0,0,0.0,0,0,0.0,122,3,2,0,0,0,0,,
Caleb Murphy,169634,ED,NYG,8,7,0,21,0,,,0.0,,,0,0,,,0,,,0,0,0.0,0,0,0.0,12,0,0,0,0,0,0,,,0,0,0.5,100.0,8.2,3.0,3.0,0,0,0.0,60.5,0,9,50.0,1,0,93.8,2,6,85.7,73,1,1,2,0,13,12,2.2,6.5
Qwan'tez Stiggers,169764,CB,NYJ,6,157,0,22,0,14.7,50.0,100.0,13.7,6.8,0,2,33.3,75.6,0,19,0.0,0,2,70.1,3,46,29.3,46,0,2,6,0,38,8,0.9,12.7,0,1,16.7,58.8,100.0,9.5,5.6,0,2,11.8,31.9,0,31,11.1,1,2,84.9,10,100,63.7,100,1,7,17,0,138,42,1.5,13.8
Nick Whiteside,169772,CB,DET,3,41,0,11,0,11.0,33.3,100.0,12.0,4.0,0,2,66.7,88.8,0,22,,0,2,100.0,1,15,36.6,15,0,0,3,1,22,24,1.8,22.0,0,0,14.0,0.0,100.0,,21.0,0,0,0.0,61.4,0,,0.0,0,0,39.6,0,21,51.2,21,0,1,1,0,0,0,0.0,
Trevor Nowaske,169859,ED,DET,9,22,0,11,0,,,25.0,,,0,0,,63.4,0,,0.0,0,0,0.0,0,5,22.7,20,2,1,0,0,0,0,0.0,,0,0,16.0,100.0,51.7,14.0,14.0,0,0,0.0,62.5,0,19,,0,0,118.8,1,15,68.2,29,0,0,1,0,19,3,1.4,19.0
