player,player_id,position,team_name,player_game_count,base_attempts,base_dropbacks,behind_los_accuracy_percent,behind_los_aimed_passes,behind_los_attempts,behind_los_attempts_percent,behind_los_avg_depth_of_target,behind_los_avg_time_to_throw,behind_los_bats,behind_los_big_time_throws,behind_los_btt_rate,behind_los_completion_percent,behind_los_completions,behind_los_def_gen_pressures,behind_los_drop_rate,behind_los_dropbacks,behind_los_drops,behind_los_first_downs,behind_los_grades_pass,behind_los_hit_as_threw,behind_los_interceptions,behind_los_passing_snaps,behind_los_pressure_to_sack_rate,behind_los_qb_rating,behind_los_sack_percent,behind_los_sacks,behind_los_scrambles,behind_los_spikes,behind_los_thrown_aways,behind_los_touchdowns,behind_los_turnover_worthy_plays,behind_los_twp_rate,behind_los_yards,behind_los_ypa,center_behind_los_accuracy_percent,center_behind_los_aimed_passes,center_behind_los_attempts,center_behind_los_attempts_percent,center_behind_los_avg_depth_of_target,center_behind_los_avg_time_to_throw,center_behind_los_bats,center_behind_los_big_time_throws,center_behind_los_btt_rate,center_behind_los_completion_percent,center_behind_los_completions,center_behind_los_def_gen_pressures,center_behind_los_drop_rate,center_behind_los_dropbacks,center_behind_los_drops,center_behind_los_first_downs,center_behind_los_grades_pass,center_behind_los_hit_as_threw,center_behind_los_interceptions,center_behind_los_passing_snaps,center_behind_los_pressure_to_sack_rate,center_behind_los_qb_rating,center_behind_los_sack_percent,center_behind_los_sacks,center_behind_los_scrambles,center_behind_los_spikes,center_behind_los_thrown_aways,center_behind_los_touchdowns,center_behind_los_turnover_worthy_plays,center_behind_los_twp_rate,center_behind_los_yards,center_behind_los_ypa,center_deep_accuracy_percent,center_deep_aimed_passes,center_deep_attempts,center_deep_attempts_percent,center_deep_avg_depth_of_target,center_deep_avg_time_to_throw,center_deep_bats,center_deep_big_time_throws,center_deep_btt_rate,center_deep_completion_percent,center_deep_completions,center_deep_def_gen_pressures,center_deep_drop_rate,center_deep_dropbacks,center_deep_drops,center_deep_first_downs,center_deep_grades_pass,center_deep_hit_as_threw,center_deep_interceptions,center_deep_passing_snaps,center_deep_pressure_to_sack_rate,center_deep_qb_rating,center_deep_sack_percent,center_deep_sacks,center_deep_scrambles,center_deep_spikes,center_deep_thrown_aways,center_deep_touchdowns,center_deep_turnover_worthy_plays,center_deep_twp_rate,center_deep_yards,center_deep_ypa,center_medium_accuracy_percent,center_medium_aimed_passes,center_medium_attempts,center_medium_attempts_percent,center_medium_avg_depth_of_target,center_medium_avg_time_to_throw,center_medium_bats,center_medium_big_time_throws,center_medium_btt_rate,center_medium_completion_percent,center_medium_completions,center_medium_def_gen_pressures,center_medium_drop_rate,center_medium_dropbacks,center_medium_drops,center_medium_first_downs,center_medium_grades_pass,center_medium_hit_as_threw,center_medium_interceptions,center_medium_passing_snaps,center_medium_pressure_to_sack_rate,center_medium_qb_rating,center_medium_sack_percent,center_medium_sacks,center_medium_scrambles,center_medium_spikes,center_medium_thrown_aways,center_medium_touchdowns,center_medium_turnover_worthy_plays,center_medium_twp_rate,center_medium_yards,center_medium_ypa,center_short_accuracy_percent,center_short_aimed_passes,center_short_attempts,center_short_attempts_percent,center_short_avg_depth_of_target,center_short_avg_time_to_throw,center_short_bats,center_short_big_time_throws,center_short_btt_rate,center_short_completion_percent,center_short_completions,center_short_def_gen_pressures,center_short_drop_rate,center_short_dropbacks,center_short_drops,center_short_first_downs,center_short_grades_pass,center_short_hit_as_threw,center_short_interceptions,center_short_passing_snaps,center_short_pressure_to_sack_rate,center_short_qb_rating,center_short_sack_percent,center_short_sacks,center_short_scrambles,center_short_spikes,center_short_thrown_aways,center_short_touchdowns,center_short_turnover_worthy_plays,center_short_twp_rate,center_short_yards,center_short_ypa,declined_penalties,deep_accuracy_percent,deep_aimed_passes,deep_attempts,deep_attempts_percent,deep_avg_depth_of_target,deep_avg_time_to_throw,deep_bats,deep_big_time_throws,deep_btt_rate,deep_completion_percent,deep_completions,deep_def_gen_pressures,deep_drop_rate,deep_dropbacks,deep_drops,deep_first_downs,deep_grades_pass,deep_hit_as_threw,deep_interceptions,deep_passing_snaps,deep_pressure_to_sack_rate,deep_qb_rating,deep_sack_percent,deep_sacks,deep_scrambles,deep_spikes,deep_thrown_aways,deep_touchdowns,deep_turnover_worthy_plays,deep_twp_rate,deep_yards,deep_ypa,franchise_id,left_behind_los_accuracy_percent,left_behind_los_aimed_passes,left_behind_los_attempts,left_behind_los_attempts_percent,left_behind_los_avg_depth_of_target,left_behind_los_avg_time_to_throw,left_behind_los_bats,left_behind_los_big_time_throws,left_behind_los_btt_rate,left_behind_los_completion_percent,left_behind_los_completions,left_behind_los_def_gen_pressures,left_behind_los_drop_rate,left_behind_los_dropbacks,left_behind_los_drops,left_behind_los_first_downs,left_behind_los_grades_pass,left_behind_los_hit_as_threw,left_behind_los_interceptions,left_behind_los_passing_snaps,left_behind_los_pressure_to_sack_rate,left_behind_los_qb_rating,left_behind_los_sack_percent,left_behind_los_sacks,left_behind_los_scrambles,left_behind_los_spikes,left_behind_los_thrown_aways,left_behind_los_touchdowns,left_behind_los_turnover_worthy_plays,left_behind_los_twp_rate,left_behind_los_yards,left_behind_los_ypa,left_deep_accuracy_percent,left_deep_aimed_passes,left_deep_attempts,left_deep_attempts_percent,left_deep_avg_depth_of_target,left_deep_avg_time_to_throw,left_deep_bats,left_deep_big_time_throws,left_deep_btt_rate,left_deep_completion_percent,left_deep_completions,left_deep_def_gen_pressures,left_deep_drop_rate,left_deep_dropbacks,left_deep_drops,left_deep_first_downs,left_deep_grades_pass,left_deep_hit_as_threw,left_deep_interceptions,left_deep_passing_snaps,left_deep_pressure_to_sack_rate,left_deep_qb_rating,left_deep_sack_percent,left_deep_sacks,left_deep_scrambles,left_deep_spikes,left_deep_thrown_aways,left_deep_touchdowns,left_deep_turnover_worthy_plays,left_deep_twp_rate,left_deep_yards,left_deep_ypa,left_medium_accuracy_percent,left_medium_aimed_passes,left_medium_attempts,left_medium_attempts_percent,left_medium_avg_depth_of_target,left_medium_avg_time_to_throw,left_medium_bats,left_medium_big_time_throws,left_medium_btt_rate,left_medium_completion_percent,left_medium_completions,left_medium_def_gen_pressures,left_medium_drop_rate,left_medium_dropbacks,left_medium_drops,left_medium_first_downs,left_medium_grades_pass,left_medium_hit_as_threw,left_medium_interceptions,left_medium_passing_snaps,left_medium_pressure_to_sack_rate,left_medium_qb_rating,left_medium_sack_percent,left_medium_sacks,left_medium_scrambles,left_medium_spikes,left_medium_thrown_aways,left_medium_touchdowns,left_medium_turnover_worthy_plays,left_medium_twp_rate,left_medium_yards,left_medium_ypa,left_short_accuracy_percent,left_short_aimed_passes,left_short_attempts,left_short_attempts_percent,left_short_avg_depth_of_target,left_short_avg_time_to_throw,left_short_bats,left_short_big_time_throws,left_short_btt_rate,left_short_completion_percent,left_short_completions,left_short_def_gen_pressures,left_short_drop_rate,left_short_dropbacks,left_short_drops,left_short_first_downs,left_short_grades_pass,left_short_hit_as_threw,left_short_interceptions,left_short_passing_snaps,left_short_pressure_to_sack_rate,left_short_qb_rating,left_short_sack_percent,left_short_sacks,left_short_scrambles,left_short_spikes,left_short_thrown_aways,left_short_touchdowns,left_short_turnover_worthy_plays,left_short_twp_rate,left_short_yards,left_short_ypa,medium_accuracy_percent,medium_aimed_passes,medium_attempts,medium_attempts_percent,medium_avg_depth_of_target,medium_avg_time_to_throw,medium_bats,medium_big_time_throws,medium_btt_rate,medium_completion_percent,medium_completions,medium_def_gen_pressures,medium_drop_rate,medium_dropbacks,medium_drops,medium_first_downs,medium_grades_pass,medium_hit_as_threw,medium_interceptions,medium_passing_snaps,medium_pressure_to_sack_rate,medium_qb_rating,medium_sack_percent,medium_sacks,medium_scrambles,medium_spikes,medium_thrown_aways,medium_touchdowns,medium_turnover_worthy_plays,medium_twp_rate,medium_yards,medium_ypa,penalties,right_behind_los_accuracy_percent,right_behind_los_aimed_passes,right_behind_los_attempts,right_behind_los_attempts_percent,right_behind_los_avg_depth_of_target,right_behind_los_avg_time_to_throw,right_behind_los_bats,right_behind_los_big_time_throws,right_behind_los_btt_rate,right_behind_los_completion_percent,right_behind_los_completions,right_behind_los_def_gen_pressures,right_behind_los_drop_rate,right_behind_los_dropbacks,right_behind_los_drops,right_behind_los_first_downs,right_behind_los_grades_pass,right_behind_los_hit_as_threw,right_behind_los_interceptions,right_behind_los_passing_snaps,right_behind_los_pressure_to_sack_rate,right_behind_los_qb_rating,right_behind_los_sack_percent,right_behind_los_sacks,right_behind_los_scrambles,right_behind_los_spikes,right_behind_los_thrown_aways,right_behind_los_touchdowns,right_behind_los_turnover_worthy_plays,right_behind_los_twp_rate,right_behind_los_yards,right_behind_los_ypa,right_deep_accuracy_percent,right_deep_aimed_passes,right_deep_attempts,right_deep_attempts_percent,right_deep_avg_depth_of_target,right_deep_avg_time_to_throw,right_deep_bats,right_deep_big_time_throws,right_deep_btt_rate,right_deep_completion_percent,right_deep_completions,right_deep_def_gen_pressures,right_deep_drop_rate,right_deep_dropbacks,right_deep_drops,right_deep_first_downs,right_deep_grades_pass,right_deep_hit_as_threw,right_deep_interceptions,right_deep_passing_snaps,right_deep_pressure_to_sack_rate,right_deep_qb_rating,right_deep_sack_percent,right_deep_sacks,right_deep_scrambles,right_deep_spikes,right_deep_thrown_aways,right_deep_touchdowns,right_deep_turnover_worthy_plays,right_deep_twp_rate,right_deep_yards,right_deep_ypa,right_medium_accuracy_percent,right_medium_aimed_passes,right_medium_attempts,right_medium_attempts_percent,right_medium_avg_depth_of_target,right_medium_avg_time_to_throw,right_medium_bats,right_medium_big_time_throws,right_medium_btt_rate,right_medium_completion_percent,right_medium_completions,right_medium_def_gen_pressures,right_medium_drop_rate,right_medium_dropbacks,right_medium_drops,right_medium_first_downs,right_medium_grades_pass,right_medium_hit_as_threw,right_medium_interceptions,right_medium_passing_snaps,right_medium_pressure_to_sack_rate,right_medium_qb_rating,right_medium_sack_percent,right_medium_sacks,right_medium_scrambles,right_medium_spikes,right_medium_thrown_aways,right_medium_touchdowns,right_medium_turnover_worthy_plays,right_medium_twp_rate,right_medium_yards,right_medium_ypa,right_short_accuracy_percent,right_short_aimed_passes,right_short_attempts,right_short_attempts_percent,right_short_avg_depth_of_target,right_short_avg_time_to_throw,right_short_bats,right_short_big_time_throws,right_short_btt_rate,right_short_completion_percent,right_short_completions,right_short_def_gen_pressures,right_short_drop_rate,right_short_dropbacks,right_short_drops,right_short_first_downs,right_short_grades_pass,right_short_hit_as_threw,right_short_interceptions,right_short_passing_snaps,right_short_pressure_to_sack_rate,right_short_qb_rating,right_short_sack_percent,right_short_sacks,right_short_scrambles,right_short_spikes,right_short_thrown_aways,right_short_touchdowns,right_short_turnover_worthy_plays,right_short_twp_rate,right_short_yards,right_short_ypa,short_accuracy_percent,short_aimed_passes,short_attempts,short_attempts_percent,short_avg_depth_of_target,short_avg_time_to_throw,short_bats,short_big_time_throws,short_btt_rate,short_completion_percent,short_completions,short_def_gen_pressures,short_drop_rate,short_dropbacks,short_drops,short_first_downs,short_grades_pass,short_hit_as_threw,short_interceptions,short_passing_snaps,short_pressure_to_sack_rate,short_qb_rating,short_sack_percent,short_sacks,short_scrambles,short_spikes,short_thrown_aways,short_touchdowns,short_turnover_worthy_plays,short_twp_rate,short_yards,short_ypa
Matthew Stafford,4924,QB,LA,20,716,755,92.2,64,64,8.9,-2.6,2.27,0,0,0.0,84.4,54,11,8.5,64,5,14,65.3,0,1,65,0.0,93.4,0.0,0,0,0,0,2,1,1.5,350,5.5,93.5,31,31,4.3,-2.9,2.57,0,0,0.0,87.1,27,7,6.9,31,2,8,64.6,0,1,31,0.0,77.8,0.0,0,0,0,0,0,1,3.2,183,5.9,77.3,22,22,3.1,25.8,3.0,0,7,30.4,63.6,14,8,17.6,22,3,14,99.9,0,0,23,0.0,137.5,0.0,0,0,0,0,2,0,0.0,413,18.8,69.6,79,79,11.0,13.9,2.72,0,13,15.7,64.6,51,22,7.3,79,4,51,95.6,0,1,83,0.0,127.6,0.0,0,0,0,0,6,4,4.8,980,12.4,84.3,185,185,25.8,4.2,2.48,0,1,0.5,80.5,149,49,4.5,185,7,76,78.4,0,3,189,0.0,107.5,0.0,0,0,0,0,11,6,3.2,1231,6.7,0,50.0,106,106,14.8,28.4,3.09,0,37,31.9,45.3,48,33,9.4,106,5,48,98.7,0,1,116,0.0,125.7,0.0,0,0,0,0,12,8,6.9,1532,14.5,26,87.5,16,16,2.2,-2.4,2.07,0,0,0.0,68.8,11,3,21.4,16,3,2,57.9,0,0,17,0.0,75.0,0.0,0,0,0,0,0,0,0.0,60,3.8,45.2,42,42,5.9,30.7,3.22,0,14,31.1,42.9,18,11,5.3,42,1,18,96.8,0,1,45,0.0,119.5,0.0,0,0,0,0,5,2,4.4,647,15.4,51.2,41,41,5.7,14.8,2.86,0,2,4.8,46.3,19,9,9.5,41,2,18,60.1,0,2,42,0.0,60.4,0.0,0,0,0,0,1,3,7.1,314,7.7,66.1,62,62,8.7,3.6,2.27,0,0,0.0,66.1,41,9,0.0,62,0,19,58.4,0,1,67,0.0,104.2,0.0,0,0,0,0,6,1,1.5,319,5.1,61.8,165,165,23.0,14.4,2.86,0,20,11.4,55.2,91,49,10.8,165,11,88,92.5,0,3,175,0.0,102.2,0.0,0,0,0,0,10,7,4.0,1646,10.0,0,94.1,17,17,2.4,-2.1,1.91,0,0,0.0,94.1,16,1,0.0,17,0,4,68.4,0,0,17,0.0,132.1,0.0,0,0,0,0,2,0,0.0,107,6.3,40.5,42,42,5.9,27.5,3.0,0,16,33.3,38.1,16,14,5.9,42,1,16,85.6,0,0,48,0.0,120.2,0.0,0,0,0,0,5,6,12.5,472,11.2,57.8,45,45,6.3,14.8,3.12,0,5,10.0,46.7,21,18,19.2,45,5,19,86.1,0,0,50,0.0,95.8,0.0,0,0,0,0,3,0,0.0,352,7.8,83.3,90,90,12.6,4.4,2.49,0,0,0.0,78.9,71,25,5.3,90,4,38,75.0,0,0,95,0.0,132.4,0.0,0,0,0,0,11,0,0.0,565,6.3,80.7,337,337,47.1,4.2,2.45,0,1,0.3,77.4,261,83,4.0,337,11,133,76.8,0,4,351,0.0,115.5,0.0,0,0,0,0,28,7,2.0,2115,6.3
Caleb Williams,144622,QB,CHI,19,658,737,91.0,89,89,13.5,-3.9,2.14,0,0,0.0,86.5,77,14,4.9,89,4,25,66.8,0,1,91,0.0,89.0,0.0,0,0,0,0,1,1,1.1,496,5.6,94.3,53,53,8.1,-4.4,1.94,0,0,0.0,90.6,48,7,4.0,53,2,16,66.3,0,1,55,0.0,91.2,0.0,0,0,0,0,1,1,1.8,332,6.3,73.5,34,34,5.2,23.8,3.36,0,12,32.4,61.8,21,10,16.0,34,4,20,98.5,0,1,37,0.0,133.0,0.0,0,0,0,0,7,2,5.4,578,17.0,61.9,63,63,9.6,14.9,2.82,0,2,3.0,52.4,33,11,15.4,63,6,30,73.5,0,1,67,0.0,104.7,0.0,0,0,0,0,6,5,7.5,511,8.1,75.0,144,144,21.9,5.1,2.49,0,0,0.0,70.8,102,26,5.6,144,6,48,58.5,0,2,152,0.0,94.6,0.0,0,0,0,0,5,5,3.3,957,6.6,0,48.9,94,94,14.3,26.2,3.82,0,30,30.0,41.5,39,40,15.2,94,7,38,94.8,0,6,100,0.0,99.2,0.0,0,0,0,0,13,6,6.0,1119,11.9,6,93.8,16,16,2.4,-2.8,2.78,0,0,0.0,87.5,14,3,6.7,16,1,6,61.0,0,0,16,0.0,90.6,0.0,0,0,0,0,0,0,0.0,92,5.8,40.0,25,25,3.8,30.1,3.62,0,8,32.0,40.0,10,11,0.0,25,0,10,90.4,0,3,25,0.0,87.5,0.0,0,0,0,0,5,2,8.0,322,12.9,41.9,31,31,4.7,14.5,3.89,0,2,6.3,38.7,12,12,7.7,31,1,12,61.9,0,0,32,0.0,73.2,0.0,0,0,0,0,1,1,3.1,209,6.7,80.0,50,50,7.6,4.6,2.89,0,0,0.0,74.0,37,15,7.5,50,3,16,75.1,0,0,55,0.0,108.0,0.0,0,0,0,0,2,0,0.0,371,7.4,54.1,133,133,20.2,14.8,3.48,0,7,5.0,45.9,61,44,15.3,133,11,58,67.9,0,3,140,0.0,83.3,0.0,0,0,0,0,8,9,6.4,1032,7.8,0,80.0,20,20,3.0,-3.5,2.18,0,0,0.0,75.0,15,4,6.3,20,1,3,65.9,0,0,20,0.0,79.6,0.0,0,0,0,0,0,0,0.0,72,3.6,31.4,35,35,5.3,25.7,4.41,0,10,26.3,22.9,8,19,27.3,35,3,8,71.2,0,2,38,0.0,38.9,0.0,0,0,0,0,1,2,5.3,219,6.3,51.3,39,39,5.9,14.7,4.21,0,3,7.3,41.0,16,21,20.0,39,4,16,58.7,0,2,41,0.0,56.8,0.0,0,0,0,0,1,3,7.3,312,8.0,78.0,82,82,12.5,4.6,2.72,0,0,0.0,74.4,61,19,4.7,82,3,31,76.0,0,0,84,0.0,101.9,0.0,0,0,0,0,2,0,0.0,585,7.1,76.8,276,276,41.9,4.9,2.63,0,0,0.0,72.5,200,60,5.7,276,12,95,69.6,0,2,291,0.0,99.2,0.0,0,0,0,0,9,5,1.7,1913,6.9
Bo Nix,97790,QB,DEN,18,658,730,96.7,122,122,18.5,-3.6,2.03,0,0,0.0,90.2,110,23,6.8,122,8,25,74.4,0,0,125,0.0,85.4,0.0,0,0,0,0,0,0,0.0,549,4.5,98.2,57,57,8.7,-3.9,1.82,0,0,0.0,89.5,51,6,8.9,57,5,8,72.2,0,0,59,0.0,86.1,0.0,0,0,0,0,0,0,0.0,266,4.7,50.0,22,22,3.3,32.9,3.33,0,6,25.0,40.9,9,5,18.2,22,2,9,90.3,0,1,24,0.0,104.4,0.0,0,0,0,0,5,2,8.3,251,11.4,63.9,36,36,5.5,14.1,2.9,0,2,4.8,58.3,21,11,8.7,36,2,21,78.1,0,3,42,0.0,65.5,0.0,0,0,0,0,1,3,7.1,348,9.7,84.3,134,134,20.4,4.0,2.56,0,0,0.0,76.9,103,40,8.8,134,10,46,77.5,0,1,141,0.0,98.7,0.0,0,0,0,0,3,1,0.7,907,6.8,0,46.3,82,82,12.5,31.2,3.34,0,26,29.9,40.2,33,16,13.2,82,5,33,93.8,0,4,87,0.0,105.1,0.0,0,0,0,0,13,5,5.7,989,12.1,10,94.4,36,36,5.5,-3.2,2.14,0,0,0.0,94.4,34,8,0.0,36,0,9,69.0,0,0,37,0.0,84.0,0.0,0,0,0,0,0,0,0.0,150,4.2,51.4,35,35,5.3,29.4,3.23,0,14,37.8,48.6,17,5,5.6,35,1,17,92.8,0,3,37,0.0,98.5,0.0,0,0,0,0,5,3,8.1,546,15.6,50.0,32,32,4.9,14.8,2.94,0,4,12.1,46.9,15,10,6.3,32,1,15,77.2,0,0,33,0.0,80.7,0.0,0,0,0,0,1,0,0.0,224,7.0,73.6,72,72,10.9,4.3,2.43,0,1,1.3,69.4,50,17,5.7,72,3,27,51.2,0,1,76,0.0,95.1,0.0,0,0,0,0,3,6,7.9,468,6.5,57.8,109,109,16.6,14.3,3.08,0,7,5.8,49.5,54,34,14.3,109,9,53,73.3,0,6,120,0.0,64.9,0.0,0,0,0,0,4,7,5.8,843,7.7,0,96.6,29,29,4.4,-3.3,2.32,0,0,0.0,86.2,25,9,10.7,29,3,8,70.2,0,0,29,0.0,85.8,0.0,0,0,0,0,0,0,0.0,133,4.6,36.0,25,25,3.8,32.2,3.5,0,6,23.1,28.0,7,6,22.2,25,2,7,82.7,0,0,26,0.0,98.7,0.0,0,0,0,0,3,0,0.0,192,7.7,58.5,41,41,6.2,14.1,3.33,0,1,2.2,43.9,18,13,25.0,41,6,17,56.8,0,3,45,0.0,52.0,0.0,0,0,0,0,2,4,8.9,271,6.6,84.1,82,82,12.5,3.8,2.77,0,1,1.2,78.0,64,22,7.2,82,5,25,75.3,0,0,85,0.0,110.1,0.0,0,0,0,0,5,1,1.2,454,5.5,81.6,288,288,43.8,4.0,2.59,0,2,0.7,75.3,217,79,7.7,288,18,98,72.3,0,2,302,0.0,101.2,0.0,0,0,0,0,11,8,2.6,1829,6.4
Drake Maye,143969,QB,NE,20,569,702,95.2,63,63,11.1,-3.4,2.24,0,0,0.0,93.7,59,11,1.7,63,1,10,68.6,0,0,65,0.0,90.2,0.0,0,0,0,0,0,0,0.0,356,5.7,100.0,36,36,6.3,-3.4,2.04,0,0,0.0,97.2,35,5,2.8,36,1,6,70.5,0,0,37,0.0,90.3,0.0,0,0,0,0,0,0,0.0,204,5.7,57.1,21,21,3.7,31.7,3.3,0,6,26.1,52.4,11,7,8.3,21,1,10,95.3,0,1,23,0.0,109.7,0.0,0,0,0,0,2,1,4.3,324,15.4,68.3,63,63,11.1,13.9,3.02,0,2,3.0,66.7,42,17,2.3,63,1,39,80.1,0,4,66,0.0,94.3,0.0,0,0,0,0,3,4,6.1,714,11.3,87.1,140,140,24.6,4.7,2.46,0,0,0.0,82.1,115,31,5.7,140,7,51,78.1,0,1,144,0.0,110.3,0.0,0,0,0,0,6,3,2.1,1086,7.8,0,51.9,77,77,13.5,29.4,3.21,0,23,25.8,49.4,38,28,5.0,77,2,37,98.1,0,2,89,0.0,124.1,0.0,0,0,0,0,11,1,1.1,1183,15.4,19,100.0,13,13,2.3,-3.6,2.54,0,0,0.0,100.0,13,2,0.0,13,0,2,68.0,0,0,14,0.0,90.4,0.0,0,0,0,0,0,0,0.0,74,5.7,42.9,28,28,4.9,27.7,3.06,0,7,20.6,39.3,11,8,8.3,28,1,11,85.5,0,0,34,0.0,126.5,0.0,0,0,0,0,6,0,0.0,372,13.3,72.7,33,33,5.8,15.4,2.74,0,3,8.8,72.7,24,8,0.0,33,0,23,82.4,0,0,34,0.0,153.7,0.0,0,0,0,0,5,2,5.9,407,12.3,83.3,60,60,10.5,4.6,2.28,0,0,0.0,81.7,49,12,2.0,60,1,23,69.1,0,1,63,0.0,110.7,0.0,0,0,0,0,4,1,1.6,414,6.9,68.0,128,128,22.5,14.3,3.05,0,7,5.1,65.6,84,39,3.4,128,3,76,82.5,0,6,136,0.0,113.8,0.0,0,0,0,0,11,8,5.9,1472,11.5,0,78.6,14,14,2.5,-3.1,2.46,0,0,0.0,78.6,11,4,0.0,14,0,2,56.0,0,0,14,0.0,89.9,0.0,0,0,0,0,0,0,0.0,78,5.6,57.1,28,28,4.9,29.4,3.28,0,10,31.3,57.1,16,13,0.0,28,0,16,98.5,0,1,32,0.0,122.6,0.0,0,0,0,0,3,0,0.0,487,17.4,62.5,32,32,5.6,14.1,3.41,0,2,5.6,56.3,18,14,10.0,32,2,14,67.8,0,2,36,0.0,99.9,0.0,0,0,0,0,3,2,5.6,351,11.0,86.2,65,65,11.4,4.4,2.66,0,0,0.0,80.0,52,15,7.1,65,4,27,74.7,0,0,68,0.0,108.7,0.0,0,0,0,0,3,0,0.0,416,6.4,86.0,265,265,46.6,4.6,2.47,0,0,0.0,81.5,216,58,5.3,265,12,101,79.2,0,2,275,0.0,110.0,0.0,0,0,0,0,13,4,1.5,1916,7.2
Trevor Lawrence,77632,QB,JAX,18,590,682,90.1,71,71,12.0,-3.5,2.04,0,0,0.0,84.5,60,13,6.3,71,4,16,67.5,0,0,77,0.0,107.4,0.0,0,0,0,0,4,0,0.0,374,5.3,93.8,48,48,8.1,-3.4,1.77,0,0,0.0,87.5,42,5,6.7,48,3,9,70.7,0,0,51,0.0,109.9,0.0,0,0,0,0,3,0,0.0,258,5.4,50.0,28,28,4.7,27.2,3.41,0,7,22.6,42.9,12,10,14.3,28,2,12,90.2,0,1,31,0.0,98.4,0.0,0,0,0,0,2,4,12.9,347,12.4,71.2,73,73,12.4,13.5,2.77,0,1,1.3,60.3,44,21,15.4,73,8,42,90.0,0,5,77,0.0,87.9,0.0,0,0,0,0,5,4,5.2,724,9.9,85.4,123,123,20.8,4.4,2.55,0,1,0.8,78.0,96,38,8.6,123,9,44,79.3,0,2,130,0.0,101.7,0.0,0,0,0,0,5,0,0.0,835,6.8,0,43.4,83,83,14.1,27.3,3.45,0,24,27.0,36.1,30,35,16.7,83,6,30,91.2,0,2,89,0.0,83.0,0.0,0,0,0,0,4,8,9.0,892,10.7,15,85.7,7,7,1.2,-2.7,3.0,0,0,0.0,71.4,5,3,16.7,7,1,3,61.7,0,0,9,0.0,123.2,0.0,0,0,0,0,1,0,0.0,37,5.3,33.3,33,33,5.6,27.9,3.73,0,8,23.5,30.3,10,17,9.1,33,1,10,72.3,0,0,34,0.0,65.3,0.0,0,0,0,0,0,2,5.9,301,9.1,63.0,46,46,7.8,14.6,3.02,0,2,4.1,56.5,26,16,10.3,46,3,24,60.5,0,2,49,0.0,101.5,0.0,0,0,0,0,5,6,12.2,378,8.2,81.5,54,54,9.2,4.3,2.32,0,0,0.0,75.9,41,12,6.8,54,3,18,75.9,0,1,56,0.0,107.6,0.0,0,0,0,0,4,1,1.8,327,6.1,65.8,149,149,25.3,14.0,2.85,0,5,3.1,57.0,85,45,13.3,149,13,80,84.5,0,8,162,0.0,91.1,0.0,0,0,0,0,12,11,6.8,1324,8.9,0,81.3,16,16,2.7,-3.9,2.43,0,0,0.0,81.3,13,5,0.0,16,0,4,57.6,0,0,17,0.0,87.2,0.0,0,0,0,0,0,0,0.0,79,4.9,50.0,22,22,3.7,26.7,3.06,0,9,37.5,36.4,8,8,27.3,22,3,8,91.6,0,1,24,0.0,90.0,0.0,0,0,0,0,2,2,8.3,244,11.1,56.7,30,30,5.1,14.1,2.81,0,2,5.6,50.0,15,8,11.8,30,2,14,82.3,0,1,36,0.0,82.9,0.0,0,0,0,0,2,1,2.8,222,7.4,82.5,63,63,10.7,4.2,2.39,0,0,0.0,74.6,47,14,9.6,63,5,17,69.4,0,1,65,0.0,104.1,0.0,0,0,0,0,3,0,0.0,462,7.3,83.8,240,240,40.7,4.3,2.46,0,1,0.4,76.7,184,64,8.5,240,17,79,80.4,0,4,251,0.0,103.9,0.0,0,0,0,0,12,1,0.4,1624,6.8
Justin Herbert,28237,QB,LAC,17,543,660,97.2,72,72,13.3,-3.2,2.02,0,0,0.0,94.4,68,6,2.9,72,2,16,71.0,0,0,74,0.0,93.2,0.0,0,0,0,0,1,0,0.0,379,5.3,94.4,36,36,6.6,-3.9,2.0,0,0,0.0,88.9,32,3,5.9,36,2,9,66.7,0,0,37,0.0,88.4,0.0,0,0,0,0,0,0,0.0,188,5.2,46.7,15,15,2.8,28.4,3.54,0,4,22.2,46.7,7,9,0.0,15,0,6,65.4,0,1,18,0.0,86.0,0.0,0,0,0,0,1,1,5.6,182,12.1,76.5,51,51,9.4,12.9,3.0,0,1,1.9,74.5,38,22,2.6,51,1,33,93.6,0,4,54,0.0,107.4,0.0,0,0,0,0,4,1,1.9,609,11.9,84.0,144,144,26.5,4.9,2.33,0,0,0.0,76.4,110,46,9.1,144,11,45,75.6,0,3,147,0.0,94.7,0.0,0,0,0,0,4,2,1.4,981,6.8,0,41.4,70,70,12.9,27.8,3.59,0,20,25.6,38.6,27,31,6.9,70,2,26,82.7,0,2,78,0.0,109.0,0.0,0,0,0,0,8,4,5.1,816,11.7,27,100.0,15,15,2.8,-2.7,1.55,0,0,0.0,100.0,15,1,0.0,15,0,3,68.4,0,0,15,0.0,89.4,0.0,0,0,0,0,0,0,0.0,82,5.5,35.7,28,28,5.2,29.5,3.7,0,7,21.9,35.7,10,12,0.0,28,0,10,64.4,0,1,32,0.0,108.6,0.0,0,0,0,0,4,3,9.4,370,13.2,70.0,20,20,3.7,13.4,3.08,0,0,0.0,65.0,13,8,7.1,20,1,11,88.0,0,0,22,0.0,129.2,0.0,0,0,0,0,2,0,0.0,190,9.5,81.3,48,48,8.8,4.4,2.43,0,0,0.0,79.2,38,11,2.6,48,1,18,60.8,0,1,49,0.0,94.3,0.0,0,0,0,0,1,1,2.0,338,7.0,66.7,96,96,17.7,13.1,3.22,0,2,1.9,63.5,61,44,4.7,96,3,54,89.3,0,6,105,0.0,99.5,0.0,0,0,0,0,8,3,2.9,985,10.3,0,100.0,21,21,3.9,-2.4,2.4,0,0,0.0,100.0,21,2,0.0,21,0,4,69.3,0,0,22,0.0,104.2,0.0,0,0,0,0,1,0,0.0,109,5.2,44.4,27,27,5.0,25.8,3.5,0,9,32.1,37.0,10,10,16.7,27,2,10,93.2,0,0,28,0.0,110.7,0.0,0,0,0,0,3,0,0.0,264,9.8,44.0,25,25,4.6,13.5,3.78,0,1,3.4,40.0,10,14,9.1,25,1,10,48.6,0,2,29,0.0,59.8,0.0,0,0,0,0,2,2,6.9,186,7.4,81.1,74,74,13.6,4.1,2.58,0,0,0.0,74.3,55,22,8.3,74,5,23,73.1,0,1,74,0.0,98.2,0.0,0,0,0,0,4,1,1.4,387,5.2,82.7,266,266,49.0,4.6,2.42,0,0,0.0,76.3,203,79,7.7,266,17,86,75.2,0,5,270,0.0,95.8,0.0,0,0,0,0,9,4,1.5,1706,6.4
Dak Prescott,10769,QB,DAL,17,600,659,93.1,87,87,14.5,-3.6,2.31,0,0,0.0,92.0,80,22,1.2,87,1,10,69.7,0,0,88,0.0,86.7,0.0,0,0,0,0,1,0,0.0,338,3.9,91.3,46,46,7.7,-3.8,2.1,0,0,0.0,89.1,41,10,2.4,46,1,4,68.1,0,0,46,0.0,91.6,0.0,0,0,0,0,1,0,0.0,195,4.2,47.6,21,21,3.5,30.6,3.16,0,7,29.2,42.9,9,5,10.0,21,1,9,90.5,0,2,24,0.0,89.9,0.0,0,0,0,0,4,3,12.5,378,18.0,77.8,63,63,10.5,14.2,3.0,0,5,7.0,69.8,44,17,10.2,63,5,44,93.7,0,1,71,0.0,126.7,0.0,0,0,0,0,4,2,2.8,784,12.4,85.5,138,138,23.0,5.0,2.43,0,0,0.0,79.0,109,38,7.6,138,9,53,78.9,0,2,146,0.0,97.1,0.0,0,0,0,0,3,2,1.4,967,7.0,0,47.9,73,73,12.2,30.1,3.12,0,25,29.4,45.2,33,25,5.7,73,2,33,92.6,0,3,85,0.0,111.2,0.0,0,0,0,0,8,6,7.1,1150,15.8,9,92.9,28,28,4.7,-3.5,2.64,0,0,0.0,92.9,26,9,0.0,28,0,4,65.1,0,0,28,0.0,79.6,0.0,0,0,0,0,0,0,0.0,87,3.1,45.8,24,24,4.0,30.3,2.85,0,7,26.9,41.7,10,8,9.1,24,1,10,82.7,0,0,26,0.0,102.8,0.0,0,0,0,0,1,1,3.8,327,13.6,53.8,26,26,4.3,14.7,2.99,0,0,0.0,50.0,13,8,7.1,26,1,13,59.4,0,1,28,0.0,74.7,0.0,0,0,0,0,1,2,7.1,213,8.2,85.9,71,71,11.8,4.4,2.39,0,0,0.0,80.3,57,19,6.6,71,4,32,79.0,0,1,76,0.0,118.7,0.0,0,0,0,0,6,1,1.3,506,7.1,66.9,118,118,19.7,14.1,3.06,0,6,4.6,61.0,72,40,8.9,118,7,72,87.5,0,2,131,0.0,108.8,0.0,0,0,0,0,7,6,4.6,1221,10.3,0,100.0,13,13,2.2,-3.2,2.35,0,0,0.0,100.0,13,3,0.0,13,0,2,68.2,0,0,14,0.0,84.6,0.0,0,0,0,0,0,0,0.0,56,4.3,50.0,28,28,4.7,29.6,3.32,0,11,31.4,50.0,14,12,0.0,28,0,14,90.1,0,1,35,0.0,116.7,0.0,0,0,0,0,3,2,5.7,445,15.9,55.2,29,29,4.8,13.4,3.25,0,1,3.1,51.7,15,15,6.3,29,1,15,64.9,0,0,32,0.0,100.4,0.0,0,0,0,0,2,2,6.3,224,7.7,75.3,77,77,12.8,3.9,2.48,0,0,0.0,68.8,53,24,8.6,77,5,20,61.4,0,2,84,0.0,90.3,0.0,0,0,0,0,5,2,2.4,370,4.8,82.9,286,286,47.7,4.6,2.43,0,0,0.0,76.6,219,81,7.6,286,18,105,78.1,0,5,306,0.0,101.8,0.0,0,0,0,0,14,5,1.6,1843,6.4
Josh Allen,46601,QB,BUF,18,534,642,92.6,108,108,20.2,-3.4,1.75,0,0,0.0,88.0,95,10,5.0,108,5,33,69.4,0,0,114,0.0,106.1,0.0,0,0,0,0,4,0,0.0,702,6.5,88.9,72,72,13.5,-3.3,1.46,0,0,0.0,86.1,62,6,3.1,72,2,25,66.4,0,0,76,0.0,112.3,0.0,0,0,0,0,3,0,0.0,548,7.6,63.2,19,19,3.6,29.1,3.76,0,8,40.0,57.9,11,9,8.3,19,1,11,93.2,0,2,20,0.0,97.9,0.0,0,0,0,0,2,2,10.0,338,17.8,75.0,52,52,9.7,13.4,3.31,0,2,3.8,71.2,37,22,5.1,52,2,34,90.7,0,2,53,0.0,110.3,0.0,0,0,0,0,2,3,5.7,691,13.3,85.2,128,128,24.0,4.2,2.44,0,0,0.0,79.7,102,31,6.4,128,7,42,66.9,0,3,129,0.0,96.3,0.0,0,0,0,0,4,3,2.3,890,7.0,0,42.4,66,66,12.4,28.5,3.64,0,20,27.8,37.9,25,33,10.7,66,3,25,91.7,0,5,72,0.0,73.0,0.0,0,0,0,0,5,3,4.2,723,11.0,4,100.0,15,15,2.8,-3.9,2.21,0,0,0.0,100.0,15,0,0.0,15,0,6,68.0,0,0,15,,112.5,0.0,0,0,0,0,1,0,0.0,85,5.7,39.1,23,23,4.3,26.6,3.37,0,5,19.2,34.8,8,9,11.1,23,1,8,80.2,0,1,26,0.0,81.1,0.0,0,0,0,0,2,0,0.0,216,9.4,64.5,31,31,5.8,14.8,2.86,0,5,14.7,58.1,18,6,10.0,31,2,17,90.1,0,1,34,0.0,116.9,0.0,0,0,0,0,4,2,5.9,300,9.7,84.6,39,39,7.3,3.7,2.39,0,0,0.0,79.5,31,8,6.1,39,2,13,68.0,0,1,40,0.0,106.1,0.0,0,0,0,0,3,1,2.5,229,5.9,69.9,113,113,21.2,13.9,3.29,0,9,7.6,62.8,71,43,10.1,113,8,65,92.7,0,3,119,0.0,118.3,0.0,0,0,0,0,10,5,4.2,1231,10.9,0,100.0,21,21,3.9,-3.7,2.43,0,0,0.0,85.7,18,4,14.3,21,3,2,68.5,0,0,23,0.0,80.4,0.0,0,0,0,0,0,0,0.0,69,3.3,29.2,24,24,4.5,30.0,3.8,0,7,26.9,25.0,6,15,14.3,24,1,6,80.6,0,2,26,0.0,35.6,0.0,0,0,0,0,1,1,3.8,169,7.0,66.7,30,30,5.6,13.8,3.68,0,2,6.3,53.3,16,15,20.0,30,4,14,82.9,0,0,32,0.0,119.4,0.0,0,0,0,0,4,0,0.0,240,8.0,89.3,56,56,10.5,3.4,2.48,0,0,0.0,85.7,48,13,4.0,56,2,24,83.0,0,0,63,0.0,117.9,0.0,0,0,0,0,3,0,0.0,449,8.0,86.1,223,223,41.8,3.9,2.44,0,0,0.0,81.2,181,52,5.7,223,11,79,75.4,0,4,232,0.0,103.4,0.0,0,0,0,0,10,4,1.7,1568,7.0
Baker Mayfield,46518,QB,TB,17,543,630,99.0,98,98,18.0,-3.7,2.07,0,0,0.0,98.0,96,18,1.0,98,1,22,71.9,0,0,108,0.0,104.2,0.0,0,0,0,0,4,0,0.0,563,5.7,98.6,71,71,13.1,-3.9,1.92,0,0,0.0,97.2,69,10,1.4,71,1,17,72.3,0,0,78,0.0,104.9,0.0,0,0,0,0,3,0,0.0,411,5.8,42.1,19,19,3.5,34.2,3.12,0,6,30.0,42.1,8,5,0.0,19,0,8,78.7,0,1,20,0.0,106.9,0.0,0,0,0,0,4,3,15.0,259,13.6,59.6,57,57,10.5,13.6,2.81,0,1,1.7,50.9,29,17,14.7,57,5,28,63.0,0,3,60,0.0,70.1,0.0,0,0,0,0,2,9,15.0,490,8.6,83.3,114,114,21.0,4.6,2.51,0,1,0.8,77.2,88,31,7.4,114,7,41,79.9,0,1,124,0.0,97.0,0.0,0,0,0,0,3,0,0.0,698,6.1,0,40.0,65,65,12.0,29.4,3.17,0,21,28.4,36.9,24,18,7.7,65,2,24,90.1,0,3,74,0.0,104.0,0.0,0,0,0,0,10,4,5.4,793,12.2,30,100.0,16,16,2.9,-3.4,2.49,0,0,0.0,100.0,16,5,0.0,16,0,3,62.2,0,0,19,0.0,91.4,0.0,0,0,0,0,0,0,0.0,95,5.9,47.1,17,17,3.1,29.8,3.39,0,6,30.0,47.1,8,6,0.0,17,0,8,90.2,0,1,20,0.0,108.1,0.0,0,0,0,0,2,0,0.0,296,17.4,50.0,42,42,7.7,15.2,3.39,0,3,6.7,42.9,18,18,14.3,42,3,18,51.4,0,1,45,0.0,77.9,0.0,0,0,0,0,3,4,8.9,264,6.3,75.5,53,53,9.8,4.4,2.21,0,0,0.0,71.7,38,9,5.0,53,2,11,57.2,0,0,57,0.0,83.3,0.0,0,0,0,0,0,2,3.5,273,5.2,55.6,133,133,24.5,14.3,3.12,0,6,4.2,48.9,65,45,12.2,133,9,63,62.2,0,5,142,0.0,77.3,0.0,0,0,0,0,7,13,9.2,1042,7.8,0,100.0,11,11,2.0,-3.5,2.41,0,0,0.0,100.0,11,3,0.0,11,0,2,67.1,0,0,11,0.0,118.6,0.0,0,0,0,0,1,0,0.0,57,5.2,34.5,29,29,5.3,26.0,3.07,0,9,26.5,27.6,8,7,20.0,29,2,8,80.0,0,1,34,0.0,86.5,0.0,0,0,0,0,4,1,2.9,238,8.2,55.9,34,34,6.3,14.5,3.33,0,2,5.4,52.9,18,10,5.3,34,1,17,71.6,0,1,37,0.0,88.8,0.0,0,0,0,0,2,0,0.0,288,8.5,73.5,49,49,9.0,4.0,2.54,0,0,0.0,65.3,32,13,11.1,49,4,11,60.2,0,2,49,0.0,80.7,0.0,0,0,0,0,2,1,2.0,324,6.6,79.2,216,216,39.8,4.4,2.44,0,1,0.4,73.1,158,53,7.6,216,13,63,71.9,0,3,230,0.0,89.9,0.0,0,0,0,0,5,3,1.3,1295,6.0
Jared Goff,10635,QB,DET,17,578,623,96.7,92,92,15.9,-3.7,1.98,0,0,0.0,94.6,87,6,2.2,92,2,28,70.7,0,0,93,0.0,118.3,0.0,0,0,0,0,7,0,0.0,581,6.3,100.0,58,58,10.0,-3.8,1.84,0,0,0.0,96.6,56,1,3.4,58,2,21,72.3,0,0,59,0.0,127.3,0.0,0,0,0,0,5,0,0.0,444,7.7,40.9,22,22,3.8,29.6,2.85,0,8,34.8,40.9,9,10,0.0,22,0,9,71.1,0,3,23,0.0,83.9,0.0,0,0,0,0,5,5,21.7,252,11.5,70.9,79,79,13.7,14.6,2.8,0,2,2.5,68.4,54,28,3.6,79,2,52,90.7,0,1,81,0.0,135.4,0.0,0,0,0,0,7,2,2.5,1156,14.6,84.9,159,159,27.5,4.5,2.5,0,0,0.0,79.9,127,49,5.9,159,8,55,76.6,0,3,162,0.0,99.1,0.0,0,0,0,0,4,1,0.6,1216,7.6,0,50.0,40,40,6.9,27.4,2.86,0,12,27.9,47.5,19,21,5.0,40,1,19,81.7,0,4,43,0.0,93.8,0.0,0,0,0,0,7,6,14.0,508,12.7,11,85.7,14,14,2.4,-4.2,2.44,0,0,0.0,85.7,12,4,0.0,14,0,2,59.7,0,0,14,0.0,103.0,0.0,0,0,0,0,1,0,0.0,41,2.9,50.0,6,6,1.0,25.7,2.6,0,1,12.5,33.3,2,3,33.3,6,1,2,54.3,0,1,8,0.0,70.8,0.0,0,0,0,0,1,1,12.5,59,9.8,72.7,22,22,3.8,14.1,2.63,0,1,4.5,72.7,16,9,0.0,22,0,15,86.3,0,0,22,0.0,151.3,0.0,0,0,0,0,4,0,0.0,259,11.8,85.4,48,48,8.3,4.3,2.19,0,0,0.0,81.3,39,11,4.9,48,2,27,76.6,0,0,50,0.0,106.0,0.0,0,0,0,0,1,0,0.0,373,7.8,68.1,116,116,20.1,14.3,2.84,0,4,3.3,65.5,76,44,3.8,116,3,73,90.7,0,1,121,0.0,136.8,0.0,0,0,0,0,11,2,1.7,1520,13.1,0,95.0,20,20,3.5,-2.9,2.04,0,0,0.0,95.0,19,1,0.0,20,0,5,65.5,0,0,20,0.0,103.3,0.0,0,0,0,0,1,0,0.0,96,4.8,66.7,12,12,2.1,24.3,3.01,0,3,25.0,66.7,8,8,0.0,12,0,8,93.5,0,0,12,0.0,137.5,0.0,0,0,0,0,1,0,0.0,197,16.4,46.7,15,15,2.6,13.5,3.39,0,1,5.6,40.0,6,7,14.3,15,1,6,63.7,0,0,18,0.0,64.6,0.0,0,0,0,0,0,0,0.0,105,7.0,81.4,59,59,10.2,4.0,2.23,0,0,0.0,76.3,45,9,6.3,59,3,21,65.9,0,0,61,0.0,114.1,0.0,0,0,0,0,4,1,1.6,366,6.2,84.2,266,266,46.0,4.4,2.38,0,0,0.0,79.3,211,69,5.8,266,13,103,77.7,0,3,273,0.0,103.9,0.0,0,0,0,0,9,2,0.7,1955,7.3
Cam Ward,133244,QB,TEN,17,540,623,87.8,98,98,18.1,-3.6,2.21,0,0,0.0,85.7,84,17,2.3,98,2,17,55.9,0,2,106,0.0,81.0,0.0,0,0,0,0,1,2,1.9,457,4.7,88.6,44,44,8.1,-3.7,1.94,0,0,0.0,88.6,39,5,0.0,44,0,10,66.3,0,0,47,0.0,98.3,0.0,0,0,0,0,1,0,0.0,254,5.8,46.7,15,15,2.8,27.5,3.24,0,5,27.8,46.7,7,6,0.0,15,0,7,77.7,0,1,18,0.0,65.3,0.0,0,0,0,0,0,2,11.1,239,15.9,56.6,53,53,9.8,13.7,3.0,0,2,3.6,47.2,25,16,16.7,53,5,20,64.7,0,1,55,0.0,69.8,0.0,0,0,0,0,1,4,7.3,381,7.2,82.4,102,102,18.9,4.6,2.39,0,0,0.0,77.5,79,18,6.0,102,5,36,64.8,0,2,108,0.0,93.5,0.0,0,0,0,0,3,2,1.9,617,6.0,0,38.6,57,57,10.6,28.3,3.28,0,15,24.2,38.6,22,21,0.0,57,0,22,89.4,0,2,62,0.0,81.1,0.0,0,0,0,0,2,4,6.5,681,11.9,31,88.9,27,27,5.0,-3.6,2.54,0,0,0.0,85.2,23,6,4.2,27,1,2,55.7,0,1,31,0.0,67.7,0.0,0,0,0,0,0,1,3.2,107,4.0,35.0,20,20,3.7,30.0,3.46,0,5,25.0,35.0,7,9,0.0,20,0,7,88.6,0,1,20,0.0,69.2,0.0,0,0,0,0,1,1,5.0,202,10.1,44.8,29,29,5.4,14.0,2.97,0,1,3.3,37.9,11,7,15.4,29,2,11,55.1,0,0,30,0.0,80.8,0.0,0,0,0,0,2,1,3.3,168,5.8,80.8,52,52,9.6,4.3,2.39,0,0,0.0,75.0,39,11,7.1,52,3,20,74.6,0,0,53,0.0,107.1,0.0,0,0,0,0,2,0,0.0,371,7.1,50.0,114,114,21.1,13.9,3.08,0,6,5.0,42.1,48,35,15.8,114,9,42,61.2,0,1,120,0.0,69.8,0.0,0,0,0,0,3,6,5.0,754,6.6,0,85.2,27,27,5.0,-3.5,2.33,0,0,0.0,81.5,22,6,4.3,27,1,5,45.3,0,1,28,0.0,66.0,0.0,0,0,0,0,0,1,3.6,96,3.6,36.4,22,22,4.1,27.3,3.14,0,5,20.8,36.4,8,6,0.0,22,0,8,79.1,0,0,24,0.0,93.0,0.0,0,0,0,0,1,1,4.2,240,10.9,43.8,32,32,5.9,14.1,3.29,0,3,8.6,37.5,12,12,14.3,32,2,11,60.7,0,0,35,0.0,60.0,0.0,0,0,0,0,0,1,2.9,205,6.4,83.9,62,62,11.5,3.8,2.8,0,0,0.0,82.3,51,17,1.9,62,1,16,79.1,0,0,68,0.0,107.6,0.0,0,0,0,0,4,0,0.0,289,4.7,82.4,216,216,40.0,4.3,2.51,0,0,0.0,78.2,169,46,5.1,216,9,72,75.4,0,2,229,0.0,101.3,0.0,0,0,0,0,9,2,0.9,1277,5.9
Patrick Mahomes,11765,QB,KC,14,502,594,94.7,113,113,22.5,-3.0,1.78,0,0,0.0,91.2,103,8,3.7,113,4,28,73.5,0,0,117,0.0,97.9,0.0,0,0,0,0,3,0,0.0,608,5.4,94.4,72,72,14.3,-3.2,1.67,0,0,0.0,90.3,65,4,4.4,72,3,15,72.1,0,0,73,0.0,98.4,0.0,0,0,0,0,2,0,0.0,389,5.4,42.9,21,21,4.2,38.3,4.08,0,7,30.4,42.9,9,10,0.0,21,0,8,91.3,0,0,23,0.0,105.8,0.0,0,0,0,0,1,1,4.3,347,16.5,78.0,41,41,8.2,13.5,3.28,0,3,6.5,70.7,29,15,9.4,41,3,27,93.7,0,1,46,0.0,139.4,0.0,0,0,0,0,7,1,2.2,482,11.8,77.0,126,126,25.1,4.4,2.19,0,1,0.8,71.4,90,35,7.2,126,7,48,74.5,0,4,128,0.0,89.2,0.0,0,0,0,0,5,3,2.3,833,6.6,0,37.7,61,61,12.2,32.9,3.73,0,15,22.1,34.4,21,28,8.7,61,2,20,77.5,0,3,68,0.0,66.2,0.0,0,0,0,0,1,5,7.4,739,12.1,16,96.0,25,25,5.0,-3.1,2.07,0,0,0.0,92.0,23,3,4.2,25,1,7,70.2,0,0,26,0.0,100.5,0.0,0,0,0,0,1,0,0.0,123,4.9,22.2,18,18,3.6,30.3,3.2,0,3,15.0,22.2,4,4,0.0,18,0,4,49.6,0,1,20,0.0,34.0,0.0,0,0,0,0,0,2,10.0,130,7.2,42.1,19,19,3.8,13.8,2.69,0,1,4.8,42.1,8,5,0.0,19,0,8,52.6,0,1,21,0.0,52.5,0.0,0,0,0,0,0,1,4.8,170,8.9,72.2,36,36,7.2,5.0,2.26,0,0,0.0,61.1,22,6,15.4,36,4,12,46.4,0,0,38,0.0,86.5,0.0,0,0,0,0,1,2,5.3,209,5.8,62.9,89,89,17.7,14.3,3.21,0,6,6.0,58.4,52,30,7.1,89,4,49,79.1,0,4,100,0.0,108.9,0.0,0,0,0,0,8,5,5.0,1002,11.3,0,93.8,16,16,3.2,-2.1,1.84,0,0,0.0,93.8,15,1,0.0,16,0,6,65.3,0,0,18,0.0,91.7,0.0,0,0,0,0,0,0,0.0,96,6.0,45.5,22,22,4.4,30.0,3.84,0,5,20.0,36.4,8,14,20.0,22,2,8,73.7,0,2,25,0.0,44.1,0.0,0,0,0,0,0,2,8.0,262,11.9,55.2,29,29,5.8,15.8,3.47,0,2,6.1,51.7,15,10,6.3,29,1,14,56.5,0,2,33,0.0,78.2,0.0,0,0,0,0,1,3,9.1,350,12.1,80.6,36,36,7.2,4.6,2.74,0,1,2.6,75.0,27,11,6.9,36,2,15,78.1,0,0,39,0.0,124.3,0.0,0,0,0,0,4,1,2.6,196,5.4,76.8,198,198,39.4,4.5,2.3,0,2,1.0,70.2,139,52,8.6,198,13,75,71.6,0,4,205,0.0,95.1,0.0,0,0,0,0,10,6,2.9,1238,6.3
Bryce Young,123943,QB,CAR,17,518,586,92.9,85,85,16.4,-3.7,2.28,0,0,0.0,88.2,75,20,5.1,85,4,22,69.2,0,0,87,0.0,91.8,0.0,0,0,0,0,1,0,0.0,433,5.1,90.9,44,44,8.5,-4.0,1.89,0,0,0.0,86.4,38,9,5.0,44,2,11,67.4,0,0,45,0.0,95.6,0.0,0,0,0,0,1,0,0.0,226,5.1,58.3,12,12,2.3,25.7,3.24,0,4,30.8,58.3,7,4,0.0,12,0,7,92.1,0,1,13,0.0,95.8,0.0,0,0,0,0,1,1,7.7,214,17.8,61.0,41,41,7.9,14.0,2.6,0,0,0.0,58.5,24,12,4.0,41,1,23,47.1,0,3,47,0.0,65.7,0.0,0,0,0,0,0,5,10.6,446,10.9,89.5,114,114,22.0,4.6,2.26,0,0,0.0,83.3,95,26,6.9,114,7,40,80.9,0,2,120,0.0,102.0,0.0,0,0,0,0,5,0,0.0,767,6.7,0,58.7,46,46,8.9,25.4,3.05,0,21,38.9,50.0,23,23,14.8,46,4,23,99.7,0,2,54,0.0,117.3,0.0,0,0,0,0,8,2,3.7,698,15.2,5,95.2,21,21,4.1,-4.2,2.67,0,0,0.0,95.2,20,7,0.0,21,0,5,66.4,0,0,22,0.0,89.5,0.0,0,0,0,0,0,0,0.0,115,5.5,61.1,18,18,3.5,26.6,3.07,0,6,30.0,50.0,9,11,18.2,18,2,9,94.5,0,0,20,0.0,135.4,0.0,0,0,0,0,4,0,0.0,268,14.9,48.6,37,37,7.1,14.8,3.06,0,3,7.0,43.2,16,11,11.1,37,2,16,58.8,0,1,43,0.0,90.2,0.0,0,0,0,0,5,2,4.7,211,5.7,80.8,52,52,10.0,3.8,2.68,0,0,0.0,78.8,41,15,2.4,52,1,20,75.0,0,0,52,0.0,98.4,0.0,0,0,0,0,1,0,0.0,316,6.1,50.9,108,108,20.8,14.0,2.8,0,4,3.3,45.4,49,31,10.9,108,6,48,41.6,0,8,122,0.0,58.3,0.0,0,0,0,0,6,11,9.0,798,7.4,0,95.0,20,20,3.9,-2.7,2.74,0,0,0.0,85.0,17,4,10.5,20,2,6,65.8,0,0,20,0.0,85.8,0.0,0,0,0,0,0,0,0.0,92,4.6,56.3,16,16,3.1,23.9,2.89,0,11,52.4,43.8,7,8,22.2,16,2,7,98.4,0,1,21,0.0,104.2,0.0,0,0,0,0,3,1,4.8,216,13.5,40.0,30,30,5.8,13.1,2.74,0,1,3.1,30.0,9,8,25.0,30,3,9,29.5,0,4,32,0.0,18.2,0.0,0,0,0,0,1,4,12.5,141,4.7,87.8,49,49,9.5,3.6,2.55,0,0,0.0,85.7,42,11,2.3,49,1,12,76.7,0,0,51,0.0,109.4,0.0,0,0,0,0,3,0,0.0,263,5.4,87.0,215,215,41.5,4.2,2.43,0,0,0.0,82.8,178,52,4.8,215,9,72,83.7,0,2,223,0.0,102.8,0.0,0,0,0,0,9,0,0.0,1346,6.3
Sam Darnold,29048,QB,SEA,19,530,585,98.3,59,59,11.1,-3.3,1.88,0,0,0.0,96.6,57,8,1.7,59,1,15,71.0,0,0,61,0.0,93.6,0.0,0,0,0,0,0,0,0.0,381,6.5,100.0,25,25,4.7,-3.6,1.8,0,0,0.0,100.0,25,3,0.0,25,0,4,69.8,0,0,27,0.0,90.7,0.0,0,0,0,0,0,0,0.0,144,5.8,41.2,17,17,3.2,30.6,2.96,0,8,40.0,41.2,7,5,0.0,17,0,7,90.1,0,1,20,0.0,103.6,0.0,0,0,0,0,4,1,5.0,247,14.5,78.7,47,47,8.9,12.8,2.57,0,3,6.1,70.2,33,16,10.8,47,4,30,92.0,0,3,49,0.0,112.4,0.0,0,0,0,0,5,2,4.1,484,10.3,80.3,132,132,24.9,4.8,2.52,0,0,0.0,76.5,101,42,4.7,132,5,52,70.8,0,5,139,0.0,91.0,0.0,0,0,0,0,4,4,2.9,977,7.4,0,56.9,58,58,10.9,28.8,3.09,0,24,35.8,56.9,33,17,0.0,58,0,33,97.5,0,2,67,0.0,126.8,0.0,0,0,0,0,9,2,3.0,1127,19.4,29,95.0,20,20,3.8,-2.8,1.63,0,0,0.0,95.0,19,1,0.0,20,0,9,65.4,0,0,20,0.0,106.0,0.0,0,0,0,0,0,0,0.0,189,9.5,50.0,18,18,3.4,29.2,3.06,0,6,27.3,50.0,9,6,0.0,18,0,9,89.5,0,1,22,0.0,91.2,0.0,0,0,0,0,1,1,4.5,303,16.8,62.2,37,37,7.0,14.6,3.05,0,4,9.8,62.2,23,10,0.0,37,0,23,75.2,0,2,41,0.0,110.7,0.0,0,0,0,0,7,3,7.3,353,9.5,84.1,63,63,11.9,4.0,2.49,0,0,0.0,82.5,52,12,1.9,63,1,21,66.0,0,1,65,0.0,92.5,0.0,0,0,0,0,1,1,1.5,411,6.5,68.1,113,113,21.3,13.8,2.99,0,10,8.3,64.6,73,35,5.2,113,4,69,90.0,0,6,121,0.0,119.7,0.0,0,0,0,0,14,6,5.0,1257,11.1,0,100.0,14,14,2.6,-3.4,2.39,0,0,0.0,92.9,13,4,7.1,14,1,2,67.8,0,0,14,0.0,81.0,0.0,0,0,0,0,0,0,0.0,48,3.4,73.9,23,23,4.3,27.2,3.22,0,10,40.0,73.9,17,6,0.0,23,0,17,98.7,0,0,25,0.0,155.3,0.0,0,0,0,0,4,0,0.0,577,25.1,58.6,29,29,5.5,14.6,3.58,0,3,9.7,58.6,17,9,0.0,29,0,16,74.4,0,1,31,0.0,111.6,0.0,0,0,0,0,2,1,3.2,420,14.5,86.8,53,53,10.0,4.3,2.7,0,0,0.0,83.0,44,12,4.3,53,2,14,69.6,0,0,56,0.0,101.7,0.0,0,0,0,0,1,1,1.8,365,6.9,82.7,248,248,46.8,4.5,2.55,0,0,0.0,79.4,197,66,3.9,248,8,87,71.9,0,6,260,0.0,94.1,0.0,0,0,0,0,6,6,2.3,1753,7.1
Aaron Rodgers,2241,QB,PIT,17,531,579,99.2,121,121,22.8,-3.4,1.86,0,0,0.0,94.2,114,14,5.0,121,6,28,74.8,0,0,126,0.0,96.3,0.0,0,0,0,0,3,0,0.0,622,5.1,100.0,68,68,12.8,-3.9,1.88,0,0,0.0,94.1,64,8,5.9,68,4,15,73.4,0,0,71,0.0,96.6,0.0,0,0,0,0,2,0,0.0,328,4.8,40.0,15,15,2.8,26.5,3.45,0,5,31.3,40.0,6,4,0.0,15,0,6,74.7,0,1,16,0.0,98.3,0.0,0,0,0,0,3,2,12.5,184,12.3,64.9,37,37,7.0,13.6,2.95,0,4,9.5,62.2,23,5,4.2,37,1,23,72.6,0,3,42,0.0,111.1,0.0,0,0,0,0,5,4,9.5,457,12.4,83.8,117,117,22.0,4.5,2.29,0,0,0.0,77.8,91,18,7.1,117,7,36,83.3,0,1,119,0.0,107.2,0.0,0,0,0,0,4,0,0.0,918,7.8,0,42.1,57,57,10.7,28.8,3.14,0,18,28.6,36.8,21,16,12.5,57,3,21,86.1,0,2,63,0.0,104.8,0.0,0,0,0,0,9,5,7.9,644,11.3,25,95.8,24,24,4.5,-2.3,1.71,0,0,0.0,91.7,22,4,4.3,24,1,5,66.7,0,0,24,0.0,84.0,0.0,0,0,0,0,0,0,0.0,100,4.2,30.0,20,20,3.8,29.2,3.12,0,3,15.0,25.0,5,4,16.7,20,1,5,62.3,0,1,20,0.0,73.8,0.0,0,0,0,0,3,2,10.0,134,6.7,31.6,19,19,3.6,14.0,2.43,0,2,9.5,26.3,5,3,16.7,19,1,5,57.2,0,2,21,0.0,5.3,0.0,0,0,0,0,0,0,0.0,81,4.3,75.4,61,61,11.5,3.5,2.31,0,0,0.0,72.1,44,11,4.3,61,2,13,72.5,0,0,65,0.0,84.8,0.0,0,0,0,0,0,0,0.0,331,5.4,48.7,76,76,14.3,13.8,2.84,0,8,9.2,44.7,34,15,8.1,76,3,34,60.5,0,5,87,0.0,74.6,0.0,0,0,0,0,6,5,5.7,663,8.7,0,100.0,29,29,5.5,-3.2,1.96,0,0,0.0,96.6,28,2,3.4,29,1,8,70.6,0,0,31,0.0,106.0,0.0,0,0,0,0,1,0,0.0,194,6.7,54.5,22,22,4.1,30.1,2.94,0,10,37.0,45.5,10,8,16.7,22,2,10,92.3,0,0,27,0.0,131.6,0.0,0,0,0,0,3,1,3.7,326,14.8,35.0,20,20,3.8,14.1,3.02,0,2,8.3,30.0,6,7,14.3,20,1,6,44.8,0,0,24,0.0,69.8,0.0,0,0,0,0,1,1,4.2,125,6.3,74.5,55,55,10.4,3.5,2.53,0,1,1.8,72.7,40,10,2.4,55,1,17,64.5,0,0,57,0.0,96.8,0.0,0,0,0,0,2,0,0.0,290,5.3,79.4,233,233,43.9,4.0,2.35,0,1,0.4,75.1,175,39,5.4,233,10,66,80.0,0,1,241,0.0,99.0,0.0,0,0,0,0,6,0,0.0,1539,6.6
Jalen Hurts,40291,QB,PHI,17,489,569,96.5,57,57,11.7,-3.8,2.0,0,0,0.0,89.5,51,8,7.3,57,4,14,69.4,0,0,59,0.0,114.4,0.0,0,0,0,0,5,0,0.0,253,4.4,100.0,31,31,6.3,-4.0,1.69,0,0,0.0,93.5,29,6,6.5,31,2,10,70.5,0,0,32,0.0,123.3,0.0,0,0,0,0,5,0,0.0,127,4.1,53.3,15,15,3.1,33.2,3.33,0,5,33.3,53.3,8,0,0.0,15,0,8,94.2,0,0,15,,138.2,0.0,0,0,0,0,4,0,0.0,283,18.9,61.3,31,31,6.3,13.7,2.78,0,2,6.1,54.8,17,10,10.5,31,2,15,82.7,0,2,33,0.0,72.8,0.0,0,0,0,0,1,2,6.1,306,9.9,84.0,100,100,20.4,5.1,2.28,0,0,0.0,82.0,82,18,2.4,100,2,39,69.8,0,1,104,0.0,99.1,0.0,0,0,0,0,2,2,1.9,719,7.2,0,39.1,69,69,14.1,30.5,3.3,0,20,26.0,36.2,25,18,7.4,69,2,25,90.6,0,1,77,0.0,117.9,0.0,0,0,0,0,9,3,3.9,903,13.1,24,100.0,16,16,3.3,-3.1,2.39,0,0,0.0,93.8,15,1,6.3,16,1,4,68.1,0,0,16,0.0,93.8,0.0,0,0,0,0,0,0,0.0,104,6.5,32.3,31,31,6.3,30.0,3.14,0,10,27.8,29.0,9,9,10.0,31,1,9,90.4,0,0,36,0.0,110.5,0.0,0,0,0,0,4,1,2.8,326,10.5,60.9,23,23,4.7,13.7,3.69,0,0,0.0,56.5,13,8,7.1,23,1,13,79.1,0,0,26,0.0,90.1,0.0,0,0,0,0,0,0,0.0,226,9.8,80.6,72,72,14.7,4.2,2.58,0,0,0.0,76.4,55,16,5.2,72,3,14,47.6,0,1,74,0.0,85.7,0.0,0,0,0,0,1,2,2.7,365,5.1,59.0,83,83,17.0,13.7,3.23,0,4,4.3,55.4,46,31,6.1,83,3,43,82.8,0,3,92,0.0,84.2,0.0,0,0,0,0,3,3,3.3,776,9.3,0,80.0,10,10,2.0,-4.2,2.33,0,0,0.0,70.0,7,1,12.5,10,1,0,57.6,0,0,11,0.0,72.9,0.0,0,0,0,0,0,0,0.0,22,2.2,39.1,23,23,4.7,29.3,3.48,0,5,19.2,34.8,8,9,11.1,23,1,8,61.5,0,1,26,0.0,79.5,0.0,0,0,0,0,1,2,7.7,294,12.8,55.2,29,29,5.9,13.7,3.35,0,2,6.1,55.2,16,13,0.0,29,0,15,70.0,0,1,33,0.0,91.7,0.0,0,0,0,0,2,1,3.0,244,8.4,89.1,64,64,13.1,4.2,2.77,0,0,0.0,85.9,55,20,3.5,64,2,22,90.5,0,0,67,0.0,122.4,0.0,0,0,0,0,6,0,0.0,376,5.9,84.3,236,236,48.3,4.6,2.5,0,0,0.0,81.4,192,54,3.5,236,7,75,72.2,0,2,245,0.0,101.6,0.0,0,0,0,0,9,4,1.6,1460,6.2
C.J. Stroud,129759,QB,HST,16,502,559,95.8,48,48,9.6,-3.4,2.08,0,0,0.0,93.8,45,11,2.2,48,1,7,70.0,0,0,49,0.0,89.1,0.0,0,0,0,0,1,0,0.0,178,3.7,96.2,26,26,5.2,-3.7,1.94,0,0,0.0,92.3,24,6,4.0,26,1,3,66.8,0,0,27,0.0,82.5,0.0,0,0,0,0,0,0,0.0,99,3.8,30.0,10,10,2.0,32.0,3.17,0,2,20.0,20.0,2,4,33.3,10,1,2,78.5,0,1,10,0.0,71.3,0.0,0,0,0,0,1,0,0.0,121,12.1,66.1,56,56,11.2,13.3,2.65,0,3,5.1,66.1,37,20,0.0,56,0,35,80.0,0,3,59,0.0,116.7,0.0,0,0,0,0,5,3,5.1,725,12.9,82.4,125,125,24.9,4.8,2.4,0,0,0.0,80.0,100,32,2.9,125,3,44,75.8,0,2,131,0.0,99.7,0.0,0,0,0,0,3,3,2.3,950,7.6,0,39.2,51,51,10.2,29.6,3.2,0,15,25.4,37.3,19,18,5.0,51,1,19,87.9,0,4,59,0.0,85.2,0.0,0,0,0,0,5,3,5.1,671,13.2,13,90.9,11,11,2.2,-2.6,2.21,0,0,0.0,90.9,10,2,0.0,11,0,1,67.1,0,0,11,0.0,79.2,0.0,0,0,0,0,0,0,0.0,33,3.0,50.0,18,18,3.6,31.9,3.01,0,8,36.4,50.0,9,6,0.0,18,0,9,94.6,0,0,22,0.0,132.9,0.0,0,0,0,0,2,0,0.0,325,18.1,47.6,21,21,4.2,13.9,3.2,0,0,0.0,47.6,10,9,0.0,21,0,10,44.1,0,2,24,0.0,63.5,0.0,0,0,0,0,2,4,16.7,149,7.1,67.9,56,56,11.2,4.3,2.41,0,0,0.0,67.9,38,15,0.0,56,0,17,59.2,0,1,57,0.0,81.7,0.0,0,0,0,0,1,2,3.5,330,5.9,50.9,110,110,21.9,13.5,2.95,0,3,2.5,50.0,55,43,1.8,110,1,53,59.2,0,6,120,0.0,86.0,0.0,0,0,0,0,9,9,7.5,995,9.0,0,100.0,11,11,2.2,-3.6,2.28,0,0,0.0,100.0,11,3,0.0,11,0,3,67.3,0,0,11,0.0,114.4,0.0,0,0,0,0,1,0,0.0,46,4.2,34.8,23,23,4.6,26.8,3.36,0,5,18.5,34.8,8,8,0.0,23,0,8,62.0,0,3,27,0.0,61.2,0.0,0,0,0,0,2,3,11.1,225,9.8,27.3,33,33,6.6,13.6,3.29,0,0,0.0,24.2,8,14,11.1,33,1,8,41.6,0,1,37,0.0,49.9,0.0,0,0,0,0,2,2,5.4,121,3.7,80.3,71,71,14.1,4.0,2.51,0,0,0.0,80.3,57,18,0.0,71,0,17,61.8,0,0,74,0.0,98.3,0.0,0,0,0,0,2,1,1.4,379,5.3,78.6,252,252,50.2,4.5,2.43,0,0,0.0,77.4,195,65,1.5,252,3,78,69.9,0,3,262,0.0,97.0,0.0,0,0,0,0,6,6,2.3,1659,6.6
Jacoby Brissett,10725,QB,ARZ,13,485,550,94.4,54,54,11.1,-3.2,2.41,0,0,0.0,90.7,49,14,3.9,54,2,14,67.8,0,0,56,0.0,87.2,0.0,0,0,0,0,0,0,0.0,266,4.9,100.0,28,28,5.8,-3.3,2.13,0,0,0.0,96.4,27,7,3.6,28,1,8,70.0,0,0,29,0.0,87.5,0.0,0,0,0,0,0,0,0.0,140,5.0,33.3,15,15,3.1,29.6,3.17,0,2,13.3,33.3,5,9,0.0,15,0,5,61.5,0,2,15,0.0,57.9,0.0,0,0,0,0,2,2,13.3,101,6.7,53.8,39,39,8.0,14.0,2.85,0,0,0.0,53.8,21,12,0.0,39,0,19,61.2,0,1,40,0.0,101.0,0.0,0,0,0,0,3,2,5.0,366,9.4,80.8,146,146,30.1,4.0,2.47,0,0,0.0,76.0,111,32,5.9,146,7,43,61.5,0,1,154,0.0,105.8,0.0,0,0,0,0,7,4,2.6,953,6.5,0,40.4,47,47,9.7,29.2,3.1,0,12,22.6,38.3,18,25,5.3,47,1,18,86.0,0,3,53,0.0,79.9,0.0,0,0,0,0,4,2,3.8,498,10.6,1,100.0,6,6,1.2,-4.0,2.98,0,0,0.0,100.0,6,1,0.0,6,0,2,65.7,0,0,6,0.0,93.8,0.0,0,0,0,0,0,0,0.0,39,6.5,45.0,20,20,4.1,29.1,2.95,0,7,29.2,40.0,8,8,11.1,20,1,8,91.1,0,1,24,0.0,82.7,0.0,0,0,0,0,1,0,0.0,247,12.4,65.5,29,29,6.0,14.8,3.08,0,3,10.0,58.6,17,9,10.5,29,2,17,90.0,0,0,30,0.0,135.1,0.0,0,0,0,0,4,0,0.0,310,10.7,88.9,36,36,7.4,3.6,2.36,0,0,0.0,83.3,30,8,6.3,36,2,15,75.2,0,0,40,0.0,106.8,0.0,0,0,0,0,1,1,2.5,267,7.4,61.2,98,98,20.2,14.4,2.93,0,5,4.9,58.2,57,33,5.0,98,3,55,85.8,0,1,102,0.0,121.7,0.0,0,0,0,0,10,3,2.9,973,9.9,0,85.0,20,20,4.1,-2.8,2.64,0,0,0.0,80.0,16,6,5.9,20,1,4,59.9,0,0,21,0.0,84.8,0.0,0,0,0,0,0,0,0.0,87,4.4,41.7,12,12,2.5,29.1,3.27,0,3,21.4,41.7,5,8,0.0,12,0,5,77.6,0,0,14,0.0,116.7,0.0,0,0,0,0,1,0,0.0,150,12.5,66.7,30,30,6.2,14.5,2.9,0,2,6.3,63.3,19,12,5.0,30,1,19,90.3,0,0,32,0.0,129.4,0.0,0,0,0,0,3,1,3.1,297,9.9,82.3,62,62,12.8,4.2,2.83,0,0,0.0,80.6,50,18,2.0,62,1,20,62.2,0,3,62,0.0,79.4,0.0,0,0,0,0,1,2,3.2,409,6.6,82.4,244,244,50.3,4.0,2.54,0,0,0.0,78.3,191,58,5.0,244,10,78,65.7,0,4,256,0.0,99.9,0.0,0,0,0,0,9,7,2.7,1629,6.7
Jordan Love,40306,QB,GB,16,485,542,92.2,77,77,15.9,-3.7,2.14,0,0,0.0,87.0,67,25,5.6,77,4,13,62.2,0,0,81,0.0,99.5,0.0,0,0,0,0,3,1,1.2,367,4.8,94.7,38,38,7.8,-3.8,1.89,0,0,0.0,92.1,35,10,2.8,38,1,7,69.4,0,0,41,0.0,107.2,0.0,0,0,0,0,2,0,0.0,210,5.5,37.0,27,27,5.6,32.0,3.18,0,7,25.9,37.0,10,9,0.0,27,0,10,58.3,0,3,27,0.0,65.1,0.0,0,0,0,0,2,6,22.2,305,11.3,67.5,40,40,8.2,14.3,2.74,0,2,4.9,65.0,26,12,3.7,40,1,24,90.6,0,1,41,0.0,113.3,0.0,0,0,0,0,2,0,0.0,488,12.2,85.7,91,91,18.8,4.0,2.37,0,0,0.0,81.3,74,22,5.1,91,4,29,77.9,0,1,94,0.0,109.6,0.0,0,0,0,0,5,1,1.1,638,7.0,0,47.3,74,74,15.3,30.6,3.26,0,25,30.1,41.9,31,27,11.4,74,4,31,93.7,0,3,83,0.0,99.2,0.0,0,0,0,0,6,6,7.2,957,12.9,12,81.3,16,16,3.3,-3.4,2.51,0,0,0.0,75.0,12,6,7.7,16,1,4,41.1,0,0,17,0.0,84.9,0.0,0,0,0,0,0,1,5.9,78,4.9,54.5,22,22,4.5,30.3,3.74,0,8,28.6,36.4,8,13,33.3,22,4,8,92.3,0,0,28,0.0,95.6,0.0,0,0,0,0,1,0,0.0,254,11.5,66.7,27,27,5.6,13.5,2.96,0,1,3.6,59.3,16,7,11.1,27,2,14,92.2,0,0,28,0.0,98.1,0.0,0,0,0,0,1,0,0.0,222,8.2,91.5,47,47,9.7,3.5,2.25,0,0,0.0,85.1,40,11,7.0,47,3,18,82.9,0,0,51,0.0,115.2,0.0,0,0,0,0,3,0,0.0,308,6.6,68.4,98,98,20.2,14.1,3.09,0,5,4.9,64.3,63,36,6.0,98,4,59,91.3,0,1,102,0.0,117.1,0.0,0,0,0,0,6,3,2.9,1066,10.9,0,95.7,23,23,4.7,-3.7,2.27,0,0,0.0,87.0,20,9,9.1,23,2,2,66.6,0,0,23,0.0,95.5,0.0,0,0,0,0,1,0,0.0,79,3.4,52.0,25,25,5.2,29.3,2.94,0,10,35.7,52.0,13,5,0.0,25,0,13,97.9,0,0,28,0.0,137.1,0.0,0,0,0,0,3,0,0.0,398,15.9,71.0,31,31,6.4,14.4,3.64,0,2,6.1,67.7,21,17,4.5,31,1,21,68.3,0,0,33,0.0,138.6,0.0,0,0,0,0,3,3,9.1,356,11.5,83.7,49,49,10.1,3.9,2.47,0,0,0.0,81.6,40,11,2.4,49,1,24,75.1,0,1,51,0.0,116.7,0.0,0,0,0,0,4,2,3.9,368,7.5,86.6,187,187,38.6,3.9,2.36,0,0,0.0,82.4,154,44,4.9,187,8,71,84.3,0,2,196,0.0,112.9,0.0,0,0,0,0,12,3,1.5,1314,7.0
Geno Smith,7820,QB,LV,15,448,524,94.0,84,84,18.8,-4.0,2.21,0,0,0.0,90.5,76,17,3.8,84,3,14,67.4,0,0,84,0.0,92.8,0.0,0,0,0,0,2,1,1.2,367,4.4,94.3,35,35,7.8,-4.4,1.92,0,0,0.0,94.3,33,4,0.0,35,0,6,62.8,0,0,35,0.0,85.5,0.0,0,0,0,0,0,1,2.9,158,4.5,30.0,10,10,2.2,28.7,3.23,0,3,30.0,30.0,3,5,0.0,10,0,3,76.7,0,2,10,0.0,70.8,0.0,0,0,0,0,1,0,0.0,120,12.0,64.7,34,34,7.6,14.0,2.92,0,1,2.6,58.8,20,11,9.1,34,2,20,57.7,0,6,39,0.0,87.7,0.0,0,0,0,0,4,5,12.8,302,8.9,90.0,90,90,20.1,4.2,2.58,0,0,0.0,84.4,76,28,6.2,90,5,38,75.2,0,2,93,0.0,106.3,0.0,0,0,0,0,3,2,2.2,815,9.1,0,36.2,47,47,10.5,27.8,3.09,0,9,18.4,31.9,15,23,11.8,47,2,15,70.4,0,5,49,0.0,55.6,0.0,0,0,0,0,3,5,10.2,510,10.9,23,95.0,20,20,4.5,-4.0,2.62,0,0,0.0,85.0,17,5,10.5,20,2,3,66.0,0,0,20,0.0,101.9,0.0,0,0,0,0,1,0,0.0,89,4.5,31.3,16,16,3.6,25.9,2.88,0,2,12.5,25.0,4,7,20.0,16,1,4,68.7,0,2,16,0.0,47.4,0.0,0,0,0,0,1,2,12.5,150,9.4,52.4,21,21,4.7,14.1,3.4,0,2,8.0,52.4,11,8,0.0,21,0,10,65.4,0,0,25,0.0,93.0,0.0,0,0,0,0,1,1,4.0,158,7.5,81.8,66,66,14.7,4.0,2.22,0,0,0.0,77.3,51,9,5.6,66,3,20,57.3,0,2,70,0.0,87.0,0.0,0,0,0,0,2,2,2.9,365,5.5,60.3,73,73,16.3,14.1,3.14,0,5,5.9,56.2,41,25,6.8,73,3,40,63.6,0,6,85,0.0,77.5,0.0,0,0,0,0,6,7,8.2,622,8.5,0,93.1,29,29,6.5,-3.6,2.29,0,0,0.0,89.7,26,8,3.7,29,1,5,67.8,0,0,29,0.0,95.4,0.0,0,0,0,0,1,0,0.0,120,4.1,42.9,21,21,4.7,28.9,3.18,0,4,17.4,38.1,8,11,11.1,21,1,8,61.9,0,1,23,0.0,77.5,0.0,0,0,0,0,1,3,13.0,240,11.4,61.1,18,18,4.0,14.2,3.25,0,2,9.5,55.6,10,6,9.1,18,1,10,67.3,0,0,21,0.0,104.4,0.0,0,0,0,0,1,1,4.8,162,9.0,80.0,55,55,12.3,4.2,2.51,0,0,0.0,78.2,43,14,2.3,55,1,21,67.3,0,2,58,0.0,95.9,0.0,0,0,0,0,3,2,3.4,346,6.3,84.8,211,211,47.1,4.2,2.45,0,0,0.0,80.6,170,51,5.0,211,9,79,69.4,0,6,221,0.0,97.6,0.0,0,0,0,0,8,6,2.7,1526,7.2
Tua Tagovailoa,60326,QB,MIA,14,384,440,94.0,83,83,21.6,-3.5,2.1,0,0,0.0,89.2,74,15,5.1,83,4,13,64.0,0,0,87,0.0,91.6,0.0,0,0,0,0,2,1,1.1,336,4.0,97.4,38,38,9.9,-3.0,1.73,0,0,0.0,89.5,34,4,8.1,38,3,5,69.1,0,0,40,0.0,93.5,0.0,0,0,0,0,1,0,0.0,165,4.3,62.5,8,8,2.1,30.0,2.93,0,4,50.0,50.0,4,2,20.0,8,1,4,81.5,0,2,8,0.0,95.8,0.0,0,0,0,0,1,2,25.0,122,15.3,67.3,52,52,13.5,13.4,2.4,0,2,3.4,63.5,33,15,5.7,52,2,33,61.9,0,6,58,0.0,91.0,0.0,0,0,0,0,5,8,13.8,544,10.5,81.2,85,85,22.1,4.4,2.36,0,0,0.0,77.6,66,21,4.3,85,3,37,68.2,0,2,92,0.0,101.9,0.0,0,0,0,0,4,3,3.3,598,7.0,0,40.5,37,37,9.6,29.1,2.98,0,13,33.3,37.8,14,8,6.7,37,1,14,83.1,0,6,39,0.0,76.8,0.0,0,0,0,0,4,8,20.5,415,11.2,17,100.0,27,27,7.0,-3.7,2.44,0,0,0.0,100.0,27,4,0.0,27,0,6,70.3,0,0,27,0.0,86.0,0.0,0,0,0,0,0,0,0.0,125,4.6,28.6,21,21,5.5,28.3,2.98,0,6,27.3,28.6,6,4,0.0,21,0,6,71.7,0,3,22,0.0,55.0,0.0,0,0,0,0,2,4,18.2,180,8.6,50.0,14,14,3.6,13.8,3.25,0,1,7.1,50.0,7,3,0.0,14,0,5,67.0,0,0,14,0.0,72.9,0.0,0,0,0,0,0,1,7.1,98,7.0,81.0,42,42,10.9,4.3,2.37,0,0,0.0,71.4,30,6,11.8,42,4,18,79.1,0,1,44,0.0,89.8,0.0,0,0,0,0,1,0,0.0,304,7.2,63.1,84,84,21.9,13.8,2.71,0,5,5.5,60.7,51,24,3.8,84,2,49,71.1,0,6,91,0.0,98.2,0.0,0,0,0,0,9,9,9.9,798,9.5,0,77.8,18,18,4.7,-4.3,2.34,0,0,0.0,72.2,13,7,7.1,18,1,2,44.2,0,0,20,0.0,93.3,0.0,0,0,0,0,1,1,5.0,46,2.6,50.0,8,8,2.1,30.1,3.03,0,3,33.3,50.0,4,2,0.0,8,0,4,82.4,0,1,9,0.0,95.8,0.0,0,0,0,0,1,2,22.2,113,14.1,61.1,18,18,4.7,14.9,3.18,0,2,10.5,61.1,11,6,0.0,18,0,11,84.7,0,0,19,0.0,128.7,0.0,0,0,0,0,4,0,0.0,156,8.7,90.3,31,31,8.1,4.0,2.28,0,0,0.0,80.6,25,6,10.7,31,3,11,50.4,0,0,33,0.0,94.8,0.0,0,0,0,0,0,2,6.1,209,6.7,82.9,158,158,41.1,4.3,2.35,0,0,0.0,76.6,121,33,7.6,158,10,66,69.4,0,3,169,0.0,97.8,0.0,0,0,0,0,5,5,3.0,1111,7.0
Joe Flacco,4332,QB,CIN,12,416,438,93.7,63,63,15.1,-3.6,2.25,0,0,0.0,85.7,54,14,8.5,63,5,5,59.4,0,1,65,0.0,72.7,0.0,0,0,0,0,0,1,1.5,191,3.0,96.3,27,27,6.5,-3.8,2.12,0,0,0.0,85.2,23,4,11.5,27,3,2,70.4,0,0,28,0.0,80.9,0.0,0,0,0,0,0,0,0.0,92,3.4,37.5,8,8,1.9,29.9,3.21,0,2,25.0,37.5,3,5,0.0,8,0,3,77.2,0,1,8,0.0,77.6,0.0,0,0,0,0,1,0,0.0,85,10.6,63.9,36,36,8.7,13.7,2.64,0,1,2.6,61.1,22,10,4.3,36,1,21,76.5,0,2,38,0.0,100.3,0.0,0,0,0,0,3,2,5.3,369,10.3,84.4,128,128,30.8,4.1,2.28,0,0,0.0,76.6,98,27,9.3,128,10,35,71.5,0,2,134,0.0,94.4,0.0,0,0,0,0,3,3,2.2,837,6.5,0,40.5,42,42,10.1,27.5,3.03,0,13,29.5,35.7,15,14,11.8,42,2,15,85.5,0,4,44,0.0,68.2,0.0,0,0,0,0,4,3,6.8,445,10.6,7,94.7,19,19,4.6,-3.6,2.16,0,0,0.0,94.7,18,5,0.0,19,0,0,69.0,0,0,19,0.0,79.2,0.0,0,0,0,0,0,0,0.0,54,2.8,41.2,17,17,4.1,25.5,2.78,0,5,29.4,35.3,6,4,14.3,17,1,6,75.2,0,2,17,0.0,75.5,0.0,0,0,0,0,2,1,5.9,181,10.6,47.8,23,23,5.5,13.1,2.7,0,0,0.0,43.5,10,6,9.1,23,1,10,62.8,0,0,23,0.0,76.4,0.0,0,0,0,0,1,0,0.0,130,5.7,78.3,23,23,5.5,4.7,2.1,0,0,0.0,73.9,17,7,5.6,23,1,8,71.1,0,1,28,0.0,66.6,0.0,0,0,0,0,0,0,0.0,116,5.0,57.1,84,84,20.2,13.8,2.7,0,3,3.4,53.6,45,29,6.3,84,3,44,70.1,0,2,88,0.0,100.0,0.0,0,0,0,0,7,4,4.5,714,8.5,0,88.2,17,17,4.1,-3.3,2.58,0,0,0.0,76.5,13,5,13.3,17,2,3,35.7,0,1,18,0.0,53.8,0.0,0,0,0,0,0,1,5.6,45,2.6,41.2,17,17,4.1,28.4,3.18,0,6,31.6,35.3,6,5,14.3,17,1,6,82.9,0,1,19,0.0,70.5,0.0,0,0,0,0,1,2,10.5,179,10.5,56.0,25,25,6.0,14.4,2.78,0,2,7.4,52.0,13,13,7.1,25,1,13,60.5,0,0,27,0.0,120.8,0.0,0,0,0,0,3,2,7.4,215,8.6,69.7,33,33,7.9,3.7,2.43,0,0,0.0,66.7,22,5,4.3,33,1,8,65.8,0,0,38,0.0,90.0,0.0,0,0,0,0,1,0,0.0,176,5.3,81.0,184,184,44.2,4.1,2.28,0,0,0.0,74.5,137,39,8.1,184,12,51,72.9,0,3,200,0.0,90.1,0.0,0,0,0,0,4,3,1.5,1129,6.1
Daniel Jones,39395,QB,IND,13,384,429,93.2,44,44,11.5,-3.4,2.41,0,0,0.0,88.6,39,11,4.9,44,2,17,70.3,0,0,47,0.0,120.5,0.0,0,0,0,0,3,0,0.0,329,7.5,95.8,24,24,6.3,-3.3,2.11,0,0,0.0,91.7,22,4,4.3,24,1,10,70.2,0,0,26,0.0,115.8,0.0,0,0,0,0,1,0,0.0,203,8.5,37.5,8,8,2.1,37.4,3.28,0,1,12.5,37.5,3,3,0.0,8,0,3,73.2,0,0,8,0.0,116.1,0.0,0,0,0,0,1,0,0.0,83,10.4,74.5,51,51,13.3,13.5,2.57,0,1,1.9,70.6,36,18,5.3,51,2,35,85.4,0,2,53,0.0,122.5,0.0,0,0,0,0,5,5,9.4,554,10.9,81.8,99,99,25.8,4.3,2.31,0,0,0.0,74.7,74,34,8.6,99,7,26,60.5,0,2,105,0.0,86.8,0.0,0,0,0,0,2,3,2.9,573,5.8,0,44.7,38,38,9.9,31.7,2.97,0,11,25.0,44.7,17,11,0.0,38,0,16,79.1,0,3,44,0.0,93.6,0.0,0,0,0,0,4,3,6.8,581,15.3,14,100.0,9,9,2.3,-3.9,2.97,0,0,0.0,88.9,8,3,11.1,9,1,3,67.3,0,0,10,0.0,98.1,0.0,0,0,0,0,0,0,0.0,68,7.6,47.1,17,17,4.4,30.1,2.88,0,6,27.3,47.1,8,4,0.0,17,0,7,69.8,0,2,22,0.0,93.0,0.0,0,0,0,0,2,2,9.1,289,17.0,47.6,21,21,5.5,16.1,2.88,0,1,4.5,47.6,10,7,0.0,21,0,9,57.5,0,0,22,0.0,79.1,0.0,0,0,0,0,0,0,0.0,188,9.0,86.5,52,52,13.5,3.5,2.37,0,0,0.0,82.7,43,11,4.4,52,2,20,72.5,0,0,53,0.0,110.3,0.0,0,0,0,0,2,0,0.0,385,7.4,63.7,91,91,23.7,14.4,2.76,0,2,2.1,60.4,55,26,5.2,91,3,53,72.4,0,3,97,0.0,101.9,0.0,0,0,0,0,6,7,7.2,901,9.9,0,81.8,11,11,2.9,-3.3,2.63,0,0,0.0,81.8,9,4,0.0,11,0,4,62.2,0,0,11,0.0,128.2,0.0,0,0,0,0,2,0,0.0,58,5.3,46.2,13,13,3.4,30.4,2.91,0,4,28.6,46.2,6,4,0.0,13,0,6,80.4,0,1,14,0.0,86.2,0.0,0,0,0,0,1,1,7.1,209,16.1,52.6,19,19,4.9,14.7,3.17,0,0,0.0,47.4,9,1,10.0,19,1,9,51.2,0,1,22,0.0,72.0,0.0,0,0,0,0,1,2,9.1,159,8.4,89.5,38,38,9.9,3.9,2.33,0,0,0.0,86.8,33,10,2.9,38,1,17,85.1,0,0,41,0.0,120.6,0.0,0,0,0,0,2,0,0.0,332,8.7,84.7,189,189,49.2,4.0,2.33,0,0,0.0,79.4,150,55,6.3,189,10,63,72.5,0,2,199,0.0,101.3,0.0,0,0,0,0,6,3,1.5,1290,6.8
Jaxson Dart,146409,QB,NYG,13,339,413,98.4,63,63,18.6,-3.0,2.01,0,0,0.0,95.2,60,7,3.2,63,2,12,69.9,0,0,65,0.0,102.7,0.0,0,0,0,0,3,0,0.0,305,4.8,100.0,32,32,9.4,-3.3,2.08,0,0,0.0,100.0,32,4,0.0,32,0,7,70.4,0,0,33,0.0,124.9,0.0,0,0,0,0,3,0,0.0,207,6.5,40.0,15,15,4.4,31.2,3.46,0,4,25.0,33.3,5,7,16.7,15,1,5,72.5,0,0,16,0.0,87.9,0.0,0,0,0,0,1,2,12.5,129,8.6,54.8,31,31,9.1,13.0,2.91,0,1,3.2,48.4,15,9,11.8,31,2,13,60.5,0,2,31,0.0,72.5,0.0,0,0,0,0,2,3,9.7,264,8.5,88.6,70,70,20.6,4.5,2.34,0,0,0.0,82.9,58,12,6.5,70,4,23,77.1,0,2,74,0.0,89.2,0.0,0,0,0,0,1,0,0.0,498,7.1,0,40.0,50,50,14.7,28.9,3.53,0,14,23.3,32.0,16,21,20.0,50,4,16,83.7,0,1,60,0.0,85.9,0.0,0,0,0,0,4,5,8.3,466,9.3,21,94.4,18,18,5.3,-2.9,1.85,0,0,0.0,83.3,15,2,11.8,18,2,3,61.6,0,0,18,0.0,79.2,0.0,0,0,0,0,0,0,0.0,48,2.7,28.6,14,14,4.1,27.7,3.62,0,3,17.6,21.4,3,6,25.0,14,1,3,58.9,0,0,17,0.0,56.3,0.0,0,0,0,0,0,2,11.8,98,7.0,52.9,17,17,5.0,15.2,2.92,0,2,9.5,47.1,8,5,11.1,17,1,8,66.1,0,0,21,0.0,93.8,0.0,0,0,0,0,1,0,0.0,134,7.9,80.6,31,31,9.1,4.3,2.24,0,0,0.0,80.6,25,6,0.0,31,0,9,66.5,0,0,33,0.0,103.6,0.0,0,0,0,0,1,1,3.0,195,6.3,55.4,65,65,19.2,13.8,3.1,0,5,7.0,50.8,33,21,8.3,65,3,31,66.5,0,2,71,0.0,96.1,0.0,0,0,0,0,5,5,7.0,607,9.3,0,100.0,13,13,3.8,-2.2,2.07,0,0,0.0,100.0,13,1,0.0,13,0,2,67.8,0,0,14,0.0,82.7,0.0,0,0,0,0,0,0,0.0,50,3.8,47.6,21,21,6.2,28.1,3.52,0,7,25.9,38.1,8,8,20.0,21,2,8,91.6,0,1,27,0.0,101.0,0.0,0,0,0,0,3,1,3.7,239,11.4,58.8,17,17,5.0,13.9,3.64,0,2,10.5,58.8,10,7,0.0,17,0,10,69.6,0,0,19,0.0,141.5,0.0,0,0,0,0,2,2,10.5,209,12.3,82.4,34,34,10.0,4.0,2.16,0,0,0.0,70.6,24,8,14.3,34,4,10,68.0,0,0,36,0.0,95.3,0.0,0,0,0,0,1,0,0.0,201,5.9,85.2,135,135,39.8,4.3,2.27,0,0,0.0,79.3,107,26,7.0,135,8,42,75.6,0,2,143,0.0,95.5,0.0,0,0,0,0,3,1,0.7,894,6.6
Brock Purdy,77672,QB,SF,11,342,384,100.0,38,38,11.1,-3.9,2.37,0,0,0.0,92.1,35,5,7.9,38,3,13,71.7,0,0,40,0.0,107.0,0.0,0,0,0,0,2,0,0.0,208,5.5,100.0,25,25,7.3,-3.6,2.11,0,0,0.0,92.0,23,3,8.0,25,2,8,70.3,0,0,27,0.0,113.8,0.0,0,0,0,0,2,0,0.0,123,4.9,61.5,13,13,3.8,25.1,3.35,0,3,23.1,61.5,8,2,0.0,13,0,8,64.3,0,3,13,0.0,105.4,0.0,0,0,0,0,2,4,30.8,218,16.8,76.7,43,43,12.6,13.7,2.86,0,3,6.8,67.4,29,13,12.1,43,4,29,91.4,0,4,44,0.0,81.7,0.0,0,0,0,0,2,2,4.5,482,11.2,84.3,89,89,26.0,4.2,2.91,0,1,1.1,80.9,72,35,4.0,89,3,34,74.9,0,3,92,0.0,94.0,0.0,0,0,0,0,4,2,2.2,563,6.3,0,52.9,34,34,9.9,24.7,3.66,0,7,20.6,52.9,18,8,0.0,34,0,18,74.5,0,4,34,0.0,88.1,0.0,0,0,0,0,3,6,17.6,514,15.1,28,100.0,5,5,1.5,-5.8,2.86,0,0,0.0,80.0,4,1,20.0,5,1,3,64.8,0,0,5,0.0,101.7,0.0,0,0,0,0,0,0,0.0,42,8.4,43.8,16,16,4.7,24.4,3.47,0,2,12.5,43.8,7,4,0.0,16,0,7,65.9,0,1,16,0.0,64.6,0.0,0,0,0,0,0,2,12.5,211,13.2,58.3,24,24,7.0,13.7,3.56,0,1,3.8,54.2,13,13,7.1,24,1,13,81.7,0,1,26,0.0,80.2,0.0,0,0,0,0,1,2,7.7,210,8.8,84.2,38,38,11.1,4.3,2.93,0,1,2.4,78.9,30,11,6.3,38,2,19,85.7,0,0,41,0.0,135.2,0.0,0,0,0,0,5,0,0.0,264,6.9,69.4,85,85,24.9,13.7,3.2,0,6,6.7,63.5,54,34,8.5,85,5,54,91.8,0,5,90,0.0,96.4,0.0,0,0,0,0,6,4,4.4,865,10.2,0,100.0,8,8,2.3,-3.5,2.88,0,0,0.0,100.0,8,1,0.0,8,0,2,66.4,0,0,8,0.0,89.1,0.0,0,0,0,0,0,0,0.0,43,5.4,60.0,5,5,1.5,24.8,5.08,0,2,40.0,60.0,3,2,0.0,5,0,3,90.6,0,0,5,0.0,143.8,0.0,0,0,0,0,1,0,0.0,85,17.0,66.7,18,18,5.3,13.9,3.51,0,2,10.0,66.7,12,8,0.0,18,0,12,79.2,0,0,20,0.0,137.3,0.0,0,0,0,0,3,0,0.0,173,9.6,84.6,26,26,7.6,4.1,2.57,0,0,0.0,80.8,21,7,4.5,26,1,14,63.6,0,1,29,0.0,101.1,0.0,0,0,0,0,2,1,3.4,155,6.0,84.3,153,153,44.7,4.2,2.86,0,2,1.2,80.4,123,53,4.7,153,6,67,80.1,0,4,162,0.0,106.5,0.0,0,0,0,0,11,3,1.9,982,6.4
Tyler Shough,83537,QB,NO,11,327,378,91.3,46,46,14.1,-3.7,2.16,0,0,0.0,91.3,42,11,0.0,46,0,8,68.1,0,0,47,0.0,92.4,0.0,0,0,0,0,0,0,0.0,284,6.2,90.5,21,21,6.4,-4.2,1.7,0,0,0.0,90.5,19,4,0.0,21,0,5,65.6,0,0,21,0.0,97.4,0.0,0,0,0,0,0,0,0.0,155,7.4,25.0,4,4,1.2,30.0,3.23,0,0,0.0,25.0,1,2,0.0,4,0,1,50.9,0,0,4,0.0,55.2,0.0,0,0,0,0,0,0,0.0,27,6.8,80.6,31,31,9.5,13.0,2.59,0,0,0.0,80.6,25,6,0.0,31,0,22,85.1,0,0,31,0.0,128.9,0.0,0,0,0,0,1,2,6.5,383,12.4,92.4,79,79,24.2,4.4,2.3,0,0,0.0,87.3,69,12,5.5,79,4,28,67.7,0,1,83,0.0,94.5,0.0,0,0,0,0,1,2,2.4,547,6.9,0,39.5,43,43,13.1,28.4,2.93,0,12,26.1,32.6,14,16,17.6,43,3,14,86.9,0,2,46,0.0,92.0,0.0,0,0,0,0,6,0,0.0,439,10.2,20,90.0,10,10,3.1,-3.2,2.79,0,0,0.0,90.0,9,2,0.0,10,0,0,62.6,0,0,11,0.0,85.8,0.0,0,0,0,0,0,0,0.0,46,4.6,26.7,15,15,4.6,28.5,2.83,0,4,22.2,20.0,3,6,25.0,15,1,3,68.4,0,1,18,0.0,57.1,0.0,0,0,0,0,1,0,0.0,128,8.5,56.7,30,30,9.2,14.5,3.13,0,1,3.2,53.3,16,12,5.9,30,1,14,63.3,0,1,31,0.0,90.7,0.0,0,0,0,0,2,2,6.5,258,8.6,77.4,31,31,9.5,3.8,2.11,0,0,0.0,74.2,23,4,4.2,31,1,5,49.6,0,1,33,0.0,70.5,0.0,0,0,0,0,0,1,3.0,149,4.8,74.3,74,74,22.6,13.6,2.83,0,1,1.3,73.0,54,20,1.8,74,1,47,88.6,0,1,76,0.0,118.7,0.0,0,0,0,0,3,4,5.3,851,11.5,0,93.3,15,15,4.6,-3.3,2.39,0,0,0.0,93.3,14,5,0.0,15,0,3,68.2,0,0,15,0.0,89.7,0.0,0,0,0,0,0,0,0.0,83,5.5,50.0,24,24,7.3,28.2,2.94,0,8,33.3,41.7,10,8,16.7,24,2,10,93.1,0,1,24,0.0,108.3,0.0,0,0,0,0,5,0,0.0,284,11.8,100.0,13,13,4.0,12.8,2.75,0,0,0.0,100.0,13,2,0.0,13,0,11,95.4,0,0,14,0.0,118.8,0.0,0,0,0,0,0,0,0.0,210,16.2,69.7,33,33,10.1,3.8,2.39,0,0,0.0,57.6,19,8,17.4,33,4,5,59.9,0,1,35,0.0,51.8,0.0,0,0,0,0,0,0,0.0,114,3.5,83.9,143,143,43.7,4.1,2.28,0,0,0.0,77.6,111,24,7.5,143,9,38,61.6,0,3,151,0.0,83.9,0.0,0,0,0,0,1,3,2.0,810,5.7
Lamar Jackson,46416,QB,BLT,13,302,368,86.5,37,37,12.3,-3.2,1.96,0,0,0.0,78.4,29,5,9.4,37,3,6,60.6,0,1,38,0.0,95.0,0.0,0,0,0,0,2,0,0.0,192,5.2,90.5,21,21,7.0,-3.2,1.88,0,0,0.0,81.0,17,2,10.5,21,2,3,60.2,0,1,22,0.0,84.9,0.0,0,0,0,0,1,0,0.0,112,5.3,66.7,6,6,2.0,28.0,5.15,0,2,33.3,66.7,4,2,0.0,6,0,4,94.3,0,0,6,0.0,149.3,0.0,0,0,0,0,2,0,0.0,164,27.3,77.8,45,45,14.9,14.0,2.84,0,0,0.0,68.9,31,15,11.4,45,4,29,93.5,0,2,47,0.0,121.5,0.0,0,0,0,0,4,0,0.0,550,12.2,87.1,62,62,20.5,4.0,2.56,0,0,0.0,83.9,52,23,3.7,62,2,21,72.4,0,1,67,0.0,104.3,0.0,0,0,0,0,2,2,3.0,500,8.1,0,46.3,41,41,13.6,28.2,3.42,0,8,17.0,46.3,19,11,0.0,41,0,19,86.6,0,0,47,0.0,132.4,0.0,0,0,0,0,6,2,4.3,616,15.0,3,66.7,9,9,3.0,-3.4,1.97,0,0,0.0,66.7,6,1,0.0,9,0,2,56.4,0,0,9,0.0,111.3,0.0,0,0,0,0,1,0,0.0,36,4.0,53.3,15,15,5.0,30.3,3.13,0,3,16.7,53.3,8,4,0.0,15,0,8,91.9,0,0,18,0.0,138.2,0.0,0,0,0,0,3,0,0.0,226,15.1,61.1,18,18,6.0,13.8,3.22,0,0,0.0,50.0,9,7,18.2,18,2,8,64.4,0,0,19,0.0,112.7,0.0,0,0,0,0,2,1,5.3,138,7.7,81.8,22,22,7.3,5.0,2.27,0,0,0.0,77.3,17,3,5.6,22,1,4,64.9,0,1,25,0.0,92.6,0.0,0,0,0,0,1,0,0.0,158,7.2,68.7,83,83,27.5,14.1,3.06,0,1,1.1,60.2,50,30,12.3,83,7,47,86.3,0,4,88,0.0,114.6,0.0,0,0,0,0,10,4,4.5,853,10.3,0,100.0,7,7,2.3,-2.9,2.2,0,0,0.0,85.7,6,2,14.3,7,1,1,65.6,0,0,7,0.0,92.9,0.0,0,0,0,0,0,0,0.0,44,6.3,35.0,20,20,6.6,26.8,3.11,0,3,13.0,35.0,7,5,0.0,20,0,7,57.1,0,0,23,0.0,95.0,0.0,0,0,0,0,1,2,8.7,226,11.3,55.0,20,20,6.6,14.7,3.43,0,1,4.5,50.0,10,8,9.1,20,1,10,58.7,0,2,22,0.0,78.1,0.0,0,0,0,0,4,3,13.6,165,8.3,80.6,31,31,10.3,3.9,2.6,0,0,0.0,80.6,25,10,0.0,31,0,12,68.4,0,0,32,0.0,97.6,0.0,0,0,0,0,0,0,0.0,230,7.4,84.3,115,115,38.1,4.1,2.51,0,0,0.0,81.7,94,36,3.1,115,3,37,72.5,0,2,124,0.0,100.3,0.0,0,0,0,0,3,2,1.6,888,7.7
Mac Jones,60323,QB,SF,9,293,321,90.0,30,30,10.2,-3.5,2.4,0,0,0.0,83.3,25,8,7.4,30,2,8,68.2,0,0,31,0.0,90.8,0.0,0,0,0,0,0,0,0.0,174,5.8,80.0,15,15,5.1,-2.9,2.13,0,0,0.0,73.3,11,4,8.3,15,1,5,64.5,0,0,16,0.0,92.1,0.0,0,0,0,0,0,0,0.0,104,6.9,60.0,5,5,1.7,34.8,2.6,0,3,50.0,40.0,2,1,33.3,5,1,2,93.6,0,0,6,0.0,107.5,0.0,0,0,0,0,1,0,0.0,39,7.8,73.8,42,42,14.3,13.8,2.55,0,0,0.0,71.4,30,10,3.2,42,1,29,81.3,0,1,42,0.0,119.6,0.0,0,0,0,0,2,4,9.5,542,12.9,87.2,86,86,29.4,4.4,2.39,0,0,0.0,84.9,73,17,2.7,86,2,27,75.2,0,1,88,0.0,96.3,0.0,0,0,0,0,1,0,0.0,631,7.3,0,42.9,21,21,7.2,28.3,2.89,0,6,27.3,23.8,5,7,44.4,21,4,5,77.0,0,1,22,0.0,50.7,0.0,0,0,0,0,1,2,9.1,139,6.6,28,100.0,4,4,1.4,-5.8,3.13,0,0,0.0,100.0,4,1,0.0,4,0,0,64.3,0,0,4,0.0,80.2,0.0,0,0,0,0,0,0,0.0,13,3.3,33.3,12,12,4.1,25.1,3.05,0,2,16.7,16.7,2,6,50.0,12,2,2,51.7,0,1,12,0.0,15.3,0.0,0,0,0,0,0,2,16.7,66,5.5,43.8,16,16,5.5,15.1,2.59,0,2,12.5,43.8,7,5,0.0,16,0,7,69.2,0,1,16,0.0,44.3,0.0,0,0,0,0,0,1,6.3,122,7.6,97.0,33,33,11.3,3.6,2.68,0,0,0.0,97.0,32,6,0.0,33,0,15,75.7,0,0,35,0.0,135.7,0.0,0,0,0,0,7,0,0.0,233,7.1,67.6,71,71,24.2,14.1,2.57,0,2,2.8,64.8,46,19,4.2,71,2,45,85.0,0,2,72,0.0,104.7,0.0,0,0,0,0,3,5,6.9,788,11.1,0,100.0,11,11,3.8,-3.5,2.5,0,0,0.0,90.9,10,3,9.1,11,1,3,67.3,0,0,11,0.0,88.3,0.0,0,0,0,0,0,0,0.0,57,5.2,50.0,4,4,1.4,30.0,2.75,0,1,25.0,25.0,1,0,50.0,4,1,1,75.2,0,0,4,,62.5,0.0,0,0,0,0,0,0,0.0,34,8.5,76.9,13,13,4.4,13.6,2.64,0,0,0.0,69.2,9,4,10.0,13,1,9,84.7,0,0,14,0.0,125.2,0.0,0,0,0,0,1,0,0.0,124,9.5,82.8,29,29,9.9,3.8,2.51,0,0,0.0,75.9,22,7,8.3,29,2,7,52.2,0,2,32,0.0,75.4,0.0,0,0,0,0,1,2,6.3,190,6.6,88.5,148,148,50.5,4.1,2.48,0,0,0.0,85.8,127,30,3.1,148,4,49,72.7,0,3,155,0.0,108.2,0.0,0,0,0,0,9,2,1.3,1054,7.1
Michael Penix Jr.,82134,QB,ATL,9,276,303,88.9,36,36,13.0,-4.2,1.94,0,0,0.0,83.3,30,4,6.3,36,2,8,52.6,0,1,37,0.0,97.6,0.0,0,0,0,0,2,1,2.7,207,5.8,94.4,18,18,6.5,-5.1,1.65,0,0,0.0,88.9,16,1,5.9,18,1,4,65.6,0,0,19,0.0,131.7,0.0,0,0,0,0,2,0,0.0,121,6.7,50.0,6,6,2.2,25.7,3.27,0,2,28.6,33.3,2,1,33.3,6,1,2,92.1,0,0,7,0.0,68.8,0.0,0,0,0,0,0,0,0.0,56,9.3,90.9,22,22,8.0,13.3,2.65,0,1,4.3,81.8,18,6,10.0,22,2,15,95.0,0,0,23,0.0,118.8,0.0,0,0,0,0,0,0,0.0,287,13.0,77.6,49,49,17.8,5.3,2.41,0,0,0.0,77.6,38,16,0.0,49,0,18,50.2,0,0,50,0.0,107.3,0.0,0,0,0,0,1,2,4.0,398,8.1,0,33.3,27,27,9.8,27.6,3.5,0,5,15.2,29.6,8,10,11.1,27,1,8,69.5,0,0,33,0.0,66.3,0.0,0,0,0,0,0,0,0.0,254,9.4,2,80.0,10,10,3.6,-3.2,2.24,0,0,0.0,70.0,7,1,12.5,10,1,4,29.7,0,1,10,0.0,47.9,0.0,0,0,0,0,0,1,10.0,65,6.5,42.9,14,14,5.1,29.7,3.66,0,3,16.7,42.9,6,5,0.0,14,0,6,71.1,0,0,18,0.0,89.9,0.0,0,0,0,0,0,0,0.0,198,14.1,48.0,25,25,9.1,14.8,2.84,0,0,0.0,40.0,10,6,16.7,25,2,10,43.5,0,1,25,0.0,49.8,0.0,0,0,0,0,0,2,8.0,186,7.4,81.3,32,32,11.6,4.8,2.47,0,0,0.0,81.3,26,7,0.0,32,0,14,70.1,0,0,35,0.0,108.7,0.0,0,0,0,0,2,1,2.9,163,5.1,65.3,75,75,27.2,14.0,2.81,0,3,3.8,58.7,44,20,10.2,75,5,39,72.8,0,2,79,0.0,93.1,0.0,0,0,0,0,3,4,5.1,718,9.6,0,87.5,8,8,2.9,-3.5,2.23,0,0,0.0,87.5,7,2,0.0,8,0,0,65.9,0,0,8,0.0,79.2,0.0,0,0,0,0,0,0,0.0,21,2.6,0.0,7,7,2.5,25.1,3.37,0,0,0.0,0.0,0,4,,7,0,0,33.1,0,0,8,0.0,39.6,0.0,0,0,0,0,0,0,0.0,0,0.0,60.7,28,28,10.1,13.8,2.91,0,2,6.5,57.1,16,8,5.9,28,1,14,63.1,0,1,31,0.0,107.0,0.0,0,0,0,0,3,2,6.5,245,8.8,78.6,28,28,10.1,4.1,2.52,0,0,0.0,71.4,20,7,9.1,28,2,12,53.9,0,0,29,0.0,109.5,0.0,0,0,0,0,1,1,3.4,242,8.6,78.9,109,109,39.5,4.8,2.46,0,0,0.0,77.1,84,30,2.3,109,2,44,56.8,0,0,114,0.0,109.2,0.0,0,0,0,0,4,4,3.5,803,7.4
Spencer Rattler,97408,QB,NO,9,257,292,97.0,33,33,12.8,-3.9,2.07,0,0,0.0,97.0,32,10,0.0,33,0,5,70.8,0,0,35,0.0,85.2,0.0,0,0,0,0,0,0,0.0,147,4.5,95.2,21,21,8.2,-3.8,1.8,0,0,0.0,95.2,20,4,0.0,21,0,3,69.0,0,0,21,0.0,84.7,0.0,0,0,0,0,0,0,0.0,91,4.3,50.0,10,10,3.9,27.1,2.88,0,5,50.0,50.0,5,3,0.0,10,0,5,86.0,0,0,10,0.0,129.2,0.0,0,0,0,0,1,2,20.0,149,14.9,57.1,21,21,8.2,13.0,2.5,0,0,0.0,52.4,11,7,8.3,21,1,11,76.6,0,1,22,0.0,68.9,0.0,0,0,0,0,1,1,4.5,137,6.5,84.1,63,63,24.5,4.3,2.31,0,0,0.0,79.4,50,18,5.7,63,3,18,65.7,0,1,66,0.0,88.4,0.0,0,0,0,0,1,3,4.5,348,5.5,0,34.4,32,32,12.5,28.7,3.25,0,10,25.0,34.4,11,19,0.0,32,0,11,68.3,0,1,40,0.0,99.6,0.0,0,0,0,0,3,6,15.0,389,12.2,20,100.0,4,4,1.6,-3.3,2.43,0,0,0.0,100.0,4,2,0.0,4,0,1,64.9,0,0,5,0.0,80.2,0.0,0,0,0,0,0,0,0.0,13,3.3,18.2,11,11,4.3,27.5,3.43,0,1,6.7,18.2,2,9,0.0,11,0,2,36.9,0,1,15,0.0,11.6,0.0,0,0,0,0,0,3,20.0,59,5.4,63.2,19,19,7.4,13.9,3.02,0,1,5.0,63.2,12,8,0.0,19,0,10,72.8,0,0,20,0.0,126.0,0.0,0,0,0,0,2,1,5.0,165,8.7,95.0,20,20,7.8,4.2,1.96,0,0,0.0,95.0,19,2,0.0,20,0,5,71.6,0,0,20,0.0,96.5,0.0,0,0,0,0,0,0,0.0,143,7.2,57.7,52,52,20.2,13.5,2.92,0,1,1.9,51.9,27,18,10.0,52,3,25,76.5,0,2,54,0.0,77.4,0.0,0,0,0,0,3,3,5.6,360,6.9,0,100.0,8,8,3.1,-4.5,2.61,0,0,0.0,100.0,8,4,0.0,8,0,1,66.5,0,0,9,0.0,89.1,0.0,0,0,0,0,0,0,0.0,43,5.4,36.4,11,11,4.3,31.5,3.42,0,4,26.7,36.4,4,7,0.0,11,0,4,79.8,0,0,15,0.0,124.1,0.0,0,0,0,0,2,1,6.7,181,16.5,50.0,12,12,4.7,13.9,3.48,0,0,0.0,33.3,4,3,33.3,12,2,4,64.5,0,1,12,0.0,15.3,0.0,0,0,0,0,0,1,8.3,58,4.8,90.5,42,42,16.3,4.0,2.2,0,0,0.0,83.3,35,7,7.9,42,3,10,68.0,0,1,42,0.0,84.4,0.0,0,0,0,0,1,1,2.4,199,4.7,88.0,125,125,48.6,4.1,2.22,0,0,0.0,83.2,104,27,5.5,125,6,33,70.0,0,2,128,0.0,88.3,0.0,0,0,0,0,2,4,3.1,690,5.5
J.J. McCarthy,144918,QB,MIN,10,243,291,88.9,36,36,14.8,-3.2,2.11,0,0,0.0,86.1,31,6,3.1,36,1,9,64.4,0,0,39,0.0,89.8,0.0,0,0,0,0,0,0,0.0,200,5.6,78.6,14,14,5.8,-4.2,2.21,0,0,0.0,71.4,10,3,9.1,14,1,2,56.6,0,0,17,0.0,82.4,0.0,0,0,0,0,0,0,0.0,70,5.0,55.6,9,9,3.7,31.3,3.28,0,5,45.5,33.3,3,4,40.0,9,2,3,68.0,0,3,11,0.0,42.4,0.0,0,0,0,0,0,3,27.3,137,15.2,71.4,21,21,8.6,14.6,3.04,0,1,4.5,61.9,13,5,13.3,21,2,13,87.2,0,2,22,0.0,102.1,0.0,0,0,0,0,3,1,4.5,244,11.6,80.5,41,41,16.9,3.9,2.67,0,0,0.0,75.6,31,13,6.1,41,2,11,66.6,0,1,43,0.0,87.3,0.0,0,0,0,0,1,0,0.0,239,5.8,0,45.5,33,33,13.6,28.6,3.29,0,13,35.1,33.3,11,13,26.7,33,4,11,80.0,0,5,37,0.0,57.1,0.0,0,0,0,0,2,6,16.2,369,11.2,18,80.0,5,5,2.1,-2.0,1.34,0,0,0.0,80.0,4,0,0.0,5,0,1,64.7,0,0,5,,86.7,0.0,0,0,0,0,0,0,0.0,24,4.8,40.0,15,15,6.2,28.4,3.25,0,6,35.3,33.3,5,7,16.7,15,1,5,79.1,0,1,17,0.0,67.1,0.0,0,0,0,0,1,2,11.8,154,10.3,68.8,16,16,6.6,14.4,3.28,0,3,17.6,56.3,9,5,18.2,16,2,9,81.4,0,0,17,0.0,109.6,0.0,0,0,0,0,1,0,0.0,153,9.6,83.3,18,18,7.4,4.3,2.36,0,0,0.0,66.7,12,5,20.0,18,3,4,34.6,0,1,19,0.0,50.5,0.0,0,0,0,0,0,1,5.3,69,3.8,63.3,60,60,24.7,14.6,3.14,0,6,9.5,56.7,34,18,10.5,60,4,33,75.7,0,4,63,0.0,94.4,0.0,0,0,0,0,6,4,6.3,569,9.5,0,100.0,17,17,7.0,-2.7,2.25,0,0,0.0,100.0,17,3,0.0,17,0,6,68.5,0,0,17,0.0,92.6,0.0,0,0,0,0,0,0,0.0,106,6.2,44.4,9,9,3.7,26.2,3.37,0,2,22.2,33.3,3,2,25.0,9,1,3,74.8,0,1,9,0.0,63.4,0.0,0,0,0,0,1,1,11.1,78,8.7,52.2,23,23,9.5,14.6,3.13,0,2,8.3,52.2,12,8,0.0,23,0,11,49.4,0,2,24,0.0,69.5,0.0,0,0,0,0,2,3,12.5,172,7.5,72.7,33,33,13.6,5.1,2.82,0,0,0.0,63.6,21,9,12.5,33,3,12,54.6,0,1,35,0.0,86.2,0.0,0,0,0,0,2,2,5.7,186,5.6,78.3,92,92,37.9,4.4,2.66,0,0,0.0,69.6,64,27,11.1,92,8,27,52.8,0,3,97,0.0,79.7,0.0,0,0,0,0,3,3,3.1,494,5.4
Kirk Cousins,7102,QB,ATL,10,269,289,94.3,53,53,19.7,-3.6,2.3,0,0,0.0,88.7,47,10,6.0,53,3,13,66.6,0,2,54,0.0,90.7,0.0,0,0,0,0,2,1,1.9,346,6.5,93.5,31,31,11.5,-3.8,2.07,0,0,0.0,90.3,28,4,3.4,31,1,8,61.8,0,2,32,0.0,86.0,0.0,0,0,0,0,2,1,3.1,184,5.9,28.6,7,7,2.6,25.7,3.27,0,1,12.5,28.6,2,2,0.0,7,0,2,51.1,0,0,8,0.0,110.1,0.0,0,0,0,0,1,1,12.5,73,10.4,51.9,27,27,10.0,13.0,2.74,0,0,0.0,44.4,12,15,14.3,27,2,12,77.2,0,1,28,0.0,64.4,0.0,0,0,0,0,1,0,0.0,184,6.8,84.1,63,63,23.4,4.8,2.5,0,0,0.0,76.2,48,18,9.4,63,5,23,83.6,0,2,64,0.0,86.9,0.0,0,0,0,0,1,1,1.6,442,7.0,0,34.4,32,32,11.9,25.3,3.02,0,8,22.9,28.1,9,11,18.2,32,2,9,78.0,0,0,35,0.0,91.0,0.0,0,0,0,0,3,1,2.9,251,7.8,2,91.7,12,12,4.5,-3.3,2.83,0,0,0.0,83.3,10,3,9.1,12,1,2,67.8,0,0,12,0.0,85.1,0.0,0,0,0,0,0,0,0.0,53,4.4,33.3,9,9,3.3,24.8,2.86,0,3,33.3,11.1,1,4,66.7,9,2,1,81.4,0,0,9,0.0,39.6,0.0,0,0,0,0,0,0,0.0,22,2.4,53.3,15,15,5.6,14.8,2.66,0,1,5.6,53.3,8,5,0.0,15,0,8,59.3,0,0,18,0.0,85.7,0.0,0,0,0,0,0,0,0.0,141,9.4,84.0,25,25,9.3,3.4,2.43,0,0,0.0,76.0,19,3,9.5,25,2,6,64.8,0,0,26,0.0,91.4,0.0,0,0,0,0,0,0,0.0,156,6.2,51.9,54,54,20.1,13.8,2.72,0,1,1.7,48.1,26,23,7.1,54,2,26,73.3,0,1,58,0.0,78.2,0.0,0,0,0,0,2,0,0.0,407,7.5,0,100.0,10,10,3.7,-3.7,2.37,0,0,0.0,90.0,9,3,10.0,10,1,3,67.3,0,0,10,0.0,112.1,0.0,0,0,0,0,0,0,0.0,109,10.9,37.5,16,16,5.9,25.4,2.99,0,4,22.2,37.5,6,5,0.0,16,0,6,80.7,0,0,18,0.0,113.5,0.0,0,0,0,0,2,0,0.0,156,9.8,50.0,12,12,4.5,14.3,2.74,0,0,0.0,50.0,6,3,0.0,12,0,6,70.7,0,0,12,0.0,100.0,0.0,0,0,0,0,1,0,0.0,82,6.8,77.3,22,22,8.2,4.6,2.57,0,0,0.0,77.3,17,9,0.0,22,0,9,84.0,0,0,22,0.0,119.3,0.0,0,0,0,0,2,0,0.0,119,5.4,82.7,110,110,40.9,4.4,2.5,0,0,0.0,76.4,84,30,7.7,110,7,38,84.9,0,2,112,0.0,94.4,0.0,0,0,0,0,3,1,0.9,717,6.5
Joe Burrow,28022,QB,CIN,8,259,288,95.0,40,40,15.4,-3.2,2.32,0,0,0.0,90.0,36,5,5.3,40,2,7,66.0,0,0,42,0.0,95.1,0.0,0,0,0,0,1,0,0.0,193,4.8,100.0,19,19,7.3,-3.4,2.32,0,0,0.0,94.7,18,3,5.3,19,1,2,69.1,0,0,20,0.0,91.4,0.0,0,0,0,0,0,0,0.0,113,5.9,37.5,8,8,3.1,26.9,3.78,0,2,25.0,37.5,3,4,0.0,8,0,3,80.4,0,0,8,0.0,125.0,0.0,0,0,0,0,1,0,0.0,102,12.8,88.9,18,18,6.9,12.4,2.84,0,2,10.0,83.3,15,6,6.3,18,1,15,94.2,0,1,20,0.0,114.1,0.0,0,0,0,0,1,0,0.0,263,14.6,79.3,58,58,22.4,4.3,2.34,0,0,0.0,74.1,43,9,6.5,58,3,22,67.2,0,3,59,0.0,80.3,0.0,0,0,0,0,2,1,1.7,369,6.4,0,40.0,30,30,11.6,28.5,3.24,0,10,32.3,36.7,11,9,8.3,30,1,11,94.0,0,0,31,0.0,118.9,0.0,0,0,0,0,4,0,0.0,336,11.2,7,100.0,14,14,5.4,-3.0,2.46,0,0,0.0,92.9,13,2,7.1,14,1,4,64.7,0,0,15,0.0,113.4,0.0,0,0,0,0,1,0,0.0,77,5.5,37.5,8,8,3.1,30.0,3.01,0,3,33.3,37.5,3,1,0.0,8,0,3,91.3,0,0,9,0.0,85.4,0.0,0,0,0,0,0,0,0.0,106,13.3,76.5,17,17,6.6,13.1,2.92,0,3,16.7,70.6,12,8,7.7,17,1,9,93.7,0,0,18,0.0,139.2,0.0,0,0,0,0,3,0,0.0,158,9.3,67.7,31,31,12.0,4.4,2.64,0,0,0.0,67.7,21,7,0.0,31,0,11,81.3,0,0,33,0.0,88.6,0.0,0,0,0,0,1,0,0.0,144,4.6,71.9,57,57,22.0,13.0,2.83,0,8,12.7,64.9,37,20,9.8,57,4,33,95.9,0,1,63,0.0,123.6,0.0,0,0,0,0,6,0,0.0,543,9.5,0,71.4,7,7,2.7,-2.9,2.04,0,0,0.0,71.4,5,0,0.0,7,0,1,54.1,0,0,7,,74.1,0.0,0,0,0,0,0,0,0.0,3,0.4,42.9,14,14,5.4,28.6,3.06,0,5,35.7,35.7,5,4,16.7,14,1,5,91.6,0,0,14,0.0,109.5,0.0,0,0,0,0,3,0,0.0,128,9.1,54.5,22,22,8.5,13.3,2.75,0,3,12.0,45.5,10,6,16.7,22,2,9,86.7,0,0,25,0.0,93.4,0.0,0,0,0,0,2,0,0.0,122,5.5,92.6,27,27,10.4,4.2,2.17,0,0,0.0,92.6,25,3,0.0,27,0,16,65.1,0,1,27,0.0,122.8,0.0,0,0,0,0,3,1,3.7,224,8.3,79.3,116,116,44.8,4.3,2.38,0,0,0.0,76.7,89,19,3.3,116,3,49,74.6,0,4,119,0.0,95.4,0.0,0,0,0,0,6,2,1.7,737,6.4
Marcus Mariota,9435,QB,WAS,10,227,262,97.0,33,33,14.5,-3.8,1.87,0,0,0.0,93.9,31,1,3.1,33,1,7,68.7,0,1,34,0.0,85.0,0.0,0,0,0,0,1,0,0.0,165,5.0,100.0,18,18,7.9,-4.0,1.47,0,0,0.0,94.4,17,0,5.6,18,1,3,68.8,0,1,19,,82.9,0.0,0,0,0,0,1,0,0.0,90,5.0,36.4,11,11,4.8,29.9,3.23,0,5,38.5,36.4,4,4,0.0,11,0,4,89.3,0,1,13,0.0,76.9,0.0,0,0,0,0,1,1,7.7,149,13.5,88.6,35,35,15.4,13.5,2.82,0,1,2.5,74.3,26,8,16.1,35,5,23,91.9,0,1,40,0.0,123.2,0.0,0,0,0,0,2,1,2.5,441,12.6,76.7,43,43,18.9,5.5,2.24,0,0,0.0,74.4,32,5,3.0,43,1,14,58.6,0,1,46,0.0,96.3,0.0,0,0,0,0,2,2,4.3,272,6.3,0,35.1,37,37,16.3,28.5,3.4,0,14,33.3,32.4,12,15,7.7,37,1,12,91.8,0,1,42,0.0,84.0,0.0,0,0,0,0,2,1,2.4,427,11.5,32,90.9,11,11,4.8,-3.7,2.51,0,0,0.0,90.9,10,1,0.0,11,0,3,62.6,0,0,11,0.0,88.3,0.0,0,0,0,0,0,0,0.0,57,5.2,42.9,14,14,6.2,28.7,3.1,0,6,40.0,35.7,5,7,16.7,14,1,5,91.6,0,0,15,0.0,107.7,0.0,0,0,0,0,1,0,0.0,182,13.0,46.2,13,13,5.7,14.1,3.11,0,1,7.7,46.2,6,4,0.0,13,0,6,46.9,0,1,13,0.0,38.3,0.0,0,0,0,0,0,1,7.7,93,7.2,88.9,9,9,4.0,3.9,2.39,0,0,0.0,88.9,8,3,0.0,9,0,3,66.5,0,0,9,0.0,94.0,0.0,0,0,0,0,0,0,0.0,59,6.6,68.6,70,70,30.8,13.8,3.07,0,3,3.9,61.4,43,21,10.4,70,5,38,78.2,0,3,76,0.0,95.4,0.0,0,0,0,0,4,4,5.3,688,9.8,0,100.0,4,4,1.8,-3.0,1.9,0,0,0.0,100.0,4,0,0.0,4,0,1,64.3,0,0,4,,85.4,0.0,0,0,0,0,0,0,0.0,18,4.5,25.0,12,12,5.3,26.8,3.92,0,3,21.4,25.0,3,4,0.0,12,0,3,72.6,0,0,14,0.0,60.4,0.0,0,0,0,0,0,0,0.0,96,8.0,50.0,22,22,9.7,14.0,3.44,0,1,4.3,50.0,11,9,0.0,22,0,9,59.6,0,1,23,0.0,84.3,0.0,0,0,0,0,2,2,8.7,154,7.0,81.3,16,16,7.0,3.0,2.46,0,0,0.0,81.3,13,4,0.0,16,0,5,57.8,0,1,19,0.0,83.3,0.0,0,0,0,0,1,1,5.3,84,5.3,79.4,68,68,30.0,4.7,2.31,0,0,0.0,77.9,53,12,1.9,68,1,22,59.7,0,2,74,0.0,94.5,0.0,0,0,0,0,3,3,4.1,415,6.1
Justin Fields,82118,QB,NYJ,9,204,260,90.0,20,20,9.8,-4.0,1.99,0,0,0.0,90.0,18,5,0.0,20,0,4,66.2,0,0,23,0.0,110.0,0.0,0,0,0,0,1,0,0.0,128,6.4,90.0,10,10,4.9,-4.4,2.06,0,0,0.0,90.0,9,4,0.0,10,0,3,66.6,0,0,11,0.0,129.6,0.0,0,0,0,0,1,0,0.0,71,7.1,33.3,3,3,1.5,20.7,3.17,0,1,33.3,33.3,1,0,0.0,3,0,1,41.3,0,1,3,,25.0,0.0,0,0,0,0,0,1,33.3,25,8.3,71.4,14,14,6.9,13.6,2.78,0,0,0.0,64.3,9,5,10.0,14,1,8,85.9,0,0,14,0.0,103.6,0.0,0,0,0,0,0,0,0.0,161,11.5,88.9,63,63,30.9,4.5,2.69,0,0,0.0,84.1,53,17,5.4,63,3,21,70.0,0,0,64,0.0,95.8,0.0,0,0,0,0,0,1,1.6,441,7.0,0,35.3,17,17,8.3,26.4,3.18,0,4,22.2,29.4,5,7,16.7,17,1,5,60.7,0,1,18,0.0,73.9,0.0,0,0,0,0,2,2,11.1,131,7.7,22,100.0,3,3,1.5,-5.3,2.13,0,0,0.0,100.0,3,0,0.0,3,0,0,64.0,0,0,4,,79.2,0.0,0,0,0,0,0,0,0.0,4,1.3,27.3,11,11,5.4,27.1,3.23,0,1,9.1,18.2,2,6,33.3,11,1,2,55.0,0,0,11,0.0,46.0,0.0,0,0,0,0,0,1,9.1,50,4.5,70.0,10,10,4.9,14.4,3.25,0,0,0.0,60.0,6,5,14.3,10,1,5,72.9,0,0,11,0.0,126.3,0.0,0,0,0,0,1,1,9.1,98,9.8,68.0,25,25,12.3,4.5,2.44,0,0,0.0,68.0,17,6,0.0,25,0,8,75.5,0,0,26,0.0,79.6,0.0,0,0,0,0,0,0,0.0,125,5.0,69.0,29,29,14.2,14.2,2.98,0,1,3.1,58.6,17,14,15.0,29,3,14,79.6,0,0,32,0.0,115.2,0.0,0,0,0,0,2,1,3.1,287,9.9,0,85.7,7,7,3.4,-2.9,1.83,0,0,0.0,85.7,6,1,0.0,7,0,1,60.7,0,0,8,0.0,98.2,0.0,0,0,0,0,0,0,0.0,53,7.6,66.7,3,3,1.5,29.3,3.03,0,2,50.0,66.7,2,1,0.0,3,0,2,87.2,0,0,4,0.0,149.3,0.0,0,0,0,0,2,0,0.0,56,18.7,60.0,5,5,2.5,15.4,3.02,0,1,14.3,40.0,2,4,33.3,5,1,1,57.2,0,0,7,0.0,98.3,0.0,0,0,0,0,1,0,0.0,28,5.6,80.0,25,25,12.3,4.6,2.73,0,1,3.7,72.0,18,9,10.0,25,2,6,84.1,0,0,27,0.0,113.3,0.0,0,0,0,0,2,0,0.0,147,5.9,82.3,113,113,55.4,4.5,2.65,0,1,0.9,77.9,88,32,5.4,113,5,35,80.2,0,0,117,0.0,98.9,0.0,0,0,0,0,2,1,0.9,713,6.3
Shedeur Sanders,131396,QB,CLV,8,212,255,94.7,38,38,17.9,-4.6,2.44,0,0,0.0,94.7,36,15,0.0,38,0,9,69.3,0,0,40,0.0,107.5,0.0,0,0,0,0,1,0,0.0,292,7.7,94.4,18,18,8.5,-4.2,2.16,0,0,0.0,94.4,17,6,0.0,18,0,6,68.7,0,0,19,0.0,107.6,0.0,0,0,0,0,0,0,0.0,177,9.8,60.0,5,5,2.4,30.4,4.0,0,3,50.0,60.0,3,2,0.0,5,0,3,85.9,0,1,6,0.0,64.6,0.0,0,0,0,0,0,1,16.7,114,22.8,56.3,16,16,7.5,13.8,2.76,0,1,5.9,56.3,9,5,0.0,16,0,9,57.4,0,1,17,0.0,89.6,0.0,0,0,0,0,1,2,11.8,176,11.0,77.4,53,53,25.0,4.2,2.69,0,0,0.0,73.6,39,15,4.9,53,2,12,57.6,0,2,54,0.0,72.0,0.0,0,0,0,0,0,2,3.7,309,5.8,0,45.8,24,24,11.3,30.8,3.48,0,8,32.0,37.5,9,14,18.2,24,2,8,88.0,0,3,25,0.0,73.6,0.0,0,0,0,0,2,2,8.0,344,14.3,8,100.0,10,10,4.7,-3.5,2.91,0,0,0.0,100.0,10,5,0.0,10,0,1,62.1,0,0,10,0.0,84.2,0.0,0,0,0,0,0,0,0.0,42,4.2,50.0,6,6,2.8,29.7,3.6,0,2,33.3,33.3,2,3,33.3,6,1,2,85.2,0,0,6,0.0,121.5,0.0,0,0,0,0,1,0,0.0,76,12.7,50.0,12,12,5.7,14.1,3.73,0,0,0.0,50.0,6,7,0.0,12,0,6,42.4,0,1,12,0.0,63.9,0.0,0,0,0,0,1,2,16.7,78,6.5,72.7,11,11,5.2,5.3,2.35,0,1,8.3,63.6,7,4,12.5,11,1,2,49.0,0,0,12,0.0,99.8,0.0,0,0,0,0,1,1,8.3,38,3.5,51.4,35,35,16.5,13.8,3.19,0,1,2.8,51.4,18,16,0.0,35,0,18,42.4,0,3,36,0.0,64.8,0.0,0,0,0,0,2,6,16.7,307,8.8,0,90.0,10,10,4.7,-6.2,2.47,0,0,0.0,90.0,9,4,0.0,10,0,2,66.9,0,0,11,0.0,130.4,0.0,0,0,0,0,1,0,0.0,73,7.3,38.5,13,13,6.1,31.4,3.22,0,3,23.1,30.8,4,9,20.0,13,1,3,72.2,0,2,13,0.0,63.1,0.0,0,0,0,0,1,1,7.7,154,11.8,42.9,7,7,3.3,13.1,3.23,0,0,0.0,42.9,3,4,0.0,7,0,3,35.7,0,1,7,0.0,29.8,0.0,0,0,0,0,0,2,28.6,53,7.6,61.9,21,21,9.9,3.4,3.6,0,0,0.0,52.4,11,8,15.4,21,2,5,44.5,0,2,21,0.0,43.8,0.0,0,0,0,0,1,1,4.8,110,5.2,72.9,85,85,40.1,4.1,2.87,0,1,1.1,67.1,57,27,8.1,85,5,19,49.8,0,4,87,0.0,68.6,0.0,0,0,0,0,2,4,4.6,457,5.4
Jayden Daniels,97993,QB,WAS,7,188,244,87.5,32,32,17.0,-4.0,1.83,0,0,0.0,87.5,28,3,0.0,32,0,5,60.7,0,1,35,0.0,73.2,0.0,0,0,0,0,0,1,2.9,150,4.7,86.7,15,15,8.0,-3.9,1.63,0,0,0.0,86.7,13,1,0.0,15,0,3,55.5,0,1,17,0.0,60.3,0.0,0,0,0,0,0,1,5.9,77,5.1,66.7,3,3,1.6,30.0,3.33,0,1,33.3,66.7,2,0,0.0,3,0,2,90.1,0,0,3,,109.7,0.0,0,0,0,0,0,0,0.0,71,23.7,70.8,24,24,12.8,13.7,2.91,0,1,3.7,41.7,10,3,41.2,24,7,8,92.8,0,0,27,0.0,76.0,0.0,0,0,0,0,1,0,0.0,146,6.1,90.7,54,54,28.7,4.4,2.35,0,0,0.0,85.2,46,14,6.1,54,3,21,79.2,0,0,57,0.0,117.5,0.0,0,0,0,0,3,0,0.0,419,7.8,0,57.9,19,19,10.1,27.3,3.37,0,7,30.4,47.4,9,5,18.2,19,2,9,90.7,0,1,23,0.0,106.8,0.0,0,0,0,0,2,1,4.3,279,14.7,32,90.0,10,10,5.3,-3.9,1.71,0,0,0.0,90.0,9,1,0.0,10,0,1,67.3,0,0,11,0.0,84.2,0.0,0,0,0,0,0,0,0.0,42,4.2,44.4,9,9,4.8,26.1,2.76,0,2,18.2,44.4,4,3,0.0,9,0,4,61.7,0,1,11,0.0,86.3,0.0,0,0,0,0,2,1,9.1,102,11.3,66.7,6,6,3.2,13.3,3.03,0,0,0.0,66.7,4,3,0.0,6,0,4,60.5,0,0,8,0.0,103.5,0.0,0,0,0,0,0,0,0.0,66,11.0,58.3,12,12,6.4,5.3,1.94,0,0,0.0,41.7,5,4,28.6,12,2,3,56.2,0,0,13,0.0,51.0,0.0,0,0,0,0,0,0,0.0,41,3.4,70.0,40,40,21.3,14.1,3.05,0,3,6.7,52.5,21,12,25.0,40,7,19,91.5,0,1,45,0.0,87.7,0.0,0,0,0,0,2,1,2.2,342,8.6,0,85.7,7,7,3.7,-4.3,2.41,0,0,0.0,85.7,6,1,0.0,7,0,1,60.0,0,0,7,0.0,85.1,0.0,0,0,0,0,0,0,0.0,31,4.4,71.4,7,7,3.7,27.6,4.17,0,4,44.4,42.9,3,2,40.0,7,2,3,94.0,0,0,9,0.0,89.9,0.0,0,0,0,0,0,0,0.0,106,15.1,70.0,10,10,5.3,15.3,3.39,0,2,20.0,70.0,7,6,0.0,10,0,7,82.6,0,1,10,0.0,106.3,0.0,0,0,0,0,1,1,10.0,130,13.0,45.5,11,11,5.9,5.5,2.66,0,0,0.0,45.5,5,6,0.0,11,0,2,33.3,0,0,12,0.0,82.8,0.0,0,0,0,0,1,2,16.7,31,2.8,79.2,77,77,41.0,4.7,2.33,0,0,0.0,72.7,56,24,8.2,77,5,26,64.8,0,0,82,0.0,106.6,0.0,0,0,0,0,4,2,2.4,491,6.4
Dillon Gabriel,86272,QB,CLV,10,185,217,85.2,27,27,14.6,-3.5,2.22,0,0,0.0,85.2,23,6,0.0,27,0,5,64.7,0,0,27,0.0,80.2,0.0,0,0,0,0,0,0,0.0,88,3.3,87.5,16,16,8.6,-3.6,2.04,0,0,0.0,87.5,14,3,0.0,16,0,5,67.9,0,0,16,0.0,84.1,0.0,0,0,0,0,0,0,0.0,67,4.2,100.0,1,1,0.5,20.0,3.1,0,0,0.0,100.0,1,1,0.0,1,0,1,73.6,0,0,1,0.0,118.8,0.0,0,0,0,0,0,0,0.0,22,22.0,55.0,20,20,10.8,13.3,2.42,0,0,0.0,45.0,9,3,18.2,20,2,7,51.9,0,0,22,0.0,99.0,0.0,0,0,0,0,2,3,13.6,125,6.3,81.8,55,55,29.7,3.9,2.47,0,0,0.0,74.5,41,20,8.9,55,4,10,59.8,0,1,57,0.0,81.6,0.0,0,0,0,0,0,1,1.8,330,6.0,0,25.0,8,8,4.3,29.4,3.38,0,1,11.1,25.0,2,6,0.0,8,0,2,57.5,0,1,9,0.0,50.0,0.0,0,0,0,0,1,1,11.1,44,5.5,8,100.0,7,7,3.8,-3.3,2.4,0,0,0.0,100.0,7,3,0.0,7,0,0,66.0,0,0,7,0.0,79.8,0.0,0,0,0,0,0,0,0.0,22,3.1,16.7,6,6,3.2,32.0,3.63,0,0,0.0,16.7,1,4,0.0,6,0,1,40.9,0,1,6,0.0,42.4,0.0,0,0,0,0,1,1,16.7,22,3.7,56.3,16,16,8.6,14.5,3.59,0,1,5.9,43.8,7,6,22.2,16,2,6,62.1,0,0,17,0.0,90.9,0.0,0,0,0,0,1,1,5.9,121,7.6,64.0,25,25,13.5,3.2,2.37,0,0,0.0,64.0,16,7,0.0,25,0,7,55.5,0,0,27,0.0,84.8,0.0,0,0,0,0,1,2,7.4,96,3.8,54.5,44,44,23.8,13.9,2.87,0,2,4.2,43.2,19,11,20.8,44,5,16,57.4,0,0,48,0.0,97.3,0.0,0,0,0,0,4,5,10.4,305,6.9,0,50.0,4,4,2.2,-3.5,2.63,0,0,0.0,50.0,2,0,0.0,4,0,0,49.8,0,0,4,,56.3,0.0,0,0,0,0,0,0,0.0,-1,-0.3,0.0,1,1,0.5,23.0,2.1,0,1,50.0,0.0,0,1,,1,0,0,74.7,0,0,2,0.0,39.6,0.0,0,0,0,0,0,0,0.0,0,0.0,50.0,8,8,4.3,14.5,2.56,0,1,11.1,37.5,3,2,25.0,8,1,3,63.3,0,0,9,0.0,103.6,0.0,0,0,0,0,1,1,11.1,59,7.4,69.2,13,13,7.0,3.8,2.49,0,0,0.0,69.2,9,3,0.0,13,0,5,53.9,0,0,14,0.0,109.1,0.0,0,0,0,0,1,0,0.0,74,5.7,75.3,93,93,50.3,3.7,2.45,0,0,0.0,71.0,66,30,5.7,93,4,22,56.6,0,1,98,0.0,86.3,0.0,0,0,0,0,2,3,3.1,500,5.4
Carson Wentz,10636,QB,MIN,5,169,199,89.3,28,28,16.6,-3.6,1.94,0,0,0.0,85.7,24,7,4.0,28,1,4,63.0,0,0,29,0.0,85.7,0.0,0,0,0,0,0,0,0.0,128,4.6,94.7,19,19,11.2,-3.8,1.9,0,0,0.0,94.7,18,3,0.0,19,0,3,65.8,0,0,19,0.0,82.0,0.0,0,0,0,0,0,0,0.0,70,3.7,40.0,5,5,3.0,23.8,3.26,0,1,20.0,40.0,2,2,0.0,5,0,2,59.8,0,1,5,0.0,47.9,0.0,0,0,0,0,0,1,20.0,67,13.4,71.4,14,14,8.3,14.2,2.47,0,0,0.0,71.4,10,5,0.0,14,0,9,80.6,0,1,14,0.0,83.9,0.0,0,0,0,0,0,1,7.1,181,12.9,80.6,36,36,21.3,4.7,2.26,0,0,0.0,80.6,29,9,0.0,36,0,16,54.1,0,2,37,0.0,93.1,0.0,0,0,0,0,2,2,5.4,268,7.4,0,38.1,21,21,12.4,27.0,3.26,0,3,13.6,38.1,8,7,0.0,21,0,8,60.2,0,2,22,0.0,62.2,0.0,0,0,0,0,1,2,9.1,265,12.6,18,50.0,4,4,2.4,-3.3,1.73,0,0,0.0,50.0,2,1,0.0,4,0,0,49.8,0,0,4,0.0,56.3,0.0,0,0,0,0,0,0,0.0,8,2.0,40.0,5,5,3.0,23.6,3.34,0,1,20.0,40.0,2,2,0.0,5,0,2,67.9,0,0,5,0.0,74.6,0.0,0,0,0,0,0,0,0.0,47,9.4,61.5,13,13,7.7,13.7,2.45,0,0,0.0,46.2,6,3,25.0,13,2,5,66.9,0,0,16,0.0,73.2,0.0,0,0,0,0,0,1,6.3,102,7.8,66.7,15,15,8.9,4.3,2.07,0,0,0.0,60.0,9,3,10.0,15,1,4,51.2,0,0,16,0.0,68.2,0.0,0,0,0,0,0,0,0.0,58,3.9,62.5,40,40,23.7,13.9,2.66,0,0,0.0,57.5,23,13,8.0,40,2,20,72.0,0,1,44,0.0,96.8,0.0,0,0,0,0,2,2,4.5,389,9.7,0,100.0,5,5,3.0,-3.2,2.28,0,0,0.0,80.0,4,3,20.0,5,1,1,65.4,0,0,6,0.0,108.3,0.0,0,0,0,0,0,0,0.0,50,10.0,36.4,11,11,6.5,30.0,3.22,0,1,8.3,36.4,4,3,0.0,11,0,4,55.8,0,1,12,0.0,76.9,0.0,0,0,0,0,1,1,8.3,151,13.7,53.8,13,13,7.7,13.7,3.06,0,0,0.0,53.8,7,5,0.0,13,0,6,58.7,0,0,14,0.0,120.5,0.0,0,0,0,0,2,0,0.0,106,8.2,100.0,17,17,10.1,4.2,2.31,0,0,0.0,100.0,17,2,0.0,17,0,6,69.2,0,0,18,0.0,112.7,0.0,0,0,0,0,1,0,0.0,108,6.4,82.4,68,68,40.2,4.5,2.23,0,0,0.0,80.9,55,14,1.8,68,1,26,56.7,0,2,71,0.0,95.7,0.0,0,0,0,0,3,2,2.8,434,6.4
Kyler Murray,38334,QB,ARZ,5,161,195,100.0,39,39,24.2,-2.9,2.27,0,0,0.0,97.4,38,7,2.6,39,1,8,71.4,0,0,41,0.0,104.4,0.0,0,0,0,0,2,0,0.0,193,4.9,100.0,25,25,15.5,-2.7,2.12,0,0,0.0,96.0,24,2,4.0,25,1,7,69.5,0,0,26,0.0,117.3,0.0,0,0,0,0,2,0,0.0,144,5.8,50.0,4,4,2.5,24.0,2.35,0,2,50.0,50.0,2,0,0.0,4,0,2,79.2,0,0,4,,127.1,0.0,0,0,0,0,1,0,0.0,42,10.5,70.0,10,10,6.2,13.2,2.77,0,0,0.0,70.0,7,2,0.0,10,0,4,69.5,0,1,11,0.0,68.8,0.0,0,0,0,0,0,1,9.1,115,11.5,86.5,37,37,23.0,3.9,2.28,0,0,0.0,81.1,30,5,6.3,37,2,16,73.0,0,1,40,0.0,90.8,0.0,0,0,0,0,1,1,2.5,234,6.3,0,43.8,16,16,9.9,25.9,3.21,0,4,21.1,37.5,6,7,14.3,16,1,6,75.9,0,0,19,0.0,119.3,0.0,0,0,0,0,2,0,0.0,178,11.1,1,100.0,6,6,3.7,-3.7,2.4,0,0,0.0,100.0,6,2,0.0,6,0,0,66.2,0,0,7,0.0,81.3,0.0,0,0,0,0,0,0,0.0,21,3.5,75.0,4,4,2.5,24.5,3.93,0,1,16.7,50.0,2,3,33.3,4,1,2,92.0,0,0,6,0.0,133.3,0.0,0,0,0,0,1,0,0.0,48,12.0,33.3,12,12,7.5,14.6,2.7,0,0,0.0,25.0,3,5,25.0,12,1,3,56.0,0,1,13,0.0,10.1,0.0,0,0,0,0,0,1,7.7,51,4.3,81.3,16,16,9.9,3.3,2.01,0,0,0.0,81.3,13,2,0.0,16,0,7,70.6,0,0,16,0.0,88.0,0.0,0,0,0,0,0,0,0.0,82,5.1,55.6,27,27,16.8,14.1,2.72,0,0,0.0,48.1,13,8,13.3,27,2,10,68.9,0,2,30,0.0,44.5,0.0,0,0,0,0,0,2,6.7,215,8.0,0,100.0,8,8,5.0,-3.1,2.64,0,0,0.0,100.0,8,3,0.0,8,0,1,66.3,0,0,8,0.0,81.3,0.0,0,0,0,0,0,0,0.0,28,3.5,25.0,8,8,5.0,27.5,3.28,0,1,11.1,25.0,2,4,0.0,8,0,2,46.5,0,0,9,0.0,72.9,0.0,0,0,0,0,0,0,0.0,88,11.0,80.0,5,5,3.1,15.0,2.68,0,0,0.0,60.0,3,1,25.0,5,1,3,78.8,0,0,6,0.0,92.9,0.0,0,0,0,0,0,0,0.0,49,9.8,76.9,13,13,8.1,4.5,2.49,0,0,0.0,76.9,10,4,0.0,13,0,3,65.7,0,0,13,0.0,111.1,0.0,0,0,0,0,1,0,0.0,60,4.6,83.3,66,66,41.0,3.9,2.25,0,0,0.0,80.3,53,11,3.6,66,2,26,74.4,0,1,69,0.0,94.2,0.0,0,0,0,0,2,1,1.4,376,5.7
Brady Cook,124199,QB,NYJ,5,153,179,89.7,29,29,19.0,-4.2,1.75,0,0,0.0,75.9,22,4,15.4,29,4,5,60.7,0,0,31,0.0,80.4,0.0,0,0,0,0,0,0,0.0,105,3.6,80.0,10,10,6.5,-4.0,1.38,0,0,0.0,70.0,7,1,12.5,10,1,2,57.9,0,0,11,0.0,72.9,0.0,0,0,0,0,0,0,0.0,30,3.0,0.0,1,1,0.7,51.0,4.5,0,0,0.0,0.0,0,1,,1,0,0,59.5,0,0,1,0.0,39.6,0.0,0,0,0,0,0,0,0.0,0,0.0,50.0,8,8,5.2,12.8,2.63,0,0,0.0,50.0,4,2,0.0,8,0,4,47.7,0,1,8,0.0,68.8,0.0,0,0,0,0,1,2,25.0,48,6.0,78.8,33,33,21.6,4.6,2.56,0,0,0.0,66.7,22,5,15.4,33,4,7,70.1,0,0,33,0.0,78.6,0.0,0,0,0,0,0,0,0.0,166,5.0,0,22.2,9,9,5.9,26.9,2.66,0,1,10.0,22.2,2,4,0.0,9,0,2,37.2,0,2,10,0.0,8.3,0.0,0,0,0,0,0,2,20.0,45,5.0,22,100.0,7,7,4.6,-4.3,1.49,0,0,0.0,71.4,5,0,28.6,7,2,1,65.4,0,0,7,,86.6,0.0,0,0,0,0,0,0,0.0,42,6.0,0.0,3,3,2.0,23.0,2.33,0,0,0.0,0.0,0,0,,3,0,0,19.4,0,2,4,,0.0,0.0,0,0,0,0,0,2,50.0,0,0.0,50.0,6,6,3.9,14.7,2.93,0,0,0.0,50.0,3,0,0.0,6,0,3,51.6,0,1,6,,45.8,0.0,0,0,0,0,0,1,16.7,60,10.0,64.0,25,25,16.3,4.7,2.18,0,0,0.0,60.0,15,4,6.3,25,1,5,44.4,0,1,26,0.0,53.6,0.0,0,0,0,0,0,2,7.7,109,4.4,42.9,28,28,18.3,13.8,2.92,0,0,0.0,39.3,11,3,8.3,28,1,10,36.7,0,4,28,0.0,33.2,0.0,0,0,0,0,1,6,21.4,175,6.3,0,91.7,12,12,7.8,-4.3,2.22,0,0,0.0,83.3,10,3,9.1,12,1,2,59.4,0,0,13,0.0,79.2,0.0,0,0,0,0,0,0,0.0,33,2.8,40.0,5,5,3.3,24.4,2.48,0,1,20.0,40.0,2,3,0.0,5,0,2,85.4,0,0,5,0.0,72.9,0.0,0,0,0,0,0,0,0.0,45,9.0,35.7,14,14,9.2,13.9,3.09,0,0,0.0,28.6,4,1,20.0,14,1,3,35.6,0,2,14,0.0,7.4,0.0,0,0,0,0,0,3,21.4,67,4.8,88.9,18,18,11.8,3.3,2.33,0,0,0.0,88.9,16,1,0.0,18,0,6,63.3,0,0,18,0.0,117.4,0.0,0,0,0,0,1,0,0.0,139,7.7,76.3,76,76,49.7,4.3,2.38,0,0,0.0,69.7,53,10,8.6,76,5,18,58.7,0,1,77,0.0,81.8,0.0,0,0,0,0,1,2,2.6,414,5.4
Davis Mills,52269,QB,HST,6,159,174,100.0,11,11,6.9,-3.4,1.83,0,0,0.0,81.8,9,2,18.2,11,2,1,67.1,0,0,13,0.0,79.2,0.0,0,0,0,0,0,0,0.0,33,3.0,100.0,8,8,5.0,-3.6,1.61,0,0,0.0,75.0,6,2,25.0,8,2,1,65.7,0,0,9,0.0,85.4,0.0,0,0,0,0,0,0,0.0,40,5.0,20.0,5,5,3.1,26.0,2.74,0,1,20.0,20.0,1,1,0.0,5,0,1,49.2,0,0,5,0.0,45.4,0.0,0,0,0,0,0,1,20.0,22,4.4,71.4,14,14,8.8,13.9,2.3,0,1,7.1,64.3,9,3,10.0,14,1,9,83.2,0,0,14,0.0,132.4,0.0,0,0,0,0,2,0,0.0,125,8.9,71.8,39,39,24.5,4.7,2.18,0,0,0.0,59.0,23,8,17.9,39,5,9,64.3,0,1,39,0.0,70.0,0.0,0,0,0,0,1,2,5.1,196,5.0,0,36.8,19,19,11.9,26.0,3.16,0,4,20.0,36.8,7,7,0.0,19,0,7,54.2,0,0,20,0.0,76.2,0.0,0,0,0,0,0,3,15.0,198,10.4,13,100.0,2,2,1.3,-3.5,1.95,0,0,0.0,100.0,2,0,0.0,2,0,0,63.4,0,0,3,,79.2,0.0,0,0,0,0,0,0,0.0,-6,-3.0,0.0,2,2,1.3,35.0,3.35,0,0,0.0,0.0,0,2,,2,0,0,31.7,0,0,2,0.0,39.6,0.0,0,0,0,0,0,1,50.0,0,0.0,44.4,9,9,5.7,14.9,2.46,0,0,0.0,44.4,4,2,0.0,9,0,4,56.4,0,0,10,0.0,67.8,0.0,0,0,0,0,0,1,10.0,62,6.9,87.0,23,23,14.5,4.4,2.07,0,0,0.0,82.6,19,4,5.0,23,1,5,74.7,0,0,23,0.0,88.4,0.0,0,0,0,0,0,0,0.0,120,5.2,62.2,37,37,23.3,14.1,2.53,0,3,7.7,56.8,21,10,8.7,37,2,21,82.2,0,0,39,0.0,118.2,0.0,0,0,0,0,4,1,2.6,291,7.9,0,100.0,1,1,0.6,-1.0,3.3,0,0,0.0,100.0,1,0,0.0,1,0,0,60.1,0,0,1,,79.2,0.0,0,0,0,0,0,0,0.0,-1,-1.0,50.0,12,12,7.5,24.5,3.3,0,3,23.1,50.0,6,4,0.0,12,0,6,68.4,0,0,13,0.0,95.8,0.0,0,0,0,0,0,1,7.7,176,14.7,64.3,14,14,8.8,13.9,2.8,0,2,13.3,57.1,8,5,11.1,14,1,8,84.2,0,0,15,0.0,120.2,0.0,0,0,0,0,2,0,0.0,104,7.4,63.2,19,19,11.9,4.3,2.28,0,0,0.0,63.2,12,3,0.0,19,0,5,58.8,0,0,21,0.0,71.6,0.0,0,0,0,0,0,1,4.8,77,4.1,74.1,81,81,50.9,4.5,2.17,0,0,0.0,66.7,54,15,10.0,81,6,19,67.8,0,1,83,0.0,76.8,0.0,0,0,0,0,1,3,3.6,393,4.9
Tyrod Taylor,6332,QB,NYJ,6,134,170,100.0,10,10,7.5,-4.5,1.89,0,0,0.0,90.0,9,1,10.0,10,1,1,67.3,0,0,11,0.0,79.2,0.0,0,0,0,0,0,0,0.0,29,2.9,100.0,5,5,3.7,-5.0,1.9,0,0,0.0,80.0,4,1,20.0,5,1,0,65.2,0,0,6,0.0,79.2,0.0,0,0,0,0,0,0,0.0,-10,-2.0,20.0,5,5,3.7,36.6,3.4,0,0,0.0,20.0,1,2,0.0,5,0,1,32.8,0,1,5,0.0,70.4,0.0,0,0,0,0,1,3,60.0,52,10.4,83.3,6,6,4.5,12.8,2.83,0,0,0.0,66.7,4,2,20.0,6,1,3,83.0,0,0,6,0.0,126.4,0.0,0,0,0,0,1,0,0.0,42,7.0,92.9,28,28,20.9,4.3,2.45,0,0,0.0,82.1,23,10,11.5,28,3,13,62.8,0,1,29,0.0,96.3,0.0,0,0,0,0,1,1,3.4,219,7.8,0,23.5,17,17,12.7,32.2,3.32,0,1,5.6,11.8,2,5,50.0,17,2,2,42.6,0,3,18,0.0,28.4,0.0,0,0,0,0,1,4,22.2,87,5.1,22,100.0,1,1,0.7,-4.0,1.1,0,0,0.0,100.0,1,0,0.0,1,0,0,60.1,0,0,1,,83.3,0.0,0,0,0,0,0,0,0.0,4,4.0,50.0,4,4,3.0,30.0,3.08,0,0,0.0,25.0,1,1,50.0,4,1,1,69.3,0,0,4,0.0,63.5,0.0,0,0,0,0,0,0,0.0,35,8.8,57.1,7,7,5.2,12.7,3.07,0,0,0.0,57.1,4,3,0.0,7,0,3,38.1,0,1,8,0.0,46.4,0.0,0,0,0,0,0,2,25.0,61,8.7,84.2,19,19,14.2,5.0,3.49,0,0,0.0,78.9,15,7,6.3,19,1,8,69.9,0,0,20,0.0,133.8,0.0,0,0,0,0,2,0,0.0,146,7.7,66.7,21,21,15.7,13.2,3.21,0,1,4.5,61.9,13,9,7.1,21,1,10,71.7,0,1,22,0.0,85.2,0.0,0,0,0,0,1,2,9.1,179,8.5,0,100.0,4,4,3.0,-4.0,2.08,0,0,0.0,100.0,4,0,0.0,4,0,1,64.3,0,0,4,,103.1,0.0,0,0,0,0,0,0,0.0,35,8.8,12.5,8,8,6.0,30.5,3.4,0,1,11.1,0.0,0,2,100.0,8,1,0,45.6,0,2,9,0.0,0.0,0.0,0,0,0,0,0,1,11.1,0,0.0,62.5,8,8,6.0,14.0,3.63,0,1,12.5,62.5,5,4,0.0,8,0,4,85.7,0,0,8,0.0,93.8,0.0,0,0,0,0,0,0,0.0,76,9.5,80.0,25,25,18.7,4.9,2.4,0,0,0.0,72.0,18,5,10.0,25,2,7,62.8,0,0,26,0.0,81.9,0.0,0,0,0,0,0,0,0.0,119,4.8,86.1,72,72,53.7,4.7,2.7,0,0,0.0,77.8,56,22,9.7,72,6,28,66.6,0,1,75,0.0,102.8,0.0,0,0,0,0,3,1,1.3,484,6.7
Russell Wilson,7077,QB,NYG,6,119,141,94.4,18,18,15.1,-3.1,2.01,0,0,0.0,88.9,16,3,5.9,18,1,5,64.9,0,0,18,0.0,90.5,0.0,0,0,0,0,0,0,0.0,103,5.7,100.0,13,13,10.9,-3.2,1.98,0,0,0.0,100.0,13,2,0.0,13,0,4,67.3,0,0,13,0.0,94.2,0.0,0,0,0,0,0,0,0.0,86,6.6,66.7,6,6,5.0,33.8,2.77,0,4,57.1,66.7,4,2,0.0,6,0,4,90.8,0,1,7,0.0,109.7,0.0,0,0,0,0,1,2,28.6,133,22.2,80.0,5,5,4.2,12.4,2.46,0,0,0.0,80.0,4,1,0.0,5,0,3,75.3,0,0,6,0.0,110.0,0.0,0,0,0,0,0,0,0.0,52,10.4,81.0,21,21,17.6,3.8,2.6,0,0,0.0,76.2,16,7,5.9,21,1,3,64.0,0,0,23,0.0,90.2,0.0,0,0,0,0,0,0,0.0,124,5.9,0,47.1,17,17,14.3,34.5,2.83,0,8,33.3,47.1,8,4,0.0,17,0,8,78.0,0,3,24,0.0,93.4,0.0,0,0,0,0,3,4,16.7,290,17.1,21,100.0,4,4,3.4,-2.3,1.98,0,0,0.0,75.0,3,0,25.0,4,1,1,63.8,0,0,4,,82.3,0.0,0,0,0,0,0,0,0.0,17,4.3,50.0,4,4,3.4,32.0,2.53,0,1,12.5,50.0,2,2,0.0,4,0,2,45.6,0,1,8,0.0,95.8,0.0,0,0,0,0,1,1,12.5,57,14.3,66.7,9,9,7.6,14.8,2.38,0,0,0.0,55.6,5,2,16.7,9,1,5,61.6,0,0,9,0.0,87.3,0.0,0,0,0,0,0,0,0.0,84,9.3,92.9,14,14,11.8,3.7,2.22,0,0,0.0,85.7,12,2,7.7,14,1,3,72.6,0,0,15,0.0,92.9,0.0,0,0,0,0,0,0,0.0,88,6.3,66.7,18,18,15.1,14.1,2.54,0,0,0.0,61.1,11,4,8.3,18,1,10,73.1,0,0,19,0.0,94.0,0.0,0,0,0,0,0,0,0.0,177,9.8,0,0.0,1,1,0.8,-5.0,2.4,0,0,0.0,0.0,0,1,,1,0,0,59.8,0,0,1,0.0,39.6,0.0,0,0,0,0,0,0,0.0,0,0.0,28.6,7,7,5.9,36.6,3.06,0,3,33.3,28.6,2,0,0.0,7,0,2,80.9,0,1,9,,79.2,0.0,0,0,0,0,1,1,11.1,100,14.3,50.0,4,4,3.4,14.5,3.03,0,0,0.0,50.0,2,1,0.0,4,0,2,73.1,0,0,4,0.0,86.5,0.0,0,0,0,0,0,0,0.0,41,10.3,70.0,10,10,8.4,3.5,2.0,0,0,0.0,60.0,6,2,14.3,10,1,3,60.1,0,0,10,0.0,72.5,0.0,0,0,0,0,0,0,0.0,49,4.9,82.2,45,45,37.8,3.7,2.35,0,0,0.0,75.6,34,11,8.1,45,3,9,67.5,0,0,48,0.0,89.2,0.0,0,0,0,0,0,0,0.0,261,5.8
Jake Browning,46401,QB,CIN,5,125,138,96.0,25,25,20.0,-2.7,2.11,0,0,0.0,96.0,24,4,0.0,25,0,5,64.7,0,0,26,0.0,95.3,0.0,0,0,0,0,1,0,0.0,92,3.7,100.0,11,11,8.8,-3.0,1.67,0,0,0.0,100.0,11,1,0.0,11,0,1,67.1,0,0,11,0.0,80.3,0.0,0,0,0,0,0,0,0.0,36,3.3,0.0,1,1,0.8,38.0,2.7,0,0,0.0,0.0,0,0,,1,0,0,51.7,0,0,1,,39.6,0.0,0,0,0,0,0,0,0.0,0,0.0,66.7,9,9,7.2,13.6,3.03,0,0,0.0,66.7,6,2,0.0,9,0,6,49.6,0,3,9,0.0,63.0,0.0,0,0,0,0,0,3,33.3,97,10.8,84.4,32,32,25.6,4.4,2.23,0,0,0.0,81.3,26,11,3.7,32,1,6,71.4,0,0,33,0.0,93.6,0.0,0,0,0,0,0,0,0.0,207,6.5,0,35.3,17,17,13.6,28.5,3.12,0,5,23.8,35.3,6,5,0.0,17,0,6,65.2,0,2,21,0.0,81.5,0.0,0,0,0,0,3,3,14.3,204,12.0,7,100.0,6,6,4.8,-1.5,2.47,0,0,0.0,100.0,6,0,0.0,6,0,3,65.5,0,0,6,,126.4,0.0,0,0,0,0,1,0,0.0,29,4.8,28.6,7,7,5.6,29.0,3.1,0,2,25.0,28.6,2,2,0.0,7,0,2,58.8,0,0,8,0.0,118.8,0.0,0,0,0,0,1,1,12.5,89,12.7,60.0,5,5,4.0,15.6,2.52,0,0,0.0,60.0,3,2,0.0,5,0,3,48.1,0,1,5,0.0,54.2,0.0,0,0,0,0,0,1,20.0,50,10.0,66.7,9,9,7.2,4.3,2.06,0,0,0.0,66.7,6,2,0.0,9,0,3,47.9,0,0,11,0.0,109.5,0.0,0,0,0,0,1,0,0.0,32,3.6,50.0,20,20,16.0,14.3,2.86,0,0,0.0,50.0,10,7,0.0,20,0,10,38.1,0,6,21,0.0,54.2,0.0,0,0,0,0,1,5,23.8,160,8.0,0,87.5,8,8,6.4,-3.3,2.45,0,0,0.0,87.5,7,3,0.0,8,0,1,56.3,0,0,9,0.0,80.7,0.0,0,0,0,0,0,0,0.0,27,3.4,44.4,9,9,7.2,27.1,3.19,0,3,25.0,44.4,4,3,0.0,9,0,4,71.5,0,2,12,0.0,91.2,0.0,0,0,0,0,2,2,16.7,115,12.8,16.7,6,6,4.8,14.2,2.87,0,0,0.0,16.7,1,3,0.0,6,0,1,36.6,0,2,7,0.0,39.6,0.0,0,0,0,0,1,1,14.3,13,2.2,64.3,14,14,11.2,3.6,2.94,0,0,0.0,64.3,9,8,0.0,14,0,3,62.4,0,0,14,0.0,78.3,0.0,0,0,0,0,0,0,0.0,76,5.4,76.4,55,55,44.0,4.2,2.38,0,0,0.0,74.5,41,21,2.4,55,1,12,64.0,0,0,58,0.0,94.1,0.0,0,0,0,0,1,0,0.0,315,5.7
Quinn Ewers,127253,QB,MIA,4,83,98,100.0,17,17,20.5,-3.7,2.12,0,0,0.0,94.1,16,4,5.9,17,1,5,68.5,0,0,19,0.0,90.2,0.0,0,0,0,0,0,0,0.0,96,5.6,100.0,10,10,12.0,-2.8,1.68,0,0,0.0,90.0,9,1,10.0,10,1,2,66.9,0,0,12,0.0,82.1,0.0,0,0,0,0,0,0,0.0,37,3.7,25.0,4,4,4.8,28.3,3.25,0,1,25.0,25.0,1,2,0.0,4,0,1,61.1,0,1,4,0.0,10.4,0.0,0,0,0,0,0,1,25.0,22,5.5,53.8,13,13,15.7,14.3,2.53,0,1,7.7,53.8,7,4,0.0,13,0,7,49.9,0,1,13,0.0,77.4,0.0,0,0,0,0,1,2,15.4,115,8.8,86.7,15,15,18.1,4.1,2.07,0,0,0.0,86.7,13,3,0.0,15,0,4,65.8,0,0,15,0.0,95.8,0.0,0,0,0,0,0,0,0.0,105,7.0,0,30.0,10,10,12.0,28.0,2.91,0,1,9.1,30.0,3,5,0.0,10,0,3,46.9,0,2,11,0.0,72.9,0.0,0,0,0,0,1,2,18.2,125,12.5,17,100.0,4,4,4.8,-5.0,2.68,0,0,0.0,100.0,4,1,0.0,4,0,2,64.1,0,0,4,0.0,113.5,0.0,0,0,0,0,0,0,0.0,45,11.3,100.0,2,2,2.4,29.0,2.0,0,0,0.0,100.0,2,1,0.0,2,0,2,73.2,0,0,2,0.0,158.3,0.0,0,0,0,0,1,0,0.0,103,51.5,33.3,3,3,3.6,16.7,2.9,0,0,0.0,33.3,1,1,0.0,3,0,1,48.6,0,0,3,0.0,52.1,0.0,0,0,0,0,0,0,0.0,16,5.3,100.0,8,8,9.6,4.1,2.93,0,0,0.0,100.0,8,1,0.0,8,0,4,67.2,0,0,8,0.0,144.8,0.0,0,0,0,0,1,0,0.0,74,9.3,41.7,24,24,28.9,15.1,2.8,0,1,4.2,41.7,10,7,0.0,24,0,10,35.6,0,1,24,0.0,62.5,0.0,0,0,0,0,1,3,12.5,168,7.0,0,100.0,3,3,3.6,-5.0,2.83,0,0,0.0,100.0,3,2,0.0,3,0,1,63.3,0,0,3,0.0,86.1,0.0,0,0,0,0,0,0,0.0,14,4.7,0.0,4,4,4.8,27.3,3.03,0,0,0.0,0.0,0,2,,4,0,0,29.7,0,1,5,0.0,0.0,0.0,0,0,0,0,0,1,20.0,0,0.0,25.0,8,8,9.6,15.9,3.19,0,0,0.0,25.0,2,2,0.0,8,0,2,29.8,0,0,8,0.0,46.4,0.0,0,0,0,0,0,1,12.5,37,4.6,83.3,6,6,7.2,4.7,2.55,0,0,0.0,83.3,5,1,0.0,6,0,3,56.0,0,0,6,0.0,104.2,0.0,0,0,0,0,0,0,0.0,54,9.0,89.7,29,29,34.9,4.2,2.4,0,0,0.0,89.7,26,5,0.0,29,0,11,65.3,0,0,29,0.0,111.6,0.0,0,0,0,0,1,0,0.0,233,8.0
Philip Rivers,1725,QB,IND,3,92,97,88.2,17,17,18.5,-2.9,1.88,0,0,0.0,88.2,15,4,0.0,17,0,6,64.6,0,0,18,0.0,81.6,0.0,0,0,0,0,0,0,0.0,61,3.6,84.6,13,13,14.1,-3.3,1.82,0,0,0.0,84.6,11,3,0.0,13,0,5,62.8,0,0,13,0.0,82.4,0.0,0,0,0,0,0,0,0.0,49,3.8,50.0,4,4,4.3,26.5,2.68,0,2,40.0,50.0,2,0,0.0,4,0,2,72.0,0,1,5,,81.3,0.0,0,0,0,0,2,1,20.0,36,9.0,63.6,11,11,12.0,14.0,2.43,0,0,0.0,63.6,7,4,0.0,11,0,7,66.4,0,0,11,0.0,122.9,0.0,0,0,0,0,1,1,9.1,99,9.0,86.4,22,22,23.9,3.3,2.23,0,0,0.0,81.8,18,3,5.3,22,1,5,51.2,0,1,23,0.0,92.8,0.0,0,0,0,0,1,1,4.3,158,7.2,0,22.2,9,9,9.8,28.1,2.64,0,2,18.2,22.2,2,1,0.0,9,0,2,55.4,0,1,11,0.0,43.8,0.0,0,0,0,0,2,1,9.1,36,4.0,14,100.0,2,2,2.2,-2.0,2.1,0,0,0.0,100.0,2,0,0.0,2,0,0,62.0,0,0,2,,79.2,0.0,0,0,0,0,0,0,0.0,5,2.5,0.0,2,2,2.2,29.0,2.8,0,0,0.0,0.0,0,1,,2,0,0,43.6,0,0,3,0.0,39.6,0.0,0,0,0,0,0,0,0.0,0,0.0,40.0,10,10,10.9,14.8,2.44,0,1,10.0,40.0,4,2,0.0,10,0,4,50.2,0,0,10,0.0,65.0,0.0,0,0,0,0,0,1,10.0,71,7.1,66.7,9,9,9.8,5.1,2.4,0,0,0.0,66.7,6,2,0.0,9,0,3,55.3,0,1,10,0.0,39.4,0.0,0,0,0,0,0,0,0.0,46,5.1,51.9,27,27,29.3,14.5,2.39,0,1,3.7,51.9,14,8,0.0,27,0,14,59.5,0,0,27,0.0,93.0,0.0,0,0,0,0,1,2,7.4,229,8.5,0,100.0,2,2,2.2,-1.5,2.05,0,0,0.0,100.0,2,1,0.0,2,0,1,63.1,0,0,3,0.0,81.3,0.0,0,0,0,0,0,0,0.0,7,3.5,0.0,3,3,3.3,29.7,2.5,0,0,0.0,0.0,0,0,,3,0,0,50.9,0,0,3,,39.6,0.0,0,0,0,0,0,0,0.0,0,0.0,50.0,6,6,6.5,14.8,2.22,0,0,0.0,50.0,3,2,0.0,6,0,3,62.7,0,0,6,0.0,84.7,0.0,0,0,0,0,0,0,0.0,59,9.8,100.0,3,3,3.3,2.0,2.23,0,0,0.0,100.0,3,0,0.0,3,0,0,63.3,0,0,3,,86.1,0.0,0,0,0,0,0,0,0.0,14,4.7,82.4,34,34,37.0,3.6,2.28,0,0,0.0,79.4,27,5,3.6,34,1,8,52.4,0,2,36,0.0,78.7,0.0,0,0,0,0,1,1,2.8,218,6.4
Max Brosmer,105568,QB,MIN,6,71,87,95.7,23,23,32.4,-4.5,2.27,0,0,0.0,91.3,21,7,4.5,23,1,8,29.9,0,1,24,0.0,68.1,0.0,0,0,0,0,0,1,4.2,108,4.7,100.0,12,12,16.9,-4.3,2.14,0,0,0.0,100.0,12,3,0.0,12,0,4,67.5,0,0,13,0.0,86.8,0.0,0,0,0,0,0,0,0.0,58,4.8,100.0,1,1,1.4,23.0,2.1,0,1,100.0,100.0,1,0,0.0,1,0,1,85.8,0,0,1,,118.8,0.0,0,0,0,0,0,0,0.0,29,29.0,16.7,6,6,8.5,12.8,2.38,0,0,0.0,0.0,0,1,100.0,6,1,0,28.2,0,2,6,0.0,0.0,0.0,0,0,0,0,0,1,16.7,0,0.0,75.0,16,16,22.5,4.4,2.33,0,0,0.0,68.8,11,4,8.3,16,1,2,62.4,0,0,17,0.0,77.1,0.0,0,0,0,0,0,0,0.0,68,4.3,0,50.0,4,4,5.6,21.8,2.7,0,2,40.0,50.0,2,0,0.0,4,0,2,57.0,0,1,5,,56.3,0.0,0,0,0,0,0,1,20.0,50,12.5,18,100.0,5,5,7.0,-4.0,2.12,0,0,0.0,80.0,4,1,20.0,5,1,2,64.3,0,0,5,0.0,87.5,0.0,0,0,0,0,0,0,0.0,25,5.0,33.3,3,3,4.2,21.3,2.9,0,1,33.3,33.3,1,0,0.0,3,0,1,42.3,0,1,3,,19.4,0.0,0,0,0,0,0,1,33.3,21,7.0,50.0,2,2,2.8,11.5,2.55,0,0,0.0,50.0,1,1,0.0,2,0,1,59.4,0,0,2,0.0,64.6,0.0,0,0,0,0,0,0,0.0,10,5.0,100.0,5,5,7.0,6.0,2.38,0,0,0.0,100.0,5,1,0.0,5,0,3,69.9,0,0,5,0.0,96.7,0.0,0,0,0,0,0,0,0.0,36,7.2,25.0,12,12,16.9,14.0,2.63,0,0,0.0,16.7,2,3,33.3,12,1,2,26.9,0,2,12,0.0,0.0,0.0,0,0,0,0,0,2,16.7,26,2.2,0,83.3,6,6,8.5,-5.2,2.67,0,0,0.0,83.3,5,3,0.0,6,0,2,16.9,0,1,6,0.0,44.4,0.0,0,0,0,0,0,1,16.7,25,4.2,,0,0,0.0,,,0,0,0.0,,0,0,,0,0,0,51.9,0,0,1,,0.0,,0,0,0,0,0,0,0.0,0,,25.0,4,4,5.6,17.0,3.03,0,0,0.0,25.0,1,1,0.0,4,0,1,29.3,0,0,4,0.0,43.8,0.0,0,0,0,0,0,1,25.0,16,4.0,85.7,7,7,9.9,4.9,2.66,0,0,0.0,85.7,6,1,0.0,7,0,1,65.2,0,0,7,0.0,90.5,0.0,0,0,0,0,0,0,0.0,40,5.7,82.1,28,28,39.4,4.8,2.42,0,0,0.0,78.6,22,6,4.3,28,1,6,67.6,0,0,29,0.0,88.1,0.0,0,0,0,0,0,0,0.0,144,5.1
Tyler Huntley,46448,QB,BLT,4,67,82,100.0,9,9,13.4,-3.3,2.19,0,0,0.0,100.0,9,1,0.0,9,0,0,66.5,0,0,9,0.0,79.2,0.0,0,0,0,0,0,0,0.0,25,2.8,100.0,2,2,3.0,-2.5,1.55,0,0,0.0,100.0,2,0,0.0,2,0,0,61.9,0,0,2,,79.2,0.0,0,0,0,0,0,0,0.0,3,1.5,0.0,1,1,1.5,37.0,3.2,0,0,0.0,0.0,0,0,,1,0,0,52.1,0,0,1,,39.6,0.0,0,0,0,0,0,0,0.0,0,0.0,100.0,3,3,4.5,14.3,2.87,0,0,0.0,100.0,3,2,0.0,3,0,1,90.1,0,0,3,0.0,118.8,0.0,0,0,0,0,0,0,0.0,43,14.3,78.9,19,19,28.4,3.9,2.42,0,0,0.0,78.9,15,8,0.0,19,0,5,68.2,0,0,21,0.0,88.4,0.0,0,0,0,0,0,0,0.0,99,5.2,0,25.0,4,4,6.0,28.8,2.98,0,1,25.0,25.0,1,3,0.0,4,0,1,59.6,0,0,4,0.0,64.6,0.0,0,0,0,0,0,0,0.0,36,9.0,3,100.0,3,3,4.5,-2.7,2.13,0,0,0.0,100.0,3,0,0.0,3,0,0,63.4,0,0,3,,90.3,0.0,0,0,0,0,0,0,0.0,17,5.7,0.0,1,1,1.5,28.0,2.7,0,0,0.0,0.0,0,1,,1,0,0,52.5,0,0,1,0.0,39.6,0.0,0,0,0,0,0,0,0.0,0,0.0,100.0,2,2,3.0,16.0,2.4,0,0,0.0,100.0,2,0,0.0,2,0,2,80.7,0,0,2,,118.8,0.0,0,0,0,0,0,0,0.0,34,17.0,76.9,13,13,19.4,6.0,2.44,0,0,0.0,69.2,9,5,10.0,13,1,5,68.0,0,0,13,0.0,122.8,0.0,0,0,0,0,2,0,0.0,73,5.6,100.0,7,7,10.4,15.4,2.56,0,0,0.0,100.0,7,2,0.0,7,0,5,91.1,0,0,7,0.0,118.8,0.0,0,0,0,0,0,0,0.0,117,16.7,0,100.0,4,4,6.0,-4.3,2.55,0,0,0.0,100.0,4,1,0.0,4,0,0,64.1,0,0,4,0.0,79.2,0.0,0,0,0,0,0,0,0.0,5,1.3,50.0,2,2,3.0,25.0,3.0,0,1,50.0,50.0,1,2,0.0,2,0,1,73.6,0,0,2,0.0,95.8,0.0,0,0,0,0,0,0,0.0,36,18.0,100.0,2,2,3.0,16.5,2.25,0,0,0.0,100.0,2,0,0.0,2,0,2,65.4,0,0,2,,118.8,0.0,0,0,0,0,0,0,0.0,40,20.0,100.0,12,12,17.9,4.2,2.23,0,0,0.0,91.7,11,4,8.3,12,1,3,74.4,0,0,13,0.0,93.1,0.0,0,0,0,0,0,0,0.0,76,6.3,84.1,44,44,65.7,4.6,2.37,0,0,0.0,79.5,35,17,5.4,44,2,13,74.0,0,0,47,0.0,105.3,0.0,0,0,0,0,2,0,0.0,248,5.6
Riley Leonard,143862,QB,IND,5,67,73,100.0,8,8,11.9,-3.0,2.29,0,0,0.0,100.0,8,2,0.0,8,0,1,66.2,0,0,8,0.0,79.7,0.0,0,0,0,0,0,0,0.0,25,3.1,100.0,5,5,7.5,-3.6,2.02,0,0,0.0,100.0,5,0,0.0,5,0,1,64.8,0,0,5,,81.7,0.0,0,0,0,0,0,0,0.0,18,3.6,100.0,2,2,3.0,36.5,3.5,0,1,50.0,100.0,2,2,0.0,2,0,2,93.4,0,0,2,0.0,118.8,0.0,0,0,0,0,0,0,0.0,83,41.5,80.0,5,5,7.5,14.4,2.34,0,0,0.0,60.0,3,1,25.0,5,1,3,82.2,0,0,6,0.0,104.2,0.0,0,0,0,0,0,0,0.0,63,12.6,68.4,19,19,28.4,4.5,2.44,0,0,0.0,63.2,12,6,7.7,19,1,4,50.4,0,2,20,0.0,32.5,0.0,0,0,0,0,0,1,5.0,79,4.2,0,37.5,8,8,11.9,35.5,3.26,0,4,44.4,37.5,3,4,0.0,8,0,3,95.2,0,1,9,0.0,85.4,0.0,0,0,0,0,1,0,0.0,149,18.6,14,100.0,1,1,1.5,-2.0,2.7,0,0,0.0,100.0,1,0,0.0,1,0,0,60.1,0,0,1,,79.2,0.0,0,0,0,0,0,0,0.0,1,1.0,33.3,3,3,4.5,32.3,3.27,0,2,66.7,33.3,1,1,0.0,3,0,1,90.9,0,0,3,0.0,121.5,0.0,0,0,0,0,1,0,0.0,66,22.0,50.0,4,4,6.0,13.0,3.48,0,1,25.0,25.0,1,3,50.0,4,1,1,51.6,0,0,4,0.0,57.3,0.0,0,0,0,0,0,1,25.0,29,7.3,100.0,6,6,9.0,2.8,2.47,0,0,0.0,100.0,6,2,0.0,6,0,4,65.5,0,0,6,0.0,93.1,0.0,0,0,0,0,0,0,0.0,38,6.3,58.3,12,12,17.9,13.9,2.92,0,2,12.5,41.7,5,5,28.6,12,2,5,74.7,0,0,16,0.0,99.3,0.0,0,0,0,0,1,1,6.3,100,8.3,0,100.0,2,2,3.0,-2.0,2.75,0,0,0.0,100.0,2,2,0.0,2,0,0,62.0,0,0,2,0.0,79.2,0.0,0,0,0,0,0,0,0.0,6,3.0,0.0,3,3,4.5,38.0,3.1,0,1,25.0,0.0,0,1,,3,0,0,76.7,0,1,4,0.0,0.0,0.0,0,0,0,0,0,0,0.0,0,0.0,33.3,3,3,4.5,14.3,3.13,0,1,16.7,33.3,1,1,0.0,3,0,1,72.3,0,0,6,0.0,81.9,0.0,0,0,0,0,1,0,0.0,8,2.7,55.6,9,9,13.4,4.8,2.42,0,0,0.0,55.6,5,1,0.0,9,0,1,27.7,0,0,9,0.0,60.9,0.0,0,0,0,0,0,2,22.2,24,2.7,70.6,34,34,50.7,4.3,2.44,0,0,0.0,67.6,23,9,4.2,34,1,9,40.8,0,2,35,0.0,51.2,0.0,0,0,0,0,0,3,8.6,141,4.1
Jameis Winston,9434,QB,NYG,3,66,70,100.0,7,7,10.6,-3.9,2.0,0,0,0.0,85.7,6,3,14.3,7,1,3,65.4,0,0,8,0.0,108.3,0.0,0,0,0,0,0,0,0.0,70,10.0,100.0,3,3,4.5,-4.7,1.97,0,0,0.0,100.0,3,2,0.0,3,0,2,63.3,0,0,4,0.0,118.8,0.0,0,0,0,0,0,0,0.0,43,14.3,66.7,3,3,4.5,26.7,3.2,0,1,25.0,66.7,2,0,0.0,3,0,2,57.5,0,0,4,,141.7,0.0,0,0,0,0,1,1,25.0,32,10.7,37.5,8,8,12.1,12.3,2.86,0,0,0.0,37.5,3,3,0.0,8,0,3,55.7,0,1,8,0.0,18.2,0.0,0,0,0,0,0,2,25.0,47,5.9,88.9,9,9,13.6,3.8,1.99,0,0,0.0,77.8,7,2,12.5,9,1,1,57.9,0,0,9,0.0,86.6,0.0,0,0,0,0,0,0,0.0,43,4.8,0,77.8,9,9,13.6,28.7,3.69,0,5,41.7,77.8,7,3,0.0,9,0,7,94.0,0,0,12,0.0,158.3,0.0,0,0,0,0,2,1,8.3,204,22.7,21,100.0,3,3,4.5,-3.0,2.07,0,0,0.0,66.7,2,0,33.3,3,1,1,63.1,0,0,3,,89.6,0.0,0,0,0,0,0,0,0.0,23,7.7,100.0,3,3,4.5,38.0,5.07,0,3,100.0,100.0,3,3,0.0,3,0,3,99.9,0,0,3,0.0,158.3,0.0,0,0,0,0,1,0,0.0,108,36.0,66.7,6,6,9.1,15.8,2.72,0,0,0.0,66.7,4,2,0.0,6,0,4,66.7,0,1,7,0.0,63.9,0.0,0,0,0,0,0,0,0.0,66,11.0,33.3,6,6,9.1,5.7,2.33,0,0,0.0,33.3,2,2,0.0,6,0,2,24.6,0,0,6,0.0,53.5,0.0,0,0,0,0,0,2,33.3,34,5.7,47.6,21,21,31.8,13.4,2.87,0,0,0.0,47.6,10,7,0.0,21,0,10,66.7,0,2,22,0.0,32.1,0.0,0,0,0,0,0,2,9.1,151,7.2,0,100.0,1,1,1.5,-4.0,1.9,0,0,0.0,100.0,1,1,0.0,1,0,0,60.1,0,0,1,0.0,83.3,0.0,0,0,0,0,0,0,0.0,4,4.0,66.7,3,3,4.5,21.3,2.8,0,1,20.0,66.7,2,0,0.0,3,0,2,79.2,0,0,5,,109.7,0.0,0,0,0,0,0,0,0.0,64,21.3,42.9,7,7,10.6,12.7,3.0,0,0,0.0,42.9,3,2,0.0,7,0,3,72.4,0,0,7,0.0,60.4,0.0,0,0,0,0,0,0,0.0,38,5.4,62.5,8,8,12.1,3.4,2.5,0,0,0.0,62.5,5,1,0.0,8,0,2,55.7,0,0,8,0.0,88.0,0.0,0,0,0,0,0,0,0.0,65,8.1,65.2,23,23,34.8,4.1,2.26,0,0,0.0,60.9,14,5,6.7,23,1,5,35.7,0,0,23,0.0,78.5,0.0,0,0,0,0,0,2,8.7,142,6.2
Trey Lance,91399,QB,LAC,4,57,70,87.5,8,8,14.0,-1.9,2.56,0,0,0.0,87.5,7,3,0.0,8,0,0,60.1,0,0,8,0.0,79.2,0.0,0,0,0,0,0,0,0.0,18,2.3,100.0,2,2,3.5,-2.0,1.9,0,0,0.0,100.0,2,0,0.0,2,0,0,62.0,0,0,2,,79.2,0.0,0,0,0,0,0,0,0.0,3,1.5,0.0,1,1,1.8,37.0,2.9,0,0,0.0,0.0,0,0,,1,0,0,51.7,0,0,1,,39.6,0.0,0,0,0,0,0,0,0.0,0,0.0,25.0,4,4,7.0,12.0,2.58,0,0,0.0,0.0,0,1,100.0,4,1,0,55.3,0,0,4,0.0,39.6,0.0,0,0,0,0,0,1,25.0,0,0.0,76.9,13,13,22.8,4.9,1.81,0,0,0.0,69.2,9,4,10.0,13,1,4,34.2,0,1,13,0.0,57.2,0.0,0,0,0,0,0,1,7.7,92,7.1,0,10.0,10,10,17.5,29.6,2.98,0,1,10.0,10.0,1,3,0.0,10,0,1,45.4,0,0,10,0.0,39.6,0.0,0,0,0,0,0,0,0.0,28,2.8,27,75.0,4,4,7.0,-2.3,2.6,0,0,0.0,75.0,3,3,0.0,4,0,0,56.6,0,0,4,0.0,77.1,0.0,0,0,0,0,0,0,0.0,12,3.0,0.0,4,4,7.0,33.0,3.0,0,0,0.0,0.0,0,1,,4,0,0,38.3,0,0,4,0.0,39.6,0.0,0,0,0,0,0,0,0.0,0,0.0,0.0,1,1,1.8,13.0,4.1,0,0,0.0,0.0,0,0,,1,0,0,47.5,0,0,1,,39.6,0.0,0,0,0,0,0,0,0.0,0,0.0,83.3,6,6,10.5,5.0,1.98,0,0,0.0,83.3,5,0,0.0,6,0,2,35.0,0,0,6,,90.3,0.0,0,0,0,0,0,1,16.7,34,5.7,33.3,6,6,10.5,12.2,2.73,0,0,0.0,16.7,1,1,50.0,6,1,1,62.9,0,0,7,0.0,39.6,0.0,0,0,0,0,0,1,14.3,12,2.0,0,100.0,2,2,3.5,-1.0,3.15,0,0,0.0,100.0,2,0,0.0,2,0,0,61.8,0,0,2,,79.2,0.0,0,0,0,0,0,0,0.0,3,1.5,20.0,5,5,8.8,25.4,2.98,0,1,20.0,20.0,1,2,0.0,5,0,1,61.9,0,0,5,0.0,50.4,0.0,0,0,0,0,0,0,0.0,28,5.6,100.0,1,1,1.8,12.0,2.0,0,0,0.0,100.0,1,0,0.0,1,0,1,83.3,0,0,2,,116.7,0.0,0,0,0,0,0,0,0.0,12,12.0,80.0,5,5,8.8,4.4,2.0,0,0,0.0,80.0,4,0,0.0,5,0,2,58.5,0,0,6,,101.7,0.0,0,0,0,0,0,0,0.0,42,8.4,79.2,24,24,42.1,4.8,1.89,0,0,0.0,75.0,18,4,5.3,24,1,8,32.0,0,1,25,0.0,76.4,0.0,0,0,0,0,0,2,8.0,168,7.0
Chris Oladokun,40364,QB,KC,3,55,67,94.7,19,19,34.5,-2.7,1.86,0,0,0.0,84.2,16,1,11.1,19,2,1,65.3,0,0,19,0.0,96.7,0.0,0,0,0,0,1,0,0.0,38,2.0,100.0,10,10,18.2,-3.3,1.94,0,0,0.0,90.0,9,0,10.0,10,1,1,66.4,0,0,10,,112.5,0.0,0,0,0,0,1,0,0.0,20,2.0,0.0,3,3,5.5,34.0,3.37,0,0,0.0,0.0,0,2,,3,0,0,31.3,0,0,3,0.0,39.6,0.0,0,0,0,0,0,1,33.3,0,0.0,,0,0,0.0,,,0,0,0.0,,0,0,,0,0,0,71.9,0,0,1,,0.0,,0,0,0,0,0,0,0.0,0,,66.7,6,6,10.9,4.8,2.92,0,0,0.0,66.7,4,3,0.0,6,0,0,69.7,0,0,6,0.0,75.7,0.0,0,0,0,0,0,0,0.0,26,4.3,0,0.0,5,5,9.1,29.6,3.26,0,0,0.0,0.0,0,3,,5,0,0,29.7,0,0,6,0.0,39.6,0.0,0,0,0,0,0,1,16.7,0,0.0,16,80.0,5,5,9.1,-2.0,1.98,0,0,0.0,80.0,4,1,0.0,5,0,0,58.0,0,0,5,0.0,79.2,0.0,0,0,0,0,0,0,0.0,12,2.4,0.0,2,2,3.6,23.0,3.1,0,0,0.0,0.0,0,1,,2,0,0,43.9,0,0,3,0.0,39.6,0.0,0,0,0,0,0,0,0.0,0,0.0,100.0,1,1,1.8,10.0,6.0,0,0,0.0,100.0,1,1,0.0,1,0,1,41.7,0,0,1,0.0,116.7,0.0,0,0,0,0,0,1,100.0,12,12.0,80.0,5,5,9.1,1.8,3.46,0,0,0.0,60.0,3,1,25.0,5,1,1,64.1,0,0,5,0.0,70.4,0.0,0,0,0,0,0,0,0.0,22,4.4,83.3,6,6,10.9,12.2,4.3,0,0,0.0,83.3,5,3,0.0,6,0,5,64.4,0,0,8,0.0,118.8,0.0,0,0,0,0,0,2,25.0,98,16.3,0,100.0,4,4,7.3,-2.3,1.5,0,0,0.0,75.0,3,0,25.0,4,1,0,64.1,0,0,4,,77.1,0.0,0,0,0,0,0,0,0.0,6,1.5,,0,0,0.0,,,0,0,,,0,0,,0,0,0,,0,0,0,,0.0,,0,0,0,0,0,0,,0,,80.0,5,5,9.1,12.6,3.96,0,0,0.0,80.0,4,2,0.0,5,0,4,68.6,0,0,6,0.0,118.8,0.0,0,0,0,0,0,1,16.7,86,17.2,100.0,7,7,12.7,4.6,2.83,0,0,0.0,100.0,7,2,0.0,7,0,3,81.8,0,0,7,0.0,97.0,0.0,0,0,0,0,0,0,0.0,51,7.3,83.3,18,18,32.7,3.9,3.03,0,0,0.0,77.8,14,6,6.7,18,1,4,80.2,0,0,18,0.0,89.6,0.0,0,0,0,0,0,0,0.0,99,5.5
Josh Johnson,4474,QB,WAS,3,54,64,90.0,10,10,18.5,-2.7,2.32,0,0,0.0,90.0,9,1,0.0,10,0,4,44.0,0,1,10,0.0,64.6,0.0,0,0,0,0,0,1,10.0,90,9.0,100.0,7,7,13.0,-2.6,2.06,0,0,0.0,100.0,7,0,0.0,7,0,3,65.8,0,0,7,,117.3,0.0,0,0,0,0,0,0,0.0,85,12.1,0.0,1,1,1.9,27.0,2.7,0,0,0.0,0.0,0,0,,1,0,0,58.0,0,0,1,,39.6,0.0,0,0,0,0,0,0,0.0,0,0.0,50.0,6,6,11.1,13.2,2.98,0,0,0.0,50.0,3,4,0.0,6,0,3,63.2,0,0,7,0.0,93.8,0.0,0,0,0,0,0,0,0.0,72,12.0,81.8,11,11,20.4,5.4,2.52,0,0,0.0,81.8,9,2,0.0,11,0,4,69.1,0,0,12,0.0,95.1,0.0,0,0,0,0,0,0,0.0,75,6.8,0,0.0,2,2,3.7,29.5,2.65,0,0,0.0,0.0,0,0,,2,0,0,48.6,0,0,6,,39.6,0.0,0,0,0,0,0,0,0.0,0,0.0,32,100.0,1,1,1.9,-3.0,2.8,0,0,0.0,100.0,1,0,0.0,1,0,1,60.0,0,0,1,,91.7,0.0,0,0,0,0,0,0,0.0,6,6.0,,0,0,0.0,,,0,0,0.0,,0,0,,0,0,0,45.5,0,0,2,,0.0,,0,0,0,0,0,0,0.0,0,,66.7,6,6,11.1,13.3,3.08,0,0,0.0,66.7,4,4,0.0,6,0,4,70.0,0,0,6,0.0,95.1,0.0,0,0,0,0,0,0,0.0,54,9.0,66.7,3,3,5.6,3.0,1.9,0,0,0.0,66.7,2,0,0.0,3,0,0,62.5,0,0,3,,70.1,0.0,0,0,0,0,0,0,0.0,7,2.3,64.3,14,14,25.9,12.9,3.01,0,0,0.0,64.3,9,8,0.0,14,0,9,72.2,0,0,16,0.0,122.3,0.0,0,0,0,0,1,0,0.0,144,10.3,0,50.0,2,2,3.7,-3.0,3.0,0,0,0.0,50.0,1,1,0.0,2,0,0,29.2,0,1,2,0.0,16.7,0.0,0,0,0,0,0,1,50.0,-1,-0.5,0.0,1,1,1.9,32.0,2.6,0,0,0.0,0.0,0,0,,1,0,0,57.3,0,0,3,,39.6,0.0,0,0,0,0,0,0,0.0,0,0.0,100.0,2,2,3.7,10.5,2.85,0,0,0.0,100.0,2,0,0.0,2,0,2,73.6,0,0,3,,143.8,0.0,0,0,0,0,1,0,0.0,18,9.0,62.5,8,8,14.8,4.3,2.36,0,0,0.0,62.5,5,2,0.0,8,0,4,39.6,0,1,8,0.0,43.8,0.0,0,0,0,0,0,1,12.5,56,7.0,72.7,22,22,40.7,4.6,2.38,0,0,0.0,72.7,16,4,0.0,22,0,8,57.0,0,1,23,0.0,69.9,0.0,0,0,0,0,0,1,4.3,138,6.3
Mason Rudolph,46569,QB,PIT,5,53,57,100.0,12,12,22.6,-5.0,1.97,0,0,0.0,100.0,12,0,0.0,12,0,5,66.8,0,0,12,,99.7,0.0,0,0,0,0,0,0,0.0,95,7.9,100.0,7,7,13.2,-5.3,2.24,0,0,0.0,100.0,7,0,0.0,7,0,3,65.2,0,0,7,,106.0,0.0,0,0,0,0,0,0,0.0,66,9.4,,0,0,0.0,,,0,0,,,0,0,,0,0,0,,0,0,0,,0.0,,0,0,0,0,0,0,,0,,50.0,2,2,3.8,12.0,2.85,0,0,0.0,50.0,1,0,0.0,2,0,1,55.5,0,0,3,,95.8,0.0,0,0,0,0,1,0,0.0,3,1.5,100.0,14,14,26.4,3.6,2.46,0,0,0.0,100.0,14,2,0.0,14,0,3,73.3,0,0,14,0.0,95.5,0.0,0,0,0,0,0,0,0.0,97,6.9,0,0.0,4,4,7.5,30.3,2.68,0,0,0.0,0.0,0,0,,4,0,0,28.5,0,1,6,,0.0,0.0,0,0,0,0,0,2,33.3,0,0.0,25,100.0,2,2,3.8,-3.5,1.15,0,0,0.0,100.0,2,0,0.0,2,0,0,62.1,0,0,2,,91.7,0.0,0,0,0,0,0,0,0.0,12,6.0,0.0,3,3,5.7,29.3,2.7,0,0,0.0,0.0,0,0,,3,0,0,27.5,0,1,4,,0.0,0.0,0,0,0,0,0,2,50.0,0,0.0,50.0,2,2,3.8,15.5,3.15,0,0,0.0,50.0,1,1,0.0,2,0,1,48.0,0,1,2,0.0,39.6,0.0,0,0,0,0,0,1,50.0,17,8.5,83.3,6,6,11.3,2.8,1.85,0,0,0.0,83.3,5,0,0.0,6,0,4,67.1,0,0,6,,122.9,0.0,0,0,0,0,1,0,0.0,24,4.0,50.0,6,6,11.3,14.0,2.95,0,0,0.0,50.0,3,2,0.0,6,0,3,53.6,0,1,7,0.0,72.2,0.0,0,0,0,0,1,1,14.3,41,6.8,0,100.0,3,3,5.7,-5.3,1.87,0,0,0.0,100.0,3,0,0.0,3,0,2,63.0,0,0,3,,90.3,0.0,0,0,0,0,0,0,0.0,17,5.7,0.0,1,1,1.9,33.0,2.6,0,0,0.0,0.0,0,0,,1,0,0,52.1,0,0,2,,39.6,0.0,0,0,0,0,0,0,0.0,0,0.0,50.0,2,2,3.8,14.5,2.85,0,0,0.0,50.0,1,1,0.0,2,0,1,65.1,0,0,2,0.0,87.5,0.0,0,0,0,0,0,0,0.0,21,10.5,83.3,6,6,11.3,4.7,3.42,0,0,0.0,83.3,5,1,0.0,6,0,3,77.9,0,0,6,0.0,104.9,0.0,0,0,0,0,0,0,0.0,55,9.2,92.3,26,26,49.1,3.7,2.54,0,0,0.0,92.3,24,3,0.0,26,0,10,79.3,0,0,26,0.0,107.7,0.0,0,0,0,0,1,0,0.0,176,6.8
Kenny Pickett,60515,QB,LV,6,45,56,100.0,7,7,15.6,-3.6,2.03,0,0,0.0,100.0,7,0,0.0,7,0,0,65.8,0,0,7,,79.2,0.0,0,0,0,0,0,0,0.0,3,0.4,100.0,1,1,2.2,-6.0,1.5,0,0,0.0,100.0,1,0,0.0,1,0,0,60.0,0,0,1,,79.2,0.0,0,0,0,0,0,0,0.0,3,3.0,100.0,1,1,2.2,27.0,3.0,0,1,100.0,100.0,1,1,0.0,1,0,1,84.4,0,0,1,0.0,158.3,0.0,0,0,0,0,1,0,0.0,25,25.0,66.7,3,3,6.7,11.7,2.7,0,0,0.0,66.7,2,1,0.0,3,0,1,70.4,0,0,3,0.0,92.4,0.0,0,0,0,0,0,0,0.0,25,8.3,72.7,11,11,24.4,4.2,2.55,0,0,0.0,54.5,6,4,25.0,11,2,1,42.2,0,1,12,0.0,22.2,0.0,0,0,0,0,0,1,8.3,30,2.7,0,50.0,4,4,8.9,28.5,3.63,0,1,25.0,50.0,2,3,0.0,4,0,2,84.9,0,0,4,0.0,135.4,0.0,0,0,0,0,1,0,0.0,51,12.8,23,100.0,1,1,2.2,-1.0,1.5,0,0,0.0,100.0,1,0,0.0,1,0,0,60.0,0,0,1,,79.2,0.0,0,0,0,0,0,0,0.0,0,0.0,0.0,2,2,4.4,31.0,2.9,0,0,0.0,0.0,0,1,,2,0,0,57.9,0,0,2,0.0,39.6,0.0,0,0,0,0,0,0,0.0,0,0.0,0.0,1,1,2.2,12.0,2.9,0,0,0.0,0.0,0,0,,1,0,0,55.1,0,0,1,,39.6,0.0,0,0,0,0,0,0,0.0,0,0.0,66.7,9,9,20.0,4.3,2.58,0,0,0.0,55.6,5,1,16.7,9,1,1,24.5,0,1,9,0.0,22.7,0.0,0,0,0,0,0,2,22.2,30,3.3,66.7,6,6,13.3,11.7,2.83,0,0,0.0,66.7,4,1,0.0,6,0,2,71.3,0,0,6,0.0,94.4,0.0,0,0,0,0,0,0,0.0,53,8.8,0,100.0,5,5,11.1,-3.6,2.24,0,0,0.0,100.0,5,0,0.0,5,0,0,64.8,0,0,5,,79.2,0.0,0,0,0,0,0,0,0.0,0,0.0,100.0,1,1,2.2,25.0,5.7,0,0,0.0,100.0,1,1,0.0,1,0,1,74.9,0,0,1,0.0,118.8,0.0,0,0,0,0,0,0,0.0,26,26.0,100.0,2,2,4.4,11.5,3.0,0,0,0.0,100.0,2,0,0.0,2,0,1,71.0,0,0,2,,118.8,0.0,0,0,0,0,0,0,0.0,28,14.0,100.0,5,5,11.1,2.2,2.42,0,0,0.0,80.0,4,1,20.0,5,1,2,72.4,0,0,5,0.0,84.2,0.0,0,0,0,0,0,0,0.0,21,4.2,76.0,25,25,55.6,3.8,2.54,0,0,0.0,60.0,15,6,21.1,25,4,4,29.7,0,2,26,0.0,32.3,0.0,0,0,0,0,0,3,11.5,81,3.2
Cooper Rush,12324,QB,BLT,3,52,53,83.3,6,6,11.5,-5.0,1.75,0,0,0.0,83.3,5,1,0.0,6,0,0,58.8,0,0,6,0.0,79.2,0.0,0,0,0,0,0,0,0.0,12,2.0,50.0,2,2,3.8,-3.0,1.7,0,0,0.0,50.0,1,0,0.0,2,0,0,54.4,0,0,2,,56.3,0.0,0,0,0,0,0,0,0.0,-3,-1.5,,0,0,0.0,,,0,0,,,0,0,,0,0,0,,0,0,0,,0.0,,0,0,0,0,0,0,,0,,50.0,4,4,7.7,12.3,2.43,0,0,0.0,50.0,2,3,0.0,4,0,2,57.7,0,1,5,0.0,27.1,0.0,0,0,0,0,0,1,20.0,22,5.5,84.2,19,19,36.5,3.4,2.3,0,0,0.0,78.9,15,5,6.3,19,1,4,74.3,0,1,19,0.0,72.1,0.0,0,0,0,0,0,0,0.0,125,6.6,0,33.3,3,3,5.8,32.7,2.87,0,1,33.3,33.3,1,1,0.0,3,0,1,75.1,0,1,3,0.0,42.4,0.0,0,0,0,0,0,0,0.0,56,18.7,3,100.0,2,2,3.8,-5.0,1.6,0,0,0.0,100.0,2,1,0.0,2,0,0,61.9,0,0,2,0.0,79.2,0.0,0,0,0,0,0,0,0.0,6,3.0,,0,0,0.0,,,0,0,,,0,0,,0,0,0,,0,0,0,,0.0,,0,0,0,0,0,0,,0,,66.7,3,3,5.8,11.0,3.07,0,0,0.0,33.3,1,2,50.0,3,1,1,68.4,0,0,3,0.0,49.3,0.0,0,0,0,0,0,0,0.0,14,4.7,100.0,4,4,7.7,4.5,2.38,0,0,0.0,100.0,4,2,0.0,4,0,2,70.3,0,0,4,0.0,99.0,0.0,0,0,0,0,0,0,0.0,31,7.8,50.0,12,12,23.1,12.7,2.81,0,0,0.0,41.7,5,5,16.7,12,1,5,56.9,0,1,14,0.0,24.0,0.0,0,0,0,0,0,1,7.1,63,5.3,0,100.0,2,2,3.8,-7.0,1.95,0,0,0.0,100.0,2,0,0.0,2,0,0,62.1,0,0,2,,85.4,0.0,0,0,0,0,0,0,0.0,9,4.5,33.3,3,3,5.8,32.7,2.87,0,1,33.3,33.3,1,1,0.0,3,0,1,75.1,0,1,3,0.0,42.4,0.0,0,0,0,0,0,0,0.0,56,18.7,40.0,5,5,9.6,14.0,2.96,0,0,0.0,40.0,2,0,0.0,5,0,2,50.9,0,0,6,,57.9,0.0,0,0,0,0,0,0,0.0,27,5.4,80.0,5,5,9.6,3.4,3.22,0,0,0.0,80.0,4,1,0.0,5,0,1,43.1,0,1,5,0.0,40.4,0.0,0,0,0,0,0,1,20.0,16,3.2,85.7,28,28,53.8,3.6,2.48,0,0,0.0,82.1,23,8,4.2,28,1,7,68.4,0,2,28,0.0,62.5,0.0,0,0,0,0,0,1,3.6,172,6.1
Tanner McKee,131770,QB,PHI,2,43,49,100.0,3,3,7.0,-5.7,1.43,0,0,0.0,100.0,3,0,0.0,3,0,2,63.5,0,0,3,,98.6,0.0,0,0,0,0,0,0,0.0,23,7.7,100.0,1,1,2.3,-8.0,1.8,0,0,0.0,100.0,1,0,0.0,1,0,0,60.1,0,0,1,,79.2,0.0,0,0,0,0,0,0,0.0,-1,-1.0,0.0,1,1,2.3,23.0,2.2,0,0,0.0,0.0,0,0,,1,0,0,27.3,0,1,1,,0.0,0.0,0,0,0,0,0,1,100.0,0,0.0,83.3,6,6,14.0,14.0,2.57,0,0,0.0,83.3,5,0,0.0,6,0,5,83.2,0,0,6,,158.3,0.0,0,0,0,0,1,0,0.0,76,12.7,100.0,6,6,14.0,3.8,2.08,0,0,0.0,83.3,5,1,16.7,6,1,3,71.3,0,0,6,0.0,88.2,0.0,0,0,0,0,0,0,0.0,31,5.2,0,25.0,4,4,9.3,29.8,2.93,0,0,0.0,25.0,1,2,0.0,4,0,1,33.5,0,1,4,0.0,15.6,0.0,0,0,0,0,0,1,25.0,27,6.8,24,100.0,2,2,4.7,-4.5,1.25,0,0,0.0,100.0,2,0,0.0,2,0,2,62.2,0,0,2,,116.7,0.0,0,0,0,0,0,0,0.0,24,12.0,0.0,1,1,2.3,29.0,2.1,0,0,0.0,0.0,0,1,,1,0,0,50.4,0,0,1,0.0,39.6,0.0,0,0,0,0,0,0,0.0,0,0.0,0.0,1,1,2.3,19.0,2.1,0,0,0.0,0.0,0,0,,1,0,0,46.4,0,0,1,,39.6,0.0,0,0,0,0,0,0,0.0,0,0.0,33.3,3,3,7.0,7.3,2.37,0,0,0.0,0.0,0,2,100.0,3,1,0,50.0,0,0,3,0.0,39.6,0.0,0,0,0,0,0,0,0.0,0,0.0,69.2,13,13,30.2,13.5,2.84,0,0,0.0,69.2,9,2,0.0,13,0,9,81.2,0,0,13,0.0,127.4,0.0,0,0,0,0,1,0,0.0,131,10.1,0,,0,0,0.0,,,0,0,,,0,0,,0,0,0,,0,0,0,,0.0,,0,0,0,0,0,0,,0,,50.0,2,2,4.7,33.5,3.7,0,0,0.0,50.0,1,1,0.0,2,0,1,67.2,0,0,2,0.0,95.8,0.0,0,0,0,0,0,0,0.0,27,13.5,66.7,6,6,14.0,12.2,3.23,0,0,0.0,66.7,4,2,0.0,6,0,4,78.8,0,0,6,0.0,95.8,0.0,0,0,0,0,0,0,0.0,55,9.2,85.7,7,7,16.3,3.7,2.09,0,0,0.0,85.7,6,1,0.0,7,0,1,62.0,0,0,7,0.0,103.6,0.0,0,0,0,0,0,0,0.0,62,8.9,81.3,16,16,37.2,4.4,2.14,0,0,0.0,68.8,11,4,15.4,16,2,4,62.9,0,0,16,0.0,83.6,0.0,0,0,0,0,0,0,0.0,93,5.8
Andy Dalton,6187,QB,CAR,3,37,48,66.7,3,3,8.1,-2.0,1.6,0,0,0.0,66.7,2,0,0.0,3,0,0,28.9,0,1,3,,31.9,0.0,0,0,0,0,0,1,33.3,10,3.3,100.0,1,1,2.7,-3.0,1.0,0,0,0.0,100.0,1,0,0.0,1,0,0,60.0,0,0,1,,87.5,0.0,0,0,0,0,0,0,0.0,5,5.0,,0,0,0.0,,,0,0,,,0,0,,0,0,0,,0,0,0,,0.0,,0,0,0,0,0,0,,0,,33.3,3,3,8.1,13.0,2.23,0,0,0.0,33.3,1,1,0.0,3,0,1,67.5,0,0,3,0.0,56.3,0.0,0,0,0,0,0,0,0.0,19,6.3,100.0,9,9,24.3,5.6,1.86,0,0,0.0,100.0,9,1,0.0,9,0,5,70.1,0,0,9,0.0,104.6,0.0,0,0,0,0,0,0,0.0,82,9.1,0,50.0,2,2,5.4,31.0,2.7,0,0,0.0,50.0,1,0,0.0,2,0,1,67.1,0,0,2,,95.8,0.0,0,0,0,0,0,0,0.0,33,16.5,5,0.0,1,1,2.7,-2.0,1.3,0,0,0.0,0.0,0,0,,1,0,0,58.7,0,1,1,,0.0,0.0,0,0,0,0,0,1,100.0,0,0.0,,0,0,0.0,,,0,0,,,0,0,,0,0,0,,0,0,0,,0.0,,0,0,0,0,0,0,,0,,60.0,5,5,13.5,14.6,2.8,0,0,0.0,60.0,3,2,0.0,5,0,3,66.7,0,0,5,0.0,94.6,0.0,0,0,0,0,0,0,0.0,51,10.2,100.0,1,1,2.7,1.0,1.9,0,0,0.0,100.0,1,0,0.0,1,0,0,60.0,0,0,1,,83.3,0.0,0,0,0,0,0,0,0.0,4,4.0,61.5,13,13,35.1,14.4,2.7,0,1,7.7,61.5,8,5,0.0,13,0,8,81.5,0,0,13,0.0,98.9,0.0,0,0,0,0,0,0,0.0,142,10.9,0,100.0,1,1,2.7,-1.0,2.5,0,0,0.0,100.0,1,0,0.0,1,0,0,60.0,0,0,1,,87.5,0.0,0,0,0,0,0,0,0.0,5,5.0,50.0,2,2,5.4,31.0,2.7,0,0,0.0,50.0,1,0,0.0,2,0,1,67.1,0,0,2,,95.8,0.0,0,0,0,0,0,0,0.0,33,16.5,80.0,5,5,13.5,15.0,2.88,0,1,20.0,80.0,4,2,0.0,5,0,4,86.7,0,0,5,0.0,118.8,0.0,0,0,0,0,0,0,0.0,72,14.4,57.1,7,7,18.9,5.4,2.64,0,0,0.0,57.1,4,2,0.0,7,0,3,74.9,0,0,7,0.0,102.4,0.0,0,0,0,0,1,0,0.0,22,3.1,82.4,17,17,45.9,5.2,2.18,0,0,0.0,82.4,14,3,0.0,17,0,8,76.1,0,0,17,0.0,112.7,0.0,0,0,0,0,1,0,0.0,108,6.4
Malik Willis,60341,QB,GB,4,35,47,100.0,6,6,17.1,-3.2,2.25,0,0,0.0,100.0,6,1,0.0,6,0,1,65.4,0,0,6,0.0,79.2,0.0,0,0,0,0,0,0,0.0,18,3.0,100.0,3,3,8.6,-4.7,1.73,0,0,0.0,100.0,3,1,0.0,3,0,1,63.4,0,0,3,0.0,84.7,0.0,0,0,0,0,0,0,0.0,13,4.3,100.0,1,1,2.9,25.0,2.4,0,1,100.0,100.0,1,0,0.0,1,0,1,84.4,0,0,1,,158.3,0.0,0,0,0,0,1,0,0.0,39,39.0,0.0,1,1,2.9,12.0,2.6,0,0,0.0,0.0,0,0,,1,0,0,47.5,0,0,1,,39.6,0.0,0,0,0,0,0,0,0.0,0,0.0,100.0,5,5,14.3,6.2,2.46,0,0,0.0,100.0,5,3,0.0,5,0,2,70.1,0,0,5,0.0,136.3,0.0,0,0,0,0,1,0,0.0,36,7.2,0,100.0,7,7,20.0,26.7,3.34,0,3,42.9,100.0,7,3,0.0,7,0,7,99.9,0,0,7,0.0,158.3,0.0,0,0,0,0,2,0,0.0,230,32.9,12,100.0,2,2,5.7,-2.0,3.45,0,0,0.0,100.0,2,0,0.0,2,0,0,62.0,0,0,2,,79.2,0.0,0,0,0,0,0,0,0.0,4,2.0,100.0,4,4,11.4,26.5,3.7,0,2,50.0,100.0,4,2,0.0,4,0,4,97.3,0,0,4,0.0,158.3,0.0,0,0,0,0,1,0,0.0,127,31.8,,0,0,0.0,,,0,0,,,0,0,,0,0,0,,0,0,0,,0.0,,0,0,0,0,0,0,,0,,100.0,4,4,11.4,4.8,2.55,0,0,0.0,100.0,4,0,0.0,4,0,3,65.9,0,0,4,,93.8,0.0,0,0,0,0,0,0,0.0,26,6.5,83.3,6,6,17.1,14.0,2.87,0,0,0.0,83.3,5,5,0.0,6,0,4,66.3,0,0,6,0.0,118.8,0.0,0,0,0,0,0,0,0.0,92,15.3,0,100.0,1,1,2.9,-1.0,1.4,0,0,0.0,100.0,1,0,0.0,1,0,0,60.1,0,0,1,,79.2,0.0,0,0,0,0,0,0,0.0,1,1.0,100.0,2,2,5.7,28.0,3.1,0,0,0.0,100.0,2,1,0.0,2,0,2,87.1,0,0,2,0.0,118.8,0.0,0,0,0,0,0,0,0.0,64,32.0,100.0,5,5,14.3,14.4,2.92,0,0,0.0,100.0,5,5,0.0,5,0,4,74.5,0,0,5,0.0,118.8,0.0,0,0,0,0,0,0,0.0,92,18.4,83.3,6,6,17.1,4.8,1.97,0,0,0.0,50.0,3,0,40.0,6,2,2,62.8,0,0,6,,57.6,0.0,0,0,0,0,0,0,0.0,20,3.3,93.3,15,15,42.9,5.3,2.29,0,0,0.0,80.0,12,3,14.3,15,2,7,69.8,0,0,15,0.0,111.7,0.0,0,0,0,0,1,0,0.0,82,5.5
Jarrett Stidham,13725,QB,DEN,1,31,37,57.1,7,7,22.6,-3.1,1.76,0,0,0.0,57.1,4,2,0.0,7,0,0,59.6,0,0,7,0.0,62.2,0.0,0,0,0,0,0,0,0.0,7,1.0,100.0,2,2,6.5,-4.5,2.2,0,0,0.0,100.0,2,1,0.0,2,0,0,62.1,0,0,2,0.0,79.2,0.0,0,0,0,0,0,0,0.0,2,1.0,,0,0,0.0,,,0,0,,,0,0,,0,0,0,,0,0,0,,0.0,,0,0,0,0,0,0,,0,,50.0,2,2,6.5,15.5,2.6,0,0,0.0,0.0,0,2,100.0,2,1,0,58.4,0,0,2,0.0,39.6,0.0,0,0,0,0,0,0,0.0,0,0.0,85.7,7,7,22.6,3.0,2.69,0,0,0.0,71.4,5,2,16.7,7,1,3,55.7,0,0,7,0.0,86.6,0.0,0,0,0,0,0,0,0.0,42,6.0,0,66.7,3,3,9.7,34.7,3.83,0,1,33.3,33.3,1,3,50.0,3,1,1,65.5,0,1,3,0.0,42.4,0.0,0,0,0,0,0,1,33.3,52,17.3,10,100.0,1,1,3.2,-4.0,1.4,0,0,0.0,100.0,1,0,0.0,1,0,0,60.0,0,0,1,,79.2,0.0,0,0,0,0,0,0,0.0,1,1.0,,0,0,0.0,,,0,0,,,0,0,,0,0,0,,0,0,0,,0.0,,0,0,0,0,0,0,,0,,,0,0,0.0,,,0,0,,,0,0,,0,0,0,,0,0,0,,0.0,,0,0,0,0,0,0,,0,,100.0,3,3,9.7,3.7,1.83,0,0,0.0,100.0,3,0,0.0,3,0,2,71.1,0,0,3,,91.7,0.0,0,0,0,0,0,0,0.0,18,6.0,50.0,4,4,12.9,14.0,2.53,0,0,0.0,25.0,1,2,50.0,4,1,1,63.4,0,0,4,0.0,79.2,0.0,0,0,0,0,1,0,0.0,6,1.5,0,25.0,4,4,12.9,-2.3,1.63,0,0,0.0,25.0,1,1,0.0,4,0,0,56.5,0,0,4,0.0,39.6,0.0,0,0,0,0,0,0,0.0,4,1.0,66.7,3,3,9.7,34.7,3.83,0,1,33.3,33.3,1,3,50.0,3,1,1,65.5,0,1,3,0.0,42.4,0.0,0,0,0,0,0,1,33.3,52,17.3,50.0,2,2,6.5,12.5,2.45,0,0,0.0,50.0,1,0,0.0,2,0,1,66.2,0,0,2,,95.8,0.0,0,0,0,0,1,0,0.0,6,3.0,100.0,3,3,9.7,2.0,3.37,0,0,0.0,100.0,3,1,0.0,3,0,1,63.3,0,0,3,0.0,79.2,0.0,0,0,0,0,0,0,0.0,8,2.7,92.3,13,13,41.9,2.9,2.65,0,0,0.0,84.6,11,3,8.3,13,1,6,64.5,0,0,13,0.0,88.5,0.0,0,0,0,0,0,0,0.0,68,5.2
Mitch Trubisky,11757,QB,BUF,4,35,37,100.0,5,5,14.3,-2.6,1.98,0,0,0.0,80.0,4,0,20.0,5,1,3,64.1,0,0,5,,137.9,0.0,0,0,0,0,1,0,0.0,38,7.6,100.0,3,3,8.6,-1.3,2.23,0,0,0.0,100.0,3,0,0.0,3,0,2,62.8,0,0,3,,129.9,0.0,0,0,0,0,1,0,0.0,17,5.7,,0,0,0.0,,,0,0,,,0,0,,0,0,0,,0,0,0,,0.0,,0,0,0,0,0,0,,0,,71.4,7,7,20.0,13.7,2.83,0,0,0.0,57.1,4,0,20.0,7,1,4,57.6,0,0,7,,101.8,0.0,0,0,0,0,0,1,14.3,95,13.6,88.9,9,9,25.7,4.0,2.54,0,0,0.0,88.9,8,1,0.0,9,0,4,62.0,0,0,10,0.0,131.9,0.0,0,0,0,0,1,0,0.0,61,6.8,0,100.0,1,1,2.9,21.0,3.7,0,1,100.0,100.0,1,1,0.0,1,0,1,84.4,0,0,1,0.0,118.8,0.0,0,0,0,0,0,0,0.0,22,22.0,4,,0,0,0.0,,,0,0,,,0,0,,0,0,0,,0,0,0,,0.0,,0,0,0,0,0,0,,0,,,0,0,0.0,,,0,0,,,0,0,,0,0,0,,0,0,0,,0.0,,0,0,0,0,0,0,,0,,100.0,1,1,2.9,17.0,3.5,0,0,0.0,100.0,1,0,0.0,1,0,1,70.7,0,0,1,,118.8,0.0,0,0,0,0,0,0,0.0,18,18.0,40.0,5,5,14.3,5.6,2.14,0,0,0.0,40.0,2,0,0.0,5,0,1,65.2,0,0,6,,47.9,0.0,0,0,0,0,0,0,0.0,7,1.4,78.6,14,14,40.0,13.6,2.88,0,1,7.1,71.4,10,0,9.1,14,1,10,76.9,0,0,14,,153.3,0.0,0,0,0,0,2,1,7.1,185,13.2,0,100.0,2,2,5.7,-4.5,1.6,0,0,0.0,50.0,1,0,50.0,2,1,1,61.9,0,0,2,,87.5,0.0,0,0,0,0,0,0,0.0,21,10.5,100.0,1,1,2.9,21.0,3.7,0,1,100.0,100.0,1,1,0.0,1,0,1,84.4,0,0,1,0.0,118.8,0.0,0,0,0,0,0,0,0.0,22,22.0,83.3,6,6,17.1,13.0,2.83,0,1,16.7,83.3,5,0,0.0,6,0,5,85.9,0,0,6,,156.3,0.0,0,0,0,0,2,0,0.0,72,12.0,,0,0,0.0,,,0,0,,,0,0,,0,0,0,,0,0,0,,0.0,,0,0,0,0,0,0,,0,,71.4,14,14,40.0,4.6,2.4,0,0,0.0,71.4,10,1,0.0,14,0,5,64.5,0,0,16,0.0,105.7,0.0,0,0,0,0,1,0,0.0,68,4.9
Brandon Allen,10835,QB,TEN,1,30,31,100.0,12,12,40.0,-4.7,1.8,0,0,0.0,91.7,11,1,8.3,12,1,1,66.9,0,0,12,0.0,79.2,0.0,0,0,0,0,0,0,0.0,20,1.7,100.0,8,8,26.7,-5.4,1.64,0,0,0.0,87.5,7,1,12.5,8,1,1,65.8,0,0,8,0.0,79.2,0.0,0,0,0,0,0,0,0.0,11,1.4,,0,0,0.0,,,0,0,,,0,0,,0,0,0,,0,0,0,,0.0,,0,0,0,0,0,0,,0,,,0,0,0.0,,,0,0,,,0,0,,0,0,0,,0,0,0,,0.0,,0,0,0,0,0,0,,0,,33.3,3,3,10.0,6.0,2.63,0,0,0.0,33.3,1,3,0.0,3,0,0,21.7,0,1,3,0.0,2.8,0.0,0,0,0,0,0,1,33.3,1,0.3,0,0.0,1,1,3.3,21.0,3.1,0,0,0.0,0.0,0,0,,1,0,0,52.5,0,0,1,,39.6,0.0,0,0,0,0,0,0,0.0,0,0.0,31,100.0,3,3,10.0,-4.0,1.9,0,0,0.0,100.0,3,0,0.0,3,0,0,62.8,0,0,3,,79.2,0.0,0,0,0,0,0,0,0.0,3,1.0,0.0,1,1,3.3,21.0,3.1,0,0,0.0,0.0,0,0,,1,0,0,52.5,0,0,1,,39.6,0.0,0,0,0,0,0,0,0.0,0,0.0,25.0,4,4,13.3,12.8,3.33,0,0,0.0,25.0,1,2,0.0,4,0,1,53.2,0,0,4,0.0,39.6,0.0,0,0,0,0,0,0,0.0,10,2.5,66.7,3,3,10.0,4.7,2.2,0,0,0.0,66.7,2,1,0.0,3,0,0,65.5,0,0,3,0.0,78.5,0.0,0,0,0,0,0,0,0.0,15,5.0,33.3,6,6,20.0,13.3,3.33,0,1,14.3,33.3,2,4,0.0,6,0,2,61.0,0,0,7,0.0,51.4,0.0,0,0,0,0,0,1,14.3,31,5.2,0,100.0,1,1,3.3,-1.0,2.8,0,0,0.0,100.0,1,0,0.0,1,0,0,60.1,0,0,1,,91.7,0.0,0,0,0,0,0,0,0.0,6,6.0,,0,0,0.0,,,0,0,,,0,0,,0,0,0,,0,0,0,,0.0,,0,0,0,0,0,0,,0,,50.0,2,2,6.7,14.5,3.35,0,1,33.3,50.0,1,2,0.0,2,0,1,69.4,0,0,3,0.0,87.5,0.0,0,0,0,0,0,1,33.3,21,10.5,33.3,3,3,10.0,6.3,3.17,0,0,0.0,33.3,1,1,0.0,3,0,0,36.0,0,0,3,0.0,42.4,0.0,0,0,0,0,0,1,33.3,5,1.7,44.4,9,9,30.0,5.7,2.67,0,0,0.0,44.4,4,5,0.0,9,0,0,25.6,0,1,9,0.0,12.0,0.0,0,0,0,0,0,2,22.2,21,2.3
Joe Milton III,82151,QB,DAL,4,24,27,100.0,3,3,12.5,-4.3,2.13,0,0,0.0,100.0,3,0,0.0,3,0,1,63.1,0,0,3,,88.9,0.0,0,0,0,0,0,0,0.0,16,5.3,100.0,1,1,4.2,-2.0,1.3,0,0,0.0,100.0,1,0,0.0,1,0,0,60.4,0,0,1,,87.5,0.0,0,0,0,0,0,0,0.0,5,5.0,,0,0,0.0,,,0,0,,,0,0,,0,0,0,,0,0,0,,0.0,,0,0,0,0,0,0,,0,,33.3,3,3,12.5,14.0,2.83,0,0,0.0,33.3,1,2,0.0,3,0,0,29.3,0,2,3,0.0,5.6,0.0,0,0,0,0,0,1,33.3,11,3.7,100.0,5,5,20.8,4.8,2.4,0,0,0.0,100.0,5,2,0.0,5,0,3,70.2,0,0,5,0.0,101.7,0.0,0,0,0,0,0,0,0.0,42,8.4,0,33.3,3,3,12.5,31.3,2.97,0,1,20.0,33.3,1,0,0.0,3,0,1,59.2,0,0,5,,118.1,0.0,0,0,0,0,1,0,0.0,35,11.7,9,100.0,1,1,4.2,-6.0,2.7,0,0,0.0,100.0,1,0,0.0,1,0,1,60.1,0,0,1,,108.3,0.0,0,0,0,0,0,0,0.0,10,10.0,0.0,1,1,4.2,30.0,3.9,0,0,0.0,0.0,0,0,,1,0,0,52.1,0,0,1,,39.6,0.0,0,0,0,0,0,0,0.0,0,0.0,66.7,3,3,12.5,15.3,3.4,0,0,0.0,66.7,2,0,0.0,3,0,2,67.9,0,0,3,,109.7,0.0,0,0,0,0,0,0,0.0,57,19.0,,0,0,0.0,,,0,0,,,0,0,,0,0,0,,0,0,0,,0.0,,0,0,0,0,0,0,,0,,42.9,7,7,29.2,14.0,3.03,0,0,0.0,42.9,3,2,0.0,7,0,2,41.9,0,2,7,0.0,38.7,0.0,0,0,0,0,0,1,14.3,68,9.7,0,100.0,1,1,4.2,-5.0,2.4,0,0,0.0,100.0,1,0,0.0,1,0,0,60.0,0,0,1,,79.2,0.0,0,0,0,0,0,0,0.0,1,1.0,50.0,2,2,8.3,32.0,2.5,0,1,25.0,50.0,1,0,0.0,2,0,1,64.4,0,0,4,,135.4,0.0,0,0,0,0,1,0,0.0,35,17.5,0.0,1,1,4.2,10.0,2.5,0,0,0.0,0.0,0,0,,1,0,0,54.0,0,0,1,,39.6,0.0,0,0,0,0,0,0,0.0,0,0.0,100.0,3,3,12.5,3.3,2.03,0,0,0.0,100.0,3,1,0.0,3,0,2,58.1,0,0,4,0.0,97.2,0.0,0,0,0,0,0,0,0.0,22,7.3,100.0,8,8,33.3,4.3,2.26,0,0,0.0,100.0,8,3,0.0,8,0,5,66.3,0,0,9,0.0,100.0,0.0,0,0,0,0,0,0,0.0,64,8.0
Aidan O'Connell,60516,QB,LV,1,22,24,75.0,4,4,18.2,-3.8,2.2,0,0,0.0,75.0,3,0,0.0,4,0,0,56.9,0,0,4,,77.1,0.0,0,0,0,0,0,0,0.0,9,2.3,,0,0,0.0,,,0,0,,,0,0,,0,0,0,,0,0,0,,0.0,,0,0,0,0,0,0,,0,,,0,0,0.0,,,0,0,,,0,0,,0,0,0,,0,0,0,,0.0,,0,0,0,0,0,0,,0,,100.0,2,2,9.1,15.0,2.2,0,0,0.0,100.0,2,0,0.0,2,0,2,80.7,0,0,2,,118.8,0.0,0,0,0,0,0,0,0.0,37,18.5,66.7,3,3,13.6,2.7,2.13,0,0,0.0,66.7,2,0,0.0,3,0,0,62.8,0,0,3,,70.1,0.0,0,0,0,0,0,0,0.0,8,2.7,0,0.0,2,2,9.1,32.5,2.4,0,0,0.0,0.0,0,1,,2,0,0,50.9,0,0,2,0.0,39.6,0.0,0,0,0,0,0,0,0.0,0,0.0,23,0.0,1,1,4.5,-2.0,1.0,0,0,0.0,0.0,0,0,,1,0,0,59.6,0,0,1,,39.6,0.0,0,0,0,0,0,0,0.0,0,0.0,,0,0,0.0,,,0,0,,,0,0,,0,0,0,,0,0,0,,0.0,,0,0,0,0,0,0,,0,,50.0,2,2,9.1,14.5,2.6,0,0,0.0,50.0,1,2,0.0,2,0,1,59.4,0,0,2,0.0,66.7,0.0,0,0,0,0,0,0,0.0,11,5.5,100.0,1,1,4.5,5.0,2.0,0,0,0.0,0.0,0,0,100.0,1,1,0,70.8,0,0,1,,39.6,0.0,0,0,0,0,0,0,0.0,0,0.0,71.4,7,7,31.8,15.0,2.7,0,1,14.3,71.4,5,3,0.0,7,0,5,83.6,0,0,7,0.0,112.2,0.0,0,0,0,0,0,0,0.0,85,12.1,0,100.0,3,3,13.6,-4.3,2.6,0,0,0.0,100.0,3,0,0.0,3,0,0,63.2,0,0,3,,79.2,0.0,0,0,0,0,0,0,0.0,9,3.0,0.0,2,2,9.1,32.5,2.4,0,0,0.0,0.0,0,1,,2,0,0,50.9,0,0,2,0.0,39.6,0.0,0,0,0,0,0,0,0.0,0,0.0,66.7,3,3,13.6,15.3,3.1,0,1,33.3,66.7,2,1,0.0,3,0,2,80.5,0,0,3,0.0,109.0,0.0,0,0,0,0,0,0,0.0,37,12.3,0.0,2,2,9.1,4.5,1.9,0,0,0.0,0.0,0,0,,2,0,0,47.6,0,0,2,,39.6,0.0,0,0,0,0,0,0,0.0,0,0.0,50.0,6,6,27.3,3.7,2.03,0,0,0.0,33.3,2,0,33.3,6,1,0,60.7,0,0,6,,42.4,0.0,0,0,0,0,0,0,0.0,8,1.3
Clayton Tune,77652,QB,GB,2,15,22,100.0,2,2,13.3,-3.5,3.15,0,0,0.0,100.0,2,0,0.0,2,0,0,62.0,0,0,2,,83.3,0.0,0,0,0,0,0,0,0.0,8,4.0,,0,0,0.0,,,0,0,,,0,0,,0,0,0,,0,0,0,,0.0,,0,0,0,0,0,0,,0,,,0,0,0.0,,,0,0,,,0,0,,0,0,0,,0,0,0,,0.0,,0,0,0,0,0,0,,0,,,0,0,0.0,,,0,0,,,0,0,,0,0,0,,0,0,0,,0.0,,0,0,0,0,0,0,,0,,80.0,5,5,33.3,3.6,2.26,0,0,0.0,40.0,2,3,50.0,5,2,1,59.1,0,1,6,0.0,8.3,0.0,0,0,0,0,0,0,0.0,11,2.2,0,,0,0,0.0,,,0,0,,,0,0,,0,0,0,,0,0,0,,0.0,,0,0,0,0,0,0,,0,,12,,0,0,0.0,,,0,0,,,0,0,,0,0,0,,0,0,0,,0.0,,0,0,0,0,0,0,,0,,,0,0,0.0,,,0,0,,,0,0,,0,0,0,,0,0,0,,0.0,,0,0,0,0,0,0,,0,,,0,0,0.0,,,0,0,,,0,0,,0,0,0,,0,0,0,,0.0,,0,0,0,0,0,0,,0,,0.0,2,2,13.3,6.5,2.05,0,0,0.0,0.0,0,1,,2,0,0,46.1,0,0,2,0.0,39.6,0.0,0,0,0,0,0,0,0.0,0,0.0,,0,0,0.0,,,0,0,,,0,0,,0,0,0,,0,0,0,,0.0,,0,0,0,0,0,0,,0,,0,100.0,2,2,13.3,-3.5,3.15,0,0,0.0,100.0,2,0,0.0,2,0,0,62.0,0,0,2,,83.3,0.0,0,0,0,0,0,0,0.0,8,4.0,,0,0,0.0,,,0,0,,,0,0,,0,0,0,,0,0,0,,0.0,,0,0,0,0,0,0,,0,,,0,0,0.0,,,0,0,,,0,0,,0,0,0,,0,0,0,,0.0,,0,0,0,0,0,0,,0,,75.0,4,4,26.7,5.8,3.18,0,0,0.0,75.0,3,1,0.0,4,0,1,30.8,0,0,4,0.0,88.5,0.0,0,0,0,0,0,1,25.0,23,5.8,63.6,11,11,73.3,4.9,2.55,0,0,0.0,45.5,5,5,28.6,11,2,2,34.1,0,1,12,0.0,15.0,0.0,0,0,0,0,0,1,8.3,34,3.1
Shane Buechele,12659,QB,KC,1,14,20,100.0,2,2,14.3,-4.0,2.15,0,0,0.0,100.0,2,0,0.0,2,0,1,62.2,0,0,2,,97.9,0.0,0,0,0,0,0,0,0.0,15,7.5,100.0,1,1,7.1,-3.0,1.1,0,0,0.0,100.0,1,0,0.0,1,0,1,60.1,0,0,1,,108.3,0.0,0,0,0,0,0,0,0.0,10,10.0,100.0,1,1,7.1,43.0,3.5,0,1,100.0,100.0,1,1,0.0,1,0,1,93.1,0,0,1,0.0,118.8,0.0,0,0,0,0,0,0,0.0,51,51.0,,0,0,0.0,,,0,0,,,0,0,,0,0,0,,0,0,0,,0.0,,0,0,0,0,0,0,,0,,100.0,3,3,21.4,4.0,2.07,0,0,0.0,100.0,3,0,0.0,3,0,1,63.1,0,0,3,,79.2,0.0,0,0,0,0,0,0,0.0,9,3.0,0,33.3,3,3,21.4,33.0,3.17,0,1,33.3,33.3,1,2,0.0,3,0,1,81.4,0,0,3,0.0,81.9,0.0,0,0,0,0,0,0,0.0,51,17.0,16,,0,0,0.0,,,0,0,,,0,0,,0,0,0,,0,0,0,,0.0,,0,0,0,0,0,0,,0,,0.0,1,1,7.1,20.0,3.0,0,0,0.0,0.0,0,1,,1,0,0,49.2,0,0,1,0.0,39.6,0.0,0,0,0,0,0,0,0.0,0,0.0,,0,0,0.0,,,0,0,,,0,0,,0,0,0,,0,0,0,,0.0,,0,0,0,0,0,0,,0,,0.0,2,2,14.3,5.0,2.1,0,0,0.0,0.0,0,0,,2,0,0,46.2,0,0,2,,39.6,0.0,0,0,0,0,0,0,0.0,0,0.0,100.0,1,1,7.1,13.0,2.4,0,0,0.0,100.0,1,1,0.0,1,0,1,70.7,0,0,1,0.0,118.8,0.0,0,0,0,0,0,0,0.0,13,13.0,0,100.0,1,1,7.1,-5.0,3.2,0,0,0.0,100.0,1,0,0.0,1,0,0,60.1,0,0,1,,87.5,0.0,0,0,0,0,0,0,0.0,5,5.0,0.0,1,1,7.1,36.0,3.0,0,0,0.0,0.0,0,0,,1,0,0,59.3,0,0,1,,39.6,0.0,0,0,0,0,0,0,0.0,0,0.0,100.0,1,1,7.1,13.0,2.4,0,0,0.0,100.0,1,1,0.0,1,0,1,70.7,0,0,1,0.0,118.8,0.0,0,0,0,0,0,0,0.0,13,13.0,,0,0,0.0,,,0,0,,,0,0,,0,0,0,,0,0,0,,0.0,,0,0,0,0,0,0,,0,,60.0,5,5,35.7,4.4,2.08,0,0,0.0,60.0,3,0,0.0,5,0,1,51.1,0,0,5,,64.6,0.0,0,0,0,0,0,0,0.0,9,1.8
Teddy Bridgewater,8667,QB,TB,1,15,18,100.0,4,4,26.7,-3.0,1.3,0,0,0.0,100.0,4,0,0.0,4,0,0,63.7,0,0,4,,79.2,0.0,0,0,0,0,0,0,0.0,12,3.0,100.0,4,4,26.7,-3.0,1.3,0,0,0.0,100.0,4,0,0.0,4,0,0,63.7,0,0,4,,79.2,0.0,0,0,0,0,0,0,0.0,12,3.0,,0,0,0.0,,,0,0,,,0,0,,0,0,0,,0,0,0,,0.0,,0,0,0,0,0,0,,0,,33.3,3,3,20.0,14.0,2.53,0,0,0.0,33.3,1,1,0.0,3,0,1,56.6,0,0,3,0.0,74.3,0.0,0,0,0,0,0,0,0.0,32,10.7,100.0,1,1,6.7,4.0,1.6,0,0,0.0,100.0,1,0,0.0,1,0,1,60.4,0,0,1,,118.8,0.0,0,0,0,0,0,0,0.0,13,13.0,0,0.0,1,1,6.7,26.0,2.5,0,0,0.0,0.0,0,0,,1,0,0,58.1,0,0,1,,39.6,0.0,0,0,0,0,0,0,0.0,0,0.0,30,,0,0,0.0,,,0,0,,,0,0,,0,0,0,,0,0,0,,0.0,,0,0,0,0,0,0,,0,,0.0,1,1,6.7,26.0,2.5,0,0,0.0,0.0,0,0,,1,0,0,58.1,0,0,1,,39.6,0.0,0,0,0,0,0,0,0.0,0,0.0,0.0,1,1,6.7,16.0,2.6,0,0,0.0,0.0,0,1,,1,0,0,47.3,0,0,1,0.0,39.6,0.0,0,0,0,0,0,0,0.0,0,0.0,100.0,2,2,13.3,1.0,1.7,0,0,0.0,100.0,2,0,0.0,2,0,0,61.9,0,0,2,,79.2,0.0,0,0,0,0,0,0,0.0,5,2.5,25.0,4,4,26.7,14.5,2.55,0,0,0.0,25.0,1,2,0.0,4,0,1,48.5,0,0,4,0.0,60.4,0.0,0,0,0,0,0,0,0.0,32,8.0,0,,0,0,0.0,,,0,0,,,0,0,,0,0,0,,0,0,0,,0.0,,0,0,0,0,0,0,,0,,,0,0,0.0,,,0,0,,,0,0,,0,0,0,,0,0,0,,0.0,,0,0,0,0,0,0,,0,,,0,0,0.0,,,0,0,,,0,0,,0,0,0,,0,0,0,,0.0,,0,0,0,0,0,0,,0,,0.0,2,2,13.3,5.5,2.4,0,0,0.0,0.0,0,1,,2,0,0,61.4,0,0,2,0.0,39.6,0.0,0,0,0,0,0,0,0.0,0,0.0,60.0,5,5,33.3,3.4,1.96,0,0,0.0,60.0,3,1,0.0,5,0,1,63.4,0,0,5,0.0,67.1,0.0,0,0,0,0,0,0,0.0,18,3.6
Gardner Minshew,41401,QB,KC,2,13,14,100.0,3,3,23.1,-4.0,1.57,0,0,0.0,100.0,3,0,0.0,3,0,0,63.3,0,0,3,,79.2,0.0,0,0,0,0,0,0,0.0,6,2.0,100.0,2,2,15.4,-3.5,1.55,0,0,0.0,100.0,2,0,0.0,2,0,0,62.1,0,0,2,,79.2,0.0,0,0,0,0,0,0,0.0,0,0.0,,0,0,0.0,,,0,0,,,0,0,,0,0,0,,0,0,0,,0.0,,0,0,0,0,0,0,,0,,,0,0,0.0,,,0,0,,,0,0,,0,0,0,,0,0,0,,0.0,,0,0,0,0,0,0,,0,,66.7,3,3,23.1,6.0,2.27,0,0,0.0,66.7,2,0,0.0,3,0,1,49.1,0,0,3,,89.6,0.0,0,0,0,0,0,0,0.0,23,7.7,0,0.0,1,1,7.7,21.0,3.3,0,0,0.0,0.0,0,0,,1,0,0,26.1,0,1,2,,0.0,0.0,0,0,0,0,0,1,50.0,0,0.0,16,100.0,1,1,7.7,-5.0,1.6,0,0,0.0,100.0,1,0,0.0,1,0,0,60.0,0,0,1,,91.7,0.0,0,0,0,0,0,0,0.0,6,6.0,0.0,1,1,7.7,21.0,3.3,0,0,0.0,0.0,0,0,,1,0,0,26.1,0,1,2,,0.0,0.0,0,0,0,0,0,1,50.0,0,0.0,,0,0,0.0,,,0,0,,,0,0,,0,0,0,,0,0,0,,0.0,,0,0,0,0,0,0,,0,,50.0,2,2,15.4,6.5,1.95,0,0,0.0,50.0,1,0,0.0,2,0,1,63.8,0,0,2,,60.4,0.0,0,0,0,0,0,0,0.0,8,4.0,,0,0,0.0,,,0,0,,,0,0,,0,0,0,,0,0,0,,0.0,,0,0,0,0,0,0,,0,,0,,0,0,0.0,,,0,0,,,0,0,,0,0,0,,0,0,0,,0.0,,0,0,0,0,0,0,,0,,,0,0,0.0,,,0,0,,,0,0,,0,0,0,,0,0,0,,0.0,,0,0,0,0,0,0,,0,,,0,0,0.0,,,0,0,,,0,0,,0,0,0,,0,0,0,,0.0,,0,0,0,0,0,0,,0,,,0,0,0.0,,,0,0,,,0,0,,0,0,0,,0,0,0,,0.0,,0,0,0,0,0,0,,0,,60.0,5,5,38.5,6.2,2.14,0,0,0.0,60.0,3,0,0.0,5,0,2,54.2,0,0,5,,77.9,0.0,0,0,0,0,0,0,0.0,31,6.2
Zach Wilson,82096,QB,MIA,3,11,12,100.0,3,3,27.3,-4.0,1.33,0,0,0.0,100.0,3,0,0.0,3,0,1,62.9,0,0,3,,80.6,0.0,0,0,0,0,0,0,0.0,10,3.3,100.0,2,2,18.2,-3.5,1.3,0,0,0.0,100.0,2,0,0.0,2,0,1,61.8,0,0,2,,89.6,0.0,0,0,0,0,0,0,0.0,11,5.5,,0,0,0.0,,,0,0,,,0,0,,0,0,0,,0,0,0,,0.0,,0,0,0,0,0,0,,0,,0.0,1,1,9.1,17.0,2.0,0,0,0.0,0.0,0,1,,1,0,0,47.3,0,0,1,0.0,39.6,0.0,0,0,0,0,0,0,0.0,0,0.0,100.0,1,1,9.1,9.0,1.6,0,0,0.0,100.0,1,0,0.0,1,0,1,70.4,0,0,1,,104.2,0.0,0,0,0,0,0,0,0.0,9,9.0,0,,0,0,0.0,,,0,0,,,0,0,,0,0,0,,0,0,0,,0.0,,0,0,0,0,0,0,,0,,17,100.0,1,1,9.1,-5.0,1.4,0,0,0.0,100.0,1,0,0.0,1,0,0,60.1,0,0,1,,79.2,0.0,0,0,0,0,0,0,0.0,-1,-1.0,,0,0,0.0,,,0,0,,,0,0,,0,0,0,,0,0,0,,0.0,,0,0,0,0,0,0,,0,,0.0,1,1,9.1,19.0,3.4,0,0,0.0,0.0,0,1,,1,0,0,47.3,0,0,1,0.0,39.6,0.0,0,0,0,0,0,0,0.0,0,0.0,,0,0,0.0,,,0,0,,,0,0,,0,0,0,,0,0,0,,0.0,,0,0,0,0,0,0,,0,,0.0,2,2,18.2,18.0,2.7,0,0,0.0,0.0,0,2,,2,0,0,36.7,0,0,2,0.0,39.6,0.0,0,0,0,0,0,0,0.0,0,0.0,0,,0,0,0.0,,,0,0,,,0,0,,0,0,0,,0,0,0,,0.0,,0,0,0,0,0,0,,0,,,0,0,0.0,,,0,0,,,0,0,,0,0,0,,0,0,0,,0.0,,0,0,0,0,0,0,,0,,,0,0,0.0,,,0,0,,,0,0,,0,0,0,,0,0,0,,0.0,,0,0,0,0,0,0,,0,,100.0,2,2,18.2,6.0,2.4,0,0,0.0,100.0,2,0,0.0,2,0,1,56.6,0,0,2,,93.8,0.0,0,0,0,0,0,0,0.0,13,6.5,100.0,3,3,27.3,7.0,2.13,0,0,0.0,100.0,3,0,0.0,3,0,2,65.9,0,0,3,,97.2,0.0,0,0,0,0,0,0,0.0,22,7.3
Joshua Dobbs,11890,QB,NE,4,10,11,100.0,2,2,20.0,-3.0,2.1,0,0,0.0,100.0,2,0,0.0,2,0,2,62.0,0,0,2,,118.8,0.0,0,0,0,0,0,0,0.0,43,21.5,100.0,1,1,10.0,-2.0,2.7,0,0,0.0,100.0,1,0,0.0,1,0,1,60.1,0,0,1,,118.8,0.0,0,0,0,0,0,0,0.0,23,23.0,0.0,1,1,10.0,45.0,3.1,0,0,0.0,0.0,0,0,,1,0,0,43.6,0,0,2,,39.6,0.0,0,0,0,0,0,0,0.0,0,0.0,,0,0,0.0,,,0,0,,,0,0,,0,0,0,,0,0,0,,0.0,,0,0,0,0,0,0,,0,,100.0,1,1,10.0,2.0,3.3,0,0,0.0,100.0,1,0,0.0,1,0,0,60.4,0,0,1,,79.2,0.0,0,0,0,0,0,0,0.0,2,2.0,0,0.0,2,2,20.0,39.5,3.05,0,1,33.3,0.0,0,0,,2,0,0,67.0,0,0,3,,39.6,0.0,0,0,0,0,0,0,0.0,0,0.0,19,100.0,1,1,10.0,-4.0,1.5,0,0,0.0,100.0,1,0,0.0,1,0,1,60.4,0,0,1,,118.8,0.0,0,0,0,0,0,0,0.0,20,20.0,,0,0,0.0,,,0,0,,,0,0,,0,0,0,,0,0,0,,0.0,,0,0,0,0,0,0,,0,,0.0,1,1,10.0,13.0,3.1,0,0,0.0,0.0,0,0,,1,0,0,47.3,0,0,1,,39.6,0.0,0,0,0,0,0,0,0.0,0,0.0,100.0,1,1,10.0,5.0,1.9,0,0,0.0,100.0,1,0,0.0,1,0,0,60.4,0,0,1,,87.5,0.0,0,0,0,0,0,0,0.0,5,5.0,50.0,2,2,20.0,12.5,4.0,0,0,0.0,50.0,1,1,0.0,2,0,1,59.2,0,0,2,0.0,68.8,0.0,0,0,0,0,0,0,0.0,12,6.0,0,,0,0,0.0,,,0,0,,,0,0,,0,0,0,,0,0,0,,0.0,,0,0,0,0,0,0,,0,,0.0,1,1,10.0,34.0,3.0,0,1,100.0,0.0,0,0,,1,0,0,86.9,0,0,1,,39.6,0.0,0,0,0,0,0,0,0.0,0,0.0,100.0,1,1,10.0,12.0,4.9,0,0,0.0,100.0,1,1,0.0,1,0,1,71.9,0,0,1,0.0,116.7,0.0,0,0,0,0,0,0,0.0,12,12.0,100.0,2,2,20.0,1.5,2.6,0,0,0.0,100.0,2,0,0.0,2,0,0,62.1,0,0,2,,79.2,0.0,0,0,0,0,0,0,0.0,3,1.5,100.0,4,4,40.0,2.5,2.6,0,0,0.0,100.0,4,0,0.0,4,0,0,63.7,0,0,4,,79.2,0.0,0,0,0,0,0,0,0.0,10,2.5
Taysom Hill,12112,TE,NO,5,6,6,0.0,1,1,16.7,-2.0,1.0,0,0,0.0,0.0,0,0,,1,0,0,59.8,0,0,1,,39.6,0.0,0,0,0,0,0,0,0.0,0,0.0,,0,0,0.0,,,0,0,,,0,0,,0,0,0,,0,0,0,,0.0,,0,0,0,0,0,0,,0,,100.0,1,1,16.7,35.0,2.9,0,0,0.0,100.0,1,0,0.0,1,0,1,76.0,0,0,1,,158.3,0.0,0,0,0,0,1,0,0.0,38,38.0,,0,0,0.0,,,0,0,,,0,0,,0,0,0,,0,0,0,,0.0,,0,0,0,0,0,0,,0,,,0,0,0.0,,,0,0,,,0,0,,0,0,0,,0,0,0,,0.0,,0,0,0,0,0,0,,0,,0,100.0,1,1,16.7,35.0,2.9,0,0,0.0,100.0,1,0,0.0,1,0,1,76.0,0,0,1,,158.3,0.0,0,0,0,0,1,0,0.0,38,38.0,20,,0,0,0.0,,,0,0,,,0,0,,0,0,0,,0,0,0,,0.0,,0,0,0,0,0,0,,0,,,0,0,0.0,,,0,0,,,0,0,,0,0,0,,0,0,0,,0.0,,0,0,0,0,0,0,,0,,,0,0,0.0,,,0,0,,,0,0,,0,0,0,,0,0,0,,0.0,,0,0,0,0,0,0,,0,,,0,0,0.0,,,0,0,,,0,0,,0,0,0,,0,0,0,,0.0,,0,0,0,0,0,0,,0,,100.0,1,1,16.7,19.0,2.3,0,0,0.0,100.0,1,0,0.0,1,0,1,71.9,0,0,1,,118.8,0.0,0,0,0,0,0,0,0.0,19,19.0,0,0.0,1,1,16.7,-2.0,1.0,0,0,0.0,0.0,0,0,,1,0,0,59.8,0,0,1,,39.6,0.0,0,0,0,0,0,0,0.0,0,0.0,,0,0,0.0,,,0,0,,,0,0,,0,0,0,,0,0,0,,0.0,,0,0,0,0,0,0,,0,,100.0,1,1,16.7,19.0,2.3,0,0,0.0,100.0,1,0,0.0,1,0,1,71.9,0,0,1,,118.8,0.0,0,0,0,0,0,0,0.0,19,19.0,,0,0,0.0,,,0,0,,,0,0,,0,0,0,,0,0,0,,0.0,,0,0,0,0,0,0,,0,,,0,0,0.0,,,0,0,,,0,0,,0,0,0,,0,0,0,,0.0,,0,0,0,0,0,0,,0,
Tyson Bagent,169628,QB,CHI,2,4,5,100.0,1,1,25.0,-5.0,3.7,0,0,0.0,100.0,1,1,0.0,1,0,1,60.1,0,0,1,0.0,118.8,0.0,0,0,0,0,0,0,0.0,20,20.0,,0,0,0.0,,,0,0,,,0,0,,0,0,0,,0,0,0,,0.0,,0,0,0,0,0,0,,0,,,0,0,0.0,,,0,0,,,0,0,,0,0,0,,0,0,0,,0.0,,0,0,0,0,0,0,,0,,100.0,1,1,25.0,13.0,2.8,0,0,0.0,100.0,1,0,0.0,1,0,1,71.9,0,0,1,,118.8,0.0,0,0,0,0,0,0,0.0,22,22.0,100.0,1,1,25.0,1.0,2.6,0,0,0.0,100.0,1,0,0.0,1,0,0,60.4,0,0,1,,87.5,0.0,0,0,0,0,0,0,0.0,5,5.0,0,0.0,1,1,25.0,22.0,3.3,0,0,0.0,0.0,0,0,,1,0,0,49.2,0,0,1,,39.6,0.0,0,0,0,0,0,0,0.0,0,0.0,6,100.0,1,1,25.0,-5.0,3.7,0,0,0.0,100.0,1,1,0.0,1,0,1,60.1,0,0,1,0.0,118.8,0.0,0,0,0,0,0,0,0.0,20,20.0,,0,0,0.0,,,0,0,,,0,0,,0,0,0,,0,0,0,,0.0,,0,0,0,0,0,0,,0,,,0,0,0.0,,,0,0,,,0,0,,0,0,0,,0,0,0,,0.0,,0,0,0,0,0,0,,0,,,0,0,0.0,,,0,0,,,0,0,,0,0,0,,0,0,0,,0.0,,0,0,0,0,0,0,,0,,100.0,1,1,25.0,13.0,2.8,0,0,0.0,100.0,1,0,0.0,1,0,1,71.9,0,0,1,,118.8,0.0,0,0,0,0,0,0,0.0,22,22.0,0,,0,0,0.0,,,0,0,,,0,0,,0,0,0,,0,0,0,,0.0,,0,0,0,0,0,0,,0,,0.0,1,1,25.0,22.0,3.3,0,0,0.0,0.0,0,0,,1,0,0,49.2,0,0,1,,39.6,0.0,0,0,0,0,0,0,0.0,0,0.0,,0,0,0.0,,,0,0,,,0,0,,0,0,0,,0,0,0,,0.0,,0,0,0,0,0,0,,0,,,0,0,0.0,,,0,0,,,0,0,,0,0,0,,0,0,0,,0.0,,0,0,0,0,0,0,,0,,100.0,1,1,25.0,1.0,2.6,0,0,0.0,100.0,1,0,0.0,1,0,0,60.4,0,0,1,,87.5,0.0,0,0,0,0,0,0,0.0,5,5.0
David Montgomery,45719,HB,DET,4,2,4,,0,0,0.0,,,0,0,0.0,,0,0,,0,0,0,60.4,0,0,1,,0.0,,0,0,0,0,0,0,0.0,0,,,0,0,0.0,,,0,0,,,0,0,,0,0,0,,0,0,0,,0.0,,0,0,0,0,0,0,,0,,,0,0,0.0,,,0,0,,,0,0,,0,0,0,,0,0,0,,0.0,,0,0,0,0,0,0,,0,,,0,0,0.0,,,0,0,,,0,0,,0,0,0,,0,0,0,,0.0,,0,0,0,0,0,0,,0,,50.0,2,2,100.0,7.5,1.65,0,0,0.0,50.0,1,1,0.0,2,0,1,66.7,0,0,2,0.0,95.8,0.0,0,0,0,0,1,0,0.0,3,1.5,0,,0,0,0.0,,,0,0,,,0,0,,0,0,0,,0,0,0,,0.0,,0,0,0,0,0,0,,0,,11,,0,0,0.0,,,0,0,0.0,,0,0,,0,0,0,60.4,0,0,1,,0.0,,0,0,0,0,0,0,0.0,0,,,0,0,0.0,,,0,0,,,0,0,,0,0,0,,0,0,0,,0.0,,0,0,0,0,0,0,,0,,,0,0,0.0,,,0,0,,,0,0,,0,0,0,,0,0,0,,0.0,,0,0,0,0,0,0,,0,,,0,0,0.0,,,0,0,,,0,0,,0,0,0,,0,0,0,,0.0,,0,0,0,0,0,0,,0,,,0,0,0.0,,,0,0,,,0,0,,0,0,0,,0,0,0,,0.0,,0,0,0,0,0,0,,0,,0,,0,0,0.0,,,0,0,,,0,0,,0,0,0,,0,0,0,,0.0,,0,0,0,0,0,0,,0,,,0,0,0.0,,,0,0,,,0,0,,0,0,0,,0,0,0,,0.0,,0,0,0,0,0,0,,0,,,0,0,0.0,,,0,0,,,0,0,,0,0,0,,0,0,0,,0.0,,0,0,0,0,0,0,,0,,,0,0,0.0,,,0,0,,,0,0,,0,0,0,,0,0,0,,0.0,,0,0,0,0,0,0,,0,,50.0,2,2,100.0,7.5,1.65,0,0,0.0,50.0,1,1,0.0,2,0,1,66.7,0,0,2,0.0,95.8,0.0,0,0,0,0,1,0,0.0,3,1.5
Nick Mullens,12282,QB,JAX,2,3,3,100.0,2,2,66.7,-1.5,1.6,0,0,0.0,100.0,2,0,0.0,2,0,1,61.8,0,0,2,,89.6,0.0,0,0,0,0,0,0,0.0,11,5.5,100.0,2,2,66.7,-1.5,1.6,0,0,0.0,100.0,2,0,0.0,2,0,1,61.8,0,0,2,,89.6,0.0,0,0,0,0,0,0,0.0,11,5.5,,0,0,0.0,,,0,0,,,0,0,,0,0,0,,0,0,0,,0.0,,0,0,0,0,0,0,,0,,,0,0,0.0,,,0,0,,,0,0,,0,0,0,,0,0,0,,0.0,,0,0,0,0,0,0,,0,,100.0,1,1,33.3,6.0,1.9,0,0,0.0,100.0,1,0,0.0,1,0,1,70.4,0,0,1,,100.0,0.0,0,0,0,0,0,0,0.0,8,8.0,0,,0,0,0.0,,,0,0,,,0,0,,0,0,0,,0,0,0,,0.0,,0,0,0,0,0,0,,0,,15,,0,0,0.0,,,0,0,,,0,0,,0,0,0,,0,0,0,,0.0,,0,0,0,0,0,0,,0,,,0,0,0.0,,,0,0,,,0,0,,0,0,0,,0,0,0,,0.0,,0,0,0,0,0,0,,0,,,0,0,0.0,,,0,0,,,0,0,,0,0,0,,0,0,0,,0.0,,0,0,0,0,0,0,,0,,,0,0,0.0,,,0,0,,,0,0,,0,0,0,,0,0,0,,0.0,,0,0,0,0,0,0,,0,,,0,0,0.0,,,0,0,,,0,0,,0,0,0,,0,0,0,,0.0,,0,0,0,0,0,0,,0,,0,,0,0,0.0,,,0,0,,,0,0,,0,0,0,,0,0,0,,0.0,,0,0,0,0,0,0,,0,,,0,0,0.0,,,0,0,,,0,0,,0,0,0,,0,0,0,,0.0,,0,0,0,0,0,0,,0,,,0,0,0.0,,,0,0,,,0,0,,0,0,0,,0,0,0,,0.0,,0,0,0,0,0,0,,0,,,0,0,0.0,,,0,0,,,0,0,,0,0,0,,0,0,0,,0.0,,0,0,0,0,0,0,,0,,100.0,1,1,33.3,6.0,1.9,0,0,0.0,100.0,1,0,0.0,1,0,1,70.4,0,0,1,,100.0,0.0,0,0,0,0,0,0,0.0,8,8.0
Drew Lock,39517,QB,SEA,1,3,3,100.0,1,1,33.3,-6.0,2.6,0,0,0.0,100.0,1,0,0.0,1,0,0,60.4,0,0,1,,83.3,0.0,0,0,0,0,0,0,0.0,4,4.0,100.0,1,1,33.3,-6.0,2.6,0,0,0.0,100.0,1,0,0.0,1,0,0,60.4,0,0,1,,83.3,0.0,0,0,0,0,0,0,0.0,4,4.0,,0,0,0.0,,,0,0,,,0,0,,0,0,0,,0,0,0,,0.0,,0,0,0,0,0,0,,0,,,0,0,0.0,,,0,0,,,0,0,,0,0,0,,0,0,0,,0.0,,0,0,0,0,0,0,,0,,100.0,1,1,33.3,4.0,3.3,0,0,0.0,100.0,1,1,0.0,1,0,1,60.1,0,0,1,0.0,112.5,0.0,0,0,0,0,0,0,0.0,11,11.0,0,,0,0,0.0,,,0,0,,,0,0,,0,0,0,,0,0,0,,0.0,,0,0,0,0,0,0,,0,,29,,0,0,0.0,,,0,0,,,0,0,,0,0,0,,0,0,0,,0.0,,0,0,0,0,0,0,,0,,,0,0,0.0,,,0,0,,,0,0,,0,0,0,,0,0,0,,0.0,,0,0,0,0,0,0,,0,,,0,0,0.0,,,0,0,,,0,0,,0,0,0,,0,0,0,,0.0,,0,0,0,0,0,0,,0,,0.0,1,1,33.3,6.0,2.1,0,0,0.0,0.0,0,0,,1,0,0,43.2,0,0,1,,39.6,0.0,0,0,0,0,0,1,100.0,0,0.0,,0,0,0.0,,,0,0,,,0,0,,0,0,0,,0,0,0,,0.0,,0,0,0,0,0,0,,0,,0,,0,0,0.0,,,0,0,,,0,0,,0,0,0,,0,0,0,,0.0,,0,0,0,0,0,0,,0,,,0,0,0.0,,,0,0,,,0,0,,0,0,0,,0,0,0,,0.0,,0,0,0,0,0,0,,0,,,0,0,0.0,,,0,0,,,0,0,,0,0,0,,0,0,0,,0.0,,0,0,0,0,0,0,,0,,,0,0,0.0,,,0,0,,,0,0,,0,0,0,,0,0,0,,0.0,,0,0,0,0,0,0,,0,,50.0,2,2,66.7,5.0,2.7,0,0,0.0,50.0,1,1,0.0,2,0,1,41.7,0,0,2,0.0,66.7,0.0,0,0,0,0,0,1,50.0,11,5.5
Anthony Richardson,124393,QB,IND,1,2,2,,0,0,0.0,,,0,0,,,0,0,,0,0,0,,0,0,0,,0.0,,0,0,0,0,0,0,,0,,,0,0,0.0,,,0,0,,,0,0,,0,0,0,,0,0,0,,0.0,,0,0,0,0,0,0,,0,,,0,0,0.0,,,0,0,,,0,0,,0,0,0,,0,0,0,,0.0,,0,0,0,0,0,0,,0,,,0,0,0.0,,,0,0,,,0,0,,0,0,0,,0,0,0,,0.0,,0,0,0,0,0,0,,0,,100.0,1,1,50.0,2.0,1.3,0,0,0.0,100.0,1,0,0.0,1,0,1,73.3,0,0,1,,104.2,0.0,0,0,0,0,0,0,0.0,9,9.0,0,0.0,1,1,50.0,35.0,2.7,0,0,0.0,0.0,0,0,,1,0,0,51.7,0,0,1,,39.6,0.0,0,0,0,0,0,0,0.0,0,0.0,14,,0,0,0.0,,,0,0,,,0,0,,0,0,0,,0,0,0,,0.0,,0,0,0,0,0,0,,0,,,0,0,0.0,,,0,0,,,0,0,,0,0,0,,0,0,0,,0.0,,0,0,0,0,0,0,,0,,,0,0,0.0,,,0,0,,,0,0,,0,0,0,,0,0,0,,0.0,,0,0,0,0,0,0,,0,,,0,0,0.0,,,0,0,,,0,0,,0,0,0,,0,0,0,,0.0,,0,0,0,0,0,0,,0,,,0,0,0.0,,,0,0,,,0,0,,0,0,0,,0,0,0,,0.0,,0,0,0,0,0,0,,0,,0,,0,0,0.0,,,0,0,,,0,0,,0,0,0,,0,0,0,,0.0,,0,0,0,0,0,0,,0,,0.0,1,1,50.0,35.0,2.7,0,0,0.0,0.0,0,0,,1,0,0,51.7,0,0,1,,39.6,0.0,0,0,0,0,0,0,0.0,0,0.0,,0,0,0.0,,,0,0,,,0,0,,0,0,0,,0,0,0,,0.0,,0,0,0,0,0,0,,0,,,0,0,0.0,,,0,0,,,0,0,,0,0,0,,0,0,0,,0.0,,0,0,0,0,0,0,,0,,100.0,1,1,50.0,2.0,1.3,0,0,0.0,100.0,1,0,0.0,1,0,1,73.3,0,0,1,,104.2,0.0,0,0,0,0,0,0,0.0,9,9.0
Kedon Slovis,100580,QB,ARZ,2,2,2,100.0,1,1,50.0,-2.0,2.6,0,0,0.0,100.0,1,1,0.0,1,0,0,60.4,0,0,1,0.0,79.2,0.0,0,0,0,0,0,0,0.0,-2,-2.0,,0,0,0.0,,,0,0,,,0,0,,0,0,0,,0,0,0,,0.0,,0,0,0,0,0,0,,0,,,0,0,0.0,,,0,0,,,0,0,,0,0,0,,0,0,0,,0.0,,0,0,0,0,0,0,,0,,,0,0,0.0,,,0,0,,,0,0,,0,0,0,,0,0,0,,0.0,,0,0,0,0,0,0,,0,,,0,0,0.0,,,0,0,,,0,0,,0,0,0,,0,0,0,,0.0,,0,0,0,0,0,0,,0,,0,,0,0,0.0,,,0,0,,,0,0,,0,0,0,,0,0,0,,0.0,,0,0,0,0,0,0,,0,,1,100.0,1,1,50.0,-2.0,2.6,0,0,0.0,100.0,1,1,0.0,1,0,0,60.4,0,0,1,0.0,79.2,0.0,0,0,0,0,0,0,0.0,-2,-2.0,,0,0,0.0,,,0,0,,,0,0,,0,0,0,,0,0,0,,0.0,,0,0,0,0,0,0,,0,,,0,0,0.0,,,0,0,,,0,0,,0,0,0,,0,0,0,,0.0,,0,0,0,0,0,0,,0,,100.0,1,1,50.0,5.0,1.9,0,0,0.0,0.0,0,0,100.0,1,1,0,58.0,0,0,1,,39.6,0.0,0,0,0,0,0,0,0.0,0,0.0,,0,0,0.0,,,0,0,,,0,0,,0,0,0,,0,0,0,,0.0,,0,0,0,0,0,0,,0,,0,,0,0,0.0,,,0,0,,,0,0,,0,0,0,,0,0,0,,0.0,,0,0,0,0,0,0,,0,,,0,0,0.0,,,0,0,,,0,0,,0,0,0,,0,0,0,,0.0,,0,0,0,0,0,0,,0,,,0,0,0.0,,,0,0,,,0,0,,0,0,0,,0,0,0,,0.0,,0,0,0,0,0,0,,0,,,0,0,0.0,,,0,0,,,0,0,,0,0,0,,0,0,0,,0.0,,0,0,0,0,0,0,,0,,100.0,1,1,50.0,5.0,1.9,0,0,0.0,0.0,0,0,100.0,1,1,0,58.0,0,0,1,,39.6,0.0,0,0,0,0,0,0,0.0,0,0.0
Kyle Allen,26152,QB,DET,1,2,2,,0,0,0.0,,,0,0,,,0,0,,0,0,0,,0,0,0,,0.0,,0,0,0,0,0,0,,0,,,0,0,0.0,,,0,0,,,0,0,,0,0,0,,0,0,0,,0.0,,0,0,0,0,0,0,,0,,,0,0,0.0,,,0,0,,,0,0,,0,0,0,,0,0,0,,0.0,,0,0,0,0,0,0,,0,,100.0,1,1,50.0,11.0,2.3,0,0,0.0,0.0,0,0,100.0,1,1,0,71.9,0,0,1,,39.6,0.0,0,0,0,0,0,0,0.0,0,0.0,,0,0,0.0,,,0,0,,,0,0,,0,0,0,,0,0,0,,0.0,,0,0,0,0,0,0,,0,,0,,0,0,0.0,,,0,0,,,0,0,,0,0,0,,0,0,0,,0.0,,0,0,0,0,0,0,,0,,11,,0,0,0.0,,,0,0,,,0,0,,0,0,0,,0,0,0,,0.0,,0,0,0,0,0,0,,0,,,0,0,0.0,,,0,0,,,0,0,,0,0,0,,0,0,0,,0.0,,0,0,0,0,0,0,,0,,,0,0,0.0,,,0,0,,,0,0,,0,0,0,,0,0,0,,0.0,,0,0,0,0,0,0,,0,,,0,0,0.0,,,0,0,,,0,0,,0,0,0,,0,0,0,,0.0,,0,0,0,0,0,0,,0,,100.0,1,1,50.0,11.0,2.3,0,0,0.0,0.0,0,0,100.0,1,1,0,71.9,0,0,1,,39.6,0.0,0,0,0,0,0,0,0.0,0,0.0,0,,0,0,0.0,,,0,0,,,0,0,,0,0,0,,0,0,0,,0.0,,0,0,0,0,0,0,,0,,,0,0,0.0,,,0,0,,,0,0,,0,0,0,,0,0,0,,0.0,,0,0,0,0,0,0,,0,,,0,0,0.0,,,0,0,,,0,0,,0,0,0,,0,0,0,,0.0,,0,0,0,0,0,0,,0,,0.0,1,1,50.0,1.0,2.2,0,0,0.0,0.0,0,0,,1,0,0,60.1,0,0,1,,39.6,0.0,0,0,0,0,0,0,0.0,0,0.0,0.0,1,1,50.0,1.0,2.2,0,0,0.0,0.0,0,0,,1,0,0,60.1,0,0,1,,39.6,0.0,0,0,0,0,0,0,0.0,0,0.0
Gunner Olszewski,95015,WR,NYG,2,2,2,,0,0,0.0,,,0,0,,,0,0,,0,0,0,,0,0,0,,0.0,,0,0,0,0,0,0,,0,,,0,0,0.0,,,0,0,,,0,0,,0,0,0,,0,0,0,,0.0,,0,0,0,0,0,0,,0,,,0,0,0.0,,,0,0,,,0,0,,0,0,0,,0,0,0,,0.0,,0,0,0,0,0,0,,0,,,0,0,0.0,,,0,0,,,0,0,,0,0,0,,0,0,0,,0.0,,0,0,0,0,0,0,,0,,,0,0,0.0,,,0,0,,,0,0,,0,0,0,,0,0,0,,0.0,,0,0,0,0,0,0,,0,,0,,0,0,0.0,,,0,0,,,0,0,,0,0,0,,0,0,0,,0.0,,0,0,0,0,0,0,,0,,21,,0,0,0.0,,,0,0,,,0,0,,0,0,0,,0,0,0,,0.0,,0,0,0,0,0,0,,0,,,0,0,0.0,,,0,0,,,0,0,,0,0,0,,0,0,0,,0.0,,0,0,0,0,0,0,,0,,100.0,1,1,50.0,15.0,5.3,0,0,0.0,100.0,1,1,0.0,1,0,1,68.8,0,0,1,0.0,158.3,0.0,0,0,0,0,1,0,0.0,33,33.0,,0,0,0.0,,,0,0,,,0,0,,0,0,0,,0,0,0,,0.0,,0,0,0,0,0,0,,0,,50.0,2,2,100.0,13.5,4.35,0,0,0.0,50.0,1,1,0.0,2,0,1,58.5,0,0,2,0.0,135.4,0.0,0,0,0,0,1,0,0.0,33,16.5,0,,0,0,0.0,,,0,0,,,0,0,,0,0,0,,0,0,0,,0.0,,0,0,0,0,0,0,,0,,,0,0,0.0,,,0,0,,,0,0,,0,0,0,,0,0,0,,0.0,,0,0,0,0,0,0,,0,,0.0,1,1,50.0,12.0,3.4,0,0,0.0,0.0,0,0,,1,0,0,49.6,0,0,1,,39.6,0.0,0,0,0,0,0,0,0.0,0,0.0,,0,0,0.0,,,0,0,,,0,0,,0,0,0,,0,0,0,,0.0,,0,0,0,0,0,0,,0,,,0,0,0.0,,,0,0,,,0,0,,0,0,0,,0,0,0,,0.0,,0,0,0,0,0,0,,0,
Cole Kmet,60995,TE,CHI,2,1,2,,0,0,0.0,,,0,0,,,0,0,,0,0,0,,0,0,0,,0.0,,0,0,0,0,0,0,,0,,,0,0,0.0,,,0,0,,,0,0,,0,0,0,,0,0,0,,0.0,,0,0,0,0,0,0,,0,,,0,0,0.0,,,0,0,,,0,0,,0,0,0,,0,0,0,,0.0,,0,0,0,0,0,0,,0,,,0,0,0.0,,,0,0,,,0,0,,0,0,0,,0,0,0,,0.0,,0,0,0,0,0,0,,0,,,0,0,0.0,,,0,0,,,0,0,,0,0,0,,0,0,0,,0.0,,0,0,0,0,0,0,,0,,0,,0,0,0.0,,,0,0,,,0,0,,0,0,0,,0,0,0,,0.0,,0,0,0,0,0,0,,0,,6,,0,0,0.0,,,0,0,,,0,0,,0,0,0,,0,0,0,,0.0,,0,0,0,0,0,0,,0,,,0,0,0.0,,,0,0,,,0,0,,0,0,0,,0,0,0,,0.0,,0,0,0,0,0,0,,0,,,0,0,0.0,,,0,0,,,0,0,,0,0,0,,0,0,0,,0.0,,0,0,0,0,0,0,,0,,,0,0,0.0,,,0,0,,,0,0,,0,0,0,,0,0,0,,0.0,,0,0,0,0,0,0,,0,,0.0,1,1,100.0,13.0,4.8,0,0,0.0,0.0,0,0,,1,0,0,70.7,0,0,1,,39.6,0.0,0,0,0,0,0,0,0.0,0,0.0,0,,0,0,0.0,,,0,0,,,0,0,,0,0,0,,0,0,0,,0.0,,0,0,0,0,0,0,,0,,,0,0,0.0,,,0,0,,,0,0,,0,0,0,,0,0,0,,0.0,,0,0,0,0,0,0,,0,,0.0,1,1,100.0,13.0,4.8,0,0,0.0,0.0,0,0,,1,0,0,70.7,0,0,1,,39.6,0.0,0,0,0,0,0,0,0.0,0,0.0,,0,0,0.0,,,0,0,,,0,0,,0,0,0,,0,0,0,,0.0,,0,0,0,0,0,0,,0,,,0,0,0.0,,,0,0,,,0,0,,0,0,0,,0,0,0,,0.0,,0,0,0,0,0,0,,0,
Austin McNamara,99363,P,NYJ,1,1,1,,0,0,0.0,,,0,0,,,0,0,,0,0,0,,0,0,0,,0.0,,0,0,0,0,0,0,,0,,,0,0,0.0,,,0,0,,,0,0,,0,0,0,,0,0,0,,0.0,,0,0,0,0,0,0,,0,,,0,0,0.0,,,0,0,,,0,0,,0,0,0,,0,0,0,,0.0,,0,0,0,0,0,0,,0,,,0,0,0.0,,,0,0,,,0,0,,0,0,0,,0,0,0,,0.0,,0,0,0,0,0,0,,0,,100.0,1,1,100.0,3.0,2.9,0,0,0.0,100.0,1,0,0.0,1,0,1,66.9,0,0,1,,79.2,0.0,0,0,0,0,0,0,0.0,3,3.0,0,,0,0,0.0,,,0,0,,,0,0,,0,0,0,,0,0,0,,0.0,,0,0,0,0,0,0,,0,,22,,0,0,0.0,,,0,0,,,0,0,,0,0,0,,0,0,0,,0.0,,0,0,0,0,0,0,,0,,,0,0,0.0,,,0,0,,,0,0,,0,0,0,,0,0,0,,0.0,,0,0,0,0,0,0,,0,,,0,0,0.0,,,0,0,,,0,0,,0,0,0,,0,0,0,,0.0,,0,0,0,0,0,0,,0,,,0,0,0.0,,,0,0,,,0,0,,0,0,0,,0,0,0,,0.0,,0,0,0,0,0,0,,0,,,0,0,0.0,,,0,0,,,0,0,,0,0,0,,0,0,0,,0.0,,0,0,0,0,0,0,,0,,0,,0,0,0.0,,,0,0,,,0,0,,0,0,0,,0,0,0,,0.0,,0,0,0,0,0,0,,0,,,0,0,0.0,,,0,0,,,0,0,,0,0,0,,0,0,0,,0.0,,0,0,0,0,0,0,,0,,,0,0,0.0,,,0,0,,,0,0,,0,0,0,,0,0,0,,0.0,,0,0,0,0,0,0,,0,,,0,0,0.0,,,0,0,,,0,0,,0,0,0,,0,0,0,,0.0,,0,0,0,0,0,0,,0,,100.0,1,1,100.0,3.0,2.9,0,0,0.0,100.0,1,0,0.0,1,0,1,66.9,0,0,1,,79.2,0.0,0,0,0,0,0,0,0.0,3,3.0
RJ Harvey,99622,HB,DEN,1,1,1,,0,0,0.0,,,0,0,,,0,0,,0,0,0,,0,0,0,,0.0,,0,0,0,0,0,0,,0,,,0,0,0.0,,,0,0,,,0,0,,0,0,0,,0,0,0,,0.0,,0,0,0,0,0,0,,0,,,0,0,0.0,,,0,0,,,0,0,,0,0,0,,0,0,0,,0.0,,0,0,0,0,0,0,,0,,,0,0,0.0,,,0,0,,,0,0,,0,0,0,,0,0,0,,0.0,,0,0,0,0,0,0,,0,,,0,0,0.0,,,0,0,,,0,0,,0,0,0,,0,0,0,,0.0,,0,0,0,0,0,0,,0,,0,,0,0,0.0,,,0,0,,,0,0,,0,0,0,,0,0,0,,0.0,,0,0,0,0,0,0,,0,,10,,0,0,0.0,,,0,0,,,0,0,,0,0,0,,0,0,0,,0.0,,0,0,0,0,0,0,,0,,,0,0,0.0,,,0,0,,,0,0,,0,0,0,,0,0,0,,0.0,,0,0,0,0,0,0,,0,,,0,0,0.0,,,0,0,,,0,0,,0,0,0,,0,0,0,,0.0,,0,0,0,0,0,0,,0,,0.0,1,1,100.0,2.0,3.4,0,0,0.0,0.0,0,0,,1,0,0,59.0,0,0,1,,39.6,0.0,0,0,0,0,0,1,100.0,0,0.0,,0,0,0.0,,,0,0,,,0,0,,0,0,0,,0,0,0,,0.0,,0,0,0,0,0,0,,0,,0,,0,0,0.0,,,0,0,,,0,0,,0,0,0,,0,0,0,,0.0,,0,0,0,0,0,0,,0,,,0,0,0.0,,,0,0,,,0,0,,0,0,0,,0,0,0,,0.0,,0,0,0,0,0,0,,0,,,0,0,0.0,,,0,0,,,0,0,,0,0,0,,0,0,0,,0.0,,0,0,0,0,0,0,,0,,,0,0,0.0,,,0,0,,,0,0,,0,0,0,,0,0,0,,0.0,,0,0,0,0,0,0,,0,,0.0,1,1,100.0,2.0,3.4,0,0,0.0,0.0,0,0,,1,0,0,59.0,0,0,1,,39.6,0.0,0,0,0,0,0,1,100.0,0,0.0
Xavier Hutchinson,122518,WR,HST,1,0,1,,0,0,,,,0,0,,,0,0,,0,0,0,,0,0,0,,0.0,,0,0,0,0,0,0,,0,,,0,0,,,,0,0,,,0,0,,0,0,0,,0,0,0,,0.0,,0,0,0,0,0,0,,0,,,0,0,,,,0,0,,,0,0,,0,0,0,,0,0,0,,0.0,,0,0,0,0,0,0,,0,,,0,0,,,,0,0,,,0,0,,0,0,0,,0,0,0,,0.0,,0,0,0,0,0,0,,0,,,0,0,,,,0,0,,,0,0,,0,0,0,,0,0,0,,0.0,,0,0,0,0,0,0,,0,,0,,0,0,,,,0,0,,,0,0,,0,0,0,,0,0,0,,0.0,,0,0,0,0,0,0,,0,,13,,0,0,,,,0,0,,,0,0,,0,0,0,,0,0,0,,0.0,,0,0,0,0,0,0,,0,,,0,0,,,,0,0,,,0,0,,0,0,0,,0,0,0,,0.0,,0,0,0,0,0,0,,0,,,0,0,,,,0,0,,,0,0,,0,0,0,,0,0,0,,0.0,,0,0,0,0,0,0,,0,,,0,0,,,,0,0,,,0,0,,0,0,0,,0,0,0,,0.0,,0,0,0,0,0,0,,0,,,0,0,,,,0,0,,,0,0,,0,0,0,,0,0,0,,0.0,,0,0,0,0,0,0,,0,,0,,0,0,,,,0,0,,,0,0,,0,0,0,,0,0,0,,0.0,,0,0,0,0,0,0,,0,,,0,0,,,,0,0,,,0,0,,0,0,0,,0,0,0,,0.0,,0,0,0,0,0,0,,0,,,0,0,,,,0,0,,,0,0,,0,0,0,,0,0,0,,0.0,,0,0,0,0,0,0,,0,,,0,0,,,,0,0,,,0,0,,0,0,0,,0,0,0,,0.0,,0,0,0,0,0,0,,0,,,0,0,,,,0,0,,,0,0,,0,0,0,,0,0,0,,0.0,,0,0,0,0,0,0,,0,
Jaylen Waddle,84088,WR,MIA,1,1,1,100.0,1,1,100.0,-4.0,3.2,0,0,0.0,100.0,1,0,0.0,1,0,0,60.3,0,0,1,,100.0,0.0,0,0,0,0,0,0,0.0,8,8.0,,0,0,0.0,,,0,0,,,0,0,,0,0,0,,0,0,0,,0.0,,0,0,0,0,0,0,,0,,,0,0,0.0,,,0,0,,,0,0,,0,0,0,,0,0,0,,0.0,,0,0,0,0,0,0,,0,,,0,0,0.0,,,0,0,,,0,0,,0,0,0,,0,0,0,,0.0,,0,0,0,0,0,0,,0,,,0,0,0.0,,,0,0,,,0,0,,0,0,0,,0,0,0,,0.0,,0,0,0,0,0,0,,0,,0,,0,0,0.0,,,0,0,,,0,0,,0,0,0,,0,0,0,,0.0,,0,0,0,0,0,0,,0,,17,,0,0,0.0,,,0,0,,,0,0,,0,0,0,,0,0,0,,0.0,,0,0,0,0,0,0,,0,,,0,0,0.0,,,0,0,,,0,0,,0,0,0,,0,0,0,,0.0,,0,0,0,0,0,0,,0,,,0,0,0.0,,,0,0,,,0,0,,0,0,0,,0,0,0,,0.0,,0,0,0,0,0,0,,0,,,0,0,0.0,,,0,0,,,0,0,,0,0,0,,0,0,0,,0.0,,0,0,0,0,0,0,,0,,,0,0,0.0,,,0,0,,,0,0,,0,0,0,,0,0,0,,0.0,,0,0,0,0,0,0,,0,,0,100.0,1,1,100.0,-4.0,3.2,0,0,0.0,100.0,1,0,0.0,1,0,0,60.3,0,0,1,,100.0,0.0,0,0,0,0,0,0,0.0,8,8.0,,0,0,0.0,,,0,0,,,0,0,,0,0,0,,0,0,0,,0.0,,0,0,0,0,0,0,,0,,,0,0,0.0,,,0,0,,,0,0,,0,0,0,,0,0,0,,0.0,,0,0,0,0,0,0,,0,,,0,0,0.0,,,0,0,,,0,0,,0,0,0,,0,0,0,,0.0,,0,0,0,0,0,0,,0,,,0,0,0.0,,,0,0,,,0,0,,0,0,0,,0,0,0,,0.0,,0,0,0,0,0,0,,0,
Cooper Kupp,11824,WR,SEA,1,1,1,,0,0,0.0,,,0,0,,,0,0,,0,0,0,,0,0,0,,0.0,,0,0,0,0,0,0,,0,,,0,0,0.0,,,0,0,,,0,0,,0,0,0,,0,0,0,,0.0,,0,0,0,0,0,0,,0,,,0,0,0.0,,,0,0,,,0,0,,0,0,0,,0,0,0,,0.0,,0,0,0,0,0,0,,0,,,0,0,0.0,,,0,0,,,0,0,,0,0,0,,0,0,0,,0.0,,0,0,0,0,0,0,,0,,0.0,1,1,100.0,7.0,3.6,0,0,0.0,0.0,0,1,,1,0,0,45.5,0,1,1,0.0,0.0,0.0,0,0,0,0,0,1,100.0,0,0.0,0,,0,0,0.0,,,0,0,,,0,0,,0,0,0,,0,0,0,,0.0,,0,0,0,0,0,0,,0,,29,,0,0,0.0,,,0,0,,,0,0,,0,0,0,,0,0,0,,0.0,,0,0,0,0,0,0,,0,,,0,0,0.0,,,0,0,,,0,0,,0,0,0,,0,0,0,,0.0,,0,0,0,0,0,0,,0,,,0,0,0.0,,,0,0,,,0,0,,0,0,0,,0,0,0,,0.0,,0,0,0,0,0,0,,0,,,0,0,0.0,,,0,0,,,0,0,,0,0,0,,0,0,0,,0.0,,0,0,0,0,0,0,,0,,,0,0,0.0,,,0,0,,,0,0,,0,0,0,,0,0,0,,0.0,,0,0,0,0,0,0,,0,,0,,0,0,0.0,,,0,0,,,0,0,,0,0,0,,0,0,0,,0.0,,0,0,0,0,0,0,,0,,,0,0,0.0,,,0,0,,,0,0,,0,0,0,,0,0,0,,0.0,,0,0,0,0,0,0,,0,,,0,0,0.0,,,0,0,,,0,0,,0,0,0,,0,0,0,,0.0,,0,0,0,0,0,0,,0,,,0,0,0.0,,,0,0,,,0,0,,0,0,0,,0,0,0,,0.0,,0,0,0,0,0,0,,0,,0.0,1,1,100.0,7.0,3.6,0,0,0.0,0.0,0,1,,1,0,0,45.5,0,1,1,0.0,0.0,0.0,0,0,0,0,0,1,100.0,0,0.0
Christian McCaffrey,11763,HB,SF,1,1,1,,0,0,0.0,,,0,0,,,0,0,,0,0,0,,0,0,0,,0.0,,0,0,0,0,0,0,,0,,,0,0,0.0,,,0,0,,,0,0,,0,0,0,,0,0,0,,0.0,,0,0,0,0,0,0,,0,,,0,0,0.0,,,0,0,,,0,0,,0,0,0,,0,0,0,,0.0,,0,0,0,0,0,0,,0,,,0,0,0.0,,,0,0,,,0,0,,0,0,0,,0,0,0,,0.0,,0,0,0,0,0,0,,0,,,0,0,0.0,,,0,0,,,0,0,,0,0,0,,0,0,0,,0.0,,0,0,0,0,0,0,,0,,0,,0,0,0.0,,,0,0,,,0,0,,0,0,0,,0,0,0,,0.0,,0,0,0,0,0,0,,0,,28,,0,0,0.0,,,0,0,,,0,0,,0,0,0,,0,0,0,,0.0,,0,0,0,0,0,0,,0,,,0,0,0.0,,,0,0,,,0,0,,0,0,0,,0,0,0,,0.0,,0,0,0,0,0,0,,0,,,0,0,0.0,,,0,0,,,0,0,,0,0,0,,0,0,0,,0.0,,0,0,0,0,0,0,,0,,,0,0,0.0,,,0,0,,,0,0,,0,0,0,,0,0,0,,0.0,,0,0,0,0,0,0,,0,,,0,0,0.0,,,0,0,,,0,0,,0,0,0,,0,0,0,,0.0,,0,0,0,0,0,0,,0,,0,,0,0,0.0,,,0,0,,,0,0,,0,0,0,,0,0,0,,0.0,,0,0,0,0,0,0,,0,,,0,0,0.0,,,0,0,,,0,0,,0,0,0,,0,0,0,,0.0,,0,0,0,0,0,0,,0,,,0,0,0.0,,,0,0,,,0,0,,0,0,0,,0,0,0,,0.0,,0,0,0,0,0,0,,0,,,0,0,0.0,,,0,0,,,0,0,,0,0,0,,0,0,0,,0.0,,0,0,0,0,0,0,,0,,,0,0,0.0,,,0,0,,,0,0,,0,0,0,,0,0,0,,0.0,,0,0,0,0,0,0,,0,
D'Andre Swift,57212,HB,CHI,1,0,1,,0,0,,,,0,0,,,0,0,,0,0,0,,0,0,0,,0.0,,0,0,0,0,0,0,,0,,,0,0,,,,0,0,,,0,0,,0,0,0,,0,0,0,,0.0,,0,0,0,0,0,0,,0,,,0,0,,,,0,0,,,0,0,,0,0,0,,0,0,0,,0.0,,0,0,0,0,0,0,,0,,,0,0,,,,0,0,,,0,0,,0,0,0,,0,0,0,,0.0,,0,0,0,0,0,0,,0,,,0,0,,,,0,0,,,0,0,,0,0,0,,0,0,0,,0.0,,0,0,0,0,0,0,,0,,0,,0,0,,,,0,0,,,0,0,,0,0,0,,0,0,0,,0.0,,0,0,0,0,0,0,,0,,6,,0,0,,,,0,0,,,0,0,,0,0,0,,0,0,0,,0.0,,0,0,0,0,0,0,,0,,,0,0,,,,0,0,,,0,0,,0,0,0,,0,0,0,,0.0,,0,0,0,0,0,0,,0,,,0,0,,,,0,0,,,0,0,,0,0,0,,0,0,0,,0.0,,0,0,0,0,0,0,,0,,,0,0,,,,0,0,,,0,0,,0,0,0,,0,0,0,,0.0,,0,0,0,0,0,0,,0,,,0,0,,,,0,0,,,0,0,,0,0,0,,0,0,0,,0.0,,0,0,0,0,0,0,,0,,0,,0,0,,,,0,0,,,0,0,,0,0,0,,0,0,0,,0.0,,0,0,0,0,0,0,,0,,,0,0,,,,0,0,,,0,0,,0,0,0,,0,0,0,,0.0,,0,0,0,0,0,0,,0,,,0,0,,,,0,0,,,0,0,,0,0,0,,0,0,0,,0.0,,0,0,0,0,0,0,,0,,,0,0,,,,0,0,,,0,0,,0,0,0,,0,0,0,,0.0,,0,0,0,0,0,0,,0,,,0,0,,,,0,0,,,0,0,,0,0,0,,0,0,0,,0.0,,0,0,0,0,0,0,,0,
Tyler Warren,129798,TE,IND,1,1,1,,0,0,0.0,,,0,0,,,0,0,,0,0,0,,0,0,0,,0.0,,0,0,0,0,0,0,,0,,,0,0,0.0,,,0,0,,,0,0,,0,0,0,,0,0,0,,0.0,,0,0,0,0,0,0,,0,,,0,0,0.0,,,0,0,,,0,0,,0,0,0,,0,0,0,,0.0,,0,0,0,0,0,0,,0,,,0,0,0.0,,,0,0,,,0,0,,0,0,0,,0,0,0,,0.0,,0,0,0,0,0,0,,0,,,0,0,0.0,,,0,0,,,0,0,,0,0,0,,0,0,0,,0.0,,0,0,0,0,0,0,,0,,0,,0,0,0.0,,,0,0,,,0,0,,0,0,0,,0,0,0,,0.0,,0,0,0,0,0,0,,0,,14,,0,0,0.0,,,0,0,,,0,0,,0,0,0,,0,0,0,,0.0,,0,0,0,0,0,0,,0,,,0,0,0.0,,,0,0,,,0,0,,0,0,0,,0,0,0,,0.0,,0,0,0,0,0,0,,0,,,0,0,0.0,,,0,0,,,0,0,,0,0,0,,0,0,0,,0.0,,0,0,0,0,0,0,,0,,,0,0,0.0,,,0,0,,,0,0,,0,0,0,,0,0,0,,0.0,,0,0,0,0,0,0,,0,,,0,0,0.0,,,0,0,,,0,0,,0,0,0,,0,0,0,,0.0,,0,0,0,0,0,0,,0,,0,,0,0,0.0,,,0,0,,,0,0,,0,0,0,,0,0,0,,0.0,,0,0,0,0,0,0,,0,,,0,0,0.0,,,0,0,,,0,0,,0,0,0,,0,0,0,,0.0,,0,0,0,0,0,0,,0,,,0,0,0.0,,,0,0,,,0,0,,0,0,0,,0,0,0,,0.0,,0,0,0,0,0,0,,0,,,0,0,0.0,,,0,0,,,0,0,,0,0,0,,0,0,0,,0.0,,0,0,0,0,0,0,,0,,,0,0,0.0,,,0,0,,,0,0,,0,0,0,,0,0,0,,0.0,,0,0,0,0,0,0,,0,
Cam Akers,57206,HB,SEA,1,1,1,,0,0,0.0,,,0,0,,,0,0,,0,0,0,,0,0,0,,0.0,,0,0,0,0,0,0,,0,,,0,0,0.0,,,0,0,,,0,0,,0,0,0,,0,0,0,,0.0,,0,0,0,0,0,0,,0,,,0,0,0.0,,,0,0,,,0,0,,0,0,0,,0,0,0,,0.0,,0,0,0,0,0,0,,0,,100.0,1,1,100.0,15.0,2.3,0,0,0.0,100.0,1,0,0.0,1,0,1,70.7,0,0,1,,158.3,0.0,0,0,0,0,1,0,0.0,32,32.0,,0,0,0.0,,,0,0,,,0,0,,0,0,0,,0,0,0,,0.0,,0,0,0,0,0,0,,0,,0,,0,0,0.0,,,0,0,,,0,0,,0,0,0,,0,0,0,,0.0,,0,0,0,0,0,0,,0,,29,,0,0,0.0,,,0,0,,,0,0,,0,0,0,,0,0,0,,0.0,,0,0,0,0,0,0,,0,,,0,0,0.0,,,0,0,,,0,0,,0,0,0,,0,0,0,,0.0,,0,0,0,0,0,0,,0,,,0,0,0.0,,,0,0,,,0,0,,0,0,0,,0,0,0,,0.0,,0,0,0,0,0,0,,0,,,0,0,0.0,,,0,0,,,0,0,,0,0,0,,0,0,0,,0.0,,0,0,0,0,0,0,,0,,100.0,1,1,100.0,15.0,2.3,0,0,0.0,100.0,1,0,0.0,1,0,1,70.7,0,0,1,,158.3,0.0,0,0,0,0,1,0,0.0,32,32.0,0,,0,0,0.0,,,0,0,,,0,0,,0,0,0,,0,0,0,,0.0,,0,0,0,0,0,0,,0,,,0,0,0.0,,,0,0,,,0,0,,0,0,0,,0,0,0,,0.0,,0,0,0,0,0,0,,0,,,0,0,0.0,,,0,0,,,0,0,,0,0,0,,0,0,0,,0.0,,0,0,0,0,0,0,,0,,,0,0,0.0,,,0,0,,,0,0,,0,0,0,,0,0,0,,0.0,,0,0,0,0,0,0,,0,,,0,0,0.0,,,0,0,,,0,0,,0,0,0,,0,0,0,,0.0,,0,0,0,0,0,0,,0,
Marte Mapu,56159,LB,NE,1,0,1,,0,0,,,,0,0,,,0,0,,0,0,0,,0,0,0,,0.0,,0,0,0,0,0,0,,0,,,0,0,,,,0,0,,,0,0,,0,0,0,,0,0,0,,0.0,,0,0,0,0,0,0,,0,,,0,0,,,,0,0,,,0,0,,0,0,0,,0,0,0,,0.0,,0,0,0,0,0,0,,0,,,0,0,,,,0,0,,,0,0,,0,0,0,,0,0,0,,0.0,,0,0,0,0,0,0,,0,,,0,0,,,,0,0,,,0,0,,0,0,0,,0,0,0,,0.0,,0,0,0,0,0,0,,0,,0,,0,0,,,,0,0,,,0,0,,0,0,0,,0,0,0,,0.0,,0,0,0,0,0,0,,0,,19,,0,0,,,,0,0,,,0,0,,0,0,0,,0,0,0,,0.0,,0,0,0,0,0,0,,0,,,0,0,,,,0,0,,,0,0,,0,0,0,,0,0,0,,0.0,,0,0,0,0,0,0,,0,,,0,0,,,,0,0,,,0,0,,0,0,0,,0,0,0,,0.0,,0,0,0,0,0,0,,0,,,0,0,,,,0,0,,,0,0,,0,0,0,,0,0,0,,0.0,,0,0,0,0,0,0,,0,,,0,0,,,,0,0,,,0,0,,0,0,0,,0,0,0,,0.0,,0,0,0,0,0,0,,0,,0,,0,0,,,,0,0,,,0,0,,0,0,0,,0,0,0,,0.0,,0,0,0,0,0,0,,0,,,0,0,,,,0,0,,,0,0,,0,0,0,,0,0,0,,0.0,,0,0,0,0,0,0,,0,,,0,0,,,,0,0,,,0,0,,0,0,0,,0,0,0,,0.0,,0,0,0,0,0,0,,0,,,0,0,,,,0,0,,,0,0,,0,0,0,,0,0,0,,0.0,,0,0,0,0,0,0,,0,,,0,0,,,,0,0,,,0,0,,0,0,0,,0,0,0,,0.0,,0,0,0,0,0,0,,0,
Derrick Henry,10679,HB,BLT,1,1,1,,0,0,0.0,,,0,0,,,0,0,,0,0,0,,0,0,0,,0.0,,0,0,0,0,0,0,,0,,,0,0,0.0,,,0,0,,,0,0,,0,0,0,,0,0,0,,0.0,,0,0,0,0,0,0,,0,,,0,0,0.0,,,0,0,,,0,0,,0,0,0,,0,0,0,,0.0,,0,0,0,0,0,0,,0,,,0,0,0.0,,,0,0,,,0,0,,0,0,0,,0,0,0,,0.0,,0,0,0,0,0,0,,0,,,0,0,0.0,,,0,0,,,0,0,,0,0,0,,0,0,0,,0.0,,0,0,0,0,0,0,,0,,0,,0,0,0.0,,,0,0,,,0,0,,0,0,0,,0,0,0,,0.0,,0,0,0,0,0,0,,0,,3,,0,0,0.0,,,0,0,,,0,0,,0,0,0,,0,0,0,,0.0,,0,0,0,0,0,0,,0,,,0,0,0.0,,,0,0,,,0,0,,0,0,0,,0,0,0,,0.0,,0,0,0,0,0,0,,0,,,0,0,0.0,,,0,0,,,0,0,,0,0,0,,0,0,0,,0.0,,0,0,0,0,0,0,,0,,,0,0,0.0,,,0,0,,,0,0,,0,0,0,,0,0,0,,0.0,,0,0,0,0,0,0,,0,,0.0,1,1,100.0,14.0,3.2,0,0,0.0,0.0,0,1,,1,0,0,48.9,0,0,1,0.0,39.6,0.0,0,0,0,0,0,0,0.0,0,0.0,0,,0,0,0.0,,,0,0,,,0,0,,0,0,0,,0,0,0,,0.0,,0,0,0,0,0,0,,0,,,0,0,0.0,,,0,0,,,0,0,,0,0,0,,0,0,0,,0.0,,0,0,0,0,0,0,,0,,0.0,1,1,100.0,14.0,3.2,0,0,0.0,0.0,0,1,,1,0,0,48.9,0,0,1,0.0,39.6,0.0,0,0,0,0,0,0,0.0,0,0.0,,0,0,0.0,,,0,0,,,0,0,,0,0,0,,0,0,0,,0.0,,0,0,0,0,0,0,,0,,,0,0,0.0,,,0,0,,,0,0,,0,0,0,,0,0,0,,0.0,,0,0,0,0,0,0,,0,
Efton Chism III,141521,WR,NE,1,1,1,,0,0,0.0,,,0,0,,,0,0,,0,0,0,,0,0,0,,0.0,,0,0,0,0,0,0,,0,,,0,0,0.0,,,0,0,,,0,0,,0,0,0,,0,0,0,,0.0,,0,0,0,0,0,0,,0,,,0,0,0.0,,,0,0,,,0,0,,0,0,0,,0,0,0,,0.0,,0,0,0,0,0,0,,0,,,0,0,0.0,,,0,0,,,0,0,,0,0,0,,0,0,0,,0.0,,0,0,0,0,0,0,,0,,,0,0,0.0,,,0,0,,,0,0,,0,0,0,,0,0,0,,0.0,,0,0,0,0,0,0,,0,,0,,0,0,0.0,,,0,0,,,0,0,,0,0,0,,0,0,0,,0.0,,0,0,0,0,0,0,,0,,19,,0,0,0.0,,,0,0,,,0,0,,0,0,0,,0,0,0,,0.0,,0,0,0,0,0,0,,0,,,0,0,0.0,,,0,0,,,0,0,,0,0,0,,0,0,0,,0.0,,0,0,0,0,0,0,,0,,,0,0,0.0,,,0,0,,,0,0,,0,0,0,,0,0,0,,0.0,,0,0,0,0,0,0,,0,,,0,0,0.0,,,0,0,,,0,0,,0,0,0,,0,0,0,,0.0,,0,0,0,0,0,0,,0,,0.0,1,1,100.0,11.0,4.5,0,0,0.0,0.0,0,0,,1,0,0,49.8,0,0,1,,39.6,0.0,0,0,0,0,0,0,0.0,0,0.0,0,,0,0,0.0,,,0,0,,,0,0,,0,0,0,,0,0,0,,0.0,,0,0,0,0,0,0,,0,,,0,0,0.0,,,0,0,,,0,0,,0,0,0,,0,0,0,,0.0,,0,0,0,0,0,0,,0,,0.0,1,1,100.0,11.0,4.5,0,0,0.0,0.0,0,0,,1,0,0,49.8,0,0,1,,39.6,0.0,0,0,0,0,0,0,0.0,0,0.0,,0,0,0.0,,,0,0,,,0,0,,0,0,0,,0,0,0,,0.0,,0,0,0,0,0,0,,0,,,0,0,0.0,,,0,0,,,0,0,,0,0,0,,0,0,0,,0.0,,0,0,0,0,0,0,,0,
Brett Rypien,46487,QB,MIN,1,0,1,,0,0,,,,0,0,,,0,0,,0,0,0,,0,0,0,,0.0,,0,0,0,0,0,0,,0,,,0,0,,,,0,0,,,0,0,,0,0,0,,0,0,0,,0.0,,0,0,0,0,0,0,,0,,,0,0,,,,0,0,,,0,0,,0,0,0,,0,0,0,,0.0,,0,0,0,0,0,0,,0,,,0,0,,,,0,0,,,0,0,,0,0,0,,0,0,0,,0.0,,0,0,0,0,0,0,,0,,,0,0,,,,0,0,,,0,0,,0,0,0,,0,0,0,,0.0,,0,0,0,0,0,0,,0,,0,,0,0,,,,0,0,,,0,0,,0,0,0,,0,0,0,,0.0,,0,0,0,0,0,0,,0,,18,,0,0,,,,0,0,,,0,0,,0,0,0,,0,0,0,,0.0,,0,0,0,0,0,0,,0,,,0,0,,,,0,0,,,0,0,,0,0,0,,0,0,0,,0.0,,0,0,0,0,0,0,,0,,,0,0,,,,0,0,,,0,0,,0,0,0,,0,0,0,,0.0,,0,0,0,0,0,0,,0,,,0,0,,,,0,0,,,0,0,,0,0,0,,0,0,0,,0.0,,0,0,0,0,0,0,,0,,,0,0,,,,0,0,,,0,0,,0,0,0,,0,0,0,,0.0,,0,0,0,0,0,0,,0,,0,,0,0,,,,0,0,,,0,0,,0,0,0,,0,0,0,,0.0,,0,0,0,0,0,0,,0,,,0,0,,,,0,0,,,0,0,,0,0,0,,0,0,0,,0.0,,0,0,0,0,0,0,,0,,,0,0,,,,0,0,,,0,0,,0,0,0,,0,0,0,,0.0,,0,0,0,0,0,0,,0,,,0,0,,,,0,0,,,0,0,,0,0,0,,0,0,0,,0.0,,0,0,0,0,0,0,,0,,,0,0,,,,0,0,,,0,0,,0,0,0,,0,0,0,,0.0,,0,0,0,0,0,0,,0,
DJ Moore,48267,WR,CHI,1,1,1,,0,0,0.0,,,0,0,,,0,0,,0,0,0,,0,0,0,,0.0,,0,0,0,0,0,0,,0,,,0,0,0.0,,,0,0,,,0,0,,0,0,0,,0,0,0,,0.0,,0,0,0,0,0,0,,0,,,0,0,0.0,,,0,0,,,0,0,,0,0,0,,0,0,0,,0.0,,0,0,0,0,0,0,,0,,,0,0,0.0,,,0,0,,,0,0,,0,0,0,,0,0,0,,0.0,,0,0,0,0,0,0,,0,,,0,0,0.0,,,0,0,,,0,0,,0,0,0,,0,0,0,,0.0,,0,0,0,0,0,0,,0,,0,,0,0,0.0,,,0,0,,,0,0,,0,0,0,,0,0,0,,0.0,,0,0,0,0,0,0,,0,,6,,0,0,0.0,,,0,0,,,0,0,,0,0,0,,0,0,0,,0.0,,0,0,0,0,0,0,,0,,,0,0,0.0,,,0,0,,,0,0,,0,0,0,,0,0,0,,0.0,,0,0,0,0,0,0,,0,,,0,0,0.0,,,0,0,,,0,0,,0,0,0,,0,0,0,,0.0,,0,0,0,0,0,0,,0,,,0,0,0.0,,,0,0,,,0,0,,0,0,0,,0,0,0,,0.0,,0,0,0,0,0,0,,0,,,0,0,0.0,,,0,0,,,0,0,,0,0,0,,0,0,0,,0.0,,0,0,0,0,0,0,,0,,0,,0,0,0.0,,,0,0,,,0,0,,0,0,0,,0,0,0,,0.0,,0,0,0,0,0,0,,0,,,0,0,0.0,,,0,0,,,0,0,,0,0,0,,0,0,0,,0.0,,0,0,0,0,0,0,,0,,,0,0,0.0,,,0,0,,,0,0,,0,0,0,,0,0,0,,0.0,,0,0,0,0,0,0,,0,,100.0,1,1,100.0,3.0,4.2,0,0,0.0,100.0,1,1,0.0,1,0,1,68.9,0,0,1,0.0,118.8,0.0,0,0,0,0,1,0,0.0,2,2.0,100.0,1,1,100.0,3.0,4.2,0,0,0.0,100.0,1,1,0.0,1,0,1,68.9,0,0,1,0.0,118.8,0.0,0,0,0,0,1,0,0.0,2,2.0
Courtland Sutton,48164,WR,DEN,1,0,1,,0,0,,,,0,0,,,0,0,,0,0,0,,0,0,0,,0.0,,0,0,0,0,0,0,,0,,,0,0,,,,0,0,,,0,0,,0,0,0,,0,0,0,,0.0,,0,0,0,0,0,0,,0,,,0,0,,,,0,0,,,0,0,,0,0,0,,0,0,0,,0.0,,0,0,0,0,0,0,,0,,,0,0,,,,0,0,,,0,0,,0,0,0,,0,0,0,,0.0,,0,0,0,0,0,0,,0,,,0,0,,,,0,0,,,0,0,,0,0,0,,0,0,0,,0.0,,0,0,0,0,0,0,,0,,0,,0,0,,,,0,0,,,0,0,,0,0,0,,0,0,0,,0.0,,0,0,0,0,0,0,,0,,10,,0,0,,,,0,0,,,0,0,,0,0,0,,0,0,0,,0.0,,0,0,0,0,0,0,,0,,,0,0,,,,0,0,,,0,0,,0,0,0,,0,0,0,,0.0,,0,0,0,0,0,0,,0,,,0,0,,,,0,0,,,0,0,,0,0,0,,0,0,0,,0.0,,0,0,0,0,0,0,,0,,,0,0,,,,0,0,,,0,0,,0,0,0,,0,0,0,,0.0,,0,0,0,0,0,0,,0,,,0,0,,,,0,0,,,0,0,,0,0,0,,0,0,0,,0.0,,0,0,0,0,0,0,,0,,0,,0,0,,,,0,0,,,0,0,,0,0,0,,0,0,0,,0.0,,0,0,0,0,0,0,,0,,,0,0,,,,0,0,,,0,0,,0,0,0,,0,0,0,,0.0,,0,0,0,0,0,0,,0,,,0,0,,,,0,0,,,0,0,,0,0,0,,0,0,0,,0.0,,0,0,0,0,0,0,,0,,,0,0,,,,0,0,,,0,0,,0,0,0,,0,0,0,,0.0,,0,0,0,0,0,0,,0,,,0,0,,,,0,0,,,0,0,,0,0,0,,0,0,0,,0.0,,0,0,0,0,0,0,,0,
Jauan Jennings,48027,WR,SF,1,1,1,,0,0,0.0,,,0,0,,,0,0,,0,0,0,,0,0,0,,0.0,,0,0,0,0,0,0,,0,,,0,0,0.0,,,0,0,,,0,0,,0,0,0,,0,0,0,,0.0,,0,0,0,0,0,0,,0,,,0,0,0.0,,,0,0,,,0,0,,0,0,0,,0,0,0,,0.0,,0,0,0,0,0,0,,0,,,0,0,0.0,,,0,0,,,0,0,,0,0,0,,0,0,0,,0.0,,0,0,0,0,0,0,,0,,,0,0,0.0,,,0,0,,,0,0,,0,0,0,,0,0,0,,0.0,,0,0,0,0,0,0,,0,,0,100.0,1,1,100.0,26.0,4.4,0,0,0.0,100.0,1,1,0.0,1,0,1,71.0,0,0,1,0.0,158.3,0.0,0,0,0,0,1,0,0.0,29,29.0,28,,0,0,0.0,,,0,0,,,0,0,,0,0,0,,0,0,0,,0.0,,0,0,0,0,0,0,,0,,,0,0,0.0,,,0,0,,,0,0,,0,0,0,,0,0,0,,0.0,,0,0,0,0,0,0,,0,,,0,0,0.0,,,0,0,,,0,0,,0,0,0,,0,0,0,,0.0,,0,0,0,0,0,0,,0,,,0,0,0.0,,,0,0,,,0,0,,0,0,0,,0,0,0,,0.0,,0,0,0,0,0,0,,0,,,0,0,0.0,,,0,0,,,0,0,,0,0,0,,0,0,0,,0.0,,0,0,0,0,0,0,,0,,0,,0,0,0.0,,,0,0,,,0,0,,0,0,0,,0,0,0,,0.0,,0,0,0,0,0,0,,0,,100.0,1,1,100.0,26.0,4.4,0,0,0.0,100.0,1,1,0.0,1,0,1,71.0,0,0,1,0.0,158.3,0.0,0,0,0,0,1,0,0.0,29,29.0,,0,0,0.0,,,0,0,,,0,0,,0,0,0,,0,0,0,,0.0,,0,0,0,0,0,0,,0,,,0,0,0.0,,,0,0,,,0,0,,0,0,0,,0,0,0,,0.0,,0,0,0,0,0,0,,0,,,0,0,0.0,,,0,0,,,0,0,,0,0,0,,0,0,0,,0.0,,0,0,0,0,0,0,,0,
Gage Larvadain,150169,WR,CLV,1,0,1,,0,0,,,,0,0,,,0,0,,0,0,0,,0,0,0,,0.0,,0,0,0,0,0,0,,0,,,0,0,,,,0,0,,,0,0,,0,0,0,,0,0,0,,0.0,,0,0,0,0,0,0,,0,,,0,0,,,,0,0,,,0,0,,0,0,0,,0,0,0,,0.0,,0,0,0,0,0,0,,0,,,0,0,,,,0,0,,,0,0,,0,0,0,,0,0,0,,0.0,,0,0,0,0,0,0,,0,,,0,0,,,,0,0,,,0,0,,0,0,0,,0,0,0,,0.0,,0,0,0,0,0,0,,0,,0,,0,0,,,,0,0,,,0,0,,0,0,0,,0,0,0,,0.0,,0,0,0,0,0,0,,0,,8,,0,0,,,,0,0,,,0,0,,0,0,0,,0,0,0,,0.0,,0,0,0,0,0,0,,0,,,0,0,,,,0,0,,,0,0,,0,0,0,,0,0,0,,0.0,,0,0,0,0,0,0,,0,,,0,0,,,,0,0,,,0,0,,0,0,0,,0,0,0,,0.0,,0,0,0,0,0,0,,0,,,0,0,,,,0,0,,,0,0,,0,0,0,,0,0,0,,0.0,,0,0,0,0,0,0,,0,,,0,0,,,,0,0,,,0,0,,0,0,0,,0,0,0,,0.0,,0,0,0,0,0,0,,0,,0,,0,0,,,,0,0,,,0,0,,0,0,0,,0,0,0,,0.0,,0,0,0,0,0,0,,0,,,0,0,,,,0,0,,,0,0,,0,0,0,,0,0,0,,0.0,,0,0,0,0,0,0,,0,,,0,0,,,,0,0,,,0,0,,0,0,0,,0,0,0,,0.0,,0,0,0,0,0,0,,0,,,0,0,,,,0,0,,,0,0,,0,0,0,,0,0,0,,0.0,,0,0,0,0,0,0,,0,,,0,0,,,,0,0,,,0,0,,0,0,0,,0,0,0,,0.0,,0,0,0,0,0,0,,0,
Corey Bojorquez,27626,P,CLV,1,1,1,,0,0,0.0,,,0,0,,,0,0,,0,0,0,,0,0,0,,0.0,,0,0,0,0,0,0,,0,,,0,0,0.0,,,0,0,,,0,0,,0,0,0,,0,0,0,,0.0,,0,0,0,0,0,0,,0,,,0,0,0.0,,,0,0,,,0,0,,0,0,0,,0,0,0,,0.0,,0,0,0,0,0,0,,0,,,0,0,0.0,,,0,0,,,0,0,,0,0,0,,0,0,0,,0.0,,0,0,0,0,0,0,,0,,,0,0,0.0,,,0,0,,,0,0,,0,0,0,,0,0,0,,0.0,,0,0,0,0,0,0,,0,,0,,0,0,0.0,,,0,0,,,0,0,,0,0,0,,0,0,0,,0.0,,0,0,0,0,0,0,,0,,8,,0,0,0.0,,,0,0,,,0,0,,0,0,0,,0,0,0,,0.0,,0,0,0,0,0,0,,0,,,0,0,0.0,,,0,0,,,0,0,,0,0,0,,0,0,0,,0.0,,0,0,0,0,0,0,,0,,,0,0,0.0,,,0,0,,,0,0,,0,0,0,,0,0,0,,0.0,,0,0,0,0,0,0,,0,,,0,0,0.0,,,0,0,,,0,0,,0,0,0,,0,0,0,,0.0,,0,0,0,0,0,0,,0,,,0,0,0.0,,,0,0,,,0,0,,0,0,0,,0,0,0,,0.0,,0,0,0,0,0,0,,0,,0,,0,0,0.0,,,0,0,,,0,0,,0,0,0,,0,0,0,,0.0,,0,0,0,0,0,0,,0,,,0,0,0.0,,,0,0,,,0,0,,0,0,0,,0,0,0,,0.0,,0,0,0,0,0,0,,0,,,0,0,0.0,,,0,0,,,0,0,,0,0,0,,0,0,0,,0.0,,0,0,0,0,0,0,,0,,,0,0,0.0,,,0,0,,,0,0,,0,0,0,,0,0,0,,0.0,,0,0,0,0,0,0,,0,,,0,0,0.0,,,0,0,,,0,0,,0,0,0,,0,0,0,,0.0,,0,0,0,0,0,0,,0,
Chris Olave,84355,WR,NO,1,1,1,,0,0,0.0,,,0,0,,,0,0,,0,0,0,,0,0,0,,0.0,,0,0,0,0,0,0,,0,,,0,0,0.0,,,0,0,,,0,0,,0,0,0,,0,0,0,,0.0,,0,0,0,0,0,0,,0,,,0,0,0.0,,,0,0,,,0,0,,0,0,0,,0,0,0,,0.0,,0,0,0,0,0,0,,0,,,0,0,0.0,,,0,0,,,0,0,,0,0,0,,0,0,0,,0.0,,0,0,0,0,0,0,,0,,,0,0,0.0,,,0,0,,,0,0,,0,0,0,,0,0,0,,0.0,,0,0,0,0,0,0,,0,,0,,0,0,0.0,,,0,0,,,0,0,,0,0,0,,0,0,0,,0.0,,0,0,0,0,0,0,,0,,20,,0,0,0.0,,,0,0,,,0,0,,0,0,0,,0,0,0,,0.0,,0,0,0,0,0,0,,0,,,0,0,0.0,,,0,0,,,0,0,,0,0,0,,0,0,0,,0.0,,0,0,0,0,0,0,,0,,,0,0,0.0,,,0,0,,,0,0,,0,0,0,,0,0,0,,0.0,,0,0,0,0,0,0,,0,,,0,0,0.0,,,0,0,,,0,0,,0,0,0,,0,0,0,,0.0,,0,0,0,0,0,0,,0,,,0,0,0.0,,,0,0,,,0,0,,0,0,0,,0,0,0,,0.0,,0,0,0,0,0,0,,0,,0,,0,0,0.0,,,0,0,,,0,0,,0,0,0,,0,0,0,,0.0,,0,0,0,0,0,0,,0,,,0,0,0.0,,,0,0,,,0,0,,0,0,0,,0,0,0,,0.0,,0,0,0,0,0,0,,0,,,0,0,0.0,,,0,0,,,0,0,,0,0,0,,0,0,0,,0.0,,0,0,0,0,0,0,,0,,0.0,1,1,100.0,4.0,2.4,0,0,0.0,0.0,0,0,,1,0,0,53.5,0,1,1,,0.0,0.0,0,0,0,0,0,1,100.0,0,0.0,0.0,1,1,100.0,4.0,2.4,0,0,0.0,0.0,0,0,,1,0,0,53.5,0,1,1,,0.0,0.0,0,0,0,0,0,1,100.0,0,0.0
Isaiah Williams,97156,WR,NYJ,1,1,1,,0,0,0.0,,,0,0,,,0,0,,0,0,0,,0,0,0,,0.0,,0,0,0,0,0,0,,0,,,0,0,0.0,,,0,0,,,0,0,,0,0,0,,0,0,0,,0.0,,0,0,0,0,0,0,,0,,,0,0,0.0,,,0,0,,,0,0,,0,0,0,,0,0,0,,0.0,,0,0,0,0,0,0,,0,,,0,0,0.0,,,0,0,,,0,0,,0,0,0,,0,0,0,,0.0,,0,0,0,0,0,0,,0,,,0,0,0.0,,,0,0,,,0,0,,0,0,0,,0,0,0,,0.0,,0,0,0,0,0,0,,0,,0,,0,0,0.0,,,0,0,,,0,0,,0,0,0,,0,0,0,,0.0,,0,0,0,0,0,0,,0,,22,,0,0,0.0,,,0,0,,,0,0,,0,0,0,,0,0,0,,0.0,,0,0,0,0,0,0,,0,,,0,0,0.0,,,0,0,,,0,0,,0,0,0,,0,0,0,,0.0,,0,0,0,0,0,0,,0,,,0,0,0.0,,,0,0,,,0,0,,0,0,0,,0,0,0,,0.0,,0,0,0,0,0,0,,0,,0.0,1,1,100.0,7.0,3.6,0,0,0.0,0.0,0,0,,1,0,0,56.3,0,0,1,,39.6,0.0,0,0,0,0,0,0,0.0,0,0.0,,0,0,0.0,,,0,0,,,0,0,,0,0,0,,0,0,0,,0.0,,0,0,0,0,0,0,,0,,0,,0,0,0.0,,,0,0,,,0,0,,0,0,0,,0,0,0,,0.0,,0,0,0,0,0,0,,0,,,0,0,0.0,,,0,0,,,0,0,,0,0,0,,0,0,0,,0.0,,0,0,0,0,0,0,,0,,,0,0,0.0,,,0,0,,,0,0,,0,0,0,,0,0,0,,0.0,,0,0,0,0,0,0,,0,,,0,0,0.0,,,0,0,,,0,0,,0,0,0,,0,0,0,,0.0,,0,0,0,0,0,0,,0,,0.0,1,1,100.0,7.0,3.6,0,0,0.0,0.0,0,0,,1,0,0,56.3,0,0,1,,39.6,0.0,0,0,0,0,0,0,0.0,0,0.0
Matt Haack,12212,P,ARZ,1,1,1,,0,0,0.0,,,0,0,,,0,0,,0,0,0,,0,0,0,,0.0,,0,0,0,0,0,0,,0,,,0,0,0.0,,,0,0,,,0,0,,0,0,0,,0,0,0,,0.0,,0,0,0,0,0,0,,0,,,0,0,0.0,,,0,0,,,0,0,,0,0,0,,0,0,0,,0.0,,0,0,0,0,0,0,,0,,100.0,1,1,100.0,19.0,2.2,0,0,0.0,100.0,1,0,0.0,1,0,1,68.8,0,0,1,,118.8,0.0,0,0,0,0,0,0,0.0,28,28.0,,0,0,0.0,,,0,0,,,0,0,,0,0,0,,0,0,0,,0.0,,0,0,0,0,0,0,,0,,0,,0,0,0.0,,,0,0,,,0,0,,0,0,0,,0,0,0,,0.0,,0,0,0,0,0,0,,0,,1,,0,0,0.0,,,0,0,,,0,0,,0,0,0,,0,0,0,,0.0,,0,0,0,0,0,0,,0,,,0,0,0.0,,,0,0,,,0,0,,0,0,0,,0,0,0,,0.0,,0,0,0,0,0,0,,0,,,0,0,0.0,,,0,0,,,0,0,,0,0,0,,0,0,0,,0.0,,0,0,0,0,0,0,,0,,,0,0,0.0,,,0,0,,,0,0,,0,0,0,,0,0,0,,0.0,,0,0,0,0,0,0,,0,,100.0,1,1,100.0,19.0,2.2,0,0,0.0,100.0,1,0,0.0,1,0,1,68.8,0,0,1,,118.8,0.0,0,0,0,0,0,0,0.0,28,28.0,0,,0,0,0.0,,,0,0,,,0,0,,0,0,0,,0,0,0,,0.0,,0,0,0,0,0,0,,0,,,0,0,0.0,,,0,0,,,0,0,,0,0,0,,0,0,0,,0.0,,0,0,0,0,0,0,,0,,,0,0,0.0,,,0,0,,,0,0,,0,0,0,,0,0,0,,0.0,,0,0,0,0,0,0,,0,,,0,0,0.0,,,0,0,,,0,0,,0,0,0,,0,0,0,,0.0,,0,0,0,0,0,0,,0,,,0,0,0.0,,,0,0,,,0,0,,0,0,0,,0,0,0,,0.0,,0,0,0,0,0,0,,0,
Breece Hall,97636,HB,NYJ,1,1,1,,0,0,0.0,,,0,0,,,0,0,,0,0,0,,0,0,0,,0.0,,0,0,0,0,0,0,,0,,,0,0,0.0,,,0,0,,,0,0,,0,0,0,,0,0,0,,0.0,,0,0,0,0,0,0,,0,,,0,0,0.0,,,0,0,,,0,0,,0,0,0,,0,0,0,,0.0,,0,0,0,0,0,0,,0,,,0,0,0.0,,,0,0,,,0,0,,0,0,0,,0,0,0,,0.0,,0,0,0,0,0,0,,0,,,0,0,0.0,,,0,0,,,0,0,,0,0,0,,0,0,0,,0.0,,0,0,0,0,0,0,,0,,0,,0,0,0.0,,,0,0,,,0,0,,0,0,0,,0,0,0,,0.0,,0,0,0,0,0,0,,0,,22,,0,0,0.0,,,0,0,,,0,0,,0,0,0,,0,0,0,,0.0,,0,0,0,0,0,0,,0,,,0,0,0.0,,,0,0,,,0,0,,0,0,0,,0,0,0,,0.0,,0,0,0,0,0,0,,0,,,0,0,0.0,,,0,0,,,0,0,,0,0,0,,0,0,0,,0.0,,0,0,0,0,0,0,,0,,,0,0,0.0,,,0,0,,,0,0,,0,0,0,,0,0,0,,0.0,,0,0,0,0,0,0,,0,,100.0,1,1,100.0,12.0,4.2,0,0,0.0,100.0,1,0,0.0,1,0,1,55.1,0,0,1,,122.9,0.0,0,0,0,0,1,0,0.0,4,4.0,0,,0,0,0.0,,,0,0,,,0,0,,0,0,0,,0,0,0,,0.0,,0,0,0,0,0,0,,0,,,0,0,0.0,,,0,0,,,0,0,,0,0,0,,0,0,0,,0.0,,0,0,0,0,0,0,,0,,100.0,1,1,100.0,12.0,4.2,0,0,0.0,100.0,1,0,0.0,1,0,1,55.1,0,0,1,,122.9,0.0,0,0,0,0,1,0,0.0,4,4.0,,0,0,0.0,,,0,0,,,0,0,,0,0,0,,0,0,0,,0.0,,0,0,0,0,0,0,,0,,,0,0,0.0,,,0,0,,,0,0,,0,0,0,,0,0,0,,0.0,,0,0,0,0,0,0,,0,
Rigoberto Sanchez,12130,P,IND,1,1,1,,0,0,0.0,,,0,0,,,0,0,,0,0,0,,0,0,0,,0.0,,0,0,0,0,0,0,,0,,,0,0,0.0,,,0,0,,,0,0,,0,0,0,,0,0,0,,0.0,,0,0,0,0,0,0,,0,,,0,0,0.0,,,0,0,,,0,0,,0,0,0,,0,0,0,,0.0,,0,0,0,0,0,0,,0,,100.0,1,1,100.0,11.0,1.8,0,0,0.0,100.0,1,0,0.0,1,0,1,68.8,0,0,1,,118.8,0.0,0,0,0,0,0,0,0.0,16,16.0,,0,0,0.0,,,0,0,,,0,0,,0,0,0,,0,0,0,,0.0,,0,0,0,0,0,0,,0,,0,,0,0,0.0,,,0,0,,,0,0,,0,0,0,,0,0,0,,0.0,,0,0,0,0,0,0,,0,,14,,0,0,0.0,,,0,0,,,0,0,,0,0,0,,0,0,0,,0.0,,0,0,0,0,0,0,,0,,,0,0,0.0,,,0,0,,,0,0,,0,0,0,,0,0,0,,0.0,,0,0,0,0,0,0,,0,,,0,0,0.0,,,0,0,,,0,0,,0,0,0,,0,0,0,,0.0,,0,0,0,0,0,0,,0,,,0,0,0.0,,,0,0,,,0,0,,0,0,0,,0,0,0,,0.0,,0,0,0,0,0,0,,0,,100.0,1,1,100.0,11.0,1.8,0,0,0.0,100.0,1,0,0.0,1,0,1,68.8,0,0,1,,118.8,0.0,0,0,0,0,0,0,0.0,16,16.0,0,,0,0,0.0,,,0,0,,,0,0,,0,0,0,,0,0,0,,0.0,,0,0,0,0,0,0,,0,,,0,0,0.0,,,0,0,,,0,0,,0,0,0,,0,0,0,,0.0,,0,0,0,0,0,0,,0,,,0,0,0.0,,,0,0,,,0,0,,0,0,0,,0,0,0,,0.0,,0,0,0,0,0,0,,0,,,0,0,0.0,,,0,0,,,0,0,,0,0,0,,0,0,0,,0.0,,0,0,0,0,0,0,,0,,,0,0,0.0,,,0,0,,,0,0,,0,0,0,,0,0,0,,0.0,,0,0,0,0,0,0,,0,
Justin Jefferson,61398,WR,MIN,2,0,1,,0,0,,,,0,0,0.0,,0,0,,0,0,0,60.1,0,0,1,,0.0,,0,0,0,0,0,0,0.0,0,,,0,0,,,,0,0,,,0,0,,0,0,0,,0,0,0,,0.0,,0,0,0,0,0,0,,0,,,0,0,,,,0,0,,,0,0,,0,0,0,,0,0,0,,0.0,,0,0,0,0,0,0,,0,,,0,0,,,,0,0,,,0,0,,0,0,0,,0,0,0,,0.0,,0,0,0,0,0,0,,0,,,0,0,,,,0,0,,,0,0,,0,0,0,,0,0,0,,0.0,,0,0,0,0,0,0,,0,,0,,0,0,,,,0,0,,,0,0,,0,0,0,,0,0,0,,0.0,,0,0,0,0,0,0,,0,,18,,0,0,,,,0,0,,,0,0,,0,0,0,,0,0,0,,0.0,,0,0,0,0,0,0,,0,,,0,0,,,,0,0,,,0,0,,0,0,0,,0,0,0,,0.0,,0,0,0,0,0,0,,0,,,0,0,,,,0,0,,,0,0,,0,0,0,,0,0,0,,0.0,,0,0,0,0,0,0,,0,,,0,0,,,,0,0,,,0,0,,0,0,0,,0,0,0,,0.0,,0,0,0,0,0,0,,0,,,0,0,,,,0,0,,,0,0,,0,0,0,,0,0,0,,0.0,,0,0,0,0,0,0,,0,,0,,0,0,,,,0,0,0.0,,0,0,,0,0,0,60.1,0,0,1,,0.0,,0,0,0,0,0,0,0.0,0,,,0,0,,,,0,0,,,0,0,,0,0,0,,0,0,0,,0.0,,0,0,0,0,0,0,,0,,,0,0,,,,0,0,,,0,0,,0,0,0,,0,0,0,,0.0,,0,0,0,0,0,0,,0,,,0,0,,,,0,0,,,0,0,,0,0,0,,0,0,0,,0.0,,0,0,0,0,0,0,,0,,,0,0,,,,0,0,,,0,0,,0,0,0,,0,0,0,,0.0,,0,0,0,0,0,0,,0,
Treylon Burks,99218,WR,WAS,1,0,1,,0,0,,,,0,0,,,0,0,,0,0,0,,0,0,0,,0.0,,0,0,0,0,0,0,,0,,,0,0,,,,0,0,,,0,0,,0,0,0,,0,0,0,,0.0,,0,0,0,0,0,0,,0,,,0,0,,,,0,0,,,0,0,,0,0,0,,0,0,0,,0.0,,0,0,0,0,0,0,,0,,,0,0,,,,0,0,,,0,0,,0,0,0,,0,0,0,,0.0,,0,0,0,0,0,0,,0,,,0,0,,,,0,0,,,0,0,,0,0,0,,0,0,0,,0.0,,0,0,0,0,0,0,,0,,0,,0,0,,,,0,0,,,0,0,,0,0,0,,0,0,0,,0.0,,0,0,0,0,0,0,,0,,32,,0,0,,,,0,0,,,0,0,,0,0,0,,0,0,0,,0.0,,0,0,0,0,0,0,,0,,,0,0,,,,0,0,,,0,0,,0,0,0,,0,0,0,,0.0,,0,0,0,0,0,0,,0,,,0,0,,,,0,0,,,0,0,,0,0,0,,0,0,0,,0.0,,0,0,0,0,0,0,,0,,,0,0,,,,0,0,,,0,0,,0,0,0,,0,0,0,,0.0,,0,0,0,0,0,0,,0,,,0,0,,,,0,0,,,0,0,,0,0,0,,0,0,0,,0.0,,0,0,0,0,0,0,,0,,0,,0,0,,,,0,0,,,0,0,,0,0,0,,0,0,0,,0.0,,0,0,0,0,0,0,,0,,,0,0,,,,0,0,,,0,0,,0,0,0,,0,0,0,,0.0,,0,0,0,0,0,0,,0,,,0,0,,,,0,0,,,0,0,,0,0,0,,0,0,0,,0.0,,0,0,0,0,0,0,,0,,,0,0,,,,0,0,,,0,0,,0,0,0,,0,0,0,,0.0,,0,0,0,0,0,0,,0,,,0,0,,,,0,0,,,0,0,,0,0,0,,0,0,0,,0.0,,0,0,0,0,0,0,,0,
