player,player_id,position,team_name,player_game_count,assists,franchise_id,hits,hurries,lhs_assists,lhs_hits,lhs_hurries,lhs_misses,lhs_pass_rush_percent,lhs_pass_rush_snaps,lhs_pressures,lhs_prp,lhs_sacks,lhs_stops,lhs_tackles,misses,pass_rush_percent,pass_rush_snaps,pass_snaps,pressures,prp,rhs_assists,rhs_hits,rhs_hurries,rhs_misses,rhs_pass_rush_percent,rhs_pass_rush_snaps,rhs_pressures,rhs_prp,rhs_sacks,rhs_stops,rhs_tackles,sacks,stops,tackles
Devontez Walker,145773,WR,BLT,1,0,3,0,0,0,0,0,0,,0,0,,0,0,0,0,100.0,1,1,1,100.0,0,0,0,0,,0,0,,0,0,0,1,1,0
Donovan McMillon,146700,S,CLV,3,0,8,0,0,0,0,0,0,0.0,0,0,,0,0,0,0,10.0,1,10,1,100.0,0,0,0,0,100.0,1,1,100.0,1,1,0,1,1,0
DeMarcco Hellams,98863,S,ATL,2,0,2,0,1,0,0,0,0,0.0,0,0,,0,0,0,0,14.3,1,7,1,50.0,0,0,1,0,100.0,1,1,50.0,0,0,0,0,0,0
Andrew Mukuba,144129,S,PHI,11,0,24,0,0,0,0,0,0,50.0,1,1,100.0,1,1,0,0,0.5,2,403,1,50.0,0,0,0,0,50.0,1,0,0.0,0,0,0,1,1,0
Trevon Diggs,41817,CB,GB,10,0,12,0,1,0,0,0,0,0.0,0,0,,0,0,0,1,0.4,1,266,1,50.0,0,0,1,1,100.0,1,1,50.0,0,0,0,0,0,0
Jonathan Jones,11217,CB,WAS,11,0,32,0,0,0,0,0,0,50.0,1,1,100.0,1,1,0,0,0.8,2,257,1,50.0,0,0,0,0,50.0,1,0,0.0,0,0,0,1,1,0
Damar Hamlin,43291,S,BUF,1,0,4,0,1,0,0,1,0,100.0,1,1,50.0,0,0,0,0,10.0,1,10,1,50.0,0,0,0,0,0.0,0,0,,0,0,0,0,0,0
Jamin Davis,57905,LB,LV,2,0,23,1,0,0,0,0,0,0.0,0,0,,0,0,0,0,12.5,1,8,1,50.0,0,1,0,0,100.0,1,1,50.0,0,0,0,0,0,0
Cam Hart,102955,CB,LAC,17,0,27,1,2,0,1,1,0,66.7,2,2,50.0,0,0,0,0,0.7,3,413,3,50.0,0,0,1,0,33.3,1,1,50.0,0,0,0,0,0,0
Dorian Strong,123366,CB,BUF,3,0,4,0,1,0,0,1,0,100.0,1,1,50.0,0,1,1,0,2.1,1,48,1,50.0,0,0,0,0,0.0,0,0,,0,0,0,0,1,1
Benjamin Morrison,156968,CB,TB,10,0,30,0,2,0,0,0,0,0.0,0,0,,0,0,0,0,0.9,2,234,2,50.0,0,0,2,0,100.0,2,2,50.0,0,0,0,0,0,0
Mike Edwards,51282,S,KC,6,0,16,0,1,0,0,0,0,0.0,0,0,,0,0,0,1,1.4,1,70,1,50.0,0,0,1,1,100.0,1,1,50.0,0,0,0,0,0,0
Charvarius Ward,43034,CB,IND,7,0,14,0,1,0,0,0,0,0.0,0,0,,0,0,0,0,0.4,1,268,1,50.0,0,0,1,0,100.0,1,1,50.0,0,0,0,0,0,0
Maxwell Hairston,146746,CB,BUF,11,0,4,0,1,0,0,1,0,100.0,1,1,50.0,0,0,0,0,0.5,1,186,1,50.0,0,0,0,0,0.0,0,0,,0,0,0,0,0,0
A.J. Terrell,55586,CB,ATL,15,0,2,0,1,0,0,1,0,100.0,1,1,50.0,0,0,0,0,0.2,1,551,1,50.0,0,0,0,0,0.0,0,0,,0,0,0,0,0,0
Chaz Chambliss,146728,ED,MIN,3,0,18,0,0,0,0,0,0,0.0,0,0,,0,0,0,0,25.0,2,8,1,50.0,0,0,0,0,100.0,2,1,50.0,1,1,0,1,1,0
Jalen Reeves-Maybin,11879,LB,CHI,1,0,6,1,0,0,0,0,0,0.0,0,0,,0,0,0,0,33.3,1,3,1,50.0,0,1,0,0,100.0,1,1,50.0,0,0,0,0,0,0
Pat Surtain II,83119,CB,DEN,16,0,10,0,1,0,0,0,0,0.0,0,0,,0,0,0,1,0.2,1,599,1,50.0,0,0,1,1,100.0,1,1,50.0,0,0,0,0,0,0
Austin Keys,124137,LB,ARZ,1,0,1,0,1,0,0,1,0,33.3,1,1,50.0,0,0,0,0,75.0,3,4,2,50.0,0,0,0,0,66.7,2,1,50.0,1,1,0,1,1,0
Bryan Cook,55940,S,KC,17,0,16,0,1,0,0,1,0,100.0,1,1,50.0,0,0,0,0,0.2,1,481,1,50.0,0,0,0,0,0.0,0,0,,0,0,0,0,0,0
Rasheen Ali,121717,HB,BLT,1,0,3,0,1,0,0,0,0,,0,0,,0,0,0,1,100.0,1,1,1,50.0,0,0,0,0,,0,0,,0,0,0,0,0,0
D'Anthony Bell,111578,S,CAR,6,0,5,0,0,0,0,0,0,100.0,2,1,50.0,1,1,0,0,4.1,2,49,1,50.0,0,0,0,0,0.0,0,0,,0,0,0,1,1,0
Kemon Hall,56123,CB,TEN,2,0,31,0,2,0,0,2,0,100.0,2,2,50.0,0,0,0,0,4.2,2,48,2,50.0,0,0,0,0,0.0,0,0,,0,0,0,0,0,0
Jeremiah Trotter Jr.,144142,LB,PHI,4,0,24,2,1,0,1,0,0,33.3,1,1,50.0,0,0,0,0,12.1,4,33,3,37.5,0,0,1,0,66.7,2,1,25.0,0,0,0,0,0,0
Rock Ya-Sin,49564,CB,DET,15,0,11,1,2,0,1,2,0,100.0,4,3,37.5,0,0,0,0,1.1,4,354,3,37.5,0,0,0,0,0.0,0,0,,0,0,0,0,0,0
Josh Jobe,83122,CB,SEA,18,0,29,1,0,0,0,0,0,25.0,1,0,0.0,0,0,0,0,0.7,4,573,2,37.5,0,1,0,0,75.0,3,2,50.0,1,1,0,1,1,0
Dell Pettus,97290,S,NE,14,0,19,0,1,0,0,0,0,50.0,2,0,0.0,0,0,0,0,4.0,4,101,2,37.5,0,0,1,0,50.0,2,2,75.0,1,1,0,1,1,0
Jamel Dean,34918,CB,TB,14,0,30,1,0,0,0,0,0,0.0,0,0,,0,0,0,0,1.0,4,421,2,37.5,0,1,0,0,100.0,4,2,37.5,1,1,0,1,1,0
Isaiah Stalbird,83325,LB,NO,10,0,20,1,3,0,0,2,0,63.6,7,3,28.6,1,1,0,3,25.6,11,43,6,36.4,0,1,1,3,36.4,4,3,50.0,1,1,0,2,2,0
Ar'Darius Washington,77848,S,BLT,4,0,3,2,0,0,1,0,0,33.3,2,2,75.0,1,1,0,0,12.2,6,49,3,33.3,0,1,0,0,66.7,4,1,12.5,0,0,0,1,1,0
Montaric Brown,55797,CB,JAX,15,0,15,0,2,0,0,2,1,100.0,3,2,33.3,0,0,0,1,0.6,3,504,2,33.3,0,0,0,0,0.0,0,0,,0,0,0,0,0,0
Noah Igbinoghene,61155,CB,WAS,12,0,32,1,1,0,1,1,0,100.0,3,2,33.3,0,0,0,0,1.3,3,225,2,33.3,0,0,0,0,0.0,0,0,,0,0,0,0,0,0
Quan Martin,83236,S,WAS,17,0,32,2,2,0,0,2,0,50.0,3,2,33.3,0,0,0,0,1.1,6,527,4,33.3,0,2,0,0,50.0,3,2,33.3,0,0,0,0,0,0
Ty Okada,56089,S,SEA,19,0,29,0,6,0,0,5,0,87.5,14,7,32.1,2,1,0,0,3.5,17,490,8,29.4,0,0,0,0,12.5,2,0,0.0,0,0,0,2,1,0
Amani Hooker,51378,S,TEN,16,0,31,0,6,0,0,5,0,92.9,13,6,26.9,1,1,0,0,2.7,14,517,7,28.6,0,0,1,0,7.1,1,1,50.0,0,0,0,1,1,0
Billy Bowman Jr.,144638,CB,ATL,6,0,2,0,3,0,0,1,0,69.2,9,3,27.8,2,2,0,0,7.0,13,187,5,26.9,0,0,2,0,30.8,4,2,25.0,0,0,0,2,2,0
Dee Alford,110542,CB,ATL,15,0,2,1,6,0,1,4,1,66.7,14,6,25.0,1,1,0,1,5.7,21,369,9,26.2,0,0,2,0,33.3,7,3,28.6,1,1,0,2,2,0
Joey Porter Jr.,101364,CB,PIT,15,0,25,0,1,0,0,0,0,50.0,1,0,0.0,0,0,0,0,0.4,2,559,1,25.0,0,0,1,0,50.0,1,1,50.0,0,0,0,0,0,0
Corey Thornton,123763,CB,CAR,5,0,5,0,1,0,0,0,0,50.0,1,0,0.0,0,0,0,0,2.6,2,76,1,25.0,0,0,1,0,50.0,1,1,50.0,0,0,0,0,0,0
Brian Branch,123907,S,DET,12,0,11,2,0,0,2,0,0,62.5,10,4,30.0,2,2,0,0,3.8,16,420,5,25.0,0,0,0,0,37.5,6,1,16.7,1,1,0,3,3,0
Isaiah Land,102108,ED,DAL,1,0,9,0,1,0,0,1,0,100.0,2,1,25.0,0,0,0,0,100.0,2,2,1,25.0,0,0,0,0,0.0,0,0,,0,0,0,0,0,0
Nahshon Wright,100412,CB,CHI,19,0,6,0,1,0,0,0,0,0.0,0,0,,0,0,0,0,0.3,2,668,1,25.0,0,0,1,0,100.0,2,1,25.0,0,0,0,0,0,0
Nakobe Dean,99018,LB,PHI,10,0,24,2,6,0,1,3,1,43.8,14,6,28.6,2,2,0,2,11.9,32,268,12,25.0,0,1,3,1,56.3,18,6,22.2,2,2,0,4,4,0
Nohl Williams,128375,CB,KC,14,0,16,0,2,0,0,2,0,37.5,3,3,66.7,1,1,0,0,3.0,8,265,3,25.0,0,0,0,0,62.5,5,0,0.0,0,0,0,1,1,0
Jay Ward,98833,S,MIN,13,0,18,0,3,0,0,2,1,50.0,3,2,33.3,0,0,0,2,6.3,6,96,3,25.0,0,0,1,1,50.0,3,1,16.7,0,0,0,0,0,0
Alex Austin,97683,CB,NE,4,0,19,0,1,0,0,0,0,0.0,0,0,,0,0,0,0,2.3,2,87,1,25.0,0,0,1,0,100.0,2,1,25.0,0,0,0,0,0,0
Kyle Dugger,90621,S,PIT,17,0,25,0,6,0,0,3,0,50.0,8,3,18.8,0,0,0,0,3.5,16,463,7,25.0,0,0,3,0,50.0,8,4,31.3,1,1,0,1,1,0
Jaylen Watson,131960,CB,KC,15,0,16,0,3,0,0,1,0,71.4,10,3,25.0,2,2,0,0,2.8,14,495,5,25.0,0,0,2,0,28.6,4,2,25.0,0,0,0,2,2,0
Myles Harden,141857,CB,CLV,16,0,8,1,1,0,0,0,0,25.0,1,0,0.0,0,0,0,0,1.2,4,324,2,25.0,0,1,1,0,75.0,3,2,33.3,0,0,0,0,0,0
Jordan Howden,83305,S,NO,13,0,20,0,2,0,0,1,0,25.0,1,1,50.0,0,0,0,0,2.7,4,147,2,25.0,0,0,1,0,75.0,3,1,16.7,0,0,0,0,0,0
James Williams,143955,LB,TEN,4,0,31,0,1,0,0,0,0,16.7,1,0,0.0,0,0,0,0,11.8,6,51,2,25.0,0,0,1,0,83.3,5,2,30.0,1,1,0,1,1,0
Tyson Campbell,83217,CB,CLV,17,0,8,0,1,0,0,0,0,0.0,0,0,,0,0,0,0,0.3,2,572,1,25.0,0,0,1,0,100.0,2,1,25.0,0,0,0,0,0,0
Kendall Williamson,83090,S,LAC,2,0,27,0,1,0,0,1,0,50.0,1,1,50.0,0,0,0,0,15.4,2,13,1,25.0,0,0,0,0,50.0,1,0,0.0,0,0,0,0,0,0
Jack Sanborn,82566,LB,DAL,5,0,9,0,1,0,0,1,0,100.0,1,1,50.0,0,0,0,0,1.7,2,117,1,25.0,0,0,0,0,0.0,0,0,,0,0,0,0,0,0
Jordan Hancock,145067,S,BUF,11,0,4,0,1,0,0,1,0,100.0,1,1,50.0,0,0,0,0,1.5,2,134,1,25.0,0,0,0,0,0.0,0,0,,0,0,0,0,0,0
Jordan Poyer,8000,S,BUF,11,0,4,0,0,0,0,0,0,75.0,3,1,33.3,1,1,0,0,1.9,4,210,1,25.0,0,0,0,0,25.0,1,0,0.0,0,0,0,1,1,0
Jamon Johnson,146721,LB,GB,1,0,12,0,1,0,0,1,1,50.0,1,1,50.0,0,0,0,1,5.6,2,36,1,25.0,0,0,0,0,50.0,1,0,0.0,0,0,0,0,0,0
Zaire Barnes,76766,LB,NYG,3,0,21,0,1,0,0,0,0,16.7,1,1,100.0,1,1,0,0,12.2,6,49,2,25.0,0,0,1,0,83.3,5,1,10.0,0,0,0,1,1,0
Rasul Douglas,11854,CB,MIA,15,0,17,1,1,0,0,0,0,37.5,3,1,33.3,1,1,0,0,1.7,8,474,3,25.0,0,1,1,0,62.5,5,2,20.0,0,0,0,1,1,0
Jonas Sanker,151097,S,NO,16,0,20,0,1,0,0,1,0,50.0,1,1,50.0,0,0,0,0,0.4,2,500,1,25.0,0,0,0,0,50.0,1,0,0.0,0,0,0,0,0,0
Tariq Woolen,61790,CB,SEA,18,0,29,1,0,0,1,0,0,100.0,2,1,25.0,0,0,0,0,0.3,2,597,1,25.0,0,0,0,0,0.0,0,0,,0,0,0,0,0,0
Mike Hilton,10898,CB,IND,2,0,14,0,1,0,0,0,0,0.0,0,0,,0,0,0,0,5.6,2,36,1,25.0,0,0,1,0,100.0,2,1,25.0,0,0,0,0,0,0
Darnay Holmes,56247,CB,LV,12,0,23,0,3,0,0,2,1,83.3,5,2,20.0,0,0,0,1,4.3,6,138,3,25.0,0,0,1,0,16.7,1,1,50.0,0,0,0,0,0,0
Keisean Nixon,56167,CB,GB,18,1,12,1,0,1,1,0,0,100.0,2,1,25.0,0,0,0,0,0.3,2,616,1,25.0,0,0,0,0,0.0,0,0,,0,0,0,0,0,0
Nate Hobbs,55948,CB,GB,11,0,12,0,2,0,0,1,0,25.0,1,1,50.0,0,0,0,0,1.8,4,222,2,25.0,0,0,1,0,75.0,3,1,16.7,0,0,0,0,0,0
Nick Scott,49012,S,CAR,18,0,5,0,1,0,0,1,0,100.0,2,1,25.0,0,0,0,0,0.3,2,608,1,25.0,0,0,0,0,0.0,0,0,,0,0,0,0,0,0
Devon Witherspoon,101388,CB,SEA,14,0,29,3,7,0,3,3,0,57.1,12,6,25.0,0,0,1,0,4.1,21,516,10,23.8,0,0,4,0,42.9,9,4,22.2,0,0,0,0,0,1
Geno Stone,55967,S,CIN,17,0,7,2,6,0,0,1,0,23.1,6,1,8.3,0,0,0,0,4.5,26,574,10,23.1,0,2,5,0,76.9,20,9,27.5,2,2,0,2,2,0
Isaiah Pola-Mao,60781,S,LV,17,0,23,0,5,0,0,2,0,36.4,4,2,25.0,0,0,0,0,1.9,11,567,5,22.7,0,0,3,0,63.6,7,3,21.4,0,0,0,0,0,0
Tony Jefferson,8361,S,LAC,14,1,27,1,1,1,0,1,0,66.7,6,1,8.3,0,0,0,0,2.7,9,336,3,22.2,0,1,0,0,33.3,3,2,50.0,1,0,0,1,0,0
Del'Shawn Phillips,57868,LB,LAC,7,0,27,1,1,0,0,0,0,44.4,4,0,0.0,0,0,0,0,23.1,9,39,3,22.2,0,1,1,0,55.6,5,3,40.0,1,1,0,1,1,0
Carlton Davis III,49335,CB,NE,20,0,19,2,2,0,2,2,1,100.0,9,4,22.2,0,0,0,1,1.4,9,659,4,22.2,0,0,0,0,0.0,0,0,,0,0,0,0,0,0
Keyon Martin,138344,CB,BLT,9,0,3,0,2,0,0,1,0,55.6,5,2,30.0,1,1,0,0,9.1,9,99,3,22.2,0,0,1,0,44.4,4,1,12.5,0,0,0,1,1,0
Kamren Kinchens,143946,S,LA,20,0,26,2,3,0,2,3,0,100.0,16,6,21.9,1,1,0,0,2.5,16,644,6,21.9,0,0,0,0,0.0,0,0,,0,0,0,1,1,0
Malik Harrison,28081,LB,PIT,12,0,25,0,7,0,0,4,1,50.0,8,4,25.0,0,0,0,1,12.0,16,133,7,21.9,0,0,3,0,50.0,8,3,18.8,0,0,0,0,0,0
Henry To'oTo'o,98982,LB,HST,19,0,13,2,9,0,1,1,0,35.3,12,4,25.0,2,2,0,1,6.5,35,542,13,21.4,0,1,8,1,64.7,22,9,20.5,0,0,0,2,2,0
Amik Robertson,55619,CB,DET,17,0,11,0,3,0,0,1,0,42.9,3,1,16.7,0,0,0,0,1.3,7,522,3,21.4,0,0,2,0,57.1,4,2,25.0,0,0,0,0,0,0
Christian Benford,79181,CB,BUF,16,0,4,0,2,0,0,1,0,46.2,6,1,8.3,0,0,0,0,2.6,14,529,4,21.4,0,0,1,0,53.8,7,3,35.7,2,2,0,2,2,0
Kamari Lassiter,146727,CB,HST,18,0,13,1,2,0,0,1,0,42.9,3,1,16.7,0,0,0,0,1.1,7,646,3,21.4,0,1,1,0,57.1,4,2,25.0,0,0,0,0,0,0
Jalen Ramsey,10639,S,PIT,18,0,25,0,4,0,0,1,0,54.2,13,4,26.9,3,3,0,0,3.5,24,678,7,20.8,0,0,3,0,45.8,11,3,13.6,0,0,0,3,3,0
Ronnie Harrison,49206,LB,ATL,10,0,2,1,4,0,1,1,0,35.3,6,2,16.7,0,0,0,0,11.3,17,150,6,20.6,0,0,3,0,64.7,11,4,22.7,1,1,0,1,1,0
Tarheeb Still,129537,CB,LAC,16,0,27,2,5,0,0,3,0,52.9,9,3,16.7,0,0,0,1,3.4,17,505,7,20.6,0,2,2,1,47.1,8,4,25.0,0,0,0,0,0,0
Joe Andreessen,108177,LB,BUF,8,0,4,2,0,0,2,0,0,100.0,4,2,25.0,0,0,0,0,11.4,5,44,2,20.0,0,0,0,0,0.0,0,0,,0,0,0,0,0,0
Theo Jackson,62919,S,MIN,13,0,18,0,0,0,0,0,0,50.0,5,1,20.0,1,1,0,0,3.4,10,296,2,20.0,0,0,0,0,50.0,5,1,20.0,1,1,0,2,2,0
Chase Lucas,42833,CB,SF,6,0,28,1,1,0,1,1,0,100.0,5,2,20.0,0,0,0,0,6.8,5,74,2,20.0,0,0,0,0,0.0,0,0,,0,0,0,0,0,0
Jack Jones,29050,CB,MIA,17,0,17,0,2,0,0,2,0,80.0,4,2,25.0,0,1,1,0,0.9,5,543,2,20.0,0,0,0,0,20.0,1,0,0.0,0,0,0,0,1,1
Marist Liufau,102789,LB,DAL,17,0,9,1,3,0,0,2,0,33.3,5,2,20.0,0,0,0,1,19.5,15,77,5,20.0,0,1,1,1,66.7,10,3,20.0,1,1,0,1,1,0
Malik Mustapha,142358,S,SF,14,0,28,1,1,0,0,1,0,50.0,5,1,10.0,0,0,0,0,2.1,10,468,3,20.0,0,1,0,0,50.0,5,2,30.0,1,1,0,1,1,0
Antonio Johnson,124326,S,JAX,17,0,15,0,5,0,0,2,0,44.4,8,2,12.5,0,0,0,0,3.9,18,459,6,19.4,0,0,3,0,55.6,10,4,25.0,1,1,0,1,1,0
Brandin Echols,98900,CB,PIT,17,0,25,1,2,0,1,1,0,84.6,11,3,18.2,1,1,0,0,3.4,13,383,4,19.2,0,0,1,0,15.4,2,1,25.0,0,0,0,1,1,0
Jacob Parrish,157777,CB,TB,17,0,30,1,6,0,0,1,0,27.6,8,1,6.3,0,0,0,0,5.8,29,497,9,19.0,0,1,5,0,72.4,21,8,23.8,2,2,0,2,2,0
Camryn Bynum,38408,S,IND,17,0,14,0,5,0,0,3,0,57.9,11,4,22.7,1,1,0,0,2.9,19,652,6,18.4,0,0,2,0,42.1,8,2,12.5,0,0,0,1,1,0
Isaiah McDuffie,57754,LB,GB,18,0,12,3,4,0,1,2,0,51.7,15,3,10.0,0,0,0,1,11.7,30,256,9,18.3,0,1,2,1,48.3,14,5,25.0,2,1,0,2,1,0
Jaylinn Hawkins,51423,S,NE,18,0,19,2,5,0,1,1,0,60.0,18,4,16.7,2,1,0,0,5.0,31,618,9,17.7,0,1,4,0,40.0,12,5,20.8,0,0,0,2,1,0
Kevin Winston Jr.,164192,S,TEN,8,0,31,3,1,0,0,1,0,23.5,4,1,12.5,0,0,0,0,8.6,17,197,5,17.6,0,3,0,0,76.5,13,4,19.2,1,1,0,1,1,0
Tre'von Moehrig,77847,S,CAR,17,0,5,4,9,0,4,7,3,51.9,28,12,23.2,1,1,0,3,9.5,55,580,16,17.3,0,0,1,0,48.1,26,3,9.6,2,2,0,3,3,0
Cobie Durant,79126,CB,LA,20,0,26,0,1,0,0,1,0,66.7,2,1,25.0,0,0,0,0,0.5,3,585,1,16.7,0,0,0,0,33.3,1,0,0.0,0,0,0,0,0,0
Jalen Davis,50431,CB,CIN,7,0,7,1,0,0,1,0,0,44.4,4,1,12.5,0,0,0,0,5.1,9,176,2,16.7,0,0,0,0,55.6,5,1,20.0,1,1,0,1,1,0
Rodney Thomas II,108389,S,IND,17,0,14,1,0,0,1,0,0,100.0,2,1,25.0,0,0,0,0,2.4,3,123,1,16.7,0,0,0,0,0.0,0,0,,0,0,0,0,0,0
Marte Mapu,56159,LB,NE,17,0,19,0,1,0,0,0,0,66.7,2,0,0.0,0,0,0,0,2.8,3,106,1,16.7,0,0,1,0,33.3,1,1,50.0,0,0,0,0,0,0
Lathan Ransom,129755,S,CAR,17,0,5,0,0,0,0,0,0,66.7,4,1,25.0,1,1,0,0,2.5,6,243,1,16.7,0,0,0,0,33.3,2,0,0.0,0,0,0,1,1,0
Jordan Turner,129932,LB,DEN,1,0,10,1,0,0,0,0,0,,0,0,,0,0,0,0,21.4,3,14,1,16.7,0,0,0,0,,0,0,,0,0,0,0,0,0
Malaki Starks,157069,S,BLT,17,0,3,1,3,0,0,0,0,33.3,4,0,0.0,0,0,0,1,1.8,12,675,4,16.7,0,1,3,1,66.7,8,4,25.0,0,0,0,0,0,0
Greedy Vance Jr.,122729,CB,LV,6,0,23,1,0,0,0,0,0,0.0,0,0,,0,0,0,0,4.4,3,68,1,16.7,0,1,0,0,100.0,3,1,16.7,0,0,0,0,0,0
Ronnie Hickman Jr.,97702,S,CLV,17,0,8,0,3,0,0,2,0,75.0,6,2,16.7,0,0,0,0,1.6,9,558,3,16.7,0,0,0,0,25.0,2,0,0.0,0,0,0,0,0,0
Roger McCreary,83176,CB,LA,14,0,26,0,3,0,0,1,0,46.7,7,1,7.1,0,0,0,1,5.8,15,260,4,16.7,0,0,2,1,53.3,8,3,25.0,1,1,0,1,1,0
Denzel Ward,49558,CB,CLV,15,0,8,0,1,0,0,1,1,100.0,3,1,16.7,0,0,0,1,0.7,3,427,1,16.7,0,0,0,0,0.0,0,0,,0,0,0,0,0,0
Eric Murray,10740,S,JAX,13,0,15,1,3,0,0,1,0,27.8,5,1,10.0,0,0,0,0,4.3,18,416,5,16.7,0,1,2,0,72.2,13,4,19.2,1,1,0,1,1,0
Marques Sigle,125305,S,SF,11,0,28,0,1,0,0,1,0,66.7,2,1,25.0,0,0,0,0,1.1,3,263,1,16.7,0,0,0,0,33.3,1,0,0.0,0,0,0,0,0,0
Darnell Savage,34247,S,BUF,13,0,4,0,1,0,0,0,0,33.3,1,0,0.0,0,0,0,0,1.8,3,163,1,16.7,0,0,1,0,66.7,2,1,25.0,0,0,0,0,0,0
Troy Dye,28251,LB,LAC,17,0,27,2,7,0,2,2,0,41.4,12,5,25.0,1,1,0,1,12.5,33,263,10,16.7,0,0,4,1,58.6,17,4,11.8,0,0,0,1,1,0
Ja'Quan McMillian,100931,CB,DEN,19,0,10,1,3,0,1,0,0,37.8,14,4,25.0,3,3,0,0,6.3,37,585,8,16.2,0,0,3,0,62.2,23,4,10.9,1,1,0,4,4,0
Grant Delpit,60685,S,CLV,17,1,8,4,6,1,3,4,0,68.6,35,8,12.9,1,1,0,1,9.2,51,554,13,15.7,0,1,2,1,31.4,16,5,21.9,2,2,0,3,3,0
Julian Love,51081,S,SEA,10,0,29,0,2,0,0,0,0,53.8,7,1,14.3,1,1,0,0,3.8,13,344,3,15.4,0,0,2,0,46.2,6,2,16.7,0,0,0,1,1,0
Bobby Wagner,7050,LB,WAS,17,0,32,3,10,0,3,5,1,50.0,30,10,20.0,2,2,0,1,11.0,68,621,17,15.4,0,0,4,0,50.0,30,6,13.3,2,2,0,4,4,0
Talanoa Hufanga,83903,S,DEN,19,0,10,1,6,0,0,0,0,2.9,1,0,0.0,0,0,0,1,4.8,36,744,9,15.3,0,1,5,1,97.1,34,8,14.7,2,2,1,2,2,1
Ji'Ayir Brown,129767,S,SF,17,0,28,0,3,0,0,1,0,30.0,3,1,16.7,0,0,0,0,2.1,10,479,3,15.0,0,0,2,0,70.0,7,2,14.3,0,0,0,0,0,0
Demetrius Flannigan-Fowles,49231,LB,NYG,7,0,21,1,2,0,1,0,0,70.0,7,1,7.1,0,0,0,0,8.1,10,124,3,15.0,0,0,2,0,30.0,3,2,33.3,0,0,0,0,0,0
Oren Burks,50203,LB,CIN,15,0,7,0,3,0,0,2,0,60.0,6,2,16.7,0,0,0,0,6.9,10,144,3,15.0,0,0,1,0,40.0,4,1,12.5,0,0,0,0,0,0
Quentin Lake,56245,S,LA,13,0,26,1,6,0,1,3,0,53.3,16,4,12.5,0,0,0,0,6.0,30,502,8,15.0,0,0,3,0,46.7,14,4,17.9,1,1,0,1,1,0
Dante Trader Jr.,144900,S,MIA,16,0,17,0,3,0,0,0,0,20.0,2,0,0.0,0,0,0,1,4.0,10,250,3,15.0,0,0,3,1,80.0,8,3,18.8,0,0,0,0,0,0
Nick Cross,97514,S,IND,17,0,14,3,10,0,2,8,1,64.9,37,12,18.9,2,1,0,1,8.7,57,656,15,14.9,0,1,2,0,35.1,20,3,7.5,0,0,0,2,1,0
Nick Emmanwori,158121,S,SEA,16,0,29,1,14,0,0,6,1,58.1,36,8,13.9,2,2,1,2,11.4,64,560,17,14.8,0,0,8,1,41.9,26,8,15.4,0,0,1,2,2,2
Markees Watts,84537,ED,TB,2,0,30,0,3,0,0,0,0,17.6,3,0,0.0,0,0,0,1,85.0,17,20,4,14.7,0,0,3,1,82.4,14,4,17.9,1,0,0,1,0,0
Reddy Steward,97289,CB,DAL,15,0,9,0,3,0,0,3,2,62.5,15,4,16.7,1,1,0,2,7.5,24,318,5,14.6,0,0,0,0,37.5,9,1,11.1,1,1,0,2,2,0
Arron Mosby,55908,ED,GB,2,0,12,0,2,0,0,0,0,28.6,2,0,0.0,0,0,0,0,87.5,7,8,2,14.3,0,0,2,0,71.4,5,2,20.0,0,0,0,0,0,0
DeMarvion Overshown,76729,LB,DAL,6,1,9,0,2,0,0,1,0,33.3,2,1,25.0,0,0,0,0,5.1,7,136,2,14.3,0,0,1,0,66.7,4,1,12.5,0,0,0,0,0,0
Matt Milano,11918,LB,BUF,14,0,4,3,4,0,0,2,1,43.9,18,4,16.7,2,2,0,2,14.8,46,311,10,14.1,0,2,1,0,56.1,23,4,10.9,1,1,0,3,3,0
Cole Bishop,146454,S,BUF,19,0,4,0,5,0,0,4,1,44.0,11,5,27.3,1,1,0,1,4.3,25,577,6,14.0,0,0,1,0,56.0,14,1,3.6,0,0,1,1,1,1
Jessie Bates III,49162,S,ATL,17,0,2,2,1,0,2,1,1,90.9,10,3,15.0,0,0,0,1,1.8,11,626,3,13.6,0,0,0,0,9.1,1,0,0.0,0,0,0,0,0,0
Chamarri Conner,76662,S,KC,17,0,16,2,6,0,1,2,0,40.9,18,4,13.9,1,1,0,0,7.6,44,576,10,13.6,0,1,4,0,59.1,26,6,13.5,1,1,0,2,2,0
Josh Metellus,43395,S,MIN,14,0,18,2,4,0,0,2,0,42.9,9,2,11.1,0,0,0,0,4.9,22,450,6,13.6,0,2,2,0,57.1,12,4,16.7,0,0,0,0,0,0
Jason Pinnock,56144,S,SF,18,0,28,0,3,0,0,1,0,45.5,5,1,10.0,0,1,1,0,3.9,11,280,3,13.6,0,0,2,0,54.5,6,2,16.7,0,0,0,0,1,1
Brandon Jones,43049,S,DEN,14,0,10,1,4,0,1,4,1,100.0,26,6,13.5,1,0,0,1,4.8,26,545,6,13.5,0,0,0,0,0.0,0,0,,0,0,0,1,0,0
Michael Hoecht,108840,ED,BUF,2,0,4,0,5,0,0,5,0,67.5,27,8,20.4,3,2,0,0,95.5,42,44,8,13.1,0,0,0,0,32.5,13,0,0.0,0,0,1,3,2,1
Harrison Smith,7641,S,MIN,15,0,18,1,8,0,1,5,1,42.9,18,6,16.7,0,0,0,1,10.3,42,409,10,13.1,0,0,3,0,57.1,24,4,10.4,1,1,0,1,1,0
Kyler Gordon,83451,CB,CHI,5,0,6,0,2,0,0,0,0,56.5,13,2,15.4,2,2,0,0,15.5,23,148,4,13.0,0,0,2,0,43.5,10,2,10.0,0,0,0,2,2,0
Marcus Jones,55717,CB,NE,20,0,19,0,2,0,0,2,0,48.4,15,3,13.3,1,1,0,0,5.3,31,588,5,12.9,0,0,0,0,51.6,16,2,12.5,2,2,0,3,3,0
Tykee Smith,99500,S,TB,16,0,30,1,3,0,1,2,0,48.4,15,5,23.3,2,2,0,0,5.3,31,580,6,12.9,0,0,1,0,51.6,16,1,3.1,0,0,0,2,2,0
Upton Stout,121906,CB,SF,18,1,28,2,7,1,0,3,1,44.2,19,3,7.9,0,0,0,2,9.8,43,440,10,12.8,0,2,4,1,55.8,24,7,16.7,1,1,0,1,1,0
Quincy Williams,49779,LB,NYJ,13,0,22,1,3,0,1,1,0,59.5,25,5,16.0,3,2,0,0,11.6,47,405,8,12.8,0,0,2,0,40.5,17,2,5.9,0,0,0,4,3,0
Devin Lloyd,58238,LB,JAX,16,0,15,8,16,0,2,6,0,46.5,40,8,10.0,0,0,1,1,20.4,94,461,24,12.8,0,5,10,1,53.5,46,15,16.3,0,0,0,0,0,1
Deion Jones,10686,LB,TB,12,0,30,0,3,0,0,1,0,36.4,4,1,12.5,0,0,0,0,15.8,12,76,3,12.5,0,0,2,0,63.6,7,2,14.3,0,0,0,0,0,0
Ivan Pace Jr.,53587,LB,MIN,14,0,18,5,7,0,3,3,0,58.3,28,6,10.7,0,0,0,2,33.6,48,143,12,12.5,0,2,4,2,41.7,20,6,15.0,0,0,0,0,0,0
Shaka Heyward,77120,LB,CIN,3,0,7,1,0,0,1,0,0,75.0,3,1,16.7,0,0,0,0,20.0,4,20,1,12.5,0,0,0,0,25.0,1,0,0.0,0,0,1,0,0,1
Jourdan Lewis,11846,CB,JAX,11,0,15,1,3,0,1,2,0,50.0,8,3,18.8,0,0,0,0,4.1,16,393,4,12.5,0,0,1,0,50.0,8,1,6.3,0,0,0,0,0,0
Bam Martin-Scott,146904,LB,CAR,3,0,5,0,1,0,0,1,0,50.0,2,1,25.0,0,0,0,0,20.0,4,20,1,12.5,0,0,0,0,50.0,2,0,0.0,0,0,0,0,0,0
Omar Speights,97723,LB,LA,19,0,26,1,6,0,0,1,0,46.2,12,1,4.2,0,0,1,0,6.7,28,417,7,12.5,0,1,3,0,53.8,14,4,14.3,0,0,0,0,0,1
Tony Adams,55953,S,NYJ,10,0,22,0,0,0,0,0,0,62.5,5,0,0.0,0,0,0,0,3.2,8,253,1,12.5,0,0,0,0,37.5,3,1,33.3,1,1,0,1,1,0
Justin Reid,49048,S,NO,15,0,20,0,1,0,0,0,0,50.0,6,1,16.7,1,0,0,0,2.8,12,431,2,12.5,0,0,1,0,50.0,6,1,8.3,0,0,0,1,0,0
Kitan Oladapo,83349,S,GB,4,0,12,0,1,0,0,1,0,50.0,2,1,25.0,0,0,0,0,10.3,4,39,1,12.5,0,0,0,0,50.0,2,0,0.0,0,0,0,0,0,0
Xavier Watts,122914,S,ATL,17,0,2,0,1,0,0,0,0,0.0,0,0,,0,0,0,0,0.6,4,626,1,12.5,0,0,1,0,100.0,4,1,12.5,0,0,0,0,0,0
Minkah Fitzpatrick,51206,S,MIA,14,0,17,1,4,0,0,2,0,50.0,14,2,7.1,0,0,0,1,6.1,28,457,6,12.5,0,1,2,1,50.0,14,4,17.9,1,1,0,1,1,0
Josh Wallace,97676,S,LA,9,0,26,1,1,0,1,1,0,75.0,6,2,16.7,0,0,0,0,4.3,8,188,2,12.5,0,0,0,0,25.0,2,0,0.0,0,0,0,0,0,0
Austin Ajiake,83826,LB,IND,14,0,14,1,1,0,0,1,0,62.5,5,1,10.0,0,0,0,0,7.1,8,113,2,12.5,0,1,0,0,37.5,3,1,16.7,0,0,0,0,0,0
Antoine Winfield Jr.,42475,S,TB,17,0,30,3,10,0,1,4,0,45.0,27,5,9.3,0,0,1,0,9.3,60,645,14,12.5,0,2,6,0,55.0,33,9,15.2,1,1,0,1,1,1
Jevon Holland,83873,S,NYG,14,0,21,0,2,0,0,1,0,75.0,6,1,8.3,0,0,0,0,1.7,8,479,2,12.5,0,0,1,0,25.0,2,1,25.0,0,0,0,0,0,0
Drake Thomas,97525,LB,SEA,19,0,29,3,10,0,2,5,0,54.8,40,9,13.8,2,2,0,0,15.0,76,507,16,12.5,0,1,4,0,45.2,33,6,10.6,1,1,0,3,3,0
Marcus Harris,97230,CB,TEN,9,0,31,0,2,0,0,2,0,62.5,5,2,20.0,0,0,0,0,3.7,8,216,2,12.5,0,0,0,0,37.5,3,0,0.0,0,0,0,0,0,0
Myles Bryant,43336,S,HST,9,0,13,0,1,0,0,1,0,25.0,1,1,50.0,0,0,0,0,1.8,4,225,1,12.5,0,0,0,0,75.0,3,0,0.0,0,0,0,0,0,0
Victor Dimukeje,56347,ED,NYG,2,0,21,0,1,0,0,1,0,50.0,2,1,25.0,0,0,0,0,80.0,4,5,1,12.5,0,0,0,0,50.0,2,0,0.0,0,0,0,0,0,0
Eric Wilson,38587,LB,MIN,17,1,18,3,27,1,2,14,1,46.2,78,20,15.4,4,4,0,2,37.2,169,454,36,12.4,0,1,13,1,53.8,91,16,9.9,2,3,1,6,7,1
Justin Strnad,42659,LB,DEN,17,0,10,4,7,0,2,2,0,48.6,36,5,8.3,1,1,0,0,20.4,77,378,15,12.3,0,2,5,0,51.4,38,10,17.1,3,3,0,4,4,0
Budda Baker,11791,S,ARZ,16,0,1,1,6,0,0,2,1,33.3,10,2,10.0,0,0,1,1,6.4,37,579,8,12.2,0,1,4,0,66.7,20,6,17.5,1,1,0,1,1,1
Will Anderson Jr.,123903,ED,HST,19,0,13,11,74,0,6,51,5,73.4,359,68,11.0,11,14,7,5,99.6,493,495,102,12.1,0,4,22,0,26.6,130,32,14.6,6,7,1,17,21,8
Desjuan Johnson,76850,ED,LA,9,0,26,5,13,0,3,7,0,38.9,35,11,17.1,1,1,0,0,97.8,91,93,20,12.1,0,2,6,0,61.1,55,9,9.1,1,2,1,2,3,1
Tyrice Knight,122025,LB,SEA,12,0,29,0,1,0,0,0,0,70.0,14,1,7.1,1,1,0,0,11.1,21,189,3,11.9,0,0,1,0,30.0,6,2,25.0,1,1,0,2,2,0
Andru Phillips,124075,CB,NYG,17,0,21,0,4,0,0,3,1,52.9,9,3,16.7,0,0,0,1,3.6,17,472,4,11.8,0,0,1,0,47.1,8,1,6.3,0,0,0,0,0,0
Jaden Hicks,146512,S,KC,17,0,16,1,1,0,1,1,0,52.9,9,3,22.2,1,1,0,0,5.5,17,308,3,11.8,0,0,0,0,47.1,8,0,0.0,0,0,0,1,1,0
Payton Wilson,77127,LB,PIT,18,0,25,3,11,0,0,4,1,54.4,37,4,5.4,0,0,0,3,15.3,76,498,16,11.8,0,2,4,1,45.6,31,7,12.9,1,1,0,2,2,0
Demetrius Knight Jr.,99728,LB,CIN,17,0,7,1,5,0,0,1,0,45.1,23,2,6.5,1,3,2,1,11.4,51,447,9,11.8,0,1,4,1,54.9,28,7,16.1,2,1,1,3,4,3
Jadeveon Clowney,8636,ED,DAL,13,0,9,2,29,0,2,25,3,79.3,165,35,13.0,8,9,2,3,98.6,208,211,40,11.8,0,0,4,0,20.7,43,5,7.0,1,1,0,9,10,2
Ed Oliver,42200,DI,BUF,4,0,4,3,7,0,1,4,0,42.4,28,7,16.1,2,2,0,1,100.0,69,69,13,11.6,0,2,3,1,57.6,38,6,9.2,1,1,0,3,3,0
DeShon Elliott,28854,S,PIT,5,0,25,1,0,0,1,0,0,46.2,6,1,8.3,0,0,1,0,7.1,13,182,2,11.5,0,0,0,0,53.8,7,1,14.3,1,1,0,1,1,1
C.J. Brewer,54409,DI,TB,5,0,30,0,1,0,0,0,0,53.8,7,1,14.3,1,0,0,0,92.9,13,14,2,11.5,0,0,1,0,46.2,6,1,8.3,0,0,0,1,0,0
Marlon Humphrey,11771,CB,BLT,15,0,3,2,2,0,2,2,1,61.5,16,5,18.8,1,1,0,1,4.7,26,553,5,11.5,0,0,0,0,38.5,10,0,0.0,0,0,0,1,1,0
Jerome Baker,28091,LB,CLV,17,0,8,0,1,0,0,0,0,30.8,4,1,25.0,1,1,0,0,13.1,13,99,2,11.5,0,0,1,0,69.2,9,1,5.6,0,0,1,1,1,1
Micah Parsons,81360,ED,GB,14,2,12,14,51,0,5,26,0,45.8,181,37,11.9,6,7,1,1,98.8,404,409,79,11.5,2,9,20,1,54.2,214,37,10.5,8,8,0,14,15,1
Charles Snowden,62775,ED,LV,13,0,23,1,7,0,1,3,0,55.8,29,4,6.9,0,0,0,0,42.3,52,123,10,11.5,0,0,4,0,44.2,23,6,17.4,2,2,0,2,2,0
Ifeatu Melifonwu,56203,S,MIA,16,0,17,0,4,0,0,3,0,57.7,15,3,10.0,0,0,0,0,7.9,26,330,5,11.5,0,0,1,0,42.3,11,2,13.6,1,1,0,1,1,0
Myles Garrett,11756,ED,CLV,17,0,8,14,45,0,2,13,0,16.5,78,19,14.7,4,4,0,0,100.0,477,477,84,11.4,0,12,31,0,83.5,396,64,10.7,21,22,3,25,26,3
Chase Young,56436,ED,NO,12,0,20,2,35,0,0,1,0,1.1,3,1,16.7,0,0,0,2,89.3,267,299,49,11.4,0,2,34,2,98.9,264,48,11.4,12,15,4,12,15,4
Nick Bolton,81322,LB,KC,17,0,16,5,17,0,2,3,0,44.7,34,5,7.4,0,0,0,0,18.5,105,569,23,11.4,0,2,8,0,55.3,42,10,11.9,0,0,0,1,1,1
Jordyn Brooks,50851,LB,MIA,17,0,17,0,11,0,0,2,0,39.2,29,3,6.9,1,1,0,0,14.0,75,536,14,11.3,0,0,8,0,60.8,45,10,13.3,2,2,1,3,3,1
Kamren Curl,55800,S,LA,20,0,26,3,2,0,0,1,0,19.4,6,2,25.0,1,1,0,0,3.9,31,791,6,11.3,0,3,1,0,80.6,25,4,8.0,0,0,0,1,1,0
Nik Bonitto,77196,ED,DEN,19,0,10,14,47,0,3,2,0,12.5,54,8,10.2,3,4,2,6,86.1,433,503,79,11.2,0,11,45,6,87.5,378,71,11.4,15,16,4,18,20,6
Trenton Simpson,122157,LB,BLT,16,1,3,3,5,0,1,2,1,43.9,18,4,13.9,1,1,0,2,18.9,45,238,9,11.1,0,2,2,0,56.1,23,4,8.7,0,1,1,1,2,1
Marcelino McCrary-Ball,51112,LB,NYJ,4,0,22,0,2,0,0,1,0,44.4,4,1,12.5,0,0,0,0,20.0,9,45,2,11.1,0,0,1,0,55.6,5,1,10.0,0,0,1,0,0,1
Evan Williams,73864,S,GB,17,0,12,0,2,0,0,1,0,33.3,3,1,16.7,0,0,0,0,1.6,9,571,2,11.1,0,0,1,0,66.7,6,1,8.3,0,1,1,0,1,1
Cam Lewis,49395,S,BUF,18,0,4,0,4,0,0,3,1,66.7,12,3,12.5,0,0,0,1,5.9,18,304,4,11.1,0,0,1,0,33.3,6,1,8.3,0,0,0,0,0,0
Michael Carter II,60644,CB,PHI,13,0,24,0,2,0,0,0,0,66.7,6,0,0.0,0,0,0,0,6.8,9,133,2,11.1,0,0,2,0,33.3,3,2,33.3,0,0,0,0,0,0
Mack Wilson Sr.,43190,LB,ARZ,8,0,1,1,5,0,1,1,0,52.2,12,2,8.3,0,0,0,0,8.5,27,318,6,11.1,0,0,2,0,47.8,11,2,9.1,0,0,0,0,0,0
Derwin James Jr.,51368,S,LAC,17,0,27,5,5,0,5,1,0,50.0,35,8,14.3,2,2,0,0,12.8,72,562,13,11.1,0,0,4,0,50.0,35,5,8.6,1,1,0,3,3,0
Jalen Pitre,57737,S,HST,16,0,13,0,9,0,0,5,0,56.1,23,5,10.9,0,1,1,1,7.8,41,524,9,11.0,0,0,4,1,43.9,18,4,11.1,0,0,0,0,1,1
Jihaad Campbell,157013,LB,PHI,16,0,24,2,10,0,1,4,1,47.3,26,5,9.6,0,0,1,2,14.0,55,392,12,10.9,0,1,6,1,52.7,29,7,12.1,0,2,3,0,2,4
Brandon Graham,5538,ED,PHI,10,0,24,0,8,0,0,4,0,46.9,30,7,16.7,3,3,0,2,100.0,64,64,11,10.9,0,0,4,2,53.1,34,4,5.9,0,0,0,3,3,0
Cooper DeJean,144867,CB,PHI,17,0,24,1,4,0,1,3,0,60.9,14,4,14.3,0,0,0,1,3.6,23,632,5,10.9,0,0,1,1,39.1,9,1,5.6,0,0,0,0,0,0
Jamal Adams,11761,LB,LV,17,0,23,1,4,0,1,1,0,56.3,18,3,11.1,1,1,0,0,12.3,32,260,6,10.9,0,0,3,0,43.8,14,3,10.7,0,0,0,1,1,0
SirVocea Dennis,99767,LB,TB,16,0,30,4,7,0,1,0,0,33.3,23,1,2.2,0,0,0,1,13.9,79,570,14,10.8,0,3,6,1,66.7,46,11,14.1,2,2,0,3,2,0
Tuli Tuipulotu,131840,ED,LAC,17,1,27,13,48,1,6,35,7,60.9,249,50,11.8,9,10,1,8,89.3,411,460,75,10.8,0,7,13,1,39.1,160,25,9.4,5,6,1,14,16,2
Zack Baun,34632,LB,PHI,17,0,24,2,10,0,0,4,1,36.5,27,5,11.1,1,1,1,1,11.9,75,632,14,10.7,0,2,6,0,63.5,47,9,10.6,1,1,1,2,2,2
Logan Wilson,29623,LB,DAL,15,0,9,0,3,0,0,0,0,42.9,6,0,0.0,0,0,0,0,4.3,14,329,3,10.7,0,0,3,0,57.1,8,3,18.8,0,0,0,0,0,0
Xavier McKinney,55775,S,GB,17,0,12,1,0,0,1,0,0,50.0,7,2,21.4,1,1,0,0,2.2,14,634,2,10.7,0,0,0,0,50.0,7,0,0.0,0,0,0,1,1,0
Dorance Armstrong,48557,ED,WAS,7,0,32,1,15,0,0,6,0,43.0,55,8,9.1,2,3,1,0,97.0,131,135,22,10.7,0,1,9,0,57.0,73,14,12.3,4,4,0,6,7,1
Dennis Gardeck,66928,LB,JAX,18,0,15,4,17,0,0,9,0,54.0,68,10,8.1,1,2,1,1,48.5,126,260,24,10.7,0,4,8,1,46.0,58,14,13.8,2,3,1,3,5,2
Divine Deablo,42208,LB,ATL,13,0,2,0,8,0,0,3,0,48.8,20,3,7.5,0,0,0,1,10.5,47,448,9,10.6,0,0,3,1,51.2,21,4,11.9,1,0,0,1,0,0
Danielle Hunter,9521,ED,HST,19,1,13,9,64,1,2,24,0,35.9,190,32,10.0,6,6,0,7,99.4,529,532,92,10.5,0,7,40,7,64.1,339,60,10.8,13,13,2,19,19,2
Alontae Taylor,83469,CB,NO,17,0,20,1,4,0,1,2,0,41.9,18,3,8.3,0,0,1,0,7.8,43,554,7,10.5,0,0,2,0,58.1,25,4,12.0,2,2,0,2,2,1
Jack Campbell,101515,LB,DET,17,0,11,1,9,0,0,3,0,56.3,40,4,6.3,1,1,0,2,11.9,76,636,13,10.5,0,1,6,2,43.7,31,9,17.7,2,3,1,3,4,1
Christian Elliss,61853,LB,NE,18,0,19,4,8,0,1,3,0,43.5,27,5,11.1,1,1,0,1,17.5,67,383,13,10.4,0,3,4,1,56.5,35,7,10.0,0,0,0,1,1,0
Jamien Sherwood,83175,LB,NYJ,17,2,22,2,7,2,1,1,0,55.1,27,2,3.7,0,0,0,1,11.2,64,573,11,10.2,0,1,1,0,44.9,22,3,9.1,1,1,0,2,2,0
Andrew Wingard,49268,S,JAX,17,1,15,1,10,0,1,3,1,43.4,23,4,8.7,0,0,0,2,8.4,54,643,11,10.2,1,0,7,1,56.6,30,7,11.7,0,0,0,0,0,0
Daiyan Henley,61500,LB,LAC,17,0,27,1,8,0,1,5,1,56.9,33,7,12.1,1,1,0,1,10.9,64,589,11,10.2,0,0,3,0,43.1,25,4,10.0,1,0,0,2,1,0
Aidan Hutchinson,82330,ED,DET,17,0,11,20,64,0,12,39,3,60.7,347,62,10.5,11,12,2,5,98.5,572,581,100,10.1,0,8,25,2,39.3,225,38,9.6,5,6,1,16,18,3
Elandon Roberts,10848,LB,LV,17,0,23,0,3,0,0,1,0,53.3,8,1,6.3,0,0,0,0,5.6,15,270,3,10.0,0,0,2,0,46.7,7,2,14.3,0,0,0,0,0,0
Mike Jackson,50437,CB,CAR,18,0,5,0,1,0,0,1,0,40.0,2,1,25.0,0,0,0,0,0.8,5,607,1,10.0,0,0,0,0,60.0,3,0,0.0,0,0,0,0,0,0
Terrel Bernard,57739,LB,BUF,12,0,4,2,7,0,1,0,0,47.5,19,1,2.6,0,0,0,1,13.2,45,341,9,10.0,0,1,4,0,52.5,21,5,11.9,0,0,1,0,0,1
DaRon Bland,56158,CB,DAL,12,0,9,0,2,0,0,2,1,60.0,6,2,16.7,0,0,0,1,2.3,10,435,2,10.0,0,0,0,0,40.0,4,0,0.0,0,0,0,0,0,0
Jalyx Hunt,105989,ED,PHI,18,0,24,17,36,0,5,7,3,28.1,94,13,7.4,1,1,1,4,83.8,335,400,60,10.0,0,12,29,1,71.9,241,47,11.0,6,7,2,7,8,3
Brandon Stephens,45644,CB,NYJ,16,0,22,0,1,0,0,0,0,40.0,2,0,0.0,0,0,0,0,0.9,5,551,1,10.0,0,0,1,0,60.0,3,1,16.7,0,0,0,0,0,0
C.J. Gardner-Johnson,49371,S,CHI,14,0,6,3,1,0,1,0,0,46.0,23,4,15.2,3,3,0,1,10.4,50,480,7,10.0,0,2,1,1,54.0,27,3,5.6,0,0,0,3,3,0
Carrington Valentine,53750,CB,GB,17,1,12,0,1,0,0,0,0,0.0,0,0,,0,0,0,0,1.0,5,480,1,10.0,1,0,1,0,100.0,5,1,10.0,0,0,0,0,0,0
Derion Kendrick,78022,CB,LA,7,0,26,0,1,0,0,0,0,60.0,3,0,0.0,0,0,0,0,5.3,5,94,1,10.0,0,0,1,0,40.0,2,1,25.0,0,0,0,0,0,0
Cam Taylor-Britt,83326,CB,CIN,8,0,7,1,0,0,1,0,0,60.0,3,1,16.7,0,0,0,0,2.4,5,212,1,10.0,0,0,0,0,40.0,2,0,0.0,0,0,0,0,0,0
Chau Smith-Wade,131956,CB,CAR,17,0,5,0,2,0,0,1,0,40.0,4,1,12.5,0,0,0,0,2.4,10,419,2,10.0,0,0,1,0,60.0,6,1,8.3,0,0,0,0,0,0
Al-Quadin Muhammad,11951,ED,DET,17,0,11,9,30,0,3,12,2,32.3,103,19,11.2,4,3,1,3,94.7,319,337,51,9.9,0,6,18,1,67.7,216,32,9.3,8,10,3,12,13,4
Josh Hines-Allen,50235,ED,JAX,18,1,15,22,68,0,5,19,1,20.0,111,24,10.8,0,0,0,5,93.6,554,592,100,9.9,1,17,49,4,80.0,443,76,9.7,10,13,5,10,13,5
Andrew Van Ginkel,30267,ED,MIN,12,0,18,7,9,0,4,6,1,82.5,132,18,9.8,8,11,4,3,55.9,161,288,24,9.9,0,3,3,2,17.5,28,6,10.7,0,0,0,8,11,4
Carson Schwesinger,146401,LB,CLV,16,0,8,3,8,0,0,5,0,43.6,24,5,10.4,0,0,0,0,12.8,66,514,12,9.8,0,3,2,0,56.4,31,5,8.1,0,0,1,1,1,1
Edgerrin Cooper,124311,LB,GB,17,0,12,2,8,0,1,3,0,46.7,28,5,10.7,1,1,1,0,10.2,61,600,11,9.8,0,1,5,0,53.3,32,6,9.4,0,0,0,1,1,1
Tyrel Dodson,51045,LB,MIA,16,1,17,1,7,0,0,0,0,52.1,25,0,0.0,0,0,1,0,12.2,61,500,10,9.8,0,0,2,0,47.9,23,2,4.3,0,0,0,2,2,1
Byron Young,146932,ED,LA,20,1,26,20,40,1,19,31,0,87.3,385,63,9.9,13,15,4,0,75.3,441,586,73,9.8,0,1,9,0,12.7,56,10,8.9,0,0,0,13,15,4
Zach Harrison,98503,DI,ATL,7,1,2,0,11,0,0,6,0,56.5,61,10,11.5,4,3,1,0,100.0,108,108,16,9.7,1,0,5,0,43.5,47,6,7.4,1,1,0,5,4,1
Jonathan Greenard,48407,ED,MIN,12,1,18,7,35,1,2,14,2,29.1,75,18,13.3,2,2,0,6,80.9,258,319,46,9.7,0,5,21,4,70.9,183,28,8.2,2,3,3,4,5,3
Teddye Buchanan,142172,LB,BLT,14,2,3,0,7,1,0,5,1,50.0,21,5,11.9,0,0,0,1,13.6,47,345,8,9.6,0,0,2,0,50.0,21,3,9.5,1,2,1,1,2,1
Jaelan Phillips,56902,ED,PHI,18,1,24,10,59,1,9,53,6,94.1,384,67,9.4,5,6,1,6,83.7,410,490,74,9.6,0,1,5,0,5.9,24,6,12.5,0,0,0,5,6,1
Lavonte David,7060,LB,TB,17,0,30,2,7,0,0,5,1,59.3,51,9,12.7,4,4,1,1,14.1,89,631,13,9.6,0,2,2,0,40.7,35,4,5.7,0,0,1,4,4,2
Ventrell Miller,57809,LB,JAX,12,0,15,0,3,0,0,1,0,63.2,12,1,4.2,0,0,0,0,20.8,26,125,4,9.6,0,0,1,0,36.8,7,1,7.1,0,0,1,1,0,1
Jaquan Brisker,101665,S,CHI,19,1,6,1,8,1,0,3,0,48.5,33,5,10.6,2,2,0,0,9.9,68,689,11,9.6,0,1,5,0,51.5,35,6,8.6,0,0,0,2,2,0
Craig Woodson,100612,S,NE,20,0,19,2,5,0,0,2,0,40.5,15,2,6.7,0,0,0,0,5.3,37,692,7,9.5,0,2,3,0,59.5,22,5,11.4,0,0,0,0,0,0
Boogie Basham,44320,ED,CAR,3,0,5,0,3,0,0,1,0,37.5,6,1,8.3,0,0,0,0,88.9,16,18,3,9.4,0,0,2,0,62.5,10,2,10.0,0,0,1,0,0,1
Kaden Elliss,51485,LB,ATL,17,0,2,5,20,0,3,10,1,48.1,76,15,11.2,2,1,1,1,26.2,165,629,28,9.4,0,2,10,0,51.9,82,13,8.5,1,1,0,3,2,1
Nick Bosa,42741,ED,SF,3,1,28,2,6,0,1,1,0,40.6,26,3,7.7,1,2,1,0,98.5,64,65,10,9.4,1,1,5,0,59.4,38,7,10.5,1,1,0,2,3,1
Cody Simon,129757,LB,ARZ,11,0,1,0,4,0,0,0,0,50.0,15,0,0.0,0,0,0,0,11.4,32,281,5,9.4,0,0,4,0,50.0,15,4,13.3,0,0,0,1,1,0
Walter Nolen,158666,DI,ARZ,6,1,1,2,11,0,1,4,0,44.4,40,6,8.8,1,1,1,0,100.0,91,91,15,9.3,1,1,7,0,55.6,50,9,10.0,1,1,0,2,2,1
James Houston,57810,ED,DAL,17,0,9,10,9,0,3,5,1,34.3,57,10,10.5,2,1,0,2,91.2,166,182,25,9.3,0,7,4,1,65.7,109,15,8.7,4,5,2,6,6,2
Robert Spillane,50918,LB,NE,16,1,19,0,11,1,0,4,0,41.3,19,4,10.5,0,1,1,2,10.6,59,555,11,9.3,0,0,5,2,58.7,27,5,9.3,0,0,0,0,1,1
Dallas Turner,146604,ED,MIN,17,0,18,6,27,0,4,11,1,48.7,134,17,7.1,2,1,0,4,75.8,275,363,42,9.3,0,2,16,3,51.3,141,25,11.3,7,7,0,9,8,0
Zaire Franklin,49834,LB,IND,17,1,14,4,10,0,2,5,0,50.5,47,9,11.7,2,1,0,1,16.5,108,656,17,9.3,1,1,4,1,49.5,46,6,7.6,1,2,1,3,3,1
Trent McDuffie,72191,CB,KC,13,0,16,0,3,0,0,0,0,48.1,13,1,7.7,1,1,0,0,6.7,27,405,4,9.3,0,0,3,0,51.9,14,3,10.7,0,0,1,1,1,1
Jared Verse,101912,ED,LA,20,3,26,27,64,0,3,12,0,23.4,138,17,6.9,2,3,1,4,97.2,594,611,100,9.2,3,23,50,4,76.6,451,80,9.6,7,9,5,9,12,6
Kyle Hamilton,102684,S,BLT,16,0,3,3,7,0,1,4,0,60.0,33,6,10.6,1,2,1,0,10.4,65,626,11,9.2,0,0,1,0,40.0,22,1,2.3,0,0,0,1,2,1
Patrick Queen,57941,LB,PIT,18,0,25,3,9,0,2,5,2,42.9,30,8,15.0,1,1,0,2,10.9,76,700,13,9.2,0,1,4,0,57.1,40,5,6.3,0,0,0,1,1,0
Joshua Uche,27379,ED,PHI,9,1,24,1,21,0,1,9,0,32.1,42,11,14.3,1,1,0,1,90.3,131,145,23,9.2,1,0,12,1,67.9,89,12,6.7,0,0,1,1,1,1
Ashtyn Davis,49560,S,MIA,14,1,17,0,2,1,0,1,0,45.5,5,1,10.0,0,0,0,0,2.8,11,397,2,9.1,0,0,1,0,54.5,6,1,8.3,0,0,0,0,0,0
Alohi Gilman,41662,S,BLT,17,0,3,1,1,0,0,0,0,36.4,4,0,0.0,0,0,0,0,1.7,11,646,2,9.1,0,1,1,0,63.6,7,2,14.3,0,0,0,0,0,0
Danny Stutsman,144632,LB,NO,12,0,20,0,2,0,0,0,0,36.4,4,0,0.0,0,0,0,1,11.6,11,95,2,9.1,0,0,2,1,63.6,7,2,14.3,0,0,0,0,0,0
Claudin Cherelus,52094,LB,CAR,7,0,5,1,1,0,1,1,0,70.0,7,2,14.3,0,0,0,0,10.0,11,110,2,9.1,0,0,0,0,30.0,3,0,0.0,0,0,0,0,0,0
Darius Muasau,86008,LB,NYG,12,1,21,0,4,0,0,2,0,47.6,10,2,10.0,0,0,0,0,10.2,22,215,4,9.1,0,0,2,0,52.4,11,2,9.1,0,1,1,0,1,1
Shemar James,157749,LB,DAL,13,0,9,3,2,0,3,0,0,43.6,17,3,8.8,0,0,0,0,12.8,39,304,6,9.0,0,0,2,0,56.4,22,3,9.1,1,1,0,1,1,0
Derick Hall,98130,ED,SEA,16,0,29,11,33,0,6,19,3,47.3,132,25,9.5,0,1,1,6,93.6,279,298,47,9.0,0,5,14,3,52.7,147,22,8.5,3,2,0,3,3,1
Odafe Oweh,82161,ED,LAC,18,2,27,9,31,1,4,17,0,53.1,186,27,8.9,6,7,1,0,92.8,350,377,51,8.9,1,5,14,0,46.9,164,24,8.8,5,6,2,11,13,3
K'Lavon Chaisson,57945,ED,NE,19,1,19,17,43,0,6,5,0,16.5,77,14,11.0,3,5,2,6,95.3,471,494,72,8.9,1,11,38,6,83.5,391,58,8.6,9,9,4,12,14,6
Dee Winters,99376,LB,SF,18,1,28,5,6,1,2,1,0,46.3,25,3,6.0,0,0,0,0,10.3,62,604,11,8.9,0,3,2,0,53.7,29,5,8.6,0,0,1,0,0,1
Josh Sweat,50120,ED,ARZ,17,0,1,6,29,0,6,16,1,52.4,175,28,9.7,6,6,0,2,95.4,334,350,47,8.8,0,0,13,1,47.6,159,19,7.9,6,7,1,12,13,1
Khalid Kareem,42993,ED,ATL,4,0,2,1,5,0,1,4,1,47.1,16,5,15.6,0,0,0,1,94.4,34,36,6,8.8,0,0,1,0,52.9,18,1,2.8,0,0,0,0,0,0
Dane Belton,101398,S,NYG,17,1,21,0,1,1,0,1,0,75.0,12,2,12.5,1,1,0,0,4.0,17,425,2,8.8,0,0,0,0,25.0,4,0,0.0,0,0,0,1,1,0
Nnamdi Madubuike,44304,DI,BLT,2,0,3,1,7,0,1,5,0,57.4,39,7,10.3,1,1,0,0,97.1,68,70,10,8.8,0,0,2,0,42.6,29,3,6.9,1,1,0,2,2,0
Jeffery Simmons,43742,DI,TEN,15,0,31,10,42,0,4,24,3,57.5,245,35,8.6,7,9,5,5,98.9,433,438,64,8.8,0,5,18,2,42.5,181,27,8.6,4,5,1,12,15,6
Blake Cashman,35413,LB,MIN,13,3,18,1,13,0,0,7,0,55.1,59,9,9.3,2,4,3,0,28.9,114,394,17,8.8,2,1,4,0,44.9,48,6,7.3,1,0,0,3,4,3
Quandarrius Robinson,123932,ED,DEN,7,0,10,2,6,0,1,4,0,70.6,48,6,7.3,1,1,0,1,86.1,68,79,10,8.8,0,1,2,1,29.4,20,4,12.5,1,1,0,2,2,0
Laiatu Latu,100551,ED,IND,16,0,14,9,41,0,2,20,2,42.5,174,25,8.0,3,5,2,2,86.7,411,474,61,8.8,0,7,21,0,57.5,235,36,9.4,8,6,1,11,11,3
Dorian Williams,97694,LB,BUF,16,0,4,3,7,0,1,4,2,48.1,26,5,9.6,0,0,0,3,25.7,57,222,10,8.8,0,2,3,1,51.9,28,5,8.9,0,0,0,0,0,0
Greg Rousseau,76889,ED,BUF,18,0,4,18,36,0,6,21,1,53.6,221,33,8.8,6,4,2,3,92.8,413,445,63,8.7,0,12,14,2,46.4,191,29,8.4,3,5,2,9,9,4
Donovan Wilson,49408,S,DAL,15,1,9,0,4,1,0,4,2,47.8,11,4,18.2,0,0,0,2,4.3,23,538,4,8.7,0,0,0,0,52.2,12,0,0.0,0,0,0,0,0,0
Lukas Van Ness,129482,ED,GB,10,0,12,7,16,0,1,4,1,27.7,46,5,5.4,0,0,0,1,92.2,166,180,26,8.7,0,6,12,0,72.3,120,21,10.0,3,3,0,3,3,0
Khalil Mack,8640,ED,LAC,13,0,27,6,30,0,1,19,2,58.9,165,22,7.3,2,3,2,2,95.2,280,294,42,8.6,0,5,11,0,41.1,115,20,10.4,4,4,0,6,7,2
Von Miller,6154,ED,WAS,17,1,32,4,22,1,4,22,1,96.7,263,35,8.4,9,8,0,1,96.1,272,283,36,8.5,0,0,0,0,3.3,9,1,11.1,1,0,0,10,8,0
James Pearce Jr.,163770,ED,ATL,17,0,2,3,31,0,0,12,1,40.3,133,17,8.3,5,5,0,1,90.7,330,364,45,8.5,0,3,19,0,59.7,197,28,8.6,6,6,1,11,11,1
Alex Singleton,9994,LB,DEN,18,0,10,4,11,0,2,8,0,56.8,46,10,10.9,0,1,1,0,12.7,89,703,15,8.4,0,2,2,0,43.2,35,4,5.7,0,0,0,0,1,1
George Karlaftis,98319,ED,KC,16,2,16,16,43,1,5,24,2,48.3,209,35,9.8,6,7,2,4,96.9,433,447,66,8.4,1,11,19,2,51.7,224,31,7.1,1,2,2,7,9,4
Nick Herbig,129920,ED,PIT,16,0,25,13,27,0,2,11,0,22.6,75,15,11.3,2,3,1,2,86.3,335,388,48,8.4,0,11,16,2,77.4,257,32,7.2,5,5,1,8,9,2
Zach Allen,49605,DI,DEN,19,0,10,38,33,0,8,10,1,24.4,134,19,7.5,1,1,0,6,99.1,567,572,83,8.4,0,30,22,5,75.6,415,63,8.9,11,8,1,12,9,1
Sai'vion Jones,146782,DI,DEN,3,0,10,0,2,0,0,0,0,25.0,6,1,16.7,1,0,0,1,100.0,24,24,3,8.3,0,0,2,1,75.0,18,2,5.6,0,0,0,1,0,0
Quay Walker,82547,LB,GB,15,0,12,4,5,0,2,3,0,56.7,34,6,10.3,1,1,0,1,14.1,78,552,11,8.3,0,1,2,1,43.3,26,4,9.6,1,2,1,2,3,1
DeMarcus Lawrence,8669,ED,SEA,18,2,29,14,37,2,7,27,7,57.1,245,41,9.8,7,9,7,11,97.1,429,442,61,8.3,0,7,10,4,42.9,184,20,6.3,3,4,1,10,13,8
Thomas Incoom,145694,ED,CAR,4,0,5,0,2,0,0,1,0,66.7,8,1,6.3,0,0,0,0,92.3,12,13,2,8.3,0,0,1,0,33.3,4,1,12.5,0,0,0,0,0,0
Rayshawn Jenkins,11868,S,CLV,17,0,8,0,1,0,0,1,0,83.3,5,1,10.0,0,0,0,0,3.1,6,193,1,8.3,0,0,0,0,16.7,1,0,0.0,0,0,0,0,0,0
Kenneth Murray Jr.,58099,LB,DAL,17,0,9,2,4,0,1,2,1,43.3,13,3,11.5,0,0,0,1,7.2,36,500,6,8.3,0,0,2,0,56.7,17,2,5.9,0,1,1,0,1,1
Sauce Gardner,100903,CB,IND,11,0,14,0,1,0,0,0,0,0.0,0,0,,0,0,0,1,1.8,6,325,1,8.3,0,0,1,1,100.0,6,1,8.3,0,0,0,0,0,0
Alex Highsmith,43507,ED,PIT,14,0,25,9,25,0,0,0,0,0.9,3,0,0.0,0,0,0,2,82.4,327,397,44,8.3,0,9,25,2,99.1,324,44,8.3,10,10,0,10,10,0
Adam Gotsis,10697,DI,TB,2,0,30,1,1,0,0,0,0,50.0,6,0,0.0,0,0,0,0,100.0,12,12,2,8.3,0,1,1,0,50.0,6,2,16.7,0,0,0,0,0,0
Milton Williams,56682,DI,NE,15,0,19,7,40,0,3,19,1,42.5,151,26,9.9,4,7,5,1,98.1,357,364,53,8.3,0,4,21,0,57.5,204,27,7.1,2,3,1,6,10,6
Nolan Smith,99014,ED,PHI,13,1,24,8,26,0,5,14,0,48.9,112,20,9.4,1,3,1,1,86.7,229,264,36,8.3,1,3,12,1,51.1,117,16,7.3,1,3,3,2,6,4
Chris Wormley,11829,DI,IND,5,0,14,0,3,0,0,2,0,63.3,19,3,10.5,1,1,0,0,90.9,30,33,4,8.3,0,0,1,0,36.7,11,1,4.5,0,0,0,1,1,0
Alex Anzalone,11831,LB,DET,16,0,11,0,4,0,0,3,0,50.0,30,4,8.3,1,0,0,0,10.6,62,587,7,8.1,0,0,1,0,50.0,30,3,8.3,2,2,1,3,2,1
E.J. Speed,94351,LB,HST,18,0,13,1,4,0,0,2,0,50.0,15,2,6.7,0,0,0,0,12.1,31,256,5,8.1,0,1,2,0,50.0,15,3,10.0,0,0,0,0,0,0
Yaya Diaby,122705,ED,TB,17,0,30,10,43,0,0,4,0,9.9,42,5,7.1,1,1,1,4,86.7,425,490,61,8.1,0,10,39,4,90.1,382,56,8.2,7,13,7,8,14,8
Rashan Gary,42905,ED,GB,17,0,12,13,40,0,6,23,1,56.2,235,35,8.7,6,6,0,3,97.7,418,428,60,8.0,0,7,17,2,43.8,183,25,7.1,1,3,2,7,9,2
Jordon Riley,56759,DI,GB,4,0,12,0,4,0,0,1,0,40.0,8,1,6.3,0,0,0,0,100.0,25,25,4,8.0,0,0,2,0,60.0,12,2,8.3,0,0,0,0,0,0
Trey Hendrickson,11858,ED,CIN,7,1,7,5,14,0,0,4,0,14.6,25,4,8.0,0,0,0,0,92.9,171,184,23,7.9,1,5,10,0,85.4,146,19,7.9,4,4,0,4,4,0
Josaiah Stewart,147092,ED,LA,20,0,26,5,19,0,3,10,1,50.3,95,14,7.9,1,2,1,3,66.9,190,284,27,7.9,0,2,9,2,49.7,94,13,8.0,2,2,0,3,4,1
Jack Gibbens,57662,LB,NE,20,0,19,1,3,0,0,1,1,50.0,16,2,9.4,1,1,0,1,13.4,38,284,5,7.9,0,1,2,0,50.0,16,3,9.4,0,0,0,1,1,0
Uchenna Nwosu,50084,ED,SEA,18,0,29,6,36,0,4,22,5,51.9,196,31,9.2,5,2,0,8,88.9,378,425,51,7.9,0,2,14,3,48.1,182,20,6.6,4,5,3,9,7,3
Joey Bosa,10637,ED,BUF,17,0,4,13,36,0,8,23,3,66.3,252,34,7.3,3,6,3,4,94.3,380,403,54,7.8,0,5,13,1,33.7,128,20,8.6,2,3,1,5,9,4
Jaylen Harrell,129579,ED,TEN,12,2,31,4,10,0,2,6,0,57.5,96,10,6.3,2,2,1,0,78.0,167,214,20,7.8,2,2,4,0,42.5,71,10,9.9,4,4,0,6,6,1
Arnold Ebiketie,56862,ED,ATL,17,0,2,4,19,0,4,9,1,53.8,93,15,9.1,2,3,1,3,88.7,173,195,25,7.8,0,0,10,2,46.2,80,10,6.3,0,2,3,2,5,4
Bobby Okereke,50954,LB,NYG,17,0,21,2,5,0,0,2,0,50.0,18,2,5.6,0,0,0,1,7.3,45,619,7,7.8,0,2,1,0,50.0,18,3,8.3,0,0,0,0,0,0
Brian Burns,44522,ED,NYG,17,3,21,13,24,2,12,13,2,55.7,241,34,8.9,9,11,3,4,85.8,436,508,52,7.7,1,1,11,2,44.3,192,18,6.3,6,8,2,15,19,5
Byron Murphy Jr.,44027,CB,MIN,17,0,18,0,2,0,0,0,0,46.2,6,0,0.0,0,0,0,0,2.5,13,519,2,7.7,0,0,2,0,53.8,7,2,14.3,0,0,0,0,0,0
Jonathon Cooper,43021,ED,DEN,19,0,10,10,34,0,9,33,3,87.9,376,52,8.2,10,11,5,3,86.6,428,494,55,7.7,0,1,1,0,12.1,52,3,3.8,1,0,1,11,11,6
Jer'Zhan Newton,129420,DI,WAS,17,1,32,3,18,0,1,14,0,71.8,148,21,9.1,6,5,2,0,99.1,214,216,27,7.7,1,2,3,0,28.2,58,5,4.3,0,0,0,6,5,2
Abdul Carter,164160,ED,NYG,17,2,21,18,43,1,7,24,3,47.9,217,33,8.1,2,2,1,3,94.2,468,497,66,7.6,0,10,17,0,52.1,236,29,6.6,2,1,1,5,4,2
Zaven Collins,77190,ED,ARZ,17,0,1,7,22,0,5,15,2,54.6,113,21,9.7,1,1,1,3,67.7,216,319,31,7.6,0,2,6,1,45.4,94,9,5.3,1,1,0,2,2,1
Chris Jones,10671,DI,KC,17,0,16,19,37,0,7,20,3,54.5,250,31,7.0,4,4,0,3,99.8,462,463,63,7.6,0,12,17,0,45.5,209,32,8.4,3,4,1,7,8,1
Jonah Elliss,146458,ED,DEN,15,0,10,3,18,0,3,17,0,78.5,139,23,9.4,3,3,1,0,84.3,177,210,24,7.6,0,0,1,0,21.5,38,1,1.3,0,0,0,3,3,1
Omarr Norman-Lott,131624,DI,KC,5,0,16,0,5,0,0,3,1,52.4,22,4,11.4,1,2,1,1,97.9,46,47,6,7.6,0,0,2,0,47.6,20,2,5.0,0,0,0,1,2,1
Bradley Chubb,48526,ED,MIA,17,0,17,9,31,0,1,4,2,9.2,34,5,7.4,0,0,0,9,86.0,368,428,48,7.6,0,8,27,7,90.8,334,43,7.6,8,7,3,8,7,3
Cedric Johnson,124136,ED,CIN,9,0,7,4,12,0,1,5,2,34.1,45,6,6.7,0,0,0,4,96.4,132,137,18,7.6,0,3,7,2,65.9,87,12,8.0,2,2,0,2,2,0
Tremaine Edmunds,50905,LB,CHI,15,0,6,2,5,0,2,1,0,48.6,35,4,7.1,1,1,0,0,13.4,73,546,9,7.5,0,0,4,0,51.4,37,5,8.1,1,0,0,2,1,0
Montez Sweat,27271,ED,CHI,19,3,6,10,42,3,7,38,4,86.6,446,56,7.5,11,12,2,4,96.6,515,533,64,7.4,0,3,4,0,13.4,69,8,6.5,1,3,2,12,15,4
Deatrich Wise Jr.,11886,ED,WAS,2,0,32,2,2,0,1,0,0,44.4,12,1,4.2,0,1,1,0,100.0,27,27,4,7.4,0,1,2,0,55.6,15,3,10.0,0,0,1,0,1,2
Taron Johnson,49511,CB,BUF,15,1,4,0,4,1,0,2,1,55.6,15,2,6.7,0,0,0,1,6.1,27,441,4,7.4,0,0,2,0,44.4,12,2,8.3,0,0,0,0,0,0
Trevin Wallace,146747,LB,CAR,12,0,5,2,1,0,0,1,0,40.0,18,1,2.8,0,0,0,0,13.3,47,353,5,7.4,0,2,0,0,60.0,27,4,11.1,2,2,0,2,2,0
Elijah Ponder,142819,ED,NE,18,1,19,3,16,0,0,4,0,30.4,56,5,5.4,1,1,0,0,90.6,184,203,23,7.3,1,3,12,0,69.6,128,18,8.2,3,3,2,4,4,2
Christian Rozeboom,49862,LB,CAR,16,0,5,0,5,0,0,2,1,36.4,16,3,12.5,1,1,0,1,10.5,48,459,6,7.3,0,0,2,0,63.6,28,2,3.6,0,0,1,1,1,1
Leonard Floyd,10643,ED,ATL,15,0,2,9,23,0,6,15,0,66.9,184,24,7.3,3,4,2,0,93.5,275,294,36,7.3,0,3,8,0,33.1,91,12,7.1,1,1,0,4,5,2
Brenton Cox Jr.,81957,ED,GB,5,0,12,3,2,0,1,1,0,58.3,28,2,3.6,0,0,0,0,98.0,48,49,6,7.3,0,2,1,0,41.7,20,4,12.5,1,1,0,1,1,0
Shaq Thompson,9458,LB,BUF,13,0,4,1,3,0,1,2,0,51.4,19,3,7.9,0,0,0,0,13.4,41,305,5,7.3,0,0,1,0,48.6,18,2,8.3,1,1,0,1,1,0
Chris Rumph II,56345,ED,NO,17,1,20,2,7,1,1,2,0,29.2,26,4,9.6,1,1,0,0,60.5,89,147,11,7.3,0,1,5,0,70.8,63,7,6.3,1,1,1,2,2,1
Nate Landman,57788,LB,LA,20,0,26,3,7,0,1,2,0,52.9,36,3,4.2,0,0,0,1,9.9,69,697,10,7.2,0,2,5,1,47.1,32,7,10.9,0,0,0,0,0,0
Kobie Turner,66894,DI,LA,20,1,26,10,51,1,5,19,3,45.3,234,28,6.8,4,6,2,6,98.4,538,547,69,7.2,0,5,30,3,54.7,282,39,7.6,4,4,1,8,10,3
Cameron Jordan,6176,ED,NO,17,1,20,5,21,0,5,17,2,85.2,271,29,6.6,7,10,3,3,94.9,318,335,36,7.2,1,0,4,1,14.8,47,7,10.6,3,4,1,10,14,4
Dante Fowler Jr.,9436,ED,DAL,17,0,9,7,20,0,0,12,0,57.8,133,14,6.0,2,3,2,1,96.2,230,239,30,7.2,0,7,8,1,42.2,97,16,8.8,1,1,0,3,4,2
Baron Browning,58095,ED,ARZ,15,2,1,3,20,2,1,10,0,44.4,83,12,7.8,1,1,0,1,63.0,187,297,25,7.2,0,2,10,1,55.6,104,13,6.7,1,2,2,2,3,2
Anfernee Jennings,25449,ED,NE,17,1,19,7,13,0,5,11,0,67.0,130,19,8.5,3,4,2,1,98.0,194,198,24,7.2,1,2,2,1,33.0,64,5,4.7,1,2,1,4,6,3
Erick Hallett,76631,S,TEN,3,0,31,0,1,0,0,1,1,42.9,3,1,16.7,0,0,0,1,7.1,7,99,1,7.1,0,0,0,0,57.1,4,0,0.0,0,0,0,0,0,0
Ricky Barber,98154,DI,WAS,2,0,32,0,0,0,0,0,0,60.0,6,1,16.7,1,1,0,0,100.0,14,14,1,7.1,0,0,0,0,40.0,4,0,0.0,0,0,0,1,1,0
Coby Bryant,55088,S,SEA,17,0,29,0,1,0,0,0,0,57.1,4,0,0.0,0,0,0,0,1.0,7,675,1,7.1,0,0,1,0,42.9,3,1,16.7,0,0,0,0,0,0
Harold Landry III,48600,ED,NE,17,4,19,11,29,3,11,29,1,94.9,376,48,7.4,8,13,7,1,89.4,396,443,48,7.1,1,0,0,0,5.1,20,0,0.0,0,0,0,8,13,7
Isaiah McGuire,98948,ED,CLV,17,1,8,6,20,1,4,16,0,77.0,174,22,6.9,2,4,2,1,94.2,226,240,29,7.1,0,2,4,1,23.0,52,7,7.7,1,0,0,3,4,2
Willie Gay,57987,LB,MIA,13,0,17,0,1,0,0,1,0,70.0,14,1,3.6,0,1,1,0,25.0,21,84,2,7.1,0,0,0,0,30.0,6,1,16.7,1,1,0,1,2,1
Drue Tranquill,51276,LB,KC,17,1,16,1,10,0,0,7,1,46.6,48,8,9.4,1,1,0,1,22.2,105,474,13,7.1,1,1,1,0,53.4,55,3,3.6,1,1,1,2,2,1
Chidobe Awuzie,11815,CB,BLT,14,0,3,0,1,0,0,0,0,28.6,2,0,0.0,0,0,0,0,1.8,7,393,1,7.1,0,0,1,0,71.4,5,1,10.0,0,0,0,0,0,0
Markquese Bell,56033,S,DAL,14,0,9,1,0,0,0,0,0,28.6,2,0,0.0,0,0,0,0,3.4,7,204,1,7.1,0,1,0,0,71.4,5,1,10.0,0,0,0,0,0,0
Quinnen Williams,44216,DI,DAL,15,2,9,9,39,0,2,15,3,39.9,149,17,5.7,0,1,2,8,100.0,380,380,51,7.1,2,7,22,5,60.1,224,32,7.8,3,3,2,3,4,4
T.J. Edwards,30737,LB,CHI,11,0,6,1,4,0,0,2,0,62.1,18,2,5.6,0,0,0,0,10.8,35,324,5,7.1,0,1,1,0,37.9,11,2,9.1,0,0,0,0,0,0
Jeremy Reaves,50406,S,WAS,17,0,32,1,0,0,1,0,0,42.9,3,1,16.7,0,0,0,0,1.8,7,386,1,7.1,0,0,0,0,57.1,4,0,0.0,0,0,0,0,0,0
Isaiah Foskey,102728,ED,CIN,2,0,7,1,2,0,0,2,1,61.9,13,2,7.7,0,0,0,1,95.5,21,22,3,7.1,0,1,0,0,38.1,8,1,6.3,0,0,0,0,0,0
Za'Darius Smith,9555,ED,PHI,5,1,24,2,6,1,1,5,1,45.9,39,7,10.3,1,1,0,1,100.0,85,85,10,7.1,0,1,1,0,54.1,46,3,4.3,1,0,0,2,1,0
Drake Jackson,70839,ED,WAS,3,0,32,0,4,0,0,2,0,46.4,13,2,7.7,0,0,0,0,100.0,28,28,4,7.1,0,0,2,0,53.6,15,2,6.7,0,0,0,0,0,0
Cedric Gray,122835,LB,TEN,16,0,31,0,6,0,0,2,0,43.6,24,3,8.3,1,1,0,1,11.4,57,502,7,7.0,0,0,4,1,56.4,31,4,6.5,0,0,0,1,1,0
Cody Barton,50727,LB,TEN,17,0,31,0,5,0,0,2,0,39.1,18,2,5.6,0,0,0,0,8.4,50,597,6,7.0,0,0,3,0,60.9,28,3,5.4,0,0,0,1,1,0
Carl Granderson,48500,ED,NO,17,1,20,4,28,1,1,24,3,63.3,198,30,8.8,5,7,3,4,76.3,313,410,38,7.0,0,3,4,1,36.7,115,8,3.9,1,3,2,6,10,5
Preston Smith,9471,ED,WAS,13,1,32,5,11,0,4,2,1,48.4,62,6,4.8,0,2,2,2,100.0,128,128,17,7.0,1,1,9,1,51.6,66,11,9.1,1,1,0,1,3,2
Osa Odighizuwa,42754,DI,DAL,17,2,9,20,29,0,11,11,0,50.4,195,22,5.6,0,0,0,0,98.5,391,397,52,7.0,2,9,17,0,49.6,192,29,8.3,3,3,0,3,3,0
Daniel Ekuale,48874,DI,PIT,7,0,25,1,5,0,0,4,0,60.5,23,4,8.7,0,0,0,0,97.7,43,44,6,7.0,0,1,1,0,39.5,15,2,6.7,0,0,0,0,0,0
Jowon Briggs,74867,DI,NYJ,17,0,22,6,28,0,2,11,0,47.1,137,14,5.5,1,3,2,1,100.0,299,299,38,7.0,0,4,17,1,52.9,154,23,8.1,2,2,1,4,6,3
Will McDonald IV,76842,ED,NYJ,15,0,22,12,22,0,0,3,0,12.2,44,4,5.7,1,1,0,5,95.3,363,381,42,6.9,0,12,18,5,87.8,316,37,7.0,7,9,3,8,10,3
Arden Key,50201,ED,TEN,12,0,31,7,21,0,2,7,0,24.5,67,10,8.2,1,1,0,4,94.8,274,289,33,6.9,0,5,14,4,75.5,207,23,6.5,4,5,2,5,6,2
Demario Davis,7079,LB,NO,17,0,20,0,7,0,0,1,0,45.9,28,1,1.8,0,0,0,1,11.7,65,554,8,6.9,0,0,6,1,54.1,33,7,12.1,1,0,0,1,0,0
Dondrea Tillman,156124,ED,DEN,19,0,10,4,16,0,1,2,0,18.9,41,5,8.5,2,1,0,3,84.4,217,257,25,6.9,0,3,14,3,81.1,176,20,6.5,3,2,0,5,3,0
Tyree Wilson,82432,ED,LV,17,0,23,3,28,0,1,13,1,43.1,122,17,8.2,3,5,2,3,99.0,283,286,35,6.9,0,2,15,2,56.9,161,18,5.9,1,2,2,4,7,4
Moro Ojomo,76927,DI,PHI,18,0,24,4,44,0,2,23,1,46.5,202,28,7.7,3,3,0,2,100.0,443,443,54,6.8,0,1,21,1,53.5,232,25,6.0,3,4,2,6,7,2
Trevis Gipson,35241,ED,CAR,14,1,5,1,11,0,0,4,0,26.5,31,5,9.7,1,1,0,1,93.6,117,125,14,6.8,1,1,7,1,73.5,86,9,5.8,1,1,0,2,2,0
Bryce Huff,27128,ED,SF,17,0,28,11,30,0,7,16,4,53.7,201,26,7.2,3,2,0,6,97.1,374,385,46,6.8,0,4,14,2,46.3,173,20,6.4,2,2,1,5,4,1
Joseph Ossai,77205,ED,CIN,14,2,7,9,29,1,3,11,1,44.6,157,16,5.7,2,2,0,3,91.5,353,386,43,6.8,1,6,18,2,55.4,195,27,7.7,3,4,2,5,6,2
D.J. Jones,11953,DI,DEN,18,0,10,3,18,0,3,8,1,53.9,123,12,5.3,1,1,0,3,99.1,229,231,26,6.8,0,0,10,2,46.1,105,14,8.6,4,5,1,5,6,1
Barrett Carter,144109,LB,CIN,16,0,7,1,4,0,1,3,0,68.8,22,4,9.1,0,0,0,0,8.6,37,428,5,6.8,0,0,1,0,31.3,10,1,5.0,0,0,0,0,0,0
Jacob Martin,50152,ED,WAS,17,1,32,10,26,0,3,11,3,32.9,126,18,8.7,4,2,0,6,95.0,384,404,44,6.8,1,7,15,3,67.1,257,26,5.8,4,5,2,8,7,2
Jihad Ward,10678,ED,TEN,17,2,31,20,21,1,10,10,0,50.8,194,22,6.2,2,2,2,1,92.6,389,420,47,6.8,1,10,8,1,49.2,188,22,6.9,4,6,2,6,8,4
Mohamoud Diabate,98780,LB,CLV,17,0,8,0,2,0,0,1,0,57.1,8,1,6.3,0,0,1,0,12.4,15,121,2,6.7,0,0,1,0,42.9,6,1,8.3,0,0,0,0,0,1
Leonard Williams,9439,DI,SEA,19,3,29,17,40,1,8,24,2,53.8,303,37,6.9,5,10,8,4,97.2,563,579,66,6.7,2,9,16,2,46.2,260,29,6.3,4,6,3,9,16,11
Jalen Thompson,49116,S,ARZ,15,0,1,0,0,0,0,0,0,60.0,9,1,11.1,1,1,0,0,2.7,15,557,1,6.7,0,0,0,0,40.0,6,0,0.0,0,0,0,1,1,0
Travon Walker,98940,ED,JAX,15,2,15,10,30,2,6,21,1,80.1,286,30,5.8,3,2,1,1,92.0,357,388,44,6.7,0,4,9,0,19.9,71,14,10.6,1,2,1,4,4,2
Anthony Nelson,48405,ED,TB,15,0,30,0,17,0,0,8,0,52.6,90,10,6.7,2,2,3,1,75.3,171,227,20,6.7,0,0,9,1,47.4,81,10,6.8,1,1,0,3,3,3
A.J. Epenesa,56369,ED,BUF,18,3,4,6,19,0,0,0,0,0.9,2,0,0.0,0,0,0,1,90.3,232,257,28,6.7,3,6,19,1,99.1,230,28,6.7,3,3,1,3,3,1
Jalon Walker,157070,ED,ATL,15,1,2,4,19,1,2,10,1,44.6,116,15,7.8,3,4,1,1,84.6,264,312,29,6.6,0,2,8,0,55.4,144,13,5.6,3,5,3,6,9,4
DeForest Buckner,10641,DI,IND,10,0,14,11,21,0,7,4,0,36.8,106,12,6.1,1,3,2,0,99.3,301,303,36,6.6,0,4,15,0,63.2,182,22,6.9,3,5,3,4,8,5
Maliek Collins,10701,DI,CLV,12,0,8,6,14,0,1,5,1,29.8,79,10,8.9,4,4,0,1,99.6,272,273,28,6.6,0,4,9,0,70.2,186,17,5.6,4,4,1,8,8,1
John Franklin-Myers,50088,DI,DEN,18,1,10,9,25,1,9,24,2,86.6,329,40,7.1,7,7,0,2,98.4,381,387,42,6.6,0,0,1,0,13.4,51,2,2.9,1,1,0,8,8,0
Haason Reddick,11768,ED,TB,13,0,30,2,29,0,2,26,3,91.9,260,31,6.5,3,6,4,3,77.2,284,368,34,6.5,0,0,2,0,8.1,23,2,4.3,0,0,0,3,6,4
Patrick Johnson,56460,ED,PHI,7,0,24,1,3,0,1,1,0,37.0,17,3,11.8,1,2,1,1,82.1,46,56,5,6.5,0,0,2,1,63.0,29,2,3.4,0,0,1,1,2,2
Tyler Nubin,97895,S,NYG,13,0,21,0,3,0,0,1,0,43.5,10,1,5.0,0,0,0,0,5.0,23,463,3,6.5,0,0,2,0,56.5,13,2,7.7,0,0,0,0,0,0
Denico Autry,8982,DI,HST,14,0,13,3,13,0,2,9,1,56.8,113,15,8.4,4,4,0,1,100.0,199,199,21,6.5,0,1,4,0,43.2,86,6,4.1,1,0,0,5,4,0
LaCale London,87179,DI,ATL,13,0,2,0,8,0,0,3,0,57.4,58,6,7.8,3,3,0,1,100.0,124,124,12,6.5,0,0,3,0,42.6,43,4,5.8,1,1,0,4,4,0
Byron Murphy II,131252,DI,SEA,19,1,29,3,45,1,1,18,1,38.6,188,22,6.6,3,5,4,1,98.6,511,518,57,6.5,0,2,27,0,61.4,299,35,6.9,6,7,2,9,13,7
Logan Lee,101416,DI,PIT,6,0,25,1,2,0,1,1,0,73.9,17,2,5.9,0,0,0,1,100.0,23,23,3,6.5,0,0,1,1,26.1,6,1,8.3,0,0,0,0,0,0
Boye Mafe,55220,ED,SEA,19,3,29,2,37,1,1,18,0,49.9,168,21,6.8,2,2,0,0,89.2,337,378,41,6.4,2,1,19,0,50.1,169,20,5.9,0,3,3,2,5,3
Cory Durden,56976,DI,NE,20,2,19,3,27,0,1,13,1,45.3,101,14,6.9,0,0,0,2,99.6,233,234,30,6.4,2,2,13,1,54.7,122,15,6.1,0,2,2,0,2,2
Braden Fiske,76958,DI,LA,20,0,26,8,37,0,4,20,3,50.5,216,28,7.4,4,5,1,6,99.3,428,431,50,6.4,0,4,17,3,49.5,212,22,5.4,1,2,1,5,7,2
Sam Roberts,156069,DI,ATL,5,1,2,1,2,0,0,1,0,55.6,15,1,3.3,0,0,0,0,100.0,39,39,4,6.4,1,0,1,0,44.4,12,1,4.2,0,0,0,1,1,0
Myles Murphy,122154,ED,CIN,17,1,7,4,30,0,3,20,0,67.0,242,28,6.8,5,7,6,1,97.1,364,375,40,6.3,1,1,9,1,33.0,119,11,5.0,1,2,3,6,9,9
Christian Barmore,82198,DI,NE,20,0,19,10,45,0,5,26,7,58.4,279,32,5.9,1,1,0,9,99.2,484,488,58,6.3,0,5,19,2,41.6,199,26,7.0,2,2,0,3,3,0
Kevin Knowles II,143885,CB,KC,6,0,16,0,1,0,0,0,0,62.5,5,0,0.0,0,0,0,0,12.9,8,62,1,6.3,0,0,1,0,37.5,3,1,16.7,0,0,0,0,0,0
Dominique Robinson,61436,ED,CHI,13,0,6,1,9,0,1,6,1,62.7,79,9,7.0,2,3,2,1,95.5,126,132,13,6.3,0,0,3,0,37.3,47,4,5.3,1,2,1,3,5,3
Devonte Wyatt,82268,DI,GB,10,1,12,2,16,0,1,7,1,40.4,80,10,7.5,2,2,1,1,99.0,208,210,22,6.3,1,1,9,0,59.6,118,10,4.2,0,0,2,4,4,3
Clelin Ferrell,25955,ED,SF,11,4,28,1,12,1,0,4,0,27.7,46,4,4.3,0,1,1,2,97.6,166,170,17,6.3,3,1,8,2,72.3,120,13,7.1,4,4,0,4,5,1
Jeremy Chinn,43179,S,LV,15,0,23,1,2,0,1,2,0,65.2,15,3,10.0,0,0,0,0,4.6,24,517,3,6.3,0,0,0,0,34.8,8,0,0.0,0,0,0,0,0,0
Malcolm Koonce,55015,ED,LV,17,0,23,8,21,0,0,2,0,4.2,13,2,7.7,0,0,0,1,95.4,309,324,34,6.3,0,8,19,1,95.8,296,32,6.3,5,7,3,5,7,3
Perrion Winfrey,122952,DI,DAL,1,0,9,0,2,0,0,0,0,12.5,2,0,0.0,0,0,0,0,100.0,16,16,2,6.3,0,0,2,0,87.5,14,2,7.1,0,0,0,0,0,0
Maxx Crosby,26316,ED,LV,15,3,23,10,31,3,10,26,2,90.1,428,44,6.1,8,11,5,3,97.9,477,487,50,6.2,0,0,5,1,9.9,47,6,7.4,1,1,0,9,12,5
Javon Hargrave,10723,DI,MIN,16,1,18,3,24,0,1,5,1,43.1,109,8,4.6,2,2,1,2,98.6,281,285,31,6.2,1,1,16,1,56.9,144,19,7.3,2,2,1,4,4,2
Calais Campbell,4364,DI,ARZ,17,1,1,9,18,1,3,13,1,61.5,195,21,6.7,5,7,4,3,99.7,317,318,33,6.2,0,6,5,2,38.5,122,12,5.3,1,1,0,6,8,4
Dylan Horton,81335,ED,HST,18,0,13,2,13,0,2,13,0,91.9,125,16,6.8,1,1,1,0,100.0,137,137,16,6.2,0,0,0,0,8.1,11,0,0.0,0,0,0,1,1,1
Jack Sawyer,145071,ED,PIT,17,0,25,5,9,0,5,6,0,79.5,116,13,6.5,2,3,1,0,78.9,146,185,16,6.2,0,0,3,0,20.5,30,3,5.0,0,0,1,2,3,2
Justin Eboigbe,98925,DI,LAC,18,0,27,4,12,0,2,8,0,59.8,134,14,6.7,4,4,0,1,97.9,228,233,22,6.1,0,2,4,1,40.2,90,8,5.6,2,3,1,6,7,1
BJ Ojulari,124105,ED,ARZ,8,0,1,1,5,0,1,4,0,51.5,34,6,10.3,1,1,0,0,75.0,66,88,7,6.1,0,0,1,0,48.5,32,1,1.6,0,0,0,1,1,0
T.J. Watt,11785,ED,PIT,15,1,25,14,26,1,14,26,4,97.8,446,48,6.3,8,8,2,4,90.5,456,504,48,6.1,0,0,0,0,2.2,10,0,0.0,0,0,0,8,8,2
Jaylen McCollough,98845,S,LA,20,0,26,0,0,0,0,0,0,40.6,13,1,7.7,1,1,0,0,8.2,33,403,2,6.1,0,0,0,0,59.4,19,1,5.3,1,1,0,2,2,0
Dre'Mont Jones,28075,ED,BLT,18,2,3,15,28,1,7,15,1,54.0,259,24,5.0,2,3,1,1,95.8,481,502,51,6.1,1,8,13,0,46.0,221,27,7.5,6,7,1,8,10,2
Chris Braswell,123908,ED,TB,17,0,30,3,11,0,3,11,0,90.8,119,15,6.7,1,3,2,0,79.9,131,164,15,6.1,0,0,0,0,9.2,12,0,0.0,0,0,0,1,3,2
Calijah Kancey,99822,DI,TB,3,0,30,1,7,0,0,4,1,56.1,37,4,5.4,0,0,0,1,100.0,66,66,8,6.1,0,1,3,0,43.9,29,4,6.9,0,0,0,0,0,0
Nic Scourton,162878,ED,CAR,18,0,5,3,25,0,3,19,3,78.8,286,30,6.6,8,5,1,4,85.2,363,426,36,6.1,0,0,6,1,21.2,77,6,3.9,0,1,1,8,6,2
Donovan Ezeiruaku,143824,ED,DAL,17,0,9,12,22,0,4,14,4,38.6,122,19,8.2,1,3,2,5,91.6,317,346,36,6.0,0,8,8,1,61.4,194,17,4.6,1,3,2,2,6,4
Jalen Carter,124019,DI,PHI,12,0,24,9,33,0,7,28,4,88.0,352,39,6.1,4,6,3,4,100.0,415,415,46,6.0,0,1,4,0,12.0,48,5,5.2,0,0,0,4,6,3
Arik Armstead,9450,DI,JAX,17,1,15,3,40,1,1,30,3,71.2,316,34,5.9,3,4,1,3,97.4,457,469,49,6.0,0,0,10,0,28.8,128,12,5.5,2,1,1,6,6,2
Malcolm Roach,50191,DI,DEN,14,3,10,3,10,0,0,3,0,51.7,125,7,4.4,4,4,1,2,99.2,243,245,21,6.0,3,3,7,2,48.3,117,14,7.7,4,4,3,8,8,4
Samson Ebukam,11880,ED,IND,14,1,14,7,13,0,0,2,0,13.5,29,3,6.9,1,1,0,0,87.4,215,246,23,6.0,1,7,11,0,86.5,186,20,5.9,2,4,3,3,5,3
Brandon Dorlus,100452,DI,ATL,15,0,2,1,16,0,0,10,2,64.3,187,15,5.3,5,4,0,4,99.7,292,293,26,6.0,0,1,6,2,35.7,104,11,7.2,4,5,1,9,9,1
Tonka Hemingway,124238,DI,LV,9,0,23,2,3,0,1,1,0,50.0,55,3,3.6,1,1,0,0,99.1,110,111,9,5.9,0,1,2,0,50.0,55,6,8.2,3,3,0,4,4,0
Vita Vea,48956,DI,TB,17,1,30,8,39,0,0,16,4,50.5,212,17,4.2,1,1,0,6,96.9,470,485,51,5.9,1,7,14,1,49.5,208,24,6.5,3,3,0,4,4,0
Pat Jones II,43974,ED,CAR,4,0,5,1,8,0,1,7,1,83.0,78,8,5.1,0,0,0,1,93.1,94,101,10,5.9,0,0,1,0,17.0,16,2,9.4,1,1,0,1,1,0
Jalen Redmond,76861,DI,MIN,17,0,18,3,26,0,3,15,1,58.7,196,20,5.6,2,4,2,2,98.6,350,355,35,5.9,0,0,7,0,41.3,138,11,5.4,4,5,3,6,9,5
Cameron Thomas,82387,ED,CLV,17,0,8,3,6,0,2,3,0,60.0,87,9,7.5,4,3,0,0,95.4,145,152,13,5.9,0,1,3,0,40.0,58,4,3.4,0,1,1,4,4,1
Collin Oliver,144664,ED,GB,1,0,12,2,0,0,2,0,0,82.4,14,2,7.1,0,1,1,0,94.4,17,18,2,5.9,0,0,0,0,17.6,3,0,0.0,0,0,0,0,1,1
Alex Wright,98318,ED,CLV,14,0,8,4,11,0,3,11,1,85.8,212,21,6.6,7,10,6,1,94.6,247,261,22,5.9,0,1,0,0,14.2,35,1,1.4,0,0,0,7,10,6
Kayvon Thibodeaux,98444,ED,NYG,10,1,21,6,23,0,2,12,3,49.2,146,16,6.2,2,2,0,5,97.4,297,305,32,5.9,1,4,11,2,50.8,151,16,5.6,1,1,0,3,3,0
Byron Young,98923,DI,PHI,18,0,24,2,8,0,1,5,0,45.1,60,8,8.3,2,2,0,1,100.0,138,138,13,5.8,0,1,3,1,54.9,73,5,4.1,1,2,2,3,4,2
Cam Sample,56462,ED,CIN,14,1,7,4,6,0,3,4,0,82.1,96,9,5.7,2,3,2,1,95.2,120,126,12,5.8,1,1,1,0,17.9,21,2,4.8,0,1,1,2,5,4
JT Tuimoloau,145074,ED,IND,12,1,14,6,8,0,1,4,1,42.5,51,5,4.9,0,0,0,1,95.2,120,126,14,5.8,1,5,4,0,57.5,69,9,6.5,0,0,0,0,0,0
B.J. Green II,146277,ED,JAX,11,1,15,0,5,1,0,2,1,46.8,36,3,5.6,1,1,1,1,93.9,77,82,7,5.8,0,0,3,0,53.2,41,4,6.1,1,1,0,2,2,1
Devin Bush,27375,LB,CLV,17,2,8,1,2,1,1,2,0,67.4,29,3,5.2,0,0,0,0,10.2,43,423,4,5.8,1,0,0,0,32.6,14,1,7.1,1,1,0,1,1,0
Gervon Dexter Sr.,124374,DI,CHI,19,1,6,7,30,1,4,20,0,59.9,254,28,6.3,4,5,2,0,99.3,439,442,44,5.8,0,3,9,0,40.1,170,15,5.3,3,3,2,7,8,5
Frankie Luvu,51028,LB,WAS,17,0,32,2,14,0,0,4,0,28.7,60,5,5.0,1,1,1,1,34.7,212,611,20,5.7,0,2,9,1,71.3,149,14,5.7,3,3,1,4,4,2
Adetomiwa Adebawore,97934,DI,IND,17,1,14,1,29,0,0,15,5,49.4,154,17,6.2,2,3,2,7,99.1,331,334,34,5.7,0,1,13,2,50.6,158,16,5.7,2,2,1,4,5,3
Cameron Heyward,6183,DI,PIT,18,1,25,6,43,0,1,2,0,5.6,27,3,5.6,0,0,0,1,99.0,496,501,53,5.7,1,5,41,1,94.4,458,50,5.9,4,9,7,4,9,7
Kenny Moore II,51596,CB,IND,14,0,14,1,0,0,1,0,0,56.8,25,2,6.0,1,1,0,0,9.7,44,453,3,5.7,0,0,0,0,43.2,19,1,5.3,1,2,1,2,3,1
Sam Kamara,24176,DI,CLV,4,0,8,0,4,0,0,2,0,68.6,24,2,4.2,0,0,0,1,97.2,35,36,4,5.7,0,0,2,1,31.4,11,2,9.1,0,0,0,0,0,0
Travis Jones,76914,DI,BLT,16,0,3,3,37,0,0,13,0,47.4,201,17,5.2,4,3,1,1,96.2,457,475,46,5.7,0,3,21,1,52.6,223,26,6.3,2,2,0,6,5,1
Yetur Gross-Matos,56444,ED,SF,10,1,28,1,14,1,1,7,1,51.1,68,8,5.9,0,0,0,1,96.4,133,138,15,5.6,0,0,7,0,48.9,65,7,5.4,0,1,2,0,1,2
Garrett Williams,99723,CB,ARZ,10,0,1,0,1,0,0,0,0,44.4,4,0,0.0,0,0,0,0,2.9,9,309,1,5.6,0,0,1,0,55.6,5,1,10.0,0,0,0,0,0,0
Tyrus Wheat,124191,ED,DET,10,0,11,1,0,0,1,0,0,64.4,29,3,8.6,2,2,0,0,97.8,45,46,3,5.6,0,0,0,0,35.6,16,0,0.0,0,0,0,2,2,0
Derek Barnett,11769,ED,HST,19,0,13,6,4,0,0,0,0,1.5,3,0,0.0,0,0,0,1,100.0,198,198,16,5.6,0,6,4,1,98.5,195,16,5.6,6,6,1,6,6,1
Sheldon Rankins,10646,DI,HST,19,1,13,6,33,1,4,27,1,88.7,384,34,4.8,3,7,5,5,100.0,439,439,44,5.6,0,2,6,4,11.3,49,8,8.2,0,0,0,5,9,5
Nick McCloud,49535,CB,CHI,14,0,6,0,1,0,0,1,0,66.7,6,1,8.3,0,0,0,0,3.4,9,264,1,5.6,0,0,0,0,33.3,3,0,0.0,0,0,0,0,0,0
Kenny Clark,10661,DI,DAL,17,1,9,6,34,0,2,22,1,59.2,231,26,6.1,2,4,2,4,99.8,431,432,44,5.6,1,4,8,3,40.8,159,14,5.0,2,2,0,4,6,2
Joe Tryon-Shoyinka,58272,ED,CHI,13,0,6,2,6,0,0,3,0,63.4,45,3,3.3,0,1,2,0,97.3,71,73,8,5.6,0,2,3,0,36.6,26,5,9.6,0,0,0,0,1,2
Cole Holcomb,49753,LB,PIT,8,1,25,0,2,1,0,1,0,61.1,11,1,4.5,0,0,0,0,18.0,18,100,2,5.6,0,0,1,0,38.9,7,1,7.1,0,0,0,0,0,0
Derrick Barnes,58120,LB,DET,17,0,11,1,12,0,1,7,0,42.2,70,8,5.7,0,1,2,1,32.4,169,522,16,5.6,0,0,4,1,57.8,96,7,5.2,3,3,0,3,4,2
Truman Jones,106527,ED,TEN,9,0,31,0,3,0,0,3,1,67.7,42,3,3.6,0,0,1,1,98.4,62,63,5,5.6,0,0,0,0,32.3,20,2,10.0,2,1,0,2,1,1
Michael Hall Jr.,145076,DI,CLV,9,0,8,1,5,0,1,2,0,57.8,52,4,4.8,1,0,0,0,97.8,90,92,8,5.6,0,0,3,0,42.2,38,4,6.6,1,1,0,2,1,0
Bud Dupree,9455,ED,LAC,16,0,27,1,16,0,0,4,0,15.5,29,4,6.9,0,1,1,0,85.0,187,220,19,5.6,0,1,12,0,84.5,158,15,5.4,2,2,0,2,3,1
Kevin Byard,10698,S,CHI,19,0,6,0,1,0,0,1,0,55.6,5,1,10.0,0,0,0,0,1.3,9,690,1,5.6,0,0,0,0,44.4,4,0,0.0,0,0,0,0,0,0
Quinton Bell,37468,ED,MIA,5,0,17,1,5,0,1,2,1,64.8,35,3,4.3,0,0,0,2,76.1,54,71,6,5.6,0,0,3,1,35.2,19,3,7.9,0,0,0,0,0,0
Tommy Togiai,82501,DI,HST,17,0,13,3,23,0,2,8,1,46.1,123,11,4.9,1,1,0,3,99.3,268,270,28,5.6,0,1,15,2,53.9,144,17,6.3,1,5,5,2,6,5
Poona Ford,48875,DI,LA,20,2,26,3,28,1,2,20,2,66.6,213,24,6.1,2,2,0,4,99.7,328,329,34,5.6,1,1,8,2,33.4,107,10,5.1,1,2,1,3,4,1
Kingsley Enagbare,82409,ED,GB,17,0,12,5,17,0,3,9,0,56.6,145,14,5.5,2,3,2,1,90.5,256,283,25,5.5,0,2,8,1,43.4,111,11,5.4,1,2,2,3,5,4
Noah Sewell,131722,LB,CHI,12,0,6,0,3,0,0,3,2,60.7,17,3,8.8,0,0,0,2,13.3,28,210,3,5.4,0,0,0,0,39.3,11,0,0.0,0,0,0,0,0,0
Ashton Gillotte,144154,ED,KC,17,0,16,5,16,0,3,10,1,68.8,165,14,4.5,1,1,1,2,92.3,251,272,24,5.4,0,2,6,0,31.3,75,9,6.7,1,0,1,3,1,2
Charles Omenihu,50612,ED,KC,17,0,16,8,21,0,4,7,1,38.2,126,12,5.2,1,0,1,2,97.3,360,370,34,5.4,0,4,14,1,61.8,204,21,5.9,3,4,1,5,5,3
Kwity Paye,56713,ED,IND,17,1,14,5,29,1,3,27,2,71.8,277,33,6.5,3,5,3,2,90.0,386,429,38,5.4,0,2,2,0,28.2,109,5,2.8,1,1,1,4,6,4
Akeem Davis-Gaither,34788,LB,ARZ,17,0,1,1,3,0,0,3,0,56.8,21,3,7.1,0,0,0,0,9.3,37,400,4,5.4,0,1,0,0,43.2,16,1,3.1,0,0,0,0,0,0
Jordan Battle,98857,S,CIN,17,0,7,0,2,0,0,2,0,78.9,15,2,6.7,0,0,0,0,3.2,19,587,2,5.3,0,0,0,0,21.1,4,0,0.0,0,0,0,0,0,0
Azeez Ojulari,81959,ED,PHI,3,0,24,1,2,0,0,1,1,20.7,6,1,8.3,0,0,0,1,78.4,29,37,3,5.2,0,1,1,0,79.3,23,2,4.3,0,0,0,0,0,0
Robert Beal Jr.,57840,ED,SF,7,0,28,0,5,0,0,5,1,54.2,26,5,9.6,0,0,1,1,96.0,48,50,5,5.2,0,0,0,0,45.8,22,0,0.0,0,0,0,0,0,1
T'Vondre Sweat,99321,DI,TEN,12,0,31,2,14,0,1,5,0,47.8,88,6,3.4,0,0,1,0,100.0,192,192,18,5.2,0,1,9,0,52.2,96,12,7.3,2,2,0,2,2,1
Austin Booker,144990,ED,CHI,12,1,6,9,20,0,1,2,0,6.6,26,5,13.5,2,2,0,4,98.7,393,398,35,5.2,1,8,18,4,93.4,367,30,4.6,4,4,2,6,6,2
Rakeem Nunez-Roches,9650,DI,NYG,9,0,21,1,4,0,1,1,0,41.5,44,3,4.5,1,1,0,0,100.0,106,106,8,5.2,0,0,3,0,58.5,62,5,5.6,2,2,0,3,3,0
Kenneth Grant,162816,DI,MIA,17,0,17,3,23,0,3,17,1,63.9,191,21,5.8,1,2,3,1,98.7,313,317,29,5.1,0,0,5,0,36.1,108,6,3.2,1,1,0,3,3,3
Tyrion Ingram-Dawkins,146730,DI,MIN,14,0,18,0,5,0,0,4,0,54.4,37,4,5.4,0,0,0,0,94.4,68,72,6,5.1,0,0,1,0,45.6,31,2,4.8,1,1,0,1,1,0
Jermaine Johnson,99015,ED,NYJ,14,2,22,4,28,2,4,28,2,98.9,362,35,5.2,3,7,7,2,97.6,369,378,35,5.1,0,0,0,0,1.1,4,0,0.0,0,0,0,3,7,7
Jarran Reed,10683,DI,SEA,15,0,29,5,15,0,2,7,0,54.5,140,11,4.6,2,3,3,0,99.2,257,259,23,5.1,0,3,8,0,45.5,117,12,5.6,1,1,1,3,4,4
B.J. Hill,49894,DI,CIN,17,0,7,6,18,0,5,15,1,68.0,223,24,6.3,4,5,2,2,100.0,334,334,29,5.1,0,1,3,1,32.0,105,5,2.9,1,1,0,5,6,2
Tyquan Lewis,48475,ED,IND,13,0,14,1,13,0,1,10,2,78.5,150,14,5.7,3,3,0,2,93.8,195,208,17,5.1,0,0,2,0,21.5,41,2,2.4,0,0,0,3,3,0
Chop Robinson,144901,ED,MIA,15,0,17,1,14,0,1,12,3,81.4,184,16,5.2,3,4,1,3,89.7,226,252,19,5.1,0,0,2,0,18.6,42,3,4.8,1,1,0,4,5,1
Thomas Booker IV,82168,DI,LV,17,1,23,7,21,1,5,15,2,79.0,215,20,4.7,0,0,0,2,98.9,276,279,28,5.1,0,1,5,0,21.0,57,6,5.3,0,1,1,0,1,1
Emmanuel Ogbah,10666,ED,JAX,13,0,15,3,12,0,3,12,0,86.8,145,16,5.9,1,2,1,0,90.8,167,184,16,5.1,0,0,0,0,13.2,22,0,0.0,0,0,0,1,2,1
Tre'Davious White,11782,CB,BUF,18,0,4,0,1,0,0,0,0,40.0,4,0,0.0,0,0,0,1,2.1,10,467,1,5.0,0,0,1,1,60.0,6,1,8.3,0,0,0,0,0,0
Sam Williams,99106,ED,DAL,17,1,9,3,20,1,2,8,1,51.2,129,11,4.7,1,2,1,3,93.3,252,270,24,5.0,0,1,12,2,48.8,123,13,5.3,0,2,6,1,4,7
Devin White,43089,LB,LV,17,0,23,2,3,0,1,1,0,50.8,30,3,6.7,1,1,0,0,11.9,70,588,6,5.0,0,1,0,0,49.2,29,1,1.7,0,0,0,1,1,0
Esezi Otomewo,55221,DI,PIT,12,0,25,1,7,0,0,5,1,40.4,40,6,8.8,1,1,0,1,98.1,101,103,9,5.0,0,1,2,0,59.6,59,3,2.5,0,0,2,1,1,2
Logan Hall,76919,DI,TB,17,0,30,4,26,0,1,18,5,51.5,175,20,6.0,1,2,2,5,98.6,340,345,32,5.0,0,3,8,0,48.5,165,12,3.9,1,3,4,2,5,6
Mike Green,151084,ED,BLT,17,0,3,10,20,0,7,7,2,39.0,149,16,6.0,2,4,2,5,90.8,383,422,34,5.0,0,3,13,3,61.0,233,18,4.3,2,2,1,4,6,3
Jarrian Jones,97486,CB,JAX,15,0,15,1,0,0,0,0,0,40.0,4,0,0.0,0,0,0,0,2.5,10,403,1,5.0,0,1,0,0,60.0,6,1,8.3,0,0,0,0,0,0
Danny Striggow,129668,ED,JAX,10,1,15,1,5,1,0,1,0,46.3,37,1,1.4,0,1,1,0,95.2,80,84,7,5.0,0,1,4,0,53.8,43,6,8.1,1,1,0,1,2,1
Dre Greenlaw,51503,LB,DEN,10,0,10,1,0,0,0,0,0,36.7,11,0,0.0,0,0,1,0,13.9,30,216,2,5.0,0,1,0,0,63.3,19,2,7.9,1,1,1,1,1,2
Ty'Ron Hopper,98781,LB,GB,8,0,12,0,1,0,0,1,0,55.6,5,1,10.0,0,0,0,0,17.5,10,57,1,5.0,0,0,0,0,44.4,4,0,0.0,0,0,0,0,0,0
Jonathan Allen,11772,DI,MIN,17,0,18,8,22,0,2,12,3,40.5,157,15,5.1,1,3,2,5,98.7,389,394,34,4.9,0,6,10,2,59.5,231,19,4.8,3,3,0,4,6,2
Elijah Roberts,122222,DI,TB,17,0,30,2,22,0,1,10,0,51.0,157,12,4.1,1,1,0,0,97.8,309,316,27,4.9,0,1,12,0,49.0,151,15,5.6,2,2,1,3,3,1
Derrick Harmon,144962,DI,PIT,13,0,25,1,17,0,1,15,1,82.8,236,21,5.5,5,4,1,1,99.7,286,287,23,4.9,0,0,2,0,17.2,49,2,2.0,0,0,1,5,4,2
Caleb Murphy,169634,ED,NYG,8,0,21,0,6,0,0,3,0,42.9,36,3,4.2,0,0,0,1,93.3,84,90,7,4.8,0,0,3,1,57.1,48,4,5.2,1,0,0,1,0,0
Andre Jones Jr.,56395,ED,BUF,3,0,4,1,1,0,1,1,0,95.0,19,2,5.3,0,0,0,0,100.0,21,21,2,4.8,0,0,0,0,5.0,1,0,0.0,0,0,0,0,0,0
Sam Okuayinonu,101425,ED,SF,17,0,28,4,24,0,3,14,2,64.9,233,18,4.1,1,5,4,4,96.5,359,372,31,4.7,0,1,10,2,35.1,126,13,6.0,2,4,2,3,9,6
A'Shawn Robinson,10680,DI,CAR,18,1,5,6,22,0,2,6,0,21.0,72,9,6.9,1,1,0,1,99.4,358,360,31,4.7,1,4,16,1,79.0,271,22,4.4,2,1,2,3,3,3
D'Marco Jackson,57691,LB,CHI,12,0,6,0,1,0,0,0,0,56.0,14,0,0.0,0,0,0,0,15.5,32,206,2,4.7,0,0,1,0,44.0,11,2,13.6,1,1,0,1,1,0
Tyleik Williams,145080,DI,DET,17,0,11,1,17,0,0,10,0,48.4,103,10,4.9,0,0,0,0,99.5,214,215,19,4.7,0,1,7,0,51.6,110,9,4.5,1,1,0,1,1,0
Tavius Robinson,124147,ED,BLT,10,0,3,4,9,0,2,6,1,54.5,133,10,4.5,2,2,3,2,93.9,245,261,18,4.7,0,2,3,1,45.5,111,8,5.0,3,3,1,5,5,4
Ruke Orhorhoro,99768,DI,ATL,17,0,2,3,23,0,1,11,1,36.1,130,14,6.2,2,2,0,2,99.7,364,365,30,4.7,0,2,12,1,63.9,230,16,3.9,2,2,0,4,4,0
Bryan Bresee,122142,DI,NO,15,0,20,5,22,0,1,15,3,63.5,216,19,5.1,3,2,1,4,99.4,349,351,30,4.7,0,4,7,1,36.5,124,11,4.4,0,0,0,3,2,1
Sebastian Joseph-Day,49935,DI,TEN,17,0,31,3,15,0,2,8,0,49.8,107,11,5.6,1,1,1,0,99.5,215,216,19,4.7,0,1,7,0,50.2,108,8,3.7,0,0,0,1,1,1
Derrick Brown,43883,DI,CAR,18,4,5,7,25,3,5,20,0,73.9,342,29,4.8,4,4,3,2,99.2,471,475,38,4.7,1,2,5,2,26.1,121,9,4.5,2,4,2,6,8,5
Tim Settle,48966,DI,HST,12,1,13,0,16,0,0,5,0,24.2,47,5,5.3,0,0,0,2,99.0,196,198,17,4.6,1,0,11,2,75.8,147,12,4.4,1,2,1,1,2,1
Warren Brinson,124013,DI,GB,11,0,12,2,11,0,1,8,0,49.7,79,10,7.0,1,0,1,0,97.0,162,167,14,4.6,0,1,3,0,50.3,80,4,2.5,0,0,0,1,0,1
Khyiris Tonga,52000,DI,NE,16,1,19,3,13,1,1,5,0,45.4,83,7,4.8,1,1,0,0,100.0,195,195,17,4.6,0,2,8,0,54.6,100,10,5.0,0,1,1,1,2,1
Keeanu Benton,101536,DI,PIT,18,0,25,7,19,0,5,14,1,90.9,308,24,4.7,5,5,1,1,99.1,434,438,33,4.6,0,0,1,0,9.1,31,2,4.8,1,1,0,7,7,1
Adin Huntington,130493,DI,CLV,12,0,8,0,5,0,0,3,0,66.7,50,3,3.0,0,0,0,0,98.7,76,77,6,4.6,0,0,2,0,33.3,25,3,8.0,1,0,0,1,0,0
Keion White,60998,ED,SF,16,1,28,4,20,0,3,11,0,42.7,135,17,7.4,3,2,1,1,98.8,323,327,27,4.6,1,1,8,1,57.3,181,9,2.5,0,1,1,3,3,2
Mike Morris,101421,DI,SEA,13,0,29,2,6,0,1,5,1,55.1,49,6,6.1,0,0,0,1,93.7,89,95,8,4.5,0,1,1,0,44.9,40,2,2.5,0,0,0,0,0,0
Jaycee Horn,83375,CB,CAR,17,0,5,0,1,0,0,1,1,54.5,6,1,8.3,0,0,0,1,2.0,11,558,1,4.5,0,0,0,0,45.5,5,0,0.0,0,0,0,0,0,0
Javon Kinlaw,56834,DI,WAS,17,1,32,3,31,0,1,6,2,17.9,65,7,5.4,0,2,2,5,99.2,374,377,34,4.5,1,2,22,2,82.1,299,24,4.0,0,1,1,0,3,3
Mykel Williams,157061,ED,SF,9,0,28,2,16,0,1,4,0,32.6,72,5,3.5,0,1,2,0,97.0,224,231,19,4.5,0,1,12,0,67.4,149,14,5.0,1,3,2,1,4,4
DaQuan Jones,8747,DI,BUF,14,0,4,6,16,0,2,11,1,51.4,146,14,5.1,1,1,0,1,100.0,311,311,25,4.5,0,2,4,0,48.6,138,7,2.9,1,3,3,3,5,3
Foyesade Oluokun,24904,LB,JAX,18,0,15,1,7,0,0,5,1,55.8,53,6,6.6,1,1,1,1,15.8,110,698,9,4.5,0,0,2,0,44.2,42,2,2.4,0,0,0,1,1,1
Jonah Williams,44597,DI,NO,15,1,20,2,6,0,0,1,0,42.9,66,2,2.3,1,1,0,0,100.0,157,157,11,4.5,1,2,5,0,57.1,88,9,6.3,2,4,2,3,5,2
Leo Chenal,101463,LB,KC,14,2,16,1,6,2,1,4,0,61.2,60,6,5.8,1,1,0,1,45.9,102,222,8,4.4,0,0,2,1,38.8,38,2,2.6,0,2,2,1,3,2
Neville Gallimore,28094,DI,IND,17,2,14,3,10,0,2,7,1,61.4,145,13,5.9,4,3,2,1,99.6,241,242,17,4.4,1,1,2,0,38.6,91,3,1.6,0,0,1,4,3,3
Tyler Baron,124268,ED,NYJ,5,0,22,0,4,0,0,4,0,73.3,33,4,6.1,0,1,1,0,97.8,45,46,4,4.4,0,0,0,0,26.7,12,0,0.0,0,0,0,0,1,1
Princely Umanmielen,124398,ED,CAR,17,1,5,2,6,1,2,5,0,76.3,103,9,5.3,2,2,0,0,90.6,135,149,10,4.4,0,0,1,0,23.7,32,1,1.6,0,1,1,2,3,1
Jordan Davis,94854,DI,PHI,18,2,24,1,22,0,0,7,3,23.8,85,7,4.1,0,0,0,4,100.0,371,371,28,4.4,2,1,15,1,76.2,272,21,4.8,5,6,4,5,6,4
Mason Graham,158535,DI,CLV,17,1,8,4,31,1,3,27,1,72.9,306,31,5.2,1,4,4,1,98.8,424,429,36,4.4,0,1,4,0,27.1,114,5,2.2,0,1,1,1,5,5
Mario Edwards Jr.,9468,DI,HST,14,0,13,2,10,0,1,3,0,22.8,41,6,9.8,2,1,0,1,100.0,180,180,14,4.4,0,1,7,1,77.2,139,8,2.9,0,1,3,2,2,3
Ty Hamilton,66298,DI,LA,17,1,26,1,6,1,1,4,0,73.8,59,5,4.2,0,0,0,0,100.0,80,80,7,4.4,0,0,2,0,26.3,21,2,4.8,0,0,0,0,0,0
Oluwafemi Oladejo,146302,ED,TEN,6,0,31,2,5,0,2,2,1,74.1,60,4,3.3,0,0,0,1,71.1,81,114,7,4.3,0,0,3,0,25.9,21,3,7.1,0,0,0,0,0,0
Pete Werner,58093,LB,NO,17,0,20,0,4,0,0,2,0,51.1,23,2,4.3,0,0,1,0,12.9,47,363,4,4.3,0,0,2,0,48.9,22,2,4.5,0,1,1,0,1,2
Azeez Al-Shaair,49792,LB,HST,18,0,13,0,2,0,0,1,0,61.9,13,1,3.8,0,0,0,0,3.6,23,637,2,4.3,0,0,1,0,38.1,8,1,6.3,0,0,0,0,0,0
Elijah Simmons,98915,DI,TB,9,0,30,0,3,0,0,1,0,41.4,12,1,4.2,0,0,0,0,100.0,35,35,3,4.3,0,0,2,0,58.6,17,2,5.9,0,0,0,0,0,0
Leonard Taylor III,143953,DI,NE,8,1,19,1,6,0,0,3,1,53.1,43,3,3.5,0,0,1,1,100.0,81,81,7,4.3,1,1,3,0,46.9,38,4,5.3,0,0,0,0,0,1
Tershawn Wharton,40292,DI,CAR,10,1,5,3,14,1,1,6,1,46.9,112,8,4.0,1,2,2,1,100.0,242,242,19,4.3,0,2,8,0,53.1,127,11,4.7,1,2,2,2,4,4
Cam'Ron Jackson,121769,DI,CAR,8,0,5,0,2,0,0,0,0,50.0,8,0,0.0,0,0,0,0,92.0,23,25,2,4.3,0,0,1,0,50.0,8,1,6.3,0,0,0,0,0,0
Kyle Van Noy,8675,ED,BLT,15,0,3,7,16,0,4,8,1,57.6,181,14,4.4,2,4,2,1,87.0,314,361,25,4.3,0,3,8,0,42.4,133,11,4.1,0,2,3,2,6,5
Daniel Hardy,91336,ED,CHI,8,0,6,1,1,0,0,0,0,30.4,7,0,0.0,0,0,0,0,82.1,23,28,2,4.3,0,1,1,0,69.6,16,2,6.3,0,0,0,0,0,0
Daron Payne,48698,DI,WAS,15,1,32,5,17,1,5,14,0,86.3,284,23,4.8,4,7,4,0,99.4,347,349,26,4.3,0,0,2,0,13.7,45,2,2.2,0,0,0,4,7,4
T.J. Slaton,56597,DI,CIN,17,0,7,4,12,0,1,7,2,40.7,96,9,5.2,1,1,0,3,100.0,265,265,19,4.2,0,1,3,1,59.3,140,6,2.9,2,2,0,3,3,0
Shelby Harris,8869,DI,CLV,17,0,8,3,14,0,0,5,1,29.3,70,6,5.0,1,0,0,1,99.6,248,249,19,4.2,0,3,8,0,70.7,169,12,3.8,1,2,3,2,2,3
T.J. Sanders,146925,DI,BUF,14,1,4,1,12,1,1,9,1,64.0,112,11,5.4,1,1,1,1,98.9,179,181,14,4.2,0,0,3,0,36.0,63,3,2.4,0,0,0,1,1,1
D.J. Wonnum,44550,ED,CAR,17,1,5,2,26,1,1,1,0,13.7,52,2,1.9,0,0,0,5,87.0,380,437,30,4.2,0,1,25,5,86.3,328,28,4.6,2,2,1,2,2,1
Ali Gaye,124095,ED,TEN,3,0,31,0,2,0,0,2,1,45.8,11,2,9.1,0,1,1,1,100.0,24,24,2,4.2,0,0,0,0,54.2,13,0,0.0,0,0,0,0,1,1
Zach Sieler,66917,DI,MIA,17,1,17,3,23,1,1,6,1,34.9,151,9,3.6,2,3,3,4,97.6,442,453,31,4.1,0,1,15,3,65.1,282,19,3.9,3,3,1,5,6,4
Deone Walker,163783,DI,BUF,19,1,4,2,16,1,1,7,1,44.2,118,9,4.2,1,1,0,1,99.6,270,271,20,4.1,0,1,9,0,55.8,149,11,4.0,1,0,0,2,1,0
Shemar Stewart,158675,ED,CIN,8,0,7,2,10,0,1,5,1,56.5,96,6,3.1,0,1,1,1,99.4,172,173,13,4.1,0,1,5,0,43.5,74,7,5.4,1,1,1,1,2,2
Taven Bryan,48753,DI,BLT,5,0,3,1,2,0,0,0,0,45.9,28,0,0.0,0,0,0,1,95.3,61,64,4,4.1,0,1,2,1,54.1,33,4,7.6,1,0,0,1,0,0
Micheal Clemons,56872,ED,NYJ,16,0,22,4,16,0,2,10,2,44.8,133,14,6.0,2,1,0,3,98.7,299,303,22,4.0,0,2,6,1,55.2,164,8,2.4,0,0,1,2,1,1
Darius Alexander,98333,DI,NYG,16,2,21,2,9,1,2,2,1,47.9,112,6,3.6,2,3,1,1,99.6,235,236,15,4.0,1,0,7,0,52.1,122,9,4.5,2,2,1,4,5,2
Javon Solomon,97821,ED,BUF,15,0,4,1,6,0,1,4,0,68.9,73,6,4.8,1,2,1,0,93.4,113,121,8,4.0,0,0,1,0,31.1,33,1,1.5,0,0,0,1,2,1
Jordan Burch,124227,ED,ARZ,17,0,1,0,15,0,0,7,0,55.6,119,8,3.8,1,1,0,0,89.2,214,240,16,4.0,0,0,8,0,44.4,95,8,4.2,0,0,0,1,1,0
Alim McNeill,76996,DI,DET,10,0,11,2,21,0,2,15,0,58.2,156,17,5.4,0,0,0,0,99.0,290,293,23,4.0,0,0,6,0,41.8,112,6,2.7,0,0,0,0,0,0
Nathan Shepherd,24614,DI,NO,16,3,20,7,16,2,3,9,0,44.6,161,13,4.3,1,1,0,1,99.5,365,367,26,4.0,1,4,7,1,55.4,200,13,3.8,2,5,3,3,6,3
Zeek Biggers,143903,DI,MIA,9,1,17,1,5,1,1,4,1,75.8,94,7,4.8,2,1,1,1,98.5,129,131,8,3.9,0,0,0,0,24.2,30,0,0.0,0,1,1,2,2,2
Levi Drake Rodriguez,165670,DI,MIN,16,0,18,2,7,0,2,4,1,64.3,101,6,3.0,0,0,1,2,98.8,166,168,11,3.9,0,0,3,1,35.7,56,5,6.3,2,3,1,2,3,2
Karl Brooks,76941,DI,GB,16,1,12,6,22,0,1,14,2,53.2,199,16,4.3,1,1,0,2,98.5,386,392,29,3.9,1,5,8,0,46.8,175,13,3.7,0,2,2,1,3,2
Barryn Sorrell,144739,ED,GB,13,1,12,1,4,0,1,2,0,50.0,58,4,4.3,1,0,0,0,95.1,116,122,7,3.9,1,0,2,0,50.0,58,3,3.4,1,1,0,2,1,0
Dexter Lawrence,25991,DI,NYG,17,1,21,7,27,0,6,17,0,56.9,239,23,4.8,0,1,1,1,100.0,441,441,34,3.9,1,1,8,1,43.1,181,9,2.5,0,0,0,0,1,1
Kentavius Street,48404,DI,ATL,7,0,2,1,3,0,0,2,0,53.1,52,3,3.8,1,1,0,0,99.0,102,103,6,3.9,0,0,1,0,46.9,46,2,3.3,1,1,0,2,2,0
Folorunso Fatukasi,38558,DI,HST,4,0,13,0,0,0,0,0,0,36.7,18,1,5.6,1,1,0,0,100.0,51,51,2,3.9,0,0,0,0,63.3,31,1,3.2,1,1,0,2,2,0
Isaiahh Loudermilk,44416,DI,PIT,2,0,25,0,1,0,0,0,0,91.7,11,0,0.0,0,0,0,0,100.0,13,13,1,3.8,0,0,0,0,8.3,1,0,0.0,0,0,0,0,0,0
Braiden McGregor,129586,ED,NYJ,12,0,22,1,7,0,0,3,1,40.0,42,3,3.6,0,0,1,2,97.2,105,108,8,3.8,0,1,4,1,60.0,63,5,4.0,0,1,1,0,1,2
Larrell Murchison,57004,DI,LA,14,0,26,0,1,0,0,1,0,31.8,21,1,2.4,0,0,0,0,100.0,66,66,3,3.8,0,0,0,0,68.2,45,2,4.4,2,2,0,2,2,0
Jonah Laulu,75763,DI,LV,17,7,23,3,19,3,1,11,1,33.1,122,14,6.6,2,2,0,2,98.4,370,376,25,3.8,4,2,8,1,66.9,247,11,2.4,1,4,3,3,6,3
Jerry Tillery,49949,DI,KC,17,0,16,0,10,0,0,5,1,56.6,99,6,3.5,1,1,0,2,100.0,185,185,12,3.8,0,0,4,1,43.4,76,5,3.9,1,1,0,2,2,0
Roy Lopez,48676,DI,DET,17,0,11,2,8,0,1,5,1,39.8,82,7,4.9,1,1,0,1,99.5,219,220,13,3.7,0,0,1,0,60.2,124,3,2.0,2,1,1,3,2,1
Matthew Butler,62931,DI,MIA,12,0,17,1,6,0,0,4,0,52.6,50,4,4.0,0,0,0,1,97.9,95,97,7,3.7,0,1,2,1,47.4,45,3,3.3,0,0,0,0,0,0
Roquan Smith,50892,LB,BLT,15,0,3,3,3,0,2,1,0,54.9,39,3,3.8,0,0,0,1,13.5,81,602,6,3.7,0,1,1,1,45.1,32,2,3.1,0,0,0,0,0,0
Tanoh Kpassagnon,11814,ED,CHI,4,0,6,1,0,0,0,0,0,26.3,10,0,0.0,0,0,0,0,97.6,41,42,2,3.7,0,1,0,0,73.7,28,2,5.4,1,1,0,1,1,1
CJ West,130507,DI,SF,16,1,28,0,9,0,0,1,0,15.9,27,2,5.6,1,2,1,1,100.0,175,175,11,3.7,1,0,7,1,84.1,143,8,3.1,1,1,0,2,3,2
Tyler Davis,97610,DI,LA,20,1,26,1,17,0,0,7,0,39.8,104,7,3.4,0,0,1,2,100.0,267,267,19,3.7,1,1,10,2,60.2,157,12,4.1,1,2,1,1,2,2
Javontae Jean-Baptiste,83514,ED,WAS,3,1,32,0,0,0,0,0,0,33.3,9,0,0.0,0,0,0,0,90.0,27,30,1,3.7,1,0,0,0,66.7,18,1,5.6,1,2,1,1,2,1
Roy Robertson-Harris,11341,DI,NYG,17,0,21,9,12,0,5,9,2,44.1,126,14,5.6,0,0,1,4,99.3,288,290,21,3.6,0,4,3,1,55.9,160,7,2.2,0,1,1,0,1,2
Elijah Williams,138526,DI,MIN,7,0,18,0,1,0,0,1,0,42.9,6,1,8.3,0,0,0,0,100.0,14,14,1,3.6,0,0,0,0,57.1,8,0,0.0,0,0,0,0,0,0
John Ridgeway,66694,DI,NO,4,0,20,1,1,0,1,1,0,48.1,13,2,7.7,0,0,0,0,100.0,28,28,2,3.6,0,0,0,0,51.9,14,0,0.0,0,0,0,0,0,0
Eyioma Uwazurike,45414,DI,DEN,19,0,10,2,6,0,0,3,0,55.9,124,6,3.6,3,3,0,1,100.0,223,223,12,3.6,0,2,3,1,44.1,98,6,3.6,1,2,1,4,5,1
Kris Jenkins,129584,DI,CIN,14,0,7,1,15,0,0,5,1,36.0,95,6,3.7,1,1,0,2,98.6,281,285,18,3.6,0,0,9,1,64.0,169,10,3.3,1,3,4,2,4,4
Nazir Stackhouse,124040,DI,GB,13,0,12,0,5,0,0,3,0,59.1,39,3,3.8,0,0,1,1,100.0,69,69,5,3.6,0,0,2,1,40.9,27,2,3.7,0,0,0,0,0,1
Quinton Bohanna,56673,DI,GB,6,0,12,0,1,0,0,1,0,46.2,6,1,8.3,0,0,0,0,100.0,14,14,1,3.6,0,0,0,0,53.8,7,0,0.0,0,0,0,0,0,0
Teair Tart,82261,DI,LAC,18,0,27,2,15,0,0,5,1,56.3,138,5,1.8,0,0,1,1,98.9,262,265,18,3.6,0,2,10,0,43.7,107,13,6.5,1,1,1,1,2,3
David Onyemata,10754,DI,ATL,17,2,2,1,19,1,1,10,0,51.9,151,11,3.6,0,0,1,1,100.0,309,309,21,3.6,1,0,6,1,48.1,140,6,2.1,0,2,2,1,3,3
Chauncey Golston,42718,ED,NYG,9,0,21,0,4,0,0,3,0,47.7,41,3,3.7,0,0,0,0,90.5,86,95,5,3.5,0,0,1,0,52.3,45,2,3.3,1,1,0,1,1,0
Da'Shawn Hand,48386,DI,LAC,14,1,27,2,13,0,1,4,1,42.3,113,6,3.1,1,0,0,1,97.8,272,278,17,3.5,1,1,8,0,57.7,154,10,3.6,1,3,2,2,3,2
Ernest Jones,81399,LB,SEA,17,1,29,1,3,0,1,3,0,51.9,27,4,7.4,0,0,0,0,9.1,57,626,4,3.5,1,0,0,0,48.1,25,0,0.0,0,0,0,0,0,0
Tatum Bethune,98532,LB,SF,9,0,28,0,2,0,0,0,0,52.6,10,0,0.0,0,1,1,0,10.0,29,290,2,3.4,0,0,0,0,47.4,9,0,0.0,0,0,0,0,1,1
DJ Reader,10800,DI,DET,17,1,11,3,17,0,2,7,0,55.4,155,9,2.9,0,0,0,0,99.0,295,298,20,3.4,0,1,9,0,44.6,125,10,4.0,0,0,0,0,0,0
Dawuane Smoot,11823,ED,JAX,18,0,15,2,15,0,0,2,0,23.3,70,2,1.4,0,2,3,1,92.2,308,334,19,3.4,0,2,13,1,76.7,230,17,4.1,2,2,1,2,4,5
Jordan Jackson,56957,DI,DEN,5,0,10,1,2,0,1,1,0,73.3,33,2,3.0,0,0,1,0,100.0,45,45,3,3.3,0,0,1,0,26.7,12,1,4.2,0,0,0,0,0,1
Andrew Billings,10756,DI,CHI,19,0,6,3,10,0,1,3,1,49.7,98,4,2.0,0,1,1,1,99.6,225,226,14,3.3,0,2,6,0,50.3,99,8,4.0,0,0,0,1,2,1
Jalyn Holmes,48400,DI,WAS,10,1,32,1,6,1,0,2,0,38.7,41,2,2.4,0,0,0,0,99.1,107,108,7,3.3,0,1,4,0,61.3,65,5,3.8,0,0,0,0,0,0
Jordan Phillips,9485,DI,BUF,11,0,4,0,4,0,0,2,0,50.0,45,3,4.4,1,1,0,0,98.9,90,91,5,3.3,0,0,2,0,50.0,45,2,2.2,0,0,1,1,1,1
Tomon Fox,42486,ED,NYG,8,1,21,0,2,1,0,2,0,46.7,14,2,7.1,0,0,0,0,96.8,30,31,2,3.3,0,0,0,0,53.3,16,0,0.0,0,0,0,0,0,0
Brent Urban,8769,DI,BLT,15,1,3,3,3,0,2,0,0,51.6,65,2,1.5,0,1,1,0,96.9,126,130,7,3.2,1,1,3,0,48.4,61,5,4.9,1,1,0,1,2,1
Matthew Judon,10780,ED,BUF,14,0,4,2,8,0,2,4,2,53.8,85,6,3.5,0,0,0,2,81.0,158,195,10,3.2,0,0,4,0,46.2,73,4,2.7,0,2,3,0,2,3
Jordan Elliott,56734,DI,SF,18,0,28,1,15,0,1,1,0,10.0,24,2,4.2,0,2,2,0,100.0,250,250,16,3.2,0,0,14,0,90.0,215,14,3.3,0,0,2,0,2,4
James Lynch,56962,DI,TEN,17,0,31,2,7,0,1,4,0,53.8,91,5,2.7,0,0,1,0,98.8,170,172,10,3.2,0,1,3,0,46.2,78,5,3.8,1,0,1,1,0,2
Tyler Lacy,76836,ED,DET,10,0,11,1,4,0,0,2,0,52.7,58,3,3.4,1,1,0,0,100.0,110,110,6,3.2,0,1,2,0,47.3,52,3,2.9,0,0,0,1,1,0
Broderick Washington,50049,DI,BLT,3,0,3,0,3,0,0,2,0,46.8,22,2,4.5,0,0,0,0,100.0,47,47,3,3.2,0,0,1,0,53.2,25,1,2.0,0,0,0,0,0,0
Maason Smith,146774,DI,JAX,13,0,15,0,11,0,0,6,1,45.1,79,6,3.8,0,0,0,1,96.7,175,181,11,3.1,0,0,5,0,54.9,96,5,2.6,0,0,0,0,0,0
L.J. Collier,48822,DI,ARZ,4,0,1,2,1,0,1,0,0,55.6,25,1,2.0,0,0,0,0,100.0,48,48,3,3.1,0,1,1,0,44.4,20,2,5.0,0,0,0,0,0,0
Leki Fotu,44614,DI,HST,10,0,13,1,2,0,0,0,0,43.4,36,1,2.8,1,1,0,0,98.8,83,84,4,3.0,0,1,2,0,56.6,47,3,3.2,0,0,0,1,1,0
Chris Williams,87178,DI,CHI,16,0,6,1,7,0,0,6,1,50.4,64,6,4.7,0,0,1,1,100.0,132,132,8,3.0,0,0,1,0,49.6,63,1,0.8,0,1,1,0,1,2
Jamaree Caldwell,162505,DI,LAC,18,0,27,0,13,0,0,6,1,48.5,111,7,3.6,1,1,0,1,98.4,251,255,14,3.0,0,0,6,0,51.5,118,6,2.5,0,0,0,1,1,1
D.J. Davidson,56523,DI,NYG,15,0,21,0,7,0,0,3,0,51.8,59,3,2.5,0,0,0,0,100.0,116,116,7,3.0,0,0,4,0,48.2,55,4,3.6,0,0,0,0,0,0
Aeneas Peebles,122379,DI,BLT,6,0,3,0,3,0,0,2,0,61.4,27,2,3.7,0,0,1,0,98.0,50,51,3,3.0,0,0,1,0,38.6,17,1,2.9,0,0,0,0,0,1
Joshua Farmer,143880,DI,NE,13,1,19,0,7,1,0,4,0,57.4,66,4,3.0,0,1,2,0,100.0,116,116,7,3.0,0,0,3,0,42.6,49,3,3.1,0,0,1,0,1,3
Trevor Nowaske,169859,ED,DET,9,0,11,1,1,0,0,0,0,28.1,9,0,0.0,0,0,0,0,62.3,33,53,2,3.0,0,1,0,0,71.9,23,1,2.2,0,0,0,0,0,0
Adam Butler,12214,DI,LV,15,3,23,4,14,1,0,3,0,34.4,109,3,1.4,0,1,1,1,95.7,334,349,19,3.0,1,4,11,1,65.6,208,16,4.1,1,2,2,1,3,3
Grady Jarrett,9570,DI,CHI,16,2,6,7,13,2,4,8,3,45.7,188,12,3.2,0,1,3,3,99.3,454,457,23,2.9,0,3,5,0,54.3,223,11,3.1,3,2,2,3,3,6
Khristian Boyd,88444,DI,NO,4,0,20,1,1,0,1,0,0,54.8,17,1,2.9,0,0,0,0,100.0,35,35,2,2.9,0,0,1,0,45.2,14,1,3.6,0,0,0,0,0,0
Kevin Givens,28308,DI,SF,5,0,28,0,4,0,0,3,0,32.9,23,3,6.5,0,0,0,0,100.0,70,70,4,2.9,0,0,1,0,67.1,47,1,1.1,0,0,0,0,0,0
Solomon Thomas,11758,DI,DAL,16,0,9,3,9,0,1,7,1,54.1,112,8,3.6,0,2,3,3,99.5,209,210,12,2.9,0,2,2,2,45.9,95,4,2.1,0,0,1,0,2,4
Dayo Odeyingbo,56923,ED,CHI,8,1,6,2,7,0,1,1,0,33.9,64,2,1.6,0,0,0,1,95.0,189,199,10,2.9,1,1,6,1,66.1,125,8,3.6,1,2,1,1,2,1
Payton Page,144131,DI,NYJ,3,0,22,0,1,0,0,0,0,22.2,4,0,0.0,0,0,0,0,100.0,18,18,1,2.8,0,0,1,0,77.8,14,1,3.6,0,0,1,0,0,1
Mekhi Wingo,128050,DI,DET,2,0,11,0,2,0,0,1,0,71.4,25,1,2.0,0,0,0,0,100.0,36,36,2,2.8,0,0,0,0,28.6,10,0,0.0,0,0,1,0,0,1
Anthony Goodlow,77164,DI,ARZ,3,1,1,1,0,1,1,0,0,38.9,7,1,7.1,0,0,0,0,100.0,18,18,1,2.8,0,0,0,0,61.1,11,0,0.0,0,0,0,0,0,0
Grover Stewart,11899,DI,IND,17,2,14,5,12,1,3,6,0,48.6,124,9,3.6,0,0,0,0,98.5,337,342,18,2.8,1,0,2,0,51.4,131,3,1.5,1,1,0,1,2,1
David Ojabo,101420,ED,BLT,13,1,3,2,3,1,1,2,0,62.5,55,3,2.7,0,0,0,0,97.8,90,92,5,2.8,0,0,1,0,37.5,33,1,1.5,0,0,1,0,0,1
Benito Jones,44035,DI,MIA,14,0,17,0,4,0,0,1,0,57.9,55,2,2.7,1,1,1,0,98.1,106,108,5,2.8,0,0,1,0,42.1,40,1,1.3,0,0,0,1,1,1
Jordan Magee,98155,LB,WAS,15,0,32,0,1,0,0,1,1,77.8,14,1,3.6,0,0,0,1,10.9,18,165,1,2.8,0,0,0,0,22.2,4,0,0.0,0,0,0,0,0,0
Eddie Goldman,9472,DI,WAS,13,1,32,1,7,0,0,2,0,44.0,51,2,2.0,0,0,0,0,100.0,144,144,8,2.8,1,0,4,0,56.0,65,4,3.1,0,0,0,0,0,0
Zion Logue,98944,DI,BUF,3,0,4,0,0,0,0,0,0,33.3,12,0,0.0,0,0,0,0,97.3,36,37,1,2.8,0,0,0,0,66.7,24,1,4.2,1,1,0,1,1,0
Jason Marshall Jr.,146704,CB,MIA,12,0,17,1,0,0,1,0,0,66.7,12,1,4.2,0,0,0,0,10.8,18,166,1,2.8,0,0,0,0,33.3,6,0,0.0,0,0,0,0,0,0
Marcus Davenport,50291,ED,DET,8,1,11,2,4,0,0,1,0,39.0,55,2,2.7,1,1,0,0,99.3,141,142,7,2.8,1,2,3,0,61.0,86,5,2.9,0,0,0,1,1,0
Eric Gregory,98930,DI,NE,7,0,19,0,3,0,0,1,1,57.7,30,1,1.7,0,0,0,1,96.5,55,57,3,2.7,0,0,2,0,42.3,22,2,4.5,0,0,0,0,0,0
DaVon Hamilton,28072,DI,JAX,18,0,15,2,10,0,0,4,0,46.5,113,5,2.7,1,1,1,0,97.1,264,272,13,2.7,0,1,4,0,53.5,130,5,1.9,0,0,1,1,1,2
Marshawn Kneeland,98344,ED,DAL,7,1,9,0,2,0,0,1,0,26.0,19,2,7.9,1,1,0,0,100.0,73,73,3,2.7,1,0,1,0,74.0,54,1,0.9,0,0,0,1,1,0
Mike Danna,48415,ED,KC,15,1,16,3,5,1,2,4,0,45.9,84,7,4.8,1,1,0,0,93.4,183,196,9,2.7,0,1,1,0,54.1,99,2,1.0,0,0,0,1,1,0
Ty Robinson,101446,DI,PHI,8,0,24,1,1,0,0,0,0,25.6,10,0,0.0,0,0,0,1,100.0,39,39,2,2.6,0,1,1,1,74.4,29,2,3.4,0,0,0,0,0,0
Zacch Pickens,98911,DI,KC,3,0,16,0,1,0,0,1,0,36.8,7,1,7.1,0,0,0,0,100.0,19,19,1,2.6,0,0,0,0,63.2,12,0,0.0,0,0,0,0,0,0
Dax Hill,97519,CB,CIN,17,0,7,0,1,0,0,0,0,52.6,10,0,0.0,0,0,0,0,3.3,19,578,1,2.6,0,0,1,0,47.4,9,1,5.6,0,0,0,0,0,0
Dalvin Tomlinson,11810,DI,ARZ,17,0,1,2,11,0,0,1,0,44.4,95,2,1.6,1,1,0,0,100.0,293,293,14,2.6,0,1,9,0,55.6,119,10,4.2,0,0,0,1,1,0
Durell Nchami,81292,ED,IND,2,0,14,0,1,0,0,1,0,89.5,17,1,2.9,0,0,0,0,90.5,19,21,1,2.6,0,0,0,0,10.5,2,0,0.0,0,0,0,0,0,0
Davon Godchaux,11934,DI,NO,17,0,20,3,6,0,1,2,0,49.4,79,3,1.9,0,0,0,0,100.0,171,171,9,2.6,0,2,4,0,50.6,81,6,3.7,0,0,0,0,0,0
Jay Tufele,56913,DI,NYJ,12,0,22,0,6,0,0,3,0,66.4,81,3,1.9,0,0,0,0,100.0,122,122,6,2.5,0,0,3,0,33.6,41,3,3.7,0,1,1,0,1,1
Greg Gaines,48706,DI,TB,17,0,30,1,5,0,0,3,0,48.2,93,3,1.6,0,0,0,0,99.0,199,201,8,2.5,0,1,1,0,51.8,100,4,3.0,2,2,0,2,2,0
Alfred Collins,123110,DI,SF,18,1,28,4,9,1,4,9,1,72.2,216,14,3.5,1,1,0,3,99.3,299,301,14,2.5,0,0,0,2,27.8,83,0,0.0,0,0,0,1,1,0
Brandon Pili,57036,DI,SEA,13,1,29,0,4,1,0,2,0,55.7,44,2,2.3,0,0,0,0,100.0,79,79,4,2.5,0,0,2,0,44.3,35,2,2.9,0,0,0,0,0,0
Dante Stills,76937,DI,ARZ,17,0,1,2,11,0,0,5,3,43.7,115,5,2.2,0,1,1,3,100.0,267,267,13,2.4,0,2,6,0,56.3,148,8,2.7,0,0,0,0,1,1
Elijah Garcia,44498,DI,ATL,7,0,2,0,0,0,0,0,0,66.7,28,1,3.6,1,1,0,0,100.0,42,42,1,2.4,0,0,0,0,33.3,14,0,0.0,0,0,0,1,1,0
Bradyn Swinson,131726,ED,NE,2,0,19,0,1,0,0,0,0,66.7,14,0,0.0,0,0,0,0,100.0,21,21,1,2.4,0,0,1,0,33.3,7,1,7.1,0,0,0,0,0,0
Larry Ogunjobi,11820,DI,BUF,11,0,4,0,5,0,0,3,3,56.1,60,3,2.5,0,1,1,3,100.0,107,107,5,2.3,0,0,2,0,43.9,47,2,2.1,0,0,0,0,1,1
John Jenkins,7863,DI,BLT,17,0,3,0,9,0,0,6,1,50.2,113,7,3.5,1,1,0,1,98.8,244,247,10,2.3,0,0,3,0,49.8,112,3,1.3,0,0,0,1,1,0
Colby Wooden,98312,DI,GB,18,1,12,4,10,1,4,5,1,56.7,161,9,2.8,0,3,3,2,99.3,300,302,14,2.3,0,0,5,1,43.3,123,5,2.0,0,2,2,0,5,5
Darius Robinson,98946,DI,ARZ,15,0,1,1,8,0,0,1,1,42.7,105,1,0.5,0,0,0,3,100.0,246,246,10,2.2,0,1,7,2,57.3,141,9,3.5,1,1,0,1,1,0
Matt Dickerson,49601,DI,JAX,9,1,15,2,3,0,1,2,0,55.4,62,3,2.4,0,0,0,0,100.0,112,112,5,2.2,1,1,1,0,44.6,50,2,2.0,0,0,0,0,0,0
Kalia Davis,55389,DI,SF,19,1,28,1,8,1,1,7,1,95.9,255,9,2.0,1,2,3,1,99.6,266,267,10,2.1,0,0,1,0,4.1,11,1,4.5,0,0,0,1,2,3
Otito Ogbonnia,82450,DI,LAC,10,0,27,0,3,0,0,1,0,37.7,26,1,1.9,0,0,0,0,100.0,73,73,3,2.1,0,0,2,0,62.3,43,2,2.3,0,0,0,0,0,0
Harrison Phillips,48690,DI,NYJ,17,1,22,1,8,1,1,2,0,48.4,150,5,2.3,2,1,0,0,100.0,323,323,11,2.0,0,0,6,0,51.6,160,6,1.9,0,1,1,2,2,1
Jordan Phillips,157619,DI,MIA,17,1,17,1,6,1,0,2,0,46.4,71,2,1.4,0,0,0,0,100.0,174,174,7,2.0,0,0,2,0,53.6,82,2,1.2,0,0,0,0,0,0
JJ Pegues,123998,DI,LV,9,0,23,0,2,0,0,0,0,50.0,25,0,0.0,0,0,0,0,100.0,50,50,2,2.0,0,0,2,0,50.0,25,2,4.0,0,0,2,0,0,2
Patrick O'Connor,12005,ED,DET,8,0,11,0,2,0,0,1,0,58.8,30,1,1.7,0,0,0,0,98.1,51,52,2,2.0,0,0,1,0,41.2,21,1,2.4,0,0,0,0,0,0
Cameron Goode,38410,ED,MIA,8,0,17,0,2,0,0,1,0,80.0,40,1,1.3,0,0,2,0,82.3,51,62,2,2.0,0,0,1,0,20.0,10,1,5.0,0,0,0,0,0,2
Bobby Brown III,82429,DI,CAR,18,1,5,0,4,1,0,1,0,44.3,58,2,2.6,1,1,0,2,99.3,151,152,5,2.0,0,0,3,2,55.7,73,3,2.1,0,0,0,1,1,1
Nick Hampton,81162,ED,LA,12,0,26,0,2,0,0,1,0,56.6,30,1,1.7,0,0,0,0,73.6,53,72,2,1.9,0,0,1,0,43.4,23,1,2.2,0,0,0,0,0,0
Yahya Black,129460,DI,PIT,18,0,25,1,7,0,0,2,1,44.6,82,2,1.2,0,0,1,2,98.6,211,214,8,1.9,0,1,4,1,55.4,102,5,2.5,0,0,0,0,0,2
Jeremiah Pharms Jr.,156117,DI,NE,3,0,19,1,0,0,1,0,0,42.9,12,1,4.2,0,0,0,0,100.0,29,29,1,1.7,0,0,0,0,57.1,16,0,0.0,0,0,0,0,0,0
Germaine Pratt,29407,LB,IND,16,0,14,0,2,0,0,2,0,53.3,32,2,3.1,0,0,1,0,12.3,60,489,2,1.7,0,0,0,0,46.7,28,0,0.0,0,1,1,0,1,2
Francisco Mauigoa,146521,LB,NYJ,12,0,22,0,1,0,0,1,0,53.6,15,1,3.3,0,0,0,0,20.7,30,145,1,1.7,0,0,0,0,46.4,13,0,0.0,0,0,0,0,0,0
Sheldon Day,10737,DI,WAS,10,0,32,1,2,0,1,2,0,47.5,38,3,3.9,0,0,0,0,97.8,90,92,3,1.7,0,0,0,0,52.5,42,0,0.0,0,0,0,0,0,0
Howard Cross III,102726,DI,CIN,4,0,7,0,1,0,0,1,0,44.8,13,1,3.8,0,0,0,0,100.0,29,29,1,1.7,0,0,0,0,55.2,16,0,0.0,0,0,0,0,0,0
Elijah Chatman,97568,DI,NYG,5,0,21,0,1,0,0,0,0,48.4,15,0,0.0,0,0,0,0,100.0,31,31,1,1.6,0,0,1,0,51.6,16,1,3.1,0,0,0,0,0,0
Mazi Smith,101419,DI,NYJ,8,1,22,0,2,0,0,1,0,45.0,27,1,1.9,0,0,0,0,100.0,63,63,2,1.6,1,0,1,0,55.0,33,1,1.5,0,0,0,0,0,0
LaBryan Ray,56501,DI,CAR,13,0,5,0,2,0,0,2,1,61.9,39,2,2.6,0,0,0,1,98.4,63,64,2,1.6,0,0,0,0,38.1,24,0,0.0,0,0,1,0,0,1
Derrick Nnadi,49970,DI,KC,15,0,16,1,2,0,0,1,0,43.3,42,1,1.2,0,0,0,0,97.0,98,101,3,1.5,0,1,1,0,56.7,55,2,1.8,0,0,0,0,0,0
Austin Johnson,10677,DI,JAX,15,0,15,0,1,0,0,1,0,47.3,44,1,1.1,0,0,0,0,99.0,103,104,2,1.5,0,0,0,0,52.7,49,1,2.0,1,3,2,1,3,2
Eric Johnson,33698,DI,IND,12,0,14,0,2,0,0,0,0,26.3,15,0,0.0,0,1,1,0,100.0,68,68,2,1.5,0,0,2,0,73.7,42,2,2.4,0,0,2,0,1,3
McKinnley Jackson,124324,DI,CIN,8,0,7,0,2,0,0,1,0,54.5,30,1,1.7,0,0,0,0,98.5,66,67,2,1.5,0,0,1,0,45.5,25,1,2.0,0,0,0,0,0,0
Mike Pennel,9316,DI,KC,16,1,16,0,4,0,0,1,0,43.7,55,1,0.9,0,0,1,0,99.3,137,138,4,1.5,1,0,3,0,56.3,71,3,2.1,0,0,0,0,0,1
Khalen Saunders,31534,DI,NYJ,9,0,22,0,0,0,0,0,0,41.2,28,1,3.6,1,1,0,0,100.0,72,72,1,1.4,0,0,0,0,58.8,40,0,0.0,0,0,0,1,1,0
PJ Mustipher,82505,DI,ARZ,14,0,1,0,3,0,0,1,0,48.1,25,1,2.0,0,0,0,0,100.0,111,111,3,1.4,0,0,1,0,51.9,27,1,1.9,0,0,1,0,1,2
Jonathan Bullard,10706,DI,NO,15,0,20,0,3,0,0,2,0,54.4,62,2,1.6,0,0,1,0,99.1,114,115,3,1.3,0,0,1,0,45.6,52,1,1.0,0,1,1,0,1,2
Josh Tupou,12093,DI,BLT,3,0,3,0,1,0,0,0,0,46.2,18,0,0.0,0,0,0,0,100.0,41,41,1,1.2,0,0,1,0,53.8,21,1,2.4,0,0,0,0,0,0
Jay Toia,146406,DI,DAL,5,0,9,1,0,0,0,0,0,51.5,17,0,0.0,0,0,0,0,100.0,43,43,1,1.2,0,0,0,0,48.5,16,0,0.0,0,0,1,0,0,1
Phidarian Mathis,56504,DI,BUF,7,0,4,1,0,0,0,0,0,54.3,25,0,0.0,0,0,0,0,100.0,47,47,1,1.1,0,0,0,0,45.7,21,0,0.0,0,0,0,0,0,0
Eric Watts,98459,ED,NYJ,4,0,22,0,1,0,0,1,0,28.0,14,1,3.6,0,0,0,0,94.3,50,53,1,1.0,0,0,0,0,72.0,36,0,0.0,0,0,1,0,0,1
Basil Okoye,169780,DI,BLT,13,0,3,1,1,0,1,0,0,49.5,49,1,1.0,0,0,0,0,100.0,104,104,2,1.0,0,0,1,0,50.5,50,1,1.0,0,0,0,0,0,0
Jonathan Ford,56705,DI,GB,10,1,12,0,1,0,0,0,0,43.1,25,0,0.0,0,0,0,0,100.0,59,59,1,0.8,1,0,1,0,56.9,33,1,1.5,0,0,0,0,0,0
Naquan Jones,44363,DI,HST,13,0,13,1,0,0,1,0,0,51.0,53,1,0.9,0,2,2,0,98.1,105,107,1,0.5,0,0,0,0,49.0,51,0,0.0,0,2,2,0,4,4
T.J. Maguranyanga,197942,ED,WAS,1,0,32,0,0,0,0,0,0,28.6,2,0,0.0,0,0,0,0,100.0,7,7,0,0.0,0,0,0,0,71.4,5,0,0.0,0,0,0,0,0,0
Jason Pierre-Paul,5540,ED,TB,3,0,30,0,0,0,0,0,0,36.4,8,0,0.0,0,0,0,0,88.0,22,25,0,0.0,0,0,0,0,63.6,14,0,0.0,0,0,0,0,0,0
Darius Slay,7817,CB,PIT,10,0,25,0,0,0,0,0,0,100.0,1,0,0.0,0,0,0,0,0.3,1,307,0,0.0,0,0,0,0,0.0,0,0,,0,0,0,0,0,0
Eric Kendricks,9478,LB,SF,4,0,28,0,0,0,0,0,0,55.6,5,0,0.0,0,0,0,0,15.1,11,73,0,0.0,0,0,0,0,44.4,4,0,0.0,0,0,0,0,0,0
Denzel Perryman,9481,LB,LAC,11,0,27,0,0,0,0,0,0,20.0,1,0,0.0,0,0,0,0,3.0,5,165,0,0.0,0,0,0,0,80.0,4,0,0.0,0,0,0,0,0,0
Quandre Diggs,9633,S,SEA,9,0,29,0,0,0,0,0,0,20.0,1,0,0.0,0,0,0,0,2.7,5,186,0,0.0,0,0,0,0,80.0,4,0,0.0,0,0,0,0,0,0
Neville Hewitt,9836,LB,NYG,1,0,21,0,0,0,0,0,0,0.0,0,0,,0,0,0,0,25.0,1,4,0,0.0,0,0,0,0,100.0,1,0,0.0,0,0,0,0,0,0
Quinton Jefferson,10781,DI,DET,1,0,11,0,0,0,0,0,0,50.0,5,0,0.0,0,0,0,0,91.7,11,12,0,0.0,0,0,0,0,50.0,5,0,0.0,0,0,0,0,0,0
Jalen Mills,10867,S,DET,5,0,11,0,0,0,0,0,0,0.0,0,0,,0,0,0,0,1.3,1,77,0,0.0,0,0,0,0,100.0,1,0,0.0,0,0,0,0,0,0
Morgan Fox,11184,DI,BUF,1,0,4,0,0,0,0,0,0,0.0,0,0,,0,0,0,0,100.0,4,4,0,0.0,0,0,0,0,100.0,4,0,0.0,0,0,0,0,0,0
Malik Hooker,11770,S,DAL,12,0,9,0,0,0,0,0,0,100.0,2,0,0.0,0,0,0,0,0.6,2,351,0,0.0,0,0,0,0,0.0,0,0,,0,0,0,0,0,0
DeMarcus Walker,11806,ED,WAS,1,1,32,0,0,0,0,0,0,28.6,2,0,0.0,0,0,0,0,100.0,7,7,0,0.0,1,0,0,0,71.4,5,0,0.0,0,0,0,0,0,0
Carl Lawson,11871,ED,BLT,1,0,3,0,0,0,0,0,0,58.3,7,0,0.0,0,0,0,0,85.7,12,14,0,0.0,0,0,0,0,41.7,5,0,0.0,0,0,0,0,0,0
Carlos Watkins,11897,DI,TEN,3,0,31,0,0,0,0,0,0,22.2,2,0,0.0,0,0,0,0,100.0,9,9,0,0.0,0,0,0,0,77.8,7,0,0.0,0,0,0,0,0,0
Chuck Clark,11941,S,PIT,13,0,25,0,0,0,0,0,0,75.0,3,0,0.0,0,0,0,0,1.4,4,278,0,0.0,0,0,0,0,25.0,1,0,0.0,0,0,0,0,0,0
Xavier Woods,11946,S,TEN,11,0,31,0,0,0,0,0,0,33.3,3,0,0.0,0,0,0,0,3.0,9,296,0,0.0,0,0,0,0,66.7,6,0,0.0,0,0,0,0,0,0
Arthur Maulet,12224,CB,DET,6,0,11,0,0,0,0,0,0,66.7,4,0,0.0,0,0,0,0,7.1,6,84,0,0.0,0,0,0,0,33.3,2,0,0.0,0,0,0,0,0,0
Dare Ogunbowale,12329,HB,HST,1,0,13,0,0,0,0,0,0,,0,0,,0,0,0,0,100.0,1,1,0,0.0,0,0,0,0,,0,0,,0,0,0,0,0,0
Jeremiah Moon,26453,ED,PIT,1,0,25,0,0,0,0,0,0,42.9,3,0,0.0,0,0,0,0,63.6,7,11,0,0.0,0,0,0,0,57.1,4,0,0.0,0,0,0,0,0,0
D.J. Reed,26940,CB,DET,11,0,11,0,0,0,0,0,0,0.0,0,0,,0,0,0,0,0.3,1,346,0,0.0,0,0,0,0,100.0,1,0,0.0,0,0,0,0,0,0
Isaiah Rodgers,27069,CB,MIN,17,0,18,0,0,0,0,0,0,100.0,3,0,0.0,0,0,0,0,0.6,3,496,0,0.0,0,0,0,0,0.0,0,0,,0,0,0,0,0,0
Brenden Schooler,28253,S,NE,5,0,19,0,0,0,0,0,0,100.0,2,0,0.0,0,0,0,0,6.9,2,29,0,0.0,0,0,0,0,0.0,0,0,,0,0,0,0,0,0
Bilal Nichols,28451,DI,ARZ,4,0,1,0,0,0,0,0,0,60.6,20,0,0.0,0,0,0,0,100.0,33,33,0,0.0,0,0,0,0,39.4,13,0,0.0,0,0,0,0,0,0
Chris Board,29456,LB,NYG,1,0,21,0,0,0,0,0,0,100.0,1,0,0.0,0,0,0,0,16.7,1,6,0,0.0,0,0,0,0,0.0,0,0,,0,0,0,0,0,0
Josh Butler,35097,CB,DAL,1,0,9,0,0,0,0,0,0,0.0,0,0,,0,0,0,0,9.1,1,11,0,0.0,0,0,0,0,100.0,1,0,0.0,0,0,0,0,0,0
Darrell Taylor,36001,ED,HST,4,0,13,0,0,0,0,0,0,60.0,9,0,0.0,0,0,0,0,93.8,15,16,0,0.0,0,0,0,0,40.0,6,0,0.0,0,0,0,0,0,0
Shy Tuttle,37279,DI,WAS,12,0,32,0,0,0,0,0,0,45.0,27,0,0.0,0,0,0,0,100.0,67,67,0,0.0,0,0,0,0,55.0,33,0,0.0,0,0,0,0,0,0
Troy Reeder,38268,LB,LA,5,0,26,0,0,0,0,0,0,0.0,0,0,,0,0,0,0,2.1,1,47,0,0.0,0,0,0,0,100.0,1,0,0.0,0,0,0,0,0,0
Maurice Hurst,38563,DI,CLV,1,0,8,0,0,0,0,0,0,0.0,0,0,,0,0,0,0,100.0,2,2,0,0.0,0,0,0,0,100.0,2,0,0.0,0,0,0,0,0,0
L'Jarius Sneed,40588,CB,TEN,7,0,31,0,0,0,0,0,0,0.0,0,0,,0,0,0,0,0.5,1,188,0,0.0,0,0,0,0,100.0,1,0,0.0,0,0,0,0,0,0
Amen Ogbongbemiga,42449,LB,CHI,4,0,6,0,0,0,0,0,0,37.5,3,0,0.0,0,0,0,0,22.2,8,36,0,0.0,0,0,0,0,62.5,5,0,0.0,0,0,0,0,0,0
K'Von Wallace,42467,S,HST,2,0,13,0,0,0,0,0,0,0.0,0,0,,0,0,0,0,1.4,1,71,0,0.0,0,0,0,0,100.0,1,0,0.0,0,0,0,0,0,0
Daniel Thomas,42544,S,DET,6,0,11,0,0,0,0,0,0,100.0,1,0,0.0,0,0,0,0,1.7,1,60,0,0.0,0,0,0,0,0.0,0,0,,0,0,0,0,0,0
Krys Barnes,42548,LB,CAR,3,1,5,0,0,1,0,0,0,75.0,6,0,0.0,0,0,0,0,12.7,9,71,0,0.0,0,0,0,0,25.0,2,0,0.0,0,0,0,0,0,0
Curtis Robinson,42871,LB,SF,8,0,28,0,0,0,0,0,0,52.9,9,0,0.0,0,0,1,0,11.0,17,155,0,0.0,0,0,0,0,47.1,8,0,0.0,0,1,1,0,1,2
Kristian Fulton,42894,CB,KC,8,0,16,0,0,0,0,0,0,0.0,0,0,,0,0,0,0,0.8,1,124,0,0.0,0,0,0,0,100.0,1,0,0.0,0,0,0,0,0,0
Joe Bachie,43250,LB,TEN,5,0,31,0,0,0,0,0,0,50.0,5,0,0.0,0,0,0,0,12.0,10,83,0,0.0,0,0,0,0,50.0,5,0,0.0,0,0,0,0,0,0
William Kwenkeu,43510,LB,BLT,1,0,3,0,0,0,0,0,0,,0,0,,0,0,0,0,50.0,1,2,0,0.0,0,0,0,0,,0,0,,0,0,0,0,0,0
Sam Franklin Jr.,43580,S,BUF,2,0,4,0,0,0,0,0,0,,0,0,,0,0,0,0,33.3,1,3,0,0.0,0,0,0,0,,0,0,,0,0,0,0,0,0
Kyzir White,44485,LB,TEN,1,0,31,0,0,0,0,0,0,100.0,1,0,0.0,0,0,0,0,14.3,1,7,0,0.0,0,0,0,0,0.0,0,0,,0,0,0,0,0,0
Jack Heflin,44570,DI,LA,1,0,26,0,0,0,0,0,0,0.0,0,0,,0,0,0,0,100.0,9,9,0,0.0,0,0,0,0,100.0,8,0,0.0,0,0,1,0,0,1
Terrell Burgess,45255,S,NO,15,0,20,0,0,0,0,0,0,100.0,1,0,0.0,0,0,0,0,1.8,1,55,0,0.0,0,0,0,0,0.0,0,0,,0,0,0,0,0,0
Marlon Davidson,48741,DI,HST,1,0,13,0,0,0,0,0,0,25.0,1,0,0.0,0,0,0,0,100.0,4,4,0,0.0,0,0,0,0,75.0,3,0,0.0,0,0,0,0,0,0
Elijah Campbell,49190,S,MIA,3,0,17,0,0,0,0,0,0,0.0,0,0,,0,0,0,0,10.0,1,10,0,0.0,0,0,0,0,100.0,1,0,0.0,0,0,0,0,0,0
Chris Lammons,49368,CB,IND,4,0,14,0,0,0,0,0,0,75.0,3,0,0.0,0,0,0,0,4.7,4,86,0,0.0,0,0,0,0,25.0,1,0,0.0,0,0,0,0,0,0
M.J. Stewart,49397,S,HST,7,0,13,0,0,0,0,0,0,0.0,0,0,,0,0,0,0,1.4,2,144,0,0.0,0,0,0,0,100.0,1,0,0.0,0,0,0,0,0,0
Ogbo Okoronkwo,50130,ED,PHI,1,0,24,0,0,0,0,0,0,0.0,0,0,,0,0,0,1,100.0,2,2,0,0.0,0,0,0,1,100.0,2,0,0.0,0,0,0,0,0,0
Cornell Armstrong,50351,CB,MIA,3,0,17,0,0,0,0,0,0,33.3,1,0,0.0,0,0,0,0,6.5,3,46,0,0.0,0,0,0,0,66.7,2,0,0.0,0,0,0,0,0,0
Isaiah Oliver,50393,S,NYJ,13,0,22,0,0,0,0,0,0,37.5,3,0,0.0,0,0,0,0,4.8,8,168,0,0.0,0,0,0,0,62.5,5,0,0.0,0,0,0,0,0,0
Juan Thornhill,50426,S,JAX,7,0,15,0,0,0,0,0,0,50.0,1,0,0.0,0,0,0,0,1.0,2,204,0,0.0,0,0,0,0,50.0,1,0,0.0,0,0,0,0,0,0
Avonte Maddox,50543,S,DET,8,0,11,0,0,0,0,0,0,0.0,0,0,,0,0,0,0,1.0,2,207,0,0.0,0,0,0,0,100.0,1,0,0.0,0,0,0,0,0,0
Luke Gifford,50675,LB,SF,15,0,28,0,0,0,0,0,0,100.0,1,0,0.0,0,0,0,0,1.9,1,52,0,0.0,0,0,0,0,0.0,0,0,,0,0,0,0,0,0
Jahlani Tavai,51055,LB,NE,15,0,19,0,0,0,0,0,0,55.0,11,0,0.0,0,0,0,0,19.2,23,120,0,0.0,0,0,0,0,45.0,9,0,0.0,0,0,0,0,0,0
P.J. Locke,51189,S,DEN,10,0,10,0,0,0,0,0,0,70.0,7,0,0.0,0,1,1,0,5.5,10,182,0,0.0,0,0,0,0,30.0,3,0,0.0,0,0,0,0,1,1
Fred Warner,51222,LB,SF,6,0,28,0,0,0,0,0,0,50.0,4,0,0.0,0,0,0,0,5.9,11,188,0,0.0,0,0,0,0,50.0,4,0,0.0,0,0,0,0,0,0
Will Harris,51336,S,WAS,9,0,32,0,0,0,0,0,0,0.0,0,0,,0,0,0,0,0.6,2,322,0,0.0,0,0,0,0,100.0,2,0,0.0,0,0,0,0,0,0
Paulson Adebo,52280,CB,NYG,12,0,21,0,0,0,0,0,0,0.0,0,0,,0,0,0,0,0.2,1,432,0,0.0,0,0,0,0,100.0,1,0,0.0,0,0,0,0,0,0
Ja'Sir Taylor,55426,CB,NYJ,5,0,22,0,0,0,0,0,0,0.0,0,0,,0,0,0,0,1.4,1,70,0,0.0,0,0,0,0,100.0,1,0,0.0,0,0,0,0,0,0
Elijah Hicks,55584,S,CHI,9,0,6,0,0,0,0,0,0,77.8,7,0,0.0,0,0,0,0,14.5,9,62,0,0.0,0,0,0,0,22.2,2,0,0.0,0,0,0,0,0,0
Lonnie Johnson Jr.,55615,S,LV,9,0,23,0,0,0,0,0,0,50.0,1,0,0.0,0,0,0,0,1.0,2,202,0,0.0,0,0,0,0,50.0,1,0,0.0,0,0,0,0,0,0
Jeff Okudah,55674,CB,MIN,6,0,18,0,0,0,0,0,0,0.0,0,0,,0,0,0,0,1.5,1,67,0,0.0,0,0,0,0,100.0,1,0,0.0,0,0,0,0,0,0
Tre Brown,55677,CB,NYJ,1,0,22,0,0,0,0,0,0,100.0,1,0,0.0,0,0,0,0,5.0,1,20,0,0.0,0,0,0,0,0.0,0,0,,0,0,0,0,0,0
Deommodore Lenoir,55686,CB,SF,19,0,28,0,0,0,0,0,0,100.0,1,0,0.0,0,0,0,0,0.1,1,675,0,0.0,0,0,0,0,0.0,0,0,,0,0,0,0,0,0
Darious Williams,55724,CB,LA,14,0,26,0,0,0,0,0,0,50.0,1,0,0.0,0,0,0,0,0.6,2,332,0,0.0,0,0,0,0,50.0,1,0,0.0,0,0,0,0,0,0
Ja'Marcus Ingram,55738,CB,HST,8,0,13,0,0,0,0,0,0,100.0,1,0,0.0,0,0,0,0,1.4,1,74,0,0.0,0,0,0,0,0.0,0,0,,0,0,0,0,0,0
Raheem Layne,55960,S,NYG,3,0,21,0,0,0,0,0,0,0.0,0,0,,0,0,0,0,3.4,2,58,0,0.0,0,0,0,0,100.0,2,0,0.0,0,0,0,0,0,0
Reed Blankenship,56065,S,PHI,17,0,24,0,0,0,0,0,0,50.0,1,0,0.0,0,0,0,0,0.5,3,615,0,0.0,0,0,0,0,50.0,1,0,0.0,0,0,0,0,0,0
Jaylon Johnson,56259,CB,CHI,9,0,6,0,0,0,0,0,0,100.0,4,0,0.0,0,0,0,0,1.7,4,233,0,0.0,0,0,0,0,0.0,0,0,,0,0,0,0,0,0
Zach Carter,56349,DI,ARZ,4,0,1,0,0,0,0,0,0,63.4,26,0,0.0,0,0,1,0,100.0,41,41,0,0.0,0,0,0,0,36.6,15,0,0.0,0,0,0,0,0,1
Malik Herring,56616,ED,KC,1,0,16,0,0,0,0,0,0,50.0,1,0,0.0,0,0,0,0,100.0,2,2,0,0.0,0,0,0,0,50.0,1,0,0.0,0,0,0,0,0,0
DJ Johnson,56704,ED,CAR,3,0,5,0,0,0,0,0,0,35.3,6,0,0.0,0,0,0,0,89.5,17,19,0,0.0,0,0,0,0,64.7,11,0,0.0,0,0,0,0,0,0
Kingsley Jonathan,56856,ED,NYJ,1,0,22,0,0,0,0,0,0,66.7,4,0,0.0,0,0,0,0,100.0,6,6,0,0.0,0,0,0,0,33.3,2,0,0.0,0,0,0,0,0,0
Ta'Quon Graham,56868,DI,ATL,2,0,2,0,0,0,0,0,0,46.7,7,0,0.0,0,0,0,0,100.0,18,18,0,0.0,0,0,0,0,53.3,8,0,0.0,0,0,0,0,0,0
DeAngelo Malone,56941,ED,ATL,5,0,2,0,0,0,0,0,0,30.0,3,0,0.0,0,0,0,0,73.3,11,15,0,0.0,0,0,0,0,70.0,7,0,0.0,0,0,0,0,0,0
Marlon Tuipulotu,57035,DI,KC,3,0,16,0,0,0,0,0,0,50.0,4,0,0.0,0,0,0,0,90.0,9,10,0,0.0,0,0,0,0,50.0,4,0,0.0,0,0,0,0,0,0
Ronnie Rivers,57208,HB,LA,1,0,26,0,0,0,0,0,0,,0,0,,0,0,0,0,100.0,1,1,0,0.0,0,0,0,0,,0,0,,0,0,0,0,0,0
K.J. Britt,57727,LB,MIA,7,0,17,0,0,0,0,0,0,25.0,1,0,0.0,0,0,0,0,7.4,6,81,0,0.0,0,0,0,0,75.0,3,0,0.0,0,0,0,0,0,0
Baylon Spector,57782,LB,BUF,2,0,4,0,0,0,0,0,0,66.7,4,0,0.0,0,0,0,0,66.7,6,9,0,0.0,0,0,0,0,33.3,2,0,0.0,0,0,0,0,0,0
Mykal Walker,57834,LB,NYJ,10,0,22,0,0,0,0,0,0,20.0,1,0,0.0,0,0,0,0,10.6,7,66,0,0.0,0,0,0,0,80.0,4,0,0.0,0,0,0,0,0,0
Jake Hummel,57879,LB,BLT,4,0,3,0,0,0,0,0,0,33.3,1,0,0.0,0,0,0,0,26.7,4,15,0,0.0,0,0,0,0,66.7,2,0,0.0,0,0,0,0,0,0
Buddy Johnson,58189,LB,IND,1,0,14,0,0,0,0,0,0,0.0,0,0,,0,0,0,0,12.5,2,16,0,0.0,0,0,0,0,100.0,2,0,0.0,0,0,0,0,0,0
Malcolm Rodriguez,60731,LB,DET,4,0,11,0,0,0,0,0,0,66.7,2,0,0.0,0,0,0,0,8.1,3,37,0,0.0,0,0,0,0,33.3,1,0,0.0,0,0,0,0,0,0
Darren Hall,60742,S,ARZ,7,0,1,0,0,0,0,0,0,50.0,1,0,0.0,0,0,0,0,3.0,2,67,0,0.0,0,0,0,0,50.0,1,0,0.0,0,0,0,0,0,0
Garret Wallow,60761,LB,SF,5,0,28,0,0,0,0,0,0,42.9,3,0,0.0,0,0,0,0,12.3,8,65,0,0.0,0,0,0,0,57.1,4,0,0.0,0,0,0,0,0,0
Charlie Kolar,60917,TE,BLT,1,0,3,0,0,0,0,0,0,,0,0,,0,0,0,0,100.0,1,1,0,0.0,0,0,0,0,,0,0,,0,0,0,0,0,0
Jack Cochrane,63345,LB,KC,6,0,16,0,0,0,0,0,0,100.0,2,0,0.0,0,0,0,0,7.7,2,26,0,0.0,0,0,0,0,0.0,0,0,,0,0,0,0,0,0
Zyon McCollum,66769,CB,TB,13,0,30,0,0,0,0,0,0,50.0,2,0,0.0,0,0,0,0,0.9,4,469,0,0.0,0,0,0,0,50.0,2,0,0.0,0,0,0,0,0,0
Tristin McCollum,66771,S,LV,9,0,23,0,0,0,0,0,0,100.0,1,0,0.0,0,0,0,0,1.2,1,86,0,0.0,0,0,0,0,0.0,0,0,,0,0,0,0,0,0
Justin Watson,66915,WR,HST,1,0,13,0,0,0,0,0,0,,0,0,,0,0,0,0,100.0,1,1,0,0.0,0,0,0,0,,0,0,,0,0,0,0,0,0
Jonathan Owens,66930,S,CHI,10,0,6,0,0,0,0,0,0,50.0,3,0,0.0,0,0,0,0,15.8,6,38,0,0.0,0,0,0,0,50.0,3,0,0.0,0,0,0,0,0,0
Chad Muma,75818,LB,NE,6,0,19,0,0,0,0,0,0,0.0,0,0,,0,0,0,0,10.3,3,29,0,0.0,0,0,0,0,100.0,3,0,0.0,0,0,0,0,0,0
Andre Cisco,76641,S,NYJ,8,0,22,0,0,0,0,0,0,9.1,1,0,0.0,0,0,0,0,4.2,11,259,0,0.0,0,0,0,0,90.9,10,0,0.0,0,0,0,0,0,0
Juanyeh Thomas,76655,S,DAL,5,0,9,0,0,0,0,0,0,0.0,0,0,,0,0,0,1,0.7,1,144,0,0.0,0,0,0,1,100.0,1,0,0.0,0,0,0,0,0,0
DJ Ivey,76670,CB,CIN,11,0,7,0,0,0,0,0,0,100.0,1,0,0.0,0,0,0,0,1.2,1,86,0,0.0,0,0,0,0,0.0,0,0,,0,0,0,0,0,0
Xavier Thomas,76807,ED,ARZ,1,0,1,0,0,0,0,0,0,50.0,1,0,0.0,0,0,0,0,100.0,2,2,0,0.0,0,0,0,0,50.0,1,0,0.0,0,0,0,0,0,0
British Brooks,77714,FB,HST,1,0,13,0,0,0,0,0,0,,0,0,,0,0,0,0,100.0,1,1,0,0.0,0,0,0,0,,0,0,,0,0,0,0,0,0
Damone Clark,81282,LB,HST,7,0,13,0,0,0,0,0,0,33.3,2,0,0.0,0,0,1,0,10.0,6,60,0,0.0,0,0,0,0,66.7,4,0,0.0,0,0,0,0,0,1
Cameron McGrone,81300,LB,CLV,3,0,8,0,0,0,0,0,0,33.3,1,0,0.0,0,0,0,0,10.3,3,29,0,0.0,0,0,0,0,66.7,2,0,0.0,0,0,0,0,0,0
Alec Anderson,81882,G,BUF,1,0,4,0,0,0,0,0,0,,0,0,,0,0,0,0,100.0,1,1,0,0.0,0,0,0,0,,0,0,,0,0,0,0,0,0
Taki Taimani,82468,DI,MIN,2,0,18,0,0,0,0,0,0,70.0,7,0,0.0,0,0,0,0,100.0,10,10,0,0.0,0,0,0,0,30.0,3,0,0.0,0,0,0,0,0,0
Scott Matlock,82482,FB,LAC,2,0,27,0,0,0,0,0,0,33.3,1,0,0.0,0,0,0,0,100.0,3,3,0,0.0,0,0,0,0,66.7,2,0,0.0,0,0,0,0,0,0
Channing Tindall,82548,LB,ARZ,2,0,1,0,0,0,0,0,0,100.0,1,0,0.0,0,0,0,0,33.3,1,3,0,0.0,0,0,0,0,0.0,0,0,,0,0,0,0,0,0
Mekhi Blackmon,83036,CB,IND,17,0,14,0,0,0,0,0,0,100.0,1,0,0.0,0,0,0,0,0.2,1,487,0,0.0,0,0,0,0,0.0,0,0,,0,0,0,0,0,0
Jalyn Armour-Davis,83120,CB,TEN,11,0,31,0,0,0,0,0,0,0.0,0,0,,0,0,0,0,0.3,1,286,0,0.0,0,0,0,0,100.0,1,0,0.0,0,0,0,0,0,0
Sydney Brown,83241,S,PHI,10,0,24,0,0,0,0,0,0,50.0,1,0,0.0,0,0,0,0,1.8,2,109,0,0.0,0,0,0,0,50.0,1,0,0.0,0,0,0,0,0,0
Kaevon Merriweather,83257,S,HST,6,0,13,0,0,0,0,0,0,100.0,1,0,0.0,0,0,0,0,10.0,1,10,0,0.0,0,0,0,0,0.0,0,0,,0,0,0,0,0,0
Riley Moss,83259,CB,DEN,19,0,10,0,0,0,0,0,0,66.7,2,0,0.0,0,0,0,0,0.4,3,751,0,0.0,0,0,0,0,33.3,1,0,0.0,0,0,0,0,0,0
Percy Butler,83271,S,WAS,7,0,32,0,0,0,0,0,0,100.0,1,0,0.0,0,0,0,0,11.1,1,9,0,0.0,0,0,0,0,0.0,0,0,,0,0,0,0,0,0
Christian Izien,83360,S,TB,7,0,30,0,0,0,0,0,0,33.3,1,0,0.0,0,0,0,0,3.2,3,93,0,0.0,0,0,0,0,66.7,2,0,0.0,0,0,0,0,0,0
Jaden Crumedy,83508,DI,CAR,3,0,5,0,0,0,0,0,0,50.0,10,0,0.0,0,0,0,0,100.0,20,20,0,0.0,0,0,0,0,50.0,10,0,0.0,0,0,0,0,0,0
Gabriel Murphy,89099,ED,MIN,1,0,18,0,0,0,0,0,0,100.0,1,0,0.0,0,0,0,0,100.0,1,1,0,0.0,0,0,0,0,0.0,0,0,,0,0,0,0,0,0
Patrick O'Connell,89300,LB,SEA,3,0,29,0,0,0,0,0,0,100.0,1,0,0.0,0,0,0,0,3.1,1,32,0,0.0,0,0,0,0,0.0,0,0,,0,0,0,0,0,0
Brodric Martin,91288,DI,LV,1,0,23,0,0,0,0,0,0,100.0,2,0,0.0,0,0,0,0,100.0,3,3,0,0.0,0,0,0,0,0.0,0,0,,0,0,0,0,0,0
Ashton Dulin,91479,WR,IND,1,0,14,0,0,0,0,0,0,100.0,1,0,0.0,0,0,0,0,100.0,1,1,0,0.0,0,0,0,0,0.0,0,0,,0,0,0,0,0,0
Mike Sainristil,97180,CB,WAS,17,0,32,0,0,0,0,0,0,50.0,3,0,0.0,0,0,0,0,1.0,6,574,0,0.0,0,0,0,0,50.0,3,0,0.0,0,0,0,0,0,0
Jaden Davis,97250,CB,ARZ,3,0,1,0,0,0,0,0,0,50.0,1,0,0.0,0,0,0,0,8.0,2,25,0,0.0,0,0,0,0,50.0,1,0,0.0,0,0,0,0,0,0
Jordan Clark,97324,CB,NYJ,4,0,22,0,0,0,0,0,0,0.0,0,0,,0,0,0,0,1.1,1,93,0,0.0,0,0,0,0,100.0,1,0,0.0,0,0,0,0,0,0
Thomas Harper,97325,S,DET,10,0,11,0,0,0,0,0,0,50.0,1,0,0.0,0,0,0,0,0.7,2,268,0,0.0,0,0,0,0,50.0,1,0,0.0,0,0,0,0,0,0
Cameron Mitchell,97340,CB,IND,10,0,14,0,0,0,0,0,0,0.0,0,0,,0,0,0,0,0.6,1,164,0,0.0,0,0,0,0,100.0,1,0,0.0,0,0,0,0,0,0
Dadrion Taylor-Demerson,97348,S,ARZ,12,0,1,0,0,0,0,0,0,50.0,2,0,0.0,0,0,0,0,1.4,4,278,0,0.0,0,0,0,0,50.0,2,0,0.0,0,0,0,0,0,0
Christian Roland-Wallace,97374,S,KC,10,0,16,0,0,0,0,0,0,80.0,4,0,0.0,0,0,0,0,4.1,5,123,0,0.0,0,0,0,0,20.0,1,0,0.0,0,0,0,0,0,0
Mohamed Kamara,97731,ED,TB,1,0,30,0,0,0,0,0,0,100.0,2,0,0.0,0,0,0,0,66.7,2,3,0,0.0,0,0,0,0,0.0,0,0,,0,0,0,0,0,0
Jack Kiser,97889,LB,JAX,4,0,15,0,0,0,0,0,0,100.0,2,0,0.0,0,0,0,0,6.3,2,32,0,0.0,0,0,0,0,0.0,0,0,,0,0,0,0,0,0
Levelle Bailey,97956,LB,DEN,1,0,10,0,0,0,0,0,0,0.0,0,0,,0,0,0,0,25.0,2,8,0,0.0,0,0,0,0,100.0,2,0,0.0,0,0,0,0,0,0
Jahfari Harvey,98118,ED,LV,2,1,23,0,0,1,0,0,0,66.7,10,0,0.0,0,0,0,0,100.0,15,15,0,0.0,0,0,0,0,33.3,5,0,0.0,0,0,0,0,0,0
Derek Stingley Jr.,98253,CB,HST,19,0,13,0,0,0,0,0,0,100.0,3,0,0.0,0,0,0,0,0.5,3,618,0,0.0,0,0,0,0,0.0,0,0,,0,0,0,0,0,0
Swayze Bozeman,98634,LB,NYG,3,0,21,0,0,0,0,0,0,100.0,2,0,0.0,0,0,0,0,10.0,2,20,0,0.0,0,0,0,0,0.0,0,0,,0,0,0,0,0,0
Nick Jackson,98640,LB,TB,1,0,30,0,0,0,0,0,0,0.0,0,0,,0,0,0,0,25.0,2,8,0,0.0,0,0,0,0,100.0,1,0,0.0,0,0,0,0,0,0
Kaiir Elam,98693,CB,TEN,12,0,31,0,0,0,0,0,0,100.0,1,0,0.0,0,0,0,0,0.3,1,315,0,0.0,0,0,0,0,0.0,0,0,,0,0,0,0,0,0
Cor'Dale Flott,98834,CB,NYG,14,0,21,0,0,0,0,0,0,0.0,0,0,,0,0,0,0,0.2,1,459,0,0.0,0,0,0,0,100.0,1,0,0.0,0,0,0,0,0,0
DeMarvin Leal,98919,ED,PIT,3,0,25,0,0,0,0,0,0,0.0,0,0,,0,0,0,0,81.8,9,11,0,0.0,0,0,0,0,100.0,9,0,0.0,0,0,0,0,0,0
Christian Harris,98996,LB,HST,7,0,13,0,0,0,0,0,0,100.0,1,0,0.0,0,0,0,0,4.5,2,44,0,0.0,0,0,0,0,0.0,0,0,,0,0,0,0,0,0
Owen Pappoe,99006,LB,ARZ,3,0,1,0,0,0,0,0,0,0.0,0,0,,0,0,0,0,2.5,1,40,0,0.0,0,0,0,0,100.0,1,0,0.0,0,0,0,0,0,0
Tyler Owens,99271,S,WAS,6,0,32,0,0,0,0,0,0,60.0,3,0,0.0,0,0,0,0,12.8,5,39,0,0.0,0,0,0,0,40.0,2,0,0.0,0,0,0,0,0,0
Jordan Jefferson,99325,DI,CIN,2,0,7,0,0,0,0,0,0,60.0,6,0,0.0,0,0,0,0,100.0,10,10,0,0.0,0,0,0,0,40.0,4,0,0.0,0,0,0,0,0,0
Gabe Hall,99350,DI,PHI,2,0,24,0,0,0,0,0,0,40.0,2,0,0.0,0,0,0,0,100.0,5,5,0,0.0,0,0,0,0,60.0,3,0,0.0,0,0,0,0,0,0
Jarvis Brownlee Jr.,99734,CB,NYJ,9,0,22,0,0,0,0,0,0,50.0,3,0,0.0,0,0,0,0,2.5,6,244,0,0.0,0,0,0,0,50.0,3,0,0.0,0,0,0,0,0,0
Derrick McLendon II,99810,ED,MIA,1,0,17,0,0,0,0,0,0,37.5,3,0,0.0,0,0,0,0,100.0,8,8,0,0.0,0,0,0,0,62.5,5,0,0.0,0,0,0,0,0,0
Deonte Banks,101384,CB,NYG,14,0,21,0,0,0,0,0,0,0.0,0,0,,0,0,0,0,0.4,1,260,0,0.0,0,0,0,0,100.0,1,0,0.0,0,0,0,0,0,0
Maema Njongmeta,101465,LB,CAR,1,0,5,0,0,0,0,0,0,100.0,1,0,0.0,0,0,0,0,33.3,1,3,0,0.0,0,0,0,0,0.0,0,0,,0,0,0,0,0,0
Tommy Eichenberg,101488,LB,LV,8,0,23,0,0,0,0,0,0,60.0,3,0,0.0,0,0,0,0,10.2,5,49,0,0.0,0,0,0,0,40.0,2,0,0.0,0,0,0,0,0,0
Alijah Huzzie,101807,CB,HST,1,0,13,0,0,0,0,0,0,100.0,1,0,0.0,0,0,0,0,7.7,1,13,0,0.0,0,0,0,0,0.0,0,0,,0,0,0,0,0,0
JD Bertrand,102787,LB,ATL,5,0,2,0,0,0,0,0,0,50.0,2,0,0.0,0,0,0,0,5.8,5,86,0,0.0,0,0,0,0,50.0,2,0,0.0,0,0,0,0,0,0
Branson Combs,105001,LB,JAX,4,0,15,0,0,0,0,0,0,75.0,3,0,0.0,0,0,0,0,17.4,4,23,0,0.0,0,0,0,0,25.0,1,0,0.0,0,0,0,0,0,0
Tyler Batty,122052,ED,MIN,4,0,18,0,0,0,0,0,0,80.0,8,0,0.0,0,0,0,0,100.0,10,10,0,0.0,0,0,0,0,20.0,2,0,0.0,0,0,0,0,0,0
R.J. Mickens,122153,S,LAC,11,0,27,0,0,0,0,0,0,0.0,0,0,,0,0,0,0,0.4,1,230,0,0.0,0,0,0,0,100.0,1,0,0.0,0,0,0,0,0,0
Jared Ivey,122480,ED,SEA,2,0,29,0,0,0,0,0,0,22.2,2,0,0.0,0,0,0,0,100.0,9,9,0,0.0,0,0,0,0,77.8,7,0,0.0,0,0,0,0,0,0
Kyle Kennard,122483,ED,LAC,5,0,27,0,0,0,0,0,0,65.0,26,0,0.0,0,0,0,0,87.0,40,46,0,0.0,0,0,0,0,35.0,14,0,0.0,0,0,0,0,0,0
Rylie Mills,122907,DI,SEA,5,1,29,0,0,0,0,0,0,18.2,2,0,0.0,0,0,0,0,100.0,11,11,0,0.0,1,0,0,0,81.8,9,0,0.0,0,0,0,0,0,0
Marlowe Wax,123057,LB,LAC,1,0,27,0,0,0,0,0,0,100.0,3,0,0.0,0,1,1,0,18.2,4,22,0,0.0,0,0,0,0,0.0,0,0,,0,0,0,0,1,1
Jahdae Barron,123105,CB,DEN,19,0,10,0,0,0,0,0,0,55.6,5,0,0.0,0,0,0,0,3.7,9,244,0,0.0,0,0,0,0,44.4,4,0,0.0,0,0,0,0,0,0
Vernon Broughton,123107,DI,NO,1,2,20,0,0,2,0,0,0,46.2,6,0,0.0,0,0,0,0,100.0,13,13,0,0.0,0,0,0,0,53.8,7,0,0.0,0,0,0,0,0,0
Kitan Crawford,123111,S,ARZ,12,0,1,0,0,0,0,0,0,100.0,2,0,0.0,0,0,0,0,2.4,2,82,0,0.0,0,0,0,0,0.0,0,0,,0,0,0,0,0,0
Cam Horsley,123541,DI,TEN,1,0,31,0,0,0,0,0,0,50.0,3,0,0.0,0,0,0,0,100.0,6,6,0,0.0,0,0,0,0,50.0,3,0,0.0,0,0,0,0,0,0
Malachi Moore,123928,S,NYJ,17,0,22,0,0,0,0,0,0,100.0,12,0,0.0,0,0,0,0,2.4,12,496,0,0.0,0,0,0,0,0.0,0,0,,0,0,0,0,0,0
Emmanuel Forbes,124166,CB,LA,20,0,26,0,0,0,0,0,0,50.0,2,0,0.0,0,0,0,0,0.7,4,546,0,0.0,0,0,0,0,50.0,2,0,0.0,0,0,0,0,0,0
Jaylon Carlies,124196,LB,IND,1,0,14,0,0,0,0,0,0,0.0,0,0,,0,0,0,0,50.0,1,2,0,0.0,0,0,0,0,100.0,1,0,0.0,0,0,0,0,0,0
Fadil Diggs,124314,ED,NO,4,0,20,0,0,0,0,0,0,0.0,0,0,,0,0,0,0,73.7,14,19,0,0.0,0,0,0,0,100.0,14,0,0.0,0,0,0,0,0,0
Jaylon Jones,124328,CB,IND,9,0,14,0,0,0,0,0,0,0.0,0,0,,0,0,0,0,1.7,2,121,0,0.0,0,0,0,0,100.0,2,0,0.0,0,0,0,0,0,0
Reuben Lowery III,129393,S,IND,3,0,14,0,0,0,0,0,0,100.0,2,0,0.0,0,0,0,0,5.1,2,39,0,0.0,0,0,0,0,0.0,0,0,,0,0,0,0,0,0
Jay Higgins,129469,LB,BLT,1,0,3,0,0,0,0,0,0,0.0,0,0,,0,0,0,0,25.0,1,4,0,0.0,0,0,0,0,100.0,1,0,0.0,0,0,0,0,0,0
Ruben Hyppolite II,129516,LB,CHI,4,0,6,0,0,0,0,0,0,100.0,2,0,0.0,0,0,0,0,20.0,2,10,0,0.0,0,0,0,0,0.0,0,0,,0,0,0,0,0,0
Max Melton,129889,CB,ARZ,9,0,1,0,0,0,0,0,0,100.0,1,0,0.0,0,0,0,0,0.4,1,241,0,0.0,0,0,0,0,0.0,0,0,,0,0,0,0,0,0
Shaun Dolac,130406,LB,LA,3,0,26,0,0,0,0,0,0,33.3,1,0,0.0,0,0,0,0,18.2,4,22,0,0.0,0,0,0,0,66.7,2,0,0.0,0,0,0,0,0,0
Shemar Turner,131273,ED,CHI,5,0,6,0,0,0,0,0,0,12.5,4,0,0.0,0,0,0,0,94.1,32,34,0,0.0,0,0,0,0,87.5,28,0,0.0,0,0,0,0,0,0
Christian Gonzalez,131679,CB,NE,17,0,19,0,0,0,0,0,0,0.0,0,0,,0,0,0,0,0.4,2,566,0,0.0,0,0,0,0,100.0,2,0,0.0,0,0,0,0,0,0
Connor O'Toole,131869,ED,SEA,4,0,29,0,0,0,0,0,0,25.0,2,0,0.0,0,0,0,0,88.9,8,9,0,0.0,0,0,0,0,75.0,6,0,0.0,0,0,0,0,0,0
Cooper McDonald,131903,ED,KC,4,0,16,0,0,0,0,0,0,66.7,2,0,0.0,0,0,0,0,18.2,4,22,0,0.0,0,0,0,0,33.3,1,0,0.0,0,0,0,0,0,0
CJ Ravenell,134584,DI,TEN,11,0,31,0,0,0,0,0,0,65.8,25,0,0.0,0,0,1,0,100.0,38,38,0,0.0,0,0,0,0,34.2,13,0,0.0,0,0,0,0,0,1
Nate Wiggins,144143,CB,BLT,17,0,3,0,0,0,0,0,0,50.0,1,0,0.0,0,0,0,0,0.3,2,656,0,0.0,0,0,0,0,50.0,1,0,0.0,0,0,0,0,0,0
Rayuan Lane III,144326,S,JAX,11,0,15,0,0,0,0,0,0,66.7,2,0,0.0,0,0,0,0,3.4,3,89,0,0.0,0,0,0,0,33.3,1,0,0.0,0,0,0,0,0,0
Ethan Downs,144636,ED,KC,1,0,16,0,0,0,0,0,0,100.0,5,0,0.0,0,0,0,0,100.0,5,5,0,0.0,0,0,0,0,0.0,0,0,,0,0,0,0,0,0
Kendell Brooks,144946,S,TEN,5,0,31,0,0,0,0,0,0,50.0,1,0,0.0,0,0,0,0,2.2,2,89,0,0.0,0,0,0,0,50.0,1,0,0.0,0,0,0,0,0,0
Denzel Burke,145070,CB,ARZ,15,0,1,0,0,0,0,0,0,0.0,0,0,,0,0,0,0,0.3,1,378,0,0.0,0,0,0,0,100.0,1,0,0.0,0,0,0,0,0,0
Jaylen Reed,145100,S,HST,5,0,13,0,0,0,0,0,0,0.0,0,0,,0,0,0,0,1.8,2,112,0,0.0,0,0,0,0,100.0,2,0,0.0,0,0,0,0,0,0
Bo Richter,145962,ED,MIN,6,0,18,0,0,0,0,0,0,18.2,2,0,0.0,0,0,0,0,64.7,11,17,0,0.0,0,0,0,0,81.8,9,0,0.0,0,0,0,0,0,0
Nikko Reed,146321,CB,LAC,5,0,27,0,0,0,0,0,0,100.0,1,0,0.0,0,0,0,0,2.5,1,40,0,0.0,0,0,0,0,0.0,0,0,,0,0,0,0,0,0
Kool-Aid McKinstry,146602,CB,NO,17,0,20,0,0,0,0,0,0,100.0,1,0,0.0,0,0,0,0,0.2,1,565,0,0.0,0,0,0,0,0.0,0,0,,0,0,0,0,0,0
Terrion Arnold,146603,CB,DET,8,0,11,0,0,0,0,0,0,0.0,0,0,,0,0,0,0,0.5,1,194,0,0.0,0,0,0,0,100.0,1,0,0.0,0,0,0,0,0,0
Smael Mondon Jr.,146725,LB,PHI,1,0,24,0,0,0,0,0,0,0.0,0,0,,0,0,0,0,25.0,1,4,0,0.0,0,0,0,0,100.0,1,0,0.0,0,0,0,0,0,0
Javon Bullard,146726,S,GB,18,1,12,0,0,0,0,0,0,53.8,7,0,0.0,0,0,0,0,2.7,13,486,0,0.0,1,0,0,0,46.2,6,0,0.0,0,0,0,0,0,0
Landon Jackson,146784,ED,BUF,2,0,4,0,0,0,0,0,0,91.7,11,0,0.0,0,0,0,0,92.3,12,13,0,0.0,0,0,0,0,8.3,1,0,0.0,0,0,0,0,0,0
Cam'Ron Silmon-Craig,150938,S,JAX,2,0,15,0,0,0,0,0,0,100.0,2,0,0.0,0,0,0,0,10.5,2,19,0,0.0,0,0,0,0,0.0,0,0,,0,0,0,0,0,0
Haggai Ndubuisi,156132,DI,HST,1,0,13,0,0,0,0,0,0,50.0,1,0,0.0,0,0,0,0,100.0,2,2,0,0.0,0,0,0,0,50.0,1,0,0.0,0,0,0,0,0,0
Azareye'h Thomas,156277,CB,NYJ,7,0,22,0,0,0,0,0,0,100.0,1,0,0.0,0,0,0,0,0.7,1,153,0,0.0,0,0,0,0,0.0,0,0,,0,0,0,0,0,0
Qwan'tez Stiggers,169764,CB,NYJ,6,0,22,0,0,0,0,0,0,100.0,1,0,0.0,0,0,0,0,0.7,1,147,0,0.0,0,0,0,0,0.0,0,0,,0,0,0,0,0,0
