player,player_id,position,team_name,player_game_count,base_targets,behind_los_avg_depth_of_target,behind_los_avoided_tackles,behind_los_caught_percent,behind_los_contested_catch_rate,behind_los_contested_receptions,behind_los_contested_targets,behind_los_drop_rate,behind_los_drops,behind_los_first_downs,behind_los_fumbles,behind_los_grades_hands_drop,behind_los_grades_pass_route,behind_los_interceptions,behind_los_longest,behind_los_pass_block_rate,behind_los_pass_blocks,behind_los_pass_plays,behind_los_receptions,behind_los_route_rate,behind_los_routes,behind_los_targeted_qb_rating,behind_los_targets,behind_los_targets_percent,behind_los_touchdowns,behind_los_yards,behind_los_yards_after_catch,behind_los_yards_after_catch_per_reception,behind_los_yards_per_reception,behind_los_yprr,center_behind_los_avg_depth_of_target,center_behind_los_avoided_tackles,center_behind_los_caught_percent,center_behind_los_contested_catch_rate,center_behind_los_contested_receptions,center_behind_los_contested_targets,center_behind_los_drop_rate,center_behind_los_drops,center_behind_los_first_downs,center_behind_los_fumbles,center_behind_los_grades_hands_drop,center_behind_los_grades_pass_route,center_behind_los_interceptions,center_behind_los_longest,center_behind_los_pass_block_rate,center_behind_los_pass_blocks,center_behind_los_pass_plays,center_behind_los_receptions,center_behind_los_route_rate,center_behind_los_routes,center_behind_los_targeted_qb_rating,center_behind_los_targets,center_behind_los_targets_percent,center_behind_los_touchdowns,center_behind_los_yards,center_behind_los_yards_after_catch,center_behind_los_yards_after_catch_per_reception,center_behind_los_yards_per_reception,center_behind_los_yprr,center_deep_avg_depth_of_target,center_deep_avoided_tackles,center_deep_caught_percent,center_deep_contested_catch_rate,center_deep_contested_receptions,center_deep_contested_targets,center_deep_drop_rate,center_deep_drops,center_deep_first_downs,center_deep_fumbles,center_deep_grades_hands_drop,center_deep_grades_pass_route,center_deep_interceptions,center_deep_longest,center_deep_pass_block_rate,center_deep_pass_blocks,center_deep_pass_plays,center_deep_receptions,center_deep_route_rate,center_deep_routes,center_deep_targeted_qb_rating,center_deep_targets,center_deep_targets_percent,center_deep_touchdowns,center_deep_yards,center_deep_yards_after_catch,center_deep_yards_after_catch_per_reception,center_deep_yards_per_reception,center_deep_yprr,center_medium_avg_depth_of_target,center_medium_avoided_tackles,center_medium_caught_percent,center_medium_contested_catch_rate,center_medium_contested_receptions,center_medium_contested_targets,center_medium_drop_rate,center_medium_drops,center_medium_first_downs,center_medium_fumbles,center_medium_grades_hands_drop,center_medium_grades_pass_route,center_medium_interceptions,center_medium_longest,center_medium_pass_block_rate,center_medium_pass_blocks,center_medium_pass_plays,center_medium_receptions,center_medium_route_rate,center_medium_routes,center_medium_targeted_qb_rating,center_medium_targets,center_medium_targets_percent,center_medium_touchdowns,center_medium_yards,center_medium_yards_after_catch,center_medium_yards_after_catch_per_reception,center_medium_yards_per_reception,center_medium_yprr,center_short_avg_depth_of_target,center_short_avoided_tackles,center_short_caught_percent,center_short_contested_catch_rate,center_short_contested_receptions,center_short_contested_targets,center_short_drop_rate,center_short_drops,center_short_first_downs,center_short_fumbles,center_short_grades_hands_drop,center_short_grades_pass_route,center_short_interceptions,center_short_longest,center_short_pass_block_rate,center_short_pass_blocks,center_short_pass_plays,center_short_receptions,center_short_route_rate,center_short_routes,center_short_targeted_qb_rating,center_short_targets,center_short_targets_percent,center_short_touchdowns,center_short_yards,center_short_yards_after_catch,center_short_yards_after_catch_per_reception,center_short_yards_per_reception,center_short_yprr,declined_penalties,deep_avg_depth_of_target,deep_avoided_tackles,deep_caught_percent,deep_contested_catch_rate,deep_contested_receptions,deep_contested_targets,deep_drop_rate,deep_drops,deep_first_downs,deep_fumbles,deep_grades_hands_drop,deep_grades_pass_route,deep_interceptions,deep_longest,deep_pass_block_rate,deep_pass_blocks,deep_pass_plays,deep_receptions,deep_route_rate,deep_routes,deep_targeted_qb_rating,deep_targets,deep_targets_percent,deep_touchdowns,deep_yards,deep_yards_after_catch,deep_yards_after_catch_per_reception,deep_yards_per_reception,deep_yprr,franchise_id,left_behind_los_avg_depth_of_target,left_behind_los_avoided_tackles,left_behind_los_caught_percent,left_behind_los_contested_catch_rate,left_behind_los_contested_receptions,left_behind_los_contested_targets,left_behind_los_drop_rate,left_behind_los_drops,left_behind_los_first_downs,left_behind_los_fumbles,left_behind_los_grades_hands_drop,left_behind_los_grades_pass_route,left_behind_los_interceptions,left_behind_los_longest,left_behind_los_pass_block_rate,left_behind_los_pass_blocks,left_behind_los_pass_plays,left_behind_los_receptions,left_behind_los_route_rate,left_behind_los_routes,left_behind_los_targeted_qb_rating,left_behind_los_targets,left_behind_los_targets_percent,left_behind_los_touchdowns,left_behind_los_yards,left_behind_los_yards_after_catch,left_behind_los_yards_after_catch_per_reception,left_behind_los_yards_per_reception,left_behind_los_yprr,left_deep_avg_depth_of_target,left_deep_avoided_tackles,left_deep_caught_percent,left_deep_contested_catch_rate,left_deep_contested_receptions,left_deep_contested_targets,left_deep_drop_rate,left_deep_drops,left_deep_first_downs,left_deep_fumbles,left_deep_grades_hands_drop,left_deep_grades_pass_route,left_deep_interceptions,left_deep_longest,left_deep_pass_block_rate,left_deep_pass_blocks,left_deep_pass_plays,left_deep_receptions,left_deep_route_rate,left_deep_routes,left_deep_targeted_qb_rating,left_deep_targets,left_deep_targets_percent,left_deep_touchdowns,left_deep_yards,left_deep_yards_after_catch,left_deep_yards_after_catch_per_reception,left_deep_yards_per_reception,left_deep_yprr,left_medium_avg_depth_of_target,left_medium_avoided_tackles,left_medium_caught_percent,left_medium_contested_catch_rate,left_medium_contested_receptions,left_medium_contested_targets,left_medium_drop_rate,left_medium_drops,left_medium_first_downs,left_medium_fumbles,left_medium_grades_hands_drop,left_medium_grades_pass_route,left_medium_interceptions,left_medium_longest,left_medium_pass_block_rate,left_medium_pass_blocks,left_medium_pass_plays,left_medium_receptions,left_medium_route_rate,left_medium_routes,left_medium_targeted_qb_rating,left_medium_targets,left_medium_targets_percent,left_medium_touchdowns,left_medium_yards,left_medium_yards_after_catch,left_medium_yards_after_catch_per_reception,left_medium_yards_per_reception,left_medium_yprr,left_short_avg_depth_of_target,left_short_avoided_tackles,left_short_caught_percent,left_short_contested_catch_rate,left_short_contested_receptions,left_short_contested_targets,left_short_drop_rate,left_short_drops,left_short_first_downs,left_short_fumbles,left_short_grades_hands_drop,left_short_grades_pass_route,left_short_interceptions,left_short_longest,left_short_pass_block_rate,left_short_pass_blocks,left_short_pass_plays,left_short_receptions,left_short_route_rate,left_short_routes,left_short_targeted_qb_rating,left_short_targets,left_short_targets_percent,left_short_touchdowns,left_short_yards,left_short_yards_after_catch,left_short_yards_after_catch_per_reception,left_short_yards_per_reception,left_short_yprr,medium_avg_depth_of_target,medium_avoided_tackles,medium_caught_percent,medium_contested_catch_rate,medium_contested_receptions,medium_contested_targets,medium_drop_rate,medium_drops,medium_first_downs,medium_fumbles,medium_grades_hands_drop,medium_grades_pass_route,medium_interceptions,medium_longest,medium_pass_block_rate,medium_pass_blocks,medium_pass_plays,medium_receptions,medium_route_rate,medium_routes,medium_targeted_qb_rating,medium_targets,medium_targets_percent,medium_touchdowns,medium_yards,medium_yards_after_catch,medium_yards_after_catch_per_reception,medium_yards_per_reception,medium_yprr,penalties,right_behind_los_avg_depth_of_target,right_behind_los_avoided_tackles,right_behind_los_caught_percent,right_behind_los_contested_catch_rate,right_behind_los_contested_receptions,right_behind_los_contested_targets,right_behind_los_drop_rate,right_behind_los_drops,right_behind_los_first_downs,right_behind_los_fumbles,right_behind_los_grades_hands_drop,right_behind_los_grades_pass_route,right_behind_los_interceptions,right_behind_los_longest,right_behind_los_pass_block_rate,right_behind_los_pass_blocks,right_behind_los_pass_plays,right_behind_los_receptions,right_behind_los_route_rate,right_behind_los_routes,right_behind_los_targeted_qb_rating,right_behind_los_targets,right_behind_los_targets_percent,right_behind_los_touchdowns,right_behind_los_yards,right_behind_los_yards_after_catch,right_behind_los_yards_after_catch_per_reception,right_behind_los_yards_per_reception,right_behind_los_yprr,right_deep_avg_depth_of_target,right_deep_avoided_tackles,right_deep_caught_percent,right_deep_contested_catch_rate,right_deep_contested_receptions,right_deep_contested_targets,right_deep_drop_rate,right_deep_drops,right_deep_first_downs,right_deep_fumbles,right_deep_grades_hands_drop,right_deep_grades_pass_route,right_deep_interceptions,right_deep_longest,right_deep_pass_block_rate,right_deep_pass_blocks,right_deep_pass_plays,right_deep_receptions,right_deep_route_rate,right_deep_routes,right_deep_targeted_qb_rating,right_deep_targets,right_deep_targets_percent,right_deep_touchdowns,right_deep_yards,right_deep_yards_after_catch,right_deep_yards_after_catch_per_reception,right_deep_yards_per_reception,right_deep_yprr,right_medium_avg_depth_of_target,right_medium_avoided_tackles,right_medium_caught_percent,right_medium_contested_catch_rate,right_medium_contested_receptions,right_medium_contested_targets,right_medium_drop_rate,right_medium_drops,right_medium_first_downs,right_medium_fumbles,right_medium_grades_hands_drop,right_medium_grades_pass_route,right_medium_interceptions,right_medium_longest,right_medium_pass_block_rate,right_medium_pass_blocks,right_medium_pass_plays,right_medium_receptions,right_medium_route_rate,right_medium_routes,right_medium_targeted_qb_rating,right_medium_targets,right_medium_targets_percent,right_medium_touchdowns,right_medium_yards,right_medium_yards_after_catch,right_medium_yards_after_catch_per_reception,right_medium_yards_per_reception,right_medium_yprr,right_short_avg_depth_of_target,right_short_avoided_tackles,right_short_caught_percent,right_short_contested_catch_rate,right_short_contested_receptions,right_short_contested_targets,right_short_drop_rate,right_short_drops,right_short_first_downs,right_short_fumbles,right_short_grades_hands_drop,right_short_grades_pass_route,right_short_interceptions,right_short_longest,right_short_pass_block_rate,right_short_pass_blocks,right_short_pass_plays,right_short_receptions,right_short_route_rate,right_short_routes,right_short_targeted_qb_rating,right_short_targets,right_short_targets_percent,right_short_touchdowns,right_short_yards,right_short_yards_after_catch,right_short_yards_after_catch_per_reception,right_short_yards_per_reception,right_short_yprr,short_avg_depth_of_target,short_avoided_tackles,short_caught_percent,short_contested_catch_rate,short_contested_receptions,short_contested_targets,short_drop_rate,short_drops,short_first_downs,short_fumbles,short_grades_hands_drop,short_grades_pass_route,short_interceptions,short_longest,short_pass_block_rate,short_pass_blocks,short_pass_plays,short_receptions,short_route_rate,short_routes,short_targeted_qb_rating,short_targets,short_targets_percent,short_touchdowns,short_yards,short_yards_after_catch,short_yards_after_catch_per_reception,short_yards_per_reception,short_yprr
Puka Nacua,100632,WR,LA,19,200,-2.3,8,94.7,,0,0,5.3,1,4,0,69.0,91.5,0,22,0.0,0,19,18,100.0,19,127.9,19,9.5,2,119,159,8.8,6.6,6.26,-5.0,1,100.0,,0,0,0.0,0,1,0,64.7,77.9,0,6,6.3,1,16,1,93.8,15,91.7,1,6.7,0,6,11,11.0,6.0,0.4,21.2,0,100.0,100.0,2,2,0.0,0,5,0,74.6,99.9,0,32,5.9,1,17,5,88.2,15,158.3,5,33.3,1,132,26,5.2,26.4,8.8,14.6,9,85.7,80.0,4,5,4.0,1,24,0,73.5,99.9,0,58,0.0,0,64,24,96.9,62,142.6,28,45.2,2,550,197,8.2,22.9,8.87,4.7,6,85.0,66.7,6,9,1.9,1,33,1,87.0,96.3,0,16,0.6,1,154,51,97.4,150,107.4,60,40.0,2,427,198,3.9,8.4,2.85,0,28.0,0,53.1,52.6,10,19,5.6,1,17,0,70.5,99.9,0,44,0.0,0,35,17,91.4,32,138.0,32,16.0,4,514,49,2.9,30.2,16.06,26,-2.3,4,85.7,,0,0,14.3,1,0,0,49.7,84.0,0,14,13.3,2,15,6,86.7,13,85.7,7,53.8,0,32,45,7.5,5.3,2.46,30.9,0,57.1,75.0,3,4,0.0,0,4,0,73.4,99.9,0,34,0.0,0,29,4,93.1,27,141.4,7,25.9,2,127,10,2.5,31.8,4.7,13.4,0,20.0,50.0,1,2,0.0,0,1,0,64.7,72.3,0,10,0.0,0,31,1,96.8,30,39.6,5,16.7,0,10,0,0.0,10.0,0.33,4.1,3,66.7,50.0,2,4,0.0,0,5,0,80.6,93.8,1,24,3.8,2,53,14,88.7,47,81.1,21,44.7,1,138,95,6.8,9.9,2.94,14.3,10,75.0,80.0,8,10,5.7,2,32,0,69.6,99.9,0,58,0.0,0,44,33,100.0,44,131.8,44,22.0,2,700,224,6.8,21.2,15.91,0,-2.0,3,100.0,,0,0,0.0,0,3,0,78.7,89.7,0,22,6.3,1,16,11,93.8,15,136.9,11,73.3,2,81,103,9.4,7.4,5.4,28.8,0,40.0,38.5,5,13,11.1,1,8,0,56.7,98.7,0,44,0.0,0,37,8,91.9,34,104.2,20,58.8,1,255,13,1.6,31.9,7.5,13.7,1,72.7,100.0,3,3,11.1,1,7,0,54.9,96.4,0,31,0.0,0,39,8,97.4,38,114.8,11,28.9,0,140,27,3.4,17.5,3.68,5.3,2,83.3,80.0,4,5,0.0,0,6,0,83.6,93.6,0,12,1.6,1,64,20,92.2,59,106.4,24,40.7,1,149,52,2.6,7.5,2.53,4.7,11,81.0,66.7,12,18,1.2,1,44,1,90.8,97.6,1,24,0.0,0,108,85,97.2,105,103.7,105,52.5,4,714,345,4.1,8.4,6.8
Ja'Marr Chase,84270,WR,CIN,16,182,-2.8,8,93.1,,0,0,3.6,1,5,0,75.5,83.2,0,25,0.0,0,29,27,100.0,29,98.1,29,15.9,1,139,216,8.0,5.1,4.79,-3.2,3,90.9,,0,0,9.1,1,0,0,58.5,68.2,0,8,0.0,0,42,10,97.6,41,82.2,11,26.8,0,41,73,7.3,4.1,1.0,35.3,0,25.0,50.0,1,2,0.0,0,1,0,64.7,86.0,1,36,0.0,0,13,1,100.0,13,25.0,4,30.8,0,36,1,1.0,36.0,2.77,12.3,1,53.3,66.7,2,3,11.1,1,8,0,54.5,95.3,2,36,0.0,0,48,8,93.8,45,58.1,15,33.3,0,184,82,10.3,23.0,4.09,4.8,10,77.1,66.7,8,12,7.5,3,21,0,63.4,93.7,1,20,0.0,0,168,37,97.6,164,100.3,48,29.3,2,332,168,4.5,9.0,2.02,0,30.0,0,27.3,42.9,3,7,0.0,0,6,0,74.6,92.4,2,64,0.0,0,23,6,95.7,22,59.5,22,12.1,2,211,29,4.8,35.2,9.59,7,-2.6,4,100.0,,0,0,0.0,0,4,0,78.0,90.3,0,25,0.0,0,29,10,96.6,28,133.3,10,35.7,1,80,106,10.6,8.0,2.86,29.0,0,22.2,0.0,0,2,0.0,0,2,0,68.3,75.4,0,64,0.0,0,24,2,91.7,22,105.3,9,40.9,1,89,21,10.5,44.5,4.05,12.3,0,62.5,50.0,2,4,0.0,0,13,0,81.1,96.5,1,27,0.0,0,38,15,97.4,37,99.3,24,64.9,2,200,38,2.5,13.3,5.41,5.6,1,75.0,33.3,1,3,0.0,0,7,0,79.4,92.9,0,16,0.0,0,57,12,89.5,51,91.7,16,31.4,0,104,41,3.4,8.7,2.04,12.6,1,59.6,60.0,6,10,6.1,2,28,0,68.8,98.8,3,36,0.0,0,58,31,89.7,52,87.3,52,28.6,3,503,127,4.1,16.2,9.67,0,-2.6,1,87.5,,0,0,0.0,0,1,0,75.6,69.0,0,12,0.0,0,21,7,95.2,20,79.2,8,40.0,0,18,37,5.3,2.6,0.9,28.6,0,33.3,66.7,2,3,0.0,0,3,0,70.5,92.3,1,43,0.0,0,36,3,91.7,33,67.1,9,27.3,1,86,7,2.3,28.7,2.61,13.5,0,61.5,66.7,2,3,11.1,1,7,0,56.7,94.9,0,19,0.0,0,44,8,86.4,38,117.1,13,34.2,1,119,7,0.9,14.9,3.13,4.3,3,80.0,,0,0,0.0,0,6,1,80.0,92.3,1,21,0.0,0,54,12,94.4,51,73.1,15,29.4,0,123,67,5.6,10.3,2.41,4.8,14,77.2,60.0,9,15,4.7,3,34,1,77.0,95.6,2,21,0.0,0,85,61,92.9,79,93.8,79,43.4,2,559,276,4.5,9.2,7.08
Jaxon Smith-Njigba,129758,WR,SEA,19,173,-2.8,6,100.0,,0,0,0.0,0,4,1,82.2,76.0,0,17,0.0,0,17,17,100.0,17,89.5,17,9.8,0,93,140,8.2,5.5,5.47,-3.0,1,100.0,,0,0,0.0,0,1,1,76.5,56.5,0,12,0.0,0,22,8,95.5,21,86.5,8,38.1,0,38,62,7.8,4.8,1.81,30.6,0,50.0,50.0,2,4,0.0,0,5,0,73.4,97.5,0,61,0.0,0,20,5,85.0,17,135.4,10,58.8,2,204,21,4.2,40.8,12.0,12.4,5,85.2,50.0,2,4,11.5,3,21,0,50.4,97.4,1,29,0.0,0,48,23,95.8,46,142.9,27,58.7,4,344,79,3.4,15.0,7.48,5.6,3,76.5,57.1,4,7,0.0,0,9,2,86.1,89.7,2,20,0.0,0,134,26,95.5,128,78.3,34,26.6,1,222,90,3.5,8.5,1.73,0,29.5,1,58.6,66.7,6,9,0.0,0,17,0,82.2,99.9,1,63,0.0,0,34,17,85.3,29,128.2,29,16.8,4,656,108,6.4,38.6,22.62,29,-2.0,4,100.0,,0,0,0.0,0,2,0,74.6,86.0,0,17,0.0,0,17,6,100.0,17,94.4,6,35.3,0,40,52,8.7,6.7,2.35,27.8,0,46.2,50.0,1,2,0.0,0,6,0,74.6,98.3,1,56,0.0,0,19,6,84.2,16,86.2,13,81.3,1,222,45,7.5,37.0,13.88,14.4,0,72.7,100.0,1,1,0.0,0,16,0,81.7,98.1,0,27,0.0,0,39,16,89.7,35,149.2,22,62.9,3,248,30,1.9,15.5,7.09,4.8,3,80.0,0.0,0,1,0.0,0,9,0,81.7,93.5,0,17,0.0,0,58,16,96.6,56,95.2,20,35.7,0,137,62,3.9,8.6,2.45,13.6,6,75.0,54.5,6,11,5.9,3,46,0,70.3,99.9,2,39,0.0,0,69,48,92.8,64,138.2,64,37.0,7,770,147,3.1,16.0,12.03,0,-3.7,1,100.0,,0,0,0.0,0,1,0,70.5,74.3,0,16,0.0,0,13,3,100.0,13,87.5,3,23.1,0,15,26,8.7,5.0,1.15,31.3,1,100.0,100.0,3,3,0.0,0,6,0,74.6,99.9,0,63,0.0,0,25,6,92.0,23,158.3,6,26.1,1,230,42,7.0,38.3,10.0,14.7,1,60.0,50.0,3,6,0.0,0,9,0,77.3,94.9,1,39,0.0,0,31,9,93.5,29,73.8,15,51.7,0,178,38,4.2,19.8,6.14,5.8,1,88.9,,0,0,0.0,0,4,0,76.5,91.8,0,22,0.0,0,53,8,94.3,50,106.9,9,18.0,0,87,40,5.0,10.9,1.74,5.3,7,79.4,50.0,4,8,0.0,0,22,2,90.4,94.2,2,22,0.0,0,65,50,96.9,63,88.2,63,36.4,1,446,192,3.8,8.9,7.08
Trey McBride,75916,TE,ARZ,17,163,-3.0,7,95.2,,0,0,0.0,0,5,0,83.6,94.2,0,21,0.0,0,21,20,100.0,21,95.8,21,12.9,0,147,205,10.3,7.4,7.0,-2.9,6,100.0,,0,0,0.0,0,4,0,81.7,93.8,0,21,2.1,1,47,16,95.7,45,99.2,16,35.6,0,125,172,10.8,7.8,2.78,25.7,0,66.7,100.0,1,1,0.0,0,2,0,68.3,95.3,0,31,0.0,0,18,2,100.0,18,149.3,3,16.7,1,49,4,2.0,24.5,2.72,15.3,0,54.5,40.0,2,5,0.0,0,6,0,74.6,95.8,0,25,0.0,0,48,6,95.8,46,126.9,11,23.9,2,105,17,2.8,17.5,2.28,4.7,11,82.5,64.3,9,14,0.0,0,18,0,90.4,94.7,0,27,0.5,1,187,47,94.1,176,118.3,57,32.4,4,386,166,3.5,8.2,2.19,0,24.4,0,40.0,40.0,2,5,0.0,0,4,0,42.1,93.1,0,31,0.0,0,12,4,83.3,10,108.3,10,6.1,1,95,6,1.5,23.8,9.5,1,-4.0,0,100.0,,0,0,0.0,0,0,0,64.7,61.0,0,4,8.3,1,12,1,83.3,10,83.3,1,10.0,0,4,8,8.0,4.0,0.4,23.0,0,33.3,33.3,1,3,0.0,0,1,0,28.9,68.7,0,26,0.0,0,29,1,79.3,23,66.0,3,13.0,0,26,2,2.0,26.0,1.13,16.0,1,55.6,50.0,1,2,0.0,0,5,0,74.6,95.8,0,29,2.4,1,41,5,92.7,38,99.3,9,23.7,0,110,29,5.8,22.0,2.89,4.5,0,92.3,100.0,1,1,0.0,0,8,0,79.4,91.9,0,24,0.0,0,53,12,94.3,50,100.6,13,26.0,0,106,55,4.6,8.8,2.12,15.3,1,55.9,45.5,5,11,5.0,1,19,0,70.5,98.4,0,29,0.0,0,35,19,97.1,34,129.0,34,20.9,4,336,53,2.8,17.7,9.88,0,-3.0,1,75.0,,0,0,0.0,0,1,0,70.5,90.2,0,9,3.4,1,29,3,96.6,28,83.3,4,14.3,0,18,25,8.3,6.0,0.64,24.5,0,25.0,0.0,0,1,0.0,0,1,0,64.7,76.4,0,20,9.1,2,22,1,77.3,17,47.9,4,23.5,0,20,0,0.0,20.0,1.18,14.9,0,57.1,50.0,2,4,11.1,1,8,0,54.5,94.7,0,20,2.9,1,34,8,88.2,30,125.3,14,46.7,2,121,7,0.9,15.1,4.03,4.0,5,85.7,80.0,4,5,0.0,0,9,0,85.3,93.8,0,17,0.0,0,70,24,100.0,70,115.6,28,40.0,2,169,92,3.8,7.0,2.41,4.5,16,84.7,70.0,14,20,0.0,0,35,0,91.3,96.3,0,27,0.0,0,102,83,96.1,98,115.2,98,60.1,6,661,313,3.8,8.0,6.74
Amon-Ra St. Brown,84470,WR,DET,17,162,-3.6,8,100.0,,0,0,0.0,0,5,0,80.6,90.1,0,24,0.0,0,14,14,100.0,14,131.3,14,8.6,3,84,135,9.6,6.0,6.0,-3.5,8,100.0,,0,0,0.0,0,5,0,79.4,90.7,0,24,0.0,0,51,12,98.0,50,135.1,12,24.0,3,83,125,10.4,6.9,1.66,25.8,0,16.7,0.0,0,2,0.0,0,1,0,64.7,78.1,1,17,0.0,0,22,1,95.5,21,39.6,6,28.6,1,17,0,0.0,17.0,0.81,14.7,2,62.1,50.0,3,6,5.3,1,17,0,69.0,98.5,1,52,0.0,0,75,18,97.3,73,103.0,29,39.7,1,405,143,7.9,22.5,5.55,5.5,4,78.0,60.0,6,10,7.1,3,18,0,65.5,94.0,1,26,0.7,1,147,39,97.3,143,96.3,50,35.0,1,376,169,4.3,9.6,2.63,0,24.9,0,41.7,0.0,0,3,0.0,0,5,0,73.4,94.4,2,30,0.0,0,13,5,92.3,12,76.7,12,7.4,2,115,12,2.4,23.0,9.58,11,-4.5,0,100.0,,0,0,0.0,0,0,0,68.3,61.8,0,6,6.7,1,15,2,86.7,13,79.2,2,15.4,0,1,10,5.0,0.5,0.08,20.0,0,0.0,,0,0,,0,0,0,,60.0,1,0,0.0,0,7,0,71.4,5,0.0,1,20.0,0,0,0,,,0.0,13.0,0,60.0,0.0,0,2,0.0,0,6,0,74.6,94.1,0,34,0.0,0,20,6,100.0,20,126.3,10,50.0,1,98,23,3.8,16.3,4.9,5.1,1,73.3,,0,0,8.3,1,6,1,61.8,76.4,0,20,0.0,0,47,11,95.7,45,92.1,15,33.3,0,104,52,4.7,9.5,2.31,14.4,2,63.6,40.0,4,10,3.4,1,27,0,76.3,99.8,1,52,0.0,0,45,28,97.8,44,112.9,44,27.2,2,580,176,6.3,20.7,13.18,0,,0,,,0,0,,0,0,0,,,0,0,0.0,0,20,0,100.0,20,0.0,0,0.0,0,0,0,,,0.0,24.8,0,80.0,0.0,0,1,0.0,0,4,0,72.1,95.8,0,30,0.0,0,11,4,100.0,11,158.3,5,45.5,1,98,12,3.0,24.5,8.91,15.6,0,80.0,50.0,1,2,0.0,0,4,0,72.1,94.9,0,25,0.0,0,17,4,82.4,14,118.8,5,35.7,0,77,10,2.5,19.3,5.5,4.7,1,74.1,0.0,0,1,0.0,0,10,0,84.1,92.6,0,15,1.9,1,54,20,96.3,52,122.8,27,51.9,3,142,47,2.4,7.1,2.73,5.2,6,76.1,54.5,6,11,5.4,4,34,1,75.5,94.7,1,26,0.0,0,95,70,96.8,92,103.6,92,56.8,4,622,268,3.8,8.9,6.76
Chris Olave,84355,WR,NO,16,151,-3.6,3,90.9,0.0,0,1,0.0,0,3,0,78.7,84.6,0,9,0.0,0,12,10,91.7,11,84.1,11,7.3,0,46,80,8.0,4.6,4.18,-3.1,3,85.7,0.0,0,1,0.0,0,1,0,74.6,77.9,0,8,0.0,0,34,6,100.0,34,81.5,7,20.6,0,25,41,6.8,4.2,0.74,34.4,0,50.0,100.0,1,1,0.0,0,4,0,72.1,95.5,0,57,0.0,0,14,4,100.0,14,135.4,8,57.1,2,143,19,4.8,35.8,10.21,12.9,1,62.5,40.0,2,5,0.0,0,9,0,78.0,96.4,0,20,0.0,0,50,10,98.0,49,129.9,16,32.7,2,139,17,1.7,13.9,2.84,4.4,2,92.3,85.7,6,7,0.0,0,7,0,85.7,89.2,0,11,0.0,0,130,24,94.6,123,92.9,26,21.1,0,164,54,2.3,6.8,1.33,0,30.7,0,36.4,12.5,1,8,20.0,3,12,0,31.6,94.9,2,62,0.0,0,40,12,82.5,33,98.8,33,21.9,6,429,84,7.0,35.8,13.0,20,,0,,,0,0,,0,0,0,,,0,0,0.0,0,13,0,84.6,11,0.0,0,0.0,0,0,0,,,0.0,28.5,0,10.0,0.0,0,4,50.0,1,1,0,28.9,65.0,1,60,0.0,0,29,1,79.3,23,12.5,10,43.5,0,60,31,31.0,60.0,2.61,13.8,0,57.1,71.4,5,7,0.0,0,11,0,80.0,94.6,0,18,0.0,0,46,12,95.7,44,98.1,21,47.7,1,164,5,0.4,13.7,3.73,4.9,0,82.4,66.7,2,3,0.0,0,4,0,80.6,75.3,1,16,0.0,0,43,14,97.7,42,63.2,17,40.5,0,86,20,1.4,6.1,2.05,13.5,1,56.8,53.8,7,13,3.8,1,23,0,74.9,96.7,0,20,0.0,0,45,25,97.8,44,105.3,44,29.1,3,350,27,1.1,14.0,7.95,0,-4.5,0,100.0,,0,0,0.0,0,2,0,73.4,80.8,0,9,0.0,0,20,4,95.0,19,88.5,4,21.1,0,21,39,9.8,5.3,1.11,30.3,0,46.7,0.0,0,3,22.2,2,7,0,32.2,93.8,1,62,0.0,0,34,7,88.2,30,104.9,15,50.0,4,226,34,4.9,32.3,7.53,13.7,0,42.9,0.0,0,1,25.0,1,3,0,36.2,70.6,0,17,0.0,0,23,3,100.0,23,65.8,7,30.4,0,47,5,1.7,15.7,2.04,4.6,0,75.0,0.0,0,2,0.0,0,4,0,81.7,89.5,1,10,0.0,0,70,15,95.7,67,62.1,20,29.9,0,88,27,1.8,5.9,1.31,4.6,2,84.1,66.7,8,12,0.0,0,15,0,90.6,90.9,2,16,0.0,0,65,53,96.9,63,75.8,63,41.7,0,338,101,1.9,6.4,5.37
Justin Jefferson,61398,WR,MIN,17,140,-2.4,3,100.0,,0,0,0.0,0,4,0,84.5,91.1,0,40,0.0,0,22,20,90.9,20,94.0,20,14.3,0,131,179,9.0,6.6,6.55,-3.5,0,100.0,,0,0,0.0,0,1,0,77.3,76.5,0,10,2.3,1,44,8,90.9,40,85.4,8,20.0,0,36,64,8.0,4.5,0.9,29.5,0,37.5,50.0,1,2,25.0,1,3,0,36.2,86.4,3,50,0.0,0,17,3,88.2,15,45.8,8,53.3,0,117,32,10.7,39.0,7.8,13.9,4,70.0,75.0,3,4,6.7,1,13,0,65.6,96.6,2,36,0.0,0,42,14,97.6,41,89.6,20,48.8,1,263,61,4.4,18.8,6.41,4.1,2,72.7,0.0,0,2,0.0,0,8,0,81.7,92.6,2,18,0.0,0,93,16,96.8,90,55.5,22,24.4,0,162,98,6.1,10.1,1.8,0,28.5,0,22.7,33.3,2,6,28.6,2,5,0,29.2,80.8,4,50,0.0,0,23,5,95.7,22,17.6,22,15.7,0,159,32,6.4,31.8,7.23,18,-1.8,1,100.0,,0,0,0.0,0,1,0,72.1,82.4,0,11,0.0,0,12,4,100.0,12,89.6,4,33.3,0,22,29,7.3,5.5,1.83,27.3,0,33.3,33.3,1,3,0.0,0,2,0,68.3,91.5,0,21,0.0,0,25,2,92.0,23,59.0,6,26.1,0,42,0,0.0,21.0,1.83,13.2,0,63.6,75.0,3,4,0.0,0,6,0,75.6,95.3,0,19,0.0,0,34,7,88.2,30,94.9,11,36.7,0,105,6,0.9,15.0,3.5,6.8,0,33.3,50.0,1,2,25.0,1,1,0,36.2,55.7,1,10,0.0,0,38,3,94.7,36,2.8,9,25.0,0,18,1,0.3,6.0,0.5,13.7,5,60.4,66.7,8,12,3.3,1,25,0,77.3,98.7,3,36,0.0,0,50,29,96.0,48,82.2,48,34.3,2,483,80,2.8,16.7,10.06,0,-1.6,2,100.0,,0,0,0.0,0,2,0,77.3,90.9,0,40,0.0,0,26,8,92.3,24,104.7,8,33.3,0,73,86,10.8,9.1,3.04,28.3,0,0.0,0.0,0,1,100.0,1,0,0,27.9,35.0,1,0,0.0,0,21,0,95.2,20,0.0,8,40.0,0,0,0,,,0.0,13.9,1,47.1,50.0,2,4,0.0,0,6,0,76.5,94.4,1,22,0.0,0,42,8,95.2,40,64.6,17,42.5,1,115,13,1.6,14.4,2.88,5.8,3,57.9,0.0,0,1,8.3,1,4,0,60.6,85.1,0,17,0.0,0,58,11,94.8,55,71.2,19,34.5,0,95,45,4.1,8.6,1.73,5.2,5,60.0,20.0,1,5,6.3,2,13,0,67.5,91.4,3,18,0.0,0,52,30,96.2,50,50.0,50,35.7,0,275,144,4.8,9.2,5.5
Christian McCaffrey,11763,HB,SF,19,135,-3.7,9,85.3,0.0,0,2,9.4,3,14,0,57.8,92.0,0,20,0.0,0,35,29,97.1,34,103.3,34,25.2,1,219,329,11.3,7.6,6.44,-3.2,6,81.8,0.0,0,2,10.0,2,10,0,56.9,90.7,0,20,5.1,2,39,18,87.2,34,110.4,22,64.7,1,151,209,11.6,8.4,4.44,,0,,,0,0,,0,0,0,,,0,0,13.3,2,15,0,80.0,12,0.0,0,0.0,0,0,0,,,0.0,12.0,0,66.7,100.0,1,1,0.0,0,2,0,68.3,91.7,1,17,7.9,6,76,2,92.1,70,56.9,3,4.3,0,28,2,1.0,14.0,0.4,3.7,10,90.9,66.7,4,6,0.0,0,20,1,90.4,96.4,0,27,3.1,5,159,50,96.2,153,113.3,55,35.9,2,455,276,5.5,9.1,2.97,0,23.3,0,25.0,,0,0,0.0,0,1,0,64.7,71.4,0,29,0.0,0,4,1,100.0,4,96.9,4,3.0,1,29,3,3.0,29.0,7.25,28,-6.0,0,100.0,,0,0,0.0,0,1,0,68.3,91.7,0,11,0.0,0,7,2,100.0,7,106.3,2,28.6,0,19,31,15.5,9.5,2.71,23.0,0,0.0,,0,0,,0,0,0,,58.4,0,0,8.3,2,24,0,91.7,22,39.6,2,9.1,0,0,0,,,0.0,12.3,0,66.7,100.0,1,1,0.0,0,2,0,68.3,92.9,0,29,15.8,6,38,2,81.6,31,109.7,3,9.7,0,44,18,9.0,22.0,1.42,3.8,2,89.5,100.0,2,2,0.0,0,12,0,82.2,96.7,0,17,6.8,4,59,17,88.1,52,137.0,19,36.5,4,140,77,4.5,8.2,2.69,12.3,0,66.7,100.0,2,2,0.0,0,6,0,74.6,96.1,1,29,0.0,0,9,6,100.0,9,97.7,9,6.7,1,92,20,3.3,15.3,10.22,0,-4.4,3,90.0,,0,0,10.0,1,3,0,56.7,70.6,0,18,0.0,0,17,9,100.0,17,87.1,10,58.8,0,49,89,9.9,5.4,2.88,23.5,0,50.0,,0,0,0.0,0,1,0,64.7,79.9,0,29,12.5,1,8,1,87.5,7,135.4,2,28.6,1,29,3,3.0,29.0,4.14,12.7,0,66.7,,0,0,0.0,0,2,0,68.3,90.8,0,13,12.5,4,32,2,81.3,26,125.0,3,11.5,1,20,0,0.0,10.0,0.77,2.8,3,71.4,33.3,1,3,16.7,2,3,0,41.4,67.8,2,39,23.6,13,55,10,72.7,40,50.0,14,35.0,0,94,71,7.1,9.4,2.35,3.6,15,87.5,63.6,7,11,2.5,2,34,1,88.7,98.1,2,39,0.0,0,88,77,100.0,88,111.6,88,65.2,6,669,404,5.2,8.7,7.6
Davante Adams,8688,WR,LA,17,135,,0,,,0,0,,0,0,0,,,0,0,,0,0,0,,0,0.0,0,0.0,0,0,0,,,,,0,,,0,0,,0,0,0,,,0,0,0.0,0,21,0,100.0,21,0.0,0,0.0,0,0,0,,,0.0,22.9,2,57.1,0.0,0,1,33.3,2,4,0,28.7,90.1,0,33,0.0,0,14,4,100.0,14,101.8,7,50.0,0,111,28,7.0,27.8,7.93,14.3,0,50.0,16.7,1,6,16.7,3,15,0,40.1,93.2,0,32,0.0,0,60,15,95.0,57,91.3,30,52.6,1,262,51,3.4,17.5,4.6,4.8,0,60.9,25.0,1,4,6.7,1,9,0,64.4,90.9,1,23,0.0,0,129,14,96.9,125,90.0,23,18.4,4,87,25,1.8,6.2,0.7,0,27.5,2,35.7,22.2,2,9,23.1,3,10,0,28.4,93.9,0,44,0.0,0,32,10,87.5,28,109.7,28,20.7,3,283,45,4.5,28.3,10.11,26,,0,,,0,0,,0,0,0,,,0,0,0.0,0,14,0,92.9,13,0.0,0,0.0,0,0,0,,,0.0,32.9,0,25.0,0.0,0,3,25.0,1,3,0,41.6,92.1,0,44,0.0,0,25,3,92.0,23,90.6,12,52.2,1,103,11,3.7,34.3,4.48,14.9,0,65.0,66.7,2,3,7.1,1,12,0,63.2,96.8,1,26,0.0,0,30,13,100.0,30,78.3,20,66.7,0,206,16,1.2,15.8,6.87,4.8,0,61.5,40.0,2,5,0.0,0,5,0,76.5,90.7,0,9,0.0,0,47,8,91.5,43,105.8,13,30.2,3,40,8,1.0,5.0,0.93,14.6,0,55.0,25.0,3,12,10.8,4,32,0,52.7,97.1,1,32,0.0,0,63,33,95.2,60,89.4,60,44.4,2,537,75,2.3,16.3,8.95,0,,0,,,0,0,,0,0,0,,,0,0,0.0,0,8,0,100.0,8,0.0,0,0.0,0,0,0,,,0.0,23.9,0,33.3,40.0,2,5,0.0,0,3,0,36.8,90.0,0,29,0.0,0,30,3,90.0,27,101.4,9,33.3,2,69,6,2.0,23.0,2.56,14.9,0,50.0,0.0,0,3,0.0,0,5,0,73.4,92.0,0,19,0.0,0,35,5,91.4,32,105.8,10,31.3,1,69,8,1.6,13.8,2.16,6.4,0,54.5,50.0,2,4,14.3,1,5,0,52.1,91.2,0,10,0.0,0,67,6,97.0,65,99.6,11,16.9,3,27,8,1.3,4.5,0.42,5.1,0,59.6,38.5,5,13,6.7,2,19,0,66.6,93.6,1,23,0.0,0,49,28,95.9,47,96.1,47,34.8,10,154,41,1.5,5.5,3.28
Courtland Sutton,48164,WR,DEN,19,134,-3.5,1,100.0,,0,0,0.0,0,0,0,68.3,61.3,0,5,0.0,0,2,2,100.0,2,79.2,2,1.5,0,6,13,6.5,3.0,3.0,-3.5,1,100.0,,0,0,0.0,0,0,0,68.3,61.3,0,5,0.0,0,60,2,96.7,58,79.2,2,3.4,0,6,13,6.5,3.0,0.1,23.5,0,66.7,50.0,1,2,20.0,1,4,0,41.6,92.8,0,52,0.0,0,19,4,94.7,18,149.3,6,33.3,2,118,23,5.8,29.5,6.56,14.8,1,57.1,50.0,1,2,20.0,2,8,0,38.7,92.2,0,34,0.0,0,41,8,85.4,35,112.8,14,40.0,1,132,20,2.5,16.5,3.77,5.4,1,65.2,37.5,3,8,16.7,3,6,0,38.1,74.6,0,22,0.0,0,138,15,94.9,131,78.0,23,17.6,0,119,39,2.6,7.9,0.91,0,27.3,1,48.3,41.7,5,12,17.6,3,14,0,36.0,97.0,2,52,0.0,0,30,14,96.7,29,105.2,29,21.6,6,379,45,3.2,27.1,13.07,10,,0,,,0,0,,0,0,0,,,0,0,0.0,0,34,0,100.0,34,0.0,0,0.0,0,0,0,,,0.0,29.7,0,50.0,50.0,3,6,0.0,0,6,0,74.6,96.8,2,39,0.0,0,34,6,94.1,32,95.8,12,37.5,2,170,7,1.2,28.3,5.31,14.8,0,46.2,50.0,3,6,0.0,0,6,0,74.6,93.6,0,23,0.0,0,31,6,96.8,30,72.0,13,43.3,0,98,12,2.0,16.3,3.27,6.2,3,77.3,66.7,2,3,0.0,0,10,0,82.2,92.7,0,22,0.0,0,75,17,96.0,72,97.7,22,30.6,0,165,64,3.8,9.7,2.29,14.4,2,50.0,60.0,6,10,8.3,2,22,0,63.4,97.0,1,34,0.0,0,50,22,88.0,44,83.2,44,32.8,2,357,54,2.5,16.2,8.11,0,,0,,,0,0,,0,0,0,,,0,0,0.0,0,28,0,100.0,28,0.0,0,0.0,0,0,0,,,0.0,26.9,1,36.4,25.0,1,4,33.3,2,4,0,28.7,90.0,0,42,0.0,0,27,4,96.3,26,106.4,11,42.3,2,91,15,3.8,22.8,3.5,13.8,1,47.1,100.0,2,2,0.0,0,8,0,78.0,95.7,1,32,0.0,0,45,8,91.1,41,67.5,17,41.5,1,127,22,2.8,15.9,3.1,5.5,1,78.6,50.0,1,2,0.0,0,4,0,79.4,86.2,0,7,0.0,0,80,11,96.3,77,84.8,14,18.2,0,61,5,0.5,5.5,0.79,5.7,5,72.9,46.2,6,13,6.5,3,20,0,68.2,91.7,0,22,0.0,0,62,43,95.2,59,87.2,59,44.0,0,345,108,2.5,8.0,5.85
Wan'Dale Robinson,101735,WR,NYG,16,131,-2.9,7,95.0,,0,0,5.0,1,1,0,70.7,65.1,0,8,0.0,0,21,19,95.2,20,83.3,20,15.3,0,80,135,7.1,4.2,4.0,-3.3,2,100.0,,0,0,0.0,0,1,0,78.7,65.6,0,8,0.0,0,41,10,95.1,39,85.0,10,25.6,0,44,77,7.7,4.4,1.13,27.8,0,53.8,0.0,0,1,0.0,0,7,0,75.6,96.9,1,50,0.0,0,26,7,88.5,23,92.6,13,56.5,1,202,31,4.4,28.9,8.78,11.8,0,50.0,33.3,1,3,0.0,0,2,0,73.4,78.6,1,15,0.0,0,43,5,97.7,42,31.3,10,23.8,0,65,6,1.2,13.0,1.55,4.1,5,81.8,20.0,1,5,3.6,1,8,1,76.3,70.6,0,17,0.0,0,91,27,93.4,85,90.2,33,38.8,0,186,84,3.1,6.9,2.19,0,28.1,1,50.0,0.0,0,4,0.0,0,11,0,78.7,97.9,1,50,0.0,0,25,11,88.0,22,107.2,22,16.8,2,351,73,6.6,31.9,15.95,21,-2.1,2,85.7,,0,0,14.3,1,0,0,49.7,53.9,0,7,0.0,0,21,6,100.0,21,82.7,7,33.3,0,27,39,6.5,4.5,1.29,28.6,1,60.0,0.0,0,1,0.0,0,3,0,70.5,95.8,0,39,0.0,0,26,3,76.9,20,143.8,5,25.0,1,109,24,8.0,36.3,5.45,14.9,0,85.7,100.0,2,2,0.0,0,6,0,74.6,94.4,0,26,0.0,0,35,6,85.7,30,118.8,7,23.3,0,105,18,3.0,17.5,3.5,4.9,1,64.3,50.0,1,2,10.0,1,2,0,56.7,62.1,0,15,0.0,0,48,9,93.8,45,74.4,14,31.1,0,63,25,2.8,7.0,1.4,13.4,1,57.7,44.4,4,9,0.0,0,12,0,81.1,95.6,1,35,0.0,0,29,15,89.7,26,100.5,26,19.8,2,254,49,3.3,16.9,9.77,0,-3.3,3,100.0,,0,0,0.0,0,0,0,70.5,74.9,0,6,0.0,0,12,3,100.0,12,79.2,3,25.0,0,9,19,6.3,3.0,0.75,28.5,0,25.0,0.0,0,2,0.0,0,1,0,64.7,71.0,0,40,0.0,0,36,1,77.8,28,68.8,4,14.3,0,40,18,18.0,40.0,1.43,14.0,1,44.4,25.0,1,4,0.0,0,4,0,72.1,94.4,0,35,4.2,1,24,4,87.5,21,117.6,9,42.9,2,84,25,6.3,21.0,4.0,4.6,1,68.8,50.0,1,2,0.0,0,5,0,80.0,90.7,0,9,0.0,0,49,11,95.9,47,80.2,16,34.0,0,80,26,2.4,7.3,1.7,4.4,7,74.6,33.3,3,9,4.1,2,15,1,78.8,79.6,0,17,0.0,0,68,47,92.6,63,86.0,63,48.1,0,329,135,2.9,7.0,5.22
George Pickens,99229,WR,DAL,17,131,-1.0,0,100.0,,0,0,0.0,0,0,0,64.7,61.1,0,6,0.0,0,1,1,100.0,1,91.7,1,0.8,0,6,7,7.0,6.0,6.0,,0,,,0,0,,0,0,0,,,0,0,0.0,0,42,0,100.0,42,0.0,0,0.0,0,0,0,,,0.0,30.0,0,100.0,100.0,2,2,0.0,0,3,0,70.5,94.0,0,43,0.0,0,24,3,87.5,21,158.3,3,14.3,2,81,2,0.7,27.0,3.86,13.2,2,80.0,80.0,4,5,7.7,1,12,0,61.8,98.5,0,45,0.0,0,66,12,89.4,59,141.0,15,25.4,1,247,94,7.8,20.6,4.19,6.4,10,81.3,63.6,7,11,10.3,3,18,1,55.9,94.6,1,39,0.0,0,139,26,94.2,131,97.4,32,24.4,0,336,165,6.3,12.9,2.56,0,30.2,0,50.0,50.0,6,12,0.0,0,11,0,78.7,96.8,0,44,0.0,0,29,11,75.9,22,135.4,22,16.8,3,335,24,2.2,30.5,15.23,9,-1.0,0,100.0,,0,0,0.0,0,0,0,64.7,61.1,0,6,0.0,0,23,1,100.0,23,91.7,1,4.3,0,6,7,7.0,6.0,0.26,32.1,0,50.0,57.1,4,7,0.0,0,6,0,74.6,96.4,0,44,0.0,0,24,6,91.7,22,123.6,12,54.5,1,203,14,2.3,33.8,9.23,14.7,4,72.7,66.7,2,3,0.0,0,8,2,76.5,93.2,1,24,0.0,0,27,8,92.6,25,76.9,11,44.0,0,140,29,3.6,17.5,5.6,5.0,4,87.5,60.0,3,5,0.0,0,14,1,85.3,94.8,0,28,0.0,0,67,21,92.5,62,138.7,24,38.7,4,187,88,4.2,8.9,3.02,13.7,6,67.6,75.0,6,8,4.2,1,23,2,72.8,98.4,1,45,0.0,0,35,23,97.1,34,108.1,34,26.0,1,431,130,5.7,18.7,12.68,0,,0,,,0,0,,0,0,0,,,0,0,0.0,0,14,0,92.9,13,0.0,0,0.0,0,0,0,,,0.0,27.1,0,28.6,0.0,0,3,0.0,0,2,0,68.3,84.0,0,27,0.0,0,31,2,77.4,24,57.4,7,29.2,0,51,8,4.0,25.5,2.13,13.1,0,37.5,,0,0,0.0,0,3,0,70.5,88.1,0,17,0.0,0,29,3,93.1,27,56.3,8,29.6,0,44,7,2.3,14.7,1.63,6.4,1,61.1,0.0,0,3,8.3,1,7,0,60.2,90.7,1,34,0.0,0,84,11,90.5,76,79.4,18,23.7,1,134,64,5.8,12.2,1.76,6.0,15,78.4,52.6,10,19,6.5,4,39,2,71.1,96.5,2,39,0.0,0,80,58,92.5,74,114.9,74,56.5,5,657,317,5.5,11.3,8.88
A.J. Brown,48327,WR,PHI,16,127,-2.3,1,100.0,,0,0,0.0,0,0,0,70.5,73.9,0,6,0.0,0,3,3,100.0,3,79.2,3,2.4,0,3,10,3.3,1.0,1.0,-2.0,0,100.0,,0,0,0.0,0,0,0,68.3,61.3,0,-1,0.0,0,28,2,96.4,27,79.2,2,7.4,0,-3,1,0.5,-1.5,-0.11,31.4,0,60.0,0.0,0,1,0.0,0,3,0,70.5,92.7,0,27,0.0,0,14,3,100.0,14,143.8,5,35.7,2,75,8,2.7,25.0,5.36,13.1,0,58.3,25.0,1,4,22.2,2,6,0,31.8,89.9,1,22,0.0,0,29,7,96.6,28,83.7,12,42.9,1,115,18,2.6,16.4,4.11,5.4,3,75.0,50.0,5,10,0.0,0,16,0,86.9,93.9,1,24,0.0,0,98,27,95.9,94,92.6,36,38.3,1,262,117,4.3,9.7,2.79,0,29.3,0,36.0,36.4,4,11,10.0,1,9,0,57.0,95.6,1,45,0.0,0,29,9,86.2,25,102.5,25,19.7,4,285,46,5.1,31.7,11.4,24,,0,,,0,0,,0,0,0,,,0,0,0.0,0,15,0,100.0,15,0.0,0,0.0,0,0,0,,,0.0,29.6,0,33.3,28.6,2,7,0.0,0,4,0,72.1,92.7,0,45,0.0,0,34,4,85.3,29,118.8,12,41.4,2,142,30,7.5,35.5,4.9,13.8,3,50.0,100.0,3,3,0.0,0,5,0,73.4,93.3,0,25,0.0,0,24,5,87.5,21,80.4,10,47.6,0,88,27,5.4,17.6,4.19,5.7,2,75.0,33.3,1,3,0.0,0,2,0,81.1,85.2,0,16,0.0,0,72,15,97.2,70,86.5,20,28.6,0,105,25,1.7,7.0,1.5,13.6,3,58.8,60.0,6,10,9.1,2,18,0,60.3,96.2,1,26,0.0,0,36,20,94.4,34,96.7,34,26.8,2,312,51,2.6,15.6,9.18,0,-3.0,1,100.0,,0,0,0.0,0,0,0,64.7,78.6,0,6,0.0,0,11,1,90.9,10,91.7,1,10.0,0,6,9,9.0,6.0,0.6,27.5,0,25.0,66.7,2,3,33.3,1,2,0,30.0,91.7,1,38,0.0,0,26,2,88.5,23,22.9,8,34.8,0,68,8,4.0,34.0,2.96,13.8,0,66.7,66.7,2,3,0.0,0,7,0,78.0,95.4,0,26,0.0,0,31,8,87.1,27,123.3,12,44.4,1,109,6,0.8,13.6,4.04,6.3,1,77.8,50.0,1,2,0.0,0,3,0,75.6,91.3,0,13,0.0,0,60,7,95.0,57,94.9,9,15.8,0,61,19,2.7,8.7,1.07,5.6,6,75.4,46.7,7,15,0.0,0,21,0,90.4,94.5,1,24,0.0,0,68,49,95.6,65,91.1,65,51.2,1,428,161,3.3,8.7,6.58
Tetairoa McMillan,158735,WR,CAR,18,126,-1.3,1,66.7,,0,0,33.3,1,0,0,29.9,46.7,0,8,0.0,0,3,2,100.0,3,75.7,3,2.4,0,13,16,8.0,6.5,4.33,-1.3,1,66.7,,0,0,33.3,1,0,0,29.9,46.7,0,8,0.0,0,44,2,97.7,43,75.7,3,7.0,0,13,16,8.0,6.5,0.3,28.6,0,71.4,0.0,0,2,0.0,0,5,0,73.4,95.6,0,40,0.0,0,12,5,91.7,11,153.3,7,63.6,1,136,9,1.8,27.2,12.36,13.8,2,81.3,100.0,4,4,0.0,0,13,1,63.2,97.0,1,40,0.0,0,46,13,87.0,40,92.7,16,40.0,0,274,100,7.7,21.1,6.85,5.4,3,71.4,16.7,1,6,13.0,3,14,0,46.6,93.0,1,22,0.0,0,123,20,95.1,117,99.6,28,23.9,2,195,92,4.6,9.8,1.67,0,25.8,0,45.8,0.0,0,7,8.3,1,11,0,62.1,96.4,0,43,0.0,0,26,11,92.3,24,131.8,24,19.0,4,299,43,3.9,27.2,12.46,5,,0,,,0,0,,0,0,0,,,0,0,0.0,0,22,0,95.5,21,0.0,0,0.0,0,0,0,,,0.0,24.3,0,33.3,0.0,0,2,25.0,1,3,0,42.1,92.5,0,29,0.0,0,19,3,89.5,17,101.9,9,52.9,2,70,7,2.3,23.3,4.12,14.8,0,38.9,0.0,0,2,12.5,1,7,0,54.9,92.1,1,23,0.0,0,46,7,87.0,40,53.7,18,45.0,1,103,3,0.4,14.7,2.58,5.5,0,61.5,33.3,1,3,0.0,0,5,0,76.5,85.5,0,16,0.0,0,48,8,100.0,48,73.9,13,27.1,0,64,17,2.1,8.0,1.33,13.8,3,54.2,75.0,6,8,3.7,1,26,0,65.2,97.5,5,40,0.0,0,53,26,90.6,48,55.4,48,38.1,1,470,115,4.4,18.1,9.79,0,,0,,,0,0,,0,0,0,,,0,0,0.0,0,21,0,100.0,21,0.0,0,0.0,0,0,0,,,0.0,24.9,0,37.5,0.0,0,3,0.0,0,3,0,70.5,90.3,0,43,0.0,0,22,3,77.3,17,121.4,8,47.1,1,93,27,9.0,31.0,5.47,12.5,1,42.9,100.0,2,2,0.0,0,6,0,74.6,93.5,3,21,0.0,0,36,6,94.4,34,26.2,14,41.2,0,94,13,2.2,15.7,2.76,6.0,1,80.0,,0,0,11.1,1,4,0,54.5,81.6,0,12,0.0,0,56,8,96.4,54,88.8,10,18.5,0,53,6,0.8,6.6,0.98,5.5,4,70.6,22.2,2,9,10.0,4,23,0,54.4,93.2,1,22,0.0,0,53,36,96.2,51,91.3,51,40.5,2,312,115,3.2,8.7,6.12
Keenan Allen,7857,WR,LAC,18,126,-3.0,0,100.0,,0,0,0.0,0,0,0,72.1,62.6,0,8,0.0,0,4,4,100.0,4,90.6,4,3.2,0,23,35,8.8,5.8,5.75,-3.5,0,100.0,,0,0,0.0,0,0,0,68.3,61.5,0,7,0.0,0,23,2,95.7,22,85.4,2,9.1,0,9,16,8.0,4.5,0.41,37.0,0,0.0,,0,0,,0,0,0,,59.8,0,0,0.0,0,14,0,78.6,11,39.6,1,9.1,0,0,0,,,0.0,12.3,0,85.7,50.0,1,2,0.0,0,6,0,49.2,92.0,0,25,0.0,0,34,6,91.2,31,118.8,7,22.6,0,93,17,2.8,15.5,3.0,5.2,6,66.0,63.6,7,11,10.3,4,18,1,53.6,90.9,2,29,0.8,1,124,35,97.6,121,63.9,53,43.8,0,286,105,3.0,8.2,2.36,0,26.4,1,26.7,42.9,3,7,20.0,1,4,0,45.8,92.7,0,31,0.0,0,17,4,88.2,15,80.1,15,11.9,1,111,11,2.8,27.8,7.4,27,-2.5,0,100.0,,0,0,0.0,0,0,0,68.3,62.1,0,8,0.0,0,10,2,100.0,10,95.8,2,20.0,0,14,19,9.5,7.0,1.4,24.3,1,28.6,50.0,1,2,0.0,0,2,0,68.3,91.4,0,31,0.0,0,28,2,89.3,25,97.0,7,28.0,1,51,11,5.5,25.5,2.04,13.0,0,100.0,,0,0,0.0,0,2,0,68.3,87.9,0,11,0.0,0,12,2,91.7,11,150.0,2,18.2,1,21,0,0.0,10.5,1.91,5.6,2,88.9,0.0,0,1,0.0,0,11,1,81.7,90.9,0,17,0.0,0,45,16,97.8,44,98.1,18,40.9,0,136,47,2.9,8.5,3.09,12.4,0,64.7,33.3,1,3,8.3,1,11,0,43.8,92.4,0,25,0.0,0,19,11,89.5,17,132.2,17,13.5,2,151,18,1.6,13.7,8.88,0,,0,,,0,0,,0,0,0,,,0,0,0.0,0,10,0,100.0,10,0.0,0,0.0,0,0,0,,,0.0,27.0,0,28.6,40.0,2,5,33.3,1,2,0,36.2,90.3,0,30,0.0,0,27,2,96.3,26,62.8,7,26.9,0,60,0,0.0,30.0,2.31,12.4,0,37.5,0.0,0,1,25.0,1,3,0,36.8,75.2,0,17,0.0,0,22,3,86.4,19,92.2,8,42.1,1,37,1,0.3,12.3,1.95,4.9,1,73.7,33.3,1,3,6.7,1,7,0,64.4,92.2,0,11,0.0,0,58,14,98.3,57,101.9,19,33.3,1,95,26,1.9,6.8,1.67,5.2,9,72.2,53.3,8,15,7.1,5,36,2,66.1,93.6,2,29,0.0,0,90,65,100.0,90,80.6,90,71.4,1,517,178,2.7,8.0,5.74
Emeka Egbuka,145055,WR,TB,17,126,-3.3,0,100.0,100.0,1,1,0.0,0,2,0,80.0,71.3,0,15,0.0,0,13,12,92.3,12,114.2,12,9.5,1,57,96,8.0,4.8,4.75,-3.3,0,100.0,100.0,1,1,0.0,0,2,0,77.3,73.7,0,15,0.0,0,72,9,90.3,65,122.7,9,13.8,1,41,71,7.9,4.6,0.63,33.6,1,55.6,66.7,2,3,0.0,0,5,0,73.4,97.4,1,57,0.0,0,18,5,94.4,17,100.5,9,52.9,2,173,21,4.2,34.6,10.18,14.6,2,34.8,0.0,0,2,11.1,1,8,0,56.7,93.4,1,32,0.0,0,53,8,94.3,50,47.6,23,46.0,0,191,73,9.1,23.9,3.82,5.0,1,66.7,50.0,2,4,14.3,2,4,0,46.0,74.7,0,11,0.0,0,103,12,91.3,94,78.5,18,19.1,0,90,22,1.8,7.5,0.96,0,31.4,1,44.0,30.0,3,10,15.4,2,11,0,43.8,97.3,2,77,0.0,0,28,11,89.3,25,97.1,25,19.8,4,382,79,7.2,34.7,15.28,30,-2.5,0,100.0,,0,0,0.0,0,0,0,70.5,61.3,0,8,0.0,0,15,2,80.0,12,87.5,2,16.7,0,10,15,7.5,5.0,0.83,35.3,0,33.3,0.0,0,1,0.0,0,2,0,68.3,91.5,1,30,0.0,0,15,2,86.7,13,70.1,6,46.2,1,58,8,4.0,29.0,4.46,15.6,0,14.3,0.0,0,6,33.3,1,2,0,29.9,63.3,0,18,0.0,0,36,2,94.4,34,39.6,14,41.2,0,29,1,0.5,14.5,0.85,5.5,2,61.5,50.0,1,2,0.0,0,1,0,78.0,75.6,0,12,0.0,0,52,8,94.2,49,72.9,13,26.5,0,61,23,2.9,7.6,1.24,15.3,2,30.4,0.0,0,8,12.5,2,14,0,51.2,93.2,1,32,0.0,0,47,14,97.9,46,53.4,46,36.5,1,306,96,6.9,21.9,6.65,0,-4.0,0,100.0,,0,0,0.0,0,0,0,64.7,60.4,0,6,0.0,0,8,1,100.0,8,91.7,1,12.5,0,6,10,10.0,6.0,0.75,27.0,0,40.0,16.7,1,6,33.3,2,4,0,28.7,91.3,0,77,0.0,0,28,4,82.1,23,120.8,10,43.5,1,151,50,12.5,37.8,6.57,16.8,0,44.4,,0,0,0.0,0,4,0,72.1,92.3,0,24,0.0,0,30,4,90.0,27,116.0,9,33.3,1,86,22,5.5,21.5,3.19,4.3,1,50.0,50.0,1,2,25.0,2,2,0,29.7,58.6,1,11,0.0,0,43,6,100.0,43,23.6,12,27.9,0,42,14,2.3,7.0,0.98,4.9,4,60.5,50.0,4,8,13.3,4,7,0,46.5,74.5,1,12,0.0,0,46,26,93.5,43,61.5,43,34.1,0,193,59,2.3,7.4,4.49
Nico Collins,61441,WR,HST,16,124,-2.6,0,100.0,,0,0,0.0,0,0,0,74.6,62.1,0,7,0.0,0,6,5,83.3,5,79.2,5,4.0,0,8,21,4.2,1.6,1.6,-2.7,0,100.0,,0,0,0.0,0,0,0,72.1,61.9,0,4,0.0,0,23,3,91.3,21,79.2,3,14.3,0,2,10,3.3,0.7,0.1,28.7,0,66.7,100.0,2,2,33.3,1,2,0,29.9,91.2,0,46,0.0,0,11,2,100.0,11,109.7,3,27.3,0,68,2,1.0,34.0,6.18,13.6,6,71.4,57.1,4,7,0.0,0,19,0,84.1,99.9,1,57,0.0,0,51,20,94.1,48,138.4,28,58.3,4,381,127,6.4,19.1,7.94,5.6,0,69.0,60.0,6,10,0.0,0,8,1,70.5,86.6,0,21,0.0,0,114,20,94.7,108,88.7,29,26.9,0,203,91,4.6,10.2,1.88,0,29.8,0,43.5,62.5,5,8,9.1,1,10,0,58.5,97.2,0,54,0.0,0,25,10,92.0,23,119.4,23,18.5,2,341,51,5.1,34.1,14.83,13,-3.0,0,100.0,,0,0,0.0,0,0,0,64.7,60.8,0,7,0.0,0,9,1,88.9,8,95.8,1,12.5,0,7,10,10.0,7.0,0.88,33.5,0,37.5,0.0,0,2,0.0,0,3,0,70.5,93.5,0,50,0.0,0,15,3,80.0,12,125.0,8,66.7,1,111,26,8.7,37.0,9.25,13.8,0,62.5,100.0,1,1,0.0,0,5,0,74.6,95.3,0,22,0.0,0,24,5,87.5,21,97.9,8,38.1,0,84,16,3.2,16.8,4.0,5.0,0,54.5,0.0,0,2,0.0,0,2,0,74.6,72.6,0,8,0.0,0,54,6,100.0,54,60.0,11,20.4,0,28,4,0.7,4.7,0.52,13.9,6,57.1,45.5,5,11,0.0,0,27,0,87.6,99.9,1,57,0.0,0,53,28,92.5,49,113.2,49,39.5,4,527,162,5.8,18.8,10.76,0,-2.0,0,100.0,,0,0,0.0,0,0,0,64.7,60.5,0,-1,0.0,0,11,1,100.0,11,79.2,1,9.1,0,-1,1,1.0,-1.0,-0.09,27.6,0,41.7,75.0,3,4,0.0,0,5,0,73.4,95.0,0,54,0.0,0,26,5,92.3,24,116.7,12,50.0,1,162,23,4.6,32.4,6.75,14.5,0,23.1,0.0,0,3,0.0,0,3,0,70.5,90.6,0,23,0.0,0,39,3,87.2,34,47.0,13,38.2,0,62,19,6.3,20.7,1.82,6.1,0,71.4,100.0,3,3,0.0,0,2,0,74.6,85.8,0,8,0.0,0,65,5,92.3,60,80.1,7,11.7,0,31,3,0.6,6.2,0.52,5.5,0,66.0,60.0,9,15,0.0,0,12,1,78.4,90.1,0,21,0.0,0,50,31,94.0,47,80.3,47,37.9,0,262,98,3.2,8.5,5.57
Michael Wilson,84423,WR,ARZ,17,124,-2.3,0,100.0,,0,0,0.0,0,0,0,73.4,80.9,0,4,0.0,0,5,3,60.0,3,79.2,3,2.4,0,6,13,4.3,2.0,2.0,-3.0,0,100.0,,0,0,0.0,0,0,0,70.5,74.2,0,4,0.0,0,42,2,95.2,40,79.2,2,5.0,0,2,8,4.0,1.0,0.05,30.2,0,20.0,0.0,0,1,0.0,0,1,0,64.7,73.2,1,11,0.0,0,16,1,100.0,16,39.6,5,31.3,1,11,0,0.0,11.0,0.69,14.1,1,46.7,100.0,3,3,0.0,0,6,0,75.6,91.6,1,50,2.1,1,47,7,93.6,44,50.7,15,34.1,0,135,39,5.6,19.3,3.07,4.6,2,76.5,66.7,6,9,0.0,0,13,0,86.9,92.6,1,23,0.0,0,168,26,93.5,157,78.7,34,21.7,0,205,85,3.3,7.9,1.31,0,29.4,0,34.8,44.4,4,9,0.0,0,8,0,77.3,96.0,2,43,0.0,0,27,8,85.2,23,77.9,23,18.5,3,240,26,3.3,30.0,10.43,1,,0,,,0,0,,0,0,0,64.7,78.5,0,0,0.0,0,13,0,92.3,12,0.0,0,0.0,0,0,0,,,0.0,30.4,0,55.6,50.0,3,6,0.0,0,5,0,73.4,94.8,1,43,0.0,0,23,5,78.3,18,97.9,9,50.0,1,163,14,2.8,32.6,9.06,14.7,2,53.3,50.0,3,6,20.0,2,8,0,38.7,93.0,0,38,0.0,0,40,8,95.0,38,126.1,15,39.5,3,144,40,5.0,18.0,3.79,4.5,1,72.7,0.0,0,1,20.0,2,4,0,38.4,76.4,0,10,0.0,0,51,8,92.2,47,83.9,11,23.4,0,56,21,2.6,7.0,1.19,14.5,3,59.0,76.9,10,13,8.0,2,22,0,62.5,97.0,1,50,0.0,0,40,23,97.5,39,118.6,39,31.5,4,411,93,4.0,17.9,10.54,0,-1.0,0,100.0,,0,0,0.0,0,0,0,64.7,61.0,0,4,0.0,0,20,1,95.0,19,83.3,1,5.3,0,4,5,5.0,4.0,0.21,28.0,0,22.2,50.0,1,2,0.0,0,2,0,70.5,93.4,0,34,0.0,0,19,2,84.2,16,94.7,9,56.3,1,66,12,6.0,33.0,4.13,14.9,0,88.9,100.0,4,4,0.0,0,8,0,76.5,97.1,0,20,0.0,0,33,8,90.9,30,155.8,9,30.0,1,132,14,1.8,16.5,4.4,5.5,0,71.4,100.0,2,2,0.0,0,4,0,78.0,84.5,1,20,0.0,0,64,10,100.0,64,58.0,14,21.9,0,88,39,3.9,8.8,1.38,4.8,3,74.6,66.7,8,12,4.3,2,21,0,77.3,92.5,2,23,0.0,0,63,44,93.7,59,74.8,59,47.6,0,349,145,3.3,7.9,5.92
DeVonta Smith,61100,WR,PHI,18,122,-3.1,1,92.3,,0,0,7.7,1,3,0,63.2,70.7,0,13,0.0,0,14,12,92.9,13,86.9,13,10.7,0,63,101,8.4,5.3,4.85,-3.8,1,100.0,,0,0,0.0,0,2,0,78.0,78.9,0,13,0.0,0,28,9,96.4,27,91.7,9,33.3,0,54,88,9.8,6.0,2.0,43.8,1,25.0,,0,0,0.0,0,1,0,64.7,91.5,0,79,0.0,0,13,1,100.0,13,118.8,4,30.8,1,79,29,29.0,79.0,6.08,13.9,2,72.7,33.3,1,3,0.0,0,7,0,77.3,97.7,1,28,0.0,0,33,8,93.9,31,76.9,11,35.5,0,154,37,4.6,19.3,4.97,5.6,1,91.7,100.0,2,2,4.3,1,9,0,72.1,91.9,0,21,0.0,0,101,22,97.0,98,99.8,24,24.5,0,191,70,3.2,8.7,1.95,0,33.5,1,34.8,50.0,6,12,0.0,0,8,0,77.3,98.4,0,79,0.0,0,26,8,88.5,23,112.1,23,18.9,2,335,45,5.6,41.9,14.57,24,-1.5,0,75.0,,0,0,25.0,1,1,0,36.2,46.9,0,7,0.0,0,16,3,100.0,16,77.1,4,25.0,0,9,13,4.3,3.0,0.56,30.3,0,25.0,50.0,3,6,0.0,0,3,0,72.1,93.6,0,44,0.0,0,35,3,85.7,30,92.4,12,40.0,1,108,7,2.3,36.0,3.6,13.4,0,50.0,0.0,0,3,20.0,1,4,0,29.3,80.4,0,20,0.0,0,26,4,88.5,23,71.4,8,34.8,0,53,3,0.8,13.3,2.3,5.0,2,64.3,0.0,0,1,0.0,0,4,0,77.3,80.0,0,16,0.0,0,72,9,98.6,71,76.2,14,19.7,0,69,29,3.2,7.7,0.97,13.5,2,61.3,14.3,1,7,5.0,1,18,0,59.7,96.8,1,30,0.0,0,35,19,88.6,31,83.4,31,25.4,0,325,68,3.6,17.1,10.48,0,,0,,,0,0,,0,0,0,,,0,0,0.0,0,11,0,90.9,10,0.0,0,0.0,0,0,0,,,0.0,33.1,0,57.1,50.0,3,6,0.0,0,4,0,72.1,97.9,0,52,0.0,0,27,4,88.9,24,101.8,7,29.2,0,148,9,2.3,37.0,6.17,13.3,0,58.3,0.0,0,1,0.0,0,7,0,75.6,93.3,0,30,0.0,0,35,7,88.6,31,91.7,12,38.7,0,118,28,4.0,16.9,3.81,4.3,0,88.2,33.3,1,3,0.0,0,4,0,81.1,86.4,0,16,0.0,0,67,15,95.5,64,129.2,17,26.6,2,95,31,2.1,6.3,1.48,5.0,3,83.6,50.0,3,6,2.1,1,17,0,84.7,92.4,0,21,0.0,0,57,46,96.5,55,105.7,55,45.1,2,355,130,2.8,7.7,6.45
Zay Flowers,97268,WR,BLT,17,117,-3.3,4,87.5,,0,0,6.7,1,2,0,65.9,80.5,0,23,0.0,0,17,14,94.1,16,108.6,16,13.7,1,81,125,8.9,5.8,5.06,-3.8,1,88.9,,0,0,0.0,0,0,0,77.3,82.4,0,10,0.0,0,26,8,96.2,25,85.6,9,36.0,0,41,70,8.8,5.1,1.64,29.8,0,50.0,0.0,0,1,0.0,0,3,0,70.5,93.6,0,64,0.0,0,7,3,100.0,7,135.4,6,85.7,2,134,44,14.7,44.7,19.14,14.5,0,76.2,0.0,0,1,5.9,1,15,0,66.7,96.8,2,39,0.0,0,52,16,94.2,49,78.1,21,42.9,0,284,55,3.4,17.8,5.8,2.8,5,88.0,100.0,4,4,0.0,0,6,3,84.5,80.0,0,33,0.0,0,103,22,93.2,96,94.5,25,26.0,0,167,104,4.7,7.6,1.74,0,27.2,3,57.1,25.0,1,4,0.0,0,12,0,80.0,99.0,0,64,0.0,0,23,12,91.3,21,141.4,21,17.9,3,435,102,8.5,36.3,20.71,3,-2.6,2,100.0,,0,0,0.0,0,1,0,73.4,71.3,0,23,0.0,0,14,5,100.0,14,127.9,5,35.7,1,26,39,7.8,5.2,1.86,26.8,1,50.0,,0,0,0.0,0,2,0,70.5,79.1,0,28,0.0,0,17,2,82.4,14,133.3,4,28.6,1,48,-2,-1.0,24.0,3.43,16.3,0,50.0,,0,0,33.3,1,2,0,29.9,71.7,0,20,0.0,0,22,2,95.5,21,80.2,4,19.0,0,35,0,0.0,17.5,1.67,5.1,3,81.8,66.7,2,3,10.0,1,5,0,56.7,91.2,0,13,0.0,0,41,9,92.7,38,125.0,11,28.9,1,74,29,3.2,8.2,1.95,14.9,0,60.6,0.0,0,2,13.0,3,19,0,46.4,94.9,2,39,0.0,0,33,20,100.0,33,72.0,33,28.2,0,354,54,2.7,17.7,10.73,0,-3.0,1,50.0,,0,0,50.0,1,1,0,28.9,59.4,0,14,0.0,0,13,1,100.0,13,72.9,2,15.4,0,14,16,16.0,14.0,1.08,25.9,2,63.6,33.3,1,3,0.0,0,7,0,75.6,99.5,0,56,0.0,0,27,7,88.9,24,107.2,11,45.8,0,253,60,8.6,36.1,10.54,15.3,0,25.0,0.0,0,1,33.3,1,2,0,29.9,59.8,0,19,0.0,0,26,2,88.5,23,45.3,8,34.8,0,35,-1,-0.5,17.5,1.52,4.5,1,81.8,,0,0,0.0,0,4,0,77.3,87.3,0,36,0.0,0,48,9,95.8,46,104.5,11,23.9,0,100,59,6.6,11.1,2.17,3.7,9,85.1,85.7,6,7,2.4,1,15,3,82.2,91.2,0,36,0.0,0,50,40,94.0,47,104.0,47,40.2,1,341,192,4.8,8.5,7.26
Stefon Diggs,9579,WR,NE,20,116,-2.4,1,100.0,,0,0,0.0,0,0,0,73.4,62.4,0,6,0.0,0,5,5,100.0,5,79.2,5,4.3,0,15,27,5.4,3.0,3.0,-2.3,1,100.0,,0,0,0.0,0,0,0,70.5,61.9,0,5,0.0,0,27,3,100.0,27,79.2,3,11.1,0,6,13,4.3,2.0,0.22,25.0,0,50.0,,0,0,33.3,1,2,0,29.9,82.5,0,34,0.0,0,18,2,88.9,16,95.8,4,25.0,0,57,15,7.5,28.5,3.56,14.6,0,63.2,100.0,2,2,0.0,0,12,0,79.4,96.9,2,33,0.0,0,49,12,95.9,47,84.8,19,40.4,1,248,74,6.2,20.7,5.28,4.6,4,90.9,80.0,4,5,2.4,1,17,0,82.2,94.8,0,30,0.0,0,113,40,96.5,109,120.9,44,40.4,3,333,154,3.9,8.3,3.06,0,25.2,0,66.7,75.0,3,4,11.1,1,8,0,56.7,95.3,0,34,0.0,0,16,8,75.0,12,109.7,12,10.3,0,217,25,3.1,27.1,18.08,19,,0,,,0,0,,0,0,0,,,0,0,0.0,0,7,0,100.0,7,0.0,0,0.0,0,0,0,,,0.0,26.0,0,0.0,0.0,0,1,,0,0,0,,57.0,0,0,0.0,0,23,0,78.3,18,39.6,2,11.1,0,0,0,,,0.0,16.0,0,100.0,100.0,1,1,0.0,0,2,0,68.3,90.3,0,18,0.0,0,19,2,100.0,19,118.8,2,10.5,0,34,2,1.0,17.0,1.79,3.8,5,85.0,33.3,1,3,0.0,0,7,0,82.2,90.7,0,21,0.0,0,47,17,95.7,45,111.0,20,44.4,1,133,78,4.6,7.8,2.96,14.3,0,69.6,100.0,4,4,0.0,0,15,0,81.7,98.2,2,33,0.0,0,25,16,92.0,23,90.4,23,19.8,1,302,76,4.8,18.9,13.13,0,-2.5,0,100.0,,0,0,0.0,0,0,0,68.3,61.5,0,6,0.0,0,10,2,100.0,10,85.4,2,20.0,0,9,14,7.0,4.5,0.9,25.0,0,100.0,100.0,3,3,0.0,0,6,0,75.6,96.7,0,32,0.0,0,23,6,82.6,19,118.8,6,31.6,0,160,10,1.7,26.7,8.42,10.0,0,100.0,100.0,1,1,0.0,0,1,0,68.3,93.4,0,10,4.8,1,21,2,81.0,17,108.3,2,11.8,0,20,0,0.0,10.0,1.18,5.4,2,83.3,,0,0,9.1,1,7,0,58.5,89.1,0,18,0.0,0,51,10,94.1,48,96.5,12,25.0,0,86,36,3.6,8.6,1.79,4.5,11,88.2,62.5,5,8,2.9,2,31,0,85.3,95.3,0,30,0.0,0,77,67,98.7,76,114.5,76,65.5,4,552,268,4.0,8.2,7.26
Kyle Pitts,83964,TE,ATL,17,114,-2.5,1,83.3,,0,0,0.0,0,1,0,78.0,77.4,1,11,0.0,0,12,10,100.0,12,47.6,12,10.5,0,45,68,6.8,4.5,3.75,-2.7,1,85.7,,0,0,0.0,0,0,0,74.6,65.4,1,10,15.2,7,46,6,82.6,38,39.6,7,18.4,0,17,34,5.7,2.8,0.45,20.0,0,100.0,,0,0,0.0,0,1,0,68.3,94.0,0,24,7.1,1,14,1,78.6,11,118.8,1,9.1,0,24,4,4.0,24.0,2.18,12.6,0,72.7,80.0,4,5,11.1,1,8,0,54.5,96.0,0,26,2.0,1,50,8,94.0,47,108.5,11,23.4,0,121,25,3.1,15.1,2.57,4.4,5,86.5,70.0,7,10,3.0,1,16,0,78.9,96.2,2,24,0.9,1,113,32,97.3,110,84.1,37,33.6,1,275,131,4.1,8.6,2.5,0,24.5,0,45.5,0.0,0,1,16.7,1,5,0,49.2,96.6,0,36,0.0,0,13,5,84.6,11,119.1,11,9.6,1,129,25,5.0,25.8,11.73,2,-3.0,0,50.0,,0,0,0.0,0,1,0,64.7,76.7,0,11,9.5,2,21,1,90.5,19,66.7,2,10.5,0,11,12,12.0,11.0,0.58,26.0,0,25.0,,0,0,50.0,1,1,0,28.8,69.1,0,22,4.0,1,25,1,88.0,22,50.0,4,18.2,0,22,1,1.0,22.0,1.0,15.7,0,50.0,0.0,0,1,0.0,0,3,0,70.5,91.8,0,25,7.3,3,41,3,85.4,35,91.0,6,17.1,0,68,21,7.0,22.7,1.94,2.8,0,87.5,,0,0,0.0,0,1,0,75.6,62.0,0,7,1.7,1,59,7,91.5,54,83.3,8,14.8,0,32,14,2.0,4.6,0.59,13.7,0,69.2,57.1,4,7,5.3,1,18,0,68.7,98.8,0,26,0.0,0,27,18,96.3,26,121.0,26,22.8,1,302,66,3.7,16.8,11.62,0,-1.7,0,100.0,,0,0,0.0,0,0,0,70.5,76.5,0,8,18.8,3,16,3,81.3,13,90.3,3,23.1,0,17,22,7.3,5.7,1.31,24.2,0,50.0,0.0,0,1,0.0,0,3,0,70.5,96.1,0,36,4.0,1,25,3,84.0,21,135.4,6,28.6,1,83,20,6.7,27.7,3.95,13.6,0,77.8,0.0,0,1,0.0,0,7,0,75.6,97.3,0,26,0.0,0,41,7,95.1,39,155.8,9,23.1,1,113,20,2.9,16.1,2.9,3.6,3,80.0,0.0,0,2,5.9,1,10,0,66.7,94.9,0,18,0.0,0,49,16,98.0,48,130.2,20,41.7,2,145,95,5.9,9.1,3.02,4.0,8,84.6,58.3,7,12,3.5,2,27,0,81.2,96.2,2,24,0.0,0,68,55,95.6,65,98.2,65,57.0,3,452,240,4.4,8.2,6.95
CeeDee Lamb,61570,WR,DAL,14,114,-3.8,3,100.0,100.0,1,1,0.0,0,0,0,76.5,77.3,0,11,0.0,0,8,8,100.0,8,83.9,8,7.0,0,33,63,7.9,4.1,4.13,-2.7,0,100.0,100.0,1,1,0.0,0,0,0,70.5,74.7,0,11,0.0,0,29,3,100.0,29,87.5,3,10.3,0,15,23,7.7,5.0,0.52,32.9,0,42.9,25.0,1,4,25.0,1,3,0,36.2,92.0,1,74,0.0,0,20,3,85.0,17,89.9,7,41.2,1,155,53,17.7,51.7,9.12,13.9,1,56.3,33.3,1,3,10.0,1,9,0,58.5,92.5,0,18,0.0,0,48,9,87.5,42,85.7,16,38.1,0,141,20,2.2,15.7,3.36,5.9,1,63.6,54.5,6,11,17.6,3,4,0,35.8,64.1,1,14,0.0,0,97,14,94.8,92,55.9,22,23.9,0,104,29,2.1,7.4,1.13,0,31.2,0,56.0,37.5,3,8,12.5,2,14,0,49.8,98.8,1,74,0.0,0,29,14,86.2,25,123.8,25,21.9,3,487,102,7.3,34.8,19.48,9,-4.8,3,100.0,,0,0,0.0,0,0,0,72.1,73.1,0,9,0.0,0,21,4,100.0,21,86.5,4,19.0,0,19,38,9.5,4.8,0.9,29.1,0,42.9,33.3,1,3,25.0,1,3,0,36.8,92.3,0,33,0.0,0,18,3,88.9,16,89.6,7,43.8,0,87,18,6.0,29.0,5.44,15.7,2,42.9,,0,0,25.0,1,3,0,36.2,90.2,0,26,0.0,0,18,3,94.4,17,77.7,7,41.2,0,67,23,7.7,22.3,3.94,4.8,1,81.8,,0,0,10.0,1,4,0,56.7,79.0,0,13,0.0,0,53,9,90.6,48,92.0,11,22.9,0,67,19,2.1,7.4,1.4,14.2,3,53.1,28.6,2,7,10.5,2,17,0,56.9,95.3,0,26,0.0,0,38,17,84.2,32,83.2,32,28.1,0,283,54,3.2,16.6,8.84,0,-3.0,0,100.0,,0,0,0.0,0,0,0,64.7,61.1,0,-1,0.0,0,9,1,88.9,8,79.2,1,12.5,0,-1,2,2.0,-1.0,-0.13,31.4,0,72.7,100.0,1,1,0.0,0,8,0,76.5,98.7,0,48,0.0,0,25,8,68.0,17,154.4,11,64.7,2,245,31,3.9,30.6,14.41,13.4,0,55.6,25.0,1,4,0.0,0,5,0,74.6,93.7,0,24,0.0,0,25,5,88.0,22,83.1,9,40.9,0,75,11,2.2,15.0,3.41,4.3,2,81.3,66.7,2,3,0.0,0,4,0,80.0,85.4,1,21,0.0,0,61,13,91.8,56,67.4,16,28.6,0,103,53,4.1,7.9,1.84,5.1,4,73.5,57.1,8,14,10.0,4,12,0,54.3,81.5,2,21,0.0,0,55,36,89.1,49,69.6,49,43.0,0,274,101,2.8,7.6,5.59
Khalil Shakir,84140,WR,BUF,18,112,-2.8,12,88.4,,0,0,5.0,2,12,0,74.8,91.6,0,44,0.0,0,47,38,91.5,43,106.6,43,38.4,2,252,356,9.4,6.6,5.86,-2.8,8,88.2,,0,0,3.2,1,10,0,78.9,92.5,0,44,0.0,0,71,30,94.4,67,111.9,34,50.7,2,209,293,9.8,7.0,3.12,23.0,0,50.0,50.0,1,2,0.0,0,1,0,64.7,90.5,1,26,0.0,0,15,1,93.3,14,56.3,2,14.3,0,26,0,0.0,26.0,1.86,12.8,0,50.0,0.0,0,3,0.0,0,4,1,72.1,79.2,1,33,0.0,0,37,4,100.0,37,49.0,8,21.6,0,86,36,9.0,21.5,2.32,3.9,10,86.5,40.0,2,5,5.9,2,10,0,69.0,92.4,0,46,1.0,1,99,32,98.0,97,99.1,37,38.1,0,288,154,4.8,9.0,2.97,0,26.3,0,50.0,60.0,3,5,0.0,0,3,0,70.5,92.0,1,37,0.0,0,6,3,100.0,6,56.3,6,5.4,0,87,3,1.0,29.0,14.5,4,-3.3,2,100.0,,0,0,0.0,0,2,0,72.1,86.4,0,15,0.0,0,12,4,100.0,12,92.7,4,33.3,0,25,38,9.5,6.3,2.08,21.0,0,0.0,,0,0,,0,0,0,,59.9,0,0,0.0,0,20,0,90.0,18,39.6,1,5.6,0,0,0,,,0.0,15.0,0,0.0,,0,0,,0,0,0,,57.4,0,0,0.0,0,27,0,88.9,24,39.6,1,4.2,0,0,0,,,0.0,3.1,0,100.0,100.0,1,1,0.0,0,2,0,75.6,84.6,0,20,0.0,0,32,7,96.9,31,103.0,7,22.6,0,61,39,5.6,8.7,1.97,13.5,0,38.5,16.7,1,6,16.7,1,4,1,46.3,78.3,1,18,0.0,0,14,5,92.9,13,48.2,13,11.6,1,64,3,0.6,12.8,4.92,0,-2.2,2,80.0,,0,0,20.0,1,0,0,45.8,51.9,0,6,6.3,1,16,4,81.3,13,81.7,5,38.5,0,18,25,6.3,4.5,1.38,30.3,0,66.7,66.7,2,3,0.0,0,2,0,68.3,86.0,0,37,0.0,0,22,2,90.9,20,109.7,3,15.0,0,61,3,1.5,30.5,3.05,14.5,0,25.0,33.3,1,3,50.0,1,1,0,28.9,70.2,0,11,0.0,0,23,1,91.3,21,79.2,4,19.0,1,11,0,0.0,11.0,0.52,2.3,3,100.0,,0,0,0.0,0,2,0,74.6,92.3,0,54,0.0,0,43,6,86.0,37,158.3,6,16.2,1,91,77,12.8,15.2,2.46,3.6,13,90.0,50.0,3,6,4.3,2,14,0,76.5,93.8,0,54,0.0,0,51,45,98.0,50,110.0,50,44.6,1,440,270,6.0,9.8,8.8
Jakobi Meyers,47468,WR,JAX,17,111,-3.2,0,80.0,,0,0,0.0,0,1,0,72.1,71.2,0,9,0.0,0,5,4,100.0,5,88.3,5,4.5,0,26,40,10.0,6.5,5.2,-3.0,0,100.0,,0,0,0.0,0,1,0,68.3,76.3,0,9,0.0,0,28,2,96.4,27,102.1,2,7.4,0,17,23,11.5,8.5,0.63,23.2,0,40.0,0.0,0,3,0.0,0,2,0,68.3,90.7,1,50,0.0,0,24,2,91.7,22,47.9,5,22.7,0,75,34,17.0,37.5,3.41,13.4,3,51.9,57.1,4,7,12.5,2,13,0,49.6,92.7,6,23,0.0,0,58,14,98.3,57,51.4,27,47.4,1,216,31,2.2,15.4,3.79,4.9,4,85.0,0.0,0,2,5.6,1,9,0,67.7,93.8,0,25,0.0,0,105,17,94.3,99,120.0,20,20.2,1,176,92,5.4,10.4,1.78,0,23.1,0,33.3,0.0,0,5,0.0,0,3,0,70.5,90.8,1,50,0.0,0,9,3,100.0,9,42.4,9,8.1,0,120,58,19.3,40.0,13.33,15,-5.0,0,100.0,,0,0,0.0,0,0,0,64.7,61.0,0,5,0.0,0,15,1,93.3,14,87.5,1,7.1,0,5,10,10.0,5.0,0.36,24.0,0,0.0,0.0,0,1,,0,0,0,,59.8,0,0,0.0,0,22,0,100.0,22,39.6,1,4.5,0,0,0,,,0.0,14.0,0,44.4,60.0,3,5,20.0,1,3,0,42.1,82.8,0,16,0.0,0,35,4,88.6,31,62.7,9,29.0,0,51,0,0.0,12.8,1.65,3.9,2,86.7,100.0,2,2,0.0,0,3,1,80.0,86.1,0,11,0.0,0,66,13,95.5,63,90.8,15,23.8,0,87,38,2.9,6.7,1.38,13.7,3,51.1,50.0,7,14,11.5,3,21,0,50.6,93.8,6,23,0.0,0,45,23,100.0,45,51.6,45,40.5,2,342,43,1.9,14.9,7.6,0,-2.5,0,50.0,,0,0,0.0,0,0,0,64.7,59.5,0,4,0.0,0,15,1,93.3,14,56.3,2,14.3,0,4,7,7.0,4.0,0.29,22.7,0,33.3,0.0,0,1,0.0,0,1,0,64.7,75.9,0,45,0.0,0,24,1,91.7,22,81.9,3,13.6,0,45,24,24.0,45.0,2.05,14.2,0,55.6,0.0,0,2,0.0,0,5,0,73.4,90.7,0,23,0.0,0,31,5,90.3,28,120.1,9,32.1,1,75,12,2.4,15.0,2.68,4.9,0,94.1,100.0,3,3,0.0,0,7,0,81.7,93.4,0,8,0.0,0,57,16,96.5,55,90.2,17,30.9,0,96,19,1.2,6.0,1.75,4.6,6,88.5,71.4,5,7,2.1,1,19,1,84.7,95.1,0,25,0.0,0,54,46,96.3,52,101.8,52,46.8,1,359,149,3.2,7.8,6.9
Michael Pittman Jr.,29049,WR,IND,17,110,-2.5,2,90.0,,0,0,0.0,0,2,0,77.3,86.1,0,12,0.0,0,10,9,100.0,10,115.4,10,9.1,1,37,57,6.3,4.1,3.7,-2.2,2,100.0,,0,0,0.0,0,1,0,73.4,85.6,0,12,0.0,0,37,5,97.3,36,90.8,5,13.9,0,29,40,8.0,5.8,0.81,30.5,0,0.0,,0,0,,0,0,0,,45.8,1,0,0.0,0,11,0,90.9,10,0.0,2,20.0,0,0,0,,,0.0,12.9,0,66.7,50.0,2,4,10.0,2,18,0,57.1,95.2,1,24,1.7,1,59,18,93.2,55,108.1,27,49.1,2,267,43,2.4,14.8,4.85,5.4,3,76.5,20.0,1,5,3.7,1,14,0,65.8,92.0,2,17,0.0,0,140,26,94.3,132,79.4,34,25.8,1,231,79,3.0,8.9,1.75,0,27.8,0,25.0,50.0,1,2,0.0,0,2,0,68.3,84.3,2,27,0.0,0,8,2,100.0,8,52.1,8,7.3,2,48,7,3.5,24.0,6.0,14,-2.0,0,100.0,,0,0,0.0,0,0,0,68.3,61.3,0,1,0.0,0,9,2,88.9,8,79.2,2,25.0,0,0,4,2.0,0.0,0.0,25.0,0,25.0,50.0,1,2,0.0,0,1,0,64.7,92.5,1,21,0.0,0,23,1,78.3,18,49.0,4,22.2,1,21,0,0.0,21.0,1.17,13.7,0,0.0,,0,0,100.0,1,0,0,27.9,40.0,0,0,0.0,0,33,0,100.0,33,39.6,3,9.1,0,0,0,,,0.0,4.4,2,93.8,75.0,3,4,0.0,0,7,0,81.1,86.2,0,18,0.0,0,67,15,97.0,65,118.2,16,24.6,1,118,58,3.9,7.9,1.82,13.2,0,58.8,40.0,2,5,13.0,3,20,0,49.3,94.2,1,24,0.0,0,37,20,91.9,34,94.7,34,30.9,2,296,44,2.2,14.8,8.71,0,-3.3,0,66.7,,0,0,0.0,0,1,0,68.3,82.4,0,4,0.0,0,15,2,93.3,14,109.7,3,21.4,1,8,13,6.5,4.0,0.57,30.5,0,50.0,,0,0,0.0,0,1,0,64.7,65.6,0,27,0.0,0,17,1,88.2,15,135.4,2,13.3,1,27,7,7.0,27.0,1.8,14.8,0,50.0,0.0,0,1,0.0,0,2,0,70.5,79.9,0,15,0.0,0,29,2,82.8,24,74.0,4,16.7,0,29,1,0.5,14.5,1.21,3.4,0,100.0,,0,0,0.0,0,2,0,78.0,79.1,0,16,0.0,0,49,8,93.9,46,94.8,8,17.4,0,54,27,3.4,6.8,1.17,4.9,5,84.5,44.4,4,9,2.0,1,23,0,80.0,92.6,2,18,0.0,0,63,49,92.1,58,93.4,58,52.7,2,412,173,3.5,8.4,7.1
Dalton Schultz,47304,TE,HST,19,108,-3.8,1,100.0,,0,0,0.0,0,1,1,72.1,63.9,0,17,0.0,0,4,4,100.0,4,108.3,4,3.7,0,40,55,13.8,10.0,10.0,-4.5,1,100.0,,0,0,0.0,0,0,1,68.3,48.1,0,11,18.8,6,32,2,75.0,24,106.3,2,8.3,0,19,28,14.0,9.5,0.79,22.3,0,0.0,0.0,0,1,,0,0,0,,56.3,0,0,0.0,0,11,0,100.0,11,39.6,3,27.3,0,0,0,,,0.0,12.7,0,77.8,50.0,1,2,0.0,0,7,0,75.6,97.4,0,47,3.8,2,53,7,92.5,49,118.8,9,18.4,0,152,66,9.4,21.7,3.1,5.4,2,82.1,0.0,0,2,4.2,1,10,0,74.2,95.1,0,16,2.2,3,135,23,93.3,126,95.1,28,22.2,0,191,64,2.8,8.3,1.52,0,23.2,0,0.0,0.0,0,1,,0,0,0,,53.3,0,0,0.0,0,6,0,83.3,5,39.6,5,4.6,0,0,0,,,0.0,13,,0,,,0,0,,0,0,0,,,0,0,21.4,3,14,0,71.4,10,0.0,0,0.0,0,0,0,,,0.0,26.0,0,0.0,,0,0,,0,0,0,,59.9,0,0,27.8,5,18,0,55.6,10,39.6,1,10.0,0,0,0,,,0.0,10.3,0,100.0,,0,0,0.0,0,3,0,70.5,95.1,0,16,11.5,3,26,3,80.8,21,149.3,3,14.3,1,31,6,2.0,10.3,1.48,3.9,3,90.9,,0,0,0.0,0,7,0,83.6,92.9,0,42,9.0,6,67,20,89.6,60,118.0,22,36.7,1,191,120,6.0,9.6,3.18,12.5,0,66.7,40.0,2,5,0.0,0,14,0,65.6,98.4,0,47,0.0,0,24,14,87.5,21,135.8,21,19.4,2,234,82,5.9,16.7,11.14,0,-3.0,0,100.0,,0,0,0.0,0,1,0,68.3,89.8,0,17,20.0,2,10,2,80.0,8,110.4,2,25.0,0,21,27,13.5,10.5,2.63,23.0,0,0.0,,0,0,,0,0,0,,54.5,0,0,0.0,0,29,0,89.7,26,39.6,1,3.8,0,0,0,,,0.0,13.1,0,44.4,33.3,1,3,0.0,0,4,0,45.8,92.4,0,20,15.9,7,44,4,75.0,33,99.8,9,27.3,1,51,10,2.5,12.8,1.55,3.6,3,92.9,,0,0,0.0,0,9,0,86.5,94.7,0,17,7.6,6,79,26,87.3,69,93.5,28,40.6,0,180,84,3.2,6.9,2.61,4.3,8,88.5,0.0,0,2,1.4,1,26,0,90.4,96.7,0,42,0.0,0,81,69,96.3,78,101.0,78,72.2,1,562,268,3.9,8.1,7.21
Tyler Warren,129798,TE,IND,17,106,-3.3,4,93.3,0.0,0,1,0.0,0,9,0,81.1,95.4,0,24,0.0,0,16,14,93.8,15,103.1,15,14.2,0,131,177,12.6,9.4,8.73,-3.2,4,92.9,0.0,0,1,0.0,0,9,0,80.6,95.4,0,24,4.8,2,42,13,90.5,38,104.5,14,36.8,0,127,169,13.0,9.8,3.34,,0,,,0,0,,0,0,0,,,0,0,7.1,1,14,0,85.7,12,0.0,0,0.0,0,0,0,,,0.0,13.2,0,77.8,50.0,1,2,0.0,0,7,0,75.6,96.1,0,24,9.4,6,64,7,87.5,56,154.2,9,16.1,1,109,20,2.9,15.6,1.95,4.2,0,70.6,50.0,3,6,11.1,3,5,0,52.7,82.3,2,12,3.7,5,136,24,90.4,123,65.9,34,27.6,1,161,72,3.0,6.7,1.31,0,21.3,0,66.7,50.0,1,2,0.0,0,2,0,68.3,94.8,0,23,0.0,0,4,2,75.0,3,109.7,3,2.8,0,44,3,1.5,22.0,14.67,14,,0,,,0,0,100.0,1,0,0,,,0,0,36.4,4,11,0,63.6,7,0.0,0,0.0,0,0,0,,,0.0,20.0,0,100.0,100.0,1,1,0.0,0,1,0,64.7,92.9,0,21,4.2,1,24,1,75.0,18,118.8,1,5.6,0,21,1,1.0,21.0,1.17,15.1,0,50.0,33.3,1,3,0.0,0,4,0,72.1,94.7,0,41,3.4,1,29,4,93.1,27,94.8,8,29.6,0,98,32,8.0,24.5,3.63,2.9,1,81.3,50.0,2,4,0.0,0,7,0,80.0,92.8,0,15,11.9,7,59,13,84.7,50,118.0,16,32.0,1,117,82,6.3,9.0,2.34,14.5,0,53.8,25.0,2,8,6.7,1,14,0,65.9,96.0,0,41,0.0,0,28,14,92.9,26,113.3,26,24.5,2,254,65,4.6,18.1,9.77,0,-4.0,0,100.0,,0,0,0.0,0,0,0,64.7,65.1,0,4,13.3,2,15,1,86.7,13,83.3,1,7.7,0,4,8,8.0,4.0,0.31,22.0,0,50.0,0.0,0,1,0.0,0,1,0,64.7,89.9,0,23,11.1,2,18,1,83.3,15,91.7,2,13.3,0,23,2,2.0,23.0,1.53,15.1,0,33.3,0.0,0,3,25.0,1,3,0,42.1,69.2,0,23,3.6,1,28,3,82.1,23,88.7,9,39.1,1,47,13,4.3,15.7,2.04,3.4,0,75.0,50.0,1,2,0.0,0,5,0,77.3,93.6,0,29,8.3,4,48,9,85.4,41,102.8,12,29.3,0,110,88,9.8,12.2,2.68,3.7,1,74.2,50.0,6,12,6.1,3,17,0,69.8,92.8,2,29,0.0,0,65,46,95.4,62,87.3,62,58.5,2,388,242,5.3,8.4,6.26
Ladd McConkey,124030,WR,LAC,17,106,-3.1,1,100.0,,0,0,0.0,0,0,0,76.5,70.3,0,8,0.0,0,8,8,100.0,8,81.8,8,7.5,0,29,54,6.8,3.6,3.63,-5.0,0,100.0,,0,0,0.0,0,0,0,64.7,61.0,0,5,0.0,0,29,1,96.6,28,87.5,1,3.6,0,5,10,10.0,5.0,0.18,31.3,0,0.0,0.0,0,2,,0,0,0,,55.9,1,0,0.0,0,14,0,78.6,11,0.0,4,36.4,0,0,0,,,0.0,13.1,2,76.5,50.0,1,2,0.0,0,10,0,80.6,96.6,1,58,0.0,0,50,13,94.0,47,93.4,17,36.2,0,249,79,6.1,19.2,5.3,5.1,3,75.0,0.0,0,2,4.5,1,9,0,72.1,91.7,0,16,0.0,0,141,21,97.9,138,118.0,28,20.3,2,199,95,4.5,9.5,1.44,0,27.7,0,16.7,0.0,0,6,25.0,1,3,0,36.2,72.9,2,31,0.0,0,19,3,94.7,18,43.8,18,17.0,2,83,2,0.7,27.7,4.61,27,-4.0,1,100.0,,0,0,0.0,0,0,0,68.3,61.7,0,4,7.1,1,14,2,92.9,13,79.2,2,15.4,0,4,12,6.0,2.0,0.31,28.7,0,14.3,0.0,0,2,0.0,0,1,0,64.7,68.6,1,31,0.0,0,31,1,90.3,28,6.0,7,25.0,0,31,2,2.0,31.0,1.11,14.4,1,60.0,0.0,0,1,0.0,0,2,0,36.2,80.0,0,23,0.0,0,19,3,89.5,17,92.1,5,29.4,0,48,3,1.0,16.0,2.82,4.4,3,75.0,,0,0,0.0,0,4,0,77.3,90.0,1,42,0.0,0,46,9,97.8,45,91.3,12,26.7,1,97,59,6.6,10.8,2.16,13.5,3,67.9,50.0,2,4,0.0,0,15,0,70.5,96.5,2,58,0.0,0,30,19,93.3,28,80.4,28,26.4,0,346,92,4.8,18.2,12.36,0,-2.4,0,100.0,,0,0,0.0,0,0,0,73.4,72.1,0,8,0.0,0,17,5,94.1,16,83.3,5,31.3,0,20,32,6.4,4.0,1.25,24.7,0,28.6,0.0,0,2,33.3,1,2,0,29.9,76.4,0,27,0.0,0,28,2,96.4,27,97.6,7,25.9,2,52,0,0.0,26.0,1.93,14.0,0,50.0,100.0,1,1,0.0,0,3,0,70.5,90.4,1,20,0.0,0,27,3,88.9,24,38.2,6,25.0,0,49,10,3.3,16.3,2.04,5.7,3,75.0,50.0,1,2,10.0,1,6,0,56.7,91.5,0,12,0.0,0,66,9,100.0,66,115.6,12,18.2,1,67,20,2.2,7.4,1.02,5.1,9,75.0,25.0,1,4,4.9,2,19,0,73.7,93.7,1,42,0.0,0,54,39,96.3,52,111.3,52,49.1,4,363,174,4.5,9.3,6.98
Colston Loveland,158540,TE,CHI,18,106,-4.0,0,100.0,,0,0,0.0,0,0,0,64.7,61.1,0,5,0.0,0,1,1,100.0,1,87.5,1,0.9,0,5,9,9.0,5.0,5.0,-4.0,0,100.0,,0,0,0.0,0,0,0,64.7,61.1,0,5,7.7,2,26,1,88.5,23,87.5,1,4.3,0,5,9,9.0,5.0,0.22,25.0,2,100.0,,0,0,0.0,0,4,0,72.1,99.9,0,58,8.0,2,25,4,80.0,20,158.3,4,20.0,2,147,48,12.0,36.8,7.35,13.4,1,57.1,33.3,1,3,0.0,0,7,0,76.5,94.4,0,27,6.1,3,49,8,91.8,45,120.8,14,31.1,2,106,20,2.5,13.3,2.36,6.0,2,72.4,37.5,3,8,0.0,0,12,0,84.5,94.2,1,24,4.8,5,105,21,92.4,97,90.6,29,29.9,1,216,92,4.4,10.3,2.23,0,23.7,3,53.8,0.0,0,1,0.0,0,7,0,75.6,99.9,0,58,0.0,0,13,7,100.0,13,138.6,13,12.3,2,231,64,9.1,33.0,17.77,6,,0,,,0,0,,0,0,0,,,0,0,16.7,1,6,0,83.3,5,0.0,0,0.0,0,0,0,,,0.0,22.7,0,66.7,,0,0,0.0,0,2,0,68.3,96.7,0,32,5.9,1,17,2,94.1,16,109.7,3,18.8,0,61,14,7.0,30.5,3.81,16.4,0,40.0,50.0,1,2,20.0,1,4,0,41.6,91.3,0,22,5.3,1,19,4,94.7,18,69.6,10,55.6,0,82,10,2.5,20.5,4.56,5.4,1,83.3,50.0,2,4,0.0,0,4,0,79.4,92.7,0,19,2.9,1,34,10,88.2,30,97.2,12,40.0,0,88,33,3.3,8.8,2.93,14.8,1,46.4,40.0,2,5,7.1,1,12,0,63.2,95.7,0,31,0.0,0,29,13,96.6,28,97.2,28,26.4,2,219,44,3.4,16.8,7.82,0,,0,,,0,0,,0,0,0,,,0,0,8.3,1,12,0,91.7,11,0.0,0,0.0,0,0,0,,,0.0,23.3,1,16.7,0.0,0,1,0.0,0,1,0,64.7,74.7,0,23,7.7,2,26,1,84.6,22,43.1,6,27.3,0,23,2,2.0,23.0,1.05,16.0,0,25.0,,0,0,0.0,0,1,0,64.7,91.1,0,31,8.0,2,25,1,88.0,22,59.4,4,18.2,0,31,14,14.0,31.0,1.41,4.5,0,78.3,50.0,2,4,5.3,1,9,0,68.7,93.5,0,24,1.6,1,64,18,95.3,61,107.8,23,37.7,1,147,69,3.8,8.2,2.41,5.3,3,76.6,43.8,7,16,2.0,1,25,0,86.9,96.1,1,24,0.0,0,68,49,94.1,64,99.2,64,60.4,2,451,194,4.0,9.2,7.05
Harold Fannin Jr.,163104,TE,CLV,16,104,-3.4,5,83.3,100.0,1,1,0.0,0,2,0,78.0,89.7,0,17,0.0,0,12,10,100.0,12,80.2,12,11.5,0,39,77,7.7,3.9,3.25,-3.5,3,81.8,100.0,1,1,0.0,0,1,0,77.3,74.6,0,12,7.9,3,38,9,89.5,34,79.2,11,32.4,0,22,57,6.3,2.4,0.65,20.0,0,100.0,,0,0,0.0,0,1,0,64.7,90.7,0,25,0.0,0,8,1,87.5,7,118.8,1,14.3,0,25,5,5.0,25.0,3.57,11.8,0,50.0,,0,0,0.0,0,3,0,70.5,82.8,1,20,5.0,2,40,3,87.5,35,38.9,6,17.1,0,50,10,3.3,16.7,1.43,4.5,14,76.1,46.2,6,13,2.8,1,11,0,80.8,93.8,0,24,1.8,2,112,35,93.8,105,93.7,46,43.8,0,311,167,4.8,8.9,2.96,0,24.2,0,66.7,0.0,0,1,20.0,1,4,0,41.6,97.5,1,35,0.0,0,6,4,100.0,6,109.7,6,5.8,2,122,28,7.0,30.5,20.33,8,-3.0,2,100.0,,0,0,0.0,0,1,0,64.7,94.9,0,17,11.1,2,18,1,83.3,15,118.8,1,6.7,0,17,20,20.0,17.0,1.13,26.0,0,100.0,,0,0,0.0,0,1,0,64.7,94.8,0,34,15.4,2,13,1,84.6,11,158.3,1,9.1,1,34,8,8.0,34.0,3.09,13.6,2,50.0,100.0,1,1,33.3,2,3,0,28.6,74.5,0,19,4.0,1,25,4,92.0,23,113.5,8,34.8,1,58,12,3.0,14.5,2.52,2.8,0,70.0,33.3,1,3,12.5,1,2,0,52.1,70.5,0,7,4.9,2,41,7,82.9,34,106.3,10,29.4,1,28,13,1.9,4.0,0.82,13.0,2,57.9,100.0,2,2,15.4,2,10,0,43.5,91.9,1,24,0.0,0,21,11,90.5,19,104.1,19,18.3,2,185,44,4.0,16.8,9.74,0,,0,,,0,0,,0,0,0,,,0,0,11.1,2,18,0,88.9,16,0.0,0,0.0,0,0,0,,,0.0,24.8,0,50.0,0.0,0,1,33.3,1,2,0,29.9,92.1,1,35,0.0,0,15,2,93.3,14,95.8,4,28.6,1,63,15,7.5,31.5,4.5,13.4,0,80.0,100.0,1,1,0.0,0,4,0,72.1,93.6,0,24,0.0,0,19,4,94.7,18,158.3,5,27.8,1,77,22,5.5,19.3,4.28,4.1,1,45.5,0.0,0,1,0.0,0,3,0,75.6,93.7,0,17,10.5,4,38,5,81.6,31,87.7,11,35.5,1,46,30,6.0,9.2,1.48,4.1,15,70.1,41.2,7,17,4.1,2,16,0,79.1,94.3,0,24,0.0,0,71,47,94.4,67,94.4,67,64.4,2,385,210,4.5,8.2,5.75
Drake London,86519,WR,ATL,12,104,-2.0,0,100.0,,0,0,0.0,0,0,0,68.3,61.1,0,-1,0.0,0,2,2,100.0,2,79.2,2,1.9,0,-3,1,0.5,-1.5,-1.5,-3.0,0,100.0,,0,0,0.0,0,0,0,64.7,60.7,0,-2,0.0,0,29,1,96.6,28,79.2,1,3.6,0,-2,1,1.0,-2.0,-0.07,21.5,1,100.0,,0,0,0.0,0,2,0,68.3,93.0,0,30,0.0,0,8,2,87.5,7,118.8,2,28.6,0,56,13,6.5,28.0,8.0,12.6,0,85.7,75.0,3,4,0.0,0,9,1,79.4,95.0,1,41,0.0,0,32,12,93.8,30,89.0,14,46.7,0,198,49,4.1,16.5,6.6,5.6,1,67.9,25.0,2,8,5.0,1,9,0,69.6,91.6,0,39,0.0,0,73,19,97.3,71,102.4,28,39.4,1,214,106,5.6,11.3,3.01,0,26.5,1,53.3,50.0,3,6,0.0,0,8,0,76.5,97.7,0,43,0.0,0,15,8,100.0,15,120.8,15,14.4,1,246,27,3.4,30.8,16.4,2,-1.0,0,100.0,,0,0,0.0,0,0,0,64.7,60.5,0,-1,5.9,1,17,1,94.1,16,79.2,1,6.3,0,-1,0,0.0,-1.0,-0.06,27.9,0,57.1,50.0,2,4,0.0,0,4,0,72.1,96.2,0,43,0.0,0,21,4,81.0,17,101.8,7,41.2,0,138,10,2.5,34.5,8.12,15.4,0,50.0,50.0,2,4,0.0,0,4,0,72.1,92.8,0,23,3.1,1,32,4,93.8,30,82.8,8,26.7,0,75,11,2.8,18.8,2.5,5.3,2,71.4,33.3,1,3,9.1,1,7,0,60.6,91.7,0,13,0.0,0,38,10,92.1,35,125.0,14,40.0,2,80,30,3.0,8.0,2.29,13.9,0,61.8,63.6,7,11,0.0,0,17,1,84.1,97.3,2,41,0.0,0,36,21,94.4,34,98.0,34,32.7,3,323,60,2.9,15.4,9.5,0,,0,,,0,0,,0,0,0,,,0,0,0.0,0,10,0,100.0,10,0.0,0,0.0,0,0,0,,,0.0,26.7,0,33.3,50.0,1,2,0.0,0,2,0,68.3,90.3,0,37,0.0,0,13,2,92.3,12,105.6,6,50.0,1,52,4,2.0,26.0,4.33,14.3,0,41.7,66.7,2,3,0.0,0,4,0,73.4,94.1,1,16,0.0,0,36,5,91.7,33,59.0,12,36.4,3,50,0,0.0,10.0,1.52,5.4,0,72.7,0.0,0,2,0.0,0,5,0,76.5,93.0,0,11,2.7,1,37,8,94.6,35,85.0,11,31.4,0,59,19,2.4,7.4,1.69,5.5,3,69.8,23.1,3,13,5.1,2,21,0,72.7,94.6,0,39,0.0,0,55,37,96.4,53,106.9,53,51.0,3,353,155,4.2,9.5,6.66
D.K. Metcalf,47864,WR,PIT,16,103,-2.4,2,100.0,,0,0,0.0,0,5,0,80.0,83.4,0,31,0.0,0,13,12,92.3,12,102.8,12,11.7,0,104,133,11.1,8.7,8.67,-2.3,2,100.0,,0,0,0.0,0,2,0,75.6,75.9,0,31,0.0,0,60,6,95.0,57,110.4,6,10.5,0,63,77,12.8,10.5,1.11,61.0,0,0.0,0.0,0,1,,0,0,0,,57.8,0,0,0.0,0,13,0,92.3,12,39.6,1,8.3,0,0,0,,,0.0,13.5,4,50.0,33.3,1,3,14.3,1,6,0,52.1,95.5,1,80,0.0,0,34,6,85.3,29,100.7,12,41.4,2,185,107,17.8,30.8,6.38,4.6,4,76.9,33.3,1,3,13.0,3,10,0,47.8,90.3,0,25,0.0,0,112,20,98.2,110,111.7,26,23.6,1,204,118,5.9,10.2,1.85,0,31.7,0,30.0,28.6,2,7,25.0,2,6,0,32.2,90.9,2,52,0.0,0,23,6,87.0,20,47.9,20,19.4,1,210,29,4.8,35.0,10.5,25,-2.0,0,100.0,,0,0,0.0,0,1,0,68.3,75.4,0,15,0.0,0,20,2,100.0,20,114.6,2,10.0,0,23,27,13.5,11.5,1.15,29.9,0,10.0,0.0,0,4,50.0,1,1,0,30.0,54.6,2,41,0.0,0,20,1,95.0,19,4.6,10,52.6,0,41,14,14.0,41.0,2.16,13.6,0,42.9,50.0,2,4,0.0,0,3,0,70.5,91.0,1,20,0.0,0,20,3,90.0,18,26.8,7,38.9,0,48,4,1.3,16.0,2.67,5.4,0,60.0,50.0,1,2,0.0,0,2,0,74.6,81.8,0,20,0.0,0,51,6,96.1,49,74.6,10,20.4,0,54,20,3.3,9.0,1.1,13.5,4,42.3,40.0,4,10,8.3,1,11,0,63.2,95.8,2,80,0.0,0,30,11,86.7,26,85.3,26,25.2,3,259,114,10.4,23.5,9.96,0,-2.8,0,100.0,,0,0,0.0,0,2,0,72.1,75.9,0,6,0.0,0,29,4,93.1,27,85.4,4,14.8,0,18,29,7.3,4.5,0.67,30.4,0,55.6,100.0,2,2,16.7,1,5,0,45.8,95.6,0,52,0.0,0,24,5,79.2,19,137.5,9,47.4,1,169,15,3.0,33.8,8.89,13.6,0,28.6,33.3,1,3,0.0,0,2,0,70.5,84.5,0,14,0.0,0,20,2,85.0,17,82.1,7,41.2,1,26,3,1.5,13.0,1.53,4.9,1,66.7,33.3,1,3,0.0,0,5,0,74.6,92.7,0,23,0.0,0,46,6,97.8,45,122.9,9,20.0,1,61,35,5.8,10.2,1.36,4.8,5,71.1,37.5,3,8,8.6,3,17,0,60.4,92.7,0,25,0.0,0,46,32,97.8,45,105.7,45,43.7,2,319,173,5.4,10.0,7.09
Travis Kelce,7844,TE,KC,17,103,-1.9,2,91.7,,0,0,0.0,0,1,0,78.7,85.7,0,38,0.0,0,12,11,100.0,12,91.7,12,11.7,0,72,93,8.5,6.5,6.0,-1.7,1,85.7,,0,0,0.0,0,1,0,74.6,88.2,0,38,7.7,5,65,6,92.3,60,103.0,7,11.7,0,61,71,11.8,10.2,1.02,23.5,0,50.0,,0,0,0.0,0,1,0,64.7,90.4,0,28,0.0,0,26,1,92.3,24,95.8,2,8.3,0,28,2,2.0,28.0,1.17,12.7,0,88.9,50.0,1,2,11.1,1,8,0,35.3,93.6,0,22,2.4,1,41,8,85.4,35,154.4,9,25.7,2,104,15,1.9,13.0,2.97,4.7,7,78.4,33.3,1,3,9.1,4,22,1,54.5,96.4,2,23,3.3,4,120,40,95.0,114,89.1,51,44.7,1,395,209,5.2,9.9,3.46,0,22.7,0,22.2,0.0,0,2,0.0,0,2,0,68.3,92.1,1,31,0.0,0,10,2,90.0,9,14.8,9,8.7,0,59,9,4.5,29.5,6.56,16,-2.0,0,100.0,,0,0,0.0,0,0,0,70.5,62.1,0,3,6.9,2,29,3,89.7,26,79.2,3,11.5,0,0,6,2.0,0.0,0.0,21.0,0,0.0,0.0,0,1,,0,0,0,,56.3,1,0,4.0,1,25,0,80.0,20,0.0,4,20.0,0,0,0,,,0.0,12.5,0,50.0,100.0,1,1,0.0,0,1,0,64.7,81.4,0,15,15.8,3,19,1,78.9,15,75.0,2,13.3,0,15,4,4.0,15.0,1.0,5.3,0,50.0,,0,0,20.0,1,3,0,42.1,80.0,0,14,9.3,4,43,4,90.7,39,64.6,8,20.5,0,40,18,4.5,10.0,1.03,13.1,0,81.3,66.7,2,3,13.3,2,13,0,33.5,95.5,1,44,0.0,0,18,13,88.9,16,132.3,16,15.5,3,231,77,5.9,17.8,14.44,0,-2.5,1,100.0,,0,0,0.0,0,0,0,68.3,76.6,0,7,4.8,1,21,2,90.5,19,89.6,2,10.5,0,11,16,8.0,5.5,0.58,24.3,0,33.3,0.0,0,1,0.0,0,1,0,64.7,91.4,0,31,4.5,1,22,1,81.8,18,72.9,3,16.7,0,31,7,7.0,31.0,1.72,14.0,0,80.0,,0,0,20.0,1,4,0,41.6,92.4,1,44,9.1,3,33,4,75.8,25,118.8,5,20.0,1,112,58,14.5,28.0,4.48,5.3,0,85.7,,0,0,0.0,0,5,0,74.6,93.6,0,17,4.8,2,42,6,90.5,38,138.4,7,18.4,1,54,24,4.0,9.0,1.42,4.9,7,75.8,33.3,1,3,9.1,5,30,1,54.7,96.9,2,23,0.0,0,67,50,98.5,66,93.6,66,64.1,2,489,251,5.0,9.8,7.41
Jerry Jeudy,61103,WR,CLV,17,103,-3.5,0,100.0,,0,0,0.0,0,0,0,70.5,62.1,0,3,0.0,0,3,2,66.7,2,79.2,2,1.9,0,4,11,5.5,2.0,2.0,-3.0,0,100.0,,0,0,0.0,0,0,0,68.3,61.6,0,3,0.0,0,44,1,95.5,42,79.2,1,2.4,0,3,6,6.0,3.0,0.07,23.3,0,33.3,0.0,0,1,0.0,0,1,0,64.7,57.8,0,25,0.0,0,9,1,88.9,8,64.6,3,37.5,0,25,5,5.0,25.0,3.13,13.8,0,60.0,71.4,5,7,14.3,2,12,0,46.0,94.3,1,60,0.0,0,54,12,92.6,50,91.7,20,40.0,1,210,52,4.3,17.5,4.2,4.4,0,64.7,0.0,0,1,15.4,2,2,0,45.7,69.3,1,15,0.0,0,142,11,95.8,136,47.7,17,12.5,0,66,27,2.5,6.0,0.49,0,27.7,0,29.4,20.0,1,5,28.6,2,4,1,29.2,66.1,2,39,0.0,0,18,5,94.4,17,42.6,17,16.5,1,145,27,5.4,29.0,8.53,8,,0,,,0,0,,0,0,0,,,0,0,0.0,0,19,0,100.0,19,0.0,0,0.0,0,0,0,,,0.0,28.3,0,33.3,33.3,1,3,25.0,1,3,0,36.2,91.9,1,33,0.0,0,19,3,100.0,19,64.8,9,47.4,1,81,8,2.7,27.0,4.26,14.5,0,23.5,0.0,0,4,20.0,1,4,0,41.6,75.8,1,14,0.0,0,34,4,97.1,33,15.1,17,51.5,0,49,4,1.0,12.3,1.48,5.9,0,53.3,33.3,1,3,11.1,1,5,0,54.5,74.0,1,12,0.0,0,48,8,89.6,43,36.3,15,34.9,0,63,20,2.5,7.9,1.47,14.0,0,38.1,41.7,5,12,20.0,4,16,0,29.8,91.8,3,60,0.0,0,44,16,95.5,42,37.7,42,40.8,1,259,56,3.5,16.2,6.17,0,-4.0,0,100.0,,0,0,0.0,0,0,0,64.7,61.1,0,1,0.0,0,23,1,95.7,22,79.2,1,4.5,0,1,5,5.0,1.0,0.05,29.2,0,20.0,0.0,0,1,50.0,1,0,1,28.8,27.8,1,39,0.0,0,19,1,89.5,17,20.0,5,29.4,0,39,14,14.0,39.0,2.29,13.8,0,0.0,0.0,0,1,100.0,1,0,0,27.9,42.4,1,0,0.0,0,23,0,95.7,22,0.0,5,22.7,0,0,0,,,0.0,4.8,3,80.0,50.0,1,2,0.0,0,4,0,76.5,87.4,0,11,0.0,0,47,8,93.6,44,93.8,10,22.7,0,65,27,3.4,8.1,1.48,5.0,3,64.3,33.3,2,6,10.0,3,11,0,55.9,81.9,2,15,0.0,0,47,27,89.4,42,55.1,42,40.8,0,194,74,2.7,7.2,4.62
Troy Franklin,146567,WR,DEN,18,102,-2.4,7,95.0,100.0,2,2,5.0,1,5,0,69.9,74.5,0,15,0.0,0,20,19,100.0,20,90.2,20,19.6,0,113,157,8.3,5.9,5.65,-2.8,2,88.9,,0,0,11.1,1,1,0,54.9,62.1,0,15,0.0,0,42,8,97.6,41,94.9,9,22.0,0,61,83,10.4,7.6,1.49,34.3,0,33.3,,0,0,33.3,1,2,0,29.9,70.9,1,25,0.0,0,16,2,93.8,15,63.2,6,40.0,2,48,0,0.0,24.0,3.2,14.8,0,40.0,,0,0,33.3,1,2,0,28.0,74.2,1,26,0.0,0,30,2,80.0,24,36.7,5,20.8,0,49,20,10.0,24.5,2.04,5.0,2,75.0,80.0,4,5,0.0,0,3,0,78.0,91.0,0,16,0.0,0,98,9,94.9,93,112.2,12,12.9,1,57,11,1.2,6.3,0.61,0,36.2,0,26.1,25.0,1,4,25.0,2,6,0,29.8,87.1,1,48,0.0,0,24,6,95.8,23,75.1,23,22.5,2,205,28,4.7,34.2,8.91,10,-2.0,3,100.0,100.0,2,2,0.0,0,2,0,75.6,78.0,0,10,0.0,0,25,7,100.0,25,83.9,7,28.0,0,29,43,6.1,4.1,1.16,34.0,0,40.0,33.3,1,3,20.0,1,4,0,42.1,93.6,0,48,0.0,0,27,4,96.3,26,87.5,10,38.5,0,157,28,7.0,39.3,6.04,14.5,0,60.0,0.0,0,1,14.3,1,6,0,49.2,90.0,0,18,0.0,0,24,6,100.0,24,117.5,10,41.7,1,77,4,0.7,12.8,3.21,3.7,0,100.0,,0,0,0.0,0,1,0,72.1,82.5,0,15,0.0,0,53,3,92.5,49,104.2,3,6.1,0,27,16,5.3,9.0,0.55,14.8,0,50.0,33.3,1,3,23.5,4,12,0,28.1,87.6,3,26,0.0,0,28,13,92.9,26,48.9,26,25.5,1,199,26,2.0,15.3,7.65,0,-2.0,2,100.0,,0,0,0.0,0,2,0,72.1,72.2,0,10,0.0,0,20,4,100.0,20,90.6,4,20.0,0,23,31,7.8,5.8,1.15,40.9,0,0.0,0.0,0,1,,0,0,0,,42.5,0,0,0.0,0,17,0,94.1,16,39.6,7,43.8,0,0,0,,,0.0,15.0,0,45.5,50.0,1,2,28.6,2,4,0,29.2,72.6,2,20,0.0,0,35,5,91.4,32,28.0,11,34.4,0,73,2,0.4,14.6,2.28,4.9,0,83.3,33.3,1,3,6.3,1,5,1,66.7,82.8,0,18,0.0,0,55,15,94.5,52,128.7,18,34.6,2,108,41,2.7,7.2,2.08,4.8,2,81.8,62.5,5,8,3.6,1,9,1,77.3,91.5,0,18,0.0,0,36,27,91.7,33,121.2,33,32.4,3,192,68,2.5,7.1,5.82
Juwan Johnson,28305,TE,NO,17,100,-2.9,0,100.0,100.0,1,1,0.0,0,2,0,75.6,91.0,0,15,0.0,0,7,7,100.0,7,92.3,7,7.0,0,43,63,9.0,6.1,6.14,-3.0,0,100.0,,0,0,0.0,0,1,0,70.5,85.1,0,15,12.5,4,32,3,87.5,28,101.4,3,10.7,0,25,34,11.3,8.3,0.89,20.0,0,66.7,0.0,0,1,0.0,0,2,0,68.3,88.8,0,29,7.7,1,13,2,92.3,12,109.7,3,25.0,0,50,10,5.0,25.0,4.17,12.5,1,75.0,66.7,2,3,14.3,1,6,0,49.2,95.3,0,30,14.0,6,43,6,83.7,36,116.7,8,22.2,0,102,31,5.2,17.0,2.83,4.8,6,80.6,55.6,5,9,7.4,2,12,1,63.2,92.8,0,13,1.6,2,128,25,93.8,120,106.9,31,25.8,1,219,100,4.0,8.8,1.83,0,23.9,2,75.0,66.7,2,3,0.0,0,6,0,74.6,98.6,0,52,0.0,0,8,6,100.0,8,116.7,8,8.0,0,200,64,10.7,33.3,25.0,20,-2.0,0,100.0,100.0,1,1,0.0,0,1,0,70.5,88.8,0,11,0.0,0,11,3,81.8,9,79.2,3,33.3,0,9,15,5.0,3.0,1.0,20.0,1,100.0,,0,0,0.0,0,1,0,64.7,91.1,0,52,6.5,2,31,1,74.2,23,118.8,1,4.3,0,52,32,32.0,52.0,2.26,15.5,0,62.5,100.0,1,1,16.7,1,5,0,45.8,94.1,0,30,9.5,4,42,5,88.1,37,144.8,8,21.6,2,98,18,3.6,19.6,2.65,3.0,1,87.5,0.0,0,1,0.0,0,2,0,75.6,73.5,0,28,0.0,0,47,7,97.9,46,99.5,8,17.4,0,63,43,6.1,9.0,1.37,14.1,1,66.7,57.1,4,7,15.8,3,14,1,40.1,95.2,0,30,0.0,0,25,16,96.0,24,134.0,24,24.0,2,280,58,3.6,17.5,11.67,0,-5.0,0,100.0,,0,0,0.0,0,0,0,64.7,65.9,0,9,12.5,2,16,1,87.5,14,104.2,1,7.1,0,9,14,14.0,9.0,0.64,27.8,1,75.0,100.0,2,2,0.0,0,3,0,70.5,97.5,0,39,0.0,0,29,3,86.2,25,116.7,4,16.0,0,98,22,7.3,32.7,3.92,14.3,0,62.5,33.3,1,3,16.7,1,3,1,46.3,69.1,0,19,0.0,0,23,5,100.0,23,95.8,8,34.8,0,80,9,1.8,16.0,3.48,3.7,2,72.7,50.0,2,4,11.1,2,5,0,53.1,65.3,0,17,1.5,1,65,16,95.4,62,78.6,22,35.5,0,84,35,2.2,5.3,1.35,4.2,9,78.7,50.0,7,14,7.7,4,19,1,63.2,90.4,0,28,0.0,0,61,48,100.0,61,97.1,61,61.0,1,366,178,3.7,7.6,6.0
Jake Ferguson,61081,TE,DAL,17,100,-2.4,2,95.7,,0,0,0.0,0,2,0,84.5,78.2,0,26,0.0,0,23,22,100.0,23,98.6,23,23.0,1,96,144,6.5,4.4,4.17,-2.9,0,93.3,,0,0,0.0,0,1,0,80.6,71.0,0,26,10.5,4,38,14,89.5,34,107.8,15,44.1,1,68,104,7.4,4.9,2.0,24.6,0,0.0,0.0,0,2,,0,0,0,27.9,39.0,1,0,0.0,0,18,0,83.3,15,0.0,5,33.3,0,0,0,,,0.0,14.9,1,85.7,75.0,3,4,14.3,2,12,0,46.0,96.1,0,23,6.9,4,58,12,79.3,46,158.3,14,30.4,2,201,27,2.3,16.8,4.37,4.2,4,92.6,100.0,7,7,0.0,0,7,1,86.1,92.0,0,13,0.0,0,125,25,94.4,118,118.1,27,22.9,2,173,68,2.7,6.9,1.47,0,24.6,0,0.0,0.0,0,2,,0,0,0,27.9,39.0,1,0,0.0,0,6,0,83.3,5,0.0,5,5.0,0,0,0,,,0.0,9,-1.5,0,100.0,,0,0,0.0,0,0,0,72.1,65.3,0,3,20.0,4,20,4,80.0,16,79.2,4,25.0,0,3,9,2.3,0.8,0.19,,0,,,0,0,,0,0,0,,,0,0,5.3,1,19,0,89.5,17,0.0,0,0.0,0,0,0,,,0.0,14.0,0,0.0,,0,0,,0,0,0,,59.1,0,0,14.8,4,27,0,77.8,21,39.6,1,4.8,0,0,0,,,0.0,3.3,1,87.5,,0,0,12.5,1,4,0,52.5,90.4,0,11,10.0,6,60,7,83.3,50,131.8,8,16.0,1,49,28,4.0,7.0,0.98,14.5,1,82.4,75.0,3,4,12.5,2,14,0,49.8,97.2,0,23,0.0,0,18,14,94.4,17,158.3,17,17.0,3,219,28,2.0,15.6,12.88,0,-1.5,2,100.0,,0,0,0.0,0,1,0,72.1,85.4,0,12,7.1,1,14,4,85.7,12,92.7,4,33.3,0,25,31,7.8,6.3,2.08,,0,,,0,0,,0,0,0,,,0,0,4.0,1,25,0,64.0,16,0.0,0,0.0,0,0,0,,,0.0,12.5,0,100.0,,0,0,0.0,0,2,0,68.3,95.1,0,12,11.1,3,27,2,77.8,21,143.8,2,9.5,1,18,1,0.5,9.0,0.86,2.3,1,70.0,25.0,2,8,6.7,1,3,2,64.4,55.4,0,7,4.4,3,68,14,88.2,60,90.2,20,33.3,1,63,40,2.9,4.5,1.05,3.3,6,83.6,60.0,9,15,4.2,2,14,3,77.4,89.9,0,13,0.0,0,57,46,96.5,55,112.5,55,55.0,4,285,136,3.0,6.2,5.18
Jaylen Waddle,84088,WR,MIA,16,99,-4.3,1,100.0,,0,0,0.0,0,0,0,72.1,62.2,0,4,0.0,0,4,4,100.0,4,79.2,4,4.0,0,2,19,4.8,0.5,0.5,-4.0,0,100.0,,0,0,0.0,0,0,0,68.3,61.5,0,4,0.0,0,32,2,90.6,29,79.2,2,6.9,0,1,9,4.5,0.5,0.03,41.0,0,100.0,,0,0,0.0,0,1,0,64.7,90.7,0,46,0.0,0,9,1,100.0,9,158.3,1,11.1,1,46,5,5.0,46.0,5.11,13.2,6,76.9,71.4,5,7,4.8,1,20,0,71.3,99.1,1,43,0.0,0,56,20,89.3,50,115.1,26,52.0,1,368,101,5.1,18.4,7.36,5.6,2,65.0,33.3,1,3,7.1,1,8,0,64.4,90.7,1,21,0.0,0,91,13,92.3,84,91.5,20,23.8,2,109,46,3.5,8.4,1.3,0,32.5,0,35.3,33.3,2,6,0.0,0,6,0,75.6,96.8,5,46,0.0,0,19,6,89.5,17,79.0,17,17.2,3,194,9,1.5,32.3,11.41,17,,0,,,0,0,,0,0,0,,,0,0,0.0,0,23,0,100.0,23,0.0,0,0.0,0,0,0,,,0.0,32.3,0,33.3,33.3,1,3,0.0,0,3,0,70.5,93.0,3,45,0.0,0,19,3,94.7,18,67.1,9,50.0,1,86,1,0.3,28.7,4.78,14.7,0,57.1,,0,0,0.0,0,4,1,72.1,77.7,0,16,0.0,0,14,4,100.0,14,81.3,7,50.0,0,53,1,0.3,13.3,3.79,4.8,0,66.7,66.7,2,3,11.1,1,5,0,54.5,90.5,0,16,0.0,0,45,8,95.6,43,83.3,12,27.9,0,74,37,4.6,9.3,1.72,13.9,6,69.0,66.7,6,9,3.3,1,29,1,77.3,98.8,1,43,0.0,0,44,29,95.5,42,108.3,42,42.4,1,511,117,4.0,17.6,12.17,0,-4.5,1,100.0,,0,0,0.0,0,0,0,68.3,61.6,0,1,0.0,0,17,2,82.4,14,79.2,2,14.3,0,1,10,5.0,0.5,0.07,31.4,0,28.6,33.3,1,3,0.0,0,2,0,70.5,94.2,2,38,0.0,0,11,2,90.9,10,64.0,7,70.0,1,62,3,1.5,31.0,6.2,15.3,0,55.6,50.0,1,2,0.0,0,5,0,73.4,93.3,0,25,0.0,0,21,5,95.2,20,90.0,9,45.0,0,90,15,3.0,18.0,4.5,4.3,0,100.0,100.0,1,1,0.0,0,0,0,72.1,61.7,0,7,0.0,0,30,4,93.3,28,87.5,4,14.3,0,20,3,0.8,5.0,0.71,5.2,2,69.4,57.1,4,7,7.4,2,13,0,64.1,91.5,1,21,0.0,0,37,25,97.3,36,90.4,36,36.4,2,203,86,3.4,8.1,5.64
Bijan Robinson,123126,HB,ATL,17,99,-4.4,22,88.0,100.0,2,2,4.3,2,15,0,76.8,94.0,1,50,0.0,0,52,44,96.2,50,110.9,50,50.5,3,391,588,13.4,8.9,7.82,-5.1,13,96.6,100.0,1,1,0.0,0,10,0,87.6,95.0,0,50,8.9,4,45,28,86.7,39,136.8,29,74.4,3,248,389,13.9,8.9,6.36,,0,,,0,0,,0,0,0,,,0,0,30.8,4,13,0,53.8,7,0.0,0,0.0,0,0,0,,,0.0,,0,,,0,0,,0,0,0,,,0,0,13.3,6,45,0,82.2,37,0.0,0,0.0,0,0,0,,,0.0,4.7,3,82.4,50.0,1,2,0.0,0,8,1,80.6,93.1,0,41,19.8,19,96,14,79.2,76,106.6,17,22.4,0,163,97,6.9,11.6,2.14,0,25.0,0,0.0,,0,0,,0,0,0,,58.4,0,0,0.0,0,2,0,100.0,2,39.6,2,2.0,0,0,0,,,0.0,2,-3.4,7,66.7,,0,0,20.0,2,4,0,35.3,67.5,1,20,0.0,0,18,8,100.0,18,51.7,12,66.7,0,83,112,14.0,10.4,4.61,,0,,,0,0,,0,0,0,,,0,0,4.2,1,24,0,83.3,20,0.0,0,0.0,0,0,0,,,0.0,12.5,0,0.0,,0,0,,0,0,0,,58.1,0,0,15.0,6,40,0,80.0,32,39.6,2,6.3,0,0,0,,,0.0,4.0,1,84.6,,0,0,0.0,0,6,0,78.7,92.8,0,42,11.3,6,53,11,81.1,43,101.9,13,30.2,0,110,68,6.2,10.0,2.56,12.4,0,40.0,,0,0,0.0,0,1,0,68.3,88.5,0,23,0.0,0,5,2,100.0,5,62.1,5,5.1,0,32,7,3.5,16.0,6.4,0,-3.7,2,88.9,100.0,1,1,0.0,0,1,0,76.5,82.9,0,32,0.0,0,14,8,100.0,14,94.4,9,64.3,0,60,87,10.9,7.5,4.29,25.0,0,0.0,,0,0,,0,0,0,,58.4,0,0,26.1,6,23,0,69.6,16,39.6,2,12.5,0,0,0,,,0.0,12.3,0,66.7,,0,0,0.0,0,1,0,68.3,91.5,0,23,15.4,6,39,2,82.1,32,102.1,3,9.4,0,32,7,3.5,16.0,1.0,3.8,0,66.7,0.0,0,1,11.1,1,4,0,54.5,83.3,0,69,14.6,6,41,8,85.4,35,128.5,12,34.3,1,124,98,12.3,15.5,3.54,4.2,4,78.6,33.3,1,3,2.9,1,18,1,78.9,94.8,0,69,0.0,0,43,33,97.7,42,114.0,42,42.4,1,397,263,8.0,12.0,9.45
Rome Odunze,73774,WR,CHI,14,99,-4.5,0,50.0,,0,0,0.0,0,0,0,64.7,59.3,0,-4,0.0,0,2,1,100.0,2,56.3,2,2.0,0,-4,0,0.0,-4.0,-2.0,-5.0,0,0.0,,0,0,,0,0,0,,59.8,0,0,0.0,0,38,0,94.7,36,39.6,1,2.8,0,0,0,,,0.0,23.9,0,60.0,66.7,2,3,25.0,2,5,0,29.7,91.5,0,27,0.0,0,24,6,91.7,22,137.5,10,45.5,1,146,16,2.7,24.3,6.64,15.0,0,50.0,33.3,1,3,12.5,1,7,0,52.1,90.5,1,22,0.0,0,47,7,91.5,43,67.6,14,32.6,1,100,11,1.6,14.3,2.33,5.9,2,75.0,100.0,1,1,0.0,0,8,0,78.0,91.6,0,28,0.0,0,104,9,94.2,98,144.4,12,12.2,2,116,68,7.6,12.9,1.18,0,26.7,1,34.5,25.0,2,8,23.1,3,9,0,29.5,91.6,1,37,0.0,0,31,10,93.5,29,78.5,29,29.3,2,272,45,4.5,27.2,9.38,6,-4.0,0,100.0,,0,0,0.0,0,0,0,64.7,60.2,0,-4,8.3,1,12,1,91.7,11,79.2,1,9.1,0,-4,0,0.0,-4.0,-0.36,30.9,0,22.2,0.0,0,3,0.0,0,2,0,68.3,87.0,1,35,0.0,0,17,2,100.0,17,53.2,9,52.9,1,62,15,7.5,31.0,3.65,13.7,0,33.3,,0,0,0.0,0,1,0,68.3,91.6,0,12,0.0,0,19,1,94.7,18,46.5,3,16.7,0,12,1,1.0,12.0,0.67,6.7,0,85.7,,0,0,0.0,0,6,0,74.6,95.1,0,20,0.0,0,36,6,97.2,35,154.5,7,20.0,1,81,42,7.0,13.5,2.31,14.5,0,34.3,25.0,2,8,14.3,2,12,0,48.0,91.6,2,22,0.0,0,39,12,89.7,35,38.0,35,35.4,1,182,20,1.7,15.2,5.2,0,,0,,,0,0,,0,0,0,,,0,0,0.0,0,12,0,100.0,12,0.0,0,0.0,0,0,0,,,0.0,25.8,1,20.0,0.0,0,2,33.3,1,2,0,30.0,71.5,0,37,0.0,0,31,2,90.3,28,53.8,10,35.7,0,64,14,7.0,32.0,2.29,14.2,0,22.2,20.0,1,5,20.0,1,4,0,42.1,76.0,1,21,0.0,0,30,4,93.3,28,20.1,18,64.3,0,70,8,2.0,17.5,2.5,6.1,1,71.4,66.7,2,3,0.0,0,6,0,78.0,92.2,0,21,0.0,0,53,10,96.2,51,92.0,14,27.5,0,102,44,4.4,10.2,2.0,6.2,3,75.8,75.0,3,4,0.0,0,20,0,86.1,95.8,0,28,0.0,0,35,25,94.3,33,133.3,33,33.3,3,299,154,6.2,12.0,9.06
Deebo Samuel,48274,WR,WAS,16,99,-3.5,12,92.1,0.0,0,1,2.8,1,6,0,81.3,90.3,2,41,0.0,0,41,35,92.7,38,79.4,38,38.4,1,236,358,10.2,6.7,6.21,-3.6,6,95.5,,0,0,4.5,1,5,0,72.8,90.5,1,41,0.0,0,41,21,92.7,38,95.3,22,57.9,1,171,247,11.8,8.1,4.5,21.0,0,100.0,100.0,1,1,0.0,0,1,0,64.7,79.2,0,21,0.0,0,14,1,85.7,12,118.8,1,8.3,0,21,0,0.0,21.0,1.75,14.2,2,50.0,66.7,4,6,28.6,4,10,0,28.1,91.0,0,28,0.0,0,52,10,90.4,47,83.3,20,42.6,0,190,48,4.8,19.0,4.04,4.6,3,73.7,0.0,0,3,0.0,0,4,1,64.7,74.9,0,19,1.0,1,97,14,91.8,89,105.2,19,21.3,1,110,49,3.5,7.9,1.24,0,24.7,0,66.7,100.0,1,1,0.0,0,4,0,72.1,94.4,1,38,0.0,0,8,4,75.0,6,109.7,6,6.1,1,105,11,2.8,26.3,17.5,32,-3.5,1,90.9,,0,0,0.0,0,1,0,78.7,70.0,0,15,0.0,0,18,10,94.4,17,84.8,11,64.7,0,48,80,8.0,4.8,2.82,24.8,0,50.0,,0,0,0.0,0,2,0,68.3,90.9,1,24,0.0,0,21,2,85.7,18,91.7,4,22.2,1,46,1,0.5,23.0,2.56,14.0,0,40.0,100.0,2,2,0.0,0,2,0,68.3,90.0,0,19,0.0,0,22,2,90.9,20,62.9,5,25.0,0,33,2,1.0,16.5,1.65,4.0,0,33.3,0.0,0,1,0.0,0,0,0,64.7,58.6,0,5,0.0,0,20,1,95.0,19,42.4,3,15.8,0,5,1,1.0,5.0,0.26,13.9,2,51.7,72.7,8,11,21.1,4,15,0,29.5,93.6,0,28,0.0,0,32,15,90.6,29,93.9,29,29.3,1,259,51,3.4,17.3,8.93,0,-3.0,5,80.0,0.0,0,1,0.0,0,0,0,72.1,82.3,1,9,0.0,0,10,4,100.0,10,41.3,5,50.0,0,17,31,7.8,4.3,1.7,28.0,0,100.0,,0,0,0.0,0,1,0,64.7,90.4,0,38,0.0,0,21,1,76.2,16,118.8,1,6.3,0,38,10,10.0,38.0,2.38,12.8,0,75.0,66.7,2,3,0.0,0,3,0,70.5,91.7,0,18,0.0,0,23,3,100.0,23,141.7,4,17.4,1,36,1,0.3,12.0,1.57,6.0,0,75.0,50.0,1,2,0.0,0,3,0,72.1,79.0,0,4,0.0,0,27,3,88.9,24,116.7,4,16.7,1,12,1,0.3,4.0,0.5,4.7,3,69.2,16.7,1,6,0.0,0,7,1,69.9,78.2,0,19,0.0,0,29,18,89.7,26,105.8,26,26.3,2,127,51,2.8,7.1,4.88
Tee Higgins,61211,WR,CIN,15,98,-1.0,0,100.0,,0,0,0.0,0,0,0,64.7,61.8,0,8,0.0,0,1,1,100.0,1,100.0,1,1.0,0,8,9,9.0,8.0,8.0,,0,,,0,0,,0,0,0,,,0,0,0.0,0,36,0,97.2,35,0.0,0,0.0,0,0,0,,,0.0,30.5,0,0.0,0.0,0,1,,0,0,0,,58.4,0,0,0.0,0,9,0,100.0,9,39.6,2,22.2,0,0,0,,,0.0,12.6,4,84.6,100.0,3,3,0.0,0,11,0,78.7,96.5,1,21,0.0,0,41,11,92.7,38,86.7,13,34.2,0,176,36,3.3,16.0,4.63,5.9,2,78.3,66.7,4,6,5.3,1,8,0,68.7,91.9,1,29,0.0,0,155,18,98.1,152,92.2,23,15.1,1,161,54,3.0,8.9,1.06,0,29.6,2,43.5,50.0,5,10,0.0,0,10,0,78.7,99.9,0,44,0.0,0,26,10,88.5,23,130.0,23,23.5,5,323,47,4.7,32.3,14.04,7,,0,,,0,0,,0,0,0,,,0,0,0.0,0,22,0,95.5,21,0.0,0,0.0,0,0,0,,,0.0,30.8,0,50.0,66.7,2,3,0.0,0,4,0,72.1,97.7,0,44,0.0,0,17,4,94.1,16,135.4,8,50.0,1,146,21,5.3,36.5,9.13,16.0,0,60.0,100.0,2,2,0.0,0,2,0,70.5,96.0,0,19,0.0,0,26,3,96.2,25,126.7,5,20.0,1,42,0,0.0,14.0,1.68,5.8,0,60.0,33.3,1,3,0.0,0,3,0,74.6,90.1,0,10,0.0,0,40,6,90.0,36,101.3,10,27.8,1,38,5,0.8,6.3,1.06,13.8,4,57.6,42.9,6,14,5.0,1,18,0,69.6,97.4,1,28,0.0,0,34,19,97.1,33,105.0,33,33.7,3,295,50,2.6,15.5,8.94,0,-1.0,0,100.0,,0,0,0.0,0,0,0,64.7,61.8,0,8,0.0,0,19,1,94.7,18,100.0,1,5.6,0,8,9,9.0,8.0,0.44,28.7,2,46.2,50.0,3,6,0.0,0,6,0,75.6,98.5,0,44,0.0,0,31,6,87.1,27,132.2,13,48.1,4,177,26,4.3,29.5,6.56,14.1,0,33.3,11.1,1,9,16.7,1,5,0,45.8,88.4,0,28,2.6,1,38,5,86.8,33,90.8,15,45.5,2,77,14,2.8,15.4,2.33,4.4,0,62.5,40.0,2,5,0.0,0,2,0,74.6,82.4,0,8,0.0,0,44,5,93.2,41,106.3,8,19.5,1,21,-1,-0.2,4.2,0.51,5.6,2,70.7,50.0,7,14,3.3,1,13,0,77.3,93.1,1,29,0.0,0,42,29,97.6,41,97.6,41,41.8,3,220,58,2.0,7.6,5.37
Parker Washington,129799,WR,JAX,17,98,-3.0,0,100.0,,0,0,0.0,0,0,0,74.6,79.7,0,8,0.0,0,6,5,83.3,5,83.3,5,5.1,0,20,35,7.0,4.0,4.0,-3.0,0,100.0,,0,0,0.0,0,0,0,74.6,79.7,0,8,0.0,0,24,5,91.7,22,83.3,5,22.7,0,20,35,7.0,4.0,0.91,26.5,2,53.3,57.1,4,7,20.0,2,8,0,35.7,96.4,0,37,0.0,0,27,8,88.9,24,120.8,15,62.5,1,223,28,3.5,27.9,9.29,13.1,2,58.8,75.0,3,4,23.1,3,10,0,29.5,91.6,1,40,0.0,0,47,10,91.5,43,103.3,17,39.5,2,153,45,4.5,15.3,3.56,5.5,3,86.7,80.0,4,5,0.0,0,4,0,80.6,91.1,0,16,0.0,0,93,13,92.5,86,97.2,15,17.4,0,110,40,3.1,8.5,1.28,0,26.0,2,44.4,50.0,6,12,14.3,2,12,0,46.0,96.9,1,37,0.0,0,28,12,96.4,27,86.5,27,27.6,1,327,34,2.8,27.3,12.11,15,,0,,,0,0,,0,0,0,,,0,0,0.0,0,4,0,75.0,3,0.0,0,0.0,0,0,0,,,0.0,24.1,0,37.5,33.3,1,3,0.0,0,3,0,70.5,93.0,0,33,0.0,0,18,3,94.4,17,74.5,8,47.1,0,79,2,0.7,26.3,4.65,15.7,0,71.4,66.7,4,6,0.0,0,5,0,73.4,98.7,0,20,0.0,0,23,5,91.3,21,142.3,7,33.3,2,69,4,0.8,13.8,3.29,4.7,1,81.8,100.0,2,2,10.0,1,4,0,56.7,84.0,0,21,0.0,0,42,9,97.6,41,126.9,11,26.8,1,79,39,4.3,8.8,1.93,13.7,2,63.3,70.0,7,10,13.6,3,18,0,46.4,97.3,2,40,0.0,0,34,19,88.2,30,105.8,30,30.6,4,282,57,3.0,14.8,9.4,0,,0,,,0,0,,0,0,0,,,0,0,0.0,0,7,0,100.0,7,0.0,0,0.0,0,0,0,,,0.0,28.0,0,25.0,50.0,1,2,0.0,0,1,0,64.7,73.2,1,25,0.0,0,15,1,93.3,14,13.5,4,28.6,0,25,4,4.0,25.0,1.79,13.0,0,66.7,,0,0,0.0,0,3,0,73.4,93.0,1,17,0.0,0,25,4,84.0,21,59.7,6,28.6,0,60,8,2.0,15.0,2.86,6.0,4,70.0,,0,0,0.0,0,4,0,76.5,94.3,1,63,0.0,0,47,7,95.7,45,72.9,10,22.2,0,136,92,13.1,19.4,3.02,5.4,8,80.6,85.7,6,7,3.3,1,12,0,77.8,94.2,1,63,0.0,0,40,29,90.0,36,102.0,36,36.7,1,325,171,5.9,11.2,9.03
Jameson Williams,101701,WR,DET,17,97,-3.2,1,100.0,,0,0,0.0,0,2,0,77.3,90.9,0,22,0.0,0,9,9,100.0,9,130.1,9,9.3,1,57,86,9.6,6.3,6.33,-3.0,1,100.0,,0,0,0.0,0,2,0,74.6,91.0,0,22,0.0,0,54,6,98.1,53,140.3,6,11.3,1,49,67,11.2,8.2,0.92,34.9,0,40.0,,0,0,0.0,0,4,0,72.1,94.7,1,44,0.0,0,23,4,95.7,22,86.3,10,45.5,2,122,6,1.5,30.5,5.55,14.5,8,67.9,100.0,3,3,9.5,2,19,0,56.9,99.0,0,64,0.0,0,80,19,97.5,78,146.4,28,35.9,3,460,179,9.4,24.2,5.9,4.5,1,76.9,,0,0,23.1,3,6,0,29.8,90.6,0,41,0.0,0,154,10,98.1,151,109.1,13,8.6,0,134,91,9.1,13.4,0.89,0,30.0,1,47.4,0.0,0,1,10.0,1,9,0,56.7,96.4,1,44,0.0,0,20,9,95.0,19,111.3,19,19.6,3,251,25,2.8,27.9,13.21,11,-5.0,0,100.0,,0,0,0.0,0,0,0,64.7,61.1,0,-2,0.0,0,13,1,100.0,13,79.2,1,7.7,0,-2,3,3.0,-2.0,-0.15,26.8,0,40.0,0.0,0,1,33.3,1,2,0,29.9,87.0,0,37,0.0,0,8,2,75.0,6,124.2,5,83.3,1,59,11,5.5,29.5,9.83,13.2,0,80.0,100.0,1,1,0.0,0,3,0,72.1,94.6,0,29,0.0,0,22,4,100.0,22,118.8,5,22.7,0,73,21,5.3,18.3,3.32,5.9,1,80.0,,0,0,0.0,0,7,0,76.5,94.1,0,18,0.0,0,48,8,95.8,46,101.7,10,21.7,0,84,33,4.1,10.5,1.83,14.1,8,65.8,100.0,5,5,10.7,3,24,0,53.8,98.9,0,64,0.0,0,40,25,95.0,38,135.3,38,39.2,3,553,192,7.7,22.1,14.55,0,-3.0,0,100.0,,0,0,0.0,0,0,0,68.3,76.4,0,9,0.0,0,20,2,100.0,20,87.5,2,10.0,0,10,16,8.0,5.0,0.5,21.8,1,75.0,,0,0,0.0,0,3,0,70.5,93.6,0,25,0.0,0,12,3,100.0,12,116.7,4,33.3,0,70,8,2.7,23.3,5.83,12.6,0,40.0,100.0,1,1,33.3,1,2,0,36.2,67.8,0,16,0.0,0,16,2,81.3,13,58.8,5,38.5,0,28,0,0.0,14.0,2.15,4.9,0,50.0,0.0,0,2,33.3,2,1,0,28.7,58.0,0,14,0.0,0,60,4,96.7,58,59.4,8,13.8,0,30,12,3.0,7.5,0.52,5.0,2,71.0,0.0,0,2,18.5,5,14,0,30.2,92.1,0,41,0.0,0,33,22,93.9,31,94.6,31,32.0,0,248,136,6.2,11.3,8.0
Jauan Jennings,48027,WR,SF,17,96,-3.0,0,100.0,,0,0,0.0,0,0,0,68.3,61.3,0,5,0.0,0,2,2,100.0,2,79.2,2,2.1,0,4,10,5.0,2.0,2.0,,0,,,0,0,,0,0,0,,,0,0,2.9,1,34,0,91.2,31,0.0,0,0.0,0,0,0,,,0.0,26.5,1,50.0,50.0,1,2,33.3,1,2,0,29.9,90.2,1,38,0.0,0,17,2,100.0,17,95.8,4,23.5,1,60,18,9.0,30.0,3.53,13.7,1,57.1,72.7,8,11,7.7,1,12,0,61.8,94.7,2,45,0.0,0,65,12,98.5,64,93.8,21,32.8,3,222,67,5.6,18.5,3.47,5.8,4,58.3,40.0,4,10,6.7,1,4,1,64.4,82.0,2,13,0.0,0,126,14,96.8,122,48.6,24,19.7,1,108,33,2.4,7.7,0.89,0,24.5,1,30.8,33.3,2,6,20.0,1,4,0,41.6,91.0,2,38,0.0,0,13,4,100.0,13,49.0,13,13.5,1,110,21,5.3,27.5,8.46,28,,0,,,0,0,,0,0,0,,,0,0,0.0,0,5,0,100.0,5,0.0,0,0.0,0,0,0,,,0.0,23.6,0,22.2,25.0,1,4,0.0,0,2,0,68.3,82.7,1,25,5.0,1,20,2,95.0,19,10.6,9,47.4,0,50,3,1.5,25.0,2.63,14.2,1,33.3,33.3,1,3,25.0,1,3,0,41.6,83.0,1,29,0.0,0,36,3,94.4,34,18.5,9,26.5,0,61,16,5.3,20.3,1.79,4.7,3,87.5,80.0,4,5,6.7,1,7,0,65.6,91.5,0,17,0.0,0,59,14,93.2,55,132.6,16,29.1,2,101,40,2.9,7.2,1.84,13.8,2,55.6,64.3,9,14,9.1,2,20,0,59.2,95.7,3,45,0.0,0,38,20,94.7,36,92.0,36,37.5,4,357,94,4.7,17.9,9.92,0,-3.0,0,100.0,,0,0,0.0,0,0,0,68.3,61.3,0,5,0.0,0,16,2,100.0,16,79.2,2,12.5,0,4,10,5.0,2.0,0.25,,0,,,0,0,,0,0,0,,,0,0,0.0,0,6,0,83.3,5,0.0,0,0.0,0,0,0,,,0.0,13.3,0,83.3,,0,0,0.0,0,5,0,73.4,93.2,0,21,0.0,0,25,5,88.0,22,157.6,6,27.3,1,74,11,2.2,14.8,3.36,3.4,1,80.0,,0,0,0.0,0,3,0,72.1,85.5,0,11,2.3,1,43,4,86.0,37,132.1,5,13.5,1,31,17,4.3,7.8,0.84,5.1,8,71.1,53.3,8,15,5.9,2,14,1,69.5,91.8,2,17,0.0,0,50,32,90.0,45,94.7,45,46.9,4,240,90,2.8,7.5,5.33
DJ Moore,48267,WR,CHI,19,95,-3.4,1,86.7,0.0,0,1,0.0,0,4,0,80.0,81.3,0,19,0.0,0,15,13,100.0,15,84.2,15,15.8,0,63,109,8.4,4.8,4.2,-4.0,0,100.0,,0,0,0.0,0,2,0,75.6,84.2,0,13,0.0,0,50,7,96.0,48,81.0,7,14.6,0,24,52,7.4,3.4,0.5,21.4,0,71.4,100.0,1,1,0.0,0,5,0,73.4,94.2,0,25,0.0,0,35,5,91.4,32,153.3,7,21.9,1,112,5,1.0,22.4,3.5,15.6,0,44.4,66.7,2,3,20.0,2,7,0,35.3,91.4,0,18,0.0,0,55,8,92.7,51,103.2,18,35.3,2,117,16,2.0,14.6,2.29,5.6,1,84.2,100.0,2,2,0.0,0,4,1,81.7,91.2,0,12,1.5,2,133,16,94.0,125,111.6,19,15.2,1,125,42,2.6,7.8,1.0,0,27.8,0,45.5,75.0,3,4,9.1,1,10,0,58.5,95.3,2,46,0.0,0,23,10,95.7,22,89.0,22,23.2,4,250,9,0.9,25.0,11.36,6,-3.0,0,100.0,,0,0,0.0,0,1,0,64.7,78.6,0,19,0.0,0,13,1,100.0,13,118.8,1,7.7,0,19,22,22.0,19.0,1.46,34.3,0,42.9,100.0,1,1,0.0,0,3,0,70.5,95.2,1,46,0.0,0,24,3,100.0,24,89.9,7,29.2,2,93,3,1.0,31.0,3.88,13.5,0,66.7,50.0,1,2,0.0,0,4,0,72.1,92.0,0,15,0.0,0,25,4,96.0,24,127.1,6,25.0,1,43,0,0.0,10.8,1.79,5.8,0,50.0,0.0,0,2,0.0,0,1,0,68.3,82.5,0,16,0.0,0,50,2,92.0,46,69.8,4,8.7,0,25,13,6.5,12.5,0.54,15.2,1,57.1,60.0,3,5,11.1,2,15,0,52.8,95.5,0,42,0.0,0,29,16,96.6,28,123.7,28,29.5,3,257,49,3.1,16.1,9.18,0,-2.9,1,71.4,0.0,0,1,0.0,0,1,0,73.4,63.3,0,10,0.0,0,19,5,100.0,19,74.1,7,36.8,0,20,35,7.0,4.0,1.05,27.6,0,25.0,50.0,1,2,33.3,1,2,0,29.9,63.4,1,23,0.0,0,32,2,93.8,30,50.5,8,26.7,1,45,1,0.5,22.5,1.5,16.0,1,100.0,,0,0,0.0,0,4,0,72.1,95.1,0,42,0.0,0,35,4,94.3,33,118.8,4,12.1,0,101,37,9.3,25.3,3.06,5.7,2,57.1,,0,0,0.0,0,3,0,72.1,93.0,0,34,0.0,0,73,4,95.9,70,93.8,7,10.0,0,74,51,12.8,18.5,1.06,5.6,3,73.3,50.0,2,4,0.0,0,8,0,84.5,93.9,0,34,0.0,0,30,22,100.0,30,103.9,30,31.6,1,213,95,4.3,9.7,7.1
Rashid Shaheed,63707,WR,SEA,20,94,-3.2,1,77.8,0.0,0,1,0.0,0,0,0,75.6,69.2,0,7,0.0,0,9,7,100.0,9,79.2,9,9.6,0,21,47,6.7,3.0,2.33,-3.4,1,87.5,0.0,0,1,0.0,0,0,0,75.6,69.9,0,7,3.1,1,32,7,93.8,30,79.2,8,26.7,0,21,47,6.7,3.0,0.7,40.0,0,0.0,,0,0,,0,0,0,,58.7,0,0,0.0,0,18,0,94.4,17,39.6,1,5.9,0,0,0,,,0.0,13.5,0,56.3,75.0,3,4,0.0,0,9,0,77.3,94.1,0,17,0.0,0,41,9,95.1,39,81.3,16,41.0,0,124,10,1.1,13.8,3.18,5.1,0,57.1,25.0,1,4,0.0,0,2,0,76.5,71.5,1,9,0.0,0,132,8,95.5,126,36.0,14,11.1,0,54,12,1.5,6.8,0.43,0,29.5,1,31.6,25.0,1,4,0.0,0,6,0,74.6,95.5,1,87,0.0,0,21,6,90.5,19,76.1,19,20.2,1,258,85,14.2,43.0,13.58,29,,0,,,0,0,,0,0,0,,,0,0,0.0,0,12,0,91.7,11,0.0,0,0.0,0,0,0,,,0.0,28.7,0,28.6,100.0,1,1,0.0,0,2,0,68.3,91.2,1,39,0.0,0,18,2,72.2,13,23.2,7,53.8,0,60,5,2.5,30.0,4.62,15.1,0,57.1,,0,0,0.0,0,3,0,72.1,87.8,1,17,0.0,0,36,4,94.4,34,48.2,7,20.6,0,64,1,0.3,16.0,1.88,6.0,0,100.0,,0,0,0.0,0,1,1,75.6,70.9,0,10,0.0,0,48,7,97.9,47,97.0,7,14.9,0,51,9,1.3,7.3,1.09,14.0,0,58.6,80.0,4,5,0.0,0,16,0,82.2,95.9,2,26,0.0,0,29,17,100.0,29,58.4,29,30.9,0,252,20,1.2,14.8,8.69,0,-2.0,0,0.0,,0,0,,0,0,0,,59.7,0,0,0.0,0,9,0,100.0,9,39.6,1,11.1,0,0,0,,,0.0,29.1,1,36.4,0.0,0,3,0.0,0,4,0,72.1,95.2,0,87,0.0,0,24,4,87.5,21,114.8,11,52.4,1,198,80,20.0,49.5,9.43,14.0,0,66.7,100.0,1,1,0.0,0,4,0,72.1,93.6,1,26,0.0,0,26,4,92.3,24,62.5,6,25.0,0,64,9,2.3,16.0,2.67,5.3,0,93.8,0.0,0,1,0.0,0,5,0,81.1,91.2,0,12,0.0,0,67,15,98.5,66,114.1,16,24.2,1,102,25,1.7,6.8,1.55,5.4,0,81.1,20.0,1,5,0.0,0,8,1,87.6,89.5,1,12,0.0,0,38,30,97.4,37,87.7,37,39.4,1,207,46,1.5,6.9,5.59
Romeo Doubs,84329,WR,GB,17,94,-1.5,0,100.0,,0,0,0.0,0,0,0,68.3,60.9,0,5,0.0,0,2,2,100.0,2,79.2,2,2.1,0,4,7,3.5,2.0,2.0,-1.0,0,100.0,,0,0,0.0,0,0,0,64.7,60.4,0,-1,0.0,0,32,1,90.6,29,79.2,1,3.4,0,-1,0,0.0,-1.0,-0.03,28.5,0,50.0,50.0,1,2,0.0,0,3,0,70.5,93.7,0,48,0.0,0,19,3,100.0,19,95.8,6,31.6,0,99,11,3.7,33.0,5.21,14.4,2,62.5,0.0,0,5,9.1,1,9,0,58.5,94.9,0,24,0.0,0,35,10,97.1,34,121.4,16,47.1,1,178,43,4.3,17.8,5.24,5.1,1,85.7,80.0,8,10,5.3,1,12,1,69.6,90.0,0,17,0.0,0,81,18,96.3,78,125.0,21,26.9,2,134,44,2.4,7.4,1.72,0,29.9,1,50.0,33.3,2,6,0.0,0,9,0,77.3,97.7,0,48,0.0,0,20,9,90.0,18,114.4,18,19.1,1,293,53,5.9,32.6,16.28,12,,0,,,0,0,,0,0,0,,,0,0,0.0,0,13,0,92.3,12,0.0,0,0.0,0,0,0,,,0.0,33.0,0,40.0,33.3,1,3,0.0,0,2,0,68.3,92.6,0,40,0.0,0,24,2,83.3,20,127.1,5,25.0,1,73,10,5.0,36.5,3.65,13.5,0,45.5,0.0,0,4,16.7,1,5,0,29.2,74.1,0,20,0.0,0,24,5,95.8,23,67.6,11,47.8,0,73,4,0.8,14.6,3.17,5.2,0,90.9,0.0,0,1,0.0,0,7,0,78.7,93.3,0,10,0.0,0,48,10,91.7,44,129.7,11,25.0,2,62,13,1.3,6.2,1.41,13.7,2,55.9,10.0,1,10,13.6,3,18,0,33.8,93.6,0,24,0.0,0,37,19,91.9,34,105.1,34,36.2,2,301,62,3.3,15.8,8.85,0,-2.0,0,100.0,,0,0,0.0,0,0,0,64.7,60.8,0,5,0.0,0,21,1,100.0,21,87.5,1,4.8,0,5,7,7.0,5.0,0.24,28.9,1,57.1,0.0,0,1,0.0,0,4,0,72.1,95.1,0,34,0.0,0,22,4,86.4,19,101.8,7,36.8,0,121,32,8.0,30.3,6.37,12.4,0,57.1,100.0,1,1,20.0,1,4,0,41.6,84.6,0,22,0.0,0,27,4,92.6,25,119.0,7,28.0,1,50,15,3.8,12.5,2.0,6.1,0,62.5,66.7,2,3,0.0,0,2,0,73.4,76.7,1,18,0.0,0,44,5,95.5,42,42.7,8,19.0,0,54,27,5.4,10.8,1.29,5.3,1,82.5,71.4,10,14,2.9,1,21,1,79.9,93.0,1,18,0.0,0,42,33,95.2,40,115.6,40,42.6,4,250,84,2.5,7.6,6.25
Hunter Henry,10669,TE,NE,20,94,-2.1,0,100.0,,0,0,0.0,0,2,0,75.6,93.2,0,23,0.0,0,7,7,100.0,7,110.7,7,7.4,0,74,89,12.7,10.6,10.57,-2.2,0,100.0,,0,0,0.0,0,1,0,73.4,93.0,0,23,16.7,5,30,5,83.3,25,110.8,5,20.0,0,53,64,12.8,10.6,2.12,32.3,0,33.3,50.0,1,2,0.0,0,1,0,68.3,92.2,1,24,0.0,0,20,1,95.0,19,23.6,3,15.8,0,24,0,0.0,24.0,1.26,12.9,0,66.7,100.0,2,2,11.1,1,5,0,56.7,90.4,2,19,8.6,5,58,8,86.2,50,85.8,12,24.0,1,115,20,2.5,14.4,2.3,5.6,0,66.7,45.5,5,11,12.0,3,16,0,50.8,93.7,0,29,3.9,5,128,22,93.0,119,96.3,33,27.7,1,226,110,5.0,10.3,1.9,0,26.4,1,50.0,50.0,1,2,0.0,0,4,0,73.4,95.6,1,36,0.0,0,9,4,88.9,8,95.8,8,8.5,1,110,16,4.0,27.5,13.75,19,,0,,,0,0,,0,0,0,,,0,0,21.4,3,14,0,71.4,10,0.0,0,0.0,0,0,0,,,0.0,23.5,0,100.0,,0,0,0.0,0,2,0,68.3,93.3,0,28,7.7,2,26,2,76.9,20,158.3,2,10.0,1,50,3,1.5,25.0,2.5,16.2,0,100.0,100.0,2,2,0.0,0,6,0,74.6,99.9,0,28,20.7,6,29,6,79.3,23,158.3,6,26.1,1,118,21,3.5,19.7,5.13,5.3,2,77.8,50.0,1,2,0.0,0,5,0,76.5,96.3,0,31,13.0,7,54,7,81.5,44,149.8,9,20.5,2,94,61,8.7,13.4,2.14,14.2,0,65.4,71.4,5,7,10.5,2,13,0,55.6,95.8,2,28,0.0,0,28,17,92.9,26,96.5,26,27.7,2,289,51,3.0,17.0,11.12,0,-2.0,0,100.0,,0,0,0.0,0,1,0,68.3,77.8,0,20,0.0,0,9,2,100.0,9,110.4,2,22.2,0,21,25,12.5,10.5,2.33,22.3,1,33.3,,0,0,0.0,0,1,0,64.7,77.5,0,36,14.8,4,27,1,77.8,21,79.9,3,14.3,0,36,13,13.0,36.0,1.71,14.8,0,37.5,33.3,1,3,25.0,1,2,0,36.2,80.2,0,27,14.3,5,35,3,74.3,26,62.5,8,30.8,0,56,10,3.3,18.7,2.15,3.1,0,81.8,50.0,1,2,10.0,1,5,0,58.9,94.3,0,12,15.5,9,58,9,79.3,46,127.5,11,23.9,2,56,34,3.8,6.2,1.22,5.0,2,71.7,46.7,7,15,9.5,4,26,0,58.7,96.8,0,31,0.0,0,56,38,94.6,53,122.8,53,56.4,5,376,205,5.4,9.9,7.09
Jahmyr Gibbs,122474,HB,DET,17,92,-4.1,11,90.5,,0,0,2.6,1,12,0,81.3,94.9,0,42,0.0,0,42,38,100.0,42,110.0,42,45.7,2,277,430,11.3,7.3,6.6,-4.8,7,95.2,,0,0,4.8,1,7,0,70.5,94.4,0,42,7.0,3,43,20,90.7,39,121.0,21,53.8,1,194,289,14.5,9.7,4.97,,0,,,0,0,,0,0,0,,,0,0,5.9,1,17,0,94.1,16,0.0,0,0.0,0,0,0,,,0.0,,0,,,0,0,,0,0,0,,,0,0,24.2,15,62,0,74.2,46,0.0,0,0.0,0,0,0,,,0.0,3.9,11,81.1,0.0,0,1,3.2,1,11,0,77.3,93.8,0,26,8.6,10,116,30,89.7,104,114.8,37,35.6,2,267,150,5.0,8.9,2.57,0,21.0,0,0.0,,0,0,,0,0,0,,60.0,0,0,0.0,0,1,0,100.0,1,39.6,1,1.1,0,0,0,,,0.0,11,-4.7,2,71.4,,0,0,0.0,0,0,0,73.4,67.8,0,8,10.0,1,10,5,90.0,9,74.1,7,77.8,0,13,35,7.0,2.6,1.44,,0,,,0,0,,0,0,0,,,0,0,25.0,1,4,0,75.0,3,0.0,0,0.0,0,0,0,,,0.0,,0,,,0,0,,0,0,0,,,0,0,6.7,1,15,0,93.3,14,0.0,0,0.0,0,0,0,,,0.0,3.2,3,80.0,,0,0,20.0,1,2,0,41.6,85.1,0,12,30.6,11,36,4,66.7,24,97.5,5,20.8,0,37,23,5.8,9.3,1.54,14.0,0,0.0,,0,0,,0,0,0,,58.8,0,0,0.0,0,1,0,100.0,1,39.6,1,1.1,0,0,0,,,0.0,0,-2.9,2,92.9,,0,0,0.0,0,5,0,80.0,92.0,0,24,5.9,1,17,13,94.1,16,111.3,14,87.5,1,70,106,8.2,5.4,4.38,21.0,0,0.0,,0,0,,0,0,0,,60.0,0,0,12.5,1,8,0,87.5,7,39.6,1,14.3,0,0,0,,,0.0,14.0,0,0.0,,0,0,,0,0,0,,58.8,0,0,33.3,4,12,0,50.0,6,39.6,1,16.7,0,0,0,,,0.0,2.7,0,83.3,100.0,1,1,16.7,1,3,0,45.8,90.1,0,13,34.1,14,41,5,63.4,26,130.6,6,23.1,1,35,23,4.6,7.0,1.35,3.7,14,81.3,50.0,1,2,7.1,3,16,0,64.8,94.8,0,26,0.0,0,49,39,98.0,48,116.7,48,52.2,3,336,193,4.9,8.6,7.0
Brian Thomas Jr.,146760,WR,JAX,15,90,-3.0,1,50.0,,0,0,50.0,1,1,0,28.8,59.4,0,7,0.0,0,2,1,100.0,2,58.3,2,2.2,0,7,10,10.0,7.0,3.5,-3.0,0,0.0,,0,0,100.0,1,0,0,27.9,40.7,0,0,0.0,0,40,0,92.5,37,39.6,1,2.7,0,0,0,,,0.0,30.5,0,0.0,0.0,0,1,,0,0,0,,46.0,0,0,0.0,0,20,0,90.0,18,39.6,2,11.1,0,0,0,,,0.0,14.5,1,60.0,0.0,0,4,10.0,1,9,0,56.7,93.7,0,46,0.0,0,52,9,94.2,49,104.2,15,30.6,0,193,67,7.4,21.4,3.94,4.8,0,45.5,66.7,2,3,37.5,3,2,0,27.5,46.7,1,12,0.0,0,99,5,96.0,95,44.9,11,11.6,1,33,17,3.4,6.6,0.35,0,28.9,0,26.1,31.3,5,16,25.0,2,6,0,32.2,90.9,0,39,0.0,0,26,6,88.5,23,61.0,23,25.6,0,187,18,3.0,31.2,8.13,15,,0,,,0,0,,0,0,0,,,0,0,0.0,0,7,0,85.7,6,0.0,0,0.0,0,0,0,,,0.0,28.1,0,14.3,20.0,2,10,33.3,1,2,0,30.0,69.8,0,30,0.0,0,29,2,96.6,28,42.6,14,50.0,0,52,3,1.5,26.0,1.86,14.2,0,63.6,100.0,3,3,0.0,0,6,0,75.6,94.5,0,22,0.0,0,32,7,96.9,31,95.3,11,35.5,0,106,13,1.9,15.1,3.42,6.4,2,91.7,,0,0,0.0,0,6,0,78.7,92.9,0,21,0.0,0,45,11,95.6,43,133.3,12,27.9,1,112,40,3.6,10.2,2.6,14.4,1,60.0,30.0,3,10,8.7,2,20,0,60.3,95.8,0,46,0.0,0,39,21,89.7,35,104.8,35,38.9,1,363,82,3.9,17.3,10.37,0,-3.0,1,100.0,,0,0,0.0,0,1,0,64.7,79.2,0,7,0.0,0,13,1,92.3,12,95.8,1,8.3,0,7,10,10.0,7.0,0.58,30.1,0,57.1,60.0,3,5,20.0,1,4,0,45.8,95.1,0,39,0.0,0,17,4,94.1,16,101.8,7,43.8,0,135,15,3.8,33.8,8.44,14.3,0,55.6,0.0,0,3,16.7,1,5,0,49.2,88.1,0,18,0.0,0,29,5,82.8,24,115.0,9,37.5,1,64,2,0.4,12.8,2.67,4.3,0,85.7,100.0,1,1,0.0,0,0,0,74.6,68.5,0,9,0.0,0,47,6,95.7,45,82.1,7,15.6,0,26,4,0.7,4.3,0.58,5.3,2,73.3,75.0,3,4,12.0,3,8,0,49.1,81.0,1,21,0.0,0,30,22,100.0,30,95.3,30,33.3,2,171,61,2.8,7.8,5.7
Tre Tucker,101106,WR,LV,17,90,-3.1,4,93.8,,0,0,0.0,0,2,0,81.1,85.6,0,10,0.0,0,16,15,100.0,16,103.1,16,17.8,1,60,107,7.1,4.0,3.75,-4.0,0,100.0,,0,0,0.0,0,0,0,73.4,62.6,0,5,0.0,0,35,5,100.0,35,79.2,5,14.3,0,9,29,5.8,1.8,0.26,33.6,0,40.0,,0,0,0.0,0,2,0,68.3,90.6,0,61,0.0,0,10,2,100.0,10,127.1,5,50.0,1,87,21,10.5,43.5,8.7,13.9,0,50.0,,0,0,20.0,1,4,0,46.3,89.4,1,17,0.0,0,44,4,88.6,39,35.9,8,20.5,0,61,7,1.8,15.3,1.56,4.3,3,88.9,100.0,1,1,11.1,1,4,0,54.5,91.1,0,22,0.0,0,104,8,96.2,100,106.5,9,9.0,0,86,50,6.3,10.8,0.86,0,29.7,0,38.9,0.0,0,2,0.0,0,7,0,75.6,94.4,0,61,0.0,0,19,7,94.7,18,123.6,18,20.0,2,225,34,4.9,32.1,12.5,23,-1.8,0,75.0,,0,0,0.0,0,0,0,70.5,84.1,0,9,0.0,0,22,3,100.0,22,86.5,4,18.2,0,21,26,8.7,7.0,0.95,30.3,0,25.0,0.0,0,1,0.0,0,1,0,64.7,75.7,0,33,0.0,0,18,1,100.0,18,61.5,4,22.2,0,33,3,3.0,33.0,1.83,14.0,0,60.0,50.0,2,4,0.0,0,3,0,70.5,92.6,0,19,0.0,0,25,3,84.0,21,87.1,5,23.8,0,42,2,0.7,14.0,2.0,4.9,1,64.3,100.0,1,1,10.0,1,4,0,57.0,72.9,0,13,0.0,0,76,9,94.7,72,101.2,14,19.4,1,73,34,3.8,8.1,1.01,14.0,0,50.0,42.9,3,7,15.4,2,11,0,46.0,92.6,1,19,0.0,0,27,11,81.5,22,70.3,22,24.4,1,160,10,0.9,14.5,7.27,0,-3.1,4,100.0,,0,0,0.0,0,2,0,75.6,85.3,0,10,0.0,0,34,7,100.0,34,124.1,7,20.6,1,30,52,7.4,4.3,0.88,27.2,0,44.4,0.0,0,1,0.0,0,4,0,72.1,93.2,0,28,0.0,0,26,4,92.3,24,124.8,9,37.5,1,105,10,2.5,26.3,4.38,14.0,0,44.4,33.3,1,3,20.0,1,4,0,41.6,80.2,0,18,0.0,0,26,4,88.5,23,102.5,9,39.1,1,57,1,0.3,14.3,2.48,5.5,1,63.6,0.0,0,2,12.5,1,4,0,54.5,91.0,0,37,0.0,0,64,7,95.3,61,90.0,11,18.0,0,92,57,8.1,13.1,1.51,4.9,5,70.6,50.0,2,4,11.1,3,12,0,52.9,91.7,0,37,0.0,0,35,24,97.1,34,101.5,34,37.8,1,251,141,5.9,10.5,7.38
Kenneth Gainwell,77737,HB,PIT,18,87,-4.9,8,94.3,,0,0,5.7,2,13,0,70.8,91.2,0,28,0.0,0,38,33,92.1,35,98.3,35,40.2,1,186,349,10.6,5.6,5.31,-5.1,4,91.3,,0,0,8.7,2,9,0,60.3,86.9,0,28,2.5,1,40,21,92.5,37,105.6,23,62.2,1,135,245,11.7,6.4,3.65,,0,,,0,0,,0,0,0,,,0,0,9.1,1,11,0,81.8,9,0.0,0,0.0,0,0,0,,,0.0,,0,,,0,0,,0,0,0,,,0,0,14.3,4,28,0,75.0,21,0.0,0,0.0,0,0,0,,,0.0,2.3,2,94.4,100.0,2,2,0.0,0,2,1,82.2,60.2,0,12,4.7,4,85,17,92.9,79,92.4,18,22.8,0,111,72,4.2,6.5,1.41,0,34.0,0,100.0,100.0,1,1,0.0,0,1,0,64.7,95.3,0,45,0.0,0,1,1,100.0,1,158.3,1,1.1,1,45,11,11.0,45.0,45.0,25,-3.3,1,100.0,,0,0,0.0,0,2,0,74.6,84.6,0,8,6.3,1,16,6,93.8,15,82.6,6,40.0,0,23,43,7.2,3.8,1.53,,0,,,0,0,,0,0,0,,,0,0,20.0,3,15,0,80.0,12,0.0,0,0.0,0,0,0,,,0.0,16.0,0,0.0,,0,0,,0,0,0,,59.9,0,0,6.3,1,16,0,81.3,13,39.6,1,7.7,0,0,0,,,0.0,2.1,2,83.3,100.0,1,1,6.3,1,7,0,66.7,91.8,0,19,4.2,2,48,15,89.6,43,112.5,18,41.9,1,118,87,5.8,7.9,2.74,16.0,0,0.0,,0,0,,0,0,0,,57.2,0,0,0.0,0,2,0,50.0,1,39.6,1,1.1,0,0,0,,,0.0,0,-5.5,3,100.0,,0,0,0.0,0,2,0,75.6,77.7,0,17,0.0,0,15,6,93.3,14,86.1,6,42.9,0,28,61,10.2,4.7,2.0,34.0,0,100.0,100.0,1,1,0.0,0,1,0,64.7,95.3,0,45,0.0,0,17,1,88.2,15,158.3,1,6.7,1,45,11,11.0,45.0,3.0,,0,,,0,0,,0,0,0,,59.4,0,0,5.6,1,18,0,77.8,14,0.0,0,0.0,0,0,0,,,0.0,1.6,1,78.6,,0,0,0.0,0,0,0,78.7,74.7,0,9,9.1,3,33,11,90.9,30,82.1,14,46.7,0,52,38,3.5,4.7,1.73,2.0,5,86.0,100.0,3,3,2.3,1,9,1,83.9,85.3,0,19,0.0,0,52,43,96.2,50,96.7,50,57.5,1,281,197,4.6,6.5,5.62
Elic Ayomanor,157263,WR,TEN,16,86,-1.0,0,100.0,,0,0,0.0,0,0,0,64.7,60.8,0,6,0.0,0,1,1,100.0,1,91.7,1,1.2,0,6,7,7.0,6.0,6.0,,0,,,0,0,,0,0,0,,,0,0,0.0,0,36,0,94.4,34,0.0,0,0.0,0,0,0,,,0.0,26.0,0,100.0,100.0,2,2,0.0,0,3,0,70.5,96.3,0,33,0.0,0,15,3,80.0,12,118.8,3,25.0,0,88,10,3.3,29.3,7.33,13.8,0,33.3,75.0,3,4,20.0,1,4,0,41.6,79.4,1,14,0.0,0,46,4,95.7,44,39.6,12,27.3,1,48,1,0.3,12.0,1.09,5.3,4,60.9,66.7,4,6,12.5,2,9,0,49.6,84.1,2,14,0.0,0,85,14,96.5,82,50.3,23,28.0,1,106,36,2.6,7.6,1.29,0,27.2,0,41.2,57.1,4,7,0.0,0,7,0,75.6,94.7,0,39,0.0,0,18,7,94.4,17,85.2,17,19.8,0,199,39,5.6,28.4,11.71,31,-1.0,0,100.0,,0,0,0.0,0,0,0,64.7,60.8,0,6,0.0,0,23,1,95.7,22,91.7,1,4.5,0,6,7,7.0,6.0,0.27,31.8,0,16.7,0.0,0,1,0.0,0,1,0,64.7,70.2,0,24,0.0,0,18,1,100.0,18,43.8,6,33.3,0,24,3,3.0,24.0,1.33,13.6,0,31.3,25.0,1,4,0.0,0,5,0,73.4,82.6,0,17,0.0,0,31,5,96.8,30,84.4,16,53.3,2,64,9,1.8,12.8,2.13,6.5,0,75.0,,0,0,0.0,0,2,0,70.5,85.9,0,20,0.0,0,41,3,100.0,41,101.0,4,9.8,0,35,18,6.0,11.7,0.85,13.7,0,31.3,50.0,5,10,16.7,2,10,0,41.1,83.6,1,17,0.0,0,34,10,94.1,32,62.4,32,37.2,3,123,11,1.1,12.3,3.84,0,,0,,,0,0,,0,0,0,,,0,0,0.0,0,22,0,95.5,21,0.0,0,0.0,0,0,0,,,0.0,24.1,0,37.5,50.0,2,4,0.0,0,3,0,70.5,90.6,0,39,0.0,0,19,3,89.5,17,78.6,8,47.1,0,87,26,8.7,29.0,5.12,13.5,0,25.0,50.0,1,2,50.0,1,1,0,28.8,58.3,0,11,0.0,0,31,1,90.3,28,39.6,4,14.3,0,11,1,1.0,11.0,0.39,5.9,0,66.7,,0,0,0.0,0,2,0,74.6,93.0,0,9,0.0,0,58,6,94.8,55,78.9,9,16.4,0,46,10,1.7,7.7,0.84,5.6,4,63.9,66.7,4,6,8.0,2,13,0,61.3,92.4,2,20,0.0,0,37,23,97.3,36,63.1,36,41.9,1,187,64,2.8,8.1,5.19
Chase Brown,77787,HB,CIN,17,86,-3.9,7,91.2,,0,0,0.0,0,3,0,88.0,92.9,0,18,0.0,0,36,31,94.4,34,81.1,34,39.5,0,118,241,7.8,3.8,3.47,-3.8,5,94.4,,0,0,0.0,0,2,0,82.2,93.4,0,18,3.3,1,30,17,96.7,29,85.9,18,62.1,0,83,150,8.8,4.9,2.86,,0,,,0,0,,0,0,0,,,0,0,20.0,1,5,0,80.0,4,0.0,0,0.0,0,0,0,,,0.0,,0,,,0,0,,0,0,0,,,0,0,13.3,4,30,0,83.3,25,0.0,0,0.0,0,0,0,,,0.0,3.0,7,67.7,80.0,4,5,16.0,4,8,0,36.9,81.0,1,23,6.8,8,117,21,91.5,107,85.3,31,29.0,1,219,155,7.4,10.4,2.05,0,25.0,0,0.0,0.0,0,1,,0,0,0,,59.9,0,0,0.0,0,1,0,100.0,1,39.6,1,1.2,0,0,0,,,0.0,7,-3.3,0,87.5,,0,0,0.0,0,0,0,75.6,71.7,0,6,4.2,1,24,7,91.7,22,79.2,8,36.4,0,19,40,5.7,2.7,0.86,,0,,,0,0,,0,0,0,,,0,0,5.9,1,17,0,94.1,16,0.0,0,0.0,0,0,0,,,0.0,,0,,,0,0,,0,0,0,,,0,0,10.7,3,28,0,85.7,24,0.0,0,0.0,0,0,0,,,0.0,1.8,3,88.9,,0,0,0.0,0,3,0,78.0,94.5,0,9,17.5,7,40,8,75.0,30,123.6,9,30.0,1,43,30,3.8,5.4,1.43,12.5,0,50.0,100.0,1,1,0.0,0,1,0,64.7,82.6,1,10,0.0,0,2,1,100.0,2,64.6,2,2.3,1,10,0,0.0,10.0,5.0,0,-4.6,2,87.5,,0,0,0.0,0,1,0,75.6,81.8,0,10,15.0,3,20,7,80.0,16,79.2,8,50.0,0,16,51,7.3,2.3,1.0,25.0,0,0.0,0.0,0,1,,0,0,0,,59.9,0,0,12.0,3,25,0,84.0,21,39.6,1,4.8,0,0,0,,,0.0,12.5,0,50.0,100.0,1,1,0.0,0,1,0,64.7,82.6,1,10,21.6,8,37,1,70.3,26,64.6,2,7.7,1,10,0,0.0,10.0,0.38,2.7,0,88.9,0.0,0,1,0.0,0,3,1,76.5,64.6,0,13,14.0,6,43,8,81.4,35,128.0,9,25.7,2,47,26,3.3,5.9,1.34,2.7,10,75.5,66.7,4,6,9.8,4,14,1,56.7,91.6,1,23,0.0,0,51,37,96.1,49,108.0,49,57.0,4,286,188,5.1,7.7,5.84
De'Von Achane,124305,HB,MIA,16,85,-3.8,19,87.8,,0,0,6.5,3,10,0,68.6,93.4,0,20,0.0,0,51,43,96.1,49,94.9,49,57.6,1,252,414,9.6,5.9,5.14,-2.6,6,86.4,,0,0,9.5,2,4,0,58.1,90.5,0,19,0.0,0,42,19,95.2,40,89.0,22,55.0,0,118,169,8.9,6.2,2.95,,0,,,0,0,,0,0,0,,,0,0,14.3,1,7,0,85.7,6,0.0,0,0.0,0,0,0,,,0.0,16.3,0,33.3,0.0,0,2,0.0,0,1,0,64.7,67.8,1,24,8.3,4,48,1,83.3,40,23.6,3,7.5,0,24,5,5.0,24.0,0.6,4.0,3,76.9,50.0,1,2,0.0,0,7,0,78.0,82.3,0,29,13.8,12,87,10,81.6,71,142.9,13,18.3,2,116,77,7.7,11.6,1.63,0,21.0,0,0.0,0.0,0,1,,0,0,0,,58.7,0,0,0.0,0,2,0,100.0,2,39.6,2,2.4,0,0,0,,,0.0,17,-4.4,7,100.0,,0,0,0.0,0,5,0,81.7,93.4,0,20,0.0,0,25,16,100.0,25,93.0,16,64.0,0,101,171,10.7,6.3,4.04,21.0,0,0.0,,0,0,,0,0,0,,60.0,0,0,5.3,1,19,0,89.5,17,39.6,1,5.9,0,0,0,,,0.0,10.0,0,0.0,0.0,0,1,,0,0,0,,59.9,0,0,30.0,3,10,0,70.0,7,39.6,1,14.3,0,0,0,,,0.0,4.0,1,83.3,,0,0,0.0,0,3,0,73.4,91.3,1,18,7.9,3,38,5,86.8,33,61.8,6,18.2,0,50,28,5.6,10.0,1.52,15.1,0,28.6,25.0,1,4,0.0,0,2,0,68.3,90.6,1,24,0.0,0,7,2,100.0,7,47.3,7,8.2,1,34,5,2.5,17.0,4.86,0,-5.1,6,72.7,,0,0,11.1,1,1,0,56.7,72.9,0,11,0.0,0,21,8,90.5,19,105.5,11,57.9,1,33,74,9.3,4.1,1.74,21.0,0,0.0,0.0,0,1,,0,0,0,,60.0,0,0,0.0,0,11,0,100.0,11,39.6,1,9.1,0,0,0,,,0.0,15.7,0,33.3,100.0,1,1,0.0,0,1,0,64.7,91.3,0,10,5.3,1,19,1,89.5,17,83.3,3,17.6,1,10,0,0.0,10.0,0.59,1.5,0,87.5,,0,0,12.5,1,1,0,54.5,59.9,0,15,7.1,2,28,7,89.3,25,85.4,8,32.0,0,36,27,3.9,5.1,1.44,3.3,4,81.5,50.0,1,2,4.3,1,11,0,72.8,90.4,1,29,0.0,0,28,22,96.4,27,106.0,27,31.8,2,195,125,5.7,8.9,7.22
Dallas Goedert,47272,TE,PHI,16,85,-2.6,0,100.0,,0,0,0.0,0,5,0,75.6,93.5,0,5,0.0,0,7,7,100.0,7,121.1,7,8.2,5,25,43,6.1,3.6,3.57,-2.3,0,100.0,,0,0,0.0,0,5,0,74.6,94.7,0,5,5.0,1,20,6,90.0,18,120.8,6,33.3,5,21,35,5.8,3.5,1.17,22.0,0,100.0,,0,0,0.0,0,3,0,70.5,95.7,0,33,0.0,0,14,3,100.0,14,158.3,3,21.4,1,78,12,4.0,26.0,5.57,14.2,0,33.3,0.0,0,3,0.0,0,2,0,68.3,82.9,0,22,6.9,2,29,2,89.7,26,55.6,6,23.1,0,37,8,4.0,18.5,1.42,4.9,5,78.3,0.0,0,4,5.3,1,10,0,68.7,93.5,0,16,1.1,1,87,18,94.3,82,109.1,23,28.0,1,154,65,3.6,8.6,1.88,0,26.6,0,50.0,,0,0,0.0,0,4,0,72.1,93.8,0,36,0.0,0,8,4,100.0,8,135.4,8,9.4,1,114,14,3.5,28.5,14.25,24,,0,,,0,0,,0,0,0,,,0,0,0.0,0,13,0,100.0,13,0.0,0,0.0,0,0,0,,,0.0,30.3,0,33.3,,0,0,0.0,0,1,0,64.7,76.9,0,36,9.7,3,31,1,74.2,23,79.9,3,13.0,0,36,2,2.0,36.0,1.57,14.3,0,75.0,,0,0,0.0,0,3,0,70.5,92.8,0,32,8.0,2,25,3,88.0,22,116.7,4,18.2,0,68,23,7.7,22.7,3.09,4.3,0,83.3,,0,0,9.1,1,2,0,60.2,85.5,0,12,3.1,2,65,10,93.8,61,93.4,12,19.7,0,77,38,3.8,7.7,1.26,14.6,0,46.2,0.0,0,4,0.0,0,6,0,74.6,93.8,0,32,0.0,0,14,6,92.9,13,104.6,13,15.3,1,120,31,5.2,20.0,9.23,0,-4.0,0,100.0,,0,0,0.0,0,0,0,64.7,60.4,0,4,11.1,1,9,1,77.8,7,83.3,1,14.3,0,4,8,8.0,4.0,0.57,28.0,0,0.0,,0,0,,0,0,0,,57.2,0,0,8.7,2,23,0,78.3,18,39.6,2,11.1,0,0,0,,,0.0,16.0,0,33.3,0.0,0,1,0.0,0,1,0,64.7,85.9,0,15,6.1,2,33,1,81.8,27,90.3,3,11.1,1,15,0,0.0,15.0,0.56,4.1,1,86.4,0.0,0,1,5.0,1,9,0,70.5,92.8,0,17,5.0,3,60,19,90.0,54,131.6,22,40.7,4,134,61,3.2,7.1,2.48,4.5,6,82.5,0.0,0,5,6.0,3,21,0,70.9,94.4,0,17,0.0,0,60,47,95.0,57,122.6,57,67.1,5,365,164,3.5,7.8,6.4
Josh Downs,122832,WR,IND,16,84,-2.5,0,100.0,,0,0,0.0,0,0,0,72.1,62.3,0,4,0.0,0,4,2,50.0,2,81.3,2,2.4,0,7,12,6.0,3.5,3.5,-4.0,0,100.0,,0,0,0.0,0,0,0,64.7,61.0,0,4,0.0,0,26,1,100.0,26,83.3,1,3.8,0,4,8,8.0,4.0,0.15,28.5,0,50.0,,0,0,0.0,0,1,0,64.7,90.6,0,30,0.0,0,8,1,100.0,8,95.8,2,25.0,0,30,0,0.0,30.0,3.75,14.0,0,85.7,50.0,1,2,0.0,0,6,0,74.6,95.7,0,23,0.0,0,47,6,95.7,45,158.3,7,15.6,1,89,14,2.3,14.8,1.98,4.1,4,62.1,12.5,1,8,5.3,1,7,0,68.7,88.3,1,13,0.0,0,105,18,92.4,97,69.2,29,29.9,1,127,44,2.4,7.1,1.31,0,28.9,0,37.5,,0,0,0.0,0,3,0,72.1,96.6,0,34,0.0,0,9,3,88.9,8,81.8,8,9.5,0,93,2,0.7,31.0,11.63,14,,0,,,0,0,,0,0,0,64.7,60.8,0,0,0.0,0,4,0,75.0,3,0.0,0,0.0,0,0,0,,,0.0,33.0,0,50.0,,0,0,0.0,0,1,0,68.3,95.1,0,34,0.0,0,16,1,75.0,12,95.8,2,16.7,0,34,0,0.0,34.0,2.83,16.0,0,60.0,100.0,1,1,0.0,0,3,0,70.5,93.0,0,19,0.0,0,24,3,100.0,24,97.9,5,20.8,0,55,8,2.7,18.3,2.29,4.9,3,66.7,50.0,1,2,9.1,1,7,0,58.5,89.7,1,12,0.0,0,43,10,95.3,41,51.3,15,36.6,0,77,32,3.2,7.7,1.88,14.7,0,71.4,66.7,2,3,0.0,0,10,0,78.0,97.0,1,23,0.0,0,14,10,100.0,14,102.7,14,16.7,1,158,25,2.5,15.8,11.29,0,-1.0,0,100.0,,0,0,0.0,0,0,0,68.3,61.7,0,3,0.0,0,10,1,90.0,9,79.2,1,11.1,0,3,4,4.0,3.0,0.33,27.0,0,25.0,,0,0,0.0,0,1,0,64.7,84.8,0,29,0.0,0,14,1,92.9,13,57.3,4,30.8,0,29,2,2.0,29.0,2.23,14.0,0,50.0,,0,0,0.0,0,1,0,64.7,77.3,1,14,0.0,0,16,1,87.5,14,33.3,2,14.3,0,14,3,3.0,14.0,1.0,5.0,0,93.8,100.0,1,1,6.3,1,9,0,65.6,93.0,0,12,0.0,0,35,15,94.3,33,133.3,16,48.5,2,104,29,1.9,6.9,3.15,4.6,7,71.7,27.3,3,11,6.5,3,23,0,67.4,93.4,2,13,0.0,0,61,43,98.4,60,85.5,60,71.4,3,301,98,2.3,7.0,5.02
Quentin Johnston,123085,WR,LAC,15,83,-1.6,4,100.0,,0,0,0.0,0,4,0,78.0,91.5,0,33,0.0,0,10,10,100.0,10,105.8,10,12.0,0,94,110,11.0,9.4,9.4,-1.7,1,100.0,,0,0,0.0,0,2,0,70.5,91.4,0,33,0.0,0,30,3,96.7,29,118.8,3,10.3,0,50,55,18.3,16.7,1.72,29.0,0,25.0,,0,0,0.0,0,0,0,64.7,58.4,0,23,0.0,0,12,1,83.3,10,51.0,4,40.0,0,23,2,2.0,23.0,2.3,13.4,2,58.3,50.0,1,2,0.0,0,5,1,76.5,91.6,2,23,0.0,0,41,7,95.1,39,81.9,12,30.8,2,90,6,0.9,12.9,2.31,5.2,6,78.9,60.0,3,5,6.3,1,5,0,65.9,87.9,0,37,0.0,0,117,15,97.4,114,114.3,19,16.7,1,137,65,4.3,9.1,1.2,0,31.4,0,47.6,50.0,5,10,0.0,0,9,0,78.0,97.7,0,60,0.0,0,24,10,87.5,21,133.4,21,25.3,4,338,34,3.4,33.8,16.1,27,-1.8,0,100.0,,0,0,0.0,0,1,0,72.1,71.7,0,8,0.0,0,11,4,100.0,11,81.3,4,36.4,0,14,21,5.3,3.5,1.27,34.6,0,54.5,57.1,4,7,0.0,0,6,0,74.6,97.5,0,60,0.0,0,25,6,88.0,22,139.2,11,50.0,3,251,31,5.2,41.8,11.41,13.3,0,66.7,0.0,0,1,0.0,0,3,0,72.1,93.4,0,25,0.0,0,17,4,88.2,15,136.8,6,40.0,1,57,11,2.8,14.3,3.8,4.6,0,85.7,66.7,2,3,0.0,0,0,0,74.6,61.8,0,8,0.0,0,34,6,97.1,33,82.7,7,21.2,0,27,4,0.7,4.5,0.82,13.4,2,57.9,33.3,1,3,0.0,0,8,1,79.4,94.0,2,25,0.0,0,21,11,90.5,19,82.6,19,22.9,3,147,17,1.5,13.4,7.74,0,-1.3,3,100.0,,0,0,0.0,0,1,0,70.5,85.7,0,15,0.0,0,18,3,94.4,17,108.3,3,17.6,0,30,34,11.3,10.0,1.76,27.0,0,50.0,33.3,1,3,0.0,0,3,0,70.5,95.4,0,23,0.0,0,29,3,96.6,28,127.8,6,21.4,1,64,1,0.3,21.3,2.29,14.0,0,0.0,,0,0,,0,0,0,,59.1,0,0,0.0,0,23,0,87.0,20,39.6,1,5.0,0,0,0,,,0.0,6.0,0,28.6,0.0,0,2,60.0,3,0,0,25.9,30.0,0,8,0.0,0,54,2,100.0,54,39.6,7,13.0,0,12,1,0.5,6.0,0.22,5.2,6,69.7,50.0,5,10,14.8,4,5,0,40.4,70.2,0,37,0.0,0,33,23,100.0,33,92.5,33,39.8,1,176,70,3.0,7.7,5.33
Alec Pierce,78038,WR,IND,15,83,,0,,,0,0,,0,0,0,,,0,0,,0,0,0,,0,0.0,0,0.0,0,0,0,,,,,0,,,0,0,,0,0,0,,,0,0,0.0,0,35,0,94.3,33,0.0,0,0.0,0,0,0,,,0.0,36.6,0,62.5,60.0,3,5,0.0,0,5,0,73.4,96.6,0,53,0.0,0,13,5,92.3,12,145.8,8,66.7,3,152,16,3.2,30.4,12.67,14.8,0,70.6,57.1,4,7,0.0,0,11,0,79.4,98.1,0,26,0.0,0,59,12,94.9,56,113.0,17,30.4,0,226,38,3.2,18.8,4.04,5.7,1,77.8,0.0,0,1,12.5,1,4,0,52.1,88.5,0,16,0.0,0,105,7,99.0,104,95.8,9,8.7,0,63,24,3.4,9.0,0.61,0,34.2,1,42.9,46.7,7,15,0.0,0,12,0,79.4,97.9,2,66,0.0,0,33,12,84.8,28,99.7,28,33.7,5,451,67,5.6,37.6,16.11,14,,0,,,0,0,,0,0,0,,,0,0,0.0,0,10,0,90.0,9,0.0,0,0.0,0,0,0,,,0.0,31.8,0,33.3,40.0,2,5,0.0,0,4,0,72.1,93.1,1,66,0.0,0,20,4,80.0,16,86.8,12,75.0,2,169,30,7.5,42.3,10.56,16.1,0,42.9,25.0,1,4,0.0,0,6,0,74.6,92.6,0,29,0.0,0,30,6,96.7,29,70.8,14,48.3,0,111,19,3.2,18.5,3.83,7.3,0,100.0,,0,0,0.0,0,2,0,70.5,82.8,0,11,0.0,0,51,3,98.0,50,106.9,3,6.0,0,29,7,2.3,9.7,0.58,15.2,0,58.5,40.0,6,15,0.0,0,23,0,86.1,99.0,0,33,0.0,0,45,24,91.1,41,105.2,41,49.4,1,455,90,3.8,19.0,11.1,0,,0,,,0,0,,0,0,0,,,0,0,0.0,0,11,0,90.9,10,0.0,0,0.0,0,0,0,,,0.0,35.3,1,37.5,40.0,2,5,0.0,0,3,0,70.5,93.4,1,50,0.0,0,19,3,89.5,17,45.8,8,47.1,0,130,21,7.0,43.3,7.65,14.6,0,60.0,25.0,1,4,0.0,0,6,0,76.5,95.5,0,33,0.0,0,31,6,83.9,26,134.6,10,38.5,1,118,33,5.5,19.7,4.54,6.0,0,50.0,100.0,1,1,0.0,0,0,0,68.3,60.2,0,5,0.0,0,42,1,92.9,39,56.3,2,5.1,0,5,0,0.0,5.0,0.13,6.1,1,78.6,50.0,1,2,8.3,1,6,0,61.8,89.4,0,16,0.0,0,16,11,87.5,14,95.5,14,16.9,0,97,31,2.8,8.8,6.93
Brock Bowers,146715,TE,LV,12,83,-1.8,0,87.5,100.0,1,1,12.5,1,2,0,52.1,74.6,0,19,0.0,0,8,7,100.0,8,82.3,8,9.6,0,30,42,6.0,4.3,3.75,-3.5,0,100.0,100.0,1,1,0.0,0,1,0,68.3,89.6,0,19,4.5,1,22,2,95.5,21,102.1,2,9.5,0,17,24,12.0,8.5,0.81,25.0,0,0.0,,0,0,,0,0,0,,60.0,0,0,0.0,0,9,0,100.0,9,39.6,1,11.1,0,0,0,,,0.0,13.7,0,85.7,100.0,2,2,0.0,0,12,0,79.4,98.3,1,31,6.7,2,30,12,86.7,26,128.6,14,53.8,3,184,45,3.8,15.3,7.08,5.4,3,84.0,71.4,5,7,4.5,1,10,0,71.3,94.3,0,38,3.8,3,79,21,92.4,73,119.8,25,34.2,1,239,125,6.0,11.4,3.27,0,22.7,0,33.3,33.3,1,3,0.0,0,2,0,68.3,93.2,1,30,0.0,0,6,2,100.0,6,27.8,6,7.2,0,54,8,4.0,27.0,9.0,23,-1.0,0,100.0,,0,0,0.0,0,0,0,64.7,61.0,0,0,5.9,1,17,1,94.1,16,79.2,1,6.3,0,0,1,1.0,0.0,0.0,21.7,0,0.0,0.0,0,2,,0,0,0,,55.8,1,0,9.1,1,11,0,90.9,10,0.0,3,30.0,0,0,0,,,0.0,16.5,0,50.0,0.0,0,1,0.0,0,1,0,64.7,89.8,0,15,4.8,1,21,1,81.0,17,114.6,2,11.8,1,15,0,0.0,15.0,0.88,3.9,0,66.7,75.0,3,4,9.1,1,4,0,60.2,84.4,1,18,0.0,0,53,10,92.5,49,50.7,15,30.6,0,75,44,4.4,7.5,1.53,14.0,0,73.7,40.0,2,5,0.0,0,14,0,80.6,98.6,1,31,0.0,0,21,14,90.5,19,128.5,19,22.9,4,216,47,3.4,15.4,11.37,0,-1.2,0,80.0,,0,0,20.0,1,1,0,41.6,62.6,0,8,0.0,0,22,4,100.0,22,79.2,5,22.7,0,13,17,4.3,3.3,0.59,23.0,0,100.0,100.0,1,1,0.0,0,2,0,68.3,97.5,0,30,12.5,2,16,2,75.0,12,118.8,2,16.7,0,54,8,4.0,27.0,4.5,13.7,0,33.3,0.0,0,2,0.0,0,1,0,64.7,80.3,0,17,0.0,0,19,1,84.2,16,53.5,3,18.8,0,17,2,2.0,17.0,1.06,3.9,1,100.0,100.0,2,2,0.0,0,4,0,60.2,94.7,0,11,0.0,0,42,10,92.9,39,133.8,10,25.6,2,66,30,3.0,6.6,1.69,4.7,4,82.0,76.9,10,13,4.7,2,18,0,67.4,95.5,1,38,0.0,0,54,41,92.6,50,110.0,50,60.2,3,380,199,4.9,9.3,7.6
Jayden Higgins,150240,WR,HST,19,81,,0,,,0,0,,0,0,0,,,0,0,,0,0,0,,0,0.0,0,0.0,0,0,0,,,,,0,,,0,0,,0,0,0,,,0,0,0.0,0,22,0,95.5,21,0.0,0,0.0,0,0,0,,,0.0,43.0,0,50.0,,0,0,0.0,0,1,0,64.7,88.6,0,75,0.0,0,9,1,100.0,9,135.4,2,22.2,1,75,35,35.0,75.0,8.33,12.9,1,68.8,75.0,3,4,0.0,0,10,0,78.7,96.1,1,17,2.4,1,42,11,92.9,39,113.0,16,41.0,2,154,13,1.2,14.0,3.95,5.7,2,80.0,0.0,0,3,5.9,1,9,0,66.7,90.0,0,28,0.0,0,98,16,96.9,95,115.0,20,21.1,1,152,62,3.9,9.5,1.6,0,28.9,0,33.3,33.3,1,3,0.0,0,4,0,73.4,94.4,1,75,0.0,0,14,4,85.7,12,85.1,12,14.8,2,145,40,10.0,36.3,12.08,13,,0,,,0,0,,0,0,0,,,0,0,0.0,0,6,0,100.0,6,0.0,0,0.0,0,0,0,,,0.0,29.3,0,33.3,50.0,1,2,0.0,0,1,0,68.3,91.3,0,23,0.0,0,14,1,85.7,12,61.8,3,25.0,0,23,3,3.0,23.0,1.92,14.8,0,33.3,0.0,0,2,0.0,0,3,0,70.5,83.1,0,16,0.0,0,21,3,85.7,18,86.8,9,50.0,1,43,6,2.0,14.3,2.39,7.1,0,77.8,100.0,3,3,0.0,0,2,0,75.6,78.6,0,11,0.0,0,47,7,97.9,46,90.3,9,19.6,0,51,1,0.1,7.3,1.11,13.6,1,50.0,37.5,3,8,0.0,0,16,0,82.2,95.5,1,19,0.0,0,35,17,97.1,34,89.8,34,42.0,3,236,19,1.1,13.9,6.94,0,,0,,,0,0,,0,0,0,,,0,0,0.0,0,6,0,100.0,6,0.0,0,0.0,0,0,0,,,0.0,24.7,0,28.6,0.0,0,1,0.0,0,2,0,68.3,90.7,1,24,0.0,0,29,2,86.2,25,55.1,7,28.0,1,47,2,1.0,23.5,1.88,13.8,0,33.3,0.0,0,2,0.0,0,3,0,70.5,85.2,0,19,4.0,1,25,3,96.0,24,47.9,9,37.5,0,39,0,0.0,13.0,1.63,4.5,0,100.0,,0,0,0.0,0,2,0,74.6,86.9,0,9,0.0,0,54,6,96.3,52,93.8,6,11.5,0,39,12,2.0,6.5,0.75,5.8,2,82.9,50.0,3,6,3.3,1,13,0,76.7,91.4,0,28,0.0,0,36,29,97.2,35,105.0,35,43.2,1,242,75,2.6,8.3,6.91
Cade Otton,61071,TE,TB,16,80,-3.0,2,100.0,,0,0,0.0,0,2,0,74.6,92.0,0,17,0.0,0,6,6,100.0,6,103.5,6,7.5,0,53,71,11.8,8.8,8.83,-3.4,2,100.0,,0,0,0.0,0,2,0,73.4,92.4,0,17,10.7,8,75,5,81.3,61,106.7,5,8.2,0,48,65,13.0,9.6,0.79,,0,,,0,0,,0,0,0,,,0,0,11.8,2,17,0,88.2,15,0.0,0,0.0,0,0,0,,,0.0,12.8,1,75.0,50.0,1,2,0.0,0,3,0,70.5,91.8,0,19,12.1,7,58,3,84.5,49,155.2,4,8.2,1,49,9,3.0,16.3,1.0,4.7,3,75.7,30.0,3,10,3.4,1,11,0,76.7,92.6,1,20,3.4,4,117,28,89.7,105,80.2,37,35.2,0,234,111,4.0,8.4,2.23,0,22.0,0,0.0,,0,0,,0,0,0,,59.7,0,0,0.0,0,1,0,100.0,1,39.6,1,1.3,0,0,0,,,0.0,30,,0,,,0,0,,0,0,0,,,0,0,21.1,4,19,0,68.4,13,0.0,0,0.0,0,0,0,,,0.0,,0,,,0,0,,0,0,0,,,0,0,10.5,2,19,0,73.7,14,0.0,0,0.0,0,0,0,,,0.0,15.8,0,60.0,0.0,0,1,0.0,0,3,0,70.5,92.0,0,27,12.5,5,40,3,85.0,34,103.7,5,14.7,0,62,19,6.3,20.7,1.82,3.8,1,83.3,50.0,1,2,0.0,0,3,0,78.0,71.5,0,21,9.8,5,51,10,86.3,44,91.3,12,27.3,0,71,34,3.4,7.1,1.61,14.3,1,70.0,33.3,1,3,0.0,0,7,0,75.6,94.8,0,27,0.0,0,12,7,83.3,10,145.8,10,12.5,1,131,35,5.0,18.7,13.1,0,-1.0,0,100.0,,0,0,0.0,0,0,0,64.7,61.8,0,5,22.2,2,9,1,77.8,7,87.5,1,14.3,0,5,6,6.0,5.0,0.71,22.0,0,0.0,,0,0,,0,0,0,,59.7,0,0,10.7,3,28,0,75.0,21,39.6,1,4.8,0,0,0,,,0.0,13.0,0,100.0,,0,0,0.0,0,1,0,64.7,80.8,0,20,17.9,5,28,1,71.4,20,118.8,1,5.0,0,20,7,7.0,20.0,1.0,3.2,0,57.1,40.0,2,5,11.1,1,2,0,54.9,60.5,1,25,8.3,4,48,8,91.7,44,44.6,14,31.8,0,83,56,7.0,10.4,1.89,4.2,4,73.0,35.3,6,17,4.2,2,16,0,77.4,90.7,2,25,0.0,0,65,46,96.9,63,75.4,63,78.8,0,388,201,4.4,8.4,6.16
Cooper Kupp,11824,WR,SEA,18,78,-2.5,1,100.0,,0,0,0.0,0,1,0,72.1,83.1,0,9,0.0,0,4,4,100.0,4,88.5,4,5.1,0,21,31,7.8,5.3,5.25,-4.0,0,100.0,,0,0,0.0,0,0,0,64.7,60.1,0,1,0.0,0,24,1,95.8,23,79.2,1,4.3,0,1,5,5.0,1.0,0.04,22.0,0,0.0,,0,0,,0,0,0,,59.0,0,0,0.0,0,12,0,83.3,10,39.6,1,10.0,0,0,0,,,0.0,13.7,2,50.0,0.0,0,2,25.0,1,3,0,36.8,86.3,1,29,0.0,0,38,3,100.0,38,44.4,6,15.8,0,58,19,6.3,19.3,1.53,5.8,1,75.0,75.0,3,4,10.0,2,12,1,56.9,93.0,1,24,0.0,0,119,18,93.3,111,96.2,24,21.6,1,202,101,5.6,11.2,1.82,0,22.8,0,40.0,,0,0,0.0,0,2,0,68.3,90.3,0,24,0.0,0,6,2,83.3,5,72.9,5,6.4,0,45,1,0.5,22.5,9.0,29,-2.0,1,100.0,,0,0,0.0,0,1,0,68.3,90.3,0,9,0.0,0,17,2,100.0,17,102.1,2,11.8,0,17,21,10.5,8.5,1.0,23.0,0,100.0,,0,0,0.0,0,1,0,64.7,79.7,0,24,0.0,0,17,1,88.2,15,118.8,1,6.7,0,24,1,1.0,24.0,1.6,16.1,0,37.5,100.0,1,1,0.0,0,3,0,70.5,93.1,1,21,2.9,1,34,3,85.3,29,57.8,8,27.6,1,47,4,1.3,15.7,1.62,4.7,1,84.6,100.0,1,1,0.0,0,3,0,78.7,91.8,0,12,0.0,0,53,11,96.2,51,92.6,13,25.5,0,81,34,3.1,7.4,1.59,14.7,5,52.4,20.0,1,5,8.3,1,11,0,60.6,97.7,2,67,0.0,0,22,11,95.5,21,74.1,21,26.9,1,263,106,9.6,23.9,12.52,0,-2.0,0,100.0,,0,0,0.0,0,0,0,64.7,61.1,0,3,7.7,1,13,1,92.3,12,79.2,1,8.3,0,3,5,5.0,3.0,0.25,23.0,0,33.3,,0,0,0.0,0,1,0,64.7,87.7,0,21,0.0,0,17,1,88.2,15,59.0,3,20.0,0,21,0,0.0,21.0,1.4,14.0,3,71.4,0.0,0,2,0.0,0,5,0,73.4,98.0,0,67,0.0,0,22,5,90.9,20,113.7,7,35.0,0,158,83,16.6,31.6,7.9,4.1,2,90.9,50.0,1,2,0.0,0,3,0,78.7,92.9,0,13,2.5,1,40,10,95.0,38,126.1,11,28.9,1,77,41,4.1,7.7,2.03,5.1,4,81.3,71.4,5,7,4.9,2,18,1,74.3,95.3,1,24,0.0,0,52,39,92.3,48,103.1,48,61.5,2,360,176,4.5,9.2,7.5
Rashee Rice,97605,WR,KC,8,77,-3.4,5,96.3,,0,0,3.7,1,8,0,75.5,91.8,0,27,0.0,0,28,26,96.4,27,115.4,27,35.1,2,156,245,9.4,6.0,5.78,-3.2,2,93.3,,0,0,6.7,1,2,0,65.6,78.4,0,10,0.0,0,31,14,96.8,30,109.2,15,50.0,1,73,118,8.4,5.2,2.43,22.0,0,100.0,,0,0,0.0,0,1,0,64.7,90.6,0,29,0.0,0,7,1,100.0,7,118.8,1,14.3,0,29,7,7.0,29.0,4.14,12.1,1,71.4,,0,0,28.6,2,4,1,29.2,75.1,0,47,0.0,0,25,5,92.0,23,113.7,7,30.4,0,117,54,10.8,23.4,5.09,4.5,1,52.4,25.0,2,8,8.3,1,6,0,61.8,91.2,1,19,0.0,0,55,11,96.4,53,79.3,21,39.6,2,109,62,5.6,9.9,2.06,0,24.8,0,50.0,0.0,0,1,33.3,1,2,0,29.9,82.1,0,29,0.0,0,4,2,100.0,4,95.8,4,5.2,0,54,10,5.0,27.0,13.5,16,-4.3,0,100.0,,0,0,0.0,0,3,0,74.6,90.9,0,27,0.0,0,14,6,92.9,13,143.1,6,46.2,1,53,79,13.2,8.8,4.08,28.0,0,50.0,,0,0,0.0,0,1,0,64.7,78.1,0,25,11.1,1,9,1,77.8,7,95.8,2,28.6,0,25,3,3.0,25.0,3.57,16.0,0,50.0,0.0,0,1,0.0,0,1,0,64.7,75.6,0,20,0.0,0,7,1,100.0,7,85.4,2,28.6,0,20,4,4.0,20.0,2.86,5.3,0,50.0,50.0,1,2,0.0,0,2,0,68.3,84.1,0,12,0.0,0,15,2,86.7,13,99.0,4,30.8,1,15,6,3.0,7.5,1.15,14.3,1,53.3,33.3,1,3,20.0,2,7,1,35.3,89.6,0,47,0.0,0,16,8,93.8,15,98.6,15,19.5,0,207,94,11.8,25.9,13.8,0,-3.0,3,100.0,,0,0,0.0,0,3,0,74.6,91.2,0,7,0.0,0,11,6,90.9,10,87.5,6,60.0,0,30,48,8.0,5.0,3.0,21.0,0,0.0,0.0,0,1,100.0,1,0,0,27.9,41.2,0,0,0.0,0,11,0,81.8,9,39.6,1,11.1,0,0,0,,,0.0,16.2,0,33.3,50.0,1,2,0.0,0,2,0,68.3,88.7,0,42,0.0,0,16,2,75.0,12,78.5,6,50.0,0,70,36,18.0,35.0,5.83,6.3,1,66.7,0.0,0,2,20.0,1,2,0,41.6,69.8,0,11,0.0,0,21,4,90.5,19,78.5,6,31.6,0,30,10,2.5,7.5,1.58,5.0,2,54.8,25.0,3,12,10.5,2,10,0,55.6,91.5,1,19,0.0,0,32,17,96.9,31,87.3,31,40.3,3,154,78,4.6,9.1,4.97
Evan Engram,11778,TE,DEN,18,77,-1.8,1,76.9,0.0,0,1,0.0,0,1,0,78.0,89.4,0,20,0.0,0,13,10,100.0,13,85.1,13,16.9,0,59,79,7.9,5.9,4.54,-2.4,0,100.0,,0,0,0.0,0,0,0,73.4,89.5,0,9,0.0,0,30,5,93.3,28,90.8,5,17.9,0,29,41,8.2,5.8,1.04,,0,,,0,0,,0,0,0,,,0,0,7.1,1,14,0,92.9,13,0.0,0,0.0,0,0,0,,,0.0,15.3,1,66.7,100.0,1,1,0.0,0,2,0,68.3,91.1,0,18,0.0,0,28,2,85.7,24,104.9,3,12.5,0,34,6,3.0,17.0,1.42,3.4,4,77.4,50.0,1,2,7.7,2,8,0,62.5,90.2,1,41,0.0,0,96,24,94.8,91,95.1,31,34.1,1,232,147,6.1,9.7,2.55,0,20.7,0,66.7,,0,0,0.0,0,2,0,68.3,91.4,0,37,0.0,0,4,2,75.0,3,109.7,3,3.9,0,70,28,14.0,35.0,23.33,10,-2.0,1,50.0,0.0,0,1,0.0,0,1,0,64.7,79.7,0,20,6.3,1,16,1,93.8,15,85.4,2,13.3,0,20,22,22.0,20.0,1.33,20.7,0,66.7,,0,0,0.0,0,2,0,68.3,91.4,0,37,0.0,0,13,2,92.3,12,109.7,3,25.0,0,70,28,14.0,35.0,5.83,14.8,0,25.0,100.0,1,1,0.0,0,1,0,64.7,76.1,0,12,4.8,1,21,1,95.2,20,39.6,4,20.0,0,12,1,1.0,12.0,0.6,2.7,0,44.4,100.0,1,1,33.3,2,2,0,28.6,49.3,0,7,2.1,1,48,4,97.9,47,51.6,9,19.1,0,16,8,2.0,4.0,0.34,15.4,1,37.5,66.7,2,3,0.0,0,3,0,72.1,78.2,0,18,0.0,0,9,3,88.9,8,57.3,8,10.4,0,46,7,2.3,15.3,5.75,0,-1.3,0,66.7,,0,0,0.0,0,0,0,72.1,64.7,0,6,0.0,0,17,4,100.0,17,70.1,6,35.3,0,10,16,4.0,2.5,0.59,,0,,,0,0,,0,0,0,,,0,0,15.4,2,13,0,84.6,11,0.0,0,0.0,0,0,0,,,0.0,18.0,0,0.0,0.0,0,1,,0,0,0,64.7,38.6,0,0,4.5,1,22,0,86.4,19,39.6,1,5.3,0,0,0,,,0.0,2.5,0,76.9,0.0,0,1,0.0,0,4,0,78.7,92.1,0,11,2.0,1,51,10,96.1,49,86.7,13,26.5,0,64,43,4.3,6.4,1.31,3.1,4,71.7,50.0,2,4,9.5,4,14,0,56.9,90.6,1,41,0.0,0,55,38,96.4,53,84.8,53,68.8,1,312,198,5.2,8.2,5.89
Chigoziem Okonkwo,84000,TE,TEN,17,76,-2.8,1,77.3,,0,0,5.6,1,5,0,68.0,90.8,0,17,0.0,0,22,17,100.0,22,105.5,22,28.9,1,126,173,10.2,7.4,5.73,-2.9,1,71.4,,0,0,9.1,1,5,0,58.9,91.8,0,17,4.4,2,45,10,88.9,40,115.8,14,35.0,1,102,129,12.9,10.2,2.55,22.5,0,0.0,,0,0,,0,0,0,,57.5,0,0,0.0,0,15,0,80.0,12,39.6,2,16.7,0,0,0,,,0.0,14.3,0,66.7,100.0,1,1,0.0,0,4,0,72.1,93.3,0,23,7.0,3,43,4,88.4,38,104.9,6,15.8,0,68,16,4.0,17.0,1.79,4.6,4,75.0,50.0,2,4,7.7,1,4,0,64.7,86.9,1,20,2.7,2,73,12,91.8,67,65.6,16,23.9,0,104,49,4.1,8.7,1.55,0,26.3,0,25.0,,0,0,0.0,0,1,0,64.7,84.7,0,39,0.0,0,4,1,100.0,4,67.7,4,5.3,0,39,3,3.0,39.0,9.75,31,-3.3,0,75.0,,0,0,0.0,0,0,0,70.5,62.6,0,4,0.0,0,23,3,87.0,20,77.1,4,20.0,0,4,15,5.0,1.3,0.2,36.0,0,100.0,,0,0,0.0,0,1,0,64.7,91.1,0,39,23.1,3,13,1,76.9,10,118.8,1,10.0,0,39,3,3.0,39.0,3.9,14.8,0,50.0,100.0,1,1,33.3,1,2,0,29.9,82.7,0,16,8.3,2,24,2,87.5,21,76.0,4,19.0,0,31,0,0.0,15.5,1.48,3.3,6,90.0,100.0,1,1,0.0,0,5,0,77.3,96.2,0,43,2.5,1,40,9,95.0,38,147.5,10,26.3,1,114,83,9.2,12.7,3.0,14.8,0,61.5,100.0,2,2,11.1,1,8,0,54.5,94.3,0,26,0.0,0,14,8,92.9,13,99.2,13,17.1,0,143,26,3.3,17.9,11.0,0,-2.3,0,100.0,,0,0,0.0,0,0,0,72.1,75.8,0,11,0.0,0,18,4,94.4,17,87.5,4,23.5,0,20,29,7.3,5.0,1.18,24.0,0,0.0,,0,0,,0,0,0,,59.0,0,0,11.8,2,17,0,76.5,13,39.6,1,7.7,0,0,0,,,0.0,16.0,0,66.7,,0,0,0.0,0,2,0,68.3,89.8,0,26,5.3,1,19,2,84.2,16,109.7,3,18.8,0,44,10,5.0,22.0,2.75,2.6,2,81.8,,0,0,0.0,0,1,0,78.0,70.2,0,10,10.0,5,50,9,80.0,40,79.5,11,27.5,0,34,11,1.2,3.8,0.85,3.7,12,81.1,60.0,3,5,3.2,1,10,0,79.1,92.8,1,43,0.0,0,40,30,92.5,37,92.8,37,48.7,1,252,143,4.8,8.4,6.81
Jordan Addison,123000,WR,MIN,14,74,-2.0,0,50.0,,0,0,0.0,0,0,0,64.7,59.8,0,5,0.0,0,2,1,100.0,2,56.3,2,2.7,0,5,8,8.0,5.0,2.5,-3.0,0,100.0,,0,0,0.0,0,0,0,64.7,60.8,0,5,0.0,0,38,1,94.7,36,87.5,1,2.8,0,5,8,8.0,5.0,0.14,31.7,0,33.3,,0,0,50.0,1,1,0,28.8,68.6,0,58,0.0,0,11,1,90.9,10,81.9,3,30.0,0,58,14,14.0,58.0,5.8,15.0,0,44.4,0.0,0,2,0.0,0,4,0,72.1,90.4,1,26,0.0,0,32,4,100.0,32,34.7,9,28.1,0,76,14,3.5,19.0,2.38,4.2,0,66.7,50.0,1,2,20.0,1,0,0,41.6,50.7,0,8,0.0,0,76,4,94.7,72,73.6,6,8.3,0,23,5,1.3,5.8,0.32,0,28.5,0,35.0,40.0,2,5,22.2,2,7,0,31.8,91.5,3,81,0.0,0,21,7,95.2,20,43.8,20,27.0,0,265,65,9.3,37.9,13.25,18,-1.0,0,0.0,,0,0,,0,0,0,,59.7,0,0,0.0,0,12,0,100.0,12,39.6,1,8.3,0,0,0,,,0.0,26.0,0,30.0,50.0,2,4,25.0,1,3,0,36.2,78.2,2,31,0.0,0,20,3,95.0,19,17.5,10,52.6,0,72,0,0.0,24.0,3.79,15.2,0,44.4,100.0,1,1,42.9,3,4,0,27.0,71.8,0,25,0.0,0,28,4,85.7,24,109.0,9,37.5,1,71,6,1.5,17.8,2.96,4.4,2,77.8,,0,0,12.5,1,3,0,52.1,74.2,0,12,0.0,0,34,7,97.1,33,89.8,9,27.3,0,50,15,2.1,7.1,1.52,15.0,0,44.0,40.0,2,5,21.4,3,11,0,29.9,92.4,1,26,0.0,0,25,11,100.0,25,92.5,25,33.8,3,185,26,2.4,16.8,7.4,0,,0,,,0,0,,0,0,0,,,0,0,0.0,0,23,0,95.7,22,0.0,0,0.0,0,0,0,,,0.0,30.7,0,42.9,0.0,0,1,0.0,0,3,0,70.5,93.2,1,81,0.0,0,18,3,88.9,16,50.3,7,43.8,0,135,51,17.0,45.0,8.44,14.6,0,42.9,50.0,1,2,0.0,0,3,0,70.5,93.6,0,22,0.0,0,29,3,93.1,27,100.0,7,25.9,2,38,6,2.0,12.7,1.41,5.5,1,100.0,100.0,1,1,0.0,0,5,0,79.4,91.2,0,9,0.0,0,42,12,95.2,40,95.1,12,30.0,0,82,16,1.3,6.8,2.05,4.9,3,85.2,66.7,2,3,8.0,2,8,0,61.3,84.1,0,12,0.0,0,27,23,100.0,27,90.6,27,36.5,0,155,36,1.6,6.7,5.74
Chimere Dike,129918,WR,TEN,17,73,-3.4,1,87.5,,0,0,0.0,0,2,0,84.9,72.8,0,11,0.0,0,26,21,92.3,24,79.2,24,32.9,0,61,136,6.5,2.9,2.54,-3.8,0,100.0,,0,0,0.0,0,1,0,79.4,63.0,0,11,0.0,0,47,11,93.6,44,79.2,11,25.0,0,26,68,6.2,2.4,0.59,26.7,0,33.3,100.0,1,1,0.0,0,1,0,64.7,80.6,1,38,0.0,0,15,1,80.0,12,42.4,3,25.0,0,38,2,2.0,38.0,3.17,15.1,0,50.0,,0,0,0.0,0,3,0,72.1,91.2,0,21,0.0,0,36,4,94.4,34,79.7,8,23.5,0,69,7,1.8,17.3,2.03,4.7,1,77.8,0.0,0,1,0.0,0,4,0,76.5,91.0,0,18,0.0,0,64,7,90.6,58,96.3,9,15.5,0,64,36,5.1,9.1,1.1,0,30.2,0,27.3,50.0,1,2,0.0,0,3,0,70.5,91.9,1,38,0.0,0,13,3,84.6,11,59.7,11,15.1,1,106,6,2.0,35.3,9.64,31,-3.4,1,100.0,,0,0,0.0,0,1,0,77.3,75.3,0,8,0.0,0,26,9,88.5,23,81.9,9,39.1,0,33,64,7.1,3.7,1.43,31.0,0,50.0,0.0,0,1,0.0,0,2,0,68.3,93.8,0,38,0.0,0,13,2,100.0,13,135.4,4,30.8,1,68,4,2.0,34.0,5.23,11.0,0,50.0,,0,0,0.0,0,1,0,64.7,76.9,0,16,0.0,0,18,1,100.0,18,77.1,2,11.1,0,16,6,6.0,16.0,0.89,5.3,0,57.1,,0,0,20.0,1,2,0,41.6,67.9,0,9,0.0,0,33,4,97.0,32,103.6,7,21.9,1,24,4,1.0,6.0,0.75,14.5,0,46.7,,0,0,12.5,1,5,0,54.5,93.0,0,21,0.0,0,16,7,93.8,15,74.3,15,20.5,0,120,20,2.9,17.1,8.0,0,-2.3,0,25.0,,0,0,0.0,0,0,0,68.3,71.3,0,2,0.0,0,21,1,95.2,20,39.6,4,20.0,0,2,4,4.0,2.0,0.1,32.0,0,0.0,,0,0,,0,0,0,,56.3,0,0,0.0,0,12,0,100.0,12,39.6,4,33.3,0,0,0,,,0.0,15.0,0,40.0,,0,0,33.3,1,1,0,36.2,88.4,0,21,0.0,0,27,2,88.9,24,64.6,5,20.8,0,35,7,3.5,17.5,1.46,5.1,0,85.7,,0,0,0.0,0,4,0,74.6,93.5,0,25,0.0,0,40,6,95.0,38,134.8,7,18.4,2,48,24,4.0,8.0,1.26,5.0,1,73.9,0.0,0,1,5.6,1,10,0,68.7,93.0,0,25,0.0,0,25,17,92.0,23,127.9,23,31.5,3,136,64,3.8,8.0,5.91
Luther Burden III,157170,WR,CHI,17,72,-4.1,5,100.0,,0,0,0.0,0,3,0,81.7,85.8,0,12,0.0,0,16,16,100.0,16,83.6,16,22.2,0,65,130,8.1,4.1,4.06,-4.2,3,100.0,,0,0,0.0,0,1,0,78.7,79.3,0,10,0.0,0,28,11,100.0,28,79.9,11,39.3,0,35,81,7.4,3.2,1.25,26.0,0,75.0,,0,0,25.0,1,3,0,36.8,92.0,0,35,0.0,0,13,3,92.3,12,156.3,4,33.3,1,89,13,4.3,29.7,7.42,15.2,2,66.7,,0,0,14.3,1,6,0,49.2,89.9,0,40,0.0,0,24,6,100.0,24,109.7,9,37.5,0,120,34,5.7,20.0,5.0,3.7,2,70.6,,0,0,7.7,1,7,0,61.8,88.8,0,24,0.0,0,65,12,92.3,60,92.0,17,28.3,0,127,84,7.0,10.6,2.12,0,26.0,1,54.5,,0,0,14.3,1,6,0,49.7,96.8,2,65,0.0,0,13,6,84.6,11,99.6,11,15.3,2,218,46,7.7,36.3,19.82,6,-2.5,2,100.0,,0,0,0.0,0,1,0,68.3,90.0,0,12,0.0,0,6,2,100.0,6,106.3,2,33.3,0,19,24,12.0,9.5,3.17,29.3,1,50.0,,0,0,0.0,0,2,0,68.3,95.7,1,65,0.0,0,10,2,100.0,10,95.8,4,40.0,1,92,18,9.0,46.0,9.2,14.0,0,66.7,0.0,0,1,0.0,0,2,0,68.3,92.2,0,27,0.0,0,10,2,100.0,10,109.7,3,30.0,0,45,13,6.5,22.5,4.5,4.0,2,80.0,,0,0,0.0,0,2,0,72.1,93.1,0,11,0.0,0,21,4,100.0,21,100.8,5,23.8,0,41,27,6.8,10.3,1.95,14.9,2,66.7,0.0,0,1,16.7,2,10,0,41.1,93.3,0,40,0.0,0,15,10,100.0,15,109.7,15,20.8,0,204,56,5.6,20.4,13.6,0,-4.7,0,100.0,,0,0,0.0,0,1,0,70.5,65.5,0,12,0.0,0,8,3,100.0,8,81.9,3,37.5,0,11,25,8.3,3.7,1.38,21.7,0,33.3,,0,0,0.0,0,1,0,64.7,87.6,1,37,0.0,0,17,1,88.2,15,41.7,3,20.0,0,37,15,15.0,37.0,2.47,14.7,0,66.7,,0,0,33.3,1,2,0,29.9,82.9,0,27,0.0,0,15,2,100.0,15,109.7,3,20.0,0,39,9,4.5,19.5,2.6,4.9,2,62.5,,0,0,28.6,2,2,0,29.2,67.1,0,25,0.0,0,37,5,94.6,35,87.0,8,22.9,0,63,40,8.0,12.6,1.8,4.1,6,70.0,,0,0,12.5,3,11,0,48.0,91.0,0,25,0.0,0,30,21,100.0,30,92.5,30,41.7,0,231,151,7.2,11.0,7.7
Marquise Brown,61568,WR,KC,16,72,-3.1,1,100.0,,0,0,0.0,0,3,0,78.0,87.1,0,10,0.0,0,10,10,100.0,10,119.6,10,13.9,1,47,78,7.8,4.7,4.7,-3.7,1,100.0,,0,0,0.0,0,2,0,74.6,79.4,0,10,0.0,0,48,6,100.0,48,123.6,6,12.5,1,25,47,7.8,4.2,0.52,44.8,0,40.0,0.0,0,1,0.0,0,2,0,68.3,90.3,0,51,0.0,0,16,2,93.8,15,87.5,5,33.3,0,100,18,9.0,50.0,6.67,13.8,0,66.7,,0,0,0.0,0,4,0,72.1,92.7,0,15,0.0,0,28,4,85.7,24,128.5,6,25.0,3,45,2,0.5,11.3,1.88,4.3,0,82.4,75.0,3,4,0.0,0,5,1,80.6,75.6,0,18,0.0,0,81,14,98.8,80,88.2,17,21.3,0,88,25,1.8,6.3,1.1,0,36.9,0,46.2,0.0,0,1,0.0,0,6,0,74.6,95.3,1,51,0.0,0,16,6,81.3,13,60.6,13,18.1,0,228,29,4.8,38.0,17.54,16,-2.3,0,100.0,,0,0,0.0,0,1,0,72.1,83.0,0,10,0.0,0,15,4,100.0,15,89.6,4,26.7,0,22,31,7.8,5.5,1.47,32.8,0,25.0,,0,0,0.0,0,1,0,64.7,80.7,1,33,0.0,0,15,1,86.7,13,21.9,4,30.8,0,33,5,5.0,33.0,2.54,14.8,0,25.0,0.0,0,1,0.0,0,1,0,64.7,71.3,1,20,0.0,0,11,1,81.8,9,8.3,4,44.4,0,20,1,1.0,20.0,2.22,5.5,3,54.5,0.0,0,1,14.3,1,4,0,49.2,85.5,0,16,0.0,0,32,6,96.9,31,70.3,11,35.5,0,60,33,5.5,10.0,1.94,14.5,1,52.9,25.0,1,4,0.0,0,8,0,77.3,93.9,1,20,0.0,0,18,9,94.4,17,92.2,17,23.6,3,126,8,0.9,14.0,7.41,0,,0,,,0,0,,0,0,0,,,0,0,0.0,0,11,0,90.9,10,0.0,0,0.0,0,0,0,,,0.0,31.3,0,75.0,,0,0,0.0,0,3,0,70.5,95.0,0,40,0.0,0,15,3,86.7,13,116.7,4,30.8,0,95,6,2.0,31.7,7.31,15.0,1,57.1,33.3,1,3,0.0,0,3,0,72.1,91.7,0,18,0.0,0,23,4,91.3,21,86.0,7,33.3,0,61,5,1.3,15.3,2.9,5.3,1,100.0,,0,0,0.0,0,3,0,73.4,91.7,0,18,0.0,0,30,4,90.0,27,145.8,4,14.8,1,38,17,4.3,9.5,1.41,4.8,4,75.0,60.0,3,5,4.0,1,12,1,74.2,90.6,0,18,0.0,0,33,24,97.0,32,99.2,32,44.4,1,186,75,3.1,7.8,5.81
Zach Ertz,7816,TE,WAS,13,72,-2.5,1,100.0,,0,0,0.0,0,1,0,68.3,76.9,0,11,0.0,0,2,2,100.0,2,95.8,2,2.8,0,14,19,9.5,7.0,7.0,-4.0,1,100.0,,0,0,0.0,0,0,0,64.7,61.8,0,3,3.4,1,29,1,89.7,26,79.2,1,3.8,0,3,7,7.0,3.0,0.12,29.5,0,50.0,50.0,1,2,0.0,0,1,0,64.7,67.0,0,21,0.0,0,11,1,81.8,9,87.5,2,22.2,0,21,1,1.0,21.0,2.33,12.3,0,66.7,50.0,1,2,23.1,3,7,0,29.5,92.2,0,27,2.4,1,41,10,90.2,37,119.3,15,40.5,1,142,27,2.7,14.2,3.84,5.9,1,73.3,71.4,5,7,12.0,3,9,0,52.2,90.1,1,20,0.0,0,87,22,93.1,81,96.9,30,37.0,2,183,54,2.5,8.3,2.26,0,28.3,0,42.9,66.7,2,3,0.0,0,3,0,70.5,91.7,0,30,0.0,0,8,3,87.5,7,83.0,7,9.7,0,76,7,2.3,25.3,10.86,32,,0,,,0,0,,0,0,0,,,0,0,0.0,0,13,0,100.0,13,0.0,0,0.0,0,0,0,,,0.0,29.3,0,33.3,,0,0,0.0,0,1,0,64.7,79.7,0,25,0.0,0,21,1,90.5,19,64.6,3,15.8,0,25,3,3.0,25.0,1.32,13.3,0,66.7,,0,0,0.0,0,2,0,68.3,90.7,0,15,0.0,0,15,2,86.7,13,97.9,3,23.1,0,29,3,1.5,14.5,2.23,3.8,0,75.0,100.0,1,1,25.0,1,1,0,41.6,81.4,0,12,0.0,0,19,3,94.7,18,82.3,4,22.2,0,17,6,2.0,5.7,0.94,12.2,0,57.1,33.3,1,3,20.0,3,9,0,31.0,92.8,1,27,0.0,0,23,12,91.3,21,79.7,21,29.2,1,171,30,2.5,14.3,8.14,0,-1.0,0,100.0,,0,0,0.0,0,1,0,64.7,81.5,0,11,0.0,0,5,1,100.0,5,112.5,1,20.0,0,11,12,12.0,11.0,2.2,25.5,0,50.0,100.0,1,1,0.0,0,1,0,64.7,90.2,0,30,0.0,0,17,1,82.4,14,95.8,2,14.3,0,30,3,3.0,30.0,2.14,10.7,0,0.0,0.0,0,1,,0,0,0,,57.0,1,0,0.0,0,22,0,95.5,21,0.0,3,14.3,0,0,0,,,0.0,3.6,0,100.0,,0,0,0.0,0,2,1,77.3,65.1,0,7,3.7,1,27,8,85.2,23,128.6,8,34.8,1,43,14,1.8,5.4,1.87,5.3,1,78.6,75.0,6,8,10.8,4,12,1,55.6,90.1,1,20,0.0,0,47,33,89.4,42,104.7,42,58.3,3,243,74,2.2,7.4,5.79
Marvin Harrison Jr.,145056,WR,ARZ,12,72,-2.5,0,100.0,,0,0,0.0,0,0,0,68.3,61.3,0,8,0.0,0,2,2,100.0,2,87.5,2,2.8,0,10,15,7.5,5.0,5.0,,0,,,0,0,,0,0,0,,,0,0,0.0,0,36,0,97.2,35,0.0,0,0.0,0,0,0,,,0.0,29.2,0,40.0,66.7,2,3,0.0,0,2,0,68.3,90.9,0,21,0.0,0,9,2,100.0,9,70.4,5,55.6,0,42,2,1.0,21.0,4.67,14.3,1,50.0,33.3,1,3,0.0,0,3,0,73.4,87.7,1,20,0.0,0,26,5,92.3,24,37.9,10,41.7,0,81,12,2.4,16.2,3.38,4.7,1,72.7,0.0,0,1,20.0,2,6,0,29.5,81.4,1,12,0.0,0,87,8,95.4,83,85.2,11,13.3,2,55,25,3.1,6.9,0.66,0,29.1,0,50.0,71.4,5,7,11.1,1,8,0,54.5,94.9,0,45,0.0,0,19,8,84.2,16,116.7,16,22.2,1,236,23,2.9,29.5,14.75,1,-2.5,0,100.0,,0,0,0.0,0,0,0,68.3,61.3,0,8,0.0,0,8,2,87.5,7,87.5,2,28.6,0,10,15,7.5,5.0,1.43,26.4,0,57.1,50.0,1,2,20.0,1,4,0,41.6,91.0,0,35,0.0,0,15,4,66.7,10,141.4,7,70.0,1,106,14,3.5,26.5,10.6,14.1,0,46.2,50.0,2,4,14.3,1,6,0,49.2,89.9,0,18,0.0,0,19,6,94.7,18,94.4,13,72.2,1,88,0,0.0,14.7,4.89,4.8,1,50.0,0.0,0,1,0.0,0,3,0,72.1,89.9,0,16,0.0,0,27,3,96.3,26,70.1,6,23.1,0,38,26,8.7,12.7,1.46,14.1,1,50.0,37.5,3,8,11.8,2,13,0,51.2,92.0,1,20,0.0,0,32,15,93.8,30,74.0,30,41.7,1,238,21,1.4,15.9,7.93,0,,0,,,0,0,,0,0,0,,,0,0,0.0,0,19,0,94.7,18,0.0,0,0.0,0,0,0,,,0.0,33.5,0,50.0,100.0,2,2,0.0,0,2,0,68.3,92.2,0,45,0.0,0,16,2,87.5,14,95.8,4,28.6,0,88,7,3.5,44.0,6.29,13.7,0,57.1,0.0,0,1,20.0,1,4,0,41.6,84.2,0,20,0.0,0,23,4,91.3,21,90.8,7,33.3,0,69,9,2.3,17.3,3.29,5.7,0,71.4,50.0,1,2,0.0,0,0,0,73.4,61.3,0,7,0.0,0,31,5,100.0,31,80.1,7,22.6,0,31,8,1.6,6.2,1.0,5.0,2,66.7,25.0,1,4,11.1,2,9,0,47.8,85.3,1,16,0.0,0,26,16,92.3,24,89.6,24,33.3,2,124,59,3.7,7.8,5.17
Xavier Worthy,144718,WR,KC,14,72,-3.3,4,83.3,,0,0,9.1,1,1,0,61.8,67.1,0,11,0.0,0,14,10,85.7,12,80.6,12,16.7,0,40,71,7.1,4.0,3.33,-3.4,4,90.0,,0,0,10.0,1,1,0,56.7,68.3,0,11,0.0,0,49,9,98.0,48,81.7,10,20.8,0,36,66,7.3,4.0,0.75,38.6,0,40.0,0.0,0,1,0.0,0,2,0,68.3,90.9,0,42,0.0,0,15,2,93.3,14,87.5,5,35.7,0,73,11,5.5,36.5,5.21,14.7,0,50.0,66.7,2,3,0.0,0,3,0,70.5,83.3,0,23,0.0,0,34,3,94.1,32,78.5,6,18.8,0,50,10,3.3,16.7,1.56,5.6,1,85.7,,0,0,0.0,0,2,0,74.6,93.2,0,14,0.0,0,77,6,98.7,76,101.8,7,9.2,0,59,22,3.7,9.8,0.78,0,33.5,1,25.0,50.0,1,2,0.0,0,4,0,72.1,91.1,1,42,0.0,0,20,4,80.0,16,36.7,16,22.2,0,137,21,5.3,34.3,8.56,16,,0,,,0,0,,0,0,0,64.7,60.8,0,0,0.0,0,19,0,94.7,18,0.0,0,0.0,0,0,0,,,0.0,27.8,0,0.0,,0,0,,0,0,0,,54.7,0,0,0.0,0,16,0,75.0,12,39.6,4,33.3,0,0,0,,,0.0,13.6,0,40.0,0.0,0,1,0.0,0,2,0,68.3,84.0,0,28,0.0,0,13,2,92.3,12,80.4,5,41.7,0,54,25,12.5,27.0,4.5,5.0,2,42.9,,0,0,25.0,1,0,0,36.2,62.0,0,9,0.0,0,29,3,93.1,27,53.9,7,25.9,0,27,12,4.0,9.0,1.0,14.6,0,52.6,33.3,2,6,0.0,0,10,0,78.0,93.8,0,28,0.0,0,20,10,95.0,19,90.7,19,26.4,0,204,56,5.6,20.4,10.74,0,-2.5,0,50.0,,0,0,0.0,0,0,0,68.3,60.4,0,4,0.0,0,14,1,85.7,12,56.3,2,16.7,0,4,5,5.0,4.0,0.33,33.1,1,28.6,100.0,1,1,0.0,0,2,0,68.3,91.4,1,37,0.0,0,17,2,88.2,15,25.6,7,46.7,0,64,10,5.0,32.0,4.27,15.1,0,62.5,0.0,0,2,0.0,0,5,0,73.4,93.2,0,28,0.0,0,32,5,84.4,27,106.3,8,29.6,0,100,21,4.2,20.0,3.7,4.5,0,81.8,100.0,1,1,0.0,0,5,0,78.0,91.3,0,11,0.0,0,32,9,90.6,29,121.6,11,37.9,1,65,25,2.8,7.2,2.24,5.0,3,72.0,100.0,1,1,5.3,1,7,0,69.6,92.6,0,14,0.0,0,26,18,96.2,25,100.6,25,34.7,1,151,59,3.3,8.4,6.04
Theo Johnson,129787,TE,NYG,15,72,-2.4,1,92.3,,0,0,7.7,1,2,0,61.8,77.2,0,24,0.0,0,13,12,100.0,13,109.0,13,18.1,1,52,81,6.8,4.3,4.0,-2.6,1,100.0,,0,0,0.0,0,2,0,76.5,91.1,0,24,7.9,3,38,8,86.8,33,131.8,8,24.2,1,49,70,8.8,6.1,1.48,29.0,0,100.0,100.0,2,2,0.0,0,2,0,68.3,95.6,0,42,9.5,2,21,2,85.7,18,118.8,2,11.1,0,67,9,4.5,33.5,3.72,13.0,1,35.7,40.0,2,5,16.7,1,5,0,49.2,92.4,1,41,6.1,2,33,5,90.9,30,70.5,14,46.7,2,97,35,7.0,19.4,3.23,6.5,0,66.7,60.0,3,5,11.1,1,3,0,54.5,75.5,1,19,4.9,4,82,8,87.8,72,48.3,12,16.7,0,73,24,3.0,9.1,1.01,0,26.8,0,62.5,75.0,3,4,16.7,1,5,0,45.8,96.2,0,42,0.0,0,11,5,72.7,8,106.3,8,11.1,0,151,13,2.6,30.2,18.88,21,-2.3,0,66.7,,0,0,33.3,1,0,0,29.9,46.9,0,3,5.3,1,19,2,94.7,18,70.1,3,16.7,0,1,6,3.0,0.5,0.06,31.0,0,33.3,0.0,0,1,50.0,1,1,0,28.8,69.2,0,39,0.0,0,20,1,70.0,14,81.9,3,21.4,0,39,1,1.0,39.0,2.79,15.0,0,60.0,66.7,2,3,25.0,1,3,0,36.8,91.7,0,18,20.0,6,30,3,70.0,21,88.8,5,23.8,0,44,4,1.3,14.7,2.1,4.4,0,60.0,,0,0,0.0,0,1,0,70.5,78.2,0,4,26.2,11,42,3,69.0,29,104.2,5,17.2,1,9,5,1.7,3.0,0.31,13.4,1,50.0,55.6,5,9,14.3,2,12,0,33.8,94.5,1,41,0.0,0,27,12,88.9,24,89.2,24,33.3,2,202,51,4.3,16.8,8.42,0,-1.5,0,100.0,,0,0,0.0,0,0,0,68.3,62.4,0,3,18.2,2,11,2,81.8,9,79.2,2,22.2,0,2,5,2.5,1.0,0.22,21.0,0,66.7,100.0,1,1,0.0,0,2,0,68.3,94.4,0,24,16.7,6,36,2,63.9,23,109.7,3,13.0,0,45,3,1.5,22.5,1.96,13.0,0,80.0,100.0,1,1,0.0,0,4,0,41.6,90.3,0,22,21.7,5,23,4,69.6,16,117.5,5,31.3,0,61,12,3.0,15.3,3.81,3.3,1,50.0,100.0,1,1,28.6,2,1,0,29.2,56.4,0,15,10.9,5,46,5,87.0,40,94.2,10,25.0,1,41,18,3.6,8.2,1.03,4.9,1,59.3,66.7,4,6,15.8,3,5,0,39.8,73.2,1,19,0.0,0,27,16,100.0,27,79.7,27,37.5,2,123,47,2.9,7.7,4.56
Colby Parkinson,52266,TE,LA,18,71,-2.7,0,80.0,0.0,0,2,7.7,1,4,1,62.1,90.2,1,16,0.0,0,15,12,100.0,15,66.4,15,21.1,0,99,132,11.0,8.3,6.6,-2.8,0,76.9,0.0,0,2,9.1,1,4,1,58.9,88.8,1,16,15.8,3,19,10,84.2,16,61.7,13,81.3,0,86,115,11.5,8.6,5.38,21.0,0,0.0,,0,0,,0,0,0,,59.8,0,0,7.7,1,13,0,84.6,11,39.6,1,9.1,0,0,0,,,0.0,12.3,0,50.0,50.0,1,2,0.0,0,2,0,68.3,90.9,1,6,23.8,10,42,2,71.4,30,56.3,4,13.3,2,11,0,0.0,5.5,0.37,4.0,5,84.0,50.0,1,2,8.7,2,12,0,59.5,95.9,0,35,12.0,11,92,21,87.0,80,131.7,25,31.3,2,230,149,7.1,11.0,2.88,0,23.0,0,60.0,50.0,1,2,0.0,0,3,1,70.5,97.6,0,40,0.0,0,5,3,100.0,5,143.8,5,7.0,1,89,22,7.3,29.7,17.8,26,-1.0,0,100.0,,0,0,0.0,0,0,0,64.7,61.8,0,-1,22.2,2,9,1,77.8,7,79.2,1,14.3,0,-1,0,0.0,-1.0,-0.14,21.0,0,100.0,,0,0,0.0,0,1,0,64.7,94.7,0,23,23.3,7,30,1,73.3,22,118.8,1,4.5,0,23,2,2.0,23.0,1.05,,0,,,0,0,,0,0,0,,,0,0,38.9,7,18,0,61.1,11,0.0,0,0.0,0,0,0,,,0.0,3.3,0,66.7,0.0,0,1,0.0,0,1,0,68.3,59.7,0,6,38.2,13,34,2,58.8,20,72.9,3,15.0,0,11,5,2.5,5.5,0.55,14.3,0,27.3,50.0,2,4,50.0,3,3,0,26.5,68.6,1,19,0.0,0,12,3,91.7,11,41.3,11,15.5,3,30,2,0.7,10.0,2.73,0,-3.0,0,100.0,,0,0,0.0,0,0,0,64.7,90.4,0,14,50.0,3,6,1,50.0,3,118.8,1,33.3,0,14,17,17.0,14.0,4.67,24.3,0,66.7,50.0,1,2,0.0,0,2,1,68.3,95.7,0,40,9.7,3,31,2,77.4,24,149.3,3,12.5,1,66,20,10.0,33.0,2.75,15.4,0,14.3,50.0,1,2,75.0,3,1,0,25.2,33.8,0,19,23.1,6,26,1,69.2,18,79.2,7,38.9,1,19,2,2.0,19.0,1.06,3.9,1,83.3,,0,0,9.1,1,8,0,60.2,96.2,0,21,17.6,9,51,10,76.5,39,141.3,12,30.8,3,101,63,6.3,10.1,2.59,4.0,6,82.5,33.3,1,3,8.3,3,21,0,61.3,97.0,0,35,0.0,0,42,33,95.2,40,141.9,40,56.3,5,342,217,6.6,10.4,8.55
Xavier Hutchinson,122518,WR,HST,19,71,-1.0,0,100.0,,0,0,0.0,0,0,0,68.3,61.1,0,6,0.0,0,2,2,100.0,2,89.6,2,2.8,0,11,13,6.5,5.5,5.5,,0,,,0,0,,0,0,0,,,0,0,4.0,1,25,0,92.0,23,0.0,0,0.0,0,0,0,,,0.0,43.0,0,0.0,0.0,0,2,,0,0,0,,57.5,0,0,0.0,0,10,0,100.0,10,39.6,2,20.0,0,0,0,,,0.0,14.2,0,70.0,0.0,0,1,0.0,0,7,0,75.6,95.8,0,33,0.0,0,42,7,97.6,41,145.8,10,24.4,1,146,51,7.3,20.9,3.56,5.1,2,68.4,0.0,0,2,13.3,2,6,0,49.8,90.9,2,24,0.0,0,119,13,97.5,116,46.9,19,16.4,0,125,63,4.8,9.6,1.08,0,28.3,0,30.0,0.0,0,4,0.0,0,3,0,70.5,91.0,1,23,0.0,0,11,3,90.9,10,15.8,10,14.1,0,68,5,1.7,22.7,6.8,13,-1.0,0,100.0,,0,0,0.0,0,0,0,64.7,60.3,0,6,0.0,0,10,1,100.0,10,91.7,1,10.0,0,6,7,7.0,6.0,0.6,20.0,0,0.0,,0,0,,0,0,0,,59.8,0,0,6.3,1,16,0,81.3,13,39.6,1,7.7,0,0,0,,,0.0,14.8,0,50.0,33.3,1,3,0.0,0,2,0,68.3,91.5,0,20,4.8,1,21,2,85.7,18,83.3,4,22.2,0,38,6,3.0,19.0,2.11,3.8,0,66.7,,0,0,0.0,0,1,0,72.1,69.5,1,14,0.0,0,51,4,98.0,50,38.2,6,12.0,0,29,12,3.0,7.3,0.58,14.0,0,50.0,40.0,2,5,0.0,0,11,0,78.7,95.7,1,33,0.0,0,22,11,100.0,22,95.5,22,31.0,2,213,60,5.5,19.4,9.68,0,-1.0,0,100.0,,0,0,0.0,0,0,0,64.7,61.0,0,5,0.0,0,6,1,100.0,6,87.5,1,16.7,0,5,6,6.0,5.0,0.83,25.3,0,42.9,0.0,0,2,0.0,0,3,0,70.5,92.5,1,23,4.0,1,25,3,80.0,20,38.7,7,35.0,0,68,5,1.7,22.7,3.4,13.3,0,25.0,100.0,1,1,0.0,0,2,0,68.3,76.9,1,19,2.8,1,36,2,86.1,31,42.2,8,25.8,1,29,3,1.5,14.5,0.94,4.8,1,66.7,100.0,1,1,0.0,0,1,0,76.5,66.8,0,10,0.0,0,65,8,95.4,62,101.7,12,19.4,1,47,11,1.4,5.9,0.76,4.8,3,67.6,33.3,1,3,7.4,2,8,0,64.3,87.5,3,24,0.0,0,40,25,92.5,37,56.3,37,52.1,1,201,86,3.4,8.0,5.43
Adonai Mitchell,146712,WR,NYJ,16,71,-4.0,0,0.0,,0,0,100.0,1,0,0,27.9,40.0,0,0,0.0,0,1,0,100.0,1,39.6,1,1.4,0,0,0,,,0.0,,0,,,0,0,,0,0,0,,,0,0,0.0,0,21,0,85.7,18,0.0,0,0.0,0,0,0,,,0.0,46.7,0,33.3,,0,0,0.0,0,1,0,64.7,87.2,0,52,0.0,0,5,1,100.0,5,121.5,3,60.0,1,52,1,1.0,52.0,10.4,14.0,0,40.0,0.0,0,1,33.3,1,2,0,29.9,69.5,0,16,0.0,0,16,2,100.0,16,95.8,5,31.3,1,25,0,0.0,12.5,1.56,7.2,0,83.3,50.0,1,2,16.7,1,2,0,45.8,69.8,0,10,0.0,0,58,5,96.6,56,95.1,6,10.7,0,41,4,0.8,8.2,0.73,0,33.1,1,22.2,50.0,1,2,20.0,1,3,1,41.6,76.1,3,75,0.0,0,20,4,90.0,18,45.8,18,25.4,1,172,51,12.8,43.0,9.56,22,-4.0,0,0.0,,0,0,100.0,1,0,0,27.9,40.0,0,0,0.0,0,8,0,100.0,8,39.6,1,12.5,0,0,0,,,0.0,30.6,1,14.3,50.0,1,2,50.0,1,0,1,28.8,50.4,1,75,0.0,0,15,1,86.7,13,32.1,7,53.8,0,75,47,47.0,75.0,5.77,14.0,1,60.0,0.0,0,1,0.0,0,4,0,74.6,93.9,1,26,0.0,0,14,6,100.0,14,52.9,10,71.4,0,97,23,3.8,16.2,6.93,5.9,0,53.8,100.0,2,2,0.0,0,2,0,75.6,78.6,0,9,0.0,0,44,7,97.7,43,62.0,13,30.2,0,47,3,0.4,6.7,1.09,13.9,1,40.9,0.0,0,3,25.0,3,7,0,29.2,87.7,2,26,0.0,0,22,9,100.0,22,40.0,22,31.0,1,140,23,2.6,15.6,6.36,0,,0,,,0,0,,0,0,0,,,0,0,0.0,0,16,0,93.8,15,0.0,0,0.0,0,0,0,,,0.0,30.3,0,25.0,,0,0,0.0,0,2,0,68.3,79.4,2,24,0.0,0,11,2,90.9,10,10.9,8,80.0,0,45,3,1.5,22.5,4.5,13.6,0,14.3,0.0,0,1,66.7,2,1,0,26.5,45.2,1,18,0.0,0,18,1,100.0,18,0.0,7,38.9,0,18,0,0.0,18.0,1.0,5.8,0,72.7,100.0,1,1,0.0,0,1,0,76.5,73.3,0,8,0.0,0,32,8,100.0,32,82.8,11,34.4,0,53,6,0.8,6.6,1.66,6.1,0,66.7,80.0,4,5,4.8,1,5,0,70.5,80.1,0,10,0.0,0,30,20,100.0,30,77.2,30,42.3,0,141,13,0.7,7.1,4.7
Oronde Gadsden II,144046,TE,LAC,16,71,-2.7,0,66.7,,0,0,33.3,1,1,0,30.0,58.9,0,9,0.0,0,3,2,100.0,3,79.9,3,4.2,0,16,18,9.0,8.0,5.33,-3.5,0,50.0,,0,0,50.0,1,0,0,28.9,29.8,0,7,0.0,0,19,1,94.7,18,58.3,2,11.1,0,7,8,8.0,7.0,0.39,22.8,0,100.0,100.0,3,3,0.0,0,5,0,73.4,99.9,0,40,12.5,2,16,5,75.0,12,118.8,5,41.7,0,143,29,5.8,28.6,11.92,12.6,0,55.6,0.0,0,1,28.6,2,5,0,29.2,89.6,0,17,2.9,1,35,5,94.3,33,116.0,9,27.3,1,66,8,1.6,13.2,2.0,5.2,1,95.0,100.0,3,3,5.0,1,8,0,69.6,93.4,1,17,2.1,2,97,19,94.8,92,95.8,20,21.7,1,160,71,3.7,8.4,1.74,0,23.4,0,100.0,100.0,3,3,0.0,0,8,0,76.5,99.9,0,40,0.0,0,9,8,88.9,8,118.8,8,11.3,0,235,48,6.0,29.4,29.38,27,-1.0,0,100.0,,0,0,0.0,0,1,0,64.7,78.0,0,9,23.1,3,13,1,76.9,10,104.2,1,10.0,0,9,10,10.0,9.0,0.9,,0,,,0,0,,0,0,0,,58.8,0,0,12.0,3,25,0,76.0,19,0.0,0,0.0,0,0,0,,,0.0,12.8,0,50.0,,0,0,33.3,1,2,0,29.9,74.7,0,21,0.0,0,12,2,100.0,12,77.1,4,33.3,0,32,7,3.5,16.0,2.67,3.7,0,66.7,,0,0,33.3,1,0,0,29.9,61.2,0,9,5.4,2,37,2,94.6,35,79.9,3,8.6,0,16,8,4.0,8.0,0.46,13.2,1,47.8,25.0,1,4,21.4,3,11,0,31.3,93.7,1,53,0.0,0,25,11,92.0,23,88.7,23,32.4,2,198,58,5.3,18.0,8.61,0,,0,,,0,0,,0,0,0,,,0,0,5.6,1,18,0,88.9,16,0.0,0,0.0,0,0,0,,,0.0,24.3,0,100.0,,0,0,0.0,0,3,0,70.5,97.5,0,34,0.0,0,16,3,93.8,15,118.8,3,20.0,0,92,19,6.3,30.7,6.13,14.0,1,40.0,33.3,1,3,0.0,0,4,0,73.4,94.1,1,53,0.0,0,22,4,86.4,19,70.8,10,52.6,1,100,43,10.8,25.0,5.26,4.1,1,71.4,50.0,1,2,0.0,0,2,1,78.7,68.5,1,14,6.4,3,47,10,91.5,43,52.4,14,32.6,0,69,30,3.0,6.9,1.6,4.6,2,83.8,80.0,4,5,6.1,2,10,1,68.8,91.1,2,17,0.0,0,39,31,94.9,37,80.7,37,52.1,1,245,109,3.5,7.9,6.62
Darnell Mooney,48236,WR,ATL,15,70,-2.0,1,100.0,,0,0,0.0,0,1,0,70.5,73.8,0,7,0.0,0,3,3,100.0,3,87.5,3,4.3,0,15,21,7.0,5.0,5.0,-2.0,0,100.0,,0,0,0.0,0,1,0,64.7,60.3,0,6,0.0,0,39,1,94.9,37,91.7,1,2.7,0,6,8,8.0,6.0,0.16,32.2,0,20.0,0.0,0,1,50.0,1,1,0,28.9,66.7,0,49,0.0,0,13,1,84.6,11,107.5,5,45.5,1,49,4,4.0,49.0,4.45,14.1,0,41.7,25.0,1,4,28.6,2,5,0,29.2,71.8,0,21,0.0,0,43,5,97.7,42,62.8,12,28.6,0,75,7,1.4,15.0,1.79,6.0,0,83.3,,0,0,0.0,0,2,2,73.4,54.9,0,16,0.0,0,90,5,98.9,89,99.3,6,6.7,0,47,18,3.6,9.4,0.53,0,27.3,0,18.8,0.0,0,2,25.0,1,3,0,36.8,73.0,0,49,0.0,0,20,3,80.0,16,76.3,16,22.9,1,109,14,4.7,36.3,6.81,2,-2.0,1,100.0,,0,0,0.0,0,0,0,64.7,78.8,0,7,0.0,0,14,1,100.0,14,95.8,1,7.1,0,7,9,9.0,7.0,0.5,26.0,0,28.6,,0,0,0.0,0,2,0,68.3,76.6,0,38,0.0,0,21,2,81.0,17,62.8,7,41.2,0,60,10,5.0,30.0,3.53,13.0,1,50.0,,0,0,22.2,2,7,0,31.8,83.1,0,20,0.0,0,33,7,90.9,30,73.8,14,46.7,0,101,9,1.3,14.4,3.37,6.0,0,42.9,0.0,0,1,25.0,1,2,0,36.2,58.0,0,9,0.0,0,46,3,97.8,45,50.3,7,15.6,0,20,0,0.0,6.7,0.44,13.7,1,45.7,33.3,2,6,20.0,4,16,0,29.7,88.1,0,21,0.0,0,38,16,92.1,35,68.4,35,50.0,0,237,20,1.3,14.8,6.77,0,-2.0,0,100.0,,0,0,0.0,0,0,0,64.7,61.1,0,2,0.0,0,12,1,100.0,12,79.2,1,8.3,0,2,4,4.0,2.0,0.17,23.5,0,0.0,0.0,0,1,,0,0,0,,56.5,0,0,0.0,0,23,0,87.0,20,39.6,4,20.0,0,0,0,,,0.0,14.2,0,44.4,50.0,1,2,0.0,0,4,0,72.1,85.4,0,18,0.0,0,32,4,90.6,29,67.4,9,31.0,0,61,4,1.0,15.3,2.1,6.7,0,66.7,0.0,0,1,0.0,0,1,0,68.3,74.0,0,9,0.0,0,40,2,97.5,39,78.5,3,7.7,0,15,0,0.0,7.5,0.38,6.1,0,62.5,0.0,0,2,9.1,1,5,2,58.5,61.2,0,16,0.0,0,16,10,100.0,16,75.5,16,22.9,0,82,18,1.8,8.2,5.13
George Kittle,11901,TE,SF,12,68,-3.0,2,90.0,,0,0,0.0,0,2,0,77.3,89.7,0,24,0.0,0,10,9,100.0,10,90.8,10,14.7,0,58,86,9.6,6.4,5.8,-3.3,0,83.3,,0,0,0.0,0,0,0,73.4,63.2,0,9,4.8,1,21,5,90.5,19,79.2,6,31.6,0,9,27,5.4,1.8,0.47,22.0,0,100.0,100.0,2,2,0.0,0,2,0,68.3,97.9,0,26,25.0,3,12,2,75.0,9,158.3,2,22.2,1,43,3,1.5,21.5,4.78,12.8,0,66.7,100.0,3,3,14.3,1,6,0,49.2,95.8,0,17,28.2,11,39,6,71.8,28,95.1,9,32.1,0,81,6,1.0,13.5,2.89,3.5,3,90.0,100.0,2,2,5.3,1,8,0,69.6,94.6,0,20,2.6,2,78,18,94.9,74,112.9,20,27.0,1,142,81,4.5,7.9,1.92,0,25.8,0,100.0,100.0,3,3,0.0,0,4,0,72.1,99.9,0,33,0.0,0,4,4,100.0,4,158.3,4,5.9,2,106,7,1.8,26.5,26.5,28,-1.0,1,100.0,,0,0,0.0,0,1,0,64.7,94.8,0,24,0.0,0,2,1,100.0,2,118.8,1,50.0,0,24,25,25.0,24.0,12.0,31.0,0,100.0,100.0,1,1,0.0,0,1,0,64.7,90.9,0,33,10.0,1,10,1,90.0,9,118.8,1,11.1,0,33,2,2.0,33.0,3.67,13.5,0,62.5,33.3,1,3,0.0,0,5,0,73.4,93.8,0,25,0.0,0,20,5,95.0,19,134.9,8,42.1,1,79,16,3.2,15.8,4.16,4.5,0,100.0,100.0,1,1,0.0,0,7,0,76.5,96.0,0,23,0.0,0,36,8,94.4,34,150.0,8,23.5,1,84,48,6.0,10.5,2.47,13.4,0,66.7,62.5,5,8,6.7,1,14,0,64.4,97.6,0,25,0.0,0,22,14,95.5,21,129.7,21,30.9,2,203,24,1.7,14.5,9.67,0,-3.0,1,100.0,,0,0,0.0,0,1,0,70.5,77.1,0,13,10.0,1,10,3,90.0,9,101.4,3,33.3,0,25,34,11.3,8.3,2.78,28.0,0,100.0,,0,0,0.0,0,1,0,64.7,94.7,0,30,0.0,0,3,1,100.0,3,158.3,1,33.3,1,30,2,2.0,30.0,10.0,14.8,0,75.0,50.0,1,2,0.0,0,3,0,70.5,93.2,0,20,15.0,3,20,3,80.0,16,149.0,4,25.0,1,43,2,0.7,14.3,2.69,5.2,0,100.0,,0,0,0.0,0,3,0,73.4,93.9,0,14,8.7,2,23,5,91.3,21,140.4,5,23.8,1,41,15,3.0,8.2,1.95,4.0,3,93.9,100.0,3,3,3.1,1,18,0,78.4,97.2,0,23,0.0,0,35,31,94.3,33,130.7,33,48.5,3,267,144,4.6,8.6,8.09
Ashton Jeanty,157196,HB,LV,17,68,-5.1,18,90.7,0.0,0,3,2.5,1,4,1,81.8,90.5,0,15,0.0,0,43,39,100.0,43,89.9,43,63.2,1,160,359,9.2,4.1,3.72,-5.8,7,93.8,0.0,0,1,0.0,0,1,0,81.1,90.2,0,13,10.0,3,30,15,90.0,27,85.4,16,59.3,0,72,158,10.5,4.8,2.67,,0,,,0,0,,0,0,0,,,0,0,0.0,0,4,0,100.0,4,0.0,0,0.0,0,0,0,,,0.0,,0,,,0,0,,0,0,0,,,0,0,28.6,10,35,0,62.9,22,0.0,0,0.0,0,0,0,,,0.0,2.4,3,58.3,,0,0,30.0,3,3,0,28.3,29.6,1,25,10.0,8,80,7,86.3,69,62.5,12,17.4,1,54,38,5.4,7.7,0.78,0,26.0,1,100.0,,0,0,0.0,0,1,0,64.7,94.6,0,60,0.0,0,1,1,100.0,1,158.3,1,1.5,1,60,34,34.0,60.0,60.0,23,-4.6,5,83.3,0.0,0,1,9.1,1,2,1,58.5,45.8,0,15,15.8,3,19,10,84.2,16,108.3,12,75.0,1,40,86,8.6,4.0,2.5,26.0,1,100.0,,0,0,0.0,0,1,0,64.7,94.6,0,60,25.0,3,12,1,75.0,9,158.3,1,11.1,1,60,34,34.0,60.0,6.67,,0,,,0,0,,0,0,0,,,0,0,18.8,3,16,0,75.0,12,0.0,0,0.0,0,0,0,,,0.0,3.6,1,71.4,,0,0,0.0,0,3,0,73.4,79.6,0,11,14.8,9,61,5,80.3,49,121.4,7,14.3,1,34,19,3.8,6.8,0.69,19.0,0,100.0,,0,0,0.0,0,1,0,64.7,90.5,0,29,0.0,0,1,1,100.0,1,118.8,1,1.5,0,29,10,10.0,29.0,29.0,0,-4.8,6,93.3,0.0,0,1,0.0,0,1,0,80.6,92.5,0,11,16.0,4,25,14,84.0,21,80.0,15,71.4,0,48,115,8.2,3.4,2.29,,0,,,0,0,,0,0,0,,,0,0,21.1,4,19,0,68.4,13,0.0,0,0.0,0,0,0,,,0.0,19.0,0,100.0,,0,0,0.0,0,1,0,64.7,90.5,0,29,10.5,2,19,1,78.9,15,118.8,1,6.7,0,29,10,10.0,29.0,1.93,3.0,0,50.0,0.0,0,1,0.0,0,1,0,68.3,70.0,1,5,38.3,18,47,2,59.6,28,56.3,4,14.3,1,9,1,0.5,4.5,0.32,2.9,4,60.9,0.0,0,1,17.6,3,7,0,35.8,55.8,2,25,0.0,0,23,14,100.0,23,73.7,23,33.8,3,97,58,4.1,6.9,4.22
RJ Harvey,99622,HB,DEN,19,68,-4.1,8,85.7,0.0,0,1,7.7,2,6,0,63.2,88.7,0,14,0.0,0,29,24,96.6,28,83.0,28,41.2,0,110,211,8.8,4.6,3.93,-4.3,3,88.9,,0,0,0.0,0,1,0,76.5,89.7,0,9,3.4,1,29,8,96.6,28,81.9,9,32.1,0,33,68,8.5,4.1,1.18,,0,,,0,0,,0,0,0,,,0,0,37.5,3,8,0,62.5,5,0.0,0,0.0,0,0,0,,,0.0,,0,,,0,0,,0,0,0,,,0,0,18.8,3,16,0,81.3,13,0.0,0,0.0,0,0,0,,,0.0,2.3,4,83.3,,0,0,6.3,1,6,0,65.6,92.7,0,16,6.0,4,67,15,89.6,60,114.8,18,30.0,1,128,94,6.3,8.5,2.13,0,27.0,0,50.0,,0,0,50.0,1,1,0,28.8,38.5,0,27,0.0,0,2,1,100.0,2,135.4,2,2.9,1,27,3,3.0,27.0,13.5,10,-3.4,4,100.0,,0,0,0.0,0,3,0,79.4,92.8,0,14,0.0,0,23,11,95.7,22,85.2,11,50.0,0,49,86,7.8,4.5,2.23,,0,,,0,0,,0,0,0,,,0,0,21.4,3,14,0,71.4,10,0.0,0,0.0,0,0,0,,,0.0,15.0,0,0.0,,0,0,,0,0,0,,58.9,0,0,0.0,0,17,0,100.0,17,39.6,1,5.9,0,0,0,,,0.0,1.8,1,75.0,,0,0,14.3,1,3,0,52.1,69.4,0,13,17.1,6,35,6,71.4,25,135.9,8,32.0,1,61,49,8.2,10.2,2.44,14.3,0,33.3,,0,0,0.0,0,1,0,64.7,67.6,0,1,0.0,0,3,1,100.0,3,81.9,3,4.4,1,1,0,0.0,1.0,0.33,0,-4.8,1,62.5,0.0,0,1,28.6,2,2,0,29.2,40.9,0,12,6.7,1,15,5,93.3,14,68.8,8,57.1,0,28,57,11.4,5.6,2.0,27.0,0,50.0,,0,0,50.0,1,1,0,28.8,38.5,0,27,16.7,2,12,1,83.3,10,135.4,2,20.0,1,27,3,3.0,27.0,2.7,14.0,0,50.0,,0,0,0.0,0,1,0,64.7,79.4,0,1,22.2,4,18,1,72.2,13,95.8,2,15.4,1,1,0,0.0,1.0,0.08,1.7,4,100.0,,0,0,0.0,0,4,0,77.3,92.3,0,32,18.2,8,44,9,81.8,36,148.6,9,25.0,1,97,82,9.1,10.8,2.69,2.0,9,85.7,,0,0,6.3,2,13,0,68.1,93.7,0,32,0.0,0,37,30,94.6,35,129.3,35,51.5,3,286,225,7.5,9.5,8.17
Olamide Zaccheaus,44920,WR,CHI,18,67,-2.8,1,83.3,,0,0,0.0,0,2,0,73.4,78.8,0,15,0.0,0,6,5,100.0,6,128.5,6,9.0,1,32,44,8.8,6.4,5.33,-3.0,1,100.0,,0,0,0.0,0,2,0,70.5,86.2,0,15,0.0,0,35,3,97.1,34,141.0,3,8.8,1,25,34,11.3,8.3,0.74,24.5,0,0.0,,0,0,,0,0,0,27.9,39.9,0,0,6.7,1,15,0,80.0,12,39.6,2,16.7,0,0,0,,,0.0,19.0,0,0.0,,0,0,100.0,1,0,0,27.9,40.6,0,0,0.0,0,32,0,90.6,29,39.6,1,3.4,0,0,0,,,0.0,5.5,2,75.8,87.5,7,8,7.4,2,9,0,63.4,90.7,0,16,0.0,0,80,25,96.3,77,100.6,33,42.9,1,200,65,2.6,8.0,2.6,0,26.2,0,0.0,,0,0,100.0,1,0,0,25.5,28.3,0,0,0.0,0,7,0,85.7,6,39.6,6,9.0,0,0,0,,,0.0,6,-1.5,0,100.0,,0,0,0.0,0,0,0,68.3,60.9,0,4,0.0,0,10,2,100.0,10,81.3,2,20.0,0,7,10,5.0,3.5,0.7,29.0,0,0.0,,0,0,,0,0,0,,51.3,0,0,0.0,0,8,0,100.0,8,39.6,1,12.5,0,0,0,,,0.0,12.6,0,20.0,0.0,0,1,0.0,0,1,0,64.7,85.0,0,27,0.0,0,13,1,92.3,12,49.6,5,41.7,0,27,15,15.0,27.0,2.25,5.0,0,50.0,,0,0,25.0,1,0,0,36.2,48.8,0,7,0.0,0,24,3,87.5,21,56.9,6,28.6,0,19,7,2.3,6.3,0.9,13.7,0,20.0,0.0,0,2,50.0,2,2,0,27.3,65.2,1,27,0.0,0,10,2,100.0,10,4.6,10,14.9,0,41,17,8.5,20.5,4.1,0,-5.0,0,0.0,,0,0,,0,0,0,,59.9,0,0,0.0,0,5,0,100.0,5,39.6,1,20.0,0,0,0,,,0.0,26.3,0,0.0,,0,0,100.0,1,0,0,27.9,40.4,0,0,5.0,1,20,0,95.0,19,39.6,3,15.8,0,0,0,,,0.0,13.8,0,25.0,0.0,0,1,50.0,1,1,0,28.8,58.8,1,14,0.0,0,22,1,95.5,21,2.1,4,19.0,0,14,2,2.0,14.0,0.67,4.2,0,100.0,100.0,1,1,0.0,0,3,0,74.6,87.0,0,13,5.4,2,37,6,94.6,35,132.6,6,17.1,1,38,18,3.0,6.3,1.09,5.2,2,75.6,88.9,8,9,8.1,3,12,0,61.3,90.3,0,16,0.0,0,46,34,97.8,45,103.7,45,67.2,2,257,90,2.6,7.6,5.71
AJ Barner,129433,TE,SEA,19,67,-2.6,1,80.0,,0,0,20.0,1,1,0,45.8,89.3,0,13,0.0,0,6,4,83.3,5,94.2,5,7.5,0,33,45,11.3,8.3,6.6,-4.0,1,100.0,,0,0,0.0,0,0,0,70.5,88.5,0,13,8.3,1,12,2,83.3,10,112.5,2,20.0,0,22,30,15.0,11.0,2.2,,0,,,0,0,,0,0,0,,,0,0,31.3,5,16,0,56.3,9,0.0,0,0.0,0,0,0,,,0.0,13.3,0,50.0,,0,0,0.0,0,2,0,70.5,93.5,1,11,22.0,9,41,2,75.6,31,57.3,4,12.9,1,13,0,0.0,6.5,0.42,4.2,3,81.5,50.0,2,4,0.0,0,14,2,84.5,97.1,0,19,7.3,9,123,22,87.0,107,124.2,27,25.2,2,213,127,5.8,9.7,1.99,0,27.7,0,100.0,,0,0,0.0,0,3,0,70.5,99.9,0,61,0.0,0,3,3,100.0,3,158.3,3,4.5,1,110,30,10.0,36.7,36.67,29,-1.0,0,100.0,,0,0,0.0,0,1,0,64.7,78.6,0,2,30.8,4,13,1,69.2,9,79.2,1,11.1,0,2,3,3.0,2.0,0.22,,0,,,0,0,,0,0,0,,,0,0,26.3,5,19,0,63.2,12,0.0,0,0.0,0,0,0,,,0.0,18.0,0,100.0,,0,0,0.0,0,1,0,64.7,90.4,0,16,15.8,6,38,1,76.3,29,158.3,1,3.4,1,16,0,0.0,16.0,0.55,2.9,1,85.7,100.0,2,2,0.0,0,4,1,79.4,88.8,1,15,12.0,6,50,12,86.0,43,84.5,14,32.6,1,80,49,4.1,6.7,1.86,13.9,0,57.1,,0,0,0.0,0,3,0,73.4,93.8,1,16,0.0,0,9,4,77.8,7,72.9,7,10.4,2,39,0,0.0,9.8,5.57,0,-2.0,0,50.0,,0,0,50.0,1,0,0,28.8,54.6,0,9,25.0,3,12,1,75.0,9,62.5,2,22.2,0,9,12,12.0,9.0,1.0,27.7,0,100.0,,0,0,0.0,0,3,0,70.5,99.9,0,61,28.6,6,21,3,66.7,14,158.3,3,21.4,1,110,30,10.0,36.7,7.86,13.0,0,50.0,,0,0,0.0,0,0,0,64.7,59.7,0,10,32.1,9,28,1,60.7,17,64.6,2,11.8,0,10,0,0.0,10.0,0.59,3.5,0,81.8,66.7,2,3,10.0,1,2,0,56.7,74.8,0,15,8.3,4,48,9,87.5,42,88.3,11,26.2,0,57,25,2.8,6.3,1.36,3.7,4,82.7,66.7,6,9,2.3,1,20,3,83.5,95.3,1,19,0.0,0,52,43,100.0,52,105.9,52,77.6,3,350,201,4.7,8.1,6.73
Mack Hollins,11873,WR,NE,16,66,-1.0,0,100.0,,0,0,0.0,0,0,0,64.7,61.2,0,3,0.0,0,1,1,100.0,1,79.2,1,1.5,0,3,4,4.0,3.0,3.0,-1.0,0,100.0,,0,0,0.0,0,0,0,64.7,61.2,0,3,0.0,0,13,1,100.0,13,79.2,1,7.7,0,3,4,4.0,3.0,0.23,48.0,0,0.0,0.0,0,1,,0,0,0,,60.0,0,0,0.0,0,10,0,100.0,10,39.6,1,10.0,0,0,0,,,0.0,13.9,0,75.0,100.0,4,4,0.0,0,12,0,79.4,96.7,0,27,0.0,0,42,12,95.2,40,116.1,16,40.0,0,198,32,2.7,16.5,4.95,5.4,0,100.0,100.0,2,2,0.0,0,4,0,78.0,90.4,0,19,0.0,0,64,9,95.3,61,136.1,9,14.8,1,70,22,2.4,7.8,1.15,0,33.2,0,33.3,0.0,0,4,0.0,0,4,0,72.1,91.7,1,54,0.0,0,13,4,92.3,12,39.2,12,18.2,0,127,21,5.3,31.8,10.58,19,,0,,,0,0,,0,0,0,,,0,0,0.0,0,8,0,100.0,8,0.0,0,0.0,0,0,0,,,0.0,27.0,0,25.0,,0,0,0.0,0,1,0,64.7,84.0,0,31,6.3,1,16,1,81.3,13,59.4,4,30.8,0,31,10,10.0,31.0,2.38,16.0,0,50.0,,0,0,0.0,0,1,0,64.7,75.4,0,20,0.0,0,16,1,93.8,15,85.4,2,13.3,0,20,2,2.0,20.0,1.33,5.4,0,100.0,,0,0,0.0,0,4,0,76.5,83.1,0,19,0.0,0,40,8,92.5,37,102.6,8,21.6,0,69,26,3.3,8.6,1.86,13.8,0,68.0,85.7,6,7,0.0,0,16,0,82.2,97.6,1,27,0.0,0,25,17,100.0,25,102.8,25,37.9,1,284,45,2.6,16.7,11.36,0,,0,,,0,0,,0,0,0,,,0,0,0.0,0,4,0,100.0,4,0.0,0,0.0,0,0,0,,,0.0,34.6,0,42.9,0.0,0,3,0.0,0,3,0,70.5,90.7,1,54,0.0,0,17,3,100.0,17,50.3,7,41.2,0,96,11,3.7,32.0,5.65,12.7,0,57.1,66.7,2,3,0.0,0,3,0,72.1,93.8,1,24,0.0,0,19,4,89.5,17,89.0,7,41.2,1,66,11,2.8,16.5,3.88,5.0,1,81.8,,0,0,0.0,0,2,1,77.3,50.7,0,7,2.6,1,38,9,94.7,36,84.8,11,30.6,0,48,6,0.7,5.3,1.33,5.3,1,92.9,100.0,2,2,0.0,0,10,1,86.5,81.1,0,19,0.0,0,29,26,96.6,28,106.4,28,42.4,1,187,54,2.1,7.2,6.68
Mark Andrews,47436,TE,BLT,17,65,,0,,,0,0,,0,0,0,,,0,0,,0,0,0,,0,0.0,0,0.0,0,0,0,,,,,0,,,0,0,,0,0,0,,,0,0,5.9,1,17,0,88.2,15,0.0,0,0.0,0,0,0,,,0.0,,0,,,0,0,,0,0,0,,,0,0,16.7,1,6,0,83.3,5,0.0,0,0.0,0,0,0,,,0.0,11.7,1,54.5,33.3,1,3,25.0,2,6,0,31.8,72.1,1,19,2.5,1,40,6,90.0,36,68.0,11,30.6,1,74,17,2.8,12.3,2.06,5.1,2,72.2,33.3,1,3,7.1,1,5,0,64.4,62.6,1,12,5.2,4,77,13,85.7,66,58.3,18,27.3,0,83,18,1.4,6.4,1.26,0,21.0,0,0.0,,0,0,,0,0,0,,58.5,0,0,0.0,0,2,0,50.0,1,39.6,1,1.5,0,0,0,,,0.0,3,,0,,,0,0,,0,0,0,,,0,0,0.0,0,9,0,100.0,9,0.0,0,0.0,0,0,0,,,0.0,,0,,,0,0,,0,0,0,,,0,0,6.3,1,16,0,75.0,12,0.0,0,0.0,0,0,0,,,0.0,15.8,0,75.0,100.0,1,1,0.0,0,3,0,70.5,91.8,0,27,6.3,1,16,3,87.5,14,156.3,4,28.6,2,61,17,5.7,20.3,4.36,5.1,0,84.6,100.0,1,1,0.0,0,1,0,79.4,79.9,0,9,3.2,1,31,11,87.1,27,88.1,13,48.1,0,67,16,1.5,6.1,2.48,13.2,1,60.9,57.1,4,7,12.5,2,14,1,51.2,92.1,2,27,0.0,0,25,14,92.0,23,94.7,23,35.4,5,213,49,3.5,15.2,9.26,0,,0,,,0,0,,0,0,0,,,0,0,12.5,1,8,0,87.5,7,0.0,0,0.0,0,0,0,,,0.0,21.0,0,0.0,,0,0,,0,0,0,,58.5,0,0,10.0,2,20,0,85.0,17,39.6,1,5.9,0,0,0,,,0.0,13.9,0,62.5,66.7,2,3,0.0,0,5,1,73.4,92.7,1,24,7.4,2,27,5,81.5,22,94.8,8,36.4,2,78,15,3.0,15.6,3.55,3.9,0,100.0,100.0,1,1,0.0,0,4,0,78.7,92.0,0,11,2.6,1,38,10,92.1,35,91.3,10,28.6,0,59,20,2.0,5.9,1.69,4.8,2,82.9,60.0,3,5,2.9,1,10,0,80.8,84.0,1,12,0.0,0,45,34,91.1,41,77.7,41,63.1,0,209,54,1.6,6.1,5.1
Marvin Mims Jr.,122937,WR,DEN,17,65,-3.6,3,92.6,,0,0,0.0,0,5,0,86.1,79.2,0,19,0.0,0,28,25,96.4,27,83.0,27,41.5,0,106,197,7.9,4.2,3.93,-3.4,0,100.0,,0,0,0.0,0,0,0,78.7,69.4,0,8,0.0,0,31,10,93.5,29,79.2,10,34.5,0,26,60,6.0,2.6,0.9,38.8,0,33.3,50.0,1,2,0.0,0,2,0,68.3,91.3,0,29,0.0,0,15,2,86.7,13,68.8,6,46.2,0,56,3,1.5,28.0,4.31,15.7,0,66.7,,0,0,0.0,0,2,0,68.3,87.9,0,26,0.0,0,21,2,90.5,19,109.7,3,15.8,0,41,12,6.0,20.5,2.16,3.6,0,100.0,,0,0,0.0,0,4,0,75.6,90.3,0,7,0.0,0,66,7,95.5,63,91.1,7,11.1,0,41,16,2.3,5.9,0.65,0,34.7,0,41.2,75.0,3,4,0.0,0,7,0,75.6,97.4,1,52,0.0,0,19,7,89.5,17,103.2,17,26.2,2,216,19,2.7,30.9,12.71,10,-3.3,1,90.0,,0,0,0.0,0,3,0,77.3,76.7,0,19,0.0,0,23,9,100.0,23,85.8,10,43.5,0,46,75,8.3,5.1,2.0,26.3,0,75.0,100.0,1,1,0.0,0,3,0,70.5,96.5,0,28,0.0,0,18,3,94.4,17,156.3,4,23.5,2,77,3,1.0,25.7,4.53,16.0,0,0.0,,0,0,,0,0,0,,59.9,0,0,0.0,0,14,0,92.9,13,39.6,1,7.7,0,0,0,,,0.0,2.7,1,100.0,,0,0,0.0,0,2,0,70.5,84.3,0,26,0.0,0,24,3,100.0,24,118.8,3,12.5,0,40,32,10.7,13.3,1.67,15.8,0,50.0,,0,0,0.0,0,2,0,68.3,85.7,0,26,0.0,0,4,2,100.0,4,86.5,4,6.2,0,41,12,6.0,20.5,10.25,0,-4.3,2,85.7,,0,0,0.0,0,2,0,74.6,77.6,0,13,0.0,0,15,6,100.0,15,86.9,7,46.7,0,34,62,10.3,5.7,2.27,36.0,0,28.6,100.0,1,1,0.0,0,2,0,68.3,92.2,1,52,0.0,0,14,2,100.0,14,36.9,7,50.0,0,83,13,6.5,41.5,5.93,,0,,,0,0,,0,0,0,,,0,0,0.0,0,17,0,82.4,14,0.0,0,0.0,0,0,0,,,0.0,3.7,0,71.4,,0,0,16.7,1,1,0,45.8,59.9,0,12,0.0,0,33,5,100.0,33,81.3,7,21.2,0,33,13,2.6,6.6,1.0,3.5,1,88.2,,0,0,6.3,1,7,0,65.6,85.7,0,26,0.0,0,17,15,100.0,17,94.6,17,26.2,0,114,61,4.1,7.6,6.71
Christian Kirk,47546,WR,HST,15,64,-3.8,0,100.0,,0,0,0.0,0,1,0,73.4,61.6,0,4,0.0,0,5,5,100.0,5,79.2,5,7.8,0,1,20,4.0,0.2,0.2,-3.0,0,100.0,,0,0,0.0,0,1,0,70.5,60.6,0,4,0.0,0,18,3,88.9,16,79.2,3,18.8,0,8,17,5.7,2.7,0.5,22.8,0,0.0,,0,0,,0,0,0,,55.5,1,0,0.0,0,8,0,100.0,8,0.0,4,50.0,0,0,0,,,0.0,11.5,0,0.0,0.0,0,1,,0,0,0,,58.6,1,0,0.0,0,34,0,97.1,33,0.0,2,6.1,0,0,0,,,0.0,4.2,2,65.2,28.6,2,7,6.3,1,7,0,65.6,90.3,1,33,0.0,0,84,15,97.6,82,68.9,23,28.0,0,169,104,6.9,11.3,2.06,0,28.8,0,37.5,,0,0,0.0,0,3,0,70.5,93.4,1,47,0.0,0,10,3,80.0,8,45.8,8,12.5,0,129,21,7.0,43.0,16.13,13,-5.0,0,100.0,,0,0,0.0,0,0,0,64.7,61.1,0,-3,0.0,0,6,1,100.0,6,79.2,1,16.7,0,-3,2,2.0,-3.0,-0.5,34.0,0,66.7,,0,0,0.0,0,2,0,68.3,94.5,0,47,0.0,0,14,2,78.6,11,109.7,3,27.3,0,83,12,6.0,41.5,7.55,15.3,0,0.0,,0,0,,0,0,0,,56.5,2,0,0.0,0,12,0,100.0,12,0.0,3,25.0,0,0,0,,,0.0,3.8,1,62.5,0.0,0,1,16.7,1,4,0,46.3,83.0,0,12,0.0,0,33,5,100.0,33,73.4,8,24.2,0,37,18,3.6,7.4,1.12,13.2,0,30.0,33.3,1,3,40.0,2,3,0,28.7,71.9,3,13,0.0,0,12,3,83.3,10,39.6,10,15.6,2,25,0,0.0,8.3,2.5,0,-5.0,0,100.0,,0,0,0.0,0,0,0,64.7,61.0,0,-4,0.0,0,3,1,100.0,3,79.2,1,33.3,0,-4,1,1.0,-4.0,-1.33,37.0,0,100.0,,0,0,0.0,0,1,0,64.7,89.4,0,46,0.0,0,14,1,71.4,10,118.8,1,10.0,0,46,9,9.0,46.0,4.6,12.6,0,60.0,50.0,1,2,40.0,2,3,0,28.7,76.5,0,13,0.0,0,28,3,85.7,24,112.5,5,20.8,2,25,0,0.0,8.3,1.04,4.6,0,70.0,,0,0,0.0,0,2,0,75.6,75.4,0,8,0.0,0,56,7,96.4,54,111.3,10,18.5,1,42,11,1.6,6.0,0.78,4.2,3,65.9,25.0,2,8,6.9,2,13,0,65.2,90.9,1,33,0.0,0,42,27,97.6,41,80.1,41,64.1,1,248,133,4.9,9.2,6.05
T.J. Hockenson,40912,TE,MIN,15,64,-3.8,1,87.5,,0,0,12.5,1,2,0,52.1,88.7,0,13,0.0,0,8,7,100.0,8,89.6,8,12.5,0,44,71,10.1,6.3,5.5,-4.3,1,100.0,,0,0,0.0,0,1,0,74.6,90.0,0,12,15.8,6,38,6,78.9,30,88.2,6,20.0,0,31,57,9.5,5.2,1.03,22.5,0,100.0,,0,0,0.0,0,2,0,68.3,95.6,0,29,0.0,0,16,2,93.8,15,118.8,2,13.3,0,58,13,6.5,29.0,3.87,14.5,0,50.0,,0,0,0.0,0,1,0,64.7,89.4,0,7,9.4,3,32,1,87.5,28,97.9,2,7.1,1,7,0,0.0,7.0,0.25,4.7,2,90.0,50.0,2,4,3.6,1,9,0,75.5,92.1,0,21,3.7,3,81,27,92.6,75,108.1,30,40.0,1,218,96,3.6,8.1,2.91,0,23.0,0,66.7,,0,0,0.0,0,2,0,68.3,95.5,0,29,0.0,0,3,2,100.0,3,109.7,3,4.7,0,58,13,6.5,29.0,19.33,18,-1.0,0,100.0,,0,0,0.0,0,1,0,64.7,90.6,0,13,11.1,1,9,1,88.9,8,118.8,1,12.5,0,13,14,14.0,13.0,1.63,,0,,,0,0,,0,0,0,,,0,0,5.3,1,19,0,84.2,16,0.0,0,0.0,0,0,0,,,0.0,16.0,0,50.0,100.0,1,1,0.0,0,1,0,64.7,89.7,0,18,11.1,3,27,1,74.1,20,81.3,2,10.0,0,18,1,1.0,18.0,0.9,3.9,0,71.4,,0,0,16.7,1,2,0,45.8,72.0,0,13,8.6,3,35,5,85.7,30,83.6,7,23.3,0,37,18,3.6,7.4,1.23,14.3,0,50.0,100.0,1,1,0.0,0,3,0,70.5,92.4,0,18,0.0,0,7,3,85.7,6,108.3,6,9.4,1,36,2,0.7,12.0,6.0,0,-3.0,0,0.0,,0,0,100.0,1,0,0,27.9,25.9,0,0,19.0,4,21,0,71.4,15,39.6,1,6.7,0,0,0,,,0.0,24.0,0,0.0,,0,0,,0,0,0,,59.1,0,0,0.0,0,17,0,94.1,16,39.6,1,6.3,0,0,0,,,0.0,12.5,0,50.0,,0,0,0.0,0,1,0,64.7,77.4,0,11,14.3,4,28,1,82.1,23,66.7,2,8.7,0,11,1,1.0,11.0,0.48,3.9,2,70.0,,0,0,12.5,1,4,0,52.1,91.4,0,12,4.3,2,46,7,91.3,42,112.5,10,23.8,1,45,24,3.4,6.4,1.07,4.4,4,83.0,50.0,2,4,7.1,3,15,0,64.8,92.9,0,21,0.0,0,49,39,95.9,47,107.4,47,73.4,2,300,138,3.5,7.7,6.38
Keon Coleman,144949,WR,BUF,15,64,-3.0,0,50.0,,0,0,50.0,1,0,0,28.8,43.4,0,8,0.0,0,2,1,100.0,2,60.4,2,3.1,0,8,11,11.0,8.0,4.0,,0,,,0,0,,0,0,0,,,0,0,0.0,0,37,0,97.3,36,0.0,0,0.0,0,0,0,,,0.0,36.0,0,0.0,0.0,0,1,,0,0,0,,60.0,0,0,0.0,0,9,0,88.9,8,39.6,1,12.5,0,0,0,,,0.0,15.5,0,50.0,0.0,0,2,25.0,1,3,0,36.8,86.7,0,37,0.0,0,34,3,100.0,34,95.8,6,17.6,0,79,31,10.3,26.3,2.32,5.0,0,84.2,33.3,1,3,5.9,1,9,1,66.7,80.7,0,14,1.2,1,82,16,96.3,79,109.6,19,24.1,1,116,37,2.3,7.3,1.47,0,26.5,0,20.0,25.0,1,4,25.0,1,3,0,36.2,80.8,2,35,0.0,0,16,3,93.8,15,30.8,15,23.4,1,76,7,2.3,25.3,5.07,4,-3.0,0,100.0,,0,0,0.0,0,0,0,64.7,61.1,0,8,0.0,0,7,1,100.0,7,100.0,1,14.3,0,8,11,11.0,8.0,1.14,25.2,0,27.3,33.3,1,3,0.0,0,3,0,70.5,90.8,1,35,0.0,0,17,3,94.1,16,48.3,11,68.8,1,76,7,2.3,25.3,4.75,16.2,1,60.0,0.0,0,1,0.0,0,3,0,72.1,79.0,0,17,0.0,0,15,3,93.3,14,88.8,5,35.7,0,44,-2,-0.7,14.7,3.14,6.0,0,60.0,0.0,0,1,25.0,1,0,0,41.6,69.2,0,4,0.0,0,28,3,92.9,26,104.2,5,19.2,1,5,-4,-1.3,1.7,0.19,14.6,2,66.7,40.0,2,5,7.7,1,12,0,63.5,95.0,0,37,0.0,0,20,12,90.0,18,142.6,18,28.1,2,207,49,4.1,17.3,11.5,0,-3.0,0,0.0,,0,0,100.0,1,0,0,27.9,40.0,0,0,0.0,0,16,0,87.5,14,39.6,1,7.1,0,0,0,,,0.0,28.0,0,0.0,,0,0,100.0,1,0,0,27.9,40.6,1,0,0.0,0,14,0,92.9,13,0.0,3,23.1,0,0,0,,,0.0,12.7,1,85.7,100.0,2,2,0.0,0,6,0,74.6,96.0,0,36,0.0,0,21,6,90.5,19,156.3,7,36.8,2,84,20,3.3,14.0,4.42,5.6,0,100.0,100.0,1,1,0.0,0,2,0,73.4,82.8,0,9,0.0,0,32,5,84.4,27,98.3,5,18.5,0,38,10,2.0,7.6,1.41,5.3,0,82.8,40.0,2,5,7.7,2,11,1,63.2,85.4,0,14,0.0,0,34,24,85.3,29,112.5,29,45.3,2,159,43,1.8,6.6,5.48
Xavier Legette,99197,WR,CAR,16,63,-2.2,3,100.0,,0,0,0.0,0,1,0,73.4,72.1,0,15,0.0,0,5,5,100.0,5,80.8,5,7.9,0,17,28,5.6,3.4,3.4,-1.7,2,100.0,,0,0,0.0,0,0,0,70.5,62.3,0,4,0.0,0,29,3,96.6,28,79.2,3,10.7,0,1,6,2.0,0.3,0.04,22.0,0,0.0,,0,0,,0,0,0,,56.6,1,0,0.0,0,8,0,87.5,7,0.0,2,28.6,0,0,0,,,0.0,14.4,0,44.4,33.3,1,3,20.0,1,4,0,41.6,84.5,0,22,0.0,0,36,4,86.1,31,70.6,9,29.0,0,68,17,4.3,17.0,2.19,4.9,2,80.0,40.0,2,5,0.0,0,3,1,79.4,59.3,0,20,0.0,0,79,12,97.5,77,86.7,15,19.5,0,72,17,1.4,6.0,0.94,0,26.7,0,40.0,,0,0,0.0,0,4,0,72.1,93.0,2,36,0.0,0,11,4,90.9,10,81.3,10,15.9,1,127,9,2.3,31.8,12.7,5,-4.0,1,100.0,,0,0,0.0,0,1,0,64.7,79.0,0,15,0.0,0,16,1,93.8,15,118.8,1,6.7,0,15,19,19.0,15.0,1.0,36.3,0,66.7,,0,0,0.0,0,2,0,68.3,93.8,0,36,0.0,0,16,2,93.8,15,149.3,3,20.0,1,70,4,2.0,35.0,4.67,13.3,0,33.3,50.0,1,2,0.0,0,1,0,64.7,57.3,0,11,0.0,0,28,1,85.7,24,45.1,3,12.5,0,11,0,0.0,11.0,0.46,5.4,1,80.0,,0,0,0.0,0,2,0,72.1,63.6,0,8,0.0,0,37,4,100.0,37,123.8,5,13.5,1,21,4,1.0,5.3,0.57,13.6,0,36.4,44.4,4,9,11.1,1,8,0,54.5,86.6,1,22,0.0,0,26,8,84.6,22,50.4,22,34.9,1,115,19,2.4,14.4,5.23,0,-2.0,0,100.0,,0,0,0.0,0,0,0,64.7,60.8,0,1,0.0,0,13,1,100.0,13,79.2,1,7.7,0,1,3,3.0,1.0,0.08,22.8,0,40.0,,0,0,0.0,0,2,0,68.3,85.7,1,33,0.0,0,21,2,76.2,16,43.3,5,31.3,0,57,5,2.5,28.5,3.56,13.0,0,30.0,50.0,2,4,0.0,0,3,0,70.5,83.7,1,15,0.0,0,27,3,96.3,26,35.8,10,38.5,1,36,2,0.7,12.0,1.38,6.2,0,50.0,,0,0,0.0,0,0,0,70.5,63.1,0,9,0.0,0,41,3,100.0,41,56.9,6,14.6,0,19,1,0.3,6.3,0.46,5.3,3,73.1,40.0,2,5,0.0,0,5,1,83.2,61.9,0,20,0.0,0,26,19,100.0,26,93.8,26,41.3,1,112,22,1.2,5.9,4.31
Brenton Strange,101694,TE,JAX,13,63,-2.4,1,100.0,,0,0,0.0,0,2,0,73.4,90.3,0,22,0.0,0,5,5,100.0,5,98.3,5,7.9,0,38,50,10.0,7.6,7.6,-2.3,1,100.0,,0,0,0.0,0,2,0,72.1,90.8,0,22,10.3,3,29,4,89.7,26,99.0,4,15.4,0,31,40,10.0,7.8,1.19,24.5,0,50.0,,0,0,0.0,0,1,0,64.7,89.3,0,21,5.3,1,19,1,94.7,18,127.1,2,11.1,1,21,0,0.0,21.0,1.17,12.8,0,75.0,50.0,1,2,0.0,0,3,0,70.5,94.7,0,16,11.1,5,45,3,84.4,38,139.6,4,10.5,1,34,2,0.7,11.3,0.89,4.6,7,82.8,75.0,3,4,7.7,2,11,0,63.6,93.1,0,24,1.3,1,78,24,94.9,74,99.6,29,39.2,0,229,119,5.0,9.5,3.09,0,25.0,0,60.0,100.0,1,1,0.0,0,3,0,70.5,97.0,0,30,0.0,0,5,3,100.0,5,143.8,5,7.9,1,75,7,2.3,25.0,15.0,15,,0,,,0,0,,0,0,0,,,0,0,0.0,0,5,0,80.0,4,0.0,0,0.0,0,0,0,,,0.0,25.0,0,100.0,100.0,1,1,0.0,0,1,0,64.7,90.9,0,24,0.0,0,13,1,100.0,13,118.8,1,7.7,0,24,-1,-1.0,24.0,1.85,17.3,0,66.7,,0,0,0.0,0,2,0,68.3,90.6,0,26,11.1,3,27,2,88.9,24,109.7,3,12.5,0,42,9,4.5,21.0,1.75,4.3,0,75.0,,0,0,0.0,0,1,0,72.1,87.4,0,6,15.6,5,32,3,78.1,25,116.7,4,16.0,1,11,4,1.3,3.7,0.44,14.8,0,66.7,33.3,1,3,0.0,0,6,0,74.6,96.0,0,26,0.0,0,9,6,100.0,9,140.5,9,14.3,1,99,16,2.7,16.5,11.0,0,-3.0,0,100.0,,0,0,0.0,0,0,0,64.7,62.6,0,7,0.0,0,7,1,85.7,6,95.8,1,16.7,0,7,10,10.0,7.0,1.17,25.5,0,50.0,,0,0,0.0,0,1,0,64.7,93.1,0,30,7.7,1,13,1,92.3,12,95.8,2,16.7,0,30,8,8.0,30.0,2.5,15.0,0,50.0,0.0,0,1,0.0,0,1,0,64.7,82.1,0,23,22.2,4,18,1,61.1,11,91.7,2,18.2,0,23,5,5.0,23.0,2.09,4.0,2,63.6,50.0,1,2,12.5,1,5,0,52.5,93.6,0,23,6.3,2,32,7,87.5,28,91.9,11,39.3,0,97,69,9.9,13.9,3.46,4.4,9,77.3,66.7,4,6,8.1,3,17,0,63.2,94.9,0,24,0.0,0,49,34,89.8,44,106.0,44,69.8,1,337,192,5.6,9.9,7.66
Mason Taylor,157122,TE,NYJ,13,62,-5.3,0,33.3,,0,0,50.0,1,0,0,28.8,33.2,0,-5,0.0,0,3,1,100.0,3,42.4,3,4.8,0,-5,2,2.0,-5.0,-1.67,-5.3,0,33.3,,0,0,50.0,1,0,0,28.8,33.2,0,-5,5.9,1,17,1,82.4,14,42.4,3,21.4,0,-5,2,2.0,-5.0,-0.36,,0,,,0,0,,0,0,0,,,0,0,16.7,1,6,0,83.3,5,0.0,0,0.0,0,0,0,,,0.0,11.5,0,0.0,0.0,0,1,,0,0,0,,57.5,0,0,15.8,3,19,0,84.2,16,39.6,2,12.5,0,0,0,,,0.0,5.3,0,75.0,100.0,7,7,16.0,4,8,0,38.7,78.2,1,13,2.4,2,84,21,95.2,80,73.8,28,35.0,0,162,46,2.2,7.7,2.03,0,20.0,0,33.3,0.0,0,1,0.0,0,1,0,64.7,83.4,0,27,0.0,0,3,1,100.0,3,67.4,3,4.8,0,27,7,7.0,27.0,9.0,22,,0,,,0,0,,0,0,0,,,0,0,0.0,0,4,0,75.0,3,0.0,0,0.0,0,0,0,,,0.0,20.0,0,50.0,0.0,0,1,0.0,0,1,0,64.7,86.3,0,27,14.3,2,14,1,78.6,11,95.8,2,18.2,0,27,7,7.0,27.0,2.45,14.0,0,100.0,,0,0,0.0,0,1,0,68.3,77.5,0,20,16.7,3,18,2,72.2,13,118.8,2,15.4,0,31,3,1.5,15.5,2.38,4.3,0,90.0,100.0,3,3,0.0,0,6,0,77.3,93.0,0,15,10.0,4,40,9,90.0,36,94.2,10,27.8,0,66,29,3.2,7.3,1.83,12.7,0,50.0,33.3,1,3,0.0,0,2,0,70.5,90.2,0,20,0.0,0,7,3,85.7,6,107.6,6,9.7,1,35,3,1.0,11.7,5.83,0,,0,,,0,0,,0,0,0,,,0,0,36.4,4,11,0,54.5,6,0.0,0,0.0,0,0,0,,,0.0,20.0,0,0.0,,0,0,,0,0,0,,58.8,0,0,16.7,2,12,0,66.7,8,39.6,1,12.5,0,0,0,,,0.0,12.5,0,50.0,50.0,1,2,0.0,0,1,0,64.7,91.2,0,4,5.3,1,19,1,84.2,16,95.8,2,12.5,1,4,0,0.0,4.0,0.25,4.2,0,75.0,,0,0,0.0,0,6,0,77.3,93.3,0,15,12.0,6,50,9,84.0,42,93.8,12,28.6,0,84,49,5.4,9.3,2.0,4.8,0,78.0,100.0,10,10,9.3,4,20,0,57.7,92.5,1,15,0.0,0,52,39,96.2,50,84.3,50,80.6,0,312,124,3.2,8.0,6.24
Christian Watson,66581,WR,GB,11,62,,0,,,0,0,,0,0,0,,,0,0,,0,0,0,,0,0.0,0,0.0,0,0,0,,,,,0,,,0,0,,0,0,0,,,0,0,0.0,0,13,0,100.0,13,0.0,0,0.0,0,0,0,,,0.0,36.1,0,44.4,50.0,2,4,0.0,0,4,0,72.1,97.8,2,39,0.0,0,12,4,100.0,12,91.2,9,75.0,2,120,20,5.0,30.0,10.0,13.5,0,50.0,50.0,2,4,0.0,0,5,0,73.4,93.0,0,28,0.0,0,21,5,100.0,21,83.3,10,47.6,0,95,24,4.8,19.0,4.52,5.3,0,66.7,33.3,1,3,0.0,0,2,0,72.1,87.3,0,41,0.0,0,42,4,97.6,41,134.0,6,14.6,2,53,37,9.3,13.3,1.29,0,33.9,0,45.0,40.0,4,10,0.0,0,9,0,78.0,99.6,2,52,0.0,0,21,9,95.2,20,91.7,20,32.3,4,294,37,4.1,32.7,14.7,12,,0,,,0,0,,0,0,0,,,0,0,0.0,0,9,0,100.0,9,0.0,0,0.0,0,0,0,,,0.0,29.0,0,66.7,0.0,0,1,0.0,0,2,0,68.3,80.0,0,31,0.0,0,19,2,89.5,17,109.7,3,17.6,0,54,11,5.5,27.0,3.18,13.4,0,40.0,0.0,0,1,0.0,0,1,0,68.3,83.1,0,11,0.0,0,11,2,100.0,11,53.8,5,45.5,0,22,0,0.0,11.0,2.0,4.6,0,100.0,100.0,1,1,0.0,0,2,0,73.4,72.9,0,7,0.0,0,28,5,92.9,26,92.5,5,19.2,0,31,8,1.6,6.2,1.19,13.8,0,59.1,57.1,4,7,0.0,0,12,0,80.0,96.0,0,28,0.0,0,22,13,100.0,22,90.5,22,35.5,0,207,32,2.5,15.9,9.41,0,,0,,,0,0,,0,0,0,,,0,0,0.0,0,11,0,100.0,11,0.0,0,0.0,0,0,0,,,0.0,33.1,0,37.5,40.0,2,5,0.0,0,3,0,72.1,97.3,0,52,0.0,0,22,3,90.9,20,125.0,8,40.0,2,120,6,2.0,40.0,6.0,14.4,0,85.7,100.0,2,2,0.0,0,6,0,74.6,94.9,0,20,0.0,0,24,6,95.8,23,118.8,7,30.4,0,90,8,1.3,15.0,3.91,4.6,0,77.8,50.0,1,2,12.5,1,5,1,52.5,83.3,0,22,3.2,1,31,7,96.8,30,132.4,9,30.0,1,62,33,4.7,8.9,2.07,4.8,0,80.0,50.0,3,6,5.9,1,9,1,67.0,90.2,0,41,0.0,0,20,16,100.0,20,136.7,20,32.3,3,146,78,4.9,9.1,7.3
Malik Washington,97108,WR,MIA,17,62,-3.4,8,100.0,100.0,1,1,0.0,0,3,0,84.9,84.7,0,11,0.0,0,23,21,91.3,21,80.0,21,33.9,0,67,138,6.6,3.2,3.19,-3.4,2,100.0,100.0,1,1,0.0,0,1,0,78.7,80.7,0,11,0.0,0,34,9,88.2,30,79.2,9,30.0,0,25,56,6.2,2.8,0.83,28.0,0,0.0,,0,0,,0,0,0,,60.0,0,0,0.0,0,6,0,100.0,6,39.6,1,16.7,0,0,0,,,0.0,13.3,0,50.0,,0,0,0.0,0,2,0,68.3,85.0,2,12,0.0,0,43,2,93.0,40,65.6,4,10.0,1,21,1,0.5,10.5,0.53,3.9,2,91.7,66.7,2,3,0.0,0,4,0,80.0,90.6,0,19,0.0,0,73,11,94.5,69,94.8,12,17.4,0,81,42,3.8,7.4,1.17,0,28.8,0,0.0,0.0,0,1,,0,0,0,,54.7,0,0,0.0,0,5,0,100.0,5,39.6,5,8.1,0,0,0,,,0.0,17,-2.9,4,100.0,,0,0,0.0,0,1,0,77.3,66.6,0,11,0.0,0,19,9,100.0,19,81.0,9,47.4,0,31,57,6.3,3.4,1.63,24.3,0,0.0,0.0,0,1,,0,0,0,,55.9,0,0,0.0,0,17,0,94.1,16,39.6,3,18.8,0,0,0,,,0.0,17.7,0,0.0,,0,0,,0,0,0,,44.5,0,0,0.0,0,13,0,100.0,13,39.6,3,23.1,0,0,0,,,0.0,5.1,1,77.8,66.7,2,3,0.0,0,4,0,75.6,91.6,0,28,0.0,0,40,7,97.5,39,141.9,9,23.1,2,77,45,6.4,11.0,1.97,14.9,0,33.3,,0,0,0.0,0,3,0,70.5,78.2,2,18,0.0,0,9,3,100.0,9,45.4,9,14.5,1,39,5,1.7,13.0,4.33,0,-4.7,2,100.0,,0,0,0.0,0,1,0,70.5,87.8,0,6,0.0,0,14,3,92.9,13,81.9,3,23.1,0,11,25,8.3,3.7,0.85,43.0,0,0.0,,0,0,,0,0,0,,59.1,0,0,0.0,0,9,0,100.0,9,39.6,1,11.1,0,0,0,,,0.0,14.0,0,50.0,,0,0,0.0,0,1,0,64.7,76.8,0,18,0.0,0,12,1,100.0,12,81.3,2,16.7,0,18,4,4.0,18.0,1.5,5.3,2,66.7,0.0,0,1,20.0,1,2,0,42.1,66.2,0,23,0.0,0,31,4,93.5,29,94.4,6,20.7,0,53,32,8.0,13.3,1.83,4.6,5,81.5,57.1,4,7,4.3,1,10,0,73.7,92.2,0,28,0.0,0,29,22,93.1,27,123.9,27,43.5,2,211,119,5.4,9.6,7.81
Kayshon Boutte,124087,WR,NE,17,61,,0,,,0,0,,0,0,0,,,0,0,,0,0,0,,0,0.0,0,0.0,0,0,0,,,,,0,,,0,0,,0,0,0,,,0,0,0.0,0,27,0,96.3,26,0.0,0,0.0,0,0,0,,,0.0,31.6,1,62.5,100.0,1,1,0.0,0,4,0,73.4,96.1,0,39,0.0,0,17,5,94.1,16,145.8,8,50.0,2,131,4,0.8,26.2,8.19,15.6,1,60.0,0.0,0,2,0.0,0,3,0,70.5,92.3,0,25,0.0,0,38,3,97.4,37,101.3,5,13.5,0,59,12,4.0,19.7,1.59,5.9,0,71.4,0.0,0,1,16.7,1,2,0,45.8,75.7,0,18,0.0,0,93,5,95.7,89,91.4,7,7.9,0,50,22,4.4,10.0,0.56,0,30.5,1,60.0,57.1,4,7,0.0,0,11,0,79.4,99.3,0,42,0.0,0,22,12,90.9,20,143.8,20,32.8,6,340,32,2.7,28.3,17.0,19,,0,,,0,0,,0,0,0,,,0,0,0.0,0,8,0,100.0,8,0.0,0,0.0,0,0,0,,,0.0,27.8,0,55.6,50.0,2,4,0.0,0,5,0,73.4,96.6,0,42,0.0,0,18,5,77.8,14,140.0,9,64.3,3,147,20,4.0,29.4,10.5,15.2,1,60.0,50.0,1,2,0.0,0,5,0,74.6,94.0,0,19,4.3,1,23,6,95.7,22,90.4,10,45.5,0,92,2,0.3,15.3,4.18,7.3,0,71.4,,0,0,0.0,0,3,0,74.6,81.8,1,11,2.4,1,41,5,92.7,38,47.0,7,18.4,0,42,9,1.8,8.4,1.11,15.4,2,66.7,40.0,2,5,0.0,0,12,0,80.6,96.7,1,25,0.0,0,22,14,95.5,21,83.0,21,34.4,0,228,14,1.0,16.3,10.86,0,,0,,,0,0,,0,0,0,,,0,0,0.0,0,10,0,100.0,10,0.0,0,0.0,0,0,0,,,0.0,35.7,0,66.7,50.0,1,2,0.0,0,2,0,68.3,92.7,0,32,0.0,0,22,2,86.4,19,149.3,3,15.8,1,62,8,4.0,31.0,3.26,15.5,0,83.3,100.0,1,1,0.0,0,4,0,73.4,93.1,1,19,0.0,0,23,5,91.3,21,79.2,6,28.6,0,77,0,0.0,15.4,3.67,6.2,0,83.3,100.0,1,1,0.0,0,4,0,74.6,84.9,0,16,0.0,0,41,5,95.1,39,132.6,6,15.4,1,38,14,2.8,7.6,0.97,6.5,0,75.0,50.0,1,2,6.3,1,9,0,67.7,89.8,1,18,0.0,0,23,15,87.0,20,87.5,20,32.8,1,130,45,3.0,8.7,6.5
Dalton Kincaid,91791,TE,BUF,14,60,-3.2,0,100.0,,0,0,0.0,0,3,1,75.6,70.5,0,20,0.0,0,7,6,85.7,6,113.9,6,10.0,0,68,87,14.5,11.3,11.33,-3.0,0,100.0,,0,0,0.0,0,3,0,74.6,90.7,0,20,0.0,0,29,5,93.1,27,118.8,5,18.5,0,68,83,16.6,13.6,2.52,21.0,0,50.0,0.0,0,1,0.0,0,1,0,64.7,76.3,0,24,9.1,1,11,1,81.8,9,93.8,2,22.2,0,24,3,3.0,24.0,2.67,13.3,0,83.3,75.0,3,4,0.0,0,9,0,78.0,98.8,0,47,4.3,1,23,10,91.3,21,146.5,12,57.1,1,200,64,6.4,20.0,9.52,4.8,0,83.3,66.7,2,3,9.1,1,3,0,58.5,90.7,0,17,0.0,0,55,10,98.2,54,118.1,12,22.2,1,68,25,2.5,6.8,1.26,0,21.5,0,50.0,25.0,1,4,0.0,0,3,0,70.5,93.1,0,24,0.0,0,6,3,100.0,6,131.3,6,10.0,1,69,7,2.3,23.0,11.5,4,,0,,,0,0,,0,0,0,,,0,0,0.0,0,8,0,100.0,8,0.0,0,0.0,0,0,0,,,0.0,21.0,0,100.0,100.0,1,1,0.0,0,1,0,64.7,91.0,0,22,0.0,0,7,1,71.4,5,118.8,1,20.0,0,22,1,1.0,22.0,4.4,13.8,1,72.7,50.0,1,2,11.1,1,8,0,35.3,94.7,0,23,0.0,0,21,8,95.2,20,154.4,11,55.0,3,138,34,4.3,17.3,6.9,4.6,0,100.0,,0,0,0.0,0,3,0,73.4,90.2,0,25,0.0,0,17,5,100.0,17,111.7,5,29.4,0,54,31,6.2,10.8,3.18,13.8,1,76.9,66.7,4,6,4.8,1,19,0,58.1,99.2,0,47,0.0,0,27,20,96.3,26,157.9,26,43.3,5,386,116,5.8,19.3,14.85,0,-4.0,0,100.0,,0,0,0.0,0,0,1,64.7,29.3,0,0,0.0,0,8,1,100.0,8,79.2,1,12.5,0,0,4,4.0,0.0,0.0,22.0,0,33.3,0.0,0,2,0.0,0,1,0,64.7,79.3,0,23,0.0,0,7,1,100.0,7,101.4,3,42.9,1,23,3,3.0,23.0,3.29,15.7,0,66.7,,0,0,0.0,0,2,0,68.3,92.2,0,28,7.7,1,13,2,84.6,11,149.3,3,27.3,1,48,18,9.0,24.0,4.36,3.4,0,80.0,100.0,1,1,0.0,0,2,0,72.1,83.4,0,18,0.0,0,22,4,86.4,19,97.5,5,26.3,0,37,28,7.0,9.3,1.95,4.5,0,86.4,75.0,3,4,5.0,1,8,0,69.6,92.8,0,25,0.0,0,23,19,95.7,22,111.9,22,36.7,1,159,84,4.4,8.4,7.23
Darius Slayton,25578,WR,NYG,14,60,,0,,,0,0,,0,0,0,,,0,0,,0,0,0,,0,0.0,0,0.0,0,0,0,,,,,0,,,0,0,,0,0,0,,,0,0,0.0,0,35,0,100.0,35,0.0,0,0.0,0,0,0,,,0.0,40.7,0,0.0,0.0,0,2,100.0,1,0,0,27.9,41.4,0,0,0.0,0,18,0,83.3,15,39.6,3,20.0,0,0,0,,,0.0,14.5,1,75.0,0.0,0,1,14.3,1,6,0,49.2,92.2,0,24,0.0,0,27,6,96.3,26,116.7,8,30.8,0,110,27,4.5,18.3,4.23,5.1,5,84.2,100.0,1,1,15.8,3,9,1,41.6,91.2,0,30,0.0,0,78,16,94.9,74,124.1,19,25.7,1,182,103,6.4,11.4,2.46,0,34.8,0,27.3,14.3,1,7,40.0,2,3,0,29.2,62.8,0,52,0.0,0,17,3,64.7,11,72.9,11,18.3,0,121,36,12.0,40.3,11.0,21,,0,,,0,0,,0,0,0,,,0,0,0.0,0,22,0,100.0,22,0.0,0,0.0,0,0,0,,,0.0,29.0,0,0.0,,0,0,,0,0,0,64.7,44.2,0,0,5.6,1,18,0,66.7,12,39.6,1,8.3,0,0,0,,,0.0,15.7,0,16.7,0.0,0,1,0.0,0,1,0,64.7,69.5,0,14,0.0,0,29,1,89.7,26,39.6,6,23.1,0,14,-1,-1.0,14.0,0.54,6.1,0,88.9,100.0,1,1,0.0,0,2,0,76.5,82.4,0,23,0.0,0,39,8,94.9,37,98.6,9,24.3,0,69,23,2.9,8.6,1.86,15.1,1,47.4,0.0,0,2,10.0,1,9,0,56.7,92.0,0,24,0.0,0,19,9,100.0,19,77.3,19,31.7,0,163,28,3.1,18.1,8.58,0,,0,,,0,0,,0,0,0,,,0,0,0.0,0,12,0,91.7,11,0.0,0,0.0,0,0,0,,,0.0,33.1,0,42.9,20.0,1,5,25.0,1,3,0,41.6,84.4,0,52,0.0,0,22,3,77.3,17,89.9,7,41.2,0,121,36,12.0,40.3,7.12,15.2,0,40.0,,0,0,0.0,0,2,0,68.3,81.8,0,21,0.0,0,20,2,95.0,19,67.9,5,26.3,0,39,2,1.0,19.5,2.05,4.5,0,50.0,,0,0,0.0,0,0,0,68.3,60.5,0,3,0.0,0,29,1,96.6,28,56.3,2,7.1,0,3,0,0.0,3.0,0.11,5.4,5,83.3,100.0,2,2,10.7,3,11,1,54.9,91.2,0,30,0.0,0,32,25,93.8,30,113.1,30,50.0,1,254,126,5.0,10.2,8.47
Terry McLaurin,48229,WR,WAS,10,59,-2.0,0,0.0,,0,0,,0,0,0,,59.0,1,0,0.0,0,1,0,100.0,1,0.0,1,1.7,0,0,0,,,0.0,-2.0,0,0.0,,0,0,,0,0,0,,59.0,1,0,0.0,0,20,0,90.0,18,0.0,1,5.6,0,0,0,,,0.0,27.5,1,25.0,0.0,0,1,0.0,0,1,0,68.3,94.3,0,51,0.0,0,12,1,83.3,10,118.8,4,40.0,1,51,20,20.0,51.0,5.1,13.7,0,63.6,0.0,0,1,12.5,1,6,0,52.5,92.4,0,25,0.0,0,42,7,90.5,38,97.5,11,28.9,0,112,10,1.4,16.0,2.95,5.8,1,91.7,80.0,4,5,0.0,0,9,0,78.7,94.3,0,13,0.0,0,46,11,93.5,43,122.6,12,27.9,1,81,18,1.6,7.4,1.88,0,28.8,1,33.3,50.0,2,4,0.0,0,4,0,73.4,96.0,0,56,0.0,0,15,4,80.0,12,109.7,12,20.3,1,172,47,11.8,43.0,14.33,32,,0,,,0,0,,0,0,0,,,0,0,0.0,0,12,0,100.0,12,0.0,0,0.0,0,0,0,,,0.0,30.3,0,42.9,66.7,2,3,0.0,0,3,0,70.5,93.8,0,56,0.0,0,8,3,87.5,7,89.9,7,100.0,0,121,27,9.0,40.3,17.29,13.8,0,55.6,66.7,2,3,0.0,0,5,0,73.4,92.3,0,28,0.0,0,11,5,90.9,10,86.3,9,90.0,0,82,11,2.2,16.4,8.2,6.0,0,66.7,0.0,0,1,0.0,0,3,0,72.1,89.6,0,11,0.0,0,10,4,100.0,10,78.5,6,60.0,0,30,5,1.3,7.5,3.0,13.9,1,70.4,50.0,2,4,5.0,1,17,0,69.9,96.7,0,28,0.0,0,30,19,90.0,27,119.2,27,45.8,1,299,29,1.5,15.7,11.07,0,,0,,,0,0,,0,0,0,,,0,0,0.0,0,5,0,100.0,5,0.0,0,0.0,0,0,0,,,0.0,24.0,0,0.0,,0,0,,0,0,0,,59.0,0,0,0.0,0,14,0,85.7,12,39.6,1,8.3,0,0,0,,,0.0,14.4,1,100.0,,0,0,0.0,0,6,0,75.6,95.6,0,19,0.0,0,15,7,93.3,14,158.3,7,50.0,1,105,8,1.1,15.0,7.5,9.0,0,0.0,0.0,0,1,,0,0,0,,59.8,0,0,0.0,0,15,0,100.0,15,39.6,1,6.7,0,0,0,,,0.0,6.0,1,78.9,57.1,4,7,0.0,0,12,0,81.1,94.6,0,13,0.0,0,19,15,100.0,19,108.6,19,32.2,1,111,23,1.5,7.4,5.84
Mike Evans,8642,WR,TB,8,59,,0,,,0,0,,0,0,0,,,0,0,,0,0,0,,0,0.0,0,0.0,0,0,0,,,,,0,,,0,0,,0,0,0,,,0,0,0.0,0,25,0,84.0,21,0.0,0,0.0,0,0,0,,,0.0,32.5,0,0.0,0.0,0,2,,0,0,0,,56.6,0,0,0.0,0,6,0,83.3,5,39.6,2,40.0,0,0,0,,,0.0,12.5,0,50.0,33.3,1,3,20.0,1,4,0,41.6,84.1,1,14,0.0,0,18,4,88.9,16,29.7,8,50.0,0,49,5,1.3,12.3,3.06,6.1,0,77.8,60.0,3,5,0.0,0,4,0,75.6,87.8,0,8,0.0,0,46,7,95.7,44,125.5,9,20.5,1,47,5,0.7,6.7,1.07,0,27.9,0,20.0,25.0,1,4,0.0,0,3,0,72.1,83.7,0,45,0.0,0,20,3,75.0,15,54.9,15,25.4,0,100,5,1.7,33.3,6.67,30,,0,,,0,0,,0,0,0,,,0,0,0.0,0,6,0,83.3,5,0.0,0,0.0,0,0,0,,,0.0,28.5,0,33.3,100.0,1,1,0.0,0,2,0,70.5,84.9,0,45,0.0,0,11,2,72.7,8,81.9,6,75.0,0,78,3,1.5,39.0,9.75,14.0,1,71.4,100.0,3,3,16.7,1,5,0,49.2,87.7,1,21,0.0,0,18,5,83.3,15,100.9,7,46.7,1,66,6,1.2,13.2,4.4,5.6,0,40.0,0.0,0,2,33.3,1,0,0,30.0,58.4,0,9,0.0,0,18,2,94.4,17,47.9,5,29.4,0,15,4,2.0,7.5,0.88,12.8,1,62.5,66.7,6,9,16.7,3,15,0,40.1,93.2,2,21,0.0,0,27,15,88.9,24,66.8,24,40.7,1,193,17,1.1,12.9,8.04,0,,0,,,0,0,,0,0,0,,,0,0,0.0,0,4,0,100.0,4,0.0,0,0.0,0,0,0,,,0.0,26.1,0,14.3,0.0,0,1,0.0,0,1,0,64.7,75.3,0,22,0.0,0,16,1,87.5,14,40.2,7,50.0,0,22,2,2.0,22.0,1.57,12.0,0,66.7,66.7,2,3,14.3,1,6,0,49.7,92.6,0,20,0.0,0,11,6,100.0,11,93.8,9,81.8,0,78,6,1.0,13.0,7.09,6.7,0,50.0,40.0,2,5,0.0,0,1,0,70.5,68.9,0,6,0.0,0,21,3,100.0,21,95.8,6,28.6,1,13,2,0.7,4.3,0.62,6.2,0,60.0,41.7,5,12,7.7,1,5,0,62.1,80.5,0,9,0.0,0,22,12,90.9,20,101.0,20,33.9,2,75,11,0.9,6.3,3.75
Calvin Austin III,61418,WR,PIT,15,58,-2.0,2,85.7,,0,0,14.3,1,2,0,49.2,61.1,0,18,0.0,0,7,6,100.0,7,88.1,7,12.1,0,36,49,8.2,6.0,5.14,-1.0,0,100.0,,0,0,0.0,0,0,0,64.7,61.0,0,0,0.0,0,33,1,93.9,31,79.2,1,3.2,0,0,1,1.0,0.0,0.0,22.7,0,33.3,,0,0,0.0,0,1,0,64.7,73.6,1,22,0.0,0,10,1,90.0,9,20.8,3,33.3,0,22,0,0.0,22.0,2.44,15.5,0,25.0,,0,0,0.0,0,1,0,64.7,63.3,1,13,0.0,0,24,1,91.7,22,1.0,4,18.2,0,13,0,0.0,13.0,0.59,6.1,1,76.5,75.0,3,4,13.3,2,3,0,47.7,66.1,1,16,0.0,0,81,13,97.5,79,70.0,17,21.5,0,117,38,2.9,9.0,1.48,0,27.6,0,42.9,25.0,1,4,0.0,0,6,0,74.6,94.0,1,31,0.0,0,17,6,82.4,14,87.8,14,24.1,3,135,9,1.5,22.5,9.64,25,-1.3,1,66.7,,0,0,33.3,1,1,0,29.9,59.8,0,18,0.0,0,7,2,100.0,7,84.0,3,42.9,0,19,22,11.0,9.5,2.71,29.0,0,50.0,0.0,0,2,0.0,0,3,0,70.5,93.9,0,31,0.0,0,12,3,91.7,11,134.7,6,54.5,2,74,8,2.7,24.7,6.73,,0,,,0,0,,0,0,0,,,0,0,0.0,0,9,0,88.9,8,0.0,0,0.0,0,0,0,,,0.0,4.6,0,62.5,100.0,1,1,0.0,0,2,0,73.4,76.4,0,8,0.0,0,40,5,97.5,39,67.7,8,20.5,0,26,7,1.4,5.2,0.67,15.0,0,28.6,0.0,0,1,0.0,0,2,0,68.3,71.8,1,30,0.0,0,8,2,87.5,7,13.1,7,12.1,0,43,17,8.5,21.5,6.14,0,-3.0,1,100.0,,0,0,0.0,0,1,0,70.5,61.2,0,7,0.0,0,18,3,94.4,17,90.3,3,17.6,0,17,26,8.7,5.7,1.0,29.0,0,40.0,50.0,1,2,0.0,0,2,0,68.3,84.1,0,21,0.0,0,17,2,70.6,12,107.5,5,41.7,1,39,1,0.5,19.5,3.25,14.3,0,33.3,0.0,0,1,0.0,0,1,0,64.7,73.3,0,30,0.0,0,15,1,80.0,12,71.5,3,25.0,0,30,17,17.0,30.0,2.5,4.8,0,40.0,0.0,0,1,0.0,0,1,0,68.3,54.4,0,19,0.0,0,23,2,100.0,23,54.6,5,21.7,0,23,12,6.0,11.5,1.0,5.5,1,66.7,66.7,4,6,9.1,2,6,0,58.1,69.3,1,19,0.0,0,30,20,100.0,30,66.8,30,51.7,0,166,57,2.9,8.3,5.53
Jonnu Smith,11855,TE,PIT,18,57,-2.6,7,100.0,,0,0,0.0,0,2,1,83.6,70.8,0,10,0.0,0,20,20,100.0,20,98.3,20,35.1,1,72,123,6.2,3.6,3.6,-3.0,4,100.0,,0,0,0.0,0,1,1,77.3,56.5,0,9,15.9,7,44,9,81.8,36,116.2,9,25.0,1,27,54,6.0,3.0,0.75,23.3,0,0.0,0.0,0,1,,0,0,0,,55.2,0,0,0.0,0,8,0,100.0,8,39.6,3,37.5,0,0,0,,,0.0,13.7,0,66.7,0.0,0,1,0.0,0,2,0,68.3,84.4,0,21,0.0,0,21,2,85.7,18,140.3,3,16.7,1,31,7,3.5,15.5,1.72,3.9,0,66.7,50.0,2,4,0.0,0,3,0,78.0,85.3,0,10,3.0,2,67,10,97.0,65,76.8,15,23.1,0,69,32,3.2,6.9,1.06,0,24.3,0,0.0,0.0,0,1,,0,0,0,,55.1,0,0,0.0,0,4,0,100.0,4,39.6,4,7.0,0,0,0,,,0.0,25,-2.5,0,100.0,,0,0,0.0,0,0,0,74.6,73.6,0,8,5.9,1,17,6,94.1,16,79.2,6,37.5,0,14,29,4.8,2.3,0.88,27.0,0,0.0,,0,0,,0,0,0,,59.9,0,0,7.1,1,14,0,92.9,13,39.6,1,7.7,0,0,0,,,0.0,13.3,0,0.0,,0,0,100.0,1,0,0,27.9,29.5,0,0,6.7,1,15,0,80.0,12,39.6,3,25.0,0,0,0,,,0.0,2.8,0,100.0,100.0,1,1,0.0,0,1,0,72.1,77.5,0,6,5.0,2,40,4,85.0,34,86.5,4,11.8,0,19,8,2.0,4.8,0.56,14.0,0,25.0,0.0,0,1,50.0,2,2,0,27.3,55.4,0,21,0.0,0,10,2,80.0,8,82.8,8,14.0,1,31,7,3.5,15.5,3.88,0,-1.8,3,100.0,,0,0,0.0,0,1,0,73.4,74.5,0,10,11.8,2,17,5,82.4,14,92.5,5,35.7,0,31,40,8.0,6.2,2.21,,0,,,0,0,,0,0,0,,,0,0,0.0,0,15,0,73.3,11,0.0,0,0.0,0,0,0,,,0.0,15.5,0,0.0,,0,0,100.0,1,0,0,28.0,40.1,0,0,5.9,1,17,0,82.4,14,39.6,2,14.3,0,0,0,,,0.0,4.3,0,66.7,,0,0,0.0,0,2,0,72.1,73.8,0,12,3.4,1,29,4,89.7,26,78.5,6,23.1,0,30,15,3.8,7.5,1.15,3.8,0,72.0,60.0,3,5,0.0,0,6,0,82.7,87.9,0,12,0.0,0,26,18,96.2,25,81.8,25,43.9,0,118,55,3.1,6.6,4.72
Andrei Iosivas,109811,WR,CIN,17,56,-1.5,0,50.0,,0,0,50.0,1,1,0,28.8,43.2,0,2,0.0,0,2,1,100.0,2,56.3,2,3.6,0,2,3,3.0,2.0,1.0,-2.0,0,0.0,,0,0,100.0,1,0,0,27.9,41.3,0,0,0.0,0,35,0,100.0,35,39.6,1,2.9,0,0,0,,,0.0,29.3,0,66.7,0.0,0,1,0.0,0,2,0,68.3,92.7,0,37,0.0,0,11,2,100.0,11,149.3,3,27.3,1,66,8,4.0,33.0,6.0,14.4,1,70.0,50.0,1,2,0.0,0,7,0,75.6,95.2,1,25,0.0,0,47,7,97.9,46,103.7,10,21.7,1,119,28,4.0,17.0,2.59,5.2,1,60.9,20.0,1,5,22.2,4,5,0,29.2,58.9,0,15,0.0,0,153,14,97.4,149,70.0,23,15.4,0,95,29,2.1,6.8,0.64,0,28.3,0,66.7,33.3,1,3,0.0,0,4,0,72.1,95.7,0,37,0.0,0,8,4,75.0,6,149.3,6,10.7,1,124,12,3.0,31.0,20.67,7,-1.0,0,100.0,,0,0,0.0,0,1,0,64.7,60.5,0,2,10.0,2,20,1,85.0,17,79.2,1,5.9,0,2,3,3.0,2.0,0.12,,0,,,0,0,,0,0,0,,60.0,0,0,0.0,0,19,0,89.5,17,0.0,0,0.0,0,0,0,,,0.0,15.0,0,100.0,,0,0,0.0,0,1,0,64.7,79.1,0,17,0.0,0,30,1,100.0,30,118.8,1,3.3,0,17,2,2.0,17.0,0.57,4.4,0,40.0,0.0,0,2,0.0,0,2,0,70.5,90.3,0,12,0.0,0,51,2,90.2,46,53.8,5,10.9,0,22,9,4.5,11.0,0.48,14.1,1,62.5,25.0,1,4,0.0,0,10,0,78.0,95.5,1,25,0.0,0,16,10,100.0,16,90.4,16,28.6,1,159,30,3.0,15.9,9.94,0,,0,,,0,0,,0,0,0,,,0,0,0.0,0,15,0,100.0,15,0.0,0,0.0,0,0,0,,,0.0,27.3,0,66.7,50.0,1,2,0.0,0,2,0,68.3,93.6,0,30,0.0,0,30,2,93.3,28,109.7,3,10.7,0,58,4,2.0,29.0,2.07,13.4,0,40.0,0.0,0,2,0.0,0,2,0,68.3,81.3,0,12,2.6,1,39,2,82.1,32,54.6,5,15.6,0,23,0,0.0,11.5,0.72,4.8,0,50.0,0.0,0,1,0.0,0,2,0,68.3,85.2,0,19,0.0,0,47,2,95.7,45,78.1,4,8.9,0,33,20,10.0,16.5,0.73,5.0,1,56.3,12.5,1,8,18.2,4,9,0,33.8,74.8,0,19,0.0,0,33,18,97.0,32,68.5,32,57.1,0,150,58,3.2,8.3,4.69
Dawson Knox,35883,TE,BUF,19,56,-2.3,0,83.3,,0,0,0.0,0,3,0,73.4,90.3,0,12,0.0,0,6,5,100.0,6,86.1,6,10.7,0,28,39,7.8,5.6,4.67,-2.6,0,80.0,,0,0,0.0,0,2,0,72.1,81.7,0,12,0.0,0,41,4,95.1,39,80.0,5,12.8,0,16,26,6.5,4.0,0.41,22.3,0,66.7,100.0,2,2,0.0,0,2,0,68.3,96.5,0,24,0.0,0,11,2,100.0,11,149.3,3,27.3,1,38,0,0.0,19.0,3.45,14.7,0,100.0,,0,0,0.0,0,6,0,75.6,99.0,0,32,7.4,2,27,6,88.9,24,158.3,6,25.0,1,121,33,5.5,20.2,5.04,3.6,2,89.5,66.7,2,3,0.0,0,9,0,82.2,95.9,1,31,6.6,5,76,17,93.4,71,79.8,19,26.8,0,160,102,6.0,9.4,2.25,0,22.2,0,60.0,66.7,2,3,0.0,0,3,0,70.5,98.2,0,30,0.0,0,5,3,100.0,5,143.8,5,8.9,1,68,8,2.7,22.7,13.6,4,-1.0,0,100.0,,0,0,0.0,0,1,0,64.7,90.4,0,12,0.0,0,7,1,100.0,7,116.7,1,14.3,0,12,13,13.0,12.0,1.71,22.0,0,0.0,0.0,0,1,,0,0,0,,59.9,0,0,5.9,1,17,0,88.2,15,39.6,1,6.7,0,0,0,,,0.0,,0,,,0,0,,0,0,0,,,0,0,11.8,2,17,0,76.5,13,0.0,0,0.0,0,0,0,,,0.0,4.0,0,66.7,,0,0,0.0,0,0,0,68.3,60.8,1,5,0.0,0,20,2,95.0,19,30.6,3,15.8,0,7,2,1.0,3.5,0.37,14.8,0,69.2,50.0,1,2,25.0,3,8,0,29.5,95.1,0,32,0.0,0,14,9,92.9,13,151.4,13,23.2,2,169,36,4.0,18.8,13.0,0,,0,,,0,0,,0,0,0,,,0,0,0.0,0,14,0,85.7,12,0.0,0,0.0,0,0,0,,,0.0,22.0,0,100.0,,0,0,0.0,0,1,0,64.7,94.7,0,30,17.6,3,17,1,70.6,12,118.8,1,8.3,0,30,8,8.0,30.0,2.5,15.0,0,42.9,50.0,1,2,50.0,3,2,0,26.5,53.2,0,17,4.3,1,23,3,91.3,21,106.0,7,33.3,1,48,3,1.0,16.0,2.29,4.9,0,60.0,0.0,0,3,14.3,1,3,0,49.2,73.7,0,13,0.0,0,42,6,90.5,38,105.0,10,26.3,1,47,21,3.5,7.8,1.24,4.1,2,78.1,33.3,2,6,3.8,1,12,0,74.2,94.1,2,31,0.0,0,32,25,100.0,32,78.9,32,57.1,1,214,125,5.0,8.6,6.69
Pat Freiermuth,84085,TE,PIT,18,56,-2.1,3,100.0,,0,0,0.0,0,3,0,78.0,91.1,0,18,0.0,0,10,10,100.0,10,93.3,10,17.9,0,64,85,8.5,6.4,6.4,-2.2,3,100.0,,0,0,0.0,0,3,0,77.3,91.4,0,18,11.6,5,43,9,86.0,37,96.3,9,24.3,0,64,84,9.3,7.1,1.73,25.6,0,80.0,,0,0,0.0,0,4,0,72.1,98.4,0,68,0.0,0,12,4,91.7,11,158.3,5,45.5,2,141,49,12.3,35.3,12.82,13.0,0,71.4,100.0,1,1,0.0,0,5,0,73.4,95.7,1,29,0.0,0,23,5,82.6,19,106.8,7,36.8,2,76,22,4.4,15.2,4.0,5.4,1,80.0,60.0,3,5,7.7,1,6,0,62.1,91.2,0,22,2.4,2,82,12,96.3,79,100.8,15,19.0,0,123,56,4.7,10.3,1.56,0,25.3,0,66.7,,0,0,0.0,0,4,0,41.6,95.4,0,68,0.0,0,7,4,85.7,6,149.3,6,10.7,2,141,49,12.3,35.3,23.5,25,-1.0,0,100.0,,0,0,0.0,0,0,0,64.7,61.8,0,0,0.0,0,10,1,100.0,10,79.2,1,10.0,0,0,1,1.0,0.0,0.0,,0,,,0,0,,0,0,0,,,0,0,0.0,0,17,0,94.1,16,0.0,0,0.0,0,0,0,,,0.0,13.0,0,0.0,0.0,0,1,,0,0,0,,56.1,1,0,5.9,1,17,0,82.4,14,0.0,2,14.3,0,0,0,,,0.0,2.9,1,72.7,,0,0,0.0,0,3,0,77.3,89.9,0,19,2.2,1,45,8,91.1,41,88.1,11,26.8,0,67,42,5.3,8.4,1.63,13.3,0,54.5,33.3,1,3,0.0,0,6,0,74.6,95.7,2,29,0.0,0,13,6,84.6,11,83.9,11,19.6,2,96,25,4.2,16.0,8.73,0,,0,,,0,0,,0,0,0,,,0,0,0.0,0,14,0,92.9,13,0.0,0,0.0,0,0,0,,,0.0,24.0,0,0.0,,0,0,,0,0,0,27.9,39.2,0,0,4.5,1,22,0,77.3,17,39.6,1,5.9,0,0,0,,,0.0,14.5,0,50.0,0.0,0,1,0.0,0,1,0,64.7,90.1,0,20,0.0,0,15,1,86.7,13,85.4,2,15.4,0,20,3,3.0,20.0,1.54,6.0,0,66.7,100.0,1,1,0.0,0,0,0,68.3,60.0,0,8,3.3,1,30,2,93.3,28,75.7,3,10.7,0,13,3,1.5,6.5,0.46,4.5,2,75.9,66.7,4,6,4.3,1,9,0,73.0,91.7,0,22,0.0,0,30,22,96.7,29,94.5,29,51.8,0,203,101,4.6,9.2,7.0
Sterling Shepard,10674,WR,TB,13,54,-2.3,2,100.0,,0,0,0.0,0,1,0,74.6,86.4,0,24,0.0,0,6,6,100.0,6,100.7,6,11.1,0,49,63,10.5,8.2,8.17,-2.4,1,100.0,,0,0,0.0,0,0,0,73.4,72.0,0,8,0.0,0,39,5,92.3,36,87.5,5,13.9,0,25,37,7.4,5.0,0.69,41.5,0,0.0,,0,0,,0,0,0,,58.6,0,0,0.0,0,10,0,100.0,10,39.6,2,20.0,0,0,0,,,0.0,14.6,1,80.0,,0,0,0.0,0,4,0,72.1,94.4,0,36,0.0,0,32,4,96.9,31,118.8,5,16.1,0,85,26,6.5,21.3,2.74,3.5,1,82.4,0.0,0,3,6.7,1,6,1,65.6,78.7,0,20,2.6,2,77,14,87.0,67,88.2,17,25.4,0,88,43,3.1,6.3,1.31,0,30.2,0,16.7,100.0,1,1,0.0,0,1,0,64.7,80.7,0,24,0.0,0,6,1,100.0,6,43.8,6,11.1,0,24,1,1.0,24.0,4.0,30,-2.0,1,100.0,,0,0,0.0,0,1,0,64.7,90.7,0,24,7.1,1,14,1,85.7,12,118.8,1,8.3,0,24,26,26.0,24.0,2.0,24.7,0,33.3,100.0,1,1,0.0,0,1,0,64.7,87.8,0,24,0.0,0,12,1,91.7,11,63.2,3,27.3,0,24,1,1.0,24.0,2.18,16.2,1,60.0,100.0,1,1,0.0,0,3,0,70.5,93.2,0,20,0.0,0,20,3,95.0,19,130.8,5,26.3,1,47,5,1.7,15.7,2.47,4.5,0,75.0,50.0,2,4,0.0,0,1,0,74.6,69.3,0,6,0.0,0,32,6,93.8,30,78.6,8,26.7,0,27,4,0.7,4.5,0.9,15.1,2,66.7,66.7,2,3,0.0,0,9,0,78.0,95.4,0,36,0.0,0,17,10,88.2,15,127.9,15,27.8,1,173,32,3.2,17.3,11.53,0,,0,,,0,0,,0,0,0,,,0,0,0.0,0,6,0,100.0,6,0.0,0,0.0,0,0,0,,,0.0,24.0,0,0.0,,0,0,,0,0,0,,59.8,0,0,0.0,0,22,0,86.4,19,39.6,1,5.3,0,0,0,,,0.0,14.4,0,60.0,50.0,1,2,0.0,0,2,0,70.5,79.5,0,15,0.0,0,17,3,88.2,15,86.3,5,33.3,0,41,1,0.3,13.7,2.73,2.0,0,100.0,,0,0,0.0,0,0,0,68.3,61.9,0,7,0.0,0,29,2,100.0,29,87.5,2,6.9,0,10,6,3.0,5.0,0.34,3.7,1,81.5,28.6,2,7,4.3,1,7,1,72.8,78.1,0,20,0.0,0,30,22,90.0,27,86.0,27,50.0,0,125,53,2.4,5.7,4.63
Jalen Coker,143068,WR,CAR,12,54,-2.2,0,83.3,,0,0,0.0,0,1,1,73.4,70.9,1,8,0.0,0,6,5,100.0,6,39.6,6,11.1,0,3,14,2.8,0.6,0.5,-1.7,0,100.0,,0,0,0.0,0,0,1,70.5,62.5,0,3,3.8,1,26,3,96.2,25,79.2,3,12.0,0,-10,-5,-1.7,-3.3,-0.4,21.0,0,100.0,,0,0,0.0,0,1,0,64.7,90.2,0,52,0.0,0,7,1,85.7,6,118.8,1,16.7,0,52,31,31.0,52.0,8.67,13.4,0,50.0,50.0,1,2,0.0,0,3,0,72.1,84.8,1,16,0.0,0,30,4,86.7,26,32.3,8,30.8,0,54,4,1.0,13.5,2.08,6.1,1,81.8,100.0,4,4,0.0,0,6,0,77.3,93.4,0,18,3.0,2,67,9,94.0,63,98.5,11,17.5,0,84,28,3.1,9.3,1.33,0,24.9,0,85.7,50.0,1,2,14.3,1,6,0,49.7,96.6,0,52,0.0,0,10,6,70.0,7,158.3,7,13.0,2,209,65,10.8,34.8,29.86,5,-2.5,0,50.0,,0,0,0.0,0,0,0,64.7,59.4,1,5,0.0,0,11,1,100.0,11,16.7,2,18.2,0,5,8,8.0,5.0,0.45,21.5,0,100.0,,0,0,0.0,0,2,0,68.3,93.3,0,37,0.0,0,10,2,90.0,9,118.8,2,22.2,0,58,15,7.5,29.0,6.44,15.3,0,71.4,100.0,2,2,0.0,0,5,0,73.4,97.2,0,22,0.0,0,25,5,100.0,25,141.1,7,28.0,2,67,7,1.4,13.4,2.68,3.0,0,50.0,,0,0,0.0,0,1,0,64.7,76.5,0,9,0.0,0,16,1,100.0,16,62.5,2,12.5,0,9,5,5.0,9.0,0.56,14.8,1,61.1,80.0,4,5,0.0,0,10,0,79.4,97.1,1,24,0.0,0,19,11,94.7,18,104.6,18,33.3,2,163,19,1.7,14.8,9.06,0,-3.0,0,100.0,,0,0,0.0,0,1,0,64.7,78.6,0,8,0.0,0,10,1,100.0,10,100.0,1,10.0,0,8,11,11.0,8.0,0.8,27.5,0,75.0,50.0,1,2,25.0,1,3,0,36.8,92.9,0,34,0.0,0,11,3,81.8,9,156.3,4,44.4,2,99,19,6.3,33.0,11.0,17.3,1,66.7,100.0,1,1,0.0,0,2,0,70.5,93.4,0,24,0.0,0,23,2,91.3,21,109.7,3,14.3,0,42,8,4.0,21.0,2.0,4.2,0,100.0,,0,0,0.0,0,3,0,78.0,80.4,0,15,0.0,0,32,10,93.8,30,91.7,10,33.3,0,60,18,1.8,6.0,2.0,5.0,1,87.0,100.0,4,4,0.0,0,10,0,83.6,92.7,0,18,0.0,0,24,20,95.8,23,94.4,23,42.6,0,153,51,2.6,7.7,6.65
Garrett Wilson,97405,WR,NYJ,7,54,-4.0,0,100.0,,0,0,0.0,0,0,0,70.5,61.8,0,5,0.0,0,3,2,66.7,2,85.4,2,3.7,0,9,17,8.5,4.5,4.5,-4.0,0,100.0,,0,0,0.0,0,0,0,64.7,60.5,0,4,0.0,0,8,1,87.5,7,83.3,1,14.3,0,4,8,8.0,4.0,0.57,20.7,0,33.3,,0,0,0.0,0,1,0,64.7,74.1,1,25,0.0,0,3,1,100.0,3,25.0,3,100.0,0,25,4,4.0,25.0,8.33,14.3,2,66.7,0.0,0,1,0.0,0,4,0,72.1,92.0,0,18,0.0,0,10,4,100.0,10,101.4,6,60.0,0,63,10,2.5,15.8,6.3,4.5,3,75.0,75.0,3,4,18.2,2,4,0,38.4,78.8,0,21,0.0,0,57,9,96.5,55,118.1,12,21.8,1,74,29,3.2,8.2,1.35,0,26.0,0,42.9,50.0,1,2,0.0,0,3,0,72.1,90.1,1,33,0.0,0,8,3,87.5,7,86.0,7,13.0,2,81,7,2.3,27.0,11.57,22,,0,,,0,0,,0,0,0,,,0,0,0.0,0,1,0,0.0,0,0.0,0,,0,0,0,,,,32.0,0,0.0,0.0,0,1,,0,0,0,,59.9,0,0,0.0,0,5,0,100.0,5,39.6,1,20.0,0,0,0,,,0.0,11.5,0,50.0,,0,0,33.3,1,2,0,29.9,64.4,1,14,0.0,0,10,2,80.0,8,31.3,4,50.0,0,26,5,2.5,13.0,3.25,6.6,0,50.0,0.0,0,3,0.0,0,1,0,72.1,70.6,0,9,0.0,0,25,4,92.0,23,57.8,8,34.8,0,27,1,0.3,6.8,1.17,13.6,2,57.1,50.0,1,2,11.1,1,7,0,54.5,91.1,1,18,0.0,0,16,8,87.5,14,55.7,14,25.9,0,120,16,2.0,15.0,8.57,0,-4.0,0,100.0,,0,0,0.0,0,0,0,68.3,61.7,0,5,0.0,0,5,1,80.0,4,87.5,1,25.0,0,5,9,9.0,5.0,1.25,29.3,0,66.7,100.0,1,1,0.0,0,2,0,70.5,90.1,0,33,0.0,0,6,2,83.3,5,149.3,3,60.0,2,56,3,1.5,28.0,11.2,14.8,0,50.0,100.0,1,1,0.0,0,1,0,68.3,81.2,0,17,0.0,0,9,2,77.8,7,76.0,4,57.1,0,31,1,0.5,15.5,4.43,5.3,4,90.9,0.0,0,1,0.0,0,3,1,78.7,91.8,0,17,0.0,0,27,10,96.3,26,128.8,11,42.3,1,84,28,2.8,8.4,3.23,5.3,7,74.2,37.5,3,8,8.0,2,8,1,62.3,90.8,0,21,0.0,0,33,23,93.9,31,110.3,31,57.4,2,185,58,2.5,8.0,5.97
Jonathan Taylor,57488,HB,IND,17,54,-3.6,4,88.9,33.3,1,3,4.0,1,10,1,74.2,91.5,0,33,0.0,0,28,24,96.4,27,121.6,27,50.0,2,196,285,11.9,8.2,7.26,-3.7,3,81.3,33.3,1,3,7.1,1,4,1,64.4,71.9,0,19,0.0,0,30,13,96.7,29,109.1,16,55.2,1,83,135,10.4,6.4,2.86,,0,,,0,0,,0,0,0,,,0,0,0.0,0,13,0,92.3,12,0.0,0,0.0,0,0,0,,,0.0,,0,,,0,0,,0,0,0,,,0,0,25.4,15,59,0,71.2,42,0.0,0,0.0,0,0,0,,,0.0,1.1,2,76.9,,0,0,23.1,3,2,0,29.8,34.0,0,24,16.4,18,110,10,80.0,88,92.1,13,14.8,0,81,70,7.0,8.1,0.92,0,23.0,0,0.0,0.0,0,1,,0,0,0,,59.7,0,0,0.0,0,1,0,100.0,1,39.6,1,1.9,0,0,0,,,0.0,14,-4.4,0,100.0,,0,0,0.0,0,3,0,73.4,89.3,0,33,0.0,0,10,5,90.0,9,118.8,5,55.6,0,73,95,19.0,14.6,8.11,,0,,,0,0,,0,0,0,,,0,0,7.7,2,26,0,73.1,19,0.0,0,0.0,0,0,0,,,0.0,,0,,,0,0,,0,0,0,,,0,0,15.2,5,33,0,81.8,27,0.0,0,0.0,0,0,0,,,0.0,1.1,3,100.0,,0,0,0.0,0,1,0,75.6,77.6,0,11,18.6,11,59,7,79.7,47,83.3,7,14.9,0,28,20,2.9,4.0,0.6,,0,,,0,0,,0,0,0,,,0,0,,0,0,0,,0,0.0,0,0.0,0,0,0,,,,0,-2.5,1,100.0,,0,0,0.0,0,3,0,74.6,92.9,0,16,0.0,0,10,6,90.0,9,134.0,6,66.7,1,40,55,9.2,6.7,4.44,23.0,0,0.0,0.0,0,1,,0,0,0,,59.7,0,0,26.3,5,19,0,63.2,12,39.6,1,8.3,0,0,0,,,0.0,,0,,,0,0,,0,0,0,,,0,0,12.9,4,31,0,77.4,24,0.0,0,0.0,0,0,0,,,0.0,2.0,0,83.3,,0,0,0.0,0,2,0,73.4,91.0,0,43,20.0,9,45,5,75.6,34,117.4,6,17.6,0,73,61,12.2,14.6,2.15,1.3,5,84.6,,0,0,12.0,3,5,0,50.4,71.9,0,43,0.0,0,28,22,92.9,26,95.8,26,48.1,0,182,151,6.9,8.3,7.0
Gunnar Helm,144726,TE,TEN,16,54,-3.5,2,100.0,,0,0,0.0,0,1,0,76.5,75.1,0,15,0.0,0,8,8,100.0,8,87.0,8,14.8,0,39,67,8.4,4.9,4.88,-2.7,1,100.0,,0,0,0.0,0,0,0,70.5,63.6,0,15,15.8,3,19,3,84.2,16,101.4,3,18.8,0,25,33,11.0,8.3,1.56,,0,,,0,0,,0,0,0,,,0,0,0.0,0,4,0,100.0,4,0.0,0,0.0,0,0,0,,,0.0,10.3,0,66.7,0.0,0,1,33.3,1,1,0,30.0,60.4,0,15,11.1,2,18,2,88.9,16,95.1,3,18.8,0,27,6,3.0,13.5,1.69,4.0,1,100.0,100.0,4,4,0.0,0,3,0,80.6,87.2,0,10,4.3,2,46,14,91.3,42,92.0,14,33.3,0,85,29,2.1,6.1,2.02,0,24.5,0,50.0,0.0,0,1,0.0,0,1,0,64.7,91.7,0,34,0.0,0,2,1,100.0,2,135.4,2,3.7,1,34,5,5.0,34.0,17.0,31,-4.0,0,100.0,,0,0,0.0,0,0,0,64.7,62.6,0,1,14.3,2,14,1,71.4,10,79.2,1,10.0,0,1,5,5.0,1.0,0.1,20.0,0,0.0,0.0,0,1,,0,0,0,,59.6,0,0,30.8,4,13,0,69.2,9,39.6,1,11.1,0,0,0,,,0.0,15.0,0,50.0,50.0,1,2,50.0,1,1,0,28.8,52.5,0,16,12.5,2,16,1,87.5,14,77.1,2,14.3,0,16,0,0.0,16.0,1.14,2.3,1,77.8,50.0,1,2,12.5,1,3,0,52.1,90.2,0,11,12.0,3,25,7,88.0,22,92.6,9,40.9,0,56,38,5.4,8.0,2.55,14.3,0,53.8,50.0,3,6,22.2,2,6,0,32.2,93.8,0,22,0.0,0,13,7,100.0,13,82.9,13,24.1,0,112,12,1.7,16.0,8.62,0,-4.0,1,100.0,,0,0,0.0,0,1,0,72.1,78.5,0,9,7.7,1,13,4,92.3,12,80.2,4,33.3,0,13,29,7.3,3.3,1.08,29.0,0,100.0,,0,0,0.0,0,1,0,64.7,90.9,0,34,25.0,2,8,1,75.0,6,158.3,1,16.7,1,34,5,5.0,34.0,5.67,15.6,0,50.0,66.7,2,3,0.0,0,4,0,72.1,98.2,0,22,18.2,4,22,4,77.3,17,79.7,8,47.1,0,69,6,1.5,17.3,4.06,2.9,0,87.5,100.0,1,1,0.0,0,3,0,75.6,78.0,0,11,19.4,7,36,7,75.0,27,122.4,8,29.6,1,31,13,1.9,4.4,1.15,3.2,2,90.3,85.7,6,7,3.4,1,9,0,76.1,91.0,0,11,0.0,0,32,28,96.9,31,100.5,31,57.4,1,172,80,2.9,6.1,5.55
Ryan Flournoy,159617,WR,DAL,15,53,-2.0,4,100.0,,0,0,0.0,0,1,0,74.6,79.2,0,11,0.0,0,6,6,100.0,6,88.2,6,11.3,0,31,43,7.2,5.2,5.17,-2.3,0,100.0,,0,0,0.0,0,1,0,72.1,73.2,0,11,0.0,0,18,4,100.0,18,92.7,4,22.2,0,25,34,8.5,6.3,1.39,37.0,0,0.0,,0,0,,0,0,0,,57.1,0,0,0.0,0,6,0,83.3,5,39.6,1,20.0,0,0,0,,,0.0,13.3,0,83.3,0.0,0,1,0.0,0,4,0,74.6,95.7,1,20,0.0,0,29,5,86.2,25,77.1,6,24.0,0,72,6,1.2,14.4,2.88,4.6,1,100.0,100.0,1,1,0.0,0,13,0,82.2,94.8,0,14,0.0,0,73,17,97.3,71,118.9,17,23.9,1,133,54,3.2,7.8,1.87,0,32.7,0,33.3,100.0,1,1,0.0,0,2,0,68.3,91.1,1,46,0.0,0,7,2,85.7,6,81.9,6,11.3,1,88,28,14.0,44.0,14.67,9,-1.5,4,100.0,,0,0,0.0,0,0,0,68.3,75.8,0,6,0.0,0,10,2,100.0,10,79.2,2,20.0,0,6,9,4.5,3.0,0.6,27.5,0,0.0,,0,0,,0,0,0,,58.3,0,0,0.0,0,7,0,85.7,6,39.6,2,33.3,0,0,0,,,0.0,14.2,0,60.0,50.0,1,2,0.0,0,3,0,70.5,92.7,0,33,0.0,0,14,3,92.9,13,131.7,5,38.5,1,48,14,4.7,16.0,3.69,3.5,1,66.7,0.0,0,2,0.0,0,3,0,72.1,89.9,0,19,0.0,0,28,4,92.9,26,122.2,6,23.1,1,36,29,7.3,9.0,1.38,13.6,1,68.8,40.0,2,5,0.0,0,10,0,79.4,97.5,1,40,0.0,0,17,11,94.1,16,102.9,16,30.2,1,187,47,4.3,17.0,11.69,0,,0,,,0,0,,0,0,0,,,0,0,0.0,0,7,0,100.0,7,0.0,0,0.0,0,0,0,,,0.0,34.7,0,66.7,100.0,1,1,0.0,0,2,0,68.3,94.0,1,46,0.0,0,13,2,84.6,11,109.7,3,27.3,1,88,28,14.0,44.0,8.0,13.4,1,60.0,50.0,1,2,0.0,0,3,0,70.5,92.4,0,40,0.0,0,13,3,100.0,13,104.2,5,38.5,0,67,27,9.0,22.3,5.15,7.5,0,0.0,0.0,0,1,100.0,1,0,0,28.8,43.3,0,0,0.0,0,30,0,90.0,27,39.6,2,7.4,0,0,0,,,0.0,4.6,2,84.0,25.0,1,4,4.5,1,16,0,72.1,93.9,0,19,0.0,0,26,21,96.2,25,121.5,25,47.2,2,169,83,4.0,8.0,6.76
Jake Tonges,60864,TE,SF,15,53,-4.6,0,100.0,,0,0,0.0,0,2,0,45.8,88.8,0,21,0.0,0,6,5,83.3,5,143.8,5,9.4,1,45,68,13.6,9.0,9.0,-4.0,0,100.0,,0,0,0.0,0,2,0,41.6,89.3,0,21,0.0,0,18,4,88.9,16,151.0,4,25.0,1,43,59,14.8,10.8,2.69,36.0,0,50.0,0.0,0,1,0.0,0,1,0,64.7,85.3,0,23,16.7,1,6,1,66.7,4,91.7,2,50.0,0,23,3,3.0,23.0,5.75,13.9,0,62.5,100.0,1,1,0.0,0,5,0,73.4,95.6,1,18,9.5,4,42,5,90.5,38,52.6,8,21.1,0,73,9,1.8,14.6,1.92,4.7,1,85.7,0.0,0,2,0.0,0,12,1,83.2,94.9,0,15,7.0,6,86,18,90.7,78,112.7,21,26.9,1,152,68,3.8,8.4,1.95,0,36.0,0,50.0,0.0,0,1,0.0,0,1,0,64.7,85.3,0,23,0.0,0,2,1,100.0,2,91.7,2,3.8,0,23,3,3.0,23.0,11.5,28,-7.0,0,100.0,,0,0,0.0,0,0,0,64.7,62.9,0,2,0.0,0,6,1,100.0,6,79.2,1,16.7,0,2,9,9.0,2.0,0.33,,0,,,0,0,,0,0,0,,,0,0,18.2,2,11,0,81.8,9,0.0,0,0.0,0,0,0,,,0.0,15.7,0,0.0,0.0,0,2,,0,0,0,,56.3,0,0,11.1,2,18,0,88.9,16,39.6,3,18.8,0,0,0,,,0.0,4.0,0,100.0,,0,0,0.0,0,1,0,70.5,88.6,0,6,0.0,0,27,3,88.9,24,121.5,3,12.5,1,11,6,2.0,3.7,0.46,13.9,0,46.7,33.3,2,6,0.0,0,7,0,75.6,96.3,1,18,0.0,0,15,7,100.0,15,61.2,15,28.3,1,93,12,1.7,13.3,6.2,0,,0,,,0,0,,0,0,0,,,0,0,14.3,1,7,0,85.7,6,0.0,0,0.0,0,0,0,,,0.0,,0,,,0,0,,0,0,0,,,0,0,25.0,1,4,0,75.0,3,0.0,0,0.0,0,0,0,,,0.0,12.5,0,50.0,33.3,1,3,0.0,0,2,0,68.3,94.7,0,16,9.1,1,11,2,81.8,9,104.2,4,44.4,1,20,3,1.5,10.0,2.22,3.4,1,85.7,,0,0,14.3,1,3,0,49.7,90.8,0,13,3.2,1,31,6,87.1,27,131.3,7,25.9,1,42,21,3.5,7.0,1.56,4.4,2,87.1,0.0,0,2,3.6,1,16,1,76.3,95.3,0,15,0.0,0,34,27,91.2,31,126.5,31,58.5,3,205,95,3.5,7.6,6.61
Ricky Pearsall,100660,WR,SF,10,53,-5.3,0,66.7,,0,0,33.3,1,0,0,29.9,46.8,0,1,0.0,0,3,2,100.0,3,70.1,3,5.7,0,1,9,4.5,0.5,0.33,-4.0,0,100.0,,0,0,0.0,0,0,0,68.3,61.5,0,1,0.0,0,21,2,95.2,20,79.2,2,10.0,0,1,9,4.5,0.5,0.05,23.2,0,40.0,,0,0,0.0,0,2,0,68.3,89.7,2,38,0.0,0,10,2,90.0,9,47.9,5,55.6,0,64,21,10.5,32.0,7.11,14.5,0,84.6,100.0,4,4,0.0,0,11,0,78.7,95.8,1,20,0.0,0,36,11,97.2,35,86.7,13,37.1,0,172,11,1.0,15.6,4.91,3.5,0,100.0,100.0,1,1,0.0,0,1,0,72.1,72.9,0,6,0.0,0,73,4,95.9,70,81.3,4,5.7,0,14,0,0.0,3.5,0.2,0,24.9,0,46.7,60.0,3,5,0.0,0,7,0,75.6,98.0,3,45,0.0,0,16,7,93.8,15,53.5,15,28.3,0,228,46,6.6,32.6,15.2,28,-8.0,0,0.0,,0,0,100.0,1,0,0,27.9,40.0,0,0,0.0,0,6,0,100.0,6,39.6,1,16.7,0,0,0,,,0.0,25.5,0,50.0,50.0,2,4,0.0,0,4,0,72.1,98.0,1,45,0.0,0,18,4,100.0,18,56.3,8,44.4,0,130,21,5.3,32.5,7.22,12.5,0,75.0,,0,0,0.0,0,3,0,70.5,90.6,0,13,0.0,0,14,3,92.9,13,99.0,4,30.8,0,33,2,0.7,11.0,2.54,6.3,0,100.0,,0,0,0.0,0,0,0,70.5,72.7,0,8,0.0,0,31,3,93.5,29,100.0,3,10.3,0,24,5,1.7,8.0,0.83,13.8,0,70.8,100.0,5,5,0.0,0,17,0,82.2,96.3,1,20,0.0,0,27,17,88.9,24,86.3,24,45.3,0,245,15,0.9,14.4,10.21,0,,0,,,0,0,,0,0,0,,,0,0,0.0,0,8,0,100.0,8,0.0,0,0.0,0,0,0,,,0.0,27.0,0,50.0,100.0,1,1,0.0,0,1,0,64.7,89.4,0,34,0.0,0,4,1,100.0,4,95.8,2,50.0,0,34,4,4.0,34.0,8.5,13.0,0,42.9,100.0,1,1,0.0,0,3,0,70.5,87.7,0,14,0.0,0,16,3,87.5,14,61.6,7,50.0,0,40,2,0.7,13.3,2.86,5.3,0,75.0,,0,0,0.0,0,2,0,70.5,59.1,0,7,0.0,0,31,3,87.1,27,81.3,4,14.8,0,16,3,1.0,5.3,0.59,4.9,0,90.9,100.0,1,1,0.0,0,3,0,78.0,72.0,0,8,0.0,0,14,10,78.6,11,87.1,11,20.8,0,54,8,0.8,5.4,4.91
Kendrick Bourne,12270,WR,SF,18,53,-3.0,0,100.0,,0,0,0.0,0,0,0,64.7,60.3,0,6,0.0,0,1,1,100.0,1,91.7,1,1.9,0,6,9,9.0,6.0,6.0,-3.0,0,100.0,,0,0,0.0,0,0,0,64.7,60.3,0,6,0.0,0,20,1,90.0,18,91.7,1,5.6,0,6,9,9.0,6.0,0.33,45.0,0,0.0,,0,0,,0,0,0,,59.3,0,0,0.0,0,8,0,87.5,7,39.6,1,14.3,0,0,0,,,0.0,13.7,0,73.3,50.0,2,4,21.4,3,10,0,29.8,93.9,0,56,0.0,0,51,11,98.0,50,115.3,15,30.0,0,212,55,5.0,19.3,4.24,4.9,5,64.3,60.0,3,5,18.2,2,5,0,38.4,90.1,1,35,0.0,0,99,9,98.0,97,56.0,14,14.4,0,101,60,6.7,11.2,1.04,0,27.3,0,16.7,0.0,0,3,50.0,1,1,0,28.9,66.6,0,41,0.0,0,6,1,100.0,6,55.6,6,11.3,0,41,12,12.0,41.0,6.83,28,,0,,,0,0,,0,0,0,,,0,0,0.0,0,4,0,100.0,4,0.0,0,0.0,0,0,0,,,0.0,24.3,0,25.0,0.0,0,2,50.0,1,1,0,28.9,69.0,0,41,0.0,0,15,1,100.0,15,69.8,4,26.7,0,41,12,12.0,41.0,2.73,16.5,0,100.0,,0,0,0.0,0,4,0,72.1,93.4,0,19,0.0,0,29,4,100.0,29,118.8,4,13.8,0,68,2,0.5,17.0,2.34,3.0,0,50.0,,0,0,50.0,1,0,0,28.8,43.2,0,6,0.0,0,40,1,95.0,38,56.3,2,5.3,0,6,0,0.0,6.0,0.16,14.7,0,81.0,50.0,2,4,15.0,3,16,0,41.6,96.2,0,56,0.0,0,21,17,100.0,21,118.8,21,39.6,0,318,59,3.5,18.7,15.14,0,,0,,,0,0,,0,0,0,,,0,0,0.0,0,9,0,100.0,9,0.0,0,0.0,0,0,0,,,0.0,22.0,0,0.0,0.0,0,1,,0,0,0,,59.8,0,0,0.0,0,7,0,100.0,7,39.6,1,14.3,0,0,0,,,0.0,18.0,0,100.0,,0,0,0.0,0,2,0,68.3,90.4,0,21,0.0,0,19,2,100.0,19,118.8,2,10.5,0,38,2,1.0,19.0,2.0,6.2,0,88.9,100.0,1,1,0.0,0,5,0,76.5,89.1,1,13,0.0,0,36,8,94.4,34,63.7,9,26.5,0,79,27,3.4,9.9,2.32,5.2,5,72.0,66.7,4,6,14.3,3,10,0,43.3,90.3,2,35,0.0,0,25,18,100.0,25,59.8,25,47.2,0,186,87,4.8,10.3,7.44
Kyren Williams,97118,HB,LA,20,53,-3.2,0,60.0,,0,0,25.0,1,0,0,41.6,48.2,0,7,0.0,0,6,3,83.3,5,64.6,5,9.4,0,15,22,7.3,5.0,3.0,-2.5,0,100.0,,0,0,0.0,0,0,0,68.3,69.8,0,5,36.8,7,19,2,63.2,12,83.3,2,16.7,0,8,13,6.5,4.0,0.67,,0,,,0,0,,0,0,0,,,0,0,33.3,5,15,0,66.7,10,0.0,0,0.0,0,0,0,,,0.0,,0,,,0,0,,0,0,0,,,0,0,27.6,16,58,0,67.2,39,0.0,0,0.0,0,0,0,,,0.0,3.5,2,100.0,100.0,4,4,0.0,0,9,0,86.5,94.1,0,14,22.5,31,138,27,76.8,106,133.3,27,25.5,3,192,98,3.6,7.1,1.81,0,30.0,0,100.0,,0,0,0.0,0,1,0,64.7,90.9,0,30,0.0,0,1,1,100.0,1,118.8,1,1.9,0,30,0,0.0,30.0,30.0,26,-4.5,0,0.0,,0,0,100.0,1,0,0,28.8,30.2,0,0,25.0,3,12,0,66.7,8,39.6,2,25.0,0,0,0,,,0.0,30.0,0,100.0,,0,0,0.0,0,1,0,64.7,90.9,0,30,29.0,9,31,1,64.5,20,118.8,1,5.0,0,30,0,0.0,30.0,1.5,,0,,,0,0,,0,0,0,,,0,0,10.0,3,30,0,90.0,27,0.0,0,0.0,0,0,0,,,0.0,2.8,2,66.7,50.0,1,2,0.0,0,3,0,73.4,92.0,0,21,27.1,13,48,4,66.7,32,129.2,6,18.8,1,46,33,8.3,11.5,1.44,,0,,,0,0,,0,0,0,,,0,0,,0,0,0,,0,0.0,0,0.0,0,0,0,,,,0,-2.0,0,100.0,,0,0,0.0,0,0,0,64.7,65.5,0,7,35.7,5,14,1,64.3,9,95.8,1,11.1,0,7,9,9.0,7.0,0.78,,0,,,0,0,,0,0,0,,,0,0,36.4,12,33,0,63.6,21,0.0,0,0.0,0,0,0,,,0.0,,0,,,0,0,,0,0,0,,,0,0,18.9,7,37,0,75.7,28,0.0,0,0.0,0,0,0,,,0.0,3.2,0,64.3,0.0,0,1,10.0,1,4,0,56.7,79.3,0,14,15.8,9,57,9,80.7,46,99.7,14,30.4,1,68,40,4.4,7.6,1.48,3.3,4,85.1,71.4,5,7,2.4,1,16,0,82.6,94.6,0,21,0.0,0,48,40,97.9,47,129.3,47,88.7,5,306,171,4.3,7.7,6.51
Travis Etienne Jr.,57185,HB,JAX,18,52,-3.9,8,80.0,,0,0,4.0,1,9,0,75.5,92.5,0,45,0.0,0,33,24,90.9,30,126.7,30,57.7,3,192,280,11.7,8.0,6.4,-3.5,4,84.2,,0,0,5.9,1,5,0,67.7,91.6,0,45,11.1,4,36,16,83.3,30,131.8,19,63.3,2,137,190,11.9,8.6,4.57,,0,,,0,0,,0,0,0,,,0,0,23.1,3,13,0,69.2,9,0.0,0,0.0,0,0,0,,,0.0,,0,,,0,0,,0,0,0,,,0,0,21.4,9,42,0,76.2,32,0.0,0,0.0,0,0,0,,,0.0,2.1,3,60.0,0.0,0,2,25.0,2,4,0,29.7,55.8,0,16,17.7,11,62,6,77.4,48,111.7,10,20.8,1,63,52,8.7,10.5,1.31,0,20.0,0,100.0,,0,0,0.0,0,1,0,64.7,91.0,0,20,0.0,0,1,1,100.0,1,158.3,1,1.9,1,20,0,0.0,20.0,20.0,15,-3.8,1,75.0,,0,0,0.0,0,2,0,72.1,90.8,0,11,0.0,0,7,3,71.4,5,121.9,4,80.0,1,17,27,9.0,5.7,3.4,,0,,,0,0,,0,0,1,,,0,0,35.7,5,14,0,57.1,8,0.0,0,0.0,0,0,0,,,0.0,,0,,,0,0,,0,0,0,,,0,0,33.3,8,24,0,66.7,16,0.0,0,0.0,0,0,0,,,0.0,1.4,1,100.0,,0,0,0.0,0,2,0,73.4,76.7,0,10,16.7,6,36,5,80.6,29,135.4,5,17.2,1,35,28,5.6,7.0,1.21,,0,,,0,0,,0,0,0,,,0,0,,0,0,0,,0,0.0,0,0.0,0,0,0,,,,0,-5.0,3,71.4,,0,0,0.0,0,2,0,74.6,70.8,0,15,20.0,2,10,5,70.0,7,84.2,7,100.0,0,38,63,12.6,7.6,5.43,20.0,0,100.0,,0,0,0.0,0,1,0,64.7,91.0,0,20,13.3,2,15,1,86.7,13,158.3,1,7.7,1,20,0,0.0,20.0,1.54,,0,,,0,0,,0,0,0,,,0,0,26.7,4,15,0,66.7,10,0.0,0,0.0,0,0,0,,,0.0,1.5,1,83.3,,0,0,16.7,1,1,0,45.8,51.8,0,14,37.5,15,40,5,62.5,25,127.8,6,24.0,1,31,23,4.6,6.2,1.24,1.8,5,76.2,0.0,0,2,15.8,3,7,0,39.8,63.0,0,16,0.0,0,21,16,100.0,21,130.8,21,40.4,3,129,103,6.4,8.1,6.14
Saquon Barkley,45791,HB,PHI,17,52,-4.3,8,80.0,,0,0,13.0,3,6,1,47.8,55.9,0,41,0.0,0,26,20,96.2,25,89.7,25,48.1,0,138,230,11.5,6.9,5.52,-5.0,3,80.0,,0,0,20.0,2,3,1,35.3,28.6,0,20,0.0,0,25,8,96.0,24,83.3,10,41.7,0,40,85,10.6,5.0,1.67,,0,,,0,0,,0,0,0,,,0,0,15.4,2,13,0,84.6,11,0.0,0,0.0,0,0,0,,,0.0,11.0,0,0.0,0.0,0,1,,0,0,0,,58.2,0,0,25.9,7,27,0,70.4,19,39.6,1,5.3,0,0,0,,,0.0,1.4,1,100.0,,0,0,0.0,0,0,0,73.4,75.0,0,8,28.2,22,78,5,69.2,54,89.2,5,9.3,0,27,20,4.0,5.4,0.5,0,26.0,0,33.3,,0,0,0.0,0,1,0,64.7,91.6,0,47,0.0,0,4,1,75.0,3,121.5,3,5.8,1,47,22,22.0,47.0,15.67,24,-3.7,3,100.0,,0,0,0.0,0,3,0,77.3,88.4,0,41,0.0,0,12,9,100.0,12,106.0,9,75.0,0,85,118,13.1,9.4,7.08,,0,,,0,0,,0,0,0,,60.0,0,0,42.3,11,26,0,50.0,13,0.0,0,0.0,0,0,0,,,0.0,,0,,,0,0,,0,0,0,,,0,0,25.0,6,24,0,75.0,18,0.0,0,0.0,0,0,0,,,0.0,2.0,2,83.3,,0,0,9.1,1,3,0,58.5,74.3,0,16,23.3,14,60,10,75.0,45,114.2,12,26.7,1,57,33,3.3,5.7,1.27,10.5,0,0.0,0.0,0,1,,0,0,0,,57.7,0,0,0.0,0,3,0,66.7,2,39.6,2,3.8,0,0,0,,,0.0,0,-4.2,2,50.0,,0,0,25.0,1,0,0,41.6,55.8,0,8,0.0,0,10,3,90.0,9,56.3,6,66.7,0,13,27,9.0,4.3,1.44,26.0,0,33.3,,0,0,0.0,0,1,0,64.7,79.5,0,47,30.0,6,20,1,60.0,12,121.5,3,25.0,1,47,22,22.0,47.0,3.92,10.0,0,0.0,,0,0,,0,0,0,,60.0,0,0,25.0,7,28,0,71.4,20,39.6,1,5.0,0,0,0,,,0.0,1.2,0,80.0,,0,0,0.0,0,2,0,72.1,75.9,0,12,17.9,10,56,4,76.8,43,90.8,5,11.6,0,29,23,5.8,7.3,0.67,1.7,3,86.4,,0,0,5.0,1,5,0,69.6,82.1,0,16,0.0,0,22,19,100.0,22,103.2,22,42.3,1,113,76,4.0,5.9,5.14
Tyler Lockett,9502,WR,LV,17,52,-2.0,0,100.0,,0,0,0.0,0,0,0,70.5,61.1,0,4,0.0,0,3,3,100.0,3,79.2,3,5.8,0,5,11,3.7,1.7,1.67,,0,,,0,0,,0,0,0,,,0,0,0.0,0,21,0,100.0,21,0.0,0,0.0,0,0,0,,,0.0,27.0,0,100.0,100.0,1,1,0.0,0,1,0,64.7,90.7,0,33,0.0,0,5,1,100.0,5,118.8,1,20.0,0,33,6,6.0,33.0,6.6,12.8,0,33.3,0.0,0,1,33.3,1,2,0,29.9,68.8,1,16,0.0,0,32,2,93.8,30,43.8,6,20.0,1,20,4,2.0,10.0,0.67,4.9,0,68.8,33.3,1,3,8.3,1,3,0,62.1,64.1,0,13,0.0,0,82,11,95.1,78,80.5,16,20.5,0,81,29,2.6,7.4,1.04,0,24.0,0,66.7,100.0,1,1,0.0,0,2,0,68.3,92.5,0,33,0.0,0,3,2,100.0,3,109.7,3,5.8,0,59,7,3.5,29.5,19.67,23,-2.0,0,100.0,,0,0,0.0,0,0,0,70.5,61.1,0,4,0.0,0,14,3,100.0,14,79.2,3,21.4,0,5,11,3.7,1.7,0.36,,0,,,0,0,,0,0,0,,,0,0,0.0,0,7,0,100.0,7,0.0,0,0.0,0,0,0,,,0.0,12.3,1,66.7,50.0,1,2,0.0,0,2,0,68.3,84.3,0,19,0.0,0,17,2,88.2,15,99.3,3,20.0,0,30,5,2.5,15.0,2.0,5.1,1,70.0,0.0,0,2,12.5,1,1,0,52.5,53.6,0,9,0.0,0,41,7,95.1,39,82.1,10,25.6,0,52,18,2.6,7.4,1.33,12.3,1,41.7,25.0,1,4,16.7,1,5,0,45.8,84.0,1,19,0.0,0,15,5,80.0,12,52.1,12,23.1,1,64,11,2.2,12.8,5.33,0,,0,,,0,0,,0,0,0,,,0,0,0.0,0,19,0,100.0,19,0.0,0,0.0,0,0,0,,,0.0,22.5,0,50.0,,0,0,0.0,0,1,0,64.7,78.2,0,26,0.0,0,11,1,81.8,9,95.8,2,22.2,0,26,1,1.0,26.0,2.89,11.3,0,33.3,0.0,0,1,0.0,0,1,0,64.7,74.3,0,14,0.0,0,12,1,83.3,10,49.3,3,30.0,0,14,2,2.0,14.0,1.4,4.4,0,50.0,,0,0,20.0,1,3,0,42.1,74.7,0,15,0.0,0,34,4,91.2,31,59.4,8,25.8,0,30,8,2.0,7.5,0.97,4.9,1,64.7,20.0,1,5,12.0,3,7,0,51.0,64.8,0,15,0.0,0,38,22,89.5,34,76.0,34,65.4,0,163,55,2.5,7.4,4.79
Pat Bryant,144800,WR,DEN,17,51,-2.3,2,100.0,,0,0,0.0,0,0,0,72.1,72.4,0,6,0.0,0,4,4,100.0,4,85.4,4,7.8,0,18,27,6.8,4.5,4.5,-2.3,2,100.0,,0,0,0.0,0,0,0,72.1,72.4,0,6,0.0,0,25,4,100.0,25,85.4,4,16.0,0,18,27,6.8,4.5,0.72,37.0,0,0.0,0.0,0,1,,0,0,0,,57.2,0,0,0.0,0,8,0,100.0,8,39.6,3,37.5,0,0,0,,,0.0,13.6,0,57.1,100.0,1,1,0.0,0,4,0,73.4,85.7,2,15,0.0,0,22,4,86.4,19,40.5,7,36.8,0,51,6,1.5,12.8,2.68,4.7,4,76.9,50.0,3,6,9.1,1,9,0,60.6,94.2,0,21,0.0,0,65,10,93.8,61,101.8,13,21.3,0,111,63,6.3,11.1,1.82,0,31.7,0,50.0,50.0,1,2,0.0,0,3,0,70.5,93.9,0,48,0.0,0,6,3,100.0,6,135.4,6,11.8,1,115,43,14.3,38.3,19.17,10,,0,,,0,0,,0,0,0,,,0,0,0.0,0,12,0,91.7,11,0.0,0,0.0,0,0,0,,,0.0,29.5,0,100.0,100.0,1,1,0.0,0,2,0,68.3,95.0,0,48,0.0,0,14,2,92.9,13,158.3,2,15.4,1,72,20,10.0,36.0,5.54,,0,,,0,0,,0,0,0,,,0,0,0.0,0,11,0,100.0,11,0.0,0,0.0,0,0,0,,,0.0,5.8,1,63.6,33.3,1,3,0.0,0,4,0,75.6,88.1,1,9,0.0,0,40,7,95.0,38,35.8,11,28.9,0,49,13,1.9,7.0,1.29,13.2,0,53.8,100.0,3,3,22.2,2,7,0,36.0,87.8,2,16,0.0,0,14,7,92.9,13,38.8,13,25.5,0,98,9,1.3,14.0,7.54,0,,0,,,0,0,,0,0,0,,,0,0,0.0,0,16,0,100.0,16,0.0,0,0.0,0,0,0,,,0.0,20.0,0,100.0,,0,0,0.0,0,1,0,64.7,79.1,0,43,0.0,0,13,1,100.0,13,118.8,1,7.7,0,43,23,23.0,43.0,3.31,12.8,0,50.0,100.0,2,2,40.0,2,3,0,28.1,77.0,0,16,0.0,0,16,3,100.0,16,76.4,6,37.5,0,47,3,1.0,15.7,2.94,2.8,1,100.0,100.0,1,1,0.0,0,2,0,72.1,73.2,0,11,3.0,1,33,4,90.9,30,88.5,4,13.3,0,21,10,2.5,5.3,0.7,4.9,6,75.0,50.0,5,10,4.5,1,15,0,72.3,93.8,1,21,0.0,0,30,21,93.3,28,76.6,28,54.9,0,181,86,4.1,8.6,6.46
Van Jefferson,47447,WR,TEN,16,51,-5.0,0,100.0,,0,0,0.0,0,1,0,68.3,90.4,0,12,0.0,0,2,1,50.0,1,116.7,1,2.0,0,12,17,17.0,12.0,12.0,,0,,,0,0,,0,0,0,,,0,0,0.0,0,34,0,91.2,31,0.0,0,0.0,0,0,0,,,0.0,29.6,0,20.0,100.0,1,1,0.0,0,1,0,64.7,91.6,0,43,0.0,0,13,1,92.3,12,62.9,5,41.7,0,43,0,0.0,43.0,3.58,14.1,0,50.0,50.0,1,2,0.0,0,2,0,72.1,84.7,0,21,0.0,0,34,4,94.1,32,74.5,8,25.0,0,59,12,3.0,14.8,1.84,5.0,0,83.3,100.0,3,3,0.0,0,3,0,73.4,78.3,0,10,0.0,0,67,5,94.0,63,90.3,6,9.5,0,34,8,1.6,6.8,0.54,0,27.0,0,41.7,33.3,1,3,0.0,0,5,0,73.4,93.7,0,43,0.0,0,13,5,92.3,12,84.0,12,23.5,0,136,8,1.6,27.2,11.33,31,,0,,,0,0,,0,0,0,64.7,79.0,0,0,0.0,0,15,0,80.0,12,0.0,0,0.0,0,0,0,,,0.0,26.2,0,40.0,0.0,0,2,0.0,0,2,0,68.3,83.5,0,23,0.0,0,12,2,100.0,12,73.8,5,41.7,0,46,6,3.0,23.0,3.83,15.0,0,0.0,0.0,0,1,,0,0,0,,59.3,0,0,0.0,0,13,0,100.0,13,39.6,1,7.7,0,0,0,,,0.0,5.2,0,66.7,100.0,1,1,0.0,0,3,0,74.6,74.6,0,11,0.0,0,32,6,96.9,31,78.5,9,29.0,0,45,18,3.0,7.5,1.45,13.6,0,37.5,25.0,1,4,0.0,0,4,0,74.6,87.7,0,21,0.0,0,17,6,94.1,16,55.5,16,31.4,0,85,16,2.7,14.2,5.31,0,-5.0,0,100.0,,0,0,0.0,0,1,0,64.7,79.1,0,12,0.0,0,22,1,95.5,21,116.7,1,4.8,0,12,17,17.0,12.0,0.57,22.5,0,100.0,,0,0,0.0,0,2,0,68.3,89.1,0,27,0.0,0,12,2,91.7,11,118.8,2,18.2,0,47,2,1.0,23.5,4.27,12.9,0,28.6,0.0,0,1,0.0,0,2,0,68.3,79.6,0,15,0.0,0,25,2,92.0,23,42.6,7,30.4,0,26,4,2.0,13.0,1.13,4.4,0,85.7,,0,0,0.0,0,1,0,75.6,78.5,0,11,0.0,0,38,6,94.7,36,128.9,7,19.4,1,38,16,2.7,6.3,1.06,4.9,0,77.3,100.0,4,4,0.0,0,7,0,82.7,84.4,0,11,0.0,0,23,17,95.7,22,103.8,22,43.1,1,117,42,2.5,6.9,5.32
Tyjae Spears,97195,HB,TEN,13,50,-4.8,21,88.6,,0,0,3.1,1,6,0,78.5,93.5,1,34,0.0,0,36,31,97.2,35,73.2,35,70.0,0,155,296,9.5,5.0,4.43,-5.0,11,93.3,,0,0,0.0,0,4,0,81.1,93.5,0,34,4.5,1,22,14,86.4,19,92.2,15,78.9,0,92,166,11.9,6.6,4.84,,0,,,0,0,,0,0,0,,,0,0,41.7,5,12,0,50.0,6,0.0,0,0.0,0,0,0,,,0.0,,0,,,0,0,,0,0,0,,,0,0,17.2,5,29,0,79.3,23,0.0,0,0.0,0,0,0,,,0.0,1.6,4,100.0,,0,0,0.0,0,4,0,76.5,95.5,0,26,16.3,7,43,8,81.4,35,110.9,8,22.9,0,85,72,9.0,10.6,2.43,0,,0,,,0,0,,0,0,0,,,0,0,,0,0,0,,0,0.0,0,0.0,0,0,0,,,,31,-5.3,4,70.0,,0,0,12.5,1,0,0,52.5,70.2,1,11,5.0,1,20,7,95.0,19,33.3,10,52.6,0,29,55,7.9,4.1,1.53,,0,,,0,0,,0,0,0,,,0,0,37.5,3,8,0,62.5,5,0.0,0,0.0,0,0,0,,,0.0,,0,,,0,0,,0,0,0,,,0,0,7.7,1,13,0,92.3,12,0.0,0,0.0,0,0,0,,,0.0,4.0,0,100.0,,0,0,0.0,0,0,0,64.7,65.2,0,8,33.3,5,15,1,66.7,10,100.0,1,10.0,0,8,4,4.0,8.0,0.8,,0,,,0,0,,0,0,0,,,0,0,,0,0,0,,0,0.0,0,0.0,0,0,0,,,,0,-4.1,6,100.0,,0,0,0.0,0,2,0,78.0,90.0,0,9,0.0,0,15,10,100.0,15,80.8,10,66.7,0,34,75,7.5,3.4,2.27,,0,,,0,0,,0,0,0,,,0,0,46.2,6,13,0,53.8,7,0.0,0,0.0,0,0,0,,,0.0,,0,,,0,0,,0,0,0,,,0,0,30.8,4,13,0,53.8,7,0.0,0,0.0,0,0,0,,,0.0,2.7,1,83.3,100.0,1,1,0.0,0,0,0,73.4,69.3,0,7,34.6,9,26,5,65.4,17,79.2,6,35.3,0,16,2,0.4,3.2,0.94,2.2,5,93.3,100.0,1,1,0.0,0,4,0,80.6,93.6,0,26,0.0,0,15,14,100.0,15,96.9,15,30.0,0,109,78,5.6,7.8,7.27
Cole Kmet,60995,TE,CHI,18,50,-2.7,0,100.0,,0,0,0.0,0,3,0,75.6,91.9,0,11,0.0,0,7,7,100.0,7,89.9,7,14.0,0,39,58,8.3,5.6,5.57,-2.6,0,100.0,,0,0,0.0,0,2,0,73.4,90.2,0,11,20.0,6,30,5,80.0,24,92.5,5,20.8,0,31,44,8.8,6.2,1.29,23.7,0,33.3,0.0,0,1,33.3,1,2,0,30.0,91.8,1,31,16.7,4,24,2,83.3,20,70.8,6,30.0,1,59,1,0.5,29.5,2.95,15.1,0,57.1,,0,0,20.0,1,3,0,41.6,87.8,0,29,24.4,11,45,4,73.3,33,133.9,7,21.2,1,75,23,5.8,18.8,2.27,5.3,1,55.6,0.0,0,2,0.0,0,4,0,75.6,93.5,1,19,8.9,8,90,5,84.4,76,36.6,9,11.8,0,60,34,6.8,12.0,0.79,0,23.6,0,40.0,33.3,1,3,20.0,1,4,0,42.1,95.5,1,31,0.0,0,10,4,100.0,10,76.7,10,20.0,2,99,2,0.5,24.8,9.9,6,-2.0,0,100.0,,0,0,0.0,0,1,0,64.7,90.4,0,11,46.2,6,13,1,53.8,7,112.5,1,14.3,0,11,13,13.0,11.0,1.57,20.0,0,100.0,,0,0,0.0,0,1,0,64.7,90.9,0,14,52.9,9,17,1,47.1,8,158.3,1,12.5,1,14,0,0.0,14.0,1.75,,0,,,0,0,,0,0,0,,,0,0,33.3,9,27,0,63.0,17,0.0,0,0.0,0,0,0,,,0.0,2.7,1,83.3,,0,0,0.0,0,1,0,73.4,90.9,0,12,9.1,3,33,5,78.8,26,89.6,6,23.1,0,33,22,4.4,6.6,1.27,15.0,0,60.0,0.0,0,1,14.3,1,5,0,49.2,92.5,0,29,0.0,0,10,6,100.0,10,130.0,10,20.0,1,107,24,4.0,17.8,10.7,0,-4.0,0,100.0,,0,0,0.0,0,0,0,64.7,62.9,0,-3,17.6,3,17,1,82.4,14,79.2,1,7.1,0,-3,1,1.0,-3.0,-0.21,24.7,0,33.3,50.0,1,2,0.0,0,1,0,64.7,84.4,0,26,4.5,1,22,1,86.4,19,66.0,3,15.8,0,26,1,1.0,26.0,1.37,14.7,0,66.7,0.0,0,1,0.0,0,2,0,68.3,92.7,0,16,24.0,6,25,2,64.0,16,102.1,3,18.8,0,32,1,0.5,16.0,2.0,3.6,0,75.0,,0,0,0.0,0,2,0,74.6,84.4,0,17,6.3,3,48,6,93.8,45,85.4,8,17.8,0,40,19,3.2,6.7,0.89,4.0,2,69.6,0.0,0,2,0.0,0,7,0,82.7,93.9,1,19,0.0,0,26,16,88.5,23,66.0,23,46.0,0,133,75,4.7,8.3,5.78
Jalen Nailor,84292,WR,MIN,17,49,-4.0,1,100.0,,0,0,0.0,0,0,0,64.7,79.1,0,9,0.0,0,1,1,100.0,1,104.2,1,2.0,0,9,13,13.0,9.0,9.0,-4.0,1,100.0,,0,0,0.0,0,0,0,64.7,79.1,0,9,0.0,0,35,1,97.1,34,104.2,1,2.9,0,9,13,13.0,9.0,0.26,24.0,0,0.0,,0,0,,0,0,0,,56.6,1,0,0.0,0,12,0,83.3,10,0.0,2,20.0,0,0,0,,,0.0,15.3,0,50.0,0.0,0,1,0.0,0,3,0,70.5,84.0,2,26,4.0,1,25,3,92.0,23,46.5,6,26.1,0,61,16,5.3,20.3,2.65,4.6,0,40.0,100.0,1,1,0.0,0,2,0,68.3,82.3,0,9,0.0,0,74,2,94.6,70,48.8,5,7.1,0,16,5,2.5,8.0,0.23,0,25.9,1,55.6,100.0,5,5,0.0,0,5,0,74.6,99.3,1,62,0.0,0,11,5,81.8,9,97.9,9,18.4,1,159,42,8.4,31.8,17.67,18,,0,,,0,0,,0,0,0,,,0,0,0.0,0,9,0,100.0,9,0.0,0,0.0,0,0,0,,,0.0,26.8,1,60.0,100.0,3,3,0.0,0,3,0,70.5,97.7,0,62,0.0,0,18,3,94.4,17,143.8,5,29.4,1,108,42,14.0,36.0,6.35,14.3,0,66.7,50.0,1,2,0.0,0,4,0,73.4,94.2,0,28,0.0,0,26,4,88.5,23,106.9,6,26.1,0,71,17,4.3,17.8,3.09,2.6,1,80.0,0.0,0,1,0.0,0,1,0,72.1,61.6,0,6,0.0,0,29,4,96.6,28,79.2,5,17.9,0,15,5,1.3,3.8,0.54,15.0,0,54.2,60.0,3,5,0.0,0,13,0,80.6,95.9,3,28,0.0,0,25,13,96.0,24,60.6,24,49.0,1,225,41,3.2,17.3,9.38,0,,0,,,0,0,,0,0,0,,,0,0,5.0,1,20,0,85.0,17,0.0,0,0.0,0,0,0,,,0.0,25.5,0,100.0,100.0,2,2,0.0,0,2,0,70.5,97.5,0,28,0.0,0,16,2,87.5,14,118.8,2,14.3,0,51,0,0.0,25.5,3.64,15.1,0,50.0,100.0,2,2,0.0,0,6,0,74.6,93.6,1,22,0.0,0,31,6,100.0,31,69.1,12,38.7,1,93,8,1.3,15.5,3.0,3.6,0,80.0,,0,0,20.0,1,2,0,45.8,76.0,1,8,0.0,0,42,4,92.9,39,83.3,5,12.8,2,20,8,2.0,5.0,0.51,3.6,1,66.7,50.0,1,2,9.1,1,5,0,60.2,79.4,1,9,0.0,0,17,10,88.2,15,83.6,15,30.6,2,51,18,1.8,5.1,3.4
Chris Godwin,11839,WR,TB,9,49,-2.4,3,100.0,,0,0,0.0,0,2,0,73.4,80.2,0,11,0.0,0,5,5,100.0,5,90.8,5,10.2,0,29,41,8.2,5.8,5.8,-2.8,2,100.0,,0,0,0.0,0,1,0,72.1,72.4,0,11,8.1,3,37,4,78.4,29,85.4,4,13.8,0,18,29,7.3,4.5,0.62,27.0,0,0.0,,0,0,,0,0,0,,59.3,0,0,0.0,0,10,0,90.0,9,39.6,1,11.1,0,0,0,,,0.0,12.2,0,50.0,50.0,1,2,25.0,1,3,0,41.6,84.6,0,13,0.0,0,21,3,90.5,19,68.8,6,31.6,0,36,2,0.7,12.0,1.89,5.1,6,93.3,100.0,3,3,0.0,0,9,0,81.1,94.5,0,22,0.0,0,48,14,89.6,43,126.9,15,34.9,1,137,71,5.1,9.8,3.19,0,25.7,0,33.3,0.0,0,1,0.0,0,1,0,64.7,87.1,0,31,0.0,0,3,1,100.0,3,72.9,3,6.1,0,31,9,9.0,31.0,10.33,30,-1.0,1,100.0,,0,0,0.0,0,1,0,64.7,78.1,0,11,0.0,0,5,1,100.0,5,112.5,1,20.0,0,11,12,12.0,11.0,2.2,22.0,0,100.0,,0,0,0.0,0,1,0,64.7,90.6,0,31,0.0,0,9,1,88.9,8,118.8,1,12.5,0,31,9,9.0,31.0,3.88,14.0,0,25.0,33.3,1,3,0.0,0,1,0,64.7,62.5,0,3,0.0,0,21,1,95.2,20,79.2,4,20.0,1,3,0,0.0,3.0,0.15,4.2,0,66.7,0.0,0,1,20.0,1,2,0,41.6,68.3,0,8,3.8,1,26,4,84.6,22,74.3,6,27.3,0,24,7,1.8,6.0,1.09,13.2,0,28.6,33.3,2,6,20.0,1,4,0,45.8,77.7,1,13,0.0,0,15,4,93.3,14,33.6,14,28.6,1,39,2,0.5,9.8,2.79,0,,0,,,0,0,,0,0,0,,,0,0,0.0,0,4,0,100.0,4,0.0,0,0.0,0,0,0,,,0.0,28.0,0,0.0,0.0,0,1,,0,0,0,,60.0,0,0,0.0,0,12,0,83.3,10,39.6,1,10.0,0,0,0,,,0.0,14.0,0,0.0,0.0,0,1,,0,0,0,,56.6,1,0,0.0,0,15,0,100.0,15,0.0,4,26.7,0,0,0,,,0.0,4.7,1,83.3,50.0,1,2,0.0,0,3,0,73.4,91.7,0,59,0.0,0,22,5,100.0,22,118.8,6,27.3,0,100,76,15.2,20.0,4.55,4.8,7,85.2,66.7,4,6,4.2,1,14,0,73.5,94.5,0,59,0.0,0,28,23,96.4,27,119.3,27,55.1,1,261,154,6.7,11.3,9.67
Demario Douglas,104155,WR,NE,20,48,-4.2,2,90.0,,0,0,0.0,0,2,0,78.0,88.1,0,20,0.0,0,11,9,90.9,10,92.5,10,20.8,0,62,98,10.9,6.9,6.2,-4.0,2,100.0,,0,0,0.0,0,1,0,73.4,81.8,0,12,0.0,0,23,5,100.0,23,85.8,5,21.7,0,23,43,8.6,4.6,1.0,35.3,0,66.7,,0,0,0.0,0,2,0,68.3,93.9,0,44,0.0,0,14,2,85.7,12,109.7,3,25.0,0,81,22,11.0,40.5,6.75,10.0,0,100.0,100.0,1,1,0.0,0,3,0,70.5,92.2,0,26,0.0,0,22,3,95.5,21,118.8,3,14.3,0,51,21,7.0,17.0,2.43,5.5,0,75.0,100.0,1,1,14.3,1,3,0,49.2,91.4,0,28,0.0,0,58,6,98.3,57,147.9,8,14.0,1,84,51,8.5,14.0,1.47,0,34.0,2,44.4,0.0,0,2,0.0,0,4,0,73.4,99.9,0,58,0.0,0,11,4,81.8,9,128.2,9,18.8,1,192,64,16.0,48.0,21.33,19,-4.0,0,100.0,,0,0,0.0,0,1,0,72.1,83.8,0,20,0.0,0,8,3,87.5,7,112.5,3,42.9,0,33,45,15.0,11.0,4.71,31.0,2,40.0,0.0,0,2,0.0,0,2,0,68.3,97.2,0,58,0.0,0,18,2,83.3,15,127.1,5,33.3,1,111,42,21.0,55.5,7.4,14.3,0,25.0,,0,0,0.0,0,1,0,68.3,85.2,0,17,0.0,0,14,1,92.9,13,84.4,4,30.8,1,17,1,1.0,17.0,1.31,5.2,0,100.0,100.0,1,1,0.0,0,2,0,73.4,74.4,0,9,0.0,0,16,5,100.0,16,123.8,5,31.3,1,21,0,0.0,4.2,1.31,12.4,0,60.0,66.7,2,3,0.0,0,6,0,75.6,95.8,0,26,0.0,0,11,6,90.9,10,125.0,10,20.8,1,95,22,3.7,15.8,9.5,0,-5.0,0,50.0,,0,0,0.0,0,0,0,64.7,61.3,0,6,0.0,0,6,1,100.0,6,56.3,2,33.3,0,6,10,10.0,6.0,1.0,45.0,0,0.0,,0,0,,0,0,0,64.7,93.9,0,0,0.0,0,11,0,81.8,9,39.6,1,11.1,0,0,0,,,0.0,12.3,0,66.7,50.0,1,2,0.0,0,2,0,68.3,92.7,0,15,0.0,0,15,2,93.3,14,95.1,3,21.4,0,27,0,0.0,13.5,1.93,3.8,0,66.7,,0,0,20.0,1,1,0,45.8,67.4,0,10,0.0,0,21,4,90.5,19,79.9,6,31.6,0,32,19,4.8,8.0,1.68,4.9,0,78.9,100.0,2,2,11.8,2,6,0,52.8,88.6,0,28,0.0,0,20,15,95.0,19,131.8,19,39.6,2,137,70,4.7,9.1,7.21
Rico Dowdle,40693,HB,CAR,18,48,-4.6,5,85.7,,0,0,4.0,1,9,0,74.2,91.6,0,28,0.0,0,29,24,96.6,28,92.3,28,58.3,0,172,282,11.8,7.2,6.14,-4.9,2,71.4,,0,0,9.1,1,4,0,58.5,82.4,0,28,0.0,0,28,10,96.4,27,88.7,14,51.9,0,91,142,14.2,9.1,3.37,,0,,,0,0,,0,0,0,,,0,0,60.0,3,5,0,20.0,1,0.0,0,0.0,0,0,0,,,0.0,,0,,,0,0,,0,0,0,,,0,0,10.0,2,20,0,75.0,15,0.0,0,0.0,0,0,0,,,0.0,1.7,2,85.7,,0,0,14.3,1,3,1,49.2,70.3,1,11,9.0,6,67,6,86.6,58,49.7,7,12.1,0,38,26,4.3,6.3,0.66,0,23.0,0,100.0,,0,0,0.0,0,1,0,64.7,81.8,0,36,0.0,0,1,1,100.0,1,158.3,1,2.1,1,36,13,13.0,36.0,36.0,5,-4.6,2,100.0,,0,0,0.0,0,3,0,78.7,90.7,0,17,11.8,2,17,10,82.4,14,87.9,10,71.4,0,51,97,9.7,5.1,3.64,23.0,0,100.0,,0,0,0.0,0,1,0,64.7,81.8,0,36,30.8,4,13,1,61.5,8,158.3,1,12.5,1,36,13,13.0,36.0,4.5,13.0,0,0.0,,0,0,,0,0,0,,57.9,0,0,25.0,7,28,0,64.3,18,39.6,2,11.1,0,0,0,,,0.0,1.5,0,83.3,,0,0,0.0,0,1,0,73.4,74.3,0,13,9.1,2,22,5,90.9,20,94.4,6,30.0,0,40,33,6.6,8.0,2.0,13.0,0,0.0,,0,0,,0,0,0,,57.9,0,0,0.0,0,2,0,100.0,2,39.6,2,4.2,0,0,0,,,0.0,0,-3.3,1,100.0,,0,0,0.0,0,2,0,72.1,83.1,0,12,0.0,0,7,4,100.0,7,97.9,4,57.1,0,30,43,10.8,7.5,4.29,,0,,,0,0,,0,0,0,,,0,0,50.0,4,8,0,37.5,3,0.0,0,0.0,0,0,0,,,0.0,,0,,,0,0,,0,0,0,,,0,0,13.3,2,15,0,86.7,13,0.0,0,0.0,0,0,0,,,0.0,2.5,0,100.0,,0,0,0.0,0,0,0,72.1,67.9,0,11,3.4,1,29,4,96.6,28,84.4,4,14.3,0,17,7,1.8,4.3,0.61,1.8,2,88.2,,0,0,6.3,1,4,0,65.6,77.1,1,13,0.0,0,17,15,100.0,17,65.4,17,35.4,0,95,66,4.4,6.3,5.59
John Metchie III,97400,WR,NYJ,15,48,-3.6,1,87.5,,0,0,12.5,1,2,0,52.1,61.2,0,10,0.0,0,8,7,100.0,8,79.2,8,16.7,0,24,51,7.3,3.4,3.0,-4.5,1,100.0,,0,0,0.0,0,1,0,68.3,61.1,0,5,0.0,0,16,2,87.5,14,79.2,2,14.3,0,2,11,5.5,1.0,0.14,,0,,,0,0,,0,0,0,,,0,0,0.0,0,4,0,100.0,4,0.0,0,0.0,0,0,0,,,0.0,12.7,0,33.3,0.0,0,1,50.0,1,1,0,28.8,56.9,1,11,0.0,0,11,1,100.0,11,5.6,3,27.3,0,11,1,1.0,11.0,1.0,4.3,0,63.6,0.0,0,2,12.5,1,4,0,52.1,89.7,0,19,0.0,0,41,7,100.0,41,83.9,11,26.8,0,76,46,6.6,10.9,1.85,0,20.0,0,0.0,,0,0,,0,0,0,,59.7,1,0,0.0,0,1,0,100.0,1,0.0,1,2.1,0,0,0,,,0.0,22,-3.7,0,100.0,,0,0,0.0,0,0,0,70.5,61.8,0,7,0.0,0,10,3,100.0,10,83.3,3,30.0,0,12,23,7.7,4.0,1.2,20.0,0,0.0,,0,0,,0,0,0,,59.7,1,0,0.0,0,7,0,85.7,6,0.0,1,16.7,0,0,0,,,0.0,15.7,0,100.0,,0,0,0.0,0,3,0,70.5,92.1,0,22,0.0,0,12,3,100.0,12,158.3,3,25.0,1,57,10,3.3,19.0,4.75,4.7,0,75.0,50.0,2,4,0.0,0,3,0,77.3,79.9,0,18,0.0,0,37,9,97.3,36,114.6,12,33.3,1,64,31,3.4,7.1,1.78,13.9,0,54.5,50.0,1,2,14.3,1,5,0,49.2,90.6,1,22,0.0,0,11,6,100.0,11,76.3,11,22.9,1,96,12,2.0,16.0,8.73,0,-3.0,0,66.7,,0,0,33.3,1,1,0,29.9,59.4,0,10,0.0,0,11,2,90.9,10,71.5,3,30.0,0,10,17,8.5,5.0,1.0,,0,,,0,0,,0,0,0,,,0,0,12.5,1,8,0,75.0,6,0.0,0,0.0,0,0,0,,,0.0,13.6,0,40.0,100.0,1,1,0.0,0,1,0,68.3,83.1,0,18,0.0,0,15,2,100.0,15,58.8,5,33.3,0,28,1,0.5,14.0,1.87,3.2,0,80.0,,0,0,20.0,1,1,0,41.6,50.9,0,6,0.0,0,32,4,100.0,32,79.2,5,15.6,0,14,4,1.0,3.5,0.44,4.3,0,71.4,33.3,2,6,9.1,2,8,0,58.1,82.4,0,19,0.0,0,28,20,100.0,28,96.4,28,58.3,1,154,81,4.1,7.7,5.5
D'Andre Swift,57212,HB,CHI,18,47,-4.7,2,80.8,,0,0,8.7,2,7,0,60.5,85.4,0,41,0.0,0,27,21,96.3,26,92.3,26,55.3,0,160,268,12.8,7.6,6.15,-5.5,1,93.8,,0,0,0.0,0,6,0,81.7,93.2,0,41,0.0,0,28,15,96.4,27,104.2,16,59.3,0,144,227,15.1,9.6,5.33,,0,,,0,0,,0,0,0,,,0,0,15.0,3,20,0,80.0,16,0.0,0,0.0,0,0,0,,,0.0,,0,,,0,0,,0,0,0,,,0,0,12.5,5,40,0,85.0,34,0.0,0,0.0,0,0,0,,,0.0,2.7,0,71.4,0.0,0,1,16.7,1,2,0,45.8,64.3,0,10,15.4,12,78,5,83.3,65,83.0,7,10.8,0,36,20,4.0,7.2,0.55,0,,0,,,0,0,,0,0,0,,,0,0,,0,0,0,,0,0.0,0,0.0,0,0,0,,,,6,-3.4,1,60.0,,0,0,25.0,1,1,0,36.2,43.1,0,8,0.0,0,8,3,100.0,8,64.6,5,62.5,0,12,24,8.0,4.0,1.5,,0,,,0,0,,0,0,0,,,0,0,40.0,4,10,0,60.0,6,0.0,0,0.0,0,0,0,,,0.0,15.5,0,0.0,,0,0,,0,0,0,,58.7,0,0,13.6,3,22,0,86.4,19,39.6,2,10.5,0,0,0,,,0.0,2.0,1,100.0,,0,0,0.0,0,1,0,72.1,95.0,0,55,3.1,1,32,3,90.6,29,158.3,3,10.3,1,61,55,18.3,20.3,2.1,15.5,0,0.0,,0,0,,0,0,0,64.7,72.2,0,0,0.0,0,3,0,66.7,2,39.6,2,4.3,0,0,0,,,0.0,0,-3.6,0,60.0,,0,0,25.0,1,0,0,36.8,36.2,0,2,0.0,0,12,3,100.0,12,64.6,5,41.7,0,4,17,5.7,1.3,0.33,,0,,,0,0,,0,0,0,,,0,0,37.5,6,16,0,50.0,8,0.0,0,0.0,0,0,0,,,0.0,,0,,,0,0,,0,0,0,64.7,81.2,0,0,16.7,3,18,0,77.8,14,0.0,0,0.0,0,0,0,,,0.0,3.4,1,77.8,,0,0,0.0,0,4,0,76.5,90.0,0,23,22.6,12,53,7,75.5,40,103.7,9,22.5,0,80,59,8.4,11.4,2.0,2.9,2,78.9,0.0,0,1,6.3,1,6,0,67.7,92.8,0,55,0.0,0,21,15,90.5,19,121.1,19,40.4,1,168,125,8.3,11.2,8.84
Rhamondre Stevenson,98689,HB,NE,17,47,-3.4,5,100.0,,0,0,0.0,0,5,0,82.2,92.8,0,23,0.0,0,17,16,94.1,16,97.1,16,34.0,0,117,172,10.8,7.3,7.31,-3.3,2,100.0,,0,0,0.0,0,3,0,78.0,91.8,0,23,10.5,2,19,9,84.2,16,98.1,9,56.3,0,68,98,10.9,7.6,4.25,,0,,,0,0,,0,0,0,,,0,0,7.7,1,13,0,76.9,10,0.0,0,0.0,0,0,0,,,0.0,13.0,0,100.0,,0,0,0.0,0,1,0,64.7,79.1,0,15,13.5,5,37,1,81.1,30,118.8,1,3.3,0,15,2,2.0,15.0,0.5,3.2,0,76.9,100.0,1,1,9.1,1,1,1,60.2,36.3,0,48,21.6,19,88,10,75.0,66,99.8,13,19.7,0,105,74,7.4,10.5,1.59,0,22.6,2,40.0,0.0,0,1,0.0,0,2,0,68.3,87.0,0,55,0.0,0,5,2,100.0,5,127.1,5,10.6,1,70,33,16.5,35.0,14.0,19,-3.8,1,100.0,,0,0,0.0,0,1,0,73.4,83.5,0,16,11.1,1,9,5,88.9,8,97.5,5,62.5,0,37,56,11.2,7.4,4.63,20.0,0,0.0,,0,0,,0,0,0,,60.0,0,0,42.1,8,19,0,42.1,8,39.6,1,12.5,0,0,0,,,0.0,18.0,0,100.0,,0,0,0.0,0,1,0,64.7,90.5,0,22,14.3,3,21,1,85.7,18,158.3,1,5.6,1,22,4,4.0,22.0,1.22,2.3,0,100.0,,0,0,0.0,0,1,0,70.5,92.1,0,17,31.3,10,32,3,65.6,21,101.4,3,14.3,0,25,18,6.0,8.3,1.19,15.7,0,66.7,,0,0,0.0,0,2,0,68.3,93.1,0,22,0.0,0,3,2,100.0,3,148.6,3,6.4,1,37,6,3.0,18.5,12.33,0,-3.0,2,100.0,,0,0,0.0,0,1,0,68.3,82.5,0,10,28.6,2,7,2,71.4,5,91.7,2,40.0,0,12,18,9.0,6.0,2.4,23.3,2,50.0,0.0,0,1,0.0,0,2,0,68.3,86.8,0,55,22.7,5,22,2,63.6,14,135.4,4,28.6,1,70,33,16.5,35.0,5.0,16.0,0,0.0,,0,0,,0,0,0,,60.0,0,0,40.9,9,22,0,54.5,12,39.6,1,8.3,0,0,0,,,0.0,2.3,2,85.7,,0,0,0.0,0,3,0,74.6,87.5,0,36,31.1,14,45,6,66.7,30,112.5,7,23.3,0,77,65,10.8,12.8,2.57,2.8,2,82.6,100.0,1,1,5.0,1,5,1,70.5,76.2,0,48,0.0,0,24,19,95.8,23,104.2,23,48.9,0,207,157,8.3,10.9,9.0
Michael Mayer,122906,TE,LV,13,47,-2.8,2,66.7,0.0,0,1,20.0,1,0,0,41.6,47.1,0,8,0.0,0,6,4,100.0,6,71.5,6,12.8,0,20,31,7.8,5.0,3.33,-2.4,2,80.0,,0,0,0.0,0,0,0,72.1,63.2,0,8,14.3,2,14,4,85.7,12,83.3,5,41.7,0,20,31,7.8,5.0,1.67,,0,,,0,0,,0,0,0,,,0,0,0.0,0,2,0,100.0,2,0.0,0,0.0,0,0,0,,,0.0,17.0,0,100.0,,0,0,0.0,0,1,0,64.7,90.9,0,21,40.0,8,20,1,45.0,9,118.8,1,11.1,0,21,4,4.0,21.0,2.33,3.9,1,85.0,0.0,0,2,0.0,0,9,0,82.7,94.7,1,22,6.5,3,46,17,91.3,42,98.8,20,47.6,1,174,105,6.2,10.2,4.14,0,32.5,0,0.0,,0,0,,0,0,0,,56.4,0,0,0.0,0,2,0,100.0,2,39.6,2,4.3,0,0,0,,,0.0,23,-5.0,0,0.0,0.0,0,1,100.0,1,0,0,27.9,28.7,0,0,10.0,1,10,0,90.0,9,39.6,1,11.1,0,0,0,,,0.0,,0,,,0,0,,0,0,0,,,0,0,28.6,2,7,0,71.4,5,0.0,0,0.0,0,0,0,,,0.0,,0,,,0,0,,0,0,0,,,0,0,22.2,2,9,0,44.4,4,0.0,0,0.0,0,0,0,,,0.0,2.7,1,57.1,0.0,0,1,20.0,1,1,0,41.6,60.0,1,11,8.1,3,37,4,91.9,34,25.0,7,20.6,0,25,15,3.8,6.3,0.74,16.0,0,75.0,100.0,1,1,0.0,0,3,0,70.5,96.3,0,23,0.0,0,4,3,100.0,4,116.7,4,8.5,0,55,10,3.3,18.3,13.75,0,,0,,,0,0,,0,0,0,,,0,0,16.7,3,18,0,83.3,15,0.0,0,0.0,0,0,0,,,0.0,32.5,0,0.0,,0,0,,0,0,0,,56.4,0,0,30.8,4,13,0,69.2,9,39.6,2,22.2,0,0,0,,,0.0,15.7,0,66.7,100.0,1,1,0.0,0,2,0,68.3,93.7,0,23,16.7,2,12,2,75.0,9,104.9,3,33.3,0,34,6,3.0,17.0,3.78,2.1,1,87.5,0.0,0,1,0.0,0,5,1,75.6,93.1,1,13,24.2,8,33,7,72.7,24,55.2,8,33.3,0,54,39,5.6,7.7,2.25,3.3,3,80.0,0.0,0,4,3.4,1,15,1,76.7,94.3,3,22,0.0,0,36,28,97.2,35,70.6,35,74.5,1,253,159,5.7,9.0,7.23
David Njoku,11784,TE,CLV,12,46,-3.1,1,85.7,,0,0,0.0,0,0,0,75.6,77.4,0,12,0.0,0,8,6,87.5,7,81.5,7,15.2,0,25,46,7.7,4.2,3.57,-4.0,0,100.0,,0,0,0.0,0,0,0,73.4,64.5,0,12,16.7,3,18,4,77.8,14,86.5,4,28.6,0,19,35,8.8,4.8,1.36,,0,,,0,0,,0,0,0,,,0,0,14.3,1,7,0,71.4,5,0.0,0,0.0,0,0,0,,,0.0,13.9,0,50.0,66.7,2,3,20.0,1,3,0,41.6,91.2,0,23,3.8,1,26,4,96.2,25,113.0,8,32.0,2,57,8,2.0,14.3,2.28,4.3,2,84.2,100.0,5,5,5.9,1,3,0,67.7,91.1,1,17,2.5,2,81,16,92.6,75,77.0,19,25.3,0,147,81,5.1,9.2,1.96,0,24.0,0,0.0,,0,0,,0,0,0,,58.3,1,0,0.0,0,2,0,100.0,2,0.0,2,4.3,0,0,0,,,0.0,8,-2.5,1,100.0,,0,0,0.0,0,0,0,68.3,89.9,0,6,8.3,1,12,2,91.7,11,79.2,2,18.2,0,6,11,5.5,3.0,0.55,,0,,,0,0,,0,0,0,,,0,0,41.7,5,12,0,58.3,7,0.0,0,0.0,0,0,0,,,0.0,,0,,,0,0,,0,0,0,,,0,0,14.3,2,14,0,78.6,11,0.0,0,0.0,0,0,0,,,0.0,5.0,0,100.0,100.0,1,1,0.0,0,1,0,68.3,91.2,0,3,16.1,5,31,2,74.2,23,118.8,2,8.7,1,4,1,0.5,2.0,0.17,14.1,0,55.6,75.0,3,4,16.7,1,4,0,45.8,93.7,0,23,0.0,0,9,5,100.0,9,122.2,9,19.6,2,74,9,1.8,14.8,8.22,0,-1.0,0,0.0,,0,0,,0,0,0,,58.8,0,0,15.4,2,13,0,76.9,10,39.6,1,10.0,0,0,0,,,0.0,24.0,0,0.0,,0,0,,0,0,0,,58.3,1,0,0.0,0,9,0,88.9,8,0.0,2,25.0,0,0,0,,,0.0,16.0,0,100.0,100.0,1,1,0.0,0,1,0,64.7,90.9,0,17,23.1,3,13,1,76.9,10,118.8,1,10.0,0,17,1,1.0,17.0,1.7,3.9,0,57.1,0.0,0,2,0.0,0,3,0,72.1,87.1,0,20,10.7,3,28,4,89.3,25,114.9,7,28.0,1,43,29,7.3,10.8,1.72,4.2,2,78.6,75.0,6,8,4.3,1,7,0,72.8,92.8,1,20,0.0,0,29,22,96.6,28,104.5,28,60.9,2,194,111,5.0,8.8,6.93
Brandin Cooks,8655,WR,BUF,17,46,-3.0,0,100.0,,0,0,0.0,0,0,0,68.3,60.9,0,8,0.0,0,2,2,100.0,2,93.8,2,4.3,0,13,19,9.5,6.5,6.5,,0,,,0,0,,0,0,0,,,0,0,0.0,0,27,0,100.0,27,0.0,0,0.0,0,0,0,,,0.0,29.1,0,57.1,66.7,2,3,20.0,1,4,0,41.6,94.2,0,50,0.0,0,18,4,100.0,18,101.8,7,38.9,0,143,11,2.8,35.8,7.94,12.0,0,0.0,0.0,0,1,,0,0,0,,59.8,0,0,0.0,0,20,0,100.0,20,39.6,1,5.0,0,0,0,,,0.0,4.7,1,90.0,100.0,4,4,0.0,0,4,0,77.3,86.2,0,12,0.0,0,89,9,97.8,87,92.5,10,11.5,0,62,18,2.0,6.9,0.71,0,31.3,0,26.3,37.5,3,8,28.6,2,5,0,29.2,72.6,1,50,0.0,0,20,5,95.0,19,40.9,19,41.3,0,163,11,2.2,32.6,8.58,4,-2.0,0,100.0,,0,0,0.0,0,0,0,64.7,60.8,0,8,0.0,0,6,1,83.3,5,100.0,1,20.0,0,8,10,10.0,8.0,1.6,32.0,0,20.0,50.0,1,2,50.0,1,1,0,28.8,57.5,0,20,0.0,0,19,1,89.5,17,43.8,5,29.4,0,20,0,0.0,20.0,1.18,14.3,0,75.0,100.0,1,1,0.0,0,3,0,70.5,93.4,0,15,0.0,0,30,3,100.0,30,105.2,4,13.3,0,39,0,0.0,13.0,1.3,5.3,0,100.0,100.0,2,2,0.0,0,2,0,72.1,81.9,0,9,0.0,0,32,4,100.0,32,90.6,4,12.5,0,23,2,0.5,5.8,0.72,13.3,0,71.4,66.7,2,3,0.0,0,5,0,73.4,94.5,0,15,0.0,0,7,5,100.0,7,99.1,7,15.2,0,63,0,0.0,12.6,9.0,0,-4.0,0,100.0,,0,0,0.0,0,0,0,64.7,60.4,0,5,0.0,0,11,1,90.9,10,87.5,1,10.0,0,5,9,9.0,5.0,0.5,33.0,0,0.0,0.0,0,3,,0,0,0,,27.8,1,0,0.0,0,23,0,82.6,19,0.0,7,36.8,0,0,0,,,0.0,12.0,0,100.0,100.0,1,1,0.0,0,2,0,68.3,90.4,0,13,0.0,0,14,2,100.0,14,116.7,2,14.3,0,24,0,0.0,12.0,1.71,7.0,0,100.0,,0,0,0.0,0,2,0,72.1,82.9,0,10,0.0,0,49,4,100.0,49,101.0,4,8.2,0,33,5,1.3,8.3,0.67,5.3,1,94.4,100.0,6,6,0.0,0,8,0,82.2,91.0,0,12,0.0,0,18,17,100.0,18,94.0,18,39.1,0,118,25,1.5,6.9,6.56
Matthew Golden,156165,WR,GB,15,46,-3.4,5,100.0,,0,0,0.0,0,1,0,76.5,83.9,0,23,0.0,0,8,8,100.0,8,124.5,8,17.4,1,35,62,7.8,4.4,4.38,-2.5,2,100.0,,0,0,0.0,0,0,0,72.1,62.4,0,7,0.0,0,26,4,92.3,24,79.2,4,16.7,0,8,18,4.5,2.0,0.33,35.0,0,0.0,0.0,0,1,,0,0,0,,55.7,1,0,0.0,0,16,0,100.0,16,0.0,5,31.3,0,0,0,,,0.0,14.0,0,66.7,,0,0,0.0,0,2,0,68.3,88.8,0,18,0.0,0,16,2,93.8,15,102.1,3,20.0,0,32,4,2.0,16.0,2.13,4.5,1,66.7,0.0,0,1,20.0,1,2,0,41.6,76.9,0,20,0.0,0,51,4,96.1,49,81.3,6,12.2,0,34,16,4.0,8.5,0.69,0,31.7,0,46.7,75.0,3,4,0.0,0,7,0,75.6,98.0,1,46,0.0,0,17,7,88.2,15,65.3,15,32.6,0,233,33,4.7,33.3,15.53,12,-4.0,0,100.0,,0,0,0.0,0,0,0,64.7,61.0,0,-1,0.0,0,10,1,90.0,9,79.2,1,11.1,0,-1,3,3.0,-1.0,-0.11,31.2,0,80.0,100.0,2,2,0.0,0,4,0,72.1,97.8,0,46,0.0,0,16,4,75.0,12,118.8,5,41.7,0,136,9,2.3,34.0,11.33,11.3,0,100.0,100.0,1,1,0.0,0,3,0,70.5,91.6,0,13,0.0,0,15,3,93.3,14,113.9,3,21.4,0,34,0,0.0,11.3,2.43,3.6,0,60.0,,0,0,0.0,0,0,0,70.5,59.4,0,8,0.0,0,24,3,95.8,23,65.4,5,21.7,0,16,8,2.7,5.3,0.7,12.4,0,87.5,100.0,1,1,0.0,0,6,0,75.6,94.9,0,18,0.0,0,8,7,100.0,8,113.5,8,17.4,0,90,5,0.7,12.9,11.25,0,-4.3,3,100.0,,0,0,0.0,0,1,0,70.5,92.1,0,23,0.0,0,13,3,100.0,13,145.1,3,23.1,1,28,41,13.7,9.3,2.15,28.8,0,60.0,100.0,1,1,0.0,0,3,0,70.5,96.1,0,36,0.0,0,14,3,92.9,13,104.2,5,38.5,0,97,24,8.0,32.3,7.46,11.5,0,100.0,,0,0,0.0,0,1,0,68.3,90.8,0,12,0.0,0,15,2,100.0,15,116.7,2,13.3,0,24,1,0.5,12.0,1.6,3.8,0,100.0,,0,0,0.0,0,4,0,72.1,91.7,0,17,0.0,0,28,4,92.9,26,105.2,4,15.4,0,37,22,5.5,9.3,1.42,4.0,1,73.3,0.0,0,1,8.3,1,6,0,60.2,85.2,0,20,0.0,0,15,11,100.0,15,87.4,15,32.6,0,87,46,4.2,7.9,5.8
Tre Harris,122676,WR,LAC,18,46,-2.8,1,100.0,,0,0,0.0,0,2,0,74.6,91.1,0,12,0.0,0,6,6,100.0,6,92.4,6,13.0,0,37,54,9.0,6.2,6.17,-3.0,0,100.0,,0,0,0.0,0,2,0,68.3,89.6,0,8,0.0,0,20,2,100.0,20,93.8,2,10.0,0,13,19,9.5,6.5,0.65,,0,,,0,0,,0,0,0,,,0,0,0.0,0,6,0,100.0,6,0.0,0,0.0,0,0,0,,,0.0,12.7,0,85.7,100.0,1,1,0.0,0,6,0,74.6,94.4,1,18,0.0,0,23,6,100.0,23,113.1,7,30.4,1,78,8,1.3,13.0,3.39,5.3,0,81.8,80.0,4,5,10.0,1,6,0,56.7,90.5,0,16,0.0,0,78,9,98.7,77,98.9,11,14.3,0,85,39,4.3,9.4,1.1,0,27.0,0,22.2,100.0,1,1,0.0,0,2,0,68.3,78.1,0,37,0.0,0,9,2,100.0,9,55.3,9,19.6,0,61,7,3.5,30.5,6.78,27,-3.0,1,100.0,,0,0,0.0,0,0,0,70.5,87.1,0,12,8.3,1,12,3,91.7,11,93.1,3,27.3,0,19,28,9.3,6.3,1.73,29.3,0,33.3,100.0,1,1,0.0,0,1,0,64.7,88.6,0,37,0.0,0,17,1,94.1,16,81.3,3,18.8,0,37,4,4.0,37.0,2.31,13.0,0,0.0,,0,0,,0,0,0,,59.3,0,0,0.0,0,6,0,83.3,5,39.6,1,20.0,0,0,0,,,0.0,3.8,1,75.0,,0,0,0.0,0,1,0,70.5,83.6,0,9,0.0,0,27,3,100.0,27,84.4,4,14.8,0,19,8,2.7,6.3,0.7,12.7,0,77.8,100.0,1,1,0.0,0,7,0,75.6,94.4,1,18,0.0,0,9,7,100.0,9,105.8,9,19.6,1,90,8,1.1,12.9,10.0,0,-2.0,0,100.0,,0,0,0.0,0,0,0,64.7,60.8,0,5,0.0,0,14,1,100.0,14,87.5,1,7.1,0,5,7,7.0,5.0,0.36,25.8,0,16.7,,0,0,0.0,0,1,0,64.7,61.0,0,24,0.0,0,10,1,100.0,10,43.8,6,60.0,0,24,3,3.0,24.0,2.4,12.0,0,100.0,,0,0,0.0,0,1,0,64.7,78.1,0,12,10.0,1,10,1,70.0,7,116.7,1,14.3,0,12,0,0.0,12.0,1.71,4.4,3,71.4,0.0,0,1,0.0,0,2,0,73.4,85.4,0,23,0.0,0,34,5,97.1,33,92.6,7,21.2,0,52,35,7.0,10.4,1.58,4.7,4,77.3,66.7,4,6,5.6,1,9,0,67.7,92.2,0,23,0.0,0,22,17,100.0,22,96.0,22,47.8,0,156,82,4.8,9.2,7.09
Javonte Williams,77803,HB,DAL,16,46,-4.7,6,84.6,0.0,0,2,0.0,0,3,0,84.9,91.1,0,14,0.0,0,27,22,96.3,26,79.2,26,56.5,0,71,173,7.9,3.2,2.73,-5.8,3,81.8,0.0,0,2,0.0,0,1,0,77.3,89.2,0,14,7.1,2,28,9,92.9,26,81.8,11,42.3,0,40,92,10.2,4.4,1.54,,0,,,0,0,,0,0,0,,,0,0,33.3,5,15,0,60.0,9,0.0,0,0.0,0,0,0,,,0.0,,0,,,0,0,,0,0,0,,,0,0,20.5,9,44,0,72.7,32,0.0,0,0.0,0,0,0,,,0.0,4.1,0,58.3,0.0,0,4,12.5,1,2,0,52.5,63.4,0,11,16.3,17,104,7,78.8,82,67.0,12,14.6,0,47,17,2.4,6.7,0.57,0,,0,,,0,0,,0,0,0,,,0,0,,0,0,0,,0,0.0,0,0.0,0,0,0,,,,9,-3.9,2,80.0,,0,0,0.0,0,1,0,76.5,82.8,0,8,23.5,4,17,8,76.5,13,79.2,10,76.9,0,9,40,5.0,1.1,0.69,,0,,,0,0,,0,0,0,,,0,0,31.6,6,19,0,68.4,13,0.0,0,0.0,0,0,0,,,0.0,,0,,,0,0,,0,0,0,,,0,0,45.5,10,22,0,50.0,11,0.0,0,0.0,0,0,0,,,0.0,2.5,0,100.0,,0,0,0.0,0,0,0,68.3,63.6,0,5,24.0,12,50,2,70.0,35,85.4,2,5.7,0,9,4,2.0,4.5,0.26,14.0,0,0.0,,0,0,,0,0,0,,60.0,0,0,0.0,0,1,0,100.0,1,39.6,1,2.2,0,0,0,,,0.0,0,-3.8,1,100.0,,0,0,0.0,0,1,0,74.6,83.8,0,11,18.2,2,11,5,72.7,8,85.0,5,62.5,0,22,41,8.2,4.4,2.75,,0,,,0,0,,0,0,0,,,0,0,26.9,7,26,0,57.7,15,0.0,0,0.0,0,0,0,,,0.0,14.0,0,0.0,,0,0,,0,0,0,,60.0,0,0,46.2,12,26,0,46.2,12,39.6,1,8.3,0,0,0,,,0.0,0.8,1,80.0,0.0,0,1,0.0,0,2,1,72.1,30.7,0,4,35.6,21,59,4,61.0,36,118.8,5,13.9,2,10,9,2.3,2.5,0.28,3.1,1,68.4,0.0,0,5,7.1,1,4,1,63.5,48.0,0,11,0.0,0,19,13,100.0,19,108.7,19,41.3,2,66,30,2.3,5.1,3.47
Josh Jacobs,45953,HB,GB,16,45,-4.1,7,80.0,,0,0,0.0,0,2,0,84.1,93.1,0,31,0.0,0,26,20,96.2,25,84.3,25,55.6,0,106,191,9.6,5.3,4.24,-4.4,5,86.7,,0,0,0.0,0,2,0,80.6,93.0,0,31,0.0,0,30,13,93.3,28,88.3,15,53.6,0,78,138,10.6,6.0,2.79,,0,,,0,0,,0,0,0,,,0,0,26.7,4,15,0,73.3,11,0.0,0,0.0,0,0,0,,,0.0,,0,,,0,0,,0,0,0,,,0,0,14.3,3,21,0,81.0,17,0.0,0,0.0,0,0,0,,,0.0,2.6,0,76.9,,0,0,0.0,0,3,0,78.7,95.2,0,29,19.6,11,56,10,78.6,44,100.8,13,29.5,0,108,80,8.0,10.8,2.45,0,20.0,0,100.0,100.0,1,1,0.0,0,1,0,64.7,91.0,0,14,0.0,0,1,1,100.0,1,158.3,1,2.2,1,14,0,0.0,14.0,14.0,12,-4.0,1,60.0,,0,0,0.0,0,0,0,70.5,79.6,0,7,11.1,1,9,3,77.8,7,64.6,5,71.4,0,15,27,9.0,5.0,2.14,,0,,,0,0,,0,0,0,,,0,0,10.0,1,10,0,70.0,7,0.0,0,0.0,0,0,0,,,0.0,,0,,,0,0,,0,0,0,,,0,0,30.0,3,10,0,60.0,6,0.0,0,0.0,0,0,0,,,0.0,1.8,1,100.0,,0,0,0.0,0,1,0,72.1,70.8,0,28,33.3,10,30,4,60.0,18,116.7,4,22.2,0,48,41,10.3,12.0,2.67,,0,,,0,0,,0,0,0,,,0,0,,0,0,0,,0,0.0,0,0.0,0,0,0,,,,0,-3.4,1,80.0,,0,0,0.0,0,0,0,72.1,73.3,0,8,7.7,1,13,4,92.3,12,79.2,5,41.7,0,13,26,6.5,3.3,1.08,20.0,0,100.0,100.0,1,1,0.0,0,1,0,64.7,91.0,0,14,47.1,8,17,1,52.9,9,158.3,1,11.1,1,14,0,0.0,14.0,1.56,,0,,,0,0,,0,0,0,,,0,0,22.2,4,18,0,77.8,14,0.0,0,0.0,0,0,0,,,0.0,2.5,0,100.0,100.0,1,1,0.0,0,1,0,68.3,82.5,0,6,36.0,9,25,2,64.0,16,85.4,2,12.5,0,9,4,2.0,4.5,0.56,2.4,1,84.2,100.0,1,1,0.0,0,5,0,82.2,94.6,0,29,0.0,0,20,16,95.0,19,102.9,19,42.2,0,165,125,7.8,10.3,8.68
Sam LaPorta,101690,TE,DET,9,45,-2.4,2,100.0,,0,0,0.0,0,2,0,73.4,94.7,0,11,0.0,0,5,5,100.0,5,135.4,5,11.1,1,35,47,9.4,7.0,7.0,-2.8,1,100.0,,0,0,0.0,0,1,0,72.1,92.9,0,11,25.9,7,27,4,74.1,20,92.7,4,20.0,0,25,36,9.0,6.3,1.25,21.0,1,100.0,,0,0,0.0,0,1,0,64.7,94.6,0,40,0.0,0,7,1,100.0,7,158.3,1,14.3,1,40,19,19.0,40.0,5.71,13.3,1,100.0,100.0,2,2,0.0,0,7,0,75.6,98.0,0,32,18.8,6,32,7,78.1,25,158.3,7,28.0,1,129,45,6.4,18.4,5.16,5.3,0,86.7,100.0,5,5,0.0,0,5,0,80.0,93.2,0,14,4.9,4,81,13,95.1,77,97.2,15,19.5,0,110,43,3.3,8.5,1.43,0,21.0,1,100.0,,0,0,0.0,0,1,0,64.7,94.6,0,40,0.0,0,1,1,100.0,1,158.3,1,2.2,1,40,19,19.0,40.0,40.0,11,-1.0,1,100.0,,0,0,0.0,0,1,0,64.7,90.5,0,10,50.0,3,6,1,50.0,3,147.9,1,33.3,1,10,11,11.0,10.0,3.33,,0,,,0,0,,0,0,0,,,0,0,16.7,1,6,0,66.7,4,0.0,0,0.0,0,0,0,,,0.0,16.0,1,100.0,,0,0,0.0,0,1,0,64.7,90.4,0,22,11.1,1,9,1,88.9,8,118.8,1,12.5,0,22,6,6.0,22.0,2.75,3.2,0,80.0,,0,0,0.0,0,2,0,72.1,90.5,0,11,4.3,1,23,4,91.3,21,96.7,5,23.8,0,36,23,5.8,9.0,1.71,13.2,2,88.9,100.0,2,2,0.0,0,8,0,76.5,98.4,0,32,0.0,0,9,8,100.0,9,155.8,9,20.0,1,151,51,6.4,18.9,16.78,0,,0,,,0,0,,0,0,0,,,0,0,11.1,1,9,0,88.9,8,0.0,0,0.0,0,0,0,,,0.0,,0,,,0,0,,0,0,0,,,0,0,25.0,1,4,0,75.0,3,0.0,0,0.0,0,0,0,,,0.0,10.0,0,0.0,,0,0,,0,0,0,,59.9,0,0,10.0,1,10,0,70.0,7,39.6,1,14.3,0,0,0,,,0.0,3.3,3,90.0,,0,0,0.0,0,5,0,77.3,95.1,0,39,3.7,1,27,9,92.6,25,115.4,10,40.0,0,117,90,10.0,13.0,4.68,4.3,3,86.7,100.0,5,5,0.0,0,12,0,86.1,95.9,0,39,0.0,0,30,26,100.0,30,103.2,30,66.7,0,263,156,6.0,10.1,8.77
Dontayvion Wicks,99711,WR,GB,14,44,-1.0,0,100.0,,0,0,0.0,0,0,0,68.3,76.7,0,4,0.0,0,2,1,50.0,1,83.3,1,2.3,0,4,5,5.0,4.0,4.0,,0,,,0,0,,0,0,0,,,0,0,0.0,0,18,0,100.0,18,0.0,0,0.0,0,0,0,,,0.0,28.3,0,33.3,,0,0,0.0,0,1,0,64.7,89.1,0,30,0.0,0,10,1,100.0,10,71.5,3,30.0,0,30,6,6.0,30.0,3.0,13.8,0,75.0,100.0,2,2,0.0,0,3,0,70.5,91.9,1,16,0.0,0,19,3,100.0,19,70.8,4,21.1,0,44,4,1.3,14.7,2.32,5.1,3,75.0,0.0,0,1,0.0,0,3,0,74.6,90.3,1,16,2.8,1,36,6,91.7,33,54.7,8,24.2,0,57,25,4.2,9.5,1.73,0,27.8,0,25.0,33.3,1,3,50.0,2,2,0,27.3,66.3,0,30,0.0,0,8,2,100.0,8,93.8,8,18.2,1,52,6,3.0,26.0,6.5,12,,0,,,0,0,,0,0,0,64.7,79.1,0,0,0.0,0,6,0,83.3,5,0.0,0,0.0,0,0,0,,,0.0,26.0,0,25.0,33.3,1,3,66.7,2,1,0,26.5,46.7,0,22,0.0,0,10,1,80.0,8,89.6,4,50.0,1,22,0,0.0,22.0,2.75,14.7,0,100.0,100.0,1,1,0.0,0,3,0,70.5,94.0,0,18,0.0,0,13,3,92.3,12,118.8,3,25.0,0,47,3,1.0,15.7,3.92,4.3,0,66.7,0.0,0,1,20.0,1,2,0,41.6,69.0,0,18,4.2,1,24,4,95.8,23,119.4,6,26.1,1,32,17,4.3,8.0,1.39,14.2,0,76.9,100.0,5,5,0.0,0,10,0,78.0,96.6,1,20,0.0,0,13,10,100.0,13,80.9,13,29.5,0,146,8,0.8,14.6,11.23,0,-1.0,0,100.0,,0,0,0.0,0,0,0,64.7,60.8,0,4,0.0,0,11,1,100.0,11,83.3,1,9.1,0,4,5,5.0,4.0,0.36,33.0,0,0.0,,0,0,,0,0,0,,59.3,0,0,0.0,0,7,0,85.7,6,39.6,1,16.7,0,0,0,,,0.0,14.3,0,66.7,100.0,2,2,0.0,0,4,0,72.1,92.4,0,20,7.7,1,13,4,84.6,11,95.8,6,54.5,0,55,1,0.3,13.8,5.0,4.9,0,87.5,100.0,1,1,0.0,0,4,0,75.6,90.2,0,9,0.0,0,28,7,96.4,27,88.0,8,29.6,0,41,7,1.0,5.9,1.52,4.8,3,77.3,33.3,1,3,5.6,1,9,0,67.7,91.4,1,18,0.0,0,22,17,100.0,22,87.3,22,50.0,1,130,49,2.9,7.6,5.91
TreVeyon Henderson,145059,HB,NE,20,44,-3.3,8,86.4,,0,0,5.0,1,2,0,69.6,84.9,0,15,0.0,0,22,19,100.0,22,84.8,22,50.0,0,96,161,8.5,5.1,4.36,-3.5,4,90.0,,0,0,10.0,1,1,0,56.7,62.0,0,13,0.0,0,18,9,94.4,17,84.2,10,58.8,0,42,75,8.3,4.7,2.47,,0,,,0,0,,0,0,0,,,0,0,30.8,4,13,0,61.5,8,0.0,0,0.0,0,0,0,,,0.0,,0,,,0,0,,0,0,0,,,0,0,12.9,4,31,0,83.9,26,0.0,0,0.0,0,0,0,,,0.0,1.8,2,100.0,,0,0,0.0,0,2,0,79.4,91.8,0,11,10.7,6,56,12,89.3,50,95.5,12,24.0,0,83,61,5.1,6.9,1.66,0,22.0,0,0.0,,0,0,,0,0,0,,59.5,0,0,0.0,0,1,0,100.0,1,39.6,1,2.3,0,0,0,,,0.0,19,-3.3,4,100.0,,0,0,0.0,0,1,0,74.6,82.2,0,15,0.0,0,8,6,87.5,7,83.3,6,85.7,0,24,44,7.3,4.0,3.43,,0,,,0,0,,0,0,0,,,0,0,20.0,3,15,0,60.0,9,0.0,0,0.0,0,0,0,,,0.0,15.0,0,100.0,,0,0,0.0,0,1,0,64.7,81.2,0,6,0.0,0,13,1,100.0,13,131.3,1,7.7,1,6,0,0.0,6.0,0.46,2.0,0,50.0,0.0,0,1,25.0,1,1,0,36.2,37.3,0,19,13.8,4,29,3,82.8,24,59.0,6,25.0,0,22,21,7.0,7.3,0.92,15.0,0,100.0,,0,0,0.0,0,1,0,64.7,81.2,0,6,0.0,0,1,1,100.0,1,131.3,1,2.3,1,6,0,0.0,6.0,6.0,0,-3.0,0,66.7,,0,0,0.0,0,0,0,72.1,89.4,0,9,0.0,0,7,4,100.0,7,78.5,6,85.7,0,30,42,10.5,7.5,4.29,22.0,0,0.0,,0,0,,0,0,0,,59.5,0,0,7.7,1,13,0,76.9,10,39.6,1,10.0,0,0,0,,,0.0,,0,,,0,0,,0,0,0,,,0,0,25.0,4,16,0,75.0,12,0.0,0,0.0,0,0,0,,,0.0,6.5,0,100.0,,0,0,0.0,0,1,0,68.3,70.1,0,15,14.8,4,27,2,81.5,22,110.4,2,9.1,0,21,8,4.0,10.5,0.95,2.4,2,85.0,0.0,0,1,5.6,1,4,0,67.7,84.0,0,19,0.0,0,20,17,100.0,20,92.9,20,45.5,0,126,90,5.3,7.4,6.3
James Cook,83666,HB,BUF,18,44,-3.9,7,88.2,,0,0,11.8,2,5,0,53.1,80.2,0,51,0.0,0,18,15,94.4,17,99.3,17,38.6,0,133,191,12.7,8.9,7.82,-3.4,6,85.7,,0,0,14.3,1,4,0,49.2,87.4,0,51,0.0,0,28,6,92.9,26,118.8,7,26.9,0,111,131,21.8,18.5,4.27,,0,,,0,0,,0,0,0,,,0,0,0.0,0,13,0,100.0,13,0.0,0,0.0,0,0,0,,,0.0,,0,,,0,0,,0,0,0,,,0,0,7.4,2,27,0,88.9,24,0.0,0,0.0,0,0,0,,,0.0,4.5,1,90.9,,0,0,0.0,0,2,0,78.0,90.5,0,18,5.6,4,72,10,93.1,67,94.3,11,16.4,0,73,30,3.0,7.3,1.09,0,,0,,,0,0,,0,0,0,,59.9,0,0,0.0,0,1,0,0.0,0,0.0,0,0.0,0,0,0,,,,4,-5.5,0,100.0,,0,0,0.0,0,0,0,68.3,68.7,0,2,20.0,1,5,2,80.0,4,79.2,2,50.0,0,-2,9,4.5,-1.0,-0.5,,0,,,0,0,,0,0,0,,59.9,0,0,0.0,0,14,0,78.6,11,0.0,0,0.0,0,0,0,,,0.0,18.5,0,50.0,,0,0,0.0,0,1,0,64.7,90.0,0,25,13.3,2,15,1,86.7,13,135.4,2,15.4,1,25,6,6.0,25.0,1.92,2.6,0,80.0,,0,0,0.0,0,1,0,72.1,80.8,0,8,18.8,3,16,4,81.3,13,122.9,5,38.5,1,20,11,2.8,5.0,1.54,18.5,0,50.0,,0,0,0.0,0,1,0,64.7,90.0,0,25,0.0,0,2,1,100.0,2,135.4,2,4.5,1,25,6,6.0,25.0,12.5,0,-4.0,1,87.5,,0,0,12.5,1,1,0,54.9,60.4,0,16,0.0,0,14,7,92.9,13,79.2,8,61.5,0,24,51,7.3,3.4,1.85,,0,,,0,0,,0,0,0,,,0,0,0.0,0,10,0,100.0,10,0.0,0,0.0,0,0,0,,,0.0,,0,,,0,0,,0,0,0,,,0,0,0.0,0,16,0,93.8,15,0.0,0,0.0,0,0,0,,,0.0,1.0,0,77.8,0.0,0,1,12.5,1,3,0,52.1,64.9,0,24,16.2,6,37,7,78.4,29,98.6,9,31.0,0,69,62,8.9,9.9,2.38,2.9,1,84.0,0.0,0,1,4.5,1,6,0,71.3,89.7,0,24,0.0,0,26,21,96.2,25,107.0,25,56.8,1,162,103,4.9,7.7,6.48
Travis Hunter,160766,WR,JAX,7,43,-2.5,3,100.0,,0,0,0.0,0,2,0,78.7,75.2,0,14,0.0,0,11,10,90.9,10,81.3,10,23.3,0,35,60,6.0,3.5,3.5,-2.4,1,100.0,,0,0,0.0,0,0,0,76.5,63.0,0,7,0.0,0,25,7,96.0,24,79.2,7,29.2,0,10,27,3.9,1.4,0.42,26.7,0,33.3,100.0,1,1,0.0,0,1,0,64.7,89.4,1,28,0.0,0,9,1,100.0,9,29.2,3,33.3,0,28,0,0.0,28.0,3.11,17.0,0,100.0,100.0,1,1,0.0,0,2,0,68.3,89.9,0,21,0.0,0,24,2,91.7,22,118.8,2,9.1,0,37,3,1.5,18.5,1.68,4.4,4,90.0,50.0,1,2,0.0,0,3,1,77.3,70.0,0,11,0.0,0,43,9,100.0,43,95.8,10,23.3,0,70,32,3.6,7.8,1.63,0,28.7,0,42.9,100.0,2,2,0.0,0,3,0,70.5,96.7,1,44,0.0,0,7,3,100.0,7,89.9,7,16.3,1,106,7,2.3,35.3,15.14,15,-2.0,0,100.0,,0,0,0.0,0,1,0,64.7,79.1,0,11,0.0,0,3,1,66.7,2,112.5,1,50.0,0,11,13,13.0,11.0,5.5,32.0,0,50.0,100.0,1,1,0.0,0,1,0,64.7,94.0,0,44,0.0,0,11,1,90.9,10,95.8,2,20.0,0,44,0,0.0,44.0,4.4,13.0,0,0.0,0.0,0,2,,0,0,0,,56.3,1,0,0.0,0,18,0,94.4,17,0.0,4,23.5,0,0,0,,,0.0,2.3,1,25.0,,0,0,50.0,1,1,0,28.8,28.4,0,12,0.0,0,14,1,92.9,13,39.6,4,30.8,0,12,12,12.0,12.0,0.92,14.4,0,28.6,33.3,1,3,33.3,1,2,0,30.0,67.9,1,21,0.0,0,8,2,87.5,7,9.5,7,16.3,0,37,3,1.5,18.5,5.29,0,-3.0,2,100.0,,0,0,0.0,0,1,0,68.3,77.5,0,14,0.0,0,6,2,100.0,6,95.8,2,33.3,0,14,20,10.0,7.0,2.33,28.5,0,50.0,,0,0,0.0,0,1,0,64.7,90.0,0,34,0.0,0,9,1,88.9,8,135.4,2,25.0,1,34,7,7.0,34.0,4.25,15.0,0,0.0,,0,0,100.0,1,0,0,28.0,41.1,0,0,0.0,0,10,0,70.0,7,39.6,1,14.3,0,0,0,,,0.0,4.0,1,60.0,0.0,0,1,0.0,0,1,0,70.5,90.7,0,21,0.0,0,22,3,100.0,22,83.8,5,22.7,0,38,27,9.0,12.7,1.73,3.8,6,68.4,33.3,1,3,7.1,1,5,1,63.2,74.6,0,21,0.0,0,19,13,100.0,19,85.4,19,44.2,0,120,71,5.5,9.2,6.32
Tyrone Tracy,84226,HB,NYG,15,43,-3.5,8,96.0,100.0,1,1,4.0,1,9,1,74.9,90.8,0,20,0.0,0,27,24,92.6,25,91.8,25,58.1,0,151,237,9.9,6.3,6.04,-3.4,6,100.0,,0,0,0.0,0,5,1,78.7,90.5,0,20,12.5,3,24,10,79.2,19,105.8,10,52.6,0,94,128,12.8,9.4,4.95,20.0,0,100.0,,0,0,0.0,0,1,0,64.7,91.0,0,13,23.1,3,13,1,76.9,10,158.3,1,10.0,1,13,0,0.0,13.0,1.3,,0,,,0,0,,0,0,0,,,0,0,22.7,5,22,0,72.7,16,0.0,0,0.0,0,0,0,,,0.0,1.5,2,75.0,0.0,0,1,14.3,1,0,0,49.2,50.4,0,14,13.8,8,58,6,82.8,48,88.5,8,16.7,0,46,38,6.3,7.7,0.96,0,21.0,0,50.0,0.0,0,1,0.0,0,2,0,68.3,96.1,0,18,0.0,0,4,2,100.0,4,115.6,4,9.3,2,31,0,0.0,15.5,7.75,21,-4.0,2,88.9,100.0,1,1,11.1,1,3,0,54.5,65.2,0,20,0.0,0,13,8,100.0,13,83.8,9,69.2,0,37,72,9.0,4.6,2.85,22.0,0,0.0,,0,0,,0,0,0,,59.9,0,0,14.3,2,14,0,78.6,11,39.6,1,9.1,0,0,0,,,0.0,,0,,,0,0,,0,0,0,,,0,0,14.3,3,21,0,76.2,16,0.0,0,0.0,0,0,0,,,0.0,0.5,0,100.0,,0,0,0.0,0,1,0,68.3,81.2,0,10,25.9,7,27,2,74.1,20,91.7,2,10.0,0,12,11,5.5,6.0,0.6,,0,,,0,0,,0,0,0,,,0,0,,0,0,0,,0,0.0,0,0.0,0,0,0,,,,0,-2.8,0,100.0,,0,0,0.0,0,1,0,75.6,90.3,0,9,0.0,0,9,6,88.9,8,80.6,6,75.0,0,20,37,6.2,3.3,2.5,21.0,0,50.0,0.0,0,1,0.0,0,1,0,64.7,89.9,0,18,13.0,3,23,1,78.3,18,120.8,2,11.1,1,18,0,0.0,18.0,1.0,,0,,,0,0,,0,0,0,,,0,0,16.7,3,18,0,83.3,15,0.0,0,0.0,0,0,0,,,0.0,3.3,0,50.0,,0,0,0.0,0,2,0,68.3,89.4,0,42,39.1,9,23,2,60.9,14,93.8,4,28.6,0,48,41,20.5,24.0,3.43,1.9,2,71.4,0.0,0,1,9.1,1,3,0,58.5,74.8,0,42,0.0,0,14,10,100.0,14,93.2,14,32.6,0,106,90,9.0,10.6,7.57
Jaylen Warren,98692,HB,PIT,17,43,-4.7,15,96.6,,0,0,3.4,1,7,0,76.7,93.5,0,38,0.0,0,30,28,96.7,29,106.9,29,67.4,1,200,329,11.8,7.1,6.9,-5.3,8,94.1,,0,0,5.9,1,3,0,66.7,86.5,0,17,0.0,0,38,16,97.4,37,88.0,17,45.9,0,87,171,10.7,5.4,2.35,,0,,,0,0,,0,0,0,,,0,0,0.0,0,5,0,100.0,5,0.0,0,0.0,0,0,0,,,0.0,,0,,,0,0,,0,0,0,,,0,0,27.8,5,18,0,61.1,11,0.0,0,0.0,0,0,0,,,0.0,3.1,4,100.0,,0,0,0.0,0,4,0,76.5,94.1,0,65,12.8,6,47,8,87.2,41,118.8,8,19.5,0,106,81,10.1,13.3,2.59,0,,0,,,0,0,,0,0,0,,,0,0,,0,0,0,,0,0.0,0,0.0,0,0,0,,,,25,-3.5,1,100.0,,0,0,0.0,0,0,0,68.3,76.2,0,9,9.1,1,11,2,90.9,10,95.8,2,20.0,0,14,21,10.5,7.0,1.4,,0,,,0,0,,0,0,0,,,0,0,22.2,2,9,0,77.8,7,0.0,0,0.0,0,0,0,,,0.0,,0,,,0,0,,0,0,0,,,0,0,33.3,2,6,0,66.7,4,0.0,0,0.0,0,0,0,,,0.0,2.0,0,0.0,,0,0,,0,0,0,,59.9,0,0,12.5,3,24,0,83.3,20,39.6,1,5.0,0,0,0,,,0.0,,0,,,0,0,,0,0,0,,,0,0,,0,0,0,,0,0.0,0,0.0,0,0,0,,,,0,-3.8,6,100.0,,0,0,0.0,0,4,0,78.7,93.4,0,38,11.1,2,18,10,83.3,15,141.3,10,66.7,1,99,137,13.7,9.9,6.6,,0,,,0,0,,0,0,0,,,0,0,25.0,3,12,0,50.0,6,0.0,0,0.0,0,0,0,,,0.0,,0,,,0,0,,0,0,0,,,0,0,10.0,1,10,0,80.0,8,0.0,0,0.0,0,0,0,,,0.0,0.2,5,100.0,,0,0,0.0,0,2,0,73.4,92.8,0,15,11.1,3,27,5,88.9,24,132.1,5,20.8,1,31,30,6.0,6.2,1.29,2.0,9,92.9,,0,0,0.0,0,6,0,80.0,95.5,0,65,0.0,0,14,13,100.0,14,131.3,14,32.6,1,137,111,8.5,10.5,9.79
Darnell Washington,124044,TE,PIT,16,43,-3.3,1,75.0,,0,0,25.0,1,0,0,36.2,42.2,0,4,0.0,0,4,3,100.0,4,77.1,4,9.3,0,-2,10,3.3,-0.7,-0.5,-4.5,1,100.0,,0,0,0.0,0,0,0,68.3,62.4,0,2,32.4,11,34,2,64.7,22,79.2,2,9.1,0,-6,3,1.5,-3.0,-0.27,,0,,,0,0,,0,0,0,,,0,0,,0,0,0,,0,0.0,0,,0,0,0,,,,14.3,1,100.0,100.0,1,1,0.0,0,3,0,70.5,94.2,0,26,25.0,4,16,3,62.5,10,118.8,3,30.0,0,59,16,5.3,19.7,5.9,4.3,5,77.8,25.0,1,4,6.7,1,5,0,64.4,95.5,0,31,11.3,6,53,14,86.8,46,125.0,18,39.1,1,172,122,8.7,12.3,3.74,0,,0,,,0,0,,0,0,0,,,0,0,,0,0,0,,0,0.0,0,0.0,0,0,0,,,,25,-3.0,0,100.0,,0,0,0.0,0,0,0,64.7,61.1,0,4,33.3,4,12,1,66.7,8,83.3,1,12.5,0,4,7,7.0,4.0,0.5,,0,,,0,0,,0,0,0,,,0,0,57.1,4,7,0,42.9,3,0.0,0,0.0,0,0,0,,,0.0,13.7,0,33.3,100.0,1,1,0.0,0,1,0,64.7,78.1,1,12,0.0,0,10,1,100.0,10,6.9,3,30.0,0,12,0,0.0,12.0,1.2,3.0,2,75.0,,0,0,25.0,1,1,0,41.6,71.1,0,8,10.0,3,30,3,83.3,25,85.4,4,16.0,0,20,11,3.7,6.7,0.8,14.1,1,55.6,100.0,2,2,0.0,0,5,1,73.4,91.5,1,36,0.0,0,9,5,100.0,9,58.3,9,20.9,0,107,40,8.0,21.4,11.89,0,-1.0,0,0.0,,0,0,100.0,1,0,0,27.9,28.5,0,0,23.8,5,21,0,76.2,16,39.6,1,6.3,0,0,0,,,0.0,,0,,,0,0,,0,0,0,,,0,0,0.0,0,9,0,77.8,7,0.0,0,0.0,0,0,0,,,0.0,14.3,0,33.3,,0,0,0.0,0,1,1,64.7,30.6,0,36,23.1,3,13,1,69.2,9,79.9,3,33.3,0,36,24,24.0,36.0,4.0,3.1,3,75.0,,0,0,14.3,1,5,1,49.7,89.6,0,13,6.3,2,32,6,87.5,28,99.5,8,28.6,0,67,45,7.5,11.2,2.39,3.8,10,76.7,25.0,1,4,11.5,3,11,1,51.8,94.4,0,31,0.0,0,33,23,90.9,30,113.1,30,69.8,1,259,178,7.7,11.3,8.63
JuJu Smith-Schuster,11817,WR,KC,17,42,-2.6,2,100.0,,0,0,0.0,0,2,0,75.6,86.5,0,18,0.0,0,7,7,100.0,7,97.0,7,16.7,0,51,69,9.9,7.3,7.29,-2.8,2,100.0,,0,0,0.0,0,2,0,74.6,89.0,0,18,0.0,0,60,6,98.3,59,100.7,6,10.2,0,49,66,11.0,8.2,0.83,,0,,,0,0,,0,0,0,,,0,0,0.0,0,15,0,86.7,13,0.0,0,0.0,0,0,0,,,0.0,13.9,1,57.1,,0,0,0.0,0,4,0,45.8,91.9,1,30,0.0,0,19,4,84.2,16,62.2,7,43.8,0,100,45,11.3,25.0,6.25,4.7,4,77.3,33.3,1,3,0.0,0,11,0,82.2,94.1,1,16,0.0,0,88,17,98.9,87,91.1,22,25.3,1,150,70,4.1,8.8,1.72,0,,0,,,0,0,,0,0,0,,,0,0,,0,0,0,,0,0.0,0,0.0,0,0,0,,,,16,-1.0,0,100.0,,0,0,0.0,0,0,0,64.7,61.0,0,2,5.9,1,17,1,94.1,16,79.2,1,6.3,0,2,3,3.0,2.0,0.13,,0,,,0,0,,0,0,0,,,0,0,0.0,0,13,0,92.3,12,0.0,0,0.0,0,0,0,,,0.0,10.0,0,100.0,,0,0,0.0,0,1,0,64.7,76.5,0,12,0.0,0,12,1,83.3,10,116.7,1,10.0,0,12,2,2.0,12.0,1.2,5.5,0,50.0,0.0,0,1,50.0,1,0,0,28.9,58.6,0,14,0.0,0,31,1,100.0,31,72.9,2,6.5,0,14,5,5.0,14.0,0.45,13.4,1,62.5,,0,0,0.0,0,5,0,49.2,92.0,1,30,0.0,0,12,5,66.7,8,66.7,8,19.0,0,112,47,9.4,22.4,14.0,0,,0,,,0,0,,0,0,0,,,0,0,0.0,0,13,0,92.3,12,0.0,0,0.0,0,0,0,,,0.0,,0,,,0,0,,0,0,0,,,0,0,0.0,0,7,0,85.7,6,0.0,0,0.0,0,0,0,,,0.0,,0,,,0,0,,0,0,0,,59.3,0,0,0.0,0,16,0,93.8,15,0.0,0,0.0,0,0,0,,,0.0,5.0,0,100.0,100.0,2,2,0.0,0,1,0,70.5,74.5,0,7,0.0,0,24,3,95.8,23,91.7,3,13.0,0,18,3,1.0,6.0,0.78,4.8,4,77.8,50.0,3,6,4.5,1,12,0,71.5,93.4,1,16,0.0,0,27,21,100.0,27,91.7,27,64.3,1,182,78,3.7,8.7,6.74
Mike Gesicki,47153,TE,CIN,13,42,-3.0,0,100.0,,0,0,0.0,0,0,0,64.7,61.4,0,0,0.0,0,1,1,100.0,1,79.2,1,2.4,0,0,3,3.0,0.0,0.0,-3.0,0,100.0,,0,0,0.0,0,0,0,64.7,61.4,0,0,0.0,0,16,1,93.8,15,79.2,1,6.7,0,0,3,3.0,0.0,0.0,24.3,0,33.3,0.0,0,1,0.0,0,1,0,64.7,93.1,0,37,0.0,0,6,1,100.0,6,81.3,3,50.0,0,37,15,15.0,37.0,6.17,13.3,0,66.7,50.0,1,2,0.0,0,4,0,72.1,93.1,1,17,0.0,0,20,4,95.0,19,93.1,6,31.6,1,51,4,1.0,12.8,2.68,4.4,0,70.0,50.0,2,4,0.0,0,1,0,77.3,73.5,0,8,0.0,0,61,7,96.7,59,76.2,10,16.9,0,38,14,2.0,5.4,0.64,0,25.8,0,40.0,0.0,0,1,0.0,0,2,0,68.3,93.4,1,37,0.0,0,5,2,100.0,5,47.9,5,11.9,0,69,15,7.5,34.5,13.8,7,,0,,,0,0,,0,0,0,,,0,0,0.0,0,8,0,87.5,7,0.0,0,0.0,0,0,0,,,0.0,32.0,0,100.0,,0,0,0.0,0,1,0,64.7,78.3,0,32,0.0,0,11,1,90.9,10,118.8,1,10.0,0,32,0,0.0,32.0,3.2,15.2,0,80.0,100.0,1,1,0.0,0,4,0,72.1,93.1,0,15,0.0,0,17,4,100.0,17,151.3,5,29.4,1,54,2,0.5,13.5,3.18,5.8,0,75.0,50.0,1,2,0.0,0,3,0,70.5,90.4,0,11,0.0,0,29,3,89.7,26,86.5,4,15.4,0,21,6,2.0,7.0,0.81,13.8,0,62.5,75.0,3,4,0.0,0,10,0,78.0,95.7,2,17,0.0,0,18,10,88.9,16,88.5,16,38.1,2,132,9,0.9,13.2,8.25,0,,0,,,0,0,,0,0,0,,,0,0,0.0,0,3,0,100.0,3,0.0,0,0.0,0,0,0,,,0.0,24.0,0,0.0,,0,0,,0,0,0,,59.9,1,0,7.7,1,13,0,76.9,10,0.0,1,10.0,0,0,0,,,0.0,13.0,0,40.0,100.0,1,1,0.0,0,2,0,68.3,89.1,1,14,0.0,0,20,2,95.0,19,18.3,5,26.3,0,27,3,1.5,13.5,1.42,4.5,0,83.3,,0,0,0.0,0,3,0,73.4,91.8,0,15,0.0,0,16,5,100.0,16,99.3,6,37.5,0,47,21,4.2,9.4,2.94,4.7,0,75.0,50.0,3,6,0.0,0,7,0,82.2,91.4,0,15,0.0,0,23,15,87.0,20,86.7,20,47.6,0,106,41,2.7,7.1,5.3
Michael Carter,57337,HB,ARZ,13,42,-2.4,13,100.0,,0,0,0.0,0,6,0,78.7,94.3,0,15,0.0,0,11,11,100.0,11,103.8,11,26.2,0,98,124,11.3,8.9,8.91,-2.6,5,100.0,,0,0,0.0,0,3,0,73.4,93.0,0,14,12.5,2,16,5,87.5,14,105.8,5,35.7,0,47,60,12.0,9.4,3.36,,0,,,0,0,,0,0,0,,,0,0,18.2,2,11,0,81.8,9,0.0,0,0.0,0,0,0,,,0.0,,0,,,0,0,,0,0,0,,,0,0,0.0,0,20,0,100.0,20,0.0,0,0.0,0,0,0,,,0.0,2.0,1,68.4,50.0,1,2,13.3,2,2,0,47.7,71.8,0,14,16.9,13,77,13,80.5,62,80.6,19,30.6,0,98,77,5.9,7.5,1.58,0,38.0,0,0.0,,0,0,,0,0,0,,59.3,0,0,0.0,0,1,0,100.0,1,39.6,1,2.4,0,0,0,,,0.0,1,-2.7,5,100.0,,0,0,0.0,0,2,0,70.5,90.3,0,14,0.0,0,5,3,100.0,5,109.7,3,60.0,0,31,39,13.0,10.3,6.2,38.0,0,0.0,,0,0,,0,0,0,,59.3,0,0,15.4,2,13,0,84.6,11,39.6,1,9.1,0,0,0,,,0.0,15.0,0,0.0,0.0,0,1,,0,0,0,,60.0,0,0,5.3,1,19,0,89.5,17,39.6,1,5.9,0,0,0,,,0.0,1.0,1,66.7,,0,0,0.0,0,0,0,68.3,67.2,0,6,9.5,2,21,2,76.2,16,70.1,3,18.8,0,8,7,3.5,4.0,0.5,15.0,0,0.0,0.0,0,1,,0,0,0,,60.0,0,0,0.0,0,1,0,100.0,1,39.6,1,2.4,0,0,0,,,0.0,0,-1.7,3,100.0,,0,0,0.0,0,1,0,70.5,81.2,0,15,0.0,0,5,3,100.0,5,94.4,3,60.0,0,20,25,8.3,6.7,4.0,,0,,,0,0,,0,0,0,,,0,0,50.0,3,6,0,50.0,3,0.0,0,0.0,0,0,0,,,0.0,,0,,,0,0,,0,0,0,,,0,0,36.4,4,11,0,63.6,7,0.0,0,0.0,0,0,0,,,0.0,1.7,2,100.0,,0,0,0.0,0,4,0,75.6,91.0,0,18,25.0,7,28,7,75.0,21,104.2,7,33.3,0,63,51,7.3,9.0,3.0,1.8,4,75.9,50.0,1,2,8.3,2,6,0,60.3,87.8,0,18,0.0,0,29,22,100.0,29,89.6,29,69.0,0,169,135,6.1,7.7,5.83
Tez Johnson,123709,WR,TB,16,42,-2.9,5,100.0,,0,0,0.0,0,1,0,56.7,85.8,0,22,0.0,0,10,9,90.0,9,125.5,9,21.4,1,47,73,8.1,5.2,5.22,-2.5,4,100.0,,0,0,0.0,0,1,0,49.2,83.7,0,22,0.0,0,34,6,94.1,32,131.9,6,18.8,1,37,52,8.7,6.2,1.16,34.6,0,60.0,100.0,1,1,0.0,0,3,0,70.5,94.5,0,45,0.0,0,8,3,100.0,8,143.8,5,62.5,2,86,6,2.0,28.7,10.75,11.7,0,50.0,33.3,1,3,25.0,1,3,0,36.2,73.0,0,17,0.0,0,34,3,97.1,33,73.6,6,18.2,0,43,5,1.7,14.3,1.3,5.3,0,100.0,100.0,1,1,0.0,0,2,0,72.1,93.1,0,13,1.7,1,60,4,91.7,55,106.3,4,7.3,0,38,17,4.3,9.5,0.69,0,29.2,0,40.0,100.0,2,2,0.0,0,4,0,72.1,93.1,0,45,0.0,0,11,4,90.9,10,115.4,10,23.8,3,97,6,1.5,24.3,9.7,30,-4.0,1,100.0,,0,0,0.0,0,0,0,68.3,76.4,0,9,0.0,0,9,2,100.0,9,87.5,2,22.2,0,10,18,9.0,5.0,1.11,,0,,,0,0,,0,0,0,,,0,0,0.0,0,8,0,87.5,7,0.0,0,0.0,0,0,0,,,0.0,14.2,1,60.0,,0,0,0.0,0,3,0,70.5,90.7,0,16,0.0,0,19,3,100.0,19,84.6,5,26.3,0,39,-2,-0.7,13.0,2.05,4.0,0,66.7,,0,0,0.0,0,0,0,68.3,51.4,0,8,0.0,0,31,2,93.5,29,77.1,3,10.3,0,14,7,3.5,7.0,0.48,13.4,1,56.3,33.3,1,3,10.0,1,9,0,56.7,92.0,0,17,0.0,0,16,9,100.0,16,102.6,16,38.1,1,126,4,0.4,14.0,7.88,0,-3.0,0,100.0,,0,0,0.0,0,0,0,64.7,61.1,0,0,0.0,0,4,1,100.0,4,79.2,1,25.0,0,0,3,3.0,0.0,0.0,23.8,0,20.0,100.0,1,1,0.0,0,1,0,64.7,71.9,0,11,0.0,0,14,1,78.6,11,79.2,5,45.5,1,11,0,0.0,11.0,1.0,14.8,0,60.0,,0,0,0.0,0,3,0,70.5,90.6,0,17,0.0,0,19,3,89.5,17,128.3,5,29.4,1,44,1,0.3,14.7,2.59,,0,,,0,0,,0,0,0,,,0,0,0.0,0,24,0,100.0,24,0.0,0,0.0,0,0,0,,,0.0,4.7,0,85.7,100.0,1,1,0.0,0,2,0,74.6,88.5,0,13,0.0,0,7,6,100.0,7,97.6,7,16.7,0,52,24,4.0,8.7,7.43
Isaiah Bond,163586,WR,CLV,16,42,-4.0,1,80.0,,0,0,20.0,1,1,0,46.3,61.2,0,7,0.0,0,6,4,83.3,5,80.8,5,11.9,0,17,33,8.3,4.3,3.4,-5.0,0,100.0,,0,0,0.0,0,2,0,68.3,61.0,0,21,0.0,0,25,2,100.0,25,118.8,2,8.0,0,26,36,18.0,13.0,1.04,33.3,0,75.0,,0,0,0.0,0,3,0,70.5,95.7,0,47,0.0,0,7,3,100.0,7,116.7,4,57.1,0,111,16,5.3,37.0,15.86,15.2,0,33.3,33.3,1,3,0.0,0,1,0,68.3,81.0,0,18,0.0,0,33,2,90.9,30,54.2,6,20.0,0,35,1,0.5,17.5,1.17,4.3,0,50.0,50.0,1,2,0.0,0,1,0,70.5,62.2,0,7,0.0,0,80,3,95.0,76,56.3,6,7.9,0,15,2,0.7,5.0,0.2,0,33.6,0,33.3,25.0,1,4,0.0,0,5,0,73.4,94.4,1,52,0.0,0,15,5,100.0,15,54.2,15,35.7,0,198,26,5.2,39.6,13.2,8,-3.0,1,100.0,,0,0,0.0,0,0,0,68.3,75.9,0,7,0.0,0,11,2,100.0,11,91.7,2,18.2,0,12,18,9.0,6.0,1.09,30.8,0,0.0,0.0,0,1,,0,0,0,,45.0,1,0,0.0,0,11,0,100.0,11,0.0,5,45.5,0,0,0,,,0.0,12.7,0,66.7,100.0,1,1,0.0,0,2,0,68.3,87.9,0,16,0.0,0,16,2,100.0,16,97.9,3,18.8,0,29,1,0.5,14.5,1.81,4.5,0,50.0,100.0,1,1,0.0,0,0,0,64.7,48.2,0,7,0.0,0,24,1,83.3,20,58.3,2,10.0,0,7,0,0.0,7.0,0.35,14.5,0,38.5,60.0,3,5,0.0,0,4,0,73.4,91.9,0,18,0.0,0,14,5,92.9,13,59.8,13,31.0,0,80,2,0.4,16.0,6.15,0,-4.0,0,0.0,,0,0,100.0,1,0,0,28.9,43.9,0,0,0.0,0,12,0,91.7,11,39.6,1,9.1,0,0,0,,,0.0,36.2,0,33.3,33.3,1,3,0.0,0,2,0,68.3,93.0,0,52,0.0,0,16,2,93.8,15,81.9,6,40.0,0,87,10,5.0,43.5,5.8,15.0,0,25.0,100.0,1,1,0.0,0,1,0,64.7,85.1,0,16,0.0,0,14,1,92.9,13,43.8,4,30.8,0,16,0,0.0,16.0,1.23,4.0,0,0.0,,0,0,,0,0,0,,59.8,0,0,0.0,0,25,0,88.0,22,39.6,1,4.5,0,0,0,,,0.0,4.3,0,44.4,66.7,2,3,0.0,0,1,0,72.1,55.6,0,7,0.0,0,9,4,100.0,9,51.6,9,21.4,0,22,2,0.5,5.5,2.44
Rachaad White,131633,HB,TB,17,42,-4.2,12,100.0,,0,0,0.0,0,4,0,88.7,92.6,0,17,0.0,0,34,31,91.2,31,86.2,31,73.8,0,145,274,8.8,4.7,4.68,-4.3,10,100.0,,0,0,0.0,0,4,0,86.9,91.1,0,17,0.0,0,47,26,95.7,45,84.5,26,57.8,0,111,222,8.5,4.3,2.47,,0,,,0,0,,0,0,0,,,0,0,50.0,7,14,0,42.9,6,0.0,0,0.0,0,0,0,,,0.0,,0,,,0,0,,0,0,0,,,0,0,29.7,11,37,0,64.9,24,0.0,0,0.0,0,0,0,,,0.0,4.0,0,66.7,,0,0,0.0,0,2,0,70.5,89.7,0,13,16.9,13,77,2,77.9,60,88.2,3,5.0,0,22,18,9.0,11.0,0.37,0,,0,,,0,0,,0,0,0,,,0,0,,0,0,0,,0,0.0,0,0.0,0,0,0,,,,30,-3.0,1,100.0,,0,0,0.0,0,0,0,70.5,90.1,0,12,0.0,0,8,3,75.0,6,98.6,3,50.0,0,23,32,10.7,7.7,3.83,,0,,,0,0,,0,0,0,,,0,0,33.3,3,9,0,55.6,5,0.0,0,0.0,0,0,0,,,0.0,16.0,0,0.0,,0,0,,0,0,0,,59.3,0,0,14.8,4,27,0,85.2,23,39.6,1,4.3,0,0,0,,,0.0,2.5,0,100.0,,0,0,0.0,0,3,0,72.1,92.9,0,18,18.8,6,32,4,71.9,23,110.4,4,17.4,0,42,32,8.0,10.5,1.83,16.0,0,0.0,,0,0,,0,0,0,,59.3,0,0,0.0,0,1,0,100.0,1,39.6,1,2.4,0,0,0,,,0.0,0,-4.5,1,100.0,,0,0,0.0,0,0,0,68.3,82.5,0,9,20.0,1,5,2,80.0,4,89.6,2,50.0,0,11,20,10.0,5.5,2.75,,0,,,0,0,,0,0,0,,,0,0,13.3,2,15,0,66.7,10,0.0,0,0.0,0,0,0,,,0.0,,0,,,0,0,,0,0,0,,,0,0,21.7,5,23,0,69.6,16,0.0,0,0.0,0,0,0,,,0.0,1.3,0,100.0,,0,0,0.0,0,1,0,70.5,66.6,0,6,24.1,7,29,3,75.9,22,79.2,3,13.6,0,9,5,1.7,3.0,0.41,2.6,0,90.0,,0,0,0.0,0,6,0,78.0,92.7,0,18,0.0,0,11,9,90.9,10,97.1,10,23.8,0,73,55,6.1,8.1,7.3
Kenneth Walker III,97199,HB,SEA,19,41,-4.4,4,100.0,,0,0,0.0,0,7,1,84.5,93.7,0,46,0.0,0,22,21,95.5,21,103.0,21,51.2,0,183,276,13.1,8.7,8.71,-4.5,1,100.0,,0,0,0.0,0,3,0,77.3,93.1,0,20,16.7,3,18,8,77.8,14,104.7,8,57.1,0,73,109,13.6,9.1,5.21,,0,,,0,0,,0,0,0,,,0,0,11.1,1,9,0,77.8,7,0.0,0,0.0,0,0,0,,,0.0,,0,,,0,0,,0,0,0,,,0,0,21.7,5,23,0,78.3,18,0.0,0,0.0,0,0,0,,,0.0,2.0,3,80.0,,0,0,20.0,2,5,0,35.7,62.3,0,23,11.5,6,52,8,84.6,44,100.0,10,22.7,0,80,62,7.8,10.0,1.82,0,,0,,,0,0,,0,0,0,,,0,0,,0,0,0,,0,0.0,0,0.0,0,0,0,,,,29,-4.4,3,100.0,,0,0,0.0,0,4,0,76.5,95.9,0,46,0.0,0,13,8,100.0,13,118.8,8,61.5,0,103,138,17.3,12.9,7.92,,0,,,0,0,,0,0,0,,,0,0,26.7,4,15,0,60.0,9,0.0,0,0.0,0,0,0,,,0.0,,0,,,0,0,,0,0,0,,,0,0,20.0,2,10,0,70.0,7,0.0,0,0.0,0,0,0,,,0.0,3.8,3,100.0,,0,0,0.0,0,3,0,72.1,92.9,0,18,16.7,5,30,4,80.0,24,114.6,4,16.7,0,46,31,7.8,11.5,1.92,,0,,,0,0,,0,0,0,,,0,0,,0,0,0,,0,0.0,0,0.0,0,0,0,,,,0,-4.4,0,100.0,,0,0,0.0,0,0,1,73.4,29.4,0,6,25.0,2,8,5,75.0,6,79.2,5,83.3,0,7,29,5.8,1.4,1.17,,0,,,0,0,,0,0,0,,,0,0,22.2,2,9,0,77.8,7,0.0,0,0.0,0,0,0,,,0.0,,0,,,0,0,,0,0,0,,,0,0,30.8,4,13,0,61.5,8,0.0,0,0.0,0,0,0,,,0.0,1.8,1,83.3,0.0,0,1,0.0,0,2,0,73.4,90.6,0,29,23.3,7,30,5,70.0,21,102.1,6,28.6,0,51,43,8.6,10.2,2.43,2.3,7,85.0,0.0,0,1,10.5,2,10,0,54.5,92.0,0,29,0.0,0,21,17,95.2,20,103.5,20,48.8,0,177,136,8.0,10.4,8.85
Woody Marks,124179,HB,HST,18,40,-3.6,3,81.3,0.0,0,1,7.1,1,2,0,64.4,86.4,0,20,0.0,0,17,13,94.1,16,80.5,16,40.0,0,53,103,7.9,4.1,3.31,-3.6,1,77.8,,0,0,12.5,1,2,0,54.5,79.8,0,20,0.0,0,18,7,88.9,16,90.7,9,56.3,0,52,77,11.0,7.4,3.25,,0,,,0,0,,0,0,0,,,0,0,15.4,2,13,0,84.6,11,0.0,0,0.0,0,0,0,,,0.0,14.0,0,0.0,,0,0,,0,0,0,,60.0,0,0,23.3,10,43,0,72.1,31,39.6,1,3.2,0,0,0,,,0.0,3.4,2,83.3,0.0,0,2,0.0,0,5,0,78.0,92.6,0,50,23.3,20,86,10,72.1,62,150.0,12,19.4,3,126,99,9.9,12.6,2.03,0,27.0,0,0.0,0.0,0,1,,0,0,0,,60.0,0,0,0.0,0,1,0,100.0,1,39.6,1,2.5,0,0,0,,,0.0,13,-3.5,1,75.0,0.0,0,1,0.0,0,0,0,70.5,69.3,0,2,0.0,0,5,3,100.0,5,77.1,4,80.0,0,-8,5,1.7,-2.7,-1.6,,0,,,0,0,,0,0,0,,,0,0,33.3,3,9,0,66.7,6,0.0,0,0.0,0,0,0,,,0.0,19.0,0,0.0,,0,0,,0,0,0,,59.9,0,0,29.4,5,17,0,70.6,12,39.6,1,8.3,0,0,0,,,0.0,2.8,2,75.0,0.0,0,1,0.0,0,1,0,70.5,85.3,0,37,43.2,16,37,3,56.8,21,114.6,4,19.0,0,48,40,13.3,16.0,2.29,14.0,0,0.0,,0,0,,0,0,0,,56.6,0,0,0.0,0,4,0,100.0,4,39.6,4,10.0,0,0,0,,,0.0,0,-4.0,1,100.0,,0,0,0.0,0,0,0,70.5,82.7,0,7,10.0,1,10,3,90.0,9,79.2,3,33.3,0,9,21,7.0,3.0,1.0,27.0,0,0.0,0.0,0,1,,0,0,0,,60.0,0,0,21.7,5,23,0,65.2,15,39.6,1,6.7,0,0,0,,,0.0,11.5,0,0.0,,0,0,,0,0,0,,58.3,0,0,18.5,5,27,0,74.1,20,39.6,2,10.0,0,0,0,,,0.0,4.3,0,0.0,,0,0,,0,0,0,,57.0,0,0,32.6,14,43,0,67.4,29,39.6,3,10.3,0,0,0,,,0.0,3.4,4,68.4,0.0,0,3,0.0,0,6,0,80.0,92.8,0,50,0.0,0,19,13,100.0,19,136.8,19,47.5,3,174,139,10.7,13.4,9.16
Tucker Kraft,104034,TE,GB,8,40,-2.5,2,80.0,,0,0,11.1,1,5,0,54.5,93.0,0,22,0.0,0,10,8,100.0,10,136.7,10,25.0,1,88,111,13.9,11.0,8.8,-2.9,2,100.0,,0,0,0.0,0,4,0,75.6,94.4,0,22,18.2,4,22,7,77.3,17,154.5,7,41.2,1,81,101,14.4,11.6,4.76,22.0,0,100.0,,0,0,0.0,0,1,0,64.7,90.4,0,24,8.3,1,12,1,91.7,11,118.8,1,9.1,0,24,2,2.0,24.0,2.18,14.8,0,100.0,100.0,1,1,0.0,0,3,0,72.1,98.1,0,57,35.0,7,20,4,65.0,13,158.3,4,30.8,1,101,44,11.0,25.3,7.77,5.0,1,62.5,0.0,0,1,16.7,1,2,0,45.8,78.3,0,24,6.7,3,45,5,93.3,42,119.8,8,19.0,1,50,25,5.0,10.0,1.19,0,24.5,0,50.0,,0,0,0.0,0,1,0,64.7,87.6,0,24,0.0,0,3,1,66.7,2,93.8,2,5.0,0,24,2,2.0,24.0,12.0,12,-1.0,0,0.0,,0,0,,0,0,0,,59.8,0,0,7.1,1,14,0,85.7,12,39.6,1,8.3,0,0,0,,,0.0,27.0,0,0.0,,0,0,,0,0,0,,54.4,0,0,0.0,0,11,0,81.8,9,39.6,1,11.1,0,0,0,,,0.0,15.0,0,100.0,,0,0,0.0,0,1,0,64.7,78.6,0,15,33.3,3,9,1,66.7,6,118.8,1,16.7,0,15,0,0.0,15.0,2.5,1.7,0,66.7,,0,0,33.3,1,2,0,28.0,54.7,0,15,15.0,3,20,2,70.0,14,97.9,3,21.4,0,29,25,12.5,14.5,2.07,14.9,1,100.0,100.0,1,1,0.0,0,6,0,75.6,99.9,0,59,0.0,0,7,7,100.0,7,158.3,7,17.5,2,183,86,12.3,26.1,26.14,0,-2.0,0,50.0,,0,0,50.0,1,1,0,28.8,53.4,0,7,14.3,2,14,1,85.7,12,58.3,2,16.7,0,7,10,10.0,7.0,0.58,,0,,,0,0,,0,0,0,,,0,0,0.0,0,6,0,83.3,5,0.0,0,0.0,0,0,0,,,0.0,15.0,1,100.0,,0,0,0.0,0,2,0,68.3,98.0,0,59,9.1,1,11,2,81.8,9,158.3,2,22.2,1,67,42,21.0,33.5,7.44,2.0,2,90.0,,0,0,0.0,0,6,0,77.3,98.0,0,33,8.3,2,24,9,87.5,21,154.2,10,47.6,2,115,98,10.9,12.8,5.48,3.1,3,76.2,0.0,0,1,11.1,2,10,0,41.9,94.5,0,33,0.0,0,24,16,87.5,21,143.7,21,52.5,3,194,148,9.3,12.1,9.24
Tyler Higbee,10744,TE,LA,13,40,-3.0,0,80.0,100.0,1,1,0.0,0,1,0,72.1,82.1,0,23,0.0,0,5,4,100.0,5,95.0,5,12.5,0,34,44,11.0,8.5,6.8,-2.5,0,100.0,100.0,1,1,0.0,0,1,0,72.1,84.9,0,23,0.0,0,10,4,100.0,10,102.1,4,40.0,0,34,44,11.0,8.5,3.4,23.0,0,100.0,100.0,1,1,0.0,0,2,0,68.3,93.4,0,36,11.1,1,9,2,88.9,8,118.8,2,25.0,0,57,11,5.5,28.5,7.13,11.8,0,50.0,,0,0,0.0,0,2,0,68.3,90.1,0,16,5.3,1,19,2,94.7,18,77.1,4,22.2,0,32,5,2.5,16.0,1.78,3.9,0,63.6,0.0,0,3,12.5,1,4,0,52.1,83.4,0,20,6.5,4,62,7,91.9,57,84.7,11,19.3,0,78,56,8.0,11.1,1.37,0,21.5,0,100.0,100.0,1,1,0.0,0,4,0,72.1,94.9,0,36,0.0,0,4,4,100.0,4,158.3,4,10.0,1,101,15,3.8,25.3,25.25,26,,0,,,0,0,,0,0,0,,,0,0,0.0,0,4,0,100.0,4,0.0,0,0.0,0,0,0,,,0.0,,0,,,0,0,,0,0,0,,,0,0,25.0,2,8,0,75.0,6,0.0,0,0.0,0,0,0,,,0.0,,0,,,0,0,,0,0,0,,,0,0,15.4,2,13,0,76.9,10,0.0,0,0.0,0,0,0,,,0.0,1.0,0,66.7,,0,0,0.0,0,1,0,68.3,81.2,0,15,19.2,5,26,2,65.4,17,79.9,3,17.6,0,16,15,7.5,8.0,0.94,14.6,0,50.0,50.0,1,2,20.0,1,4,0,42.1,92.6,0,27,0.0,0,8,4,100.0,8,87.0,8,20.0,0,83,20,5.0,20.8,10.38,0,-5.0,0,0.0,,0,0,,0,0,0,,58.8,0,0,0.0,0,7,0,100.0,7,39.6,1,14.3,0,0,0,,,0.0,20.0,0,100.0,,0,0,0.0,0,2,0,68.3,90.1,0,22,0.0,0,10,2,100.0,10,158.3,2,20.0,1,44,4,2.0,22.0,4.4,17.5,0,50.0,50.0,1,2,33.3,1,2,0,30.0,90.5,0,27,15.8,3,19,2,78.9,15,95.8,4,26.7,0,51,15,7.5,25.5,3.4,4.3,0,88.9,,0,0,11.1,1,6,0,54.5,92.4,0,11,5.7,2,35,8,94.3,33,130.8,9,27.3,2,53,22,2.8,6.6,1.61,3.7,0,73.9,0.0,0,3,10.5,2,11,0,54.3,92.3,0,20,0.0,0,23,17,100.0,23,119.3,23,57.5,2,147,93,5.5,8.6,6.39
Breece Hall,97636,HB,NYJ,16,40,-4.8,3,100.0,,0,0,0.0,0,5,0,64.7,93.4,0,42,0.0,0,15,13,86.7,13,133.0,13,32.5,1,127,189,14.5,9.8,9.77,-5.7,0,100.0,,0,0,0.0,0,2,0,42.1,65.0,0,42,20.0,3,15,3,66.7,10,158.3,3,30.0,1,48,65,21.7,16.0,4.8,,0,,,0,0,,0,0,0,,,0,0,33.3,2,6,0,66.7,4,0.0,0,0.0,0,0,0,,,0.0,,0,,,0,0,,0,0,0,,,0,0,14.3,1,7,0,85.7,6,0.0,0,0.0,0,0,0,,,0.0,3.0,1,93.3,0.0,0,1,6.7,1,6,0,64.4,90.8,0,21,13.4,9,67,14,85.1,57,101.9,15,26.3,0,127,85,6.1,9.1,2.23,0,,0,,,0,0,,0,0,0,,,0,0,,0,0,0,,0,0.0,0,0.0,0,0,0,,,,22,-4.5,0,100.0,,0,0,0.0,0,0,0,68.3,87.4,0,9,20.0,1,5,2,60.0,3,81.3,2,66.7,0,7,16,8.0,3.5,2.33,,0,,,0,0,,0,0,0,,,0,0,0.0,0,10,0,100.0,10,0.0,0,0.0,0,0,0,,,0.0,,0,,,0,0,,0,0,0,,,0,0,38.5,5,13,0,53.8,7,0.0,0,0.0,0,0,0,,,0.0,3.1,1,75.0,,0,0,0.0,0,1,0,74.6,77.1,0,40,17.1,7,41,6,82.9,34,99.0,8,23.5,0,66,50,8.3,11.0,1.94,13.0,0,100.0,,0,0,0.0,0,1,0,64.7,81.8,0,13,0.0,0,1,1,100.0,1,118.8,1,2.5,0,13,0,0.0,13.0,13.0,0,-4.5,3,100.0,,0,0,0.0,0,3,0,76.5,93.1,0,33,11.8,2,17,8,82.4,14,104.2,8,57.1,0,72,108,13.5,9.0,5.14,,0,,,0,0,,0,0,0,,,0,0,40.0,4,10,0,40.0,4,0.0,0,0.0,0,0,0,,,0.0,13.0,0,100.0,,0,0,0.0,0,1,0,64.7,81.8,0,13,25.0,4,16,1,68.8,11,118.8,1,9.1,0,13,0,0.0,13.0,1.18,6.3,0,66.7,,0,0,0.0,0,0,0,68.3,71.8,0,9,34.8,16,46,2,60.9,28,81.3,3,10.7,0,17,1,0.5,8.5,0.61,3.4,2,84.6,0.0,0,1,4.3,1,7,0,72.1,91.1,0,40,0.0,0,26,22,100.0,26,100.3,26,65.0,0,210,136,6.2,9.5,8.08
Tony Pollard,27126,HB,TEN,17,39,-3.6,4,81.3,,0,0,7.1,1,3,1,66.7,61.2,1,29,0.0,0,19,13,84.2,16,59.6,16,41.0,0,73,121,9.3,5.6,4.56,-4.3,0,88.9,,0,0,0.0,0,1,0,77.3,78.8,0,12,0.0,0,36,8,94.4,34,79.2,9,26.5,0,20,57,7.1,2.5,0.59,,0,,,0,0,,0,0,0,,,0,0,33.3,2,6,0,66.7,4,0.0,0,0.0,0,0,0,,,0.0,,0,,,0,0,,0,0,0,,,0,0,26.1,6,23,0,73.9,17,0.0,0,0.0,0,0,0,,,0.0,2.5,0,100.0,100.0,2,2,0.0,0,4,0,76.5,92.0,0,11,6.6,4,61,8,85.2,52,97.9,8,15.4,0,60,40,5.0,7.5,1.15,0,,0,,,0,0,,0,0,0,,,0,0,,0,0,0,,0,0.0,0,0.0,0,0,0,,,,31,-1.0,2,100.0,,0,0,0.0,0,1,1,72.1,42.9,0,29,26.7,4,15,2,60.0,9,118.8,2,22.2,0,32,34,17.0,16.0,3.56,,0,,,0,0,,0,0,0,,,0,0,15.4,2,13,0,84.6,11,0.0,0,0.0,0,0,0,,,0.0,,0,,,0,0,,0,0,0,,,0,0,50.0,10,20,0,50.0,10,0.0,0,0.0,0,0,0,,,0.0,1.3,1,83.3,,0,0,16.7,1,2,0,45.8,59.5,0,10,15.0,6,40,5,85.0,34,91.0,6,17.6,0,35,28,5.6,7.0,1.03,,0,,,0,0,,0,0,0,,,0,0,,0,0,0,,0,0.0,0,0.0,0,0,0,,,,0,-3.2,2,60.0,,0,0,25.0,1,1,0,36.2,53.5,1,8,15.4,2,13,3,76.9,10,30.0,5,50.0,0,21,30,10.0,7.0,2.1,,0,,,0,0,,0,0,0,,,0,0,36.4,4,11,0,63.6,7,0.0,0,0.0,0,0,0,,,0.0,,0,,,0,0,,0,0,0,,,0,0,27.3,6,22,0,72.7,16,0.0,0,0.0,0,0,0,,,0.0,2.9,0,77.8,,0,0,12.5,1,2,0,54.9,83.5,0,12,21.7,10,46,7,71.7,33,84.3,9,27.3,0,38,22,3.1,5.4,1.15,2.3,1,87.0,100.0,2,2,9.1,2,8,0,59.5,90.5,0,12,0.0,0,24,20,95.8,23,90.8,23,59.0,0,133,90,4.5,6.7,5.78
Cedric Tillman,84434,WR,CLV,13,39,,0,,,0,0,,0,0,0,,,0,0,,0,0,0,,0,0.0,0,0.0,0,0,0,,,,,0,,,0,0,,0,0,0,,,0,0,0.0,0,21,0,90.5,19,0.0,0,0.0,0,0,0,,,0.0,,0,,,0,0,,0,0,0,,,0,0,0.0,0,4,0,75.0,3,0.0,0,0.0,0,0,0,,,0.0,13.2,0,66.7,50.0,1,2,0.0,0,6,0,74.6,94.1,0,26,0.0,0,27,6,92.6,25,141.9,9,36.0,1,102,25,4.2,17.0,4.08,4.1,0,57.1,50.0,1,2,20.0,1,1,0,41.6,68.5,1,9,0.0,0,69,4,94.2,65,25.0,7,10.8,0,25,8,2.0,6.3,0.38,0,28.8,0,20.0,0.0,0,1,0.0,0,1,0,68.3,60.2,1,42,0.0,0,7,1,71.4,5,22.5,5,12.8,0,42,16,16.0,42.0,8.4,8,,0,,,0,0,,0,0,0,,,0,0,0.0,0,16,0,100.0,16,0.0,0,0.0,0,0,0,,,0.0,24.7,0,33.3,,0,0,0.0,0,1,0,64.7,87.8,1,42,0.0,0,13,1,100.0,13,42.4,3,23.1,0,42,16,16.0,42.0,3.23,18.5,0,50.0,,0,0,0.0,0,1,0,64.7,90.3,0,21,0.0,0,16,1,100.0,16,87.5,2,12.5,0,21,3,3.0,21.0,1.31,5.8,0,75.0,,0,0,0.0,0,1,0,70.5,58.3,0,7,0.0,0,21,3,85.7,18,79.2,4,22.2,0,14,0,0.0,4.7,0.78,14.8,0,56.3,50.0,1,2,0.0,0,9,0,77.3,95.2,0,26,0.0,0,17,9,94.1,16,131.3,16,41.0,2,164,35,3.9,18.2,10.25,0,,0,,,0,0,,0,0,0,,,0,0,0.0,0,15,0,86.7,13,0.0,0,0.0,0,0,0,,,0.0,35.0,0,0.0,0.0,0,1,,0,0,0,64.7,34.2,0,0,0.0,0,12,0,83.3,10,39.6,2,20.0,0,0,0,,,0.0,16.0,0,40.0,,0,0,0.0,0,2,0,68.3,82.5,0,23,0.0,0,10,2,100.0,10,109.2,5,50.0,1,41,7,3.5,20.5,4.1,4.7,0,57.1,100.0,1,1,0.0,0,1,0,72.1,68.8,0,9,0.0,0,34,4,97.1,33,64.6,7,21.2,0,25,2,0.5,6.3,0.76,4.7,0,61.1,66.7,2,3,8.3,1,3,0,60.2,68.0,1,9,0.0,0,20,11,90.0,18,44.7,18,46.2,0,64,10,0.9,5.8,3.56
Demarcus Robinson,10760,WR,SF,16,39,-5.0,0,100.0,100.0,1,1,0.0,0,0,0,68.3,61.1,0,1,0.0,0,2,2,100.0,2,79.2,2,5.1,0,0,10,5.0,0.0,0.0,,0,,,0,0,,0,0,0,,,0,0,0.0,0,16,0,93.8,15,0.0,0,0.0,0,0,0,,,0.0,24.3,0,100.0,100.0,2,2,0.0,0,3,0,70.5,97.3,0,25,0.0,0,8,3,100.0,8,158.3,3,37.5,1,67,1,0.3,22.3,8.38,13.8,3,87.5,50.0,1,2,0.0,0,7,0,75.6,97.6,0,61,0.0,0,41,7,100.0,41,158.3,8,19.5,1,149,58,8.3,21.3,3.63,4.2,0,100.0,100.0,1,1,0.0,0,3,0,73.4,80.6,0,10,0.0,0,89,5,97.8,87,95.8,5,5.7,0,35,14,2.8,7.0,0.4,0,27.7,0,44.4,66.7,2,3,33.3,2,4,0,28.6,92.0,0,30,0.0,0,9,4,100.0,9,121.1,9,23.1,1,97,3,0.8,24.3,10.78,28,-9.0,0,100.0,,0,0,0.0,0,0,0,64.7,61.3,0,1,0.0,0,4,1,100.0,4,79.2,1,25.0,0,1,10,10.0,1.0,0.25,26.3,0,0.0,,0,0,100.0,1,0,0,27.9,40.0,0,0,0.0,0,12,0,100.0,12,39.6,3,25.0,0,0,0,,,0.0,15.7,0,50.0,100.0,1,1,0.0,0,3,0,70.5,90.6,0,18,0.0,0,26,3,100.0,26,76.4,6,23.1,0,47,0,0.0,15.7,1.81,3.4,0,100.0,,0,0,0.0,0,0,0,73.4,62.4,0,8,0.0,0,29,5,96.6,28,84.2,5,17.9,0,21,4,0.8,4.2,0.75,14.1,3,76.5,75.0,3,4,0.0,0,13,0,80.0,98.0,0,61,0.0,0,17,13,100.0,17,137.5,17,43.6,1,235,61,4.7,18.1,13.82,0,-1.0,0,100.0,100.0,1,1,0.0,0,0,0,64.7,60.0,0,-1,0.0,0,4,1,100.0,4,79.2,1,25.0,0,-1,0,0.0,-1.0,-0.25,32.3,0,33.3,0.0,0,1,50.0,1,1,0,28.8,69.7,0,30,0.0,0,4,1,100.0,4,71.5,3,75.0,0,30,2,2.0,30.0,7.5,12.0,0,100.0,100.0,1,1,0.0,0,3,0,70.5,91.8,0,13,0.0,0,14,3,85.7,12,118.8,3,25.0,0,39,3,1.0,13.0,3.25,5.0,0,0.0,,0,0,,0,0,0,64.7,76.4,0,0,0.0,0,22,0,81.8,18,39.6,1,5.6,0,0,0,,,0.0,3.9,0,90.9,100.0,1,1,0.0,0,3,0,78.7,79.0,0,10,0.0,0,12,10,91.7,11,87.9,11,28.2,0,56,18,1.8,5.6,5.09
Alvin Kamara,11822,HB,NO,11,39,-4.6,3,100.0,,0,0,0.0,0,2,0,81.1,84.7,0,26,0.0,0,15,14,93.3,14,86.9,14,35.9,0,68,132,9.4,4.9,4.86,-4.3,1,100.0,,0,0,0.0,0,2,0,75.6,84.0,0,26,4.5,1,22,7,95.5,21,99.4,7,33.3,0,55,85,12.1,7.9,2.62,,0,,,0,0,,0,0,0,,,0,0,10.0,1,10,0,90.0,9,0.0,0,0.0,0,0,0,,,0.0,,0,,,0,0,,0,0,0,,,0,0,19.0,4,21,0,76.2,16,0.0,0,0.0,0,0,0,,,0.0,3.3,1,80.0,0.0,0,1,14.3,2,5,1,45.7,48.7,0,22,11.7,7,60,12,86.7,52,92.5,15,28.8,0,93,56,4.7,7.8,1.79,0,29.0,0,0.0,,0,0,,0,0,0,,60.0,0,0,0.0,0,1,0,100.0,1,39.6,1,2.6,0,0,0,,,0.0,20,-5.3,1,100.0,,0,0,0.0,0,0,0,72.1,68.6,0,3,0.0,0,6,3,83.3,5,79.2,3,60.0,0,1,17,5.7,0.3,0.2,,0,,,0,0,,0,0,0,,,0,0,0.0,0,14,0,71.4,10,0.0,0,0.0,0,0,0,,,0.0,,0,,,0,0,,0,0,0,,,0,0,29.4,5,17,0,64.7,11,0.0,0,0.0,0,0,0,,,0.0,2.0,0,80.0,,0,0,0.0,0,0,0,72.1,72.0,0,7,12.0,3,25,4,88.0,22,80.8,5,22.7,0,17,12,3.0,4.3,0.77,,0,,,0,0,,0,0,0,,,0,0,,0,0,0,,0,0.0,0,0.0,0,0,0,,,,0,-4.5,1,100.0,,0,0,0.0,0,0,0,72.1,73.3,0,7,0.0,0,7,4,100.0,7,79.2,4,57.1,0,12,30,7.5,3.0,1.71,29.0,0,0.0,,0,0,,0,0,0,,60.0,0,0,42.9,6,14,0,42.9,6,39.6,1,16.7,0,0,0,,,0.0,,0,,,0,0,,0,0,0,,,0,0,33.3,3,9,0,66.7,6,0.0,0,0.0,0,0,0,,,0.0,2.0,0,75.0,,0,0,25.0,1,0,1,36.2,24.1,0,6,15.0,6,40,3,85.0,34,77.1,4,11.8,0,8,1,0.3,2.7,0.24,2.8,1,79.2,0.0,0,1,13.6,3,5,2,44.9,29.9,0,22,0.0,0,25,19,96.0,24,87.2,24,61.5,0,118,69,3.6,6.2,4.92
Chuba Hubbard,57373,HB,CAR,16,39,-4.6,6,87.0,,0,0,4.8,1,8,0,70.5,91.5,0,35,0.0,0,23,20,100.0,23,104.9,23,59.0,1,131,229,11.5,6.6,5.7,-5.2,3,90.9,,0,0,0.0,0,5,0,78.0,93.0,0,35,11.8,2,17,10,88.2,15,123.9,11,73.3,1,71,122,12.2,7.1,4.73,,0,,,0,0,,0,0,0,,,0,0,12.5,1,8,0,87.5,7,0.0,0,0.0,0,0,0,,,0.0,,0,,,0,0,,0,0,0,,,0,0,13.8,4,29,0,79.3,23,0.0,0,0.0,0,0,0,,,0.0,1.7,0,83.3,100.0,1,1,16.7,1,1,0,49.2,75.3,0,16,19.3,11,57,5,75.4,43,87.5,6,14.0,0,30,21,4.2,6.0,0.7,0,,0,,,0,0,,0,0,0,,,0,0,,0,0,0,,0,0.0,0,0.0,0,0,0,,,,5,-5.0,0,100.0,,0,0,0.0,0,1,0,73.4,75.4,0,26,0.0,0,7,5,100.0,7,94.2,5,71.4,0,33,58,11.6,6.6,4.71,,0,,,0,0,,0,0,0,,,0,0,40.0,2,5,0,40.0,2,0.0,0,0.0,0,0,0,,,0.0,19.0,0,0.0,,0,0,100.0,1,0,0,27.9,40.0,0,0,16.7,3,18,0,72.2,13,39.6,1,7.7,0,0,0,,,0.0,1.3,0,66.7,,0,0,33.3,1,1,0,29.9,36.1,0,14,20.0,6,30,2,80.0,24,86.8,3,12.5,0,21,17,8.5,10.5,0.88,19.0,0,0.0,,0,0,100.0,1,0,0,27.9,40.0,0,0,0.0,0,1,0,100.0,1,39.6,1,2.6,0,0,0,,,0.0,0,-3.4,3,71.4,,0,0,16.7,1,2,0,45.8,65.6,0,14,15.4,2,13,5,84.6,11,77.7,7,63.6,0,27,49,9.8,5.4,2.45,,0,,,0,0,,0,0,0,,,0,0,69.2,9,13,0,23.1,3,0.0,0,0.0,0,0,0,,,0.0,,0,,,0,0,,0,0,0,,,0,0,10.0,2,20,0,85.0,17,0.0,0,0.0,0,0,0,,,0.0,2.3,1,83.3,,0,0,0.0,0,3,0,73.4,94.2,0,27,18.5,5,27,5,74.1,20,143.8,6,30.0,2,54,47,9.4,10.8,2.7,1.9,1,80.0,100.0,1,1,14.3,2,5,0,47.7,91.0,0,27,0.0,0,17,12,88.2,15,135.4,15,38.5,2,105,85,7.1,8.8,7.0
Tommy Tremble,84025,TE,CAR,18,39,-1.6,0,60.0,,0,0,25.0,1,0,0,36.2,43.9,0,9,0.0,0,5,3,100.0,5,67.1,5,12.8,0,18,23,7.7,6.0,3.6,-2.0,0,100.0,,0,0,0.0,0,0,0,64.7,63.6,0,9,10.5,2,19,1,89.5,17,104.2,1,5.9,0,9,11,11.0,9.0,0.53,,0,,,0,0,,0,0,0,,,0,0,20.0,1,5,0,60.0,3,0.0,0,0.0,0,0,0,,,0.0,15.0,0,0.0,,0,0,,0,0,0,,59.9,0,0,4.5,1,22,0,86.4,19,39.6,1,5.3,0,0,0,,,0.0,4.4,3,100.0,,0,0,0.0,0,5,0,80.6,94.4,0,54,2.9,2,70,12,90.0,63,143.1,12,19.0,1,140,87,7.3,11.7,2.22,0,,0,,,0,0,,0,0,0,,,0,0,,0,0,0,,0,0.0,0,0.0,0,0,0,,,,5,-1.0,0,0.0,,0,0,,0,0,0,,59.8,0,0,36.8,7,19,0,57.9,11,39.6,1,9.1,0,0,0,,,0.0,,0,,,0,0,,0,0,0,,,0,0,0.0,0,11,0,81.8,9,0.0,0,0.0,0,0,0,,,0.0,15.0,0,50.0,100.0,1,1,0.0,0,2,0,68.3,90.8,0,17,12.5,3,24,2,79.2,19,108.3,4,21.1,1,24,2,1.0,12.0,1.26,2.0,1,88.9,,0,0,0.0,0,4,0,76.5,92.0,0,16,7.1,2,28,8,92.9,26,95.8,9,34.6,0,63,48,6.0,7.9,2.42,14.2,0,33.3,100.0,1,1,33.3,1,2,0,29.9,71.1,0,17,0.0,0,6,2,100.0,6,86.1,6,15.4,1,24,2,1.0,12.0,4.0,0,-1.7,0,66.7,,0,0,33.3,1,0,0,29.9,42.4,0,5,13.3,2,15,2,86.7,13,70.1,3,23.1,0,9,12,6.0,4.5,0.69,,0,,,0,0,,0,0,0,,,0,0,16.7,2,12,0,58.3,7,0.0,0,0.0,0,0,0,,,0.0,10.0,0,0.0,,0,0,100.0,1,0,0,27.9,28.5,0,0,5.3,1,19,0,94.7,18,39.6,1,5.6,0,0,0,,,0.0,1.7,0,71.4,,0,0,0.0,0,0,0,73.4,77.7,0,11,12.1,4,33,5,81.8,27,77.1,7,25.9,0,26,23,4.6,5.2,0.96,3.0,4,89.3,,0,0,0.0,0,9,0,86.5,94.8,0,54,0.0,0,30,25,93.3,28,112.6,28,71.8,1,229,158,6.3,9.2,8.18
Noah Fant,42388,TE,CIN,15,38,-2.7,0,83.3,,0,0,16.7,1,1,2,45.8,25.1,0,11,0.0,0,6,5,100.0,6,79.9,6,15.8,0,19,30,6.0,3.8,3.17,-4.0,0,100.0,,0,0,0.0,0,1,0,64.7,90.4,0,11,7.1,1,14,1,92.9,13,112.5,1,7.7,0,11,15,15.0,11.0,0.85,23.0,0,100.0,100.0,1,1,0.0,0,1,0,64.7,94.9,0,23,0.0,0,5,1,100.0,5,158.3,1,20.0,1,23,0,0.0,23.0,4.6,,0,,,0,0,,0,0,0,,,0,0,12.5,1,8,0,75.0,6,0.0,0,0.0,0,0,0,,,0.0,3.8,2,92.3,50.0,1,2,0.0,0,3,0,79.4,92.0,0,15,1.5,1,65,12,95.4,62,121.2,13,21.0,1,90,47,3.9,7.5,1.45,0,21.5,0,100.0,100.0,1,1,0.0,0,2,0,68.3,96.9,0,25,0.0,0,2,2,100.0,2,158.3,2,5.3,1,48,5,2.5,24.0,24.0,7,-2.3,0,66.7,,0,0,33.3,1,0,1,29.9,23.8,0,5,0.0,0,12,2,100.0,12,70.1,3,25.0,0,4,6,3.0,2.0,0.33,,0,,,0,0,,0,0,0,,,0,0,12.5,1,8,0,87.5,7,0.0,0,0.0,0,0,0,,,0.0,14.0,0,100.0,,0,0,0.0,0,1,0,64.7,90.4,0,14,0.0,0,16,1,100.0,16,118.8,1,6.3,0,14,0,0.0,14.0,0.88,2.8,0,80.0,,0,0,0.0,0,1,0,72.1,80.2,0,10,0.0,0,16,4,93.8,15,86.7,5,33.3,0,24,16,4.0,6.0,1.6,14.5,0,50.0,,0,0,0.0,0,1,0,64.7,89.4,0,14,0.0,0,2,1,100.0,2,72.9,2,5.3,0,14,0,0.0,14.0,7.0,0,-2.5,0,100.0,,0,0,0.0,0,0,1,68.3,26.3,0,2,0.0,0,8,2,100.0,8,79.2,2,25.0,0,4,9,4.5,2.0,0.5,20.0,0,100.0,,0,0,0.0,0,1,0,64.7,90.4,0,25,0.0,0,9,1,88.9,8,118.8,1,12.5,0,25,5,5.0,25.0,3.13,15.0,0,0.0,,0,0,,0,0,0,,58.8,0,0,0.0,0,17,0,88.2,15,39.6,1,6.7,0,0,0,,,0.0,2.2,0,100.0,100.0,1,1,0.0,0,5,1,78.0,91.8,0,25,4.0,1,25,10,88.0,22,138.8,10,45.5,1,93,79,7.9,9.3,4.23,3.1,2,92.9,66.7,2,3,0.0,0,9,1,86.1,93.3,0,25,0.0,0,28,26,100.0,28,121.3,28,73.7,2,207,142,5.5,8.0,7.39
DeAndre Hopkins,7808,WR,BLT,17,38,,0,,,0,0,,0,0,0,,,0,0,,0,0,0,,0,0.0,0,0.0,0,0,0,,,,,0,,,0,0,,0,0,0,,,0,0,0.0,0,11,0,100.0,11,0.0,0,0.0,0,0,0,,,0.0,,0,,,0,0,,0,0,0,,,0,0,0.0,0,1,0,100.0,1,0.0,0,0.0,0,0,0,,,0.0,13.7,0,33.3,100.0,1,1,0.0,0,0,0,68.3,85.6,0,11,0.0,0,17,1,94.1,16,45.1,3,18.8,0,11,0,0.0,11.0,0.69,7.4,0,85.7,50.0,1,2,0.0,0,4,0,74.6,94.8,0,32,0.0,0,43,6,93.0,40,118.8,7,17.5,0,96,52,8.7,16.0,2.4,0,28.1,0,33.3,50.0,3,6,0.0,0,3,0,70.5,97.5,0,41,0.0,0,10,3,90.0,9,112.5,9,23.7,2,93,2,0.7,31.0,10.33,3,,0,,,0,0,,0,0,0,,,0,0,0.0,0,5,0,100.0,5,0.0,0,0.0,0,0,0,,,0.0,28.0,0,40.0,100.0,2,2,0.0,0,2,0,68.3,96.3,0,41,0.0,0,8,2,87.5,7,127.1,5,71.4,1,64,0,0.0,32.0,9.14,13.4,0,42.9,66.7,2,3,25.0,1,3,0,36.2,83.7,0,15,0.0,0,15,3,93.3,14,62.8,7,50.0,0,42,1,0.3,14.0,3.0,8.0,0,75.0,100.0,1,1,0.0,0,1,0,70.5,72.6,1,10,0.0,0,17,3,94.1,16,54.2,4,25.0,0,28,4,1.3,9.3,1.75,13.9,0,42.9,71.4,5,7,14.3,1,5,0,54.5,94.8,0,17,0.0,0,17,6,82.4,14,63.4,14,36.8,0,86,2,0.3,14.3,6.14,0,,0,,,0,0,,0,0,0,,,0,0,0.0,0,3,0,100.0,3,0.0,0,0.0,0,0,0,,,0.0,28.3,0,25.0,25.0,1,4,0.0,0,1,0,64.7,92.4,0,29,0.0,0,14,1,92.9,13,96.9,4,30.8,1,29,2,2.0,29.0,2.23,15.0,0,50.0,66.7,2,3,0.0,0,2,0,70.5,95.5,0,17,0.0,0,11,2,81.8,9,78.1,4,44.4,0,33,1,0.5,16.5,3.67,5.0,0,100.0,100.0,1,1,0.0,0,2,0,72.1,84.2,0,8,0.0,0,24,4,95.8,23,94.8,4,17.4,0,27,7,1.8,6.8,1.17,6.9,0,86.7,75.0,3,4,0.0,0,7,0,80.0,94.0,1,32,0.0,0,16,13,93.8,15,80.8,15,39.5,0,151,63,4.8,11.6,10.07
Joshua Palmer,62979,WR,BUF,12,37,-3.0,0,100.0,,0,0,0.0,0,0,0,68.3,60.9,0,2,0.0,0,2,2,100.0,2,79.2,2,5.4,0,3,9,4.5,1.5,1.5,-2.0,0,100.0,,0,0,0.0,0,0,0,64.7,60.5,0,1,0.0,0,19,1,94.7,18,79.2,1,5.6,0,1,3,3.0,1.0,0.06,43.0,0,100.0,100.0,1,1,0.0,0,1,0,64.7,90.7,0,45,0.0,0,7,1,100.0,7,118.8,1,14.3,0,45,2,2.0,45.0,6.43,11.6,0,72.7,0.0,0,2,11.1,1,6,0,54.9,90.4,0,15,0.0,0,29,8,100.0,29,99.8,11,37.9,0,98,5,0.6,12.3,3.38,4.4,0,42.9,,0,0,0.0,0,1,0,70.5,68.4,1,14,0.0,0,45,3,97.8,44,11.9,7,15.9,0,23,9,3.0,7.7,0.52,0,28.3,0,75.0,100.0,2,2,0.0,0,3,0,70.5,95.5,0,45,0.0,0,6,3,66.7,4,116.7,4,10.8,0,100,13,4.3,33.3,25.0,4,,0,,,0,0,,0,0,0,,,0,0,0.0,0,2,0,100.0,2,0.0,0,0.0,0,0,0,,,0.0,21.0,0,100.0,,0,0,0.0,0,1,0,64.7,90.8,0,32,0.0,0,8,1,87.5,7,118.8,1,14.3,0,32,11,11.0,32.0,4.57,13.8,0,25.0,100.0,1,1,0.0,0,0,0,64.7,48.2,1,11,0.0,0,15,1,80.0,12,0.0,4,33.3,0,11,0,0.0,11.0,0.92,6.5,0,0.0,0.0,0,1,,0,0,0,,57.2,0,0,0.0,0,18,0,94.4,17,39.6,2,11.8,0,0,0,,,0.0,12.9,0,57.9,33.3,1,3,8.3,1,8,0,60.6,90.5,1,32,0.0,0,20,11,95.0,19,62.8,19,51.4,0,157,19,1.7,14.3,8.26,0,-4.0,0,100.0,,0,0,0.0,0,0,0,64.7,60.5,0,2,0.0,0,7,1,85.7,6,79.2,1,16.7,0,2,6,6.0,2.0,0.33,24.5,0,50.0,100.0,1,1,0.0,0,1,0,64.7,86.1,0,23,0.0,0,12,1,83.3,10,91.7,2,20.0,0,23,0,0.0,23.0,2.3,15.5,0,50.0,,0,0,0.0,0,2,0,68.3,90.8,0,32,0.0,0,14,2,92.9,13,93.8,4,30.8,0,48,14,7.0,24.0,3.69,5.3,0,100.0,100.0,1,1,0.0,0,1,0,70.5,74.1,0,8,0.0,0,26,3,84.6,22,94.4,3,13.6,0,20,4,1.3,6.7,0.91,5.0,0,50.0,50.0,1,2,0.0,0,2,0,74.6,72.3,1,14,0.0,0,12,6,100.0,12,24.0,12,32.4,0,43,13,2.2,7.2,3.58
KaVontae Turpin,47658,WR,DAL,15,37,-3.0,6,77.8,,0,0,12.5,1,3,0,52.1,82.9,0,17,0.0,0,9,7,100.0,9,87.5,9,24.3,0,45,66,9.4,6.4,5.0,-3.0,3,66.7,,0,0,20.0,1,1,0,41.6,70.1,0,10,0.0,0,20,4,100.0,20,70.1,6,30.0,0,17,29,7.3,4.3,0.85,46.5,0,50.0,,0,0,0.0,0,1,0,64.7,91.8,0,86,0.0,0,7,1,85.7,6,135.4,2,33.3,1,86,46,46.0,86.0,14.33,15.4,0,60.0,50.0,1,2,0.0,0,3,0,72.1,92.0,1,48,0.0,0,37,3,89.2,33,104.2,5,15.2,1,74,35,11.7,24.7,2.24,4.3,0,75.0,,0,0,25.0,1,1,0,36.2,64.6,0,7,0.0,0,53,3,90.6,48,84.4,4,8.3,0,19,7,2.3,6.3,0.4,0,33.2,0,50.0,,0,0,0.0,0,3,0,70.5,96.3,0,86,0.0,0,6,3,100.0,6,135.4,6,16.2,1,150,54,18.0,50.0,25.0,9,-3.0,3,100.0,,0,0,0.0,0,2,0,70.5,87.5,0,17,0.0,0,6,3,100.0,6,105.6,3,50.0,0,28,37,12.3,9.3,4.67,27.7,0,33.3,,0,0,0.0,0,1,0,64.7,88.5,0,37,0.0,0,14,1,92.9,13,81.3,3,23.1,0,37,4,4.0,37.0,2.85,15.0,0,100.0,,0,0,0.0,0,1,0,64.7,78.2,0,15,0.0,0,11,1,90.9,10,118.8,1,10.0,0,15,0,0.0,15.0,1.5,5.3,0,83.3,,0,0,16.7,1,4,0,46.3,91.2,0,21,0.0,0,24,5,91.7,22,118.8,6,27.3,0,77,51,10.2,15.4,3.5,15.3,0,66.7,50.0,1,2,0.0,0,4,0,73.4,92.8,1,48,0.0,0,9,4,66.7,6,109.7,6,16.2,1,89,35,8.8,22.3,14.83,0,,0,,,0,0,,0,0,0,,,0,0,0.0,0,4,0,75.0,3,0.0,0,0.0,0,0,0,,,0.0,23.0,0,100.0,,0,0,0.0,0,1,0,64.7,90.9,0,27,0.0,0,17,1,82.4,14,118.8,1,7.1,0,27,4,4.0,27.0,1.93,,0,,,0,0,,0,0,0,,,0,0,0.0,0,7,0,85.7,6,0.0,0,0.0,0,0,0,,,0.0,4.3,0,66.7,,0,0,20.0,1,1,0,41.6,54.1,0,6,0.0,0,37,4,86.5,32,70.1,6,18.8,0,16,-1,-0.3,4.0,0.5,4.7,0,75.0,,0,0,20.0,3,6,0,31.3,79.2,0,21,0.0,0,17,12,94.1,16,93.8,16,43.2,0,112,57,4.8,9.3,7.0
Dyami Brown,77986,WR,JAX,13,37,-2.5,3,100.0,,0,0,0.0,0,0,0,72.1,72.8,0,9,0.0,0,4,4,100.0,4,79.2,4,10.8,0,11,21,5.3,2.8,2.75,-2.3,3,100.0,,0,0,0.0,0,0,0,70.5,74.6,0,9,0.0,0,28,3,92.9,26,83.3,3,11.5,0,12,19,6.3,4.0,0.46,42.0,0,0.0,,0,0,,0,0,0,,58.3,0,0,0.0,0,8,0,87.5,7,39.6,2,28.6,0,0,0,,,0.0,14.3,0,42.9,0.0,0,1,25.0,1,3,0,36.2,76.0,0,23,0.0,0,21,3,95.2,20,68.8,7,35.0,0,52,7,2.3,17.3,2.6,5.0,0,75.0,100.0,1,1,0.0,0,2,0,70.5,63.6,0,8,0.0,0,32,3,96.9,31,83.3,4,12.9,0,18,3,1.0,6.0,0.58,0,35.6,0,14.3,0.0,0,2,0.0,0,1,0,64.7,79.2,0,39,0.0,0,7,1,100.0,7,50.3,7,18.9,0,39,0,0.0,39.0,5.57,15,,0,,,0,0,,0,0,0,,,0,0,0.0,0,3,0,66.7,2,0.0,0,0.0,0,0,0,,,0.0,35.8,0,25.0,0.0,0,2,0.0,0,1,0,64.7,86.4,0,39,0.0,0,12,1,100.0,12,67.7,4,33.3,0,39,0,0.0,39.0,3.25,14.8,0,75.0,100.0,1,1,14.3,1,5,0,49.2,92.1,0,18,0.0,0,22,6,95.5,21,146.9,8,38.1,1,82,1,0.2,13.7,3.9,5.3,0,66.7,100.0,1,1,0.0,0,2,0,68.3,87.4,1,10,0.0,0,12,2,100.0,12,40.3,3,25.0,0,16,4,2.0,8.0,1.33,14.8,0,56.3,50.0,1,2,18.2,2,8,0,29.1,85.0,0,23,0.0,0,18,9,88.9,16,104.7,16,43.2,1,134,8,0.9,14.9,8.38,0,-3.0,0,100.0,,0,0,0.0,0,0,0,64.7,60.5,0,-1,0.0,0,8,1,100.0,8,79.2,1,12.5,0,-1,2,2.0,-1.0,-0.13,22.0,0,0.0,,0,0,,0,0,0,,59.4,0,0,0.0,0,5,0,80.0,4,39.6,1,25.0,0,0,0,,,0.0,18.0,0,0.0,,0,0,,0,0,0,27.9,29.5,0,0,0.0,0,6,0,50.0,3,39.6,1,33.3,0,0,0,,,0.0,7.0,0,33.3,50.0,1,2,66.7,2,0,0,26.4,30.8,0,9,0.0,0,19,1,94.7,18,42.4,3,16.7,0,9,0,0.0,9.0,0.5,5.7,0,60.0,75.0,3,4,25.0,2,4,0,29.7,60.9,1,10,0.0,0,10,6,100.0,10,30.4,10,27.0,0,43,7,1.2,7.2,4.3
Aaron Jones,11937,HB,MIN,12,37,-4.6,2,80.0,,0,0,5.9,1,6,1,68.7,72.0,0,18,0.0,0,22,16,90.9,20,87.9,20,54.1,0,102,174,10.9,6.4,5.1,-4.9,0,70.0,,0,0,12.5,1,1,0,56.7,64.9,0,13,0.0,0,17,7,82.4,14,72.9,10,71.4,0,30,66,9.4,4.3,2.14,,0,,,0,0,,0,0,0,,,0,0,44.4,4,9,0,55.6,5,0.0,0,0.0,0,0,0,,,0.0,,0,,,0,0,,0,0,0,,,0,0,12.5,2,16,0,87.5,14,0.0,0,0.0,0,0,0,,,0.0,2.4,1,77.8,100.0,1,1,12.5,1,1,1,52.1,56.7,0,10,13.5,5,37,7,83.8,31,86.1,9,29.0,0,42,25,3.6,6.0,1.35,0,25.0,0,100.0,,0,0,0.0,0,1,0,64.7,80.2,0,27,0.0,0,2,1,50.0,1,158.3,1,2.7,1,27,2,2.0,27.0,27.0,18,-4.0,0,66.7,,0,0,0.0,0,1,0,68.3,80.5,0,13,0.0,0,6,2,100.0,6,77.1,3,50.0,0,14,20,10.0,7.0,2.33,,0,,,0,0,,0,0,0,,59.3,0,0,25.0,3,12,0,66.7,8,0.0,0,0.0,0,0,0,,,0.0,10.7,0,0.0,0.0,0,1,100.0,1,0,0,28.0,27.5,0,0,26.7,4,15,0,66.7,10,39.6,3,30.0,0,0,0,,,0.0,,0,,,0,0,,0,0,0,,,0,0,11.8,2,17,0,82.4,14,0.0,0,0.0,0,0,0,,,0.0,10.7,0,0.0,0.0,0,1,100.0,1,0,0,28.0,27.5,0,0,0.0,0,4,0,75.0,3,39.6,3,8.1,0,0,0,,,0.0,0,-4.3,2,100.0,,0,0,0.0,0,4,1,75.6,66.7,0,18,0.0,0,13,7,100.0,13,101.2,7,53.8,0,58,88,12.6,8.3,4.46,25.0,0,100.0,,0,0,0.0,0,1,0,64.7,90.4,0,27,0.0,0,4,1,100.0,4,158.3,1,25.0,1,27,2,2.0,27.0,6.75,,0,,,0,0,,0,0,0,,,0,0,27.3,3,11,0,63.6,7,0.0,0,0.0,0,0,0,,,0.0,1.8,0,100.0,,0,0,0.0,0,1,0,72.1,89.9,0,11,5.3,1,19,4,89.5,17,95.8,4,23.5,0,28,21,5.3,7.0,1.65,2.2,1,84.6,100.0,1,1,8.3,1,2,0,60.2,74.0,0,11,0.0,0,14,11,92.9,13,89.1,13,35.1,0,70,46,4.2,6.4,5.38
Devaughn Vele,100637,WR,NO,13,36,-1.0,0,0.0,0.0,0,1,,0,0,0,,60.0,0,0,0.0,0,1,0,100.0,1,39.6,1,2.8,0,0,0,,,0.0,,0,,,0,0,,0,0,0,,,0,0,0.0,0,13,0,100.0,13,0.0,0,0.0,0,0,0,,,0.0,,0,,,0,0,,0,0,0,,,0,0,0.0,0,1,0,100.0,1,0.0,0,0.0,0,0,0,,,0.0,12.4,0,91.7,100.0,5,5,0.0,0,9,0,79.4,97.3,0,17,3.8,1,26,11,92.3,24,118.8,12,50.0,0,151,12,1.1,13.7,6.29,5.6,0,80.0,100.0,2,2,0.0,0,4,0,77.3,91.6,0,10,0.0,0,48,8,91.7,44,123.8,10,22.7,1,57,17,2.1,7.1,1.3,0,27.2,0,16.7,0.0,0,1,0.0,0,1,0,64.7,76.8,0,15,0.0,0,7,1,85.7,6,79.2,6,16.7,1,15,0,0.0,15.0,2.5,20,,0,,,0,0,,0,0,0,,,0,0,14.3,1,7,0,71.4,5,0.0,0,0.0,0,0,0,,,0.0,26.0,0,0.0,,0,0,,0,0,0,,56.8,0,0,0.0,0,13,0,61.5,8,39.6,2,25.0,0,0,0,,,0.0,13.3,0,66.7,100.0,1,1,0.0,0,2,0,68.3,90.0,0,16,6.3,1,16,2,87.5,14,99.3,3,21.4,0,30,2,1.0,15.0,2.14,,0,,,0,0,,0,0,0,,,0,0,0.0,0,19,0,100.0,19,0.0,0,0.0,0,0,0,,,0.0,12.7,0,88.9,100.0,7,7,0.0,0,14,0,82.2,98.7,0,17,0.0,0,19,16,94.7,18,117.8,18,50.0,0,221,15,0.9,13.8,12.28,0,-1.0,0,0.0,0.0,0,1,,0,0,0,,60.0,0,0,0.0,0,10,0,100.0,10,39.6,1,10.0,0,0,0,,,0.0,27.8,0,25.0,0.0,0,1,0.0,0,1,0,64.7,83.3,0,15,0.0,0,17,1,88.2,15,82.3,4,26.7,1,15,0,0.0,15.0,1.0,13.0,0,100.0,100.0,1,1,0.0,0,3,0,70.5,94.1,0,14,0.0,0,13,3,100.0,13,118.8,3,23.1,0,40,1,0.3,13.3,3.08,6.0,0,0.0,,0,0,,0,0,0,,58.0,0,0,3.8,1,26,0,88.5,23,39.6,1,4.3,0,0,0,,,0.0,5.6,0,72.7,100.0,2,2,0.0,0,4,0,77.3,91.1,0,10,0.0,0,15,8,73.3,11,114.6,11,30.6,1,57,17,2.1,7.1,5.18
Tyquan Thornton,78092,WR,KC,14,36,-2.0,0,100.0,,0,0,0.0,0,0,0,64.7,60.4,0,5,0.0,0,1,1,100.0,1,87.5,1,2.8,0,5,7,7.0,5.0,5.0,,0,,,0,0,,0,0,0,,,0,0,0.0,0,23,0,100.0,23,0.0,0,0.0,0,0,0,,,0.0,40.2,0,36.4,16.7,1,6,0.0,0,3,0,72.1,94.1,0,61,0.0,0,18,4,88.9,16,114.8,11,68.8,1,168,21,5.3,42.0,10.5,16.0,0,100.0,100.0,2,2,0.0,0,3,0,70.5,94.0,0,21,0.0,0,20,3,85.0,17,157.6,3,17.6,2,37,2,0.7,12.3,2.18,,0,,,0,0,,0,0,0,,,0,0,0.0,0,54,0,100.0,54,0.0,0,0.0,0,0,0,,,0.0,0,37.0,0,34.8,25.0,2,8,0.0,0,7,0,76.5,96.5,0,61,0.0,0,24,8,95.8,23,97.6,23,63.9,1,312,37,4.6,39.0,13.57,16,,0,,,0,0,,0,0,0,,,0,0,0.0,0,9,0,88.9,8,0.0,0,0.0,0,0,0,,,0.0,35.0,0,33.3,100.0,1,1,0.0,0,2,0,68.3,93.2,0,39,0.0,0,12,2,91.7,11,79.9,6,54.5,0,72,4,2.0,36.0,6.55,15.0,0,100.0,,0,0,0.0,0,2,0,68.3,90.5,0,21,0.0,0,8,2,100.0,8,118.8,2,25.0,0,33,3,1.5,16.5,4.13,4.8,0,100.0,,0,0,0.0,0,2,0,72.1,81.8,0,10,0.0,0,19,4,94.7,18,94.8,4,22.2,0,27,8,2.0,6.8,1.5,16.4,0,75.0,100.0,2,2,0.0,0,6,0,74.6,94.5,0,24,0.0,0,9,6,88.9,8,153.1,8,22.2,2,94,10,1.7,15.7,11.75,0,-2.0,0,100.0,,0,0,0.0,0,0,0,64.7,60.4,0,5,0.0,0,7,1,85.7,6,87.5,1,16.7,0,5,7,7.0,5.0,0.83,33.3,0,33.3,0.0,0,1,0.0,0,2,0,68.3,90.7,0,38,0.0,0,15,2,86.7,13,79.9,6,46.2,0,72,12,6.0,36.0,5.54,17.7,0,33.3,,0,0,0.0,0,1,0,64.7,71.7,0,24,0.0,0,11,1,90.9,10,63.2,3,30.0,0,24,5,5.0,24.0,2.4,,0,,,0,0,,0,0,0,,,0,0,0.0,0,12,0,100.0,12,0.0,0,0.0,0,0,0,,,0.0,4.8,0,100.0,,0,0,0.0,0,2,0,72.1,81.8,0,10,0.0,0,4,4,100.0,4,94.8,4,11.1,0,27,8,2.0,6.8,6.75
Elijah Higgins,98027,TE,ARZ,17,36,-2.8,6,100.0,,0,0,0.0,0,0,0,74.6,89.4,0,7,0.0,0,6,6,100.0,6,82.6,6,16.7,0,23,40,6.7,3.8,3.83,-4.3,2,100.0,,0,0,0.0,0,0,0,70.5,64.7,0,7,5.9,1,17,3,94.1,16,80.6,3,18.8,0,10,23,7.7,3.3,0.63,,0,,,0,0,,0,0,0,,,0,0,0.0,0,10,0,100.0,10,0.0,0,0.0,0,0,0,,,0.0,10.5,0,50.0,0.0,0,2,0.0,0,2,0,68.3,93.3,0,21,0.0,0,18,2,94.4,17,77.1,4,23.5,0,32,12,6.0,16.0,1.88,3.8,5,100.0,100.0,1,1,0.0,0,6,1,80.0,94.2,0,27,1.1,1,88,12,94.3,83,114.2,12,14.5,0,137,91,7.6,11.4,1.65,0,,0,,,0,0,,0,0,0,,,0,0,,0,0,0,,0,0.0,0,0.0,0,0,0,,,,1,,0,,,0,0,,0,0,0,,,0,0,33.3,1,3,0,66.7,2,0.0,0,0.0,0,0,0,,,0.0,,0,,,0,0,,0,0,0,,,0,0,0.0,0,16,0,81.3,13,0.0,0,0.0,0,0,0,,,0.0,10.0,0,0.0,,0,0,,0,0,0,,59.6,0,0,0.0,0,18,0,94.4,17,39.6,1,5.9,0,0,0,,,0.0,2.3,0,83.3,,0,0,0.0,0,3,0,73.4,91.0,0,17,0.0,0,23,5,91.3,21,97.2,6,28.6,0,44,33,6.6,8.8,2.1,11.7,0,42.9,25.0,1,4,0.0,0,3,0,70.5,93.0,0,21,0.0,0,8,3,87.5,7,64.0,7,19.4,0,44,12,4.0,14.7,6.29,0,-1.3,4,100.0,,0,0,0.0,0,0,0,70.5,90.3,0,7,6.7,1,15,3,93.3,14,84.7,3,21.4,0,13,17,5.7,4.3,0.93,,0,,,0,0,,0,0,0,,,0,0,14.3,1,7,0,71.4,5,0.0,0,0.0,0,0,0,,,0.0,15.0,0,50.0,50.0,1,2,0.0,0,1,0,64.7,76.7,0,12,6.3,1,16,1,93.8,15,68.8,2,13.3,0,12,0,0.0,12.0,0.8,4.8,3,80.0,0.0,0,1,0.0,0,3,0,72.1,94.8,1,24,0.0,0,31,4,100.0,31,71.3,5,16.1,0,53,35,8.8,13.3,1.71,3.7,8,91.3,50.0,1,2,0.0,0,12,1,84.5,96.2,1,27,0.0,0,25,21,92.0,23,90.9,23,63.9,0,234,159,7.6,11.1,10.17
Jaylin Noel,125155,WR,HST,19,35,-3.9,0,100.0,,0,0,0.0,0,1,0,76.5,69.9,0,12,0.0,0,8,8,100.0,8,121.4,8,22.9,1,29,60,7.5,3.6,3.63,-3.6,0,100.0,,0,0,0.0,0,0,0,73.4,62.2,0,12,0.0,0,11,5,100.0,11,90.0,5,45.5,0,28,46,9.2,5.6,2.55,34.0,0,0.0,0.0,0,1,,0,0,0,,59.9,0,0,0.0,0,5,0,100.0,5,39.6,1,20.0,0,0,0,,,0.0,15.0,0,0.0,,0,0,100.0,1,0,0,27.9,39.9,0,0,0.0,0,20,0,95.0,19,39.6,3,15.8,0,0,0,,,0.0,4.4,0,100.0,,0,0,0.0,0,2,0,73.4,81.1,0,13,0.0,0,47,5,95.7,45,96.7,5,11.1,0,36,14,2.8,7.2,0.8,0,29.6,0,66.7,50.0,1,2,0.0,0,6,0,74.6,98.4,1,44,0.0,0,10,6,90.0,9,107.2,9,25.7,1,186,14,2.3,31.0,20.67,13,-2.0,0,100.0,,0,0,0.0,0,0,0,64.7,61.0,0,-1,0.0,0,2,1,100.0,2,79.2,1,50.0,0,-1,1,1.0,-1.0,-0.5,35.0,0,75.0,,0,0,0.0,0,3,0,70.5,96.3,0,44,0.0,0,7,3,85.7,6,156.3,4,66.7,1,108,7,2.3,36.0,18.0,,0,,,0,0,,0,0,0,,60.0,0,0,0.0,0,10,0,80.0,8,0.0,0,0.0,0,0,0,,,0.0,5.0,0,75.0,,0,0,0.0,0,3,0,74.6,90.2,0,9,0.0,0,26,6,100.0,26,83.3,8,30.8,0,36,11,1.8,6.0,1.38,15.0,0,0.0,,0,0,100.0,1,0,0,27.9,40.7,0,0,0.0,0,4,0,75.0,3,39.6,3,8.6,0,0,0,,,0.0,0,-5.5,0,100.0,,0,0,0.0,0,1,0,68.3,76.9,0,4,0.0,0,5,2,100.0,5,118.8,2,40.0,1,2,13,6.5,1.0,0.4,23.0,0,75.0,100.0,1,1,0.0,0,3,0,70.5,95.6,1,29,0.0,0,13,3,100.0,13,77.1,4,30.8,0,78,7,2.3,26.0,6.0,,0,,,0,0,,0,0,0,,,0,0,0.0,0,10,0,100.0,10,0.0,0,0.0,0,0,0,,,0.0,2.0,0,50.0,,0,0,0.0,0,1,0,64.7,81.6,0,5,0.0,0,22,1,100.0,22,56.3,2,9.1,0,5,1,1.0,5.0,0.23,4.4,0,80.0,,0,0,0.0,0,6,0,79.4,91.8,0,13,0.0,0,15,12,100.0,15,88.1,15,42.9,0,77,26,2.2,6.4,5.13
Calvin Ridley,48262,WR,TEN,7,35,-2.0,0,100.0,,0,0,0.0,0,0,0,64.7,61.0,0,1,0.0,0,1,1,100.0,1,79.2,1,2.9,0,1,3,3.0,1.0,1.0,,0,,,0,0,,0,0,0,,,0,0,0.0,0,7,0,100.0,7,0.0,0,0.0,0,0,0,,,0.0,40.0,0,100.0,,0,0,0.0,0,1,0,64.7,90.4,0,47,0.0,0,3,1,66.7,2,118.8,1,50.0,0,47,7,7.0,47.0,23.5,14.3,0,28.6,0.0,0,2,50.0,2,2,0,27.3,51.5,0,22,0.0,0,15,2,100.0,15,50.9,7,46.7,0,40,15,7.5,20.0,2.67,8.3,0,25.0,0.0,0,2,50.0,1,1,0,28.9,58.0,0,13,0.0,0,33,1,97.0,32,40.6,4,12.5,0,13,6,6.0,13.0,0.41,0,29.8,0,50.0,,0,0,0.0,0,3,0,70.5,94.8,1,47,0.0,0,7,3,85.7,6,56.3,6,17.1,0,110,17,5.7,36.7,18.33,31,-2.0,0,100.0,,0,0,0.0,0,0,0,64.7,61.0,0,1,0.0,0,8,1,75.0,6,79.2,1,16.7,0,1,3,3.0,1.0,0.17,23.0,0,50.0,,0,0,0.0,0,1,0,64.7,90.1,1,25,0.0,0,4,1,100.0,4,56.3,2,50.0,0,25,4,4.0,25.0,6.25,14.0,0,50.0,,0,0,0.0,0,2,0,68.3,83.8,0,26,0.0,0,9,2,88.9,8,84.4,4,50.0,0,39,11,5.5,19.5,4.88,7.4,0,71.4,100.0,1,1,0.0,0,3,0,73.4,87.0,0,21,0.0,0,21,5,100.0,21,94.3,7,33.3,0,55,17,3.4,11.0,2.62,14.2,1,38.5,0.0,0,3,28.6,2,5,0,29.2,78.6,0,27,0.0,0,13,5,100.0,13,68.1,13,37.1,0,106,35,7.0,21.2,8.15,0,,0,,,0,0,,0,0,0,,,0,0,0.0,0,3,0,100.0,3,0.0,0,0.0,0,0,0,,,0.0,31.0,0,33.3,,0,0,0.0,0,1,0,64.7,86.8,0,38,0.0,0,8,1,87.5,7,81.9,3,42.9,0,38,6,6.0,38.0,5.43,14.5,1,50.0,0.0,0,1,0.0,0,1,0,64.7,90.1,0,27,0.0,0,7,1,85.7,6,95.8,2,33.3,0,27,9,9.0,27.0,4.5,6.0,1,50.0,0.0,0,1,0.0,0,1,0,68.3,72.3,0,10,0.0,0,13,2,92.3,12,62.5,4,33.3,0,18,8,4.0,9.0,1.5,7.3,1,53.3,25.0,1,4,11.1,1,5,0,54.9,82.2,0,21,0.0,0,15,8,100.0,15,70.4,15,42.9,0,86,31,3.9,10.8,5.73
David Sills V,34579,WR,ATL,17,35,-1.0,2,66.7,0.0,0,1,33.3,1,1,0,30.0,60.4,1,9,0.0,0,3,2,100.0,3,78.5,3,8.6,1,15,17,8.5,7.5,5.0,-1.0,2,66.7,0.0,0,1,33.3,1,1,0,30.0,60.4,1,9,8.3,3,36,2,91.7,33,78.5,3,9.1,1,15,17,8.5,7.5,0.45,21.0,0,0.0,,0,0,,0,0,0,,56.4,0,0,0.0,0,11,0,90.9,10,39.6,3,30.0,0,0,0,,,0.0,13.4,0,28.6,,0,0,33.3,1,2,0,29.9,78.6,0,20,0.0,0,29,2,96.6,28,83.9,7,25.0,1,29,10,5.0,14.5,1.04,4.8,1,75.0,100.0,2,2,0.0,0,2,0,74.6,86.9,0,13,0.0,0,71,6,100.0,71,88.5,8,11.3,0,46,14,2.3,7.7,0.65,0,23.5,0,12.5,,0,0,50.0,1,1,0,28.8,62.5,0,21,0.0,0,10,1,80.0,8,39.6,8,22.9,0,21,1,1.0,21.0,2.63,2,,0,,,0,0,,0,0,0,,,0,0,0.0,0,9,0,100.0,9,0.0,0,0.0,0,0,0,,,0.0,29.5,0,0.0,,0,0,100.0,1,0,0,27.9,39.7,0,0,8.3,1,12,0,91.7,11,39.6,2,18.2,0,0,0,,,0.0,18.0,0,100.0,,0,0,0.0,0,1,0,64.7,75.6,0,20,4.5,1,22,1,81.8,18,118.8,1,5.6,0,20,2,2.0,20.0,1.11,4.0,0,75.0,0.0,0,1,0.0,0,0,0,70.5,72.8,0,12,0.0,0,26,3,96.2,25,90.6,4,16.0,0,25,14,4.7,8.3,1.0,14.0,0,50.0,,0,0,16.7,1,5,0,45.8,91.1,0,20,0.0,0,11,5,90.9,10,109.2,10,28.6,1,77,12,2.4,15.4,7.7,0,,0,,,0,0,,0,0,0,,,0,0,0.0,0,8,0,100.0,8,0.0,0,0.0,0,0,0,,,0.0,22.0,0,33.3,,0,0,0.0,0,1,0,64.7,81.4,0,21,0.0,0,21,1,85.7,18,59.0,3,16.7,0,21,1,1.0,21.0,1.17,14.0,0,100.0,,0,0,0.0,0,2,0,68.3,90.3,0,17,0.0,0,20,2,90.0,18,118.8,2,11.1,0,28,0,0.0,14.0,1.56,5.5,0,50.0,,0,0,0.0,0,0,0,64.7,60.5,0,7,0.0,0,27,1,100.0,27,58.3,2,7.4,0,7,1,1.0,7.0,0.26,4.6,1,71.4,66.7,2,3,0.0,0,2,0,78.0,85.0,0,13,0.0,0,14,10,100.0,14,84.8,14,40.0,0,78,29,2.9,7.8,5.57
Rashod Bateman,84296,WR,BLT,13,35,,0,,,0,0,,0,0,0,,,0,0,,0,0,0,,0,0.0,0,0.0,0,0,0,,,,,0,,,0,0,,0,0,0,,,0,0,0.0,0,18,0,94.4,17,0.0,0,0.0,0,0,0,,,0.0,,0,,,0,0,,0,0,0,,,0,0,0.0,0,3,0,100.0,3,0.0,0,0.0,0,0,0,,,0.0,15.4,0,62.5,50.0,1,2,16.7,1,4,0,46.3,90.8,0,20,0.0,0,35,5,97.1,34,134.4,8,23.5,1,78,2,0.4,15.6,2.29,3.4,0,66.7,100.0,1,1,14.3,1,2,0,52.1,68.9,0,8,0.0,0,72,6,93.1,67,109.0,9,13.4,1,31,12,2.0,5.2,0.46,0,30.7,1,16.7,,0,0,0.0,0,1,0,64.7,66.9,1,36,0.0,0,6,1,100.0,6,12.5,6,17.1,0,36,7,7.0,36.0,6.0,3,,0,,,0,0,,0,0,0,,,0,0,0.0,0,11,0,100.0,11,0.0,0,0.0,0,0,0,,,0.0,32.0,0,0.0,,0,0,,0,0,0,,59.3,0,0,0.0,0,9,0,88.9,8,39.6,1,12.5,0,0,0,,,0.0,11.7,0,66.7,0.0,0,1,33.3,1,2,0,29.9,73.2,0,14,0.0,0,13,2,92.3,12,91.0,3,25.0,0,24,0,0.0,12.0,2.0,6.3,0,0.0,0.0,0,1,,0,0,0,,56.8,0,0,0.0,0,29,0,96.6,28,39.6,3,10.7,0,0,0,,,0.0,14.9,0,61.5,33.3,1,3,20.0,2,7,0,35.7,91.5,0,24,0.0,0,13,8,100.0,13,119.4,13,37.1,1,126,7,0.9,15.8,9.69,0,,0,,,0,0,,0,0,0,,,0,0,0.0,0,10,0,100.0,10,0.0,0,0.0,0,0,0,,,0.0,30.4,1,20.0,,0,0,0.0,0,1,0,64.7,68.4,1,36,0.0,0,13,1,100.0,13,17.5,5,38.5,0,36,7,7.0,36.0,2.77,18.0,0,50.0,,0,0,0.0,0,1,0,64.7,78.0,0,24,0.0,0,19,1,89.5,17,93.8,2,11.8,0,24,5,5.0,24.0,1.41,3.8,1,100.0,,0,0,0.0,0,2,0,72.1,83.6,0,10,0.0,0,33,4,97.0,32,99.0,4,12.5,0,31,16,4.0,7.8,0.97,4.1,1,62.5,50.0,1,2,9.1,1,4,0,60.2,76.5,0,10,0.0,0,17,10,94.1,16,91.1,16,45.7,1,62,28,2.8,6.2,3.88
Dylan Sampson,163772,HB,CLV,15,35,-5.1,2,95.0,,0,0,5.0,1,4,1,69.6,90.4,0,66,0.0,0,20,19,100.0,20,113.3,20,57.1,1,144,245,12.9,7.6,7.2,-5.0,0,100.0,,0,0,0.0,0,1,0,72.1,82.7,0,11,7.1,1,14,4,85.7,12,81.3,4,33.3,0,14,34,8.5,3.5,1.17,,0,,,0,0,,0,0,0,,,0,0,0.0,0,2,0,100.0,2,0.0,0,0.0,0,0,0,,,0.0,,0,,,0,0,,0,0,0,,,0,0,0.0,0,11,0,81.8,9,0.0,0,0.0,0,0,0,,,0.0,3.3,5,100.0,,0,0,0.0,0,2,0,78.0,93.5,0,31,10.5,4,38,10,84.2,32,106.3,10,31.3,0,95,62,6.2,9.5,2.97,0,,0,,,0,0,,0,0,0,,,0,0,,0,0,0,,0,0.0,0,0.0,0,0,0,,,,8,-4.5,0,100.0,,0,0,0.0,0,0,0,76.5,91.4,0,9,10.0,1,10,8,90.0,9,85.4,8,88.9,0,36,72,9.0,4.5,4.0,,0,,,0,0,,0,0,0,,,0,0,0.0,0,4,0,100.0,4,0.0,0,0.0,0,0,0,,,0.0,13.0,0,100.0,,0,0,0.0,0,1,0,64.7,81.5,0,8,8.3,1,12,1,91.7,11,139.6,1,9.1,1,8,0,0.0,8.0,0.73,2.0,1,50.0,,0,0,0.0,0,0,0,64.7,64.6,0,7,0.0,0,9,1,100.0,9,58.3,2,22.2,0,7,5,5.0,7.0,0.78,13.0,0,100.0,,0,0,0.0,0,1,0,64.7,81.5,0,8,0.0,0,1,1,100.0,1,139.6,1,2.9,1,8,0,0.0,8.0,8.0,0,-5.8,2,87.5,,0,0,12.5,1,3,1,52.1,66.0,0,66,0.0,0,10,7,90.0,9,155.2,8,88.9,1,94,139,19.9,13.4,10.44,,0,,,0,0,,0,0,0,,,0,0,50.0,2,4,0,25.0,1,0.0,0,0.0,0,0,0,,,0.0,,0,,,0,0,,0,0,0,,,0,0,0.0,0,1,0,100.0,1,0.0,0,0.0,0,0,0,,,0.0,2.5,0,100.0,,0,0,0.0,0,1,0,68.3,91.2,0,9,7.1,1,14,2,92.9,13,102.1,2,15.4,0,17,12,6.0,8.5,1.31,3.0,6,92.9,,0,0,0.0,0,3,0,80.0,94.7,0,31,0.0,0,14,13,100.0,14,102.1,14,40.0,0,119,79,6.1,9.2,8.5
Darren Waller,9637,TE,MIA,9,34,-4.0,0,100.0,,0,0,0.0,0,1,0,64.7,79.1,0,8,0.0,0,1,1,100.0,1,100.0,1,2.9,0,8,12,12.0,8.0,8.0,,0,,,0,0,,0,0,0,,,0,0,0.0,0,8,0,87.5,7,0.0,0,0.0,0,0,0,,,0.0,22.7,0,100.0,100.0,1,1,0.0,0,3,0,70.5,97.2,0,34,0.0,0,4,3,100.0,4,118.8,3,75.0,0,77,9,3.0,25.7,19.25,13.3,0,50.0,33.3,1,3,0.0,0,6,0,74.6,95.1,0,20,0.0,0,28,6,89.3,25,104.5,12,48.0,3,61,5,0.8,10.2,2.44,5.3,0,83.3,0.0,0,1,0.0,0,3,0,73.4,94.3,0,14,0.0,0,33,5,93.9,31,104.9,6,19.4,0,55,27,5.4,11.0,1.77,0,22.3,0,71.4,100.0,1,1,0.0,0,5,0,73.4,97.1,0,34,0.0,0,7,5,100.0,7,153.3,7,20.6,1,124,20,4.0,24.8,17.71,17,-4.0,0,100.0,,0,0,0.0,0,1,0,64.7,79.1,0,8,0.0,0,5,1,100.0,5,100.0,1,20.0,0,8,12,12.0,8.0,1.6,21.3,0,66.7,,0,0,0.0,0,2,0,68.3,90.0,0,34,0.0,0,10,2,100.0,10,149.3,3,30.0,1,47,11,5.5,23.5,4.7,,0,,,0,0,,0,0,0,,,0,0,0.0,0,2,0,100.0,2,0.0,0,0.0,0,0,0,,,0.0,4.3,0,100.0,100.0,1,1,0.0,0,2,0,70.5,89.6,0,7,0.0,0,14,3,100.0,14,90.3,3,21.4,0,17,4,1.3,5.7,1.21,13.6,0,53.3,50.0,2,4,0.0,0,8,0,77.3,96.6,0,20,0.0,0,17,8,88.2,15,106.7,15,44.1,5,74,5,0.6,9.3,4.93,0,,0,,,0,0,,0,0,0,,,0,0,10.0,1,10,0,80.0,8,0.0,0,0.0,0,0,0,,,0.0,24.0,0,0.0,,0,0,,0,0,0,,59.9,0,0,0.0,0,4,0,100.0,4,39.6,1,25.0,0,0,0,,,0.0,14.7,0,66.7,100.0,1,1,0.0,0,2,0,70.5,93.1,0,7,0.0,0,12,2,91.7,11,115.3,3,27.3,2,13,0,0.0,6.5,1.18,2.0,0,100.0,100.0,1,1,0.0,0,0,0,68.3,64.3,0,5,0.0,0,7,2,100.0,7,79.2,2,28.6,0,5,1,0.5,2.5,0.71,4.5,0,90.9,66.7,2,3,0.0,0,5,0,78.0,94.1,0,14,0.0,0,11,10,100.0,11,95.8,11,32.4,0,77,32,3.2,7.7,7.0
Omarion Hampton,162750,HB,LAC,10,34,-4.4,2,100.0,,0,0,0.0,0,4,1,83.6,79.6,0,22,0.0,0,20,19,95.0,19,87.3,19,55.9,0,94,177,9.3,4.9,4.95,-4.5,2,100.0,,0,0,0.0,0,3,1,81.1,75.2,0,22,4.8,1,21,15,95.2,20,85.6,15,75.0,0,68,136,9.1,4.5,3.4,,0,,,0,0,,0,0,0,,,0,0,40.0,2,5,0,40.0,2,0.0,0,0.0,0,0,0,,,0.0,,0,,,0,0,,0,0,0,,,0,0,33.3,6,18,0,55.6,10,0.0,0,0.0,0,0,0,,,0.0,2.6,0,85.7,100.0,2,2,0.0,0,0,0,74.6,82.3,0,13,19.2,10,52,6,80.8,42,90.5,7,16.7,0,40,22,3.7,6.7,0.95,0,,0,,,0,0,,0,0,0,,,0,0,,0,0,0,,0,0.0,0,0.0,0,0,0,,,,27,-4.0,0,100.0,,0,0,0.0,0,0,0,68.3,63.8,0,6,0.0,0,2,2,100.0,2,91.7,2,100.0,0,12,20,10.0,6.0,6.0,,0,,,0,0,,0,0,0,,,0,0,14.3,2,14,0,85.7,12,0.0,0,0.0,0,0,0,,,0.0,,0,,,0,0,,0,0,0,,,0,0,22.2,2,9,0,66.7,6,0.0,0,0.0,0,0,0,,,0.0,3.3,0,66.7,0.0,0,1,0.0,0,0,0,68.3,88.9,0,19,41.7,5,12,2,58.3,7,95.1,3,42.9,0,27,20,10.0,13.5,3.86,,0,,,0,0,,0,0,0,,,0,0,,0,0,0,,0,0.0,0,0.0,0,0,0,,,,0,-3.5,0,100.0,,0,0,0.0,0,1,0,70.5,83.1,0,12,0.0,0,6,2,83.3,5,95.8,2,40.0,0,14,21,10.5,7.0,2.8,,0,,,0,0,,0,0,0,,,0,0,12.5,1,8,0,75.0,6,0.0,0,0.0,0,0,0,,,0.0,,0,,,0,0,,0,0,0,,,0,0,27.3,3,11,0,63.6,7,0.0,0,0.0,0,0,0,,,0.0,0.4,1,100.0,100.0,1,1,0.0,0,3,0,73.4,89.7,0,12,3.3,1,30,5,96.7,29,132.1,5,17.2,1,31,29,5.8,6.2,1.07,2.0,1,86.7,75.0,3,4,0.0,0,3,0,80.0,92.4,0,19,0.0,0,15,13,100.0,15,116.1,15,44.1,1,98,71,5.5,7.5,6.53
Isaiah Likely,83955,TE,BLT,14,34,-1.5,1,100.0,,0,0,0.0,0,0,0,68.3,61.6,0,6,0.0,0,2,2,100.0,2,85.4,2,5.9,0,9,12,6.0,4.5,4.5,-2.0,0,100.0,,0,0,0.0,0,0,0,64.7,60.5,0,6,10.0,1,10,1,90.0,9,91.7,1,11.1,0,6,8,8.0,6.0,0.67,26.0,1,100.0,,0,0,0.0,0,1,0,64.7,90.9,0,30,0.0,0,5,1,100.0,5,118.8,1,20.0,0,30,4,4.0,30.0,6.0,12.8,1,75.0,0.0,0,1,0.0,0,2,1,70.5,70.4,0,43,8.7,2,23,3,82.6,19,156.3,4,21.1,1,59,31,10.3,19.7,3.11,5.0,0,85.7,100.0,1,1,7.7,1,5,0,61.8,84.3,0,15,0.0,0,62,12,93.5,58,95.5,14,24.1,0,97,35,2.9,8.1,1.67,0,26.0,1,66.7,100.0,1,1,0.0,0,2,0,68.3,95.1,0,30,0.0,0,4,2,75.0,3,109.7,3,8.8,0,56,6,3.0,28.0,18.67,3,,0,,,0,0,,0,0,0,,,0,0,11.1,1,9,0,88.9,8,0.0,0,0.0,0,0,0,,,0.0,24.0,0,100.0,100.0,1,1,0.0,0,1,0,64.7,90.9,0,26,0.0,0,5,1,80.0,4,118.8,1,25.0,0,26,2,2.0,26.0,6.5,11.0,0,50.0,,0,0,0.0,0,0,0,64.7,60.1,0,10,0.0,0,8,1,100.0,8,64.6,2,25.0,0,10,0,0.0,10.0,1.25,4.5,0,100.0,,0,0,0.0,0,1,0,68.3,77.7,0,11,0.0,0,28,2,96.4,27,106.3,2,7.4,0,19,10,5.0,9.5,0.7,12.1,1,71.4,0.0,0,1,0.0,0,3,1,73.4,76.8,0,43,0.0,0,8,5,87.5,7,153.3,7,20.6,1,104,54,10.8,20.8,14.86,0,-1.0,1,100.0,,0,0,0.0,0,0,0,64.7,61.8,0,3,9.1,1,11,1,90.9,10,79.2,1,10.0,0,3,4,4.0,3.0,0.3,28.0,0,0.0,,0,0,,0,0,0,,55.6,0,0,7.1,1,14,0,71.4,10,39.6,1,10.0,0,0,0,,,0.0,12.0,0,100.0,,0,0,0.0,0,1,0,64.7,79.1,0,35,0.0,0,11,1,90.9,10,118.8,1,10.0,0,35,23,23.0,35.0,3.5,5.0,0,66.7,,0,0,0.0,0,0,1,72.1,52.6,0,7,7.1,2,28,4,85.7,24,72.9,6,25.0,0,22,5,1.3,5.5,0.92,5.0,0,81.8,100.0,1,1,5.3,1,6,1,68.7,79.5,0,15,0.0,0,22,18,100.0,22,92.8,22,64.7,0,138,50,2.8,7.7,6.27
Adam Thielen,8288,WR,PIT,17,34,-1.0,0,100.0,,0,0,0.0,0,1,0,64.7,78.6,0,4,0.0,0,1,1,100.0,1,83.3,1,2.9,0,4,5,5.0,4.0,4.0,,0,,,0,0,,0,0,0,,,0,0,3.7,1,27,0,96.3,26,0.0,0,0.0,0,0,0,,,0.0,,0,,,0,0,,0,0,0,,,0,0,0.0,0,7,0,85.7,6,0.0,0,0.0,0,0,0,,,0.0,12.4,0,42.9,50.0,1,2,40.0,2,3,0,28.0,67.7,0,17,0.0,0,24,3,91.7,22,62.8,7,31.8,0,42,5,1.7,14.0,1.91,5.5,1,66.7,50.0,2,4,0.0,0,4,0,76.5,86.4,0,11,0.0,0,42,8,100.0,42,79.2,12,28.6,0,62,18,2.3,7.8,1.48,0,24.0,0,33.3,100.0,1,1,0.0,0,1,0,64.7,89.8,0,28,0.0,0,3,1,100.0,3,68.8,3,8.8,0,28,6,6.0,28.0,9.33,25,-1.0,0,100.0,,0,0,0.0,0,1,0,64.7,78.6,0,4,0.0,0,12,1,100.0,12,83.3,1,8.3,0,4,5,5.0,4.0,0.33,25.0,0,0.0,,0,0,,0,0,0,,58.7,0,0,0.0,0,10,0,100.0,10,39.6,2,20.0,0,0,0,,,0.0,16.0,0,50.0,0.0,0,1,0.0,0,1,0,64.7,76.8,0,21,0.0,0,13,1,84.6,11,87.5,2,18.2,0,21,3,3.0,21.0,1.91,3.2,1,83.3,,0,0,16.7,1,1,0,45.8,70.1,0,8,0.0,0,27,5,92.6,25,88.2,6,24.0,0,31,16,3.2,6.2,1.24,13.8,0,50.0,50.0,2,4,28.6,2,5,0,29.2,87.0,0,21,0.0,0,10,5,100.0,10,77.9,10,29.4,0,82,8,1.6,16.4,8.2,0,,0,,,0,0,,0,0,0,,,0,0,0.0,0,11,0,81.8,9,0.0,0,0.0,0,0,0,,,0.0,22.0,0,100.0,100.0,1,1,0.0,0,1,0,64.7,91.0,0,28,0.0,0,8,1,87.5,7,118.8,1,14.3,0,28,6,6.0,28.0,4.0,19.0,0,100.0,100.0,1,1,0.0,0,1,0,64.7,91.0,0,19,0.0,0,16,1,93.8,15,118.8,1,6.7,0,19,0,0.0,19.0,1.27,4.5,0,50.0,0.0,0,1,0.0,0,0,0,68.3,60.4,0,4,0.0,0,28,1,96.4,27,56.3,2,7.4,0,4,2,2.0,4.0,0.15,4.7,2,70.0,40.0,2,5,6.7,1,5,0,65.6,82.4,0,11,0.0,0,21,14,95.2,20,80.6,20,58.8,0,97,36,2.6,6.9,4.85
Isaiah Williams,97156,WR,NYJ,11,34,-3.6,2,84.6,,0,0,0.0,0,2,0,78.7,79.1,0,12,0.0,0,14,11,92.9,13,79.8,13,38.2,0,41,81,7.4,3.7,3.15,-3.9,2,100.0,,0,0,0.0,0,2,0,75.6,85.2,0,12,0.0,0,13,7,92.3,12,88.7,7,58.3,0,37,64,9.1,5.3,3.08,,0,,,0,0,,0,0,0,,,0,0,,0,0,0,,0,0.0,0,,0,0,0,,,,13.0,0,100.0,,0,0,0.0,0,2,0,68.3,90.5,0,15,0.0,0,11,2,100.0,11,118.8,2,18.2,0,28,2,1.0,14.0,2.55,4.6,0,70.0,50.0,1,2,12.5,1,2,0,52.1,74.5,0,11,0.0,0,37,7,100.0,37,82.9,10,27.0,0,54,21,3.0,7.7,1.46,0,20.0,0,0.0,,0,0,,0,0,0,,58.5,0,0,0.0,0,2,0,50.0,1,39.6,1,2.9,0,0,0,,,0.0,22,-5.0,0,100.0,,0,0,0.0,0,0,0,64.7,65.5,0,2,0.0,0,9,1,100.0,9,79.2,1,11.1,0,2,7,7.0,2.0,0.22,20.0,0,0.0,,0,0,,0,0,0,,58.5,0,0,0.0,0,8,0,87.5,7,39.6,1,14.3,0,0,0,,,0.0,11.0,0,100.0,,0,0,0.0,0,1,0,64.7,79.2,0,15,0.0,0,9,1,100.0,9,118.8,1,11.1,0,15,4,4.0,15.0,1.67,4.5,0,100.0,,0,0,0.0,0,1,0,68.3,75.5,0,8,3.4,1,29,2,93.1,27,91.7,2,7.4,0,12,3,1.5,6.0,0.44,13.8,0,100.0,,0,0,0.0,0,5,0,73.4,95.3,0,25,0.0,0,5,5,100.0,5,118.8,5,14.7,0,82,13,2.6,16.4,16.4,0,-3.0,0,60.0,,0,0,0.0,0,0,0,70.5,59.3,0,5,0.0,0,14,3,92.9,13,64.6,5,38.5,0,2,10,3.3,0.7,0.15,,0,,,0,0,,0,0,0,,,0,0,0.0,0,5,0,100.0,5,0.0,0,0.0,0,0,0,,,0.0,16.0,0,100.0,,0,0,0.0,0,2,0,68.3,92.7,0,25,0.0,0,13,2,100.0,13,118.8,2,15.4,0,39,7,3.5,19.5,3.0,3.3,0,33.3,,0,0,0.0,0,0,0,64.7,58.6,0,4,0.0,0,21,1,100.0,21,42.4,3,14.3,0,4,4,4.0,4.0,0.19,4.3,0,66.7,50.0,1,2,9.1,1,3,0,58.5,76.4,0,11,0.0,0,15,10,100.0,15,77.1,15,44.1,0,70,28,2.8,7.0,4.67
Kyle Monangai,129891,HB,CHI,19,34,-3.6,4,80.0,,0,0,14.3,2,6,0,48.0,73.5,1,34,0.0,0,16,12,93.8,15,76.1,15,44.1,0,134,176,14.7,11.2,8.93,-4.2,1,66.7,,0,0,25.0,2,3,0,32.2,47.3,1,25,4.8,1,21,6,90.5,19,49.5,9,47.4,0,68,94,15.7,11.3,3.58,,0,,,0,0,,0,0,0,,,0,0,23.5,4,17,0,70.6,12,0.0,0,0.0,0,0,0,,,0.0,,0,,,0,0,,0,0,0,,,0,0,18.5,5,27,0,77.8,21,0.0,0,0.0,0,0,0,,,0.0,3.8,1,50.0,0.0,0,2,14.3,1,2,0,49.2,58.3,0,22,11.9,8,67,6,82.1,55,63.2,12,21.8,0,56,31,5.2,9.3,1.02,0,,0,,,0,0,,0,0,0,,,0,0,,0,0,0,,0,0.0,0,0.0,0,0,0,,,,6,-2.8,3,100.0,,0,0,0.0,0,2,0,72.1,90.1,0,11,0.0,0,9,4,100.0,9,95.8,4,44.4,0,28,39,9.8,7.0,3.11,,0,,,0,0,,0,0,0,,,0,0,21.4,3,14,0,78.6,11,0.0,0,0.0,0,0,0,,,0.0,,0,,,0,0,,0,0,0,,,0,0,20.0,2,10,0,80.0,8,0.0,0,0.0,0,0,0,,,0.0,0.7,0,66.7,,0,0,33.3,1,0,0,29.9,29.7,0,1,28.6,6,21,2,61.9,13,70.1,3,23.1,0,1,1,0.5,0.5,0.08,,0,,,0,0,,0,0,0,,,0,0,,0,0,0,,0,0.0,0,0.0,0,0,0,,,,0,-2.5,0,100.0,,0,0,0.0,0,1,0,68.3,83.2,0,34,0.0,0,6,2,100.0,6,118.8,2,33.3,0,38,43,21.5,19.0,6.33,,0,,,0,0,,0,0,0,,,0,0,26.3,5,19,0,73.7,14,0.0,0,0.0,0,0,0,,,0.0,,0,,,0,0,,0,0,0,,,0,0,30.0,6,20,0,70.0,14,0.0,0,0.0,0,0,0,,,0.0,3.0,3,75.0,,0,0,0.0,0,2,0,70.5,87.3,0,15,17.2,5,29,3,79.3,23,96.9,4,17.4,0,31,21,7.0,10.3,1.35,3.2,4,57.9,0.0,0,2,15.4,2,4,0,43.5,57.8,0,22,0.0,0,21,11,90.5,19,69.6,19,55.9,0,88,53,4.8,8.0,4.63
Jahan Dotson,84375,WR,PHI,18,34,-5.0,0,100.0,,0,0,0.0,0,0,0,64.7,61.0,0,4,0.0,0,1,1,100.0,1,83.3,1,2.9,0,4,9,9.0,4.0,4.0,,0,,,0,0,,0,0,0,,,0,0,0.0,0,16,0,93.8,15,0.0,0,0.0,0,0,0,,,0.0,34.0,0,33.3,100.0,1,1,0.0,0,1,0,64.7,87.5,1,51,0.0,0,7,1,100.0,7,42.4,3,42.9,0,51,9,9.0,51.0,7.29,15.3,0,33.3,,0,0,0.0,0,1,0,64.7,72.6,0,15,0.0,0,27,1,96.3,26,50.7,3,11.5,0,15,1,1.0,15.0,0.58,5.8,0,75.0,100.0,1,1,0.0,0,1,0,70.5,72.1,0,12,1.2,1,83,3,95.2,79,90.6,4,5.1,0,25,8,2.7,8.3,0.32,0,31.6,0,36.4,50.0,2,4,0.0,0,4,0,72.1,94.8,1,51,0.0,0,11,4,100.0,11,76.9,11,32.4,1,149,21,5.3,37.3,13.55,24,-5.0,0,100.0,,0,0,0.0,0,0,0,64.7,61.0,0,4,0.0,0,17,1,100.0,17,83.3,1,5.9,0,4,9,9.0,4.0,0.24,30.0,0,33.3,50.0,1,2,0.0,0,1,0,64.7,90.6,0,40,0.0,0,31,1,83.9,26,121.5,3,11.5,1,40,4,4.0,40.0,1.54,15.5,0,50.0,,0,0,0.0,0,1,0,64.7,76.0,0,17,0.0,0,15,1,93.3,14,79.2,2,14.3,0,17,5,5.0,17.0,1.21,4.8,0,40.0,0.0,0,1,0.0,0,0,0,68.3,58.6,1,3,0.0,0,53,2,100.0,53,8.3,5,9.4,0,4,0,0.0,2.0,0.08,14.9,0,37.5,,0,0,0.0,0,3,0,70.5,85.4,1,17,0.0,0,8,3,100.0,8,18.8,8,23.5,0,48,7,2.3,16.0,6.0,0,,0,,,0,0,,0,0,0,,,0,0,0.0,0,6,0,100.0,6,0.0,0,0.0,0,0,0,,,0.0,31.2,0,40.0,0.0,0,1,0.0,0,2,0,68.3,91.2,0,34,0.0,0,21,2,85.7,18,83.8,5,27.8,0,58,8,4.0,29.0,3.22,14.0,0,33.3,,0,0,0.0,0,1,0,64.7,75.4,1,16,0.0,0,28,1,89.3,25,12.5,3,12.0,0,16,1,1.0,16.0,0.64,5.4,0,100.0,,0,0,0.0,0,2,0,74.6,91.1,0,9,0.0,0,48,5,95.8,46,93.3,5,10.9,0,32,5,1.0,6.4,0.7,5.3,0,71.4,50.0,1,2,0.0,0,3,0,78.7,86.1,1,12,0.0,0,15,10,93.3,14,50.0,14,41.2,0,61,13,1.3,6.1,4.36
Luke Musgrave,98499,TE,GB,18,33,-2.0,0,66.7,,0,0,33.3,1,0,0,29.9,58.4,0,8,0.0,0,3,2,100.0,3,72.9,3,9.1,0,11,16,8.0,5.5,3.67,-2.5,0,50.0,,0,0,50.0,1,0,0,28.8,35.2,0,3,13.6,3,22,1,81.8,18,56.3,2,11.1,0,3,7,7.0,3.0,0.17,26.0,0,0.0,,0,0,,0,0,0,,60.0,0,0,0.0,0,12,0,100.0,12,39.6,1,8.3,0,0,0,,,0.0,,0,,,0,0,,0,0,0,,,0,0,6.3,1,16,0,93.8,15,0.0,0,0.0,0,0,0,,,0.0,3.8,0,81.8,33.3,1,3,10.0,1,2,0,56.7,70.1,0,10,4.7,2,43,9,95.3,41,90.2,11,26.8,0,62,21,2.3,6.9,1.51,0,25.2,0,50.0,,0,0,0.0,0,3,0,70.5,96.2,0,26,0.0,0,8,3,75.0,6,93.8,6,18.2,0,72,6,2.0,24.0,12.0,12,,0,,,0,0,,0,0,0,,,0,0,0.0,0,5,0,100.0,5,0.0,0,0.0,0,0,0,,,0.0,27.0,0,33.3,,0,0,0.0,0,1,0,64.7,91.2,0,26,0.0,0,14,1,78.6,11,66.0,3,27.3,0,26,4,4.0,26.0,2.36,16.0,0,0.0,0.0,0,1,,0,0,0,,58.8,0,0,12.5,1,8,0,87.5,7,39.6,1,14.3,0,0,0,,,0.0,2.3,0,100.0,,0,0,0.0,0,2,1,72.1,62.6,0,9,6.7,2,30,4,90.0,27,85.4,4,14.8,0,18,9,2.3,4.5,0.67,15.6,0,80.0,0.0,0,1,0.0,0,4,0,72.1,96.0,0,26,0.0,0,6,4,83.3,5,118.8,5,15.2,0,75,13,3.3,18.8,15.0,0,-1.0,0,100.0,,0,0,0.0,0,0,0,64.7,90.4,0,8,37.5,3,8,1,62.5,5,100.0,1,20.0,0,8,9,9.0,8.0,1.6,22.0,0,100.0,,0,0,0.0,0,2,0,68.3,96.8,0,23,7.1,1,14,2,92.9,13,118.8,2,15.4,0,46,2,1.0,23.0,3.54,15.5,0,100.0,,0,0,0.0,0,4,0,72.1,96.5,0,26,20.0,3,15,4,66.7,10,118.8,4,40.0,0,75,13,3.3,18.8,7.5,3.5,0,75.0,0.0,0,1,0.0,0,0,0,70.5,80.1,0,9,4.0,1,25,3,92.0,23,88.5,4,17.4,0,23,13,4.3,7.7,1.0,3.4,0,84.2,25.0,1,4,5.9,1,4,1,66.7,74.6,0,10,0.0,0,19,16,100.0,19,89.3,19,57.6,0,103,43,2.7,6.4,5.42
Kyle Juszczyk,7912,FB,SF,19,33,-1.3,0,100.0,,0,0,0.0,0,1,0,70.5,73.1,0,12,0.0,0,4,3,75.0,3,94.4,3,9.1,0,20,24,8.0,6.7,6.67,-1.5,0,100.0,,0,0,0.0,0,1,0,68.3,80.4,0,12,4.8,1,21,2,85.7,18,95.8,2,11.1,0,14,17,8.5,7.0,0.78,,0,,,0,0,,0,0,0,,,0,0,0.0,0,8,0,100.0,8,0.0,0,0.0,0,0,0,,,0.0,,0,,,0,0,,0,0,0,,,0,0,4.2,1,24,0,95.8,23,0.0,0,0.0,0,0,0,,,0.0,3.8,1,93.3,100.0,3,3,0.0,0,4,0,80.6,93.9,0,12,1.4,1,72,14,94.4,68,93.9,15,22.1,0,98,44,3.1,7.0,1.44,0,22.0,0,100.0,,0,0,0.0,0,1,0,64.7,81.5,0,25,0.0,0,1,1,100.0,1,118.8,1,3.0,0,25,3,3.0,25.0,25.0,28,,0,,,0,0,,0,0,0,,,0,0,60.0,3,5,0,40.0,2,0.0,0,0.0,0,0,0,,,0.0,,0,,,0,0,,0,0,0,,,0,0,16.7,1,6,0,83.3,5,0.0,0,0.0,0,0,0,,,0.0,10.0,0,0.0,,0,0,,0,0,0,,58.7,0,0,12.5,1,8,0,62.5,5,39.6,1,20.0,0,0,0,,,0.0,3.7,1,85.7,0.0,0,1,0.0,0,5,0,74.6,94.6,0,27,6.1,2,33,6,90.9,30,152.7,7,23.3,2,78,56,9.3,13.0,2.6,14.5,0,50.0,,0,0,0.0,0,1,0,64.7,76.5,0,23,0.0,0,2,1,100.0,2,91.7,2,6.1,0,23,4,4.0,23.0,11.5,0,-1.0,0,100.0,,0,0,0.0,0,0,0,64.7,61.3,0,6,23.1,3,13,1,76.9,10,91.7,1,10.0,0,6,7,7.0,6.0,0.6,22.0,0,100.0,,0,0,0.0,0,1,0,64.7,81.5,0,25,0.0,0,4,1,100.0,4,118.8,1,25.0,0,25,3,3.0,25.0,6.25,19.0,0,100.0,,0,0,0.0,0,1,0,64.7,79.4,0,23,11.1,1,9,1,88.9,8,118.8,1,12.5,0,23,4,4.0,23.0,2.88,2.4,0,80.0,,0,0,0.0,0,1,0,72.1,87.1,0,10,10.0,2,20,4,85.0,17,90.8,5,29.4,0,29,19,4.8,7.3,1.71,3.5,2,88.9,75.0,3,4,0.0,0,10,0,85.3,96.1,0,27,0.0,0,28,24,96.4,27,123.0,27,81.8,2,205,119,5.0,8.5,7.59
Brashard Smith,143951,HB,KC,17,33,-3.0,7,92.0,,0,0,4.2,1,6,0,72.8,92.5,0,17,0.0,0,25,23,100.0,25,106.7,25,75.8,1,160,233,10.1,7.0,6.4,-3.1,4,94.4,,0,0,0.0,0,4,0,82.2,93.2,0,17,0.0,0,29,17,100.0,29,113.2,18,62.1,1,121,174,10.2,7.1,4.17,,0,,,0,0,,0,0,0,,,0,0,0.0,0,2,0,100.0,2,0.0,0,0.0,0,0,0,,,0.0,,0,,,0,0,,0,0,0,,,0,0,0.0,0,4,0,75.0,3,0.0,0,0.0,0,0,0,,,0.0,3.0,0,0.0,,0,0,,0,0,0,,57.3,0,0,0.0,0,21,0,95.2,20,39.6,3,15.0,0,0,0,,,0.0,0,,0,,,0,0,,0,0,0,,,0,0,,0,0,0,,0,0.0,0,0.0,0,0,0,,,,16,-4.0,0,100.0,,0,0,0.0,0,1,0,68.3,70.4,0,10,0.0,0,2,2,100.0,2,95.8,2,100.0,0,14,22,11.0,7.0,7.0,,0,,,0,0,,0,0,0,,,0,0,0.0,0,1,0,100.0,1,0.0,0,0.0,0,0,0,,,0.0,11.0,0,0.0,,0,0,,0,0,0,,58.7,0,0,0.0,0,3,0,100.0,3,39.6,1,33.3,0,0,0,,,0.0,1.5,0,50.0,,0,0,50.0,1,1,0,28.9,30.0,0,6,25.0,1,4,1,75.0,3,56.3,2,66.7,0,6,3,3.0,6.0,2.0,11.0,0,0.0,,0,0,,0,0,0,,58.7,0,0,0.0,0,1,0,100.0,1,39.6,1,3.0,0,0,0,,,0.0,0,-2.6,3,80.0,,0,0,20.0,1,1,0,41.6,55.4,0,17,0.0,0,7,4,100.0,7,87.5,5,71.4,0,25,37,9.3,6.3,3.57,,0,,,0,0,,0,0,0,,,0,0,0.0,0,1,0,100.0,1,0.0,0,0.0,0,0,0,,,0.0,,0,,,0,0,,0,0,0,,,0,0,25.0,1,4,0,75.0,3,0.0,0,0.0,0,0,0,,,0.0,3.0,0,50.0,,0,0,0.0,0,0,0,64.7,79.3,0,6,0.0,0,6,1,100.0,6,56.3,2,33.3,0,6,0,0.0,6.0,1.0,2.6,0,28.6,,0,0,33.3,1,1,0,30.0,48.8,0,6,0.0,0,7,2,100.0,7,39.6,7,21.2,0,12,3,1.5,6.0,1.71
Greg Dortch,42237,WR,ARZ,12,33,-3.0,3,94.4,100.0,1,1,5.6,1,4,0,69.6,80.4,0,17,0.0,0,20,17,90.0,18,83.1,18,54.5,0,71,122,7.2,4.2,3.94,-2.8,2,92.3,100.0,1,1,7.7,1,3,0,63.2,77.8,0,15,0.0,0,29,12,96.6,28,81.4,13,46.4,0,46,80,6.7,3.8,1.64,29.5,0,50.0,0.0,0,1,0.0,0,1,0,64.7,76.3,0,17,0.0,0,6,1,100.0,6,118.8,2,33.3,1,17,0,0.0,17.0,2.83,11.0,0,100.0,100.0,1,1,0.0,0,0,0,64.7,61.2,0,11,0.0,0,15,1,100.0,15,112.5,1,6.7,0,11,0,0.0,11.0,0.73,3.8,9,80.0,0.0,0,1,11.1,1,5,0,54.5,89.7,0,39,0.0,0,49,8,95.9,47,147.5,10,21.3,2,99,72,9.0,12.4,2.11,0,29.5,0,50.0,0.0,0,1,0.0,0,1,0,64.7,76.3,0,17,0.0,0,2,1,100.0,2,118.8,2,6.1,1,17,0,0.0,17.0,8.5,1,-3.3,1,100.0,,0,0,0.0,0,0,0,70.5,64.7,0,5,0.0,0,7,3,100.0,7,79.2,3,42.9,0,7,17,5.7,2.3,1.0,,0,,,0,0,,0,0,0,,,0,0,0.0,0,7,0,85.7,6,0.0,0,0.0,0,0,0,,,0.0,,0,,,0,0,,0,0,0,,,0,0,0.0,0,15,0,100.0,15,0.0,0,0.0,0,0,0,,,0.0,3.0,0,100.0,,0,0,0.0,0,0,0,64.7,65.1,0,5,0.0,0,16,1,87.5,14,87.5,1,7.1,0,5,2,2.0,5.0,0.36,11.0,0,100.0,100.0,1,1,0.0,0,0,0,64.7,61.2,0,11,0.0,0,1,1,100.0,1,112.5,1,3.0,0,11,0,0.0,11.0,11.0,0,-3.5,0,100.0,,0,0,0.0,0,1,0,70.5,74.7,0,17,0.0,0,6,2,83.3,5,104.2,2,40.0,0,18,25,12.5,9.0,3.6,,0,,,0,0,,0,0,0,,,0,0,0.0,0,9,0,100.0,9,0.0,0,0.0,0,0,0,,,0.0,,0,,,0,0,,0,0,0,,,0,0,0.0,0,8,0,87.5,7,0.0,0,0.0,0,0,0,,,0.0,0.0,0,100.0,,0,0,0.0,0,0,0,64.7,61.3,0,3,0.0,0,25,1,100.0,25,79.2,1,4.0,0,3,3,3.0,3.0,0.12,3.4,9,83.3,0.0,0,1,9.1,1,5,0,58.5,89.5,0,39,0.0,0,13,10,92.3,12,143.4,12,36.4,2,107,77,7.7,10.7,8.92
Ja'Tavion Sanders,144717,TE,CAR,12,33,-2.4,1,100.0,,0,0,0.0,0,0,0,73.4,73.8,0,7,0.0,0,5,5,100.0,5,79.2,5,15.2,0,12,24,4.8,2.4,2.4,-4.0,0,100.0,,0,0,0.0,0,0,0,68.3,61.8,0,5,10.0,2,20,2,90.0,18,81.3,2,11.1,0,7,15,7.5,3.5,0.39,21.0,0,0.0,,0,0,,0,0,0,,59.8,0,0,16.7,1,6,0,83.3,5,39.6,1,20.0,0,0,0,,,0.0,14.0,0,50.0,0.0,0,1,0.0,0,1,0,64.7,65.3,0,18,5.3,1,19,1,89.5,17,81.3,2,11.8,0,18,0,0.0,18.0,1.06,5.2,1,93.8,,0,0,6.3,1,5,0,65.9,78.8,0,13,2.1,1,48,15,95.8,46,97.1,16,34.8,0,117,41,2.7,7.8,2.54,0,21.0,0,0.0,0.0,0,1,100.0,1,0,0,25.5,26.9,0,0,0.0,0,3,0,66.7,2,39.6,2,6.1,0,0,0,,,0.0,5,-2.0,0,100.0,,0,0,0.0,0,0,0,64.7,61.8,0,-1,25.0,1,4,1,75.0,3,79.2,1,33.3,0,-1,1,1.0,-1.0,-0.33,,0,,,0,0,,0,0,0,,,0,0,14.3,1,7,0,85.7,6,0.0,0,0.0,0,0,0,,,0.0,13.0,0,100.0,,0,0,0.0,0,1,0,64.7,76.9,0,6,13.6,3,22,1,77.3,17,131.3,1,5.9,1,6,0,0.0,6.0,0.35,3.7,0,100.0,100.0,1,1,0.0,0,1,0,70.5,77.6,0,9,4.0,1,25,3,96.0,24,91.7,3,12.5,0,18,7,2.3,6.0,0.75,13.7,0,66.7,0.0,0,1,0.0,0,2,0,68.3,66.7,0,18,0.0,0,6,2,50.0,3,130.6,3,9.1,1,24,0,0.0,12.0,8.0,0,-1.0,1,100.0,,0,0,0.0,0,0,0,68.3,77.1,0,7,14.3,1,7,2,85.7,6,79.2,2,33.3,0,6,8,4.0,3.0,1.0,21.0,0,0.0,0.0,0,1,100.0,1,0,0,25.5,26.0,0,0,0.0,0,10,0,80.0,8,39.6,1,12.5,0,0,0,,,0.0,,0,,,0,0,,0,0,0,,52.7,0,0,0.0,0,15,0,86.7,13,0.0,0,0.0,0,0,0,,,0.0,1.5,3,100.0,,0,0,0.0,0,0,0,72.1,62.4,0,9,5.6,1,18,4,94.4,17,86.5,4,23.5,0,19,13,3.3,4.8,1.12,4.3,4,95.7,100.0,1,1,4.3,1,6,0,72.3,79.9,0,13,0.0,0,23,22,100.0,23,94.6,23,69.7,0,154,61,2.8,7.0,6.7
Bucky Irving,144970,HB,TB,10,33,-4.7,14,100.0,100.0,1,1,0.0,0,10,0,86.5,96.2,0,25,0.0,0,27,23,85.2,23,129.5,23,69.7,2,187,295,12.8,8.1,8.13,-4.9,10,100.0,,0,0,0.0,0,7,0,82.2,95.7,0,25,0.0,0,34,14,85.3,29,132.7,14,48.3,1,142,211,15.1,10.1,4.9,,0,,,0,0,,0,0,0,,,0,0,0.0,0,5,0,100.0,5,0.0,0,0.0,0,0,0,,,0.0,,0,,,0,0,,0,0,0,,,0,0,10.0,2,20,0,90.0,18,0.0,0,0.0,0,0,0,,,0.0,2.2,0,40.0,0.0,0,1,50.0,2,0,0,27.3,25.2,0,7,18.2,8,44,2,72.7,32,47.9,5,15.6,0,7,6,3.0,3.5,0.22,0,24.0,0,100.0,,0,0,0.0,0,1,0,64.7,90.4,0,72,0.0,0,1,1,100.0,1,158.3,1,3.0,1,72,48,48.0,72.0,72.0,30,-4.8,3,100.0,100.0,1,1,0.0,0,1,0,74.6,83.9,0,8,0.0,0,10,5,90.0,9,80.0,5,55.6,0,16,40,8.0,3.2,1.78,24.0,0,100.0,,0,0,0.0,0,1,0,64.7,90.4,0,72,10.0,1,10,1,80.0,8,158.3,1,12.5,1,72,48,48.0,72.0,9.0,,0,,,0,0,,0,0,0,,,0,0,30.8,4,13,0,46.2,6,0.0,0,0.0,0,0,0,,,0.0,0.5,0,100.0,,0,0,0.0,0,0,0,68.3,68.9,0,5,22.2,4,18,2,72.2,13,79.2,2,15.4,0,6,5,2.5,3.0,0.46,,0,,,0,0,,0,0,0,,,0,0,,0,0,0,,0,0.0,0,0.0,0,0,0,,,,0,-3.8,1,100.0,,0,0,0.0,0,2,0,72.1,91.8,0,11,0.0,0,6,4,100.0,6,136.5,4,66.7,1,29,44,11.0,7.3,4.83,,0,,,0,0,,0,0,0,,,0,0,12.5,2,16,0,81.3,13,0.0,0,0.0,0,0,0,,,0.0,,0,,,0,0,,0,0,0,,,0,0,25.0,2,8,0,75.0,6,0.0,0,0.0,0,0,0,,,0.0,0.5,0,100.0,,0,0,0.0,0,0,0,68.3,64.2,0,4,14.3,2,14,2,85.7,12,79.2,2,16.7,0,5,4,2.0,2.5,0.42,1.4,0,66.7,0.0,0,1,25.0,2,0,0,29.8,30.9,0,7,0.0,0,10,6,90.0,9,70.1,9,27.3,0,18,15,2.5,3.0,2.0
Noah Gray,60878,TE,KC,16,33,-2.4,1,100.0,100.0,1,1,0.0,0,2,0,75.6,82.2,0,8,0.0,0,7,7,100.0,7,79.2,7,21.2,0,19,36,5.1,2.7,2.71,-2.7,1,100.0,100.0,1,1,0.0,0,1,0,74.6,83.8,0,8,7.5,3,40,6,90.0,36,79.2,6,16.7,0,15,31,5.2,2.5,0.42,,0,,,0,0,,0,0,0,,,0,0,12.5,1,8,0,87.5,7,0.0,0,0.0,0,0,0,,,0.0,13.0,0,66.7,,0,0,0.0,0,1,0,72.1,90.9,0,15,21.1,4,19,2,52.6,10,97.9,3,30.0,0,29,8,4.0,14.5,2.9,5.3,0,28.6,,0,0,33.3,1,1,0,29.9,57.2,0,10,8.2,5,61,2,90.2,55,39.6,7,12.7,0,20,11,5.5,10.0,0.36,0,20.0,0,0.0,,0,0,100.0,1,0,0,27.9,36.2,0,0,0.0,0,3,0,100.0,3,39.6,3,9.1,0,0,0,,,0.0,16,,0,,,0,0,,0,0,0,,,0,0,20.0,3,15,0,80.0,12,0.0,0,0.0,0,0,0,,,0.0,20.0,0,0.0,,0,0,,0,0,0,,56.9,0,0,0.0,0,10,0,80.0,8,39.6,2,25.0,0,0,0,,,0.0,11.5,0,50.0,,0,0,0.0,0,1,0,64.7,89.0,0,28,33.3,4,12,1,58.3,7,95.8,2,28.6,0,28,15,15.0,28.0,4.0,2.8,0,80.0,,0,0,0.0,0,2,0,72.1,87.4,0,19,14.3,2,14,4,78.6,11,101.7,5,45.5,0,42,32,8.0,10.5,3.82,12.8,0,62.5,100.0,1,1,0.0,0,4,0,75.6,94.3,0,28,0.0,0,11,5,72.7,8,99.5,8,24.2,0,87,30,6.0,17.4,10.88,0,-1.0,0,100.0,,0,0,0.0,0,1,0,64.7,60.9,0,4,16.7,1,6,1,83.3,5,83.3,1,20.0,0,4,5,5.0,4.0,0.8,20.0,0,0.0,,0,0,100.0,1,0,0,27.9,40.0,0,0,16.7,2,12,0,83.3,10,39.6,1,10.0,0,0,0,,,0.0,13.3,0,66.7,100.0,1,1,0.0,0,2,0,68.3,92.2,0,17,19.0,4,21,2,76.2,16,99.3,3,18.8,0,30,7,3.5,15.0,1.88,2.7,0,100.0,100.0,1,1,0.0,0,0,0,70.5,64.4,0,5,42.1,8,19,3,52.6,10,80.6,3,30.0,0,10,2,0.7,3.3,1.0,3.9,0,60.0,100.0,1,1,10.0,1,3,0,56.7,74.1,0,19,0.0,0,16,9,93.8,15,72.1,15,45.5,0,72,45,5.0,8.0,4.8
Jalen Tolbert,61637,WR,DAL,13,33,-3.5,1,100.0,,0,0,0.0,0,0,0,68.3,61.3,0,6,0.0,0,2,2,100.0,2,79.2,2,6.1,0,6,13,6.5,3.0,3.0,-4.0,1,100.0,,0,0,0.0,0,0,0,64.7,61.0,0,6,0.0,0,18,1,100.0,18,91.7,1,5.6,0,6,10,10.0,6.0,0.33,,0,,,0,0,,0,0,0,,,0,0,0.0,0,9,0,88.9,8,0.0,0,0.0,0,0,0,,,0.0,14.0,0,50.0,50.0,1,2,0.0,0,2,0,68.3,91.2,0,14,0.0,0,25,2,92.0,23,69.8,4,17.4,0,25,2,1.0,12.5,1.09,5.2,1,100.0,100.0,1,1,0.0,0,5,0,75.6,93.6,0,19,0.0,0,55,6,94.5,52,102.1,6,11.5,0,51,20,3.3,8.5,0.98,0,32.2,0,33.3,33.3,1,3,0.0,0,2,0,68.3,94.3,0,35,0.0,0,6,2,100.0,6,117.4,6,18.2,1,69,0,0.0,34.5,11.5,9,-3.0,0,100.0,,0,0,0.0,0,0,0,64.7,60.5,0,0,0.0,0,17,1,100.0,17,79.2,1,5.9,0,0,3,3.0,0.0,0.0,29.0,0,0.0,0.0,0,1,,0,0,0,,58.8,0,0,0.0,0,9,0,100.0,9,39.6,1,11.1,0,0,0,,,0.0,15.3,0,0.0,,0,0,,0,0,0,,56.2,0,0,0.0,0,13,0,92.3,12,39.6,3,25.0,0,0,0,,,0.0,4.6,0,40.0,0.0,0,2,0.0,0,1,0,68.3,71.5,1,12,0.0,0,29,2,96.6,28,12.5,5,17.9,0,20,12,6.0,10.0,0.71,14.2,0,27.3,33.3,1,3,25.0,1,3,0,41.6,85.7,0,16,0.0,0,12,3,91.7,11,42.6,11,33.3,0,41,2,0.7,13.7,3.73,0,,0,,,0,0,,0,0,0,,,0,0,0.0,0,8,0,100.0,8,0.0,0,0.0,0,0,0,,,0.0,32.8,0,40.0,50.0,1,2,0.0,0,2,0,68.3,95.2,0,35,0.0,0,17,2,82.4,14,127.1,5,35.7,1,69,0,0.0,34.5,4.93,13.5,0,25.0,0.0,0,1,50.0,1,1,0,29.9,71.5,0,16,0.0,0,16,1,87.5,14,43.8,4,28.6,0,16,0,0.0,16.0,1.14,4.7,0,100.0,100.0,1,1,0.0,0,1,0,70.5,74.8,0,7,0.0,0,29,3,93.1,27,88.9,3,11.1,0,16,2,0.7,5.3,0.59,4.9,1,78.6,50.0,2,4,0.0,0,7,0,79.4,92.6,1,19,0.0,0,15,11,93.3,14,62.8,14,42.4,0,87,34,3.1,7.9,6.21
Davis Allen,99697,TE,LA,20,33,-2.2,1,83.3,,0,0,16.7,1,2,0,45.8,90.5,0,16,0.0,0,6,5,100.0,6,95.8,6,18.2,0,42,53,10.6,8.4,7.0,-2.4,1,80.0,,0,0,20.0,1,2,0,41.6,91.3,0,16,0.0,0,14,4,100.0,14,101.7,5,35.7,0,42,52,13.0,10.5,3.0,23.0,0,0.0,,0,0,100.0,1,0,0,27.9,28.8,0,0,9.1,1,11,0,81.8,9,39.6,1,11.1,0,0,0,,,0.0,13.0,0,0.0,0.0,0,1,,0,0,0,64.7,80.1,0,0,13.3,4,30,0,80.0,24,39.6,1,4.2,0,0,0,,,0.0,2.6,1,80.0,0.0,0,1,0.0,0,2,0,76.5,76.2,0,8,18.8,12,64,8,81.3,52,86.3,10,19.2,0,47,25,3.1,5.9,0.9,0,23.0,0,0.0,,0,0,100.0,1,0,0,27.9,28.8,0,0,0.0,0,1,0,100.0,1,39.6,1,3.0,0,0,0,,,0.0,26,,0,,,0,0,,0,0,0,,,0,0,25.0,1,4,0,75.0,3,0.0,0,0.0,0,0,0,,,0.0,,0,,,0,0,,0,0,0,,,0,0,42.9,6,14,0,42.9,6,0.0,0,0.0,0,0,0,,,0.0,16.3,0,66.7,,0,0,0.0,0,2,0,68.3,91.5,0,27,14.3,2,14,2,85.7,12,149.3,3,25.0,1,40,15,7.5,20.0,3.33,1.0,0,50.0,0.0,0,1,0.0,0,2,0,68.3,64.6,0,12,20.0,6,30,2,76.7,23,60.4,4,17.4,0,16,15,7.5,8.0,0.7,14.4,0,57.1,0.0,0,2,0.0,0,4,0,73.4,94.6,0,27,0.0,0,8,4,87.5,7,127.4,7,21.2,2,64,18,4.5,16.0,9.14,0,-1.0,0,100.0,,0,0,0.0,0,0,0,64.7,61.2,0,0,16.7,1,6,1,83.3,5,79.2,1,20.0,0,0,1,1.0,0.0,0.0,,0,,,0,0,,0,0,0,,,0,0,21.1,4,19,0,73.7,14,0.0,0,0.0,0,0,0,,,0.0,13.0,0,66.7,0.0,0,1,0.0,0,2,0,68.3,91.8,0,20,27.8,5,18,2,66.7,12,130.6,3,25.0,1,24,3,1.5,12.0,2.0,2.2,0,100.0,,0,0,0.0,0,2,0,74.6,93.0,0,13,22.2,8,36,5,69.4,25,138.8,5,20.0,1,39,28,5.6,7.8,1.56,2.2,1,78.9,0.0,0,2,0.0,0,6,0,81.7,90.3,0,13,0.0,0,21,15,90.5,19,106.6,19,57.6,1,102,68,4.5,6.8,5.37
Quinshon Judkins,157128,HB,CLV,14,33,-4.4,4,85.7,50.0,1,2,0.0,0,4,0,79.4,91.9,0,58,0.0,0,14,12,100.0,14,93.5,14,42.4,0,90,141,11.8,7.5,6.43,-4.8,4,87.5,,0,0,0.0,0,3,0,75.6,91.8,0,58,20.0,3,15,7,80.0,12,115.6,8,66.7,0,94,127,18.1,13.4,7.83,,0,,,0,0,,0,0,0,,,0,0,0.0,0,4,0,75.0,3,0.0,0,0.0,0,0,0,,,0.0,,0,,,0,0,,0,0,0,,,0,0,8.3,1,12,0,91.7,11,0.0,0,0.0,0,0,0,,,0.0,2.1,0,75.0,50.0,1,2,10.0,1,1,0,58.9,65.1,1,11,5.9,3,51,9,90.2,46,42.7,12,26.1,0,37,16,1.8,4.1,0.8,0,,0,,,0,0,,0,0,0,,,0,0,,0,0,0,,0,0.0,0,0.0,0,0,0,,,,8,-3.7,0,100.0,100.0,1,1,0.0,0,0,0,70.5,71.1,0,-2,11.1,1,9,3,77.8,7,79.2,3,42.9,0,-10,1,0.3,-3.3,-1.43,,0,,,0,0,,0,0,0,,,0,0,0.0,0,6,0,100.0,6,0.0,0,0.0,0,0,0,,,0.0,,0,,,0,0,,0,0,0,,,0,0,12.5,1,8,0,87.5,7,0.0,0,0.0,0,0,0,,,0.0,1.3,0,66.7,,0,0,0.0,0,1,0,70.5,89.3,0,18,30.0,6,20,2,60.0,12,95.1,3,25.0,0,27,23,11.5,13.5,2.25,,0,,,0,0,,0,0,0,,,0,0,,0,0,0,,0,0.0,0,0.0,0,0,0,,,,0,-4.0,0,66.7,0.0,0,1,0.0,0,1,0,68.3,80.2,0,12,0.0,0,6,2,100.0,6,70.1,3,50.0,0,6,13,6.5,3.0,1.0,,0,,,0,0,,0,0,0,,,0,0,0.0,0,5,0,100.0,5,0.0,0,0.0,0,0,0,,,0.0,,0,,,0,0,,0,0,0,,,0,0,66.7,4,6,0,33.3,2,0.0,0,0.0,0,0,0,,,0.0,2.3,1,75.0,100.0,1,1,0.0,0,1,0,70.5,57.9,0,16,5.6,1,18,3,94.4,17,82.3,4,23.5,0,17,13,4.3,5.7,1.0,2.0,1,73.7,66.7,2,3,6.7,1,3,0,67.0,74.3,1,18,0.0,0,22,14,86.4,19,59.3,19,57.6,0,81,52,3.7,5.8,4.26
Marquez Valdes-Scantling,47809,WR,PIT,11,32,-1.3,0,100.0,,0,0,0.0,0,0,1,70.5,38.7,0,7,0.0,0,3,3,100.0,3,87.5,3,9.4,0,15,19,6.3,5.0,5.0,-1.5,0,100.0,,0,0,0.0,0,0,1,68.3,33.5,0,7,0.0,0,24,2,95.8,23,95.8,2,8.7,0,14,17,8.5,7.0,0.61,,0,,,0,0,,0,0,0,,,0,0,0.0,0,5,0,80.0,4,0.0,0,0.0,0,0,0,,,0.0,13.3,0,50.0,,0,0,0.0,0,3,0,70.5,83.0,0,19,0.0,0,29,3,96.6,28,75.7,6,21.4,0,46,5,1.7,15.3,1.64,6.8,0,75.0,50.0,1,2,0.0,0,0,0,70.5,91.3,0,9,0.0,0,58,3,98.3,57,90.6,4,7.0,0,25,2,0.7,8.3,0.44,0,28.8,0,16.7,,0,0,50.0,1,1,0,28.8,55.3,0,19,0.0,0,7,1,85.7,6,79.9,6,18.8,1,19,0,0.0,19.0,3.17,25,,0,,,0,0,,0,0,0,,,0,0,0.0,0,5,0,100.0,5,0.0,0,0.0,0,0,0,,,0.0,25.3,0,33.3,,0,0,0.0,0,1,0,64.7,73.1,0,19,0.0,0,14,1,100.0,14,95.8,3,21.4,1,19,0,0.0,19.0,1.36,17.0,0,0.0,0.0,0,1,,0,0,0,,60.0,0,0,0.0,0,10,0,100.0,10,39.6,1,10.0,0,0,0,,,0.0,5.0,0,100.0,,0,0,0.0,0,1,0,70.5,74.0,0,7,0.0,0,24,3,91.7,22,93.1,3,13.6,0,19,4,1.3,6.3,0.86,13.6,0,30.0,0.0,0,4,0.0,0,3,0,70.5,77.0,0,19,0.0,0,10,3,100.0,10,46.3,10,31.3,0,46,5,1.7,15.3,4.6,0,-1.0,0,100.0,,0,0,0.0,0,0,0,64.7,60.8,0,1,0.0,0,8,1,100.0,8,79.2,1,12.5,0,1,2,2.0,1.0,0.13,32.3,0,0.0,,0,0,100.0,1,0,0,27.9,40.6,0,0,0.0,0,9,0,88.9,8,39.6,3,37.5,0,0,0,,,0.0,13.0,0,0.0,0.0,0,3,,0,0,0,,56.3,0,0,0.0,0,12,0,91.7,11,39.6,3,27.3,0,0,0,,,0.0,4.8,0,66.7,,0,0,0.0,0,2,0,72.1,69.3,0,7,0.0,0,26,4,96.2,25,72.9,6,24.0,0,22,6,1.5,5.5,0.88,5.5,0,76.9,50.0,1,2,0.0,0,3,0,78.0,88.7,0,9,0.0,0,13,10,100.0,13,87.3,13,40.6,0,66,12,1.2,6.6,5.08
Greg Dulcich,84068,TE,MIA,10,31,-2.0,1,100.0,,0,0,0.0,0,1,0,72.1,94.1,0,20,0.0,0,4,3,75.0,3,105.6,3,9.7,0,28,34,11.3,9.3,9.33,-2.0,0,100.0,,0,0,0.0,0,1,0,70.5,91.9,0,20,0.0,0,15,2,86.7,13,116.7,2,15.4,0,24,28,14.0,12.0,1.85,,0,,,0,0,,0,0,0,,,0,0,0.0,0,4,0,100.0,4,0.0,0,0.0,0,0,0,,,0.0,14.0,0,80.0,66.7,2,3,0.0,0,4,0,72.1,93.8,0,23,4.8,1,21,4,90.5,19,158.3,5,26.3,1,71,16,4.0,17.8,3.74,4.2,2,81.8,66.7,2,3,0.0,0,3,1,56.7,63.1,0,22,0.0,0,37,9,91.9,34,101.1,11,32.4,0,91,55,6.1,10.1,2.68,0,20.0,1,100.0,,0,0,0.0,0,1,0,64.7,94.8,0,29,0.0,0,1,1,100.0,1,118.8,1,3.2,0,29,9,9.0,29.0,29.0,17,-2.0,1,100.0,,0,0,0.0,0,0,0,64.7,90.4,0,4,25.0,2,8,1,75.0,6,83.3,1,16.7,0,4,6,6.0,4.0,0.67,,0,,,0,0,,0,0,0,,,0,0,0.0,0,6,0,100.0,6,0.0,0,0.0,0,0,0,,,0.0,11.0,0,100.0,,0,0,0.0,0,1,0,64.7,78.6,0,14,0.0,0,3,1,100.0,3,118.8,1,33.3,0,14,3,3.0,14.0,4.67,2.9,0,87.5,100.0,1,1,0.0,0,3,0,75.6,96.3,0,29,0.0,0,21,7,100.0,21,113.5,8,38.1,0,90,70,10.0,12.9,4.29,13.5,0,83.3,66.7,2,3,0.0,0,5,0,73.4,94.5,0,23,0.0,0,6,5,100.0,6,158.3,6,19.4,1,85,19,3.8,17.0,14.17,0,,0,,,0,0,,0,0,0,,,0,0,0.0,0,1,0,100.0,1,0.0,0,0.0,0,0,0,,,0.0,20.0,1,100.0,,0,0,0.0,0,1,0,64.7,94.8,0,29,0.0,0,4,1,100.0,4,118.8,1,25.0,0,29,9,9.0,29.0,7.25,,0,,,0,0,,0,0,0,,,0,0,0.0,0,5,0,100.0,5,0.0,0,0.0,0,0,0,,,0.0,4.5,0,50.0,,0,0,0.0,0,1,0,64.7,89.5,0,12,0.0,0,7,1,100.0,7,68.8,2,28.6,0,12,9,9.0,12.0,1.71,3.7,2,81.0,75.0,3,4,0.0,0,7,1,67.7,91.8,0,29,0.0,0,23,17,91.3,21,105.0,21,67.7,0,193,134,7.9,11.4,9.19
Ty Johnson,45769,HB,BUF,17,31,-4.6,8,81.0,0.0,0,1,0.0,0,7,1,82.2,91.9,0,52,0.0,0,21,17,100.0,21,114.1,21,67.7,1,159,238,14.0,9.4,7.57,-4.4,6,76.5,0.0,0,1,0.0,0,5,1,80.0,90.6,0,52,7.5,3,40,13,87.5,35,116.8,17,48.6,1,128,185,14.2,9.8,3.66,,0,,,0,0,,0,0,0,,,0,0,0.0,0,3,0,66.7,2,0.0,0,0.0,0,0,0,,,0.0,,0,,,0,0,,0,0,0,,,0,0,8.7,2,23,0,91.3,21,0.0,0,0.0,0,0,0,,,0.0,1.5,1,100.0,,0,0,0.0,0,2,0,72.1,91.7,0,14,17.9,7,39,4,82.1,32,144.8,4,12.5,1,37,31,7.8,9.3,1.16,0,20.0,0,100.0,,0,0,0.0,0,1,0,64.7,90.9,0,23,0.0,0,1,1,100.0,1,118.8,1,3.2,0,23,3,3.0,23.0,23.0,4,-5.5,2,100.0,,0,0,0.0,0,2,0,72.1,87.8,0,16,0.0,0,6,4,100.0,6,99.0,4,66.7,0,31,53,13.3,7.8,5.17,20.0,0,100.0,,0,0,0.0,0,1,0,64.7,90.9,0,23,12.5,1,8,1,87.5,7,118.8,1,14.3,0,23,3,3.0,23.0,3.29,18.0,0,0.0,,0,0,100.0,1,0,0,27.9,25.8,0,0,9.1,1,11,0,72.7,8,39.6,1,12.5,0,0,0,,,0.0,4.0,0,33.3,,0,0,50.0,1,2,0,28.8,54.4,0,11,25.0,5,20,1,70.0,14,57.6,3,21.4,0,20,16,16.0,20.0,1.43,18.0,0,0.0,,0,0,100.0,1,0,0,27.9,25.8,0,0,0.0,0,1,0,100.0,1,39.6,1,3.2,0,0,0,,,0.0,0,,0,,,0,0,,0,0,0,,,0,0,14.3,1,7,0,85.7,6,0.0,0,0.0,0,0,0,,,0.0,,0,,,0,0,,0,0,0,,,0,0,9.1,1,11,0,72.7,8,0.0,0,0.0,0,0,0,,,0.0,,0,,,0,0,,0,0,0,,,0,0,15.8,3,19,0,78.9,15,0.0,0,0.0,0,0,0,,,0.0,2.0,0,100.0,,0,0,0.0,0,1,0,64.7,65.5,0,21,12.5,2,16,1,68.8,11,118.8,1,9.1,0,24,22,22.0,24.0,2.18,2.5,1,75.0,,0,0,14.3,1,3,0,49.2,84.2,0,14,0.0,0,9,6,88.9,8,129.7,8,25.8,1,49,37,6.2,8.2,6.13
Terrance Ferguson,146563,TE,LA,15,31,,0,,,0,0,,0,0,0,,,0,0,,0,0,0,,0,0.0,0,0.0,0,0,0,,,,,0,,,0,0,,0,0,0,,,0,0,0.0,0,8,0,100.0,8,0.0,0,0.0,0,0,0,,,0.0,30.0,0,33.3,,0,0,0.0,0,1,0,64.7,91.3,0,31,11.1,1,9,1,77.8,7,112.5,3,42.9,1,31,0,0.0,31.0,4.43,14.0,0,0.0,0.0,0,1,,0,0,0,,45.0,0,0,4.2,1,24,0,87.5,21,39.6,1,4.8,0,0,0,,,0.0,4.7,0,33.3,0.0,0,1,0.0,0,0,0,64.7,58.6,1,6,1.8,1,57,1,96.5,55,2.8,3,5.5,0,6,1,1.0,6.0,0.11,0,24.8,0,40.0,0.0,0,4,0.0,0,6,0,74.6,98.0,0,36,0.0,0,15,6,100.0,15,125.0,15,48.4,2,180,32,5.3,30.0,12.0,26,,0,,,0,0,,0,0,0,,,0,0,0.0,0,1,0,100.0,1,0.0,0,0.0,0,0,0,,,0.0,23.0,0,55.6,0.0,0,2,0.0,0,5,0,73.4,98.1,0,36,0.0,0,15,5,100.0,15,137.5,9,60.0,1,149,32,6.4,29.8,9.93,15.3,0,25.0,,0,0,50.0,1,1,0,28.9,57.0,0,18,0.0,0,13,1,100.0,13,45.8,4,30.8,0,18,2,2.0,18.0,1.38,6.0,0,50.0,,0,0,0.0,0,1,0,64.7,90.0,0,3,0.0,0,18,1,94.4,17,95.8,2,11.8,1,3,0,0.0,3.0,0.18,15.3,0,30.0,33.3,1,3,25.0,1,3,0,42.1,83.2,0,21,0.0,0,13,3,76.9,10,51.3,10,32.3,0,58,8,2.7,19.3,5.8,0,,0,,,0,0,,0,0,0,,,0,0,0.0,0,1,0,100.0,1,0.0,0,0.0,0,0,0,,,0.0,25.0,0,0.0,0.0,0,2,,0,0,0,,56.3,0,0,8.3,1,12,0,75.0,9,39.6,3,33.3,0,0,0,,,0.0,15.6,0,40.0,50.0,1,2,0.0,0,2,0,70.5,94.2,0,21,0.0,0,13,2,76.9,10,68.8,5,50.0,0,40,6,3.0,20.0,4.0,3.0,0,100.0,,0,0,0.0,0,0,0,64.7,58.8,0,3,6.9,2,29,1,82.8,24,79.2,1,4.2,0,3,0,0.0,3.0,0.13,4.8,0,50.0,0.0,0,1,0.0,0,1,0,70.5,69.2,1,6,0.0,0,7,3,85.7,6,56.3,6,19.4,1,12,1,0.3,4.0,2.0
Jaylin Lane,121811,WR,WAS,14,31,-2.5,0,100.0,,0,0,0.0,0,0,0,68.3,61.5,0,0,0.0,0,2,2,100.0,2,79.2,2,6.5,0,-2,3,1.5,-1.0,-1.0,-2.5,0,100.0,,0,0,0.0,0,0,0,68.3,61.5,0,0,0.0,0,15,2,93.3,14,79.2,2,14.3,0,-2,3,1.5,-1.0,-0.14,34.7,0,33.3,100.0,1,1,0.0,0,1,0,64.7,88.7,1,41,0.0,0,6,1,83.3,5,42.4,3,60.0,0,41,1,1.0,41.0,8.2,14.2,0,33.3,50.0,1,2,60.0,3,2,0,25.9,47.8,0,16,0.0,0,27,2,85.2,23,50.0,6,26.1,0,29,0,0.0,14.5,1.26,4.6,0,85.7,0.0,0,1,0.0,0,3,0,74.6,86.1,0,15,0.0,0,44,6,97.7,43,95.8,7,16.3,0,49,21,3.5,8.2,1.14,0,30.3,0,33.3,33.3,1,3,0.0,0,3,0,72.1,94.7,1,41,0.0,0,10,3,90.0,9,42.4,9,29.0,0,113,11,3.7,37.7,12.56,32,,0,,,0,0,,0,0,0,,,0,0,0.0,0,3,0,100.0,3,0.0,0,0.0,0,0,0,,,0.0,29.0,0,0.0,,0,0,,0,0,0,,60.0,0,0,0.0,0,11,0,81.8,9,39.6,1,11.1,0,0,0,,,0.0,,0,,,0,0,,0,0,0,,,0,0,0.0,0,6,0,83.3,5,0.0,0,0.0,0,0,0,,,0.0,7.0,0,100.0,,0,0,0.0,0,0,0,64.7,61.0,0,7,0.0,0,9,1,88.9,8,95.8,1,12.5,0,7,0,0.0,7.0,0.88,13.8,0,40.0,66.7,2,3,42.9,3,4,0,27.0,65.4,1,18,0.0,0,10,4,100.0,10,20.0,10,32.3,0,58,4,1.0,14.5,5.8,0,,0,,,0,0,,0,0,0,,,0,0,0.0,0,5,0,100.0,5,0.0,0,0.0,0,0,0,,,0.0,28.0,0,40.0,0.0,0,2,0.0,0,2,0,70.5,95.1,0,37,0.0,0,9,2,77.8,7,87.5,5,71.4,0,72,10,5.0,36.0,10.29,13.3,0,50.0,100.0,1,1,0.0,0,2,0,68.3,85.6,1,18,0.0,0,16,2,93.8,15,34.4,4,26.7,0,29,4,2.0,14.5,1.93,8.0,0,0.0,0.0,0,1,,0,0,0,,57.7,0,0,0.0,0,16,0,93.8,15,39.6,2,13.3,0,0,0,,,0.0,5.5,0,70.0,0.0,0,2,0.0,0,3,0,75.6,81.8,0,15,0.0,0,10,7,100.0,10,83.7,10,32.3,0,56,21,3.0,8.0,5.6
Jeremy McNichols,11917,HB,WAS,17,31,-4.2,6,88.2,,0,0,0.0,0,5,0,81.1,87.1,0,16,0.0,0,17,15,100.0,17,85.5,17,54.8,0,77,140,9.3,5.1,4.53,-3.2,2,100.0,,0,0,0.0,0,1,0,73.4,71.1,0,12,0.0,0,10,5,90.0,9,88.3,5,55.6,0,26,42,8.4,5.2,2.89,,0,,,0,0,,0,0,0,,,0,0,15.4,2,13,0,76.9,10,0.0,0,0.0,0,0,0,,,0.0,,0,,,0,0,,0,0,0,,,0,0,20.8,5,24,0,70.8,17,0.0,0,0.0,0,0,0,,,0.0,3.4,0,87.5,100.0,1,1,12.5,1,3,0,52.1,68.6,0,18,23.5,12,51,7,70.6,36,103.6,8,22.2,0,71,48,6.9,10.1,1.97,0,,0,,,0,0,,0,0,0,,,0,0,,0,0,0,,0,0.0,0,0.0,0,0,0,,,,32,-4.1,3,85.7,,0,0,0.0,0,3,0,74.6,82.5,0,16,8.3,1,12,6,91.7,11,89.3,7,63.6,0,38,62,10.3,6.3,3.45,,0,,,0,0,,0,0,0,,,0,0,30.0,3,10,0,60.0,6,0.0,0,0.0,0,0,0,,,0.0,,0,,,0,0,,0,0,0,,,0,0,36.4,4,11,0,54.5,6,0.0,0,0.0,0,0,0,,,0.0,9.0,0,100.0,,0,0,0.0,0,1,0,64.7,81.5,0,13,18.2,2,11,1,72.7,8,118.8,1,12.5,0,13,4,4.0,13.0,1.63,,0,,,0,0,,0,0,0,,,0,0,,0,0,0,,0,0.0,0,0.0,0,0,0,,,,0,-5.4,1,80.0,,0,0,0.0,0,1,0,72.1,81.5,0,12,12.5,1,8,4,87.5,7,79.2,5,71.4,0,13,36,9.0,3.3,1.86,,0,,,0,0,,0,0,0,,,0,0,21.1,4,19,0,57.9,11,0.0,0,0.0,0,0,0,,,0.0,,0,,,0,0,,0,0,0,,,0,0,26.7,4,15,0,66.7,10,0.0,0,0.0,0,0,0,,,0.0,2.8,1,40.0,,0,0,0.0,0,1,0,68.3,90.9,1,24,26.3,5,19,2,68.4,13,25.0,5,38.5,0,35,30,15.0,17.5,2.69,3.6,1,71.4,100.0,1,1,9.1,1,5,0,58.5,91.0,1,24,0.0,0,15,10,93.3,14,67.3,14,45.2,0,119,82,8.2,11.9,8.5
Malik Nabers,146759,WR,NYG,4,30,-3.0,1,100.0,,0,0,0.0,0,0,0,64.7,61.0,0,-2,0.0,0,1,1,100.0,1,79.2,1,3.3,0,-2,1,1.0,-2.0,-2.0,-3.0,1,100.0,,0,0,0.0,0,0,0,64.7,61.0,0,-2,0.0,0,10,1,100.0,10,79.2,1,10.0,0,-2,1,1.0,-2.0,-0.2,46.0,0,0.0,0.0,0,1,,0,0,0,,60.0,0,0,0.0,0,7,0,85.7,6,39.6,1,16.7,0,0,0,,,0.0,13.0,0,100.0,,0,0,0.0,0,1,0,64.7,79.1,0,13,0.0,0,7,1,100.0,7,118.8,1,14.3,0,13,0,0.0,13.0,1.86,5.0,0,100.0,,0,0,0.0,0,0,0,64.7,60.4,0,7,0.0,0,20,1,95.0,19,95.8,1,5.3,0,7,2,2.0,7.0,0.37,0,36.1,0,30.0,50.0,2,4,0.0,0,3,0,70.5,94.3,2,48,0.0,0,12,3,83.3,10,70.8,10,33.3,2,105,3,1.0,35.0,10.5,21,,0,,,0,0,,0,0,0,,,0,0,0.0,0,5,0,100.0,5,0.0,0,0.0,0,0,0,,,0.0,32.0,0,50.0,100.0,1,1,0.0,0,2,0,68.3,95.8,1,29,0.0,0,8,2,50.0,4,95.8,4,100.0,1,57,3,1.5,28.5,14.25,14.3,0,50.0,0.0,0,2,25.0,1,3,0,36.8,77.9,0,21,0.0,0,10,3,90.0,9,78.5,6,66.7,0,50,6,2.0,16.7,5.56,4.7,1,100.0,,0,0,0.0,0,2,0,74.6,79.1,0,12,0.0,0,12,6,91.7,11,102.8,6,54.5,0,52,24,4.0,8.7,4.73,14.2,0,60.0,33.3,1,3,14.3,1,6,0,49.7,92.3,0,25,0.0,0,11,6,90.9,10,95.4,10,33.3,0,104,21,3.5,17.3,10.4,0,,0,,,0,0,,0,0,0,,,0,0,0.0,0,1,0,100.0,1,0.0,0,0.0,0,0,0,,,0.0,37.4,0,20.0,50.0,1,2,0.0,0,1,0,64.7,80.8,1,48,0.0,0,12,1,75.0,9,67.1,5,55.6,1,48,0,0.0,48.0,5.33,14.3,0,66.7,100.0,1,1,0.0,0,2,0,68.3,92.3,0,25,0.0,0,5,2,100.0,5,109.7,3,60.0,0,41,15,7.5,20.5,8.2,6.0,0,50.0,,0,0,50.0,1,0,0,28.9,43.5,0,5,0.0,0,11,1,100.0,11,56.3,2,18.2,0,5,0,0.0,5.0,0.45,5.0,1,88.9,,0,0,11.1,1,2,0,54.9,67.9,0,12,0.0,0,10,8,90.0,9,96.3,9,30.0,0,64,26,3.3,8.0,7.11
Cam Skattebo,147787,HB,NYG,8,30,-3.5,2,83.3,,0,0,0.0,0,4,0,78.0,93.2,0,14,0.0,0,12,10,100.0,12,117.4,12,40.0,1,66,101,10.1,6.6,5.5,-4.1,1,100.0,,0,0,0.0,0,2,0,75.6,93.2,0,13,0.0,0,10,7,100.0,10,129.5,7,70.0,1,39,68,9.7,5.6,3.9,,0,,,0,0,,0,0,0,,,0,0,33.3,2,6,0,50.0,3,0.0,0,0.0,0,0,0,,,0.0,,0,,,0,0,,0,0,0,,,0,0,44.4,4,9,0,55.6,5,0.0,0,0.0,0,0,0,,,0.0,2.7,1,83.3,0.0,0,1,0.0,0,1,0,73.4,91.3,0,16,8.3,2,24,5,83.3,20,93.1,6,30.0,0,38,28,5.6,7.6,1.9,0,,0,,,0,0,,0,0,0,,,0,0,,0,0,0,,0,0.0,0,0.0,0,0,0,,,,21,-2.3,0,66.7,,0,0,0.0,0,1,0,68.3,73.1,0,9,0.0,0,6,2,100.0,6,75.7,3,50.0,0,13,18,9.0,6.5,2.17,,0,,,0,0,,0,0,0,,,0,0,0.0,0,7,0,71.4,5,0.0,0,0.0,0,0,0,,,0.0,11.0,0,100.0,,0,0,0.0,0,1,0,64.7,81.5,0,18,16.7,1,6,1,83.3,5,158.3,1,20.0,1,18,7,7.0,18.0,3.6,2.0,0,60.0,,0,0,0.0,0,1,0,70.5,72.4,0,12,23.5,4,17,3,76.5,13,70.4,5,38.5,0,22,17,5.7,7.3,1.69,11.0,0,100.0,,0,0,0.0,0,1,0,64.7,81.5,0,18,0.0,0,1,1,100.0,1,158.3,1,3.3,1,18,7,7.0,18.0,18.0,0,-3.0,1,50.0,,0,0,0.0,0,1,0,64.7,79.7,0,14,0.0,0,4,1,100.0,4,72.9,2,50.0,0,14,15,15.0,14.0,3.5,,0,,,0,0,,0,0,0,,,0,0,28.6,2,7,0,57.1,4,0.0,0,0.0,0,0,0,,,0.0,,0,,,0,0,,0,0,0,,,0,0,50.0,2,4,0,50.0,2,0.0,0,0.0,0,0,0,,,0.0,2.2,4,83.3,0.0,0,1,16.7,1,4,0,45.8,90.5,0,21,0.0,0,18,5,94.4,17,110.4,6,35.3,0,63,54,10.8,12.6,3.71,2.3,5,76.5,0.0,0,2,7.1,1,6,0,63.2,92.6,0,21,0.0,0,17,13,100.0,17,96.0,17,56.7,0,123,99,7.6,9.5,7.24
Dont'e Thornton Jr.,146547,WR,LV,14,30,-1.0,0,100.0,,0,0,0.0,0,1,0,64.7,78.8,0,11,0.0,0,1,1,100.0,1,112.5,1,3.3,0,11,12,12.0,11.0,11.0,-1.0,0,100.0,,0,0,0.0,0,1,0,64.7,78.8,0,11,0.0,0,15,1,100.0,15,112.5,1,6.7,0,11,12,12.0,11.0,0.73,,0,,,0,0,,0,0,0,,,0,0,0.0,0,5,0,100.0,5,0.0,0,0.0,0,0,0,,,0.0,15.3,0,25.0,33.3,1,3,0.0,0,1,0,70.5,90.4,0,14,0.0,0,19,1,84.2,16,41.7,4,25.0,0,14,0,0.0,14.0,0.88,3.8,0,80.0,50.0,1,2,0.0,0,2,0,72.1,81.5,0,20,0.0,0,38,4,100.0,38,100.0,5,13.2,0,40,26,6.5,10.0,1.05,0,33.6,0,18.2,16.7,1,6,33.3,1,2,0,29.9,60.6,2,36,0.0,0,12,2,91.7,11,8.7,11,36.7,0,56,0,0.0,28.0,5.09,23,,0,,,0,0,,0,0,0,,,0,0,0.0,0,13,0,100.0,13,0.0,0,0.0,0,0,0,,,0.0,28.6,0,14.3,0.0,0,3,0.0,0,1,0,64.7,53.3,1,20,0.0,0,10,1,100.0,10,0.0,7,70.0,0,20,0,0.0,20.0,2.0,16.5,0,0.0,0.0,0,2,,0,0,0,,57.7,0,0,0.0,0,10,0,90.0,9,39.6,2,22.2,0,0,0,,,0.0,7.0,0,33.3,,0,0,50.0,1,1,0,28.8,57.5,1,9,0.0,0,32,1,93.8,30,2.8,3,10.0,0,9,0,0.0,9.0,0.3,15.4,0,14.3,16.7,1,6,0.0,0,1,0,70.5,85.8,0,14,0.0,0,9,1,77.8,7,39.6,7,23.3,0,14,0,0.0,14.0,2.0,0,,0,,,0,0,,0,0,0,,,0,0,0.0,0,17,0,100.0,17,0.0,0,0.0,0,0,0,,,0.0,42.5,0,25.0,33.3,1,3,50.0,1,1,0,28.8,68.1,1,36,0.0,0,10,1,90.0,9,25.0,4,44.4,0,36,0,0.0,36.0,4.0,14.0,0,0.0,0.0,0,1,,0,0,0,,59.7,0,0,0.0,0,10,0,90.0,9,39.6,1,11.1,0,0,0,,,0.0,6.7,0,33.3,0.0,0,1,0.0,0,0,0,64.7,58.4,0,5,0.0,0,25,1,96.0,24,42.4,3,12.5,0,5,0,0.0,5.0,0.21,5.5,0,54.5,33.3,1,3,14.3,1,3,0,49.2,72.5,1,20,0.0,0,11,6,100.0,11,30.1,11,36.7,0,54,26,4.3,9.0,4.91
Tyler Badie,83714,HB,DEN,18,30,-5.4,2,88.2,,0,0,11.8,2,6,0,52.8,76.0,0,19,0.0,0,18,15,94.4,17,91.7,17,56.7,0,102,183,12.2,6.8,6.0,-5.7,2,90.9,,0,0,9.1,1,6,0,60.2,89.6,0,19,0.0,0,16,10,93.8,15,102.3,11,73.3,0,94,151,15.1,9.4,6.27,,0,,,0,0,,0,0,0,,,0,0,37.5,3,8,0,62.5,5,0.0,0,0.0,0,0,0,,,0.0,,0,,,0,0,,0,0,0,,,0,0,28.6,4,14,0,64.3,9,0.0,0,0.0,0,0,0,,,0.0,3.1,0,55.6,,0,0,28.6,2,3,0,29.7,43.8,0,13,20.0,8,40,5,75.0,30,69.7,9,30.0,0,46,30,6.0,9.2,1.53,0,30.0,0,0.0,,0,0,,0,0,0,,59.9,0,0,0.0,0,1,0,100.0,1,39.6,1,3.3,0,0,0,,,0.0,10,-6.0,0,100.0,,0,0,0.0,0,0,0,70.5,70.8,0,1,0.0,0,3,3,100.0,3,79.2,3,100.0,0,1,19,6.3,0.3,0.33,30.0,0,0.0,,0,0,,0,0,0,,59.9,0,0,30.8,4,13,0,69.2,9,39.6,1,11.1,0,0,0,,,0.0,,0,,,0,0,,0,0,0,,,0,0,25.0,1,4,0,75.0,3,0.0,0,0.0,0,0,0,,,0.0,3.0,0,0.0,,0,0,,0,0,0,,57.0,0,0,23.1,6,26,0,76.9,20,39.6,3,15.0,0,0,0,,,0.0,,0,,,0,0,,0,0,0,,,0,0,,0,0,0,,0,0.0,0,0.0,0,0,0,,,,0,-3.3,0,66.7,,0,0,33.3,1,0,0,29.9,29.4,0,5,14.3,1,7,2,85.7,6,70.1,3,50.0,0,7,13,6.5,3.5,1.17,,0,,,0,0,,0,0,0,,,0,0,20.0,2,10,0,80.0,8,0.0,0,0.0,0,0,0,,,0.0,,0,,,0,0,,0,0,0,,,0,0,30.8,4,13,0,61.5,8,0.0,0,0.0,0,0,0,,,0.0,,0,,,0,0,,0,0,0,,,0,0,35.7,5,14,0,57.1,8,0.0,0,0.0,0,0,0,,,0.0,3.1,0,41.7,,0,0,28.6,2,3,0,29.7,43.9,0,13,0.0,0,13,5,92.3,12,52.8,12,40.0,0,46,30,6.0,9.2,3.83
Jerome Ford,83601,HB,CLV,13,30,-3.8,3,94.7,100.0,1,1,5.3,1,4,0,69.6,89.2,0,17,0.0,0,20,18,95.0,19,80.7,19,63.3,0,64,133,7.4,3.6,3.37,-3.7,3,88.9,,0,0,11.1,1,3,0,54.5,72.3,0,17,0.0,0,14,8,92.9,13,87.5,9,69.2,0,45,74,9.3,5.6,3.46,,0,,,0,0,,0,0,0,,,0,0,25.0,1,4,0,75.0,3,0.0,0,0.0,0,0,0,,,0.0,,0,,,0,0,,0,0,0,,,0,0,25.0,6,24,0,70.8,17,0.0,0,0.0,0,0,0,,,0.0,2.2,0,88.9,100.0,1,1,11.1,1,0,0,54.5,53.7,0,10,17.9,10,56,8,78.6,44,84.7,9,20.5,0,39,20,2.5,4.9,0.89,0,,0,,,0,0,,0,0,0,,,0,0,,0,0,0,,0,0.0,0,0.0,0,0,0,,,,8,-4.0,0,100.0,,0,0,0.0,0,0,0,74.6,76.5,0,12,0.0,0,7,6,100.0,7,79.2,6,85.7,0,16,40,6.7,2.7,2.29,,0,,,0,0,,0,0,0,,,0,0,37.5,3,8,0,62.5,5,0.0,0,0.0,0,0,0,,,0.0,,0,,,0,0,,0,0,0,,,0,0,45.5,5,11,0,54.5,6,0.0,0,0.0,0,0,0,,,0.0,4.0,0,0.0,0.0,0,1,,0,0,0,,59.3,0,0,47.4,9,19,0,47.4,9,39.6,1,11.1,0,0,0,,,0.0,,0,,,0,0,,0,0,0,,,0,0,,0,0,0,,0,0.0,0,0.0,0,0,0,,,,0,-4.0,0,100.0,100.0,1,1,0.0,0,1,0,73.4,89.8,0,9,0.0,0,6,4,83.3,5,79.2,4,80.0,0,3,19,4.8,0.8,0.6,,0,,,0,0,,0,0,0,,,0,0,22.2,2,9,0,66.7,6,0.0,0,0.0,0,0,0,,,0.0,,0,,,0,0,,0,0,0,,,0,0,50.0,6,12,0,50.0,6,0.0,0,0.0,0,0,0,,,0.0,1.0,0,0.0,,0,0,100.0,1,0,0,27.9,26.4,0,0,35.3,6,17,0,58.8,10,39.6,1,10.0,0,0,0,,,0.0,2.3,0,72.7,50.0,1,2,20.0,2,0,0,35.3,33.0,0,10,0.0,0,11,8,100.0,11,77.5,11,36.7,0,39,20,2.5,4.9,3.55
Austin Hooper,10715,TE,NE,19,30,-3.0,0,100.0,,0,0,0.0,0,1,0,64.7,90.6,0,24,0.0,0,1,1,100.0,1,118.8,1,3.3,0,24,27,27.0,24.0,24.0,-3.0,0,100.0,,0,0,0.0,0,1,0,64.7,90.6,0,24,23.1,3,13,1,76.9,10,118.8,1,10.0,0,24,27,27.0,24.0,2.4,21.0,0,100.0,,0,0,0.0,0,1,0,64.7,90.5,0,31,0.0,0,6,1,66.7,4,118.8,1,25.0,0,31,10,10.0,31.0,7.75,13.4,0,60.0,50.0,2,4,0.0,0,3,0,70.5,93.1,0,14,14.3,2,14,3,78.6,11,115.0,5,45.5,1,28,2,0.7,9.3,2.55,4.3,0,77.8,,0,0,0.0,0,3,0,75.6,93.6,1,16,7.1,4,56,7,92.9,52,54.9,9,17.3,0,60,29,4.1,8.6,1.15,0,22.7,0,66.7,100.0,1,1,0.0,0,2,0,68.3,96.0,0,31,0.0,0,3,2,100.0,3,109.7,3,10.0,0,57,13,6.5,28.5,19.0,19,,0,,,0,0,,0,0,0,,,0,0,60.0,3,5,0,40.0,2,0.0,0,0.0,0,0,0,,,0.0,24.0,0,0.0,,0,0,,0,0,0,,58.2,0,0,8.3,1,12,0,75.0,9,39.6,1,11.1,0,0,0,,,0.0,15.2,0,80.0,100.0,1,1,0.0,0,4,0,72.1,96.6,0,22,15.4,2,13,4,84.6,11,158.3,5,45.5,1,66,11,2.8,16.5,6.0,,0,,,0,0,,0,0,0,,,0,0,23.1,6,26,0,76.9,20,0.0,0,0.0,0,0,0,,,0.0,14.6,0,63.6,60.0,3,5,0.0,0,7,0,75.6,97.2,0,22,0.0,0,11,7,100.0,11,130.3,11,36.7,2,94,13,1.9,13.4,8.55,0,,0,,,0,0,,0,0,0,,,0,0,0.0,0,7,0,100.0,7,0.0,0,0.0,0,0,0,,,0.0,23.0,0,100.0,100.0,1,1,0.0,0,1,0,64.7,94.9,0,26,8.3,1,12,1,75.0,9,118.8,1,11.1,0,26,3,3.0,26.0,2.89,18.0,0,0.0,,0,0,,0,0,0,,60.0,0,0,33.3,4,12,0,66.7,8,39.6,1,12.5,0,0,0,,,0.0,3.7,0,83.3,,0,0,0.0,0,1,0,73.4,90.1,0,14,12.0,3,25,5,88.0,22,95.8,6,27.3,0,42,20,4.0,8.4,1.91,4.1,0,80.0,,0,0,0.0,0,4,0,79.4,93.9,1,16,0.0,0,15,12,100.0,15,67.2,15,50.0,0,102,49,4.1,8.5,6.8
Jayden Reed,78171,WR,GB,8,29,-3.1,2,100.0,,0,0,0.0,0,0,0,76.5,62.5,0,3,0.0,0,8,8,100.0,8,79.2,8,27.6,0,15,40,5.0,1.9,1.88,-4.5,0,100.0,,0,0,0.0,0,0,0,68.3,61.5,0,2,0.0,0,7,2,100.0,7,79.2,2,28.6,0,3,12,6.0,1.5,0.43,20.5,0,50.0,0.0,0,1,0.0,0,1,0,64.7,75.8,0,26,0.0,0,6,1,100.0,6,95.8,2,33.3,0,26,6,6.0,26.0,4.33,13.0,0,50.0,,0,0,0.0,0,1,0,64.7,76.5,0,20,0.0,0,11,1,100.0,11,85.4,2,18.2,0,20,4,4.0,20.0,1.82,4.3,1,100.0,,0,0,0.0,0,0,0,70.5,63.6,0,8,4.0,1,25,3,96.0,24,87.5,3,12.5,0,15,2,0.7,5.0,0.63,0,23.8,0,33.3,0.0,0,3,50.0,2,2,0,28.0,84.7,0,30,0.0,0,7,2,85.7,6,68.8,6,20.7,0,56,9,4.5,28.0,9.33,12,-2.3,2,100.0,,0,0,0.0,0,0,0,70.5,61.1,0,3,0.0,0,4,3,100.0,4,79.2,3,75.0,0,7,14,4.7,2.3,1.75,25.5,0,0.0,0.0,0,1,100.0,2,0,0,25.5,28.4,0,0,0.0,0,7,0,85.7,6,39.6,2,33.3,0,0,0,,,0.0,13.0,0,100.0,,0,0,0.0,0,1,0,68.3,93.4,0,18,0.0,0,7,2,100.0,7,158.3,2,28.6,1,31,5,2.5,15.5,4.43,4.3,0,100.0,,0,0,0.0,0,2,0,70.5,86.1,0,29,0.0,0,10,3,100.0,10,116.7,3,30.0,0,36,23,7.7,12.0,3.6,15.8,0,75.0,100.0,1,1,0.0,0,5,0,74.6,97.4,0,31,0.0,0,8,6,100.0,8,156.3,8,27.6,2,117,22,3.7,19.5,14.63,0,-3.0,0,100.0,,0,0,0.0,0,0,0,70.5,62.1,0,2,0.0,0,7,3,100.0,7,79.2,3,42.9,0,5,14,4.7,1.7,0.71,25.5,0,50.0,0.0,0,1,0.0,0,1,0,68.3,95.4,0,30,0.0,0,11,1,90.9,10,95.8,2,20.0,0,30,3,3.0,30.0,3.0,18.5,0,75.0,100.0,1,1,0.0,0,3,0,70.5,95.6,0,31,0.0,0,12,3,100.0,12,156.3,4,33.3,1,66,13,4.3,22.0,5.5,6.0,1,100.0,,0,0,0.0,0,1,0,64.7,81.5,0,11,0.0,0,16,1,100.0,16,112.5,1,6.3,0,11,5,5.0,11.0,0.69,4.6,2,100.0,,0,0,0.0,0,3,0,75.6,87.0,0,29,0.0,0,7,7,100.0,7,103.6,7,24.1,0,62,30,4.3,8.9,8.86
Bam Knight,97432,HB,ARZ,9,29,-4.8,1,62.5,,0,0,16.7,1,1,0,45.8,51.6,0,8,0.0,0,8,5,100.0,8,66.7,8,27.6,0,15,43,8.6,3.0,1.88,-5.0,1,100.0,,0,0,0.0,0,0,0,68.3,69.1,0,2,0.0,0,10,2,90.0,9,79.2,2,22.2,0,1,11,5.5,0.5,0.11,,0,,,0,0,,0,0,0,,,0,0,20.0,1,5,0,80.0,4,0.0,0,0.0,0,0,0,,,0.0,14.0,0,100.0,,0,0,0.0,0,1,0,64.7,81.9,0,15,33.3,5,15,1,66.7,10,158.3,1,10.0,1,15,1,1.0,15.0,1.5,2.4,0,72.7,,0,0,0.0,0,3,0,76.5,90.1,0,9,15.2,7,46,8,80.4,37,79.4,11,29.7,0,44,29,3.6,5.5,1.19,0,,0,,,0,0,,0,0,0,,,0,0,,0,0,0,,0,0.0,0,0.0,0,0,0,,,,1,-9.0,0,100.0,,0,0,0.0,0,0,0,64.7,65.4,0,-1,50.0,1,2,1,50.0,1,79.2,1,100.0,0,-1,8,8.0,-1.0,-1.0,,0,,,0,0,,0,0,0,,,0,0,0.0,0,2,0,100.0,2,0.0,0,0.0,0,0,0,,,0.0,,0,,,0,0,,0,0,0,,,0,0,66.7,2,3,0,0.0,0,0.0,0,,0,0,0,,,,0.3,0,100.0,,0,0,0.0,0,3,0,72.1,91.8,0,20,14.3,2,14,4,78.6,11,118.8,4,36.4,0,51,50,12.5,12.8,4.64,14.0,0,50.0,0.0,0,1,0.0,0,1,0,64.7,80.5,0,15,0.0,0,2,1,100.0,2,114.6,2,6.9,1,15,1,1.0,15.0,7.5,0,-3.8,0,40.0,,0,0,33.3,1,1,0,29.9,37.4,0,8,15.4,2,13,2,84.6,11,47.9,5,45.5,0,15,24,12.0,7.5,1.36,,0,,,0,0,,0,0,0,,,0,0,50.0,3,6,0,50.0,3,0.0,0,0.0,0,0,0,,,0.0,14.0,0,0.0,0.0,0,1,,0,0,0,,60.0,0,0,0.0,0,11,0,90.9,10,39.6,1,10.0,0,0,0,,,0.0,0.5,1,100.0,,0,0,0.0,0,2,0,72.1,88.5,0,12,26.1,6,23,4,73.9,17,103.1,4,23.5,0,35,33,8.3,8.8,2.06,1.5,1,84.2,,0,0,0.0,0,8,0,81.7,93.7,0,20,0.0,0,19,16,100.0,19,95.2,19,65.5,0,130,112,7.0,8.1,6.84
Lil'Jordan Humphrey,42247,WR,DEN,12,29,,0,,,0,0,,0,0,0,,,0,0,,0,0,0,,0,0.0,0,0.0,0,0,0,,,,,0,,,0,0,,0,0,0,,,0,0,0.0,0,19,0,100.0,19,0.0,0,0.0,0,0,0,,,0.0,33.0,0,100.0,,0,0,0.0,0,1,0,64.7,91.0,0,29,0.0,0,9,1,100.0,9,158.3,1,11.1,1,29,0,0.0,29.0,3.22,12.3,0,25.0,0.0,0,1,0.0,0,1,0,64.7,63.0,0,17,0.0,0,16,1,100.0,16,44.8,4,25.0,0,17,6,6.0,17.0,1.06,4.6,0,100.0,100.0,1,1,0.0,0,2,0,73.4,80.6,0,15,0.0,0,37,5,97.3,36,99.2,5,13.9,0,39,16,3.2,7.8,1.08,0,29.7,0,33.3,33.3,1,3,0.0,0,2,0,68.3,92.0,1,34,0.0,0,7,2,85.7,6,73.6,6,20.7,1,63,0,0.0,31.5,10.5,10,,0,,,0,0,,0,0,0,,,0,0,0.0,0,10,0,100.0,10,0.0,0,0.0,0,0,0,,,0.0,28.7,0,0.0,0.0,0,2,,0,0,0,,56.6,1,0,0.0,0,12,0,75.0,9,0.0,3,33.3,0,0,0,,,0.0,16.7,0,66.7,,0,0,0.0,0,2,0,68.3,87.9,0,22,0.0,0,10,2,100.0,10,109.0,3,30.0,0,37,6,3.0,18.5,3.7,4.4,0,80.0,,0,0,0.0,0,3,0,72.1,89.8,0,9,0.0,0,18,4,100.0,18,127.1,5,27.8,1,25,6,1.5,6.3,1.39,14.0,0,30.0,0.0,0,2,25.0,1,3,0,36.2,66.7,0,22,0.0,0,11,3,90.9,10,49.6,10,34.5,0,54,12,4.0,18.0,5.4,0,,0,,,0,0,,0,0,0,,,0,0,16.7,1,6,0,83.3,5,0.0,0,0.0,0,0,0,,,0.0,29.5,0,50.0,100.0,1,1,0.0,0,1,0,64.7,90.4,0,34,0.0,0,14,1,85.7,12,95.8,2,16.7,0,34,0,0.0,34.0,2.83,13.7,0,0.0,0.0,0,1,100.0,1,0,0,27.9,39.5,0,0,0.0,0,16,0,93.8,15,39.6,3,20.0,0,0,0,,,0.0,5.7,0,66.7,,0,0,0.0,0,1,0,68.3,74.1,0,9,0.0,0,30,2,93.3,28,75.7,3,10.7,0,13,0,0.0,6.5,0.46,4.8,0,84.6,100.0,1,1,0.0,0,6,0,78.7,90.7,0,15,0.0,0,13,11,100.0,13,117.0,13,44.8,1,77,22,2.0,7.0,5.92
Tyreek Hill,10799,WR,MIA,4,29,-4.0,0,100.0,,0,0,0.0,0,0,0,64.7,61.0,0,1,0.0,0,1,1,100.0,1,79.2,1,3.4,0,1,5,5.0,1.0,1.0,-4.0,0,100.0,,0,0,0.0,0,0,0,64.7,61.0,0,1,0.0,0,9,1,88.9,8,79.2,1,12.5,0,1,5,5.0,1.0,0.13,28.7,0,33.3,,0,0,50.0,1,1,0,28.8,58.2,0,21,0.0,0,3,1,100.0,3,59.0,3,100.0,0,21,0,0.0,21.0,7.0,15.0,0,50.0,,0,0,0.0,0,1,0,64.7,73.5,1,11,0.0,0,10,1,90.0,9,27.1,2,22.2,0,11,-1,-1.0,11.0,1.22,5.2,1,100.0,100.0,1,1,0.0,0,4,0,74.6,92.8,0,28,0.0,0,28,5,85.7,24,114.2,5,20.8,0,57,31,6.2,11.4,2.38,0,30.3,0,50.0,,0,0,25.0,1,3,0,36.2,80.4,0,47,0.0,0,6,3,100.0,6,95.8,6,20.7,0,90,1,0.3,30.0,15.0,17,,0,,,0,0,,0,0,0,,,0,0,0.0,0,5,0,100.0,5,0.0,0,0.0,0,0,0,,,0.0,37.0,0,50.0,,0,0,0.0,0,1,0,64.7,79.8,0,47,0.0,0,4,1,100.0,4,95.8,2,50.0,0,47,1,1.0,47.0,11.75,13.8,0,50.0,,0,0,0.0,0,1,0,68.3,87.1,0,19,0.0,0,6,2,100.0,6,77.1,4,66.7,0,32,0,0.0,16.0,5.33,6.0,0,100.0,100.0,1,1,0.0,0,1,0,68.3,76.7,0,9,0.0,0,8,2,87.5,7,95.8,2,28.6,0,14,2,1.0,7.0,2.0,14.3,0,50.0,100.0,1,1,0.0,0,4,0,73.4,90.3,1,19,0.0,0,11,5,90.9,10,61.7,10,34.5,1,58,-1,-0.2,11.6,5.8,0,,0,,,0,0,,0,0,0,,,0,0,0.0,0,6,0,100.0,6,0.0,0,0.0,0,0,0,,,0.0,22.0,0,100.0,,0,0,0.0,0,1,0,64.7,78.5,0,22,0.0,0,1,1,100.0,1,118.8,1,100.0,0,22,0,0.0,22.0,22.0,14.5,0,50.0,100.0,1,1,0.0,0,2,0,68.3,77.2,0,10,0.0,0,6,2,100.0,6,99.0,4,66.7,1,15,0,0.0,7.5,2.5,4.4,1,100.0,,0,0,0.0,0,5,0,73.4,94.4,0,13,0.0,0,10,5,100.0,10,104.2,5,50.0,0,45,23,4.6,9.0,4.5,5.0,2,100.0,100.0,2,2,0.0,0,10,0,80.0,95.6,0,28,0.0,0,13,12,92.3,12,106.9,12,41.4,0,116,56,4.7,9.7,9.67
Kalif Raymond,11028,WR,DET,14,28,-2.8,0,100.0,,0,0,0.0,0,2,0,74.6,91.4,0,14,0.0,0,6,6,100.0,6,100.7,6,21.4,0,49,66,11.0,8.2,8.17,-2.5,0,100.0,,0,0,0.0,0,2,0,72.1,90.8,0,14,0.0,0,23,4,100.0,23,102.1,4,17.4,0,34,44,11.0,8.5,1.48,25.0,0,50.0,,0,0,0.0,0,1,0,64.7,90.3,0,30,0.0,0,7,1,100.0,7,95.8,2,28.6,0,30,3,3.0,30.0,4.29,16.3,0,100.0,,0,0,0.0,0,3,0,70.5,92.0,0,20,0.0,0,25,3,96.0,24,118.8,3,12.5,0,52,3,1.0,17.3,2.17,4.6,2,83.3,100.0,2,2,9.1,1,6,0,58.5,92.4,0,27,0.0,0,63,10,98.4,62,139.6,12,19.4,1,130,83,8.3,13.0,2.1,0,25.0,0,50.0,,0,0,0.0,0,1,0,64.7,90.3,0,30,0.0,0,2,1,100.0,2,95.8,2,7.1,0,30,3,3.0,30.0,15.0,11,,0,,,0,0,,0,0,0,,,0,0,0.0,0,8,0,100.0,8,0.0,0,0.0,0,0,0,,,0.0,,0,,,0,0,,0,0,0,,,0,0,0.0,0,3,0,100.0,3,0.0,0,0.0,0,0,0,,,0.0,,0,,,0,0,,0,0,0,,,0,0,0.0,0,5,0,100.0,5,0.0,0,0.0,0,0,0,,,0.0,3.5,0,100.0,,0,0,0.0,0,1,0,68.3,76.1,0,10,0.0,0,17,2,100.0,17,97.9,2,11.8,0,15,8,4.0,7.5,0.88,14.8,0,75.0,,0,0,0.0,0,3,0,70.5,90.6,0,20,0.0,0,5,3,80.0,4,116.7,4,14.3,0,52,3,1.0,17.3,13.0,0,-3.5,0,100.0,,0,0,0.0,0,0,0,68.3,77.0,0,8,0.0,0,8,2,100.0,8,97.9,2,25.0,0,15,22,11.0,7.5,1.88,,0,,,0,0,,0,0,0,,,0,0,0.0,0,4,0,100.0,4,0.0,0,0.0,0,0,0,,,0.0,10.0,0,0.0,,0,0,,0,0,0,,57.5,0,0,0.0,0,8,0,75.0,6,39.6,1,16.7,0,0,0,,,0.0,6.0,0,100.0,100.0,1,1,0.0,0,1,0,68.3,76.2,0,7,0.0,0,16,2,93.8,15,93.8,2,13.3,0,13,1,0.5,6.5,0.87,4.6,2,87.5,100.0,3,3,6.7,1,8,0,64.4,92.8,0,27,0.0,0,17,14,94.1,16,128.6,16,57.1,1,158,92,6.6,11.3,9.88
Jeremy Ruckert,84029,TE,NYJ,17,28,-3.0,0,100.0,,0,0,0.0,0,0,0,64.7,63.1,0,0,0.0,0,1,1,100.0,1,79.2,1,3.6,0,0,3,3.0,0.0,0.0,,0,,,0,0,,0,0,0,,,0,0,45.5,5,11,0,54.5,6,0.0,0,0.0,0,0,0,,,0.0,,0,,,0,0,,0,0,0,,,0,0,75.0,3,4,0,25.0,1,0.0,0,0.0,0,0,0,,,0.0,11.0,0,100.0,,0,0,0.0,0,1,0,64.7,78.1,0,12,10.0,1,10,1,90.0,9,116.7,1,11.1,0,12,1,1.0,12.0,1.33,4.0,1,90.0,100.0,1,1,0.0,0,3,0,77.3,92.5,0,12,5.1,2,39,9,94.9,37,97.1,10,27.0,0,73,39,4.3,8.1,1.97,0,,0,,,0,0,,0,0,0,,,0,0,,0,0,0,,0,0.0,0,0.0,0,0,0,,,,22,,0,,,0,0,,0,0,0,,,0,0,12.5,1,8,0,75.0,6,0.0,0,0.0,0,0,0,,,0.0,,0,,,0,0,,0,0,0,,,0,0,20.0,2,10,0,80.0,8,0.0,0,0.0,0,0,0,,,0.0,,0,,,0,0,,0,0,0,,,0,0,37.5,3,8,0,62.5,5,0.0,0,0.0,0,0,0,,,0.0,4.1,0,71.4,100.0,1,1,16.7,1,3,0,46.3,89.5,0,24,11.4,4,35,5,82.9,29,128.6,7,24.1,1,46,31,6.2,9.2,1.59,11.0,0,100.0,,0,0,0.0,0,1,0,64.7,78.1,0,12,0.0,0,1,1,100.0,1,116.7,1,3.6,0,12,1,1.0,12.0,12.0,0,-3.0,0,100.0,,0,0,0.0,0,0,0,64.7,63.1,0,0,7.1,1,14,1,85.7,12,79.2,1,8.3,0,0,3,3.0,0.0,0.0,,0,,,0,0,,0,0,0,,,0,0,50.0,3,6,0,50.0,3,0.0,0,0.0,0,0,0,,,0.0,,0,,,0,0,,0,0,0,,,0,0,54.5,6,11,0,36.4,4,0.0,0,0.0,0,0,0,,,0.0,3.1,0,77.8,0.0,0,1,12.5,1,1,0,52.5,52.6,0,14,13.8,4,29,7,86.2,25,88.9,9,36.0,0,48,29,4.1,6.9,1.92,3.7,1,80.8,66.7,2,3,8.7,2,7,0,59.7,90.3,0,24,0.0,0,26,21,100.0,26,104.5,26,92.9,1,156,88,4.2,7.4,6.0
Jack Bech,146771,WR,LV,15,28,,0,,,0,0,,0,0,0,,,0,0,,0,0,0,,0,0.0,0,0.0,0,0,0,,,,,0,,,0,0,,0,0,0,,,0,0,0.0,0,11,0,100.0,11,0.0,0,0.0,0,0,0,,,0.0,20.0,0,0.0,,0,0,,0,0,0,,60.0,1,0,0.0,0,3,0,100.0,3,0.0,1,33.3,0,0,0,,,0.0,10.0,0,100.0,,0,0,0.0,0,0,0,64.7,78.8,0,10,0.0,0,10,1,90.0,9,108.3,1,11.1,0,10,0,0.0,10.0,1.11,4.3,0,62.5,40.0,2,5,16.7,1,1,0,45.8,59.6,1,16,2.5,1,40,5,87.5,35,32.3,8,22.9,0,34,11,2.2,6.8,0.97,0,21.8,0,25.0,0.0,0,1,0.0,0,1,0,64.7,87.0,1,37,0.0,0,4,1,100.0,4,26.0,4,14.3,0,37,17,17.0,37.0,9.25,23,,0,,,0,0,,0,0,0,,,0,0,0.0,0,4,0,100.0,4,0.0,0,0.0,0,0,0,,,0.0,20.0,0,50.0,0.0,0,1,0.0,0,1,0,64.7,90.4,0,37,0.0,0,6,1,100.0,6,95.8,2,33.3,0,37,17,17.0,37.0,6.17,12.6,0,60.0,100.0,1,1,0.0,0,3,0,70.5,90.5,0,23,0.0,0,13,3,92.3,12,87.9,5,41.7,0,43,10,3.3,14.3,3.58,5.2,1,100.0,100.0,2,2,0.0,0,2,0,74.6,69.6,0,7,3.6,1,28,6,92.9,26,91.7,6,23.1,0,36,5,0.8,6.0,1.38,12.9,0,75.0,100.0,1,1,0.0,0,5,0,74.6,93.5,0,23,0.0,0,9,6,88.9,8,109.9,8,28.6,0,87,14,2.3,14.5,10.88,0,,0,,,0,0,,0,0,0,,,0,0,0.0,0,14,0,100.0,14,0.0,0,0.0,0,0,0,,,0.0,27.0,0,0.0,,0,0,,0,0,0,,60.0,0,0,0.0,0,6,0,100.0,6,39.6,1,16.7,0,0,0,,,0.0,15.0,0,100.0,,0,0,0.0,0,2,0,68.3,90.0,0,17,0.0,0,6,2,83.3,5,118.8,2,40.0,0,34,4,2.0,17.0,6.8,4.5,0,100.0,,0,0,0.0,0,2,0,68.3,90.5,0,19,0.0,0,23,2,95.7,22,118.8,2,9.1,0,30,21,10.5,15.0,1.36,4.6,1,81.3,57.1,4,7,7.1,1,5,0,63.2,74.9,1,19,0.0,0,17,13,94.1,16,66.7,16,57.1,0,100,37,2.8,7.7,6.25
Konata Mumpfield,145598,WR,LA,19,27,-1.0,0,100.0,,0,0,0.0,0,1,0,64.7,78.1,0,7,0.0,0,1,1,100.0,1,95.8,1,3.7,0,7,8,8.0,7.0,7.0,,0,,,0,0,,0,0,0,,,0,0,0.0,0,7,0,100.0,7,0.0,0,0.0,0,0,0,,,0.0,46.0,0,0.0,,0,0,,0,0,0,,59.3,0,0,0.0,0,5,0,100.0,5,39.6,1,20.0,0,0,0,,,0.0,11.5,0,83.3,100.0,1,1,0.0,0,5,0,73.4,92.3,0,14,0.0,0,25,5,100.0,25,141.7,6,24.0,1,51,5,1.0,10.2,2.04,5.3,0,71.4,0.0,0,1,0.0,0,1,0,73.4,69.2,1,11,0.0,0,55,5,100.0,55,41.1,7,12.7,0,32,10,2.0,6.4,0.58,0,38.5,0,0.0,0.0,0,2,,0,0,0,,56.1,0,0,0.0,0,4,0,100.0,4,39.6,4,14.8,0,0,0,,,0.0,26,,0,,,0,0,,0,0,0,,,0,0,0.0,0,2,0,100.0,2,0.0,0,0.0,0,0,0,,,0.0,36.0,0,0.0,0.0,0,2,,0,0,0,,57.0,0,0,0.0,0,19,0,94.7,18,39.6,3,16.7,0,0,0,,,0.0,15.3,0,0.0,0.0,0,1,,0,0,0,,55.9,0,0,0.0,0,11,0,90.9,10,39.6,4,40.0,0,0,0,,,0.0,3.0,0,0.0,,0,0,,0,0,0,,59.0,0,0,0.0,0,15,0,100.0,15,39.6,1,6.7,0,0,0,,,0.0,13.1,0,45.5,33.3,1,3,0.0,0,5,0,73.4,88.6,0,14,0.0,0,13,5,84.6,11,89.6,11,40.7,1,51,5,1.0,10.2,4.64,0,-1.0,0,100.0,,0,0,0.0,0,1,0,64.7,78.1,0,7,0.0,0,9,1,100.0,9,95.8,1,11.1,0,7,8,8.0,7.0,0.78,,0,,,0,0,,0,0,0,,,0,0,0.0,0,13,0,84.6,11,0.0,0,0.0,0,0,0,,,0.0,14.0,0,0.0,0.0,0,1,,0,0,0,,58.0,0,0,0.0,0,17,0,88.2,15,39.6,1,6.7,0,0,0,,,0.0,5.0,0,66.7,0.0,0,1,0.0,0,1,0,68.3,75.0,0,19,0.0,0,21,2,95.2,20,91.0,3,15.0,0,24,17,8.5,12.0,1.2,5.0,0,63.6,0.0,0,2,0.0,0,2,0,75.6,73.7,1,19,0.0,0,11,7,100.0,11,38.4,11,40.7,0,56,27,3.9,8.0,5.09
Justice Hill,45865,HB,BLT,10,27,-3.5,3,80.0,,0,0,7.7,1,3,0,62.1,74.4,0,11,0.0,0,15,12,100.0,15,108.6,15,55.6,1,71,114,9.5,5.9,4.73,-2.5,2,66.7,,0,0,20.0,1,2,0,42.1,56.6,0,11,12.5,1,8,4,87.5,7,115.3,6,85.7,1,26,37,9.3,6.5,3.71,,0,,,0,0,,0,0,0,,,0,0,,0,0,0,,0,0.0,0,,0,0,0,,,,,0,,,0,0,,0,0,0,,,0,0,15.4,2,13,0,84.6,11,0.0,0,0.0,0,0,0,,,0.0,2.7,6,88.9,100.0,1,1,0.0,0,3,0,76.5,90.7,0,37,12.8,5,39,8,79.5,31,110.2,9,29.0,0,94,72,9.0,11.8,3.03,0,,0,,,0,0,,0,0,0,,,0,0,,0,0,0,,0,0.0,0,0.0,0,0,0,,,,3,-3.5,0,75.0,,0,0,0.0,0,1,0,70.5,76.1,0,8,0.0,0,6,3,100.0,6,80.2,4,66.7,0,15,24,8.0,5.0,2.5,,0,,,0,0,,0,0,0,,,0,0,28.6,2,7,0,57.1,4,0.0,0,0.0,0,0,0,,,0.0,13.0,0,0.0,,0,0,,0,0,0,,59.5,0,0,50.0,5,10,0,50.0,5,39.6,1,20.0,0,0,0,,,0.0,,0,,,0,0,,0,0,0,,,0,0,35.7,5,14,0,50.0,7,0.0,0,0.0,0,0,0,,,0.0,13.0,0,0.0,,0,0,,0,0,0,,59.5,0,0,0.0,0,1,0,100.0,1,39.6,1,3.7,0,0,0,,,0.0,0,-4.6,1,100.0,,0,0,0.0,0,0,0,73.4,83.6,0,11,0.0,0,5,5,100.0,5,91.7,5,100.0,0,30,53,10.6,6.0,6.0,,0,,,0,0,,0,0,0,,,0,0,18.2,2,11,0,72.7,8,0.0,0,0.0,0,0,0,,,0.0,,0,,,0,0,,0,0,0,,,0,0,37.5,3,8,0,50.0,4,0.0,0,0.0,0,0,0,,,0.0,1.0,0,50.0,,0,0,0.0,0,0,0,64.7,61.5,0,4,40.0,4,10,1,60.0,6,56.3,2,33.3,0,4,3,3.0,4.0,0.67,2.4,6,81.8,100.0,1,1,0.0,0,3,0,77.3,88.6,0,37,0.0,0,11,9,100.0,11,103.8,11,40.7,0,98,75,8.3,10.9,8.91
Isaiah Davis,138299,HB,NYJ,16,27,-4.7,2,100.0,100.0,1,1,0.0,0,1,0,78.0,81.1,0,17,0.0,0,10,9,90.0,9,89.4,9,33.3,0,49,91,10.1,5.4,5.44,-4.3,1,100.0,100.0,1,1,0.0,0,0,0,73.4,75.1,0,9,12.5,1,8,4,75.0,6,79.2,4,66.7,0,9,26,6.5,2.3,1.5,,0,,,0,0,,0,0,0,,,0,0,66.7,2,3,0,33.3,1,0.0,0,0.0,0,0,0,,,0.0,,0,,,0,0,,0,0,0,,,0,0,53.3,8,15,0,46.7,7,0.0,0,0.0,0,0,0,,,0.0,3.1,1,88.9,0.0,0,1,0.0,0,4,0,76.5,94.0,0,26,9.1,4,44,8,90.9,40,105.1,9,22.5,0,83,58,7.3,10.4,2.08,0,20.0,0,0.0,0.0,0,1,,0,0,0,,59.9,0,0,0.0,0,1,0,100.0,1,39.6,1,3.7,0,0,0,,,0.0,22,-5.7,1,100.0,,0,0,0.0,0,1,0,70.5,73.2,0,17,0.0,0,5,3,100.0,5,106.9,3,60.0,0,29,46,15.3,9.7,5.8,,0,,,0,0,,0,0,0,,,0,0,22.2,2,9,0,77.8,7,0.0,0,0.0,0,0,0,,,0.0,,0,,,0,0,,0,0,0,,,0,0,40.0,4,10,0,50.0,5,0.0,0,0.0,0,0,0,,,0.0,3.5,0,75.0,,0,0,0.0,0,2,0,70.5,92.0,0,12,35.0,7,20,3,65.0,13,94.8,4,30.8,0,29,21,7.0,9.7,2.23,,0,,,0,0,,0,0,0,,,0,0,,0,0,0,,0,0.0,0,0.0,0,0,0,,,,0,-4.0,0,100.0,,0,0,0.0,0,0,0,68.3,69.6,0,9,0.0,0,4,2,100.0,4,89.6,2,50.0,0,11,19,9.5,5.5,2.75,20.0,0,0.0,0.0,0,1,,0,0,0,,59.9,0,0,28.6,2,7,0,71.4,5,39.6,1,20.0,0,0,0,,,0.0,,0,,,0,0,,0,0,0,,,0,0,33.3,4,12,0,58.3,7,0.0,0,0.0,0,0,0,,,0.0,3.3,0,25.0,,0,0,50.0,1,1,0,30.0,58.0,0,25,34.8,8,23,1,60.9,14,53.1,4,28.6,0,25,22,22.0,25.0,1.79,3.2,1,70.6,0.0,0,1,7.7,1,7,0,63.5,94.4,0,26,0.0,0,18,12,94.4,17,94.5,17,63.0,0,137,101,8.4,11.4,8.06
Daniel Bellinger,84041,TE,NYG,16,26,-1.0,2,100.0,,0,0,0.0,0,1,0,68.3,95.8,0,29,0.0,0,2,2,100.0,2,158.3,2,7.7,1,33,35,17.5,16.5,16.5,-1.0,2,100.0,,0,0,0.0,0,1,0,68.3,95.8,0,29,5.3,1,19,2,94.7,18,158.3,2,11.1,1,33,35,17.5,16.5,1.83,,0,,,0,0,,0,0,0,,,0,0,45.5,5,11,0,45.5,5,0.0,0,0.0,0,0,0,,,0.0,11.5,0,50.0,50.0,1,2,0.0,0,2,0,68.3,78.2,0,14,5.9,1,17,2,94.1,16,71.9,4,25.0,0,27,4,2.0,13.5,1.69,4.5,0,100.0,,0,0,0.0,0,4,0,75.6,95.0,0,14,5.3,2,38,6,86.8,33,108.3,6,18.2,0,60,33,5.5,10.0,1.82,0,26.0,0,50.0,0.0,0,1,33.3,1,2,0,29.9,75.8,0,44,0.0,0,4,2,100.0,4,135.4,4,15.4,1,73,10,5.0,36.5,18.25,21,,0,,,0,0,,0,0,0,,,0,0,36.4,4,11,0,63.6,7,0.0,0,0.0,0,0,0,,,0.0,,0,,,0,0,,0,0,0,,,0,0,10.0,1,10,0,80.0,8,0.0,0,0.0,0,0,0,,,0.0,15.3,0,66.7,,0,0,0.0,0,2,0,68.3,91.6,0,21,26.7,4,15,2,53.3,8,109.7,3,37.5,0,39,5,2.5,19.5,4.88,1.8,0,80.0,,0,0,0.0,0,2,0,72.1,90.9,0,13,14.8,4,27,4,85.2,23,99.2,5,21.7,0,39,33,8.3,9.8,1.7,12.8,0,50.0,33.3,1,3,0.0,0,4,0,72.1,91.1,0,21,0.0,0,9,4,88.9,8,78.1,8,30.8,0,66,9,2.3,16.5,8.25,0,,0,,,0,0,,0,0,0,,,0,0,37.5,3,8,0,62.5,5,0.0,0,0.0,0,0,0,,,0.0,26.0,0,50.0,0.0,0,1,33.3,1,2,0,29.9,75.8,0,44,21.4,3,14,2,78.6,11,135.4,4,36.4,1,73,10,5.0,36.5,6.64,10.0,0,0.0,0.0,0,1,,0,0,0,,59.9,0,0,23.5,4,17,0,76.5,13,39.6,1,7.7,0,0,0,,,0.0,1.0,0,100.0,,0,0,0.0,0,1,0,64.7,79.1,0,15,22.7,5,22,1,68.2,15,118.8,1,6.7,0,15,14,14.0,15.0,1.0,3.1,0,91.7,,0,0,0.0,0,7,0,79.4,95.9,0,15,0.0,0,13,11,92.3,12,106.3,12,46.2,0,114,80,7.3,10.4,9.5
David Montgomery,45719,HB,DET,17,26,-3.8,3,100.0,,0,0,0.0,0,4,0,78.7,91.7,0,15,0.0,0,11,11,100.0,11,91.7,11,42.3,0,66,108,9.8,6.0,6.0,-3.8,1,100.0,,0,0,0.0,0,3,0,76.5,90.9,0,15,9.5,2,21,8,90.5,19,93.8,8,42.1,0,52,82,10.3,6.5,2.74,,0,,,0,0,,0,0,0,,,0,0,14.3,1,7,0,71.4,5,0.0,0,0.0,0,0,0,,,0.0,,0,,,0,0,,0,0,0,,,0,0,24.1,7,29,0,75.9,22,0.0,0,0.0,0,0,0,,,0.0,2.7,1,90.0,,0,0,0.0,0,4,0,77.3,93.6,0,23,14.0,8,57,9,82.5,47,101.3,10,21.3,0,83,57,6.3,9.2,1.77,0,,0,,,0,0,,0,0,0,,,0,0,,0,0,0,,0,0.0,0,0.0,0,0,0,,,,11,-4.5,1,100.0,,0,0,0.0,0,1,0,68.3,83.0,0,13,33.3,2,6,2,50.0,3,102.1,2,66.7,0,17,26,13.0,8.5,5.67,,0,,,0,0,,0,0,0,,,0,0,25.0,1,4,0,50.0,2,0.0,0,0.0,0,0,0,,,0.0,,0,,,0,0,,0,0,0,,,0,0,11.1,1,9,0,88.9,8,0.0,0,0.0,0,0,0,,,0.0,1.5,0,100.0,,0,0,0.0,0,2,0,68.3,90.6,0,13,25.0,4,16,2,75.0,12,114.6,2,16.7,0,23,20,10.0,11.5,1.92,10.0,0,0.0,,0,0,,0,0,0,,59.9,0,0,0.0,0,1,0,100.0,1,39.6,1,3.8,0,0,0,,,0.0,0,-3.0,1,100.0,,0,0,0.0,0,0,0,64.7,65.2,0,-3,20.0,1,5,1,80.0,4,79.2,1,25.0,0,-3,0,0.0,-3.0,-0.75,,0,,,0,0,,0,0,0,,,0,0,0.0,0,4,0,100.0,4,0.0,0,0.0,0,0,0,,,0.0,10.0,0,0.0,,0,0,,0,0,0,,59.9,0,0,14.3,1,7,0,71.4,5,39.6,1,20.0,0,0,0,,,0.0,2.0,0,100.0,,0,0,0.0,0,1,0,68.3,83.0,0,13,52.2,12,23,2,47.8,11,108.3,2,18.2,0,20,16,8.0,10.0,1.82,2.4,1,92.9,,0,0,0.0,0,7,0,80.0,94.9,0,23,0.0,0,14,13,100.0,14,104.2,14,53.8,0,126,93,7.2,9.7,9.0
Isaac TeSlaa,172430,WR,DET,17,26,-2.0,0,100.0,,0,0,0.0,0,1,0,64.7,79.1,0,11,0.0,0,1,1,100.0,1,112.5,1,3.8,0,11,13,13.0,11.0,11.0,-2.0,0,100.0,,0,0,0.0,0,1,0,64.7,79.1,0,11,0.0,0,20,1,100.0,20,112.5,1,5.0,0,11,13,13.0,11.0,0.55,28.0,0,50.0,100.0,1,1,0.0,0,1,0,64.7,90.5,1,20,0.0,0,12,1,91.7,11,85.4,2,18.2,1,20,0,0.0,20.0,1.82,15.1,0,50.0,25.0,1,4,0.0,0,4,0,72.1,92.4,0,28,0.0,0,37,4,97.3,36,118.2,8,22.2,2,67,15,3.8,16.8,1.86,5.2,1,80.0,,0,0,0.0,0,2,0,72.1,81.0,0,17,0.0,0,74,4,97.3,72,105.0,5,6.9,0,46,24,6.0,11.5,0.64,0,28.8,0,50.0,100.0,2,2,0.0,0,2,0,68.3,95.6,1,29,0.0,0,5,2,80.0,4,94.8,4,15.4,1,49,2,1.0,24.5,12.25,11,,0,,,0,0,,0,0,0,,,0,0,0.0,0,1,0,100.0,1,0.0,0,0.0,0,0,0,,,0.0,,0,,,0,0,,0,0,0,,59.8,0,0,0.0,0,5,0,60.0,3,0.0,0,0.0,0,0,0,,,0.0,16.3,0,83.3,100.0,2,2,0.0,0,5,0,73.4,97.5,0,18,0.0,0,13,5,100.0,13,152.1,6,46.2,3,66,1,0.2,13.2,5.08,9.0,0,0.0,0.0,0,1,,0,0,0,,52.4,0,0,0.0,0,27,0,92.6,25,39.6,1,4.0,0,0,0,,,0.0,15.7,0,60.0,50.0,3,6,0.0,0,9,0,77.3,97.3,0,28,0.0,0,16,9,93.8,15,128.6,15,57.7,5,133,16,1.8,14.8,8.87,0,,0,,,0,0,,0,0,0,,,0,0,0.0,0,8,0,100.0,8,0.0,0,0.0,0,0,0,,,0.0,29.5,0,50.0,100.0,1,1,0.0,0,1,0,64.7,94.1,0,29,0.0,0,6,1,100.0,6,95.8,2,33.3,0,29,2,2.0,29.0,4.83,17.0,0,0.0,,0,0,,0,0,0,,60.0,0,0,0.0,0,7,0,85.7,6,39.6,1,16.7,0,0,0,,,0.0,,0,,,0,0,,0,0,0,,,0,0,0.0,0,39,0,97.4,38,0.0,0,0.0,0,0,0,,,0.0,5.8,1,66.7,0.0,0,1,0.0,0,2,0,72.1,72.8,0,17,0.0,0,6,4,100.0,6,89.6,6,23.1,0,46,24,6.0,11.5,7.67
Isiah Pacheco,83747,HB,KC,13,26,-3.2,2,73.7,,0,0,17.6,3,2,0,36.0,37.3,0,11,0.0,0,19,14,100.0,19,76.0,19,73.1,0,44,86,6.1,3.1,2.32,-3.9,0,57.1,,0,0,33.3,2,0,0,28.7,27.3,0,0,6.7,2,30,4,93.3,28,62.2,7,25.0,0,-5,8,2.0,-1.3,-0.18,,0,,,0,0,,0,0,0,,,0,0,12.5,1,8,0,75.0,6,0.0,0,0.0,0,0,0,,,0.0,,0,,,0,0,,0,0,0,,,0,0,5.0,1,20,0,80.0,16,0.0,0,0.0,0,0,0,,,0.0,0.0,0,100.0,,0,0,0.0,0,1,0,68.3,83.2,0,8,3.8,2,53,2,96.2,51,137.5,2,3.9,1,15,15,7.5,7.5,0.29,0,,0,,,0,0,,0,0,0,,,0,0,,0,0,0,,0,0.0,0,0.0,0,0,0,,,,16,-3.1,2,80.0,,0,0,11.1,1,2,0,54.5,59.4,0,10,13.6,3,22,8,81.8,18,80.8,10,55.6,0,34,61,7.6,4.3,1.89,,0,,,0,0,,0,0,0,,,0,0,21.4,3,14,0,64.3,9,0.0,0,0.0,0,0,0,,,0.0,,0,,,0,0,,0,0,0,,,0,0,28.6,2,7,0,71.4,5,0.0,0,0.0,0,0,0,,,0.0,5.0,0,0.0,0.0,0,1,,0,0,0,64.7,79.0,0,0,9.1,2,22,0,81.8,18,39.6,1,5.6,0,0,0,,,0.0,16.0,0,100.0,,0,0,0.0,0,1,0,64.7,81.6,0,31,0.0,0,1,1,100.0,1,118.8,1,3.8,0,31,15,15.0,31.0,31.0,0,-1.0,0,100.0,,0,0,0.0,0,0,0,68.3,69.8,0,11,25.0,2,8,2,62.5,5,97.9,2,40.0,0,15,17,8.5,7.5,3.0,,0,,,0,0,,0,0,0,,,0,0,0.0,0,8,0,100.0,8,0.0,0,0.0,0,0,0,,,0.0,16.0,0,100.0,,0,0,0.0,0,1,0,64.7,81.6,0,31,7.7,1,13,1,84.6,11,118.8,1,9.1,0,31,15,15.0,31.0,2.82,3.0,0,66.7,,0,0,33.3,1,0,0,29.9,29.5,0,6,18.8,3,16,2,81.3,13,72.9,3,23.1,0,11,6,3.0,5.5,0.85,2.3,0,66.7,0.0,0,1,20.0,1,1,0,45.8,59.4,0,8,0.0,0,7,4,85.7,6,115.3,6,23.1,1,26,21,5.3,6.5,4.33
Tim Patrick,12087,WR,JAX,16,25,-4.0,1,100.0,,0,0,0.0,0,0,0,68.3,77.4,0,-1,0.0,0,2,1,50.0,1,79.2,1,4.0,0,-1,3,3.0,-1.0,-1.0,-4.0,1,100.0,,0,0,0.0,0,0,0,64.7,61.1,0,-1,7.7,1,13,1,92.3,12,79.2,1,8.3,0,-1,3,3.0,-1.0,-0.08,,0,,,0,0,,0,0,0,,,0,0,0.0,0,4,0,75.0,3,0.0,0,0.0,0,0,0,,,0.0,13.7,0,33.3,0.0,0,1,66.7,2,1,0,26.4,44.1,0,26,0.0,0,24,1,95.8,23,105.6,3,13.0,1,26,9,9.0,26.0,1.13,6.2,1,100.0,100.0,2,2,0.0,0,4,0,73.4,94.1,0,16,0.0,0,29,5,89.7,26,145.4,5,19.2,1,47,23,4.6,9.4,1.81,0,26.0,0,50.0,,0,0,0.0,0,2,0,68.3,94.2,0,37,0.0,0,4,2,100.0,4,95.8,4,16.0,0,63,4,2.0,31.5,15.75,15,,0,,,0,0,,0,0,0,64.7,79.4,0,0,0.0,0,1,0,0.0,0,0.0,0,,0,0,0,,,,27.3,0,66.7,,0,0,0.0,0,2,0,68.3,95.0,0,37,0.0,0,6,2,100.0,6,109.7,3,50.0,0,63,4,2.0,31.5,10.5,15.0,0,37.5,25.0,1,4,25.0,1,3,0,36.2,74.6,1,22,4.8,1,21,3,85.7,18,54.2,8,44.4,1,40,4,1.3,13.3,2.22,1.0,0,100.0,,0,0,0.0,0,0,0,68.3,61.9,0,4,0.0,0,13,2,92.3,12,79.2,2,16.7,0,5,3,1.5,2.5,0.42,14.7,0,33.3,20.0,1,5,42.9,3,4,0,27.0,62.7,1,26,0.0,0,13,4,92.3,12,57.6,12,48.0,2,66,13,3.3,16.5,5.5,0,,0,,,0,0,,0,0,0,,,0,0,0.0,0,6,0,100.0,6,0.0,0,0.0,0,0,0,,,0.0,22.0,0,0.0,,0,0,,0,0,0,,59.8,0,0,0.0,0,4,0,75.0,3,39.6,1,33.3,0,0,0,,,0.0,15.0,0,0.0,,0,0,,0,0,0,,58.9,0,0,0.0,0,12,0,91.7,11,39.6,1,9.1,0,0,0,,,0.0,0.0,0,100.0,,0,0,0.0,0,0,0,64.7,61.0,0,7,0.0,0,11,1,100.0,11,95.8,1,9.1,0,7,7,7.0,7.0,0.64,4.1,1,100.0,100.0,2,2,0.0,0,4,0,76.5,91.9,0,16,0.0,0,8,8,100.0,8,137.0,8,32.0,1,59,33,4.1,7.4,7.38
Kyle Williams,128374,WR,NE,20,25,,0,,,0,0,,0,0,0,,,0,0,,0,0,0,,0,0.0,0,0.0,0,0,0,,,,,0,,,0,0,,0,0,0,,,0,0,0.0,0,11,0,90.9,10,0.0,0,0.0,0,0,0,,,0.0,42.5,0,0.0,0.0,0,1,,0,0,0,,58.1,0,0,0.0,0,10,0,80.0,8,39.6,2,25.0,0,0,0,,,0.0,14.5,0,0.0,,0,0,,0,0,0,,57.4,0,0,0.0,0,21,0,95.2,20,39.6,2,10.0,0,0,0,,,0.0,6.0,0,75.0,0.0,0,1,0.0,0,2,0,70.5,91.1,0,18,0.0,0,36,3,100.0,36,104.2,4,11.1,0,38,19,6.3,12.7,1.06,0,34.8,0,22.2,33.3,1,3,33.3,1,2,0,29.9,80.4,0,37,0.0,0,11,2,81.8,9,99.1,9,36.0,2,70,0,0.0,35.0,7.78,19,,0,,,0,0,,0,0,0,,,0,0,0.0,0,3,0,66.7,2,0.0,0,0.0,0,0,0,,,0.0,30.0,0,25.0,,0,0,50.0,1,1,0,28.8,67.1,0,33,0.0,0,13,1,92.3,12,101.0,4,33.3,1,33,0,0.0,33.0,2.75,13.0,0,50.0,0.0,0,1,0.0,0,1,0,64.7,75.3,0,12,0.0,0,11,1,100.0,11,68.8,2,18.2,0,12,0,0.0,12.0,1.09,7.0,0,66.7,0.0,0,1,0.0,0,0,0,68.3,59.9,0,8,5.3,1,19,2,94.7,18,75.7,3,16.7,0,13,1,0.5,6.5,0.72,13.7,0,28.6,0.0,0,2,33.3,1,2,0,29.9,82.0,0,72,0.0,0,8,2,87.5,7,116.7,7,28.0,1,84,58,29.0,42.0,12.0,0,,0,,,0,0,,0,0,0,,,0,0,0.0,0,7,0,100.0,7,0.0,0,0.0,0,0,0,,,0.0,36.0,0,33.3,50.0,1,2,0.0,0,1,0,64.7,88.3,0,37,0.0,0,12,1,91.7,11,120.8,3,27.3,1,37,0,0.0,37.0,3.36,13.7,0,33.3,0.0,0,1,50.0,1,1,0,28.8,80.8,0,72,0.0,0,12,1,75.0,9,121.5,3,33.3,1,72,58,58.0,72.0,8.0,5.5,0,100.0,,0,0,0.0,0,2,0,68.3,90.2,0,7,0.0,0,18,2,94.4,17,89.6,2,11.8,0,11,0,0.0,5.5,0.65,6.2,0,77.8,0.0,0,2,0.0,0,4,0,75.6,91.2,0,18,0.0,0,9,7,100.0,9,95.4,9,36.0,0,62,20,2.9,8.9,6.89
Adam Trautman,109795,TE,DEN,19,25,,0,,,0,0,,0,0,0,,,0,0,,0,0,0,,0,0.0,0,0.0,0,0,0,,,,,0,,,0,0,,0,0,0,,,0,0,10.0,2,20,0,90.0,18,0.0,0,0.0,0,0,0,,,0.0,,0,,,0,0,,0,0,0,,,0,0,36.4,4,11,0,54.5,6,0.0,0,0.0,0,0,0,,,0.0,11.7,0,66.7,,0,0,0.0,0,2,0,68.3,92.7,0,13,15.4,2,13,2,76.9,10,91.0,3,30.0,0,24,1,0.5,12.0,2.4,4.5,1,100.0,100.0,1,1,0.0,0,5,0,78.0,93.5,0,26,19.6,10,51,10,76.5,39,108.3,10,25.6,0,100,55,5.5,10.0,2.56,0,,0,,,0,0,,0,0,0,,,0,0,,0,0,0,,0,0.0,0,0.0,0,0,0,,,,10,,0,,,0,0,,0,0,0,,,0,0,30.0,6,20,0,65.0,13,0.0,0,0.0,0,0,0,,,0.0,,0,,,0,0,,0,0,0,,,0,0,52.4,11,21,0,42.9,9,0.0,0,0.0,0,0,0,,,0.0,14.0,0,0.0,,0,0,,0,0,0,,59.9,0,0,28.6,4,14,0,71.4,10,39.6,1,10.0,0,0,0,,,0.0,1.8,4,80.0,,0,0,0.0,0,2,0,72.1,95.8,0,22,35.1,13,37,4,56.8,21,103.3,5,23.8,0,44,37,9.3,11.0,2.1,12.4,0,60.0,,0,0,0.0,0,3,0,70.5,93.4,0,13,0.0,0,5,3,100.0,5,82.9,5,20.0,0,37,1,0.3,12.3,7.4,0,,0,,,0,0,,0,0,0,,,0,0,31.3,5,16,0,68.8,11,0.0,0,0.0,0,0,0,,,0.0,,0,,,0,0,,0,0,0,,,0,0,47.1,8,17,0,52.9,9,0.0,0,0.0,0,0,0,,,0.0,13.0,0,100.0,,0,0,0.0,0,1,0,64.7,79.1,0,13,40.0,8,20,1,55.0,11,118.8,1,9.1,0,13,0,0.0,13.0,1.18,3.8,0,60.0,,0,0,25.0,1,1,0,36.2,55.9,0,8,21.7,10,46,3,78.3,36,104.2,5,13.9,1,14,9,3.0,4.7,0.39,3.7,5,85.0,100.0,1,1,5.6,1,8,0,67.7,94.4,0,26,0.0,0,20,17,100.0,20,116.2,20,80.0,1,158,101,5.9,9.3,7.9
Jordan Whittington,97623,WR,LA,18,25,-1.3,0,100.0,,0,0,0.0,0,1,0,74.6,71.0,0,9,0.0,0,6,6,100.0,6,79.2,6,24.0,0,16,24,4.0,2.7,2.67,-1.0,0,100.0,,0,0,0.0,0,0,0,68.3,61.2,0,2,0.0,0,14,2,100.0,14,79.2,2,14.3,0,3,5,2.5,1.5,0.21,,0,,,0,0,,0,0,0,,,0,0,25.0,1,4,0,75.0,3,0.0,0,0.0,0,0,0,,,0.0,12.0,0,50.0,,0,0,0.0,0,1,0,64.7,76.0,0,19,0.0,0,27,1,88.9,24,83.3,2,8.3,0,19,8,8.0,19.0,0.79,4.5,0,100.0,,0,0,0.0,0,2,0,73.4,94.1,0,20,1.6,1,62,4,93.5,58,118.8,4,6.9,0,53,35,8.8,13.3,0.91,0,32.0,0,50.0,0.0,0,1,0.0,0,1,0,64.7,90.5,0,40,0.0,0,2,1,100.0,2,95.8,2,8.0,0,40,11,11.0,40.0,20.0,26,-1.3,0,100.0,,0,0,0.0,0,1,0,70.5,74.6,0,9,0.0,0,8,3,100.0,8,87.5,3,37.5,0,15,19,6.3,5.0,1.88,29.0,0,100.0,,0,0,0.0,0,1,0,64.7,91.0,0,40,14.3,2,14,1,71.4,10,118.8,1,10.0,0,40,11,11.0,40.0,4.0,15.5,0,50.0,,0,0,0.0,0,1,0,64.7,65.6,0,22,0.0,0,16,1,93.8,15,89.6,2,13.3,0,22,3,3.0,22.0,1.47,2.5,1,83.3,,0,0,0.0,0,1,0,74.6,70.4,0,13,4.0,1,25,5,92.0,23,88.9,6,26.1,0,32,20,4.0,6.4,1.39,14.4,0,40.0,,0,0,0.0,0,2,0,68.3,75.9,0,22,0.0,0,5,2,100.0,5,69.6,5,20.0,0,41,11,5.5,20.5,8.2,0,-2.0,0,100.0,,0,0,0.0,0,0,0,64.7,61.0,0,-2,16.7,1,6,1,83.3,5,79.2,1,20.0,0,-2,0,0.0,-2.0,-0.4,35.0,0,0.0,0.0,0,1,,0,0,0,,59.8,0,0,0.0,0,10,0,80.0,8,39.6,1,12.5,0,0,0,,,0.0,17.0,0,0.0,,0,0,,0,0,0,,59.8,0,0,0.0,0,11,0,90.9,10,39.6,1,10.0,0,0,0,,,0.0,2.0,1,100.0,,0,0,0.0,0,2,0,68.3,90.6,0,13,5.1,2,39,2,94.9,37,116.7,2,5.4,0,24,20,10.0,12.0,0.65,3.1,2,91.7,,0,0,0.0,0,5,0,80.0,92.7,0,20,0.0,0,14,11,85.7,12,104.5,12,48.0,0,109,75,6.8,9.9,9.08
Tyrell Shavers,61107,WR,BUF,17,24,-1.0,0,100.0,,0,0,0.0,0,0,0,64.7,60.8,0,7,0.0,0,1,1,100.0,1,95.8,1,4.2,0,7,8,8.0,7.0,7.0,-1.0,0,100.0,,0,0,0.0,0,0,0,64.7,60.8,0,7,0.0,0,35,1,91.4,32,95.8,1,3.1,0,7,8,8.0,7.0,0.22,,0,,,0,0,,0,0,0,,59.9,0,0,0.0,0,6,0,83.3,5,0.0,0,0.0,0,0,0,,,0.0,14.2,0,60.0,0.0,0,1,0.0,0,3,0,70.5,85.1,0,24,0.0,0,21,3,100.0,21,104.2,5,23.8,0,66,26,8.7,22.0,3.14,3.8,0,75.0,,0,0,0.0,0,1,0,70.5,71.5,0,8,12.8,5,39,3,84.6,33,86.5,4,12.1,0,21,9,3.0,7.0,0.64,0,40.3,0,66.7,50.0,1,2,0.0,0,2,0,68.3,96.0,0,43,0.0,0,4,2,75.0,3,149.3,3,12.5,1,75,0,0.0,37.5,25.0,4,,0,,,0,0,,0,0,0,,,0,0,14.3,1,7,0,85.7,6,0.0,0,0.0,0,0,0,,,0.0,48.0,0,100.0,,0,0,0.0,0,1,0,64.7,90.9,0,43,0.0,0,8,1,100.0,8,158.3,1,12.5,1,43,0,0.0,43.0,5.38,13.0,1,66.7,,0,0,0.0,0,2,0,68.3,88.1,0,20,0.0,0,9,2,100.0,9,104.9,3,33.3,0,34,13,6.5,17.0,3.78,,0,,,0,0,,0,0,0,,,0,0,6.7,1,15,0,93.3,14,0.0,0,0.0,0,0,0,,,0.0,13.1,1,57.1,0.0,0,1,0.0,0,7,0,76.5,92.8,0,24,0.0,0,14,8,100.0,14,89.9,14,58.3,0,135,39,4.9,16.9,9.64,0,,0,,,0,0,,0,0,0,,,0,0,0.0,0,11,0,100.0,11,0.0,0,0.0,0,0,0,,,0.0,36.5,0,50.0,50.0,1,2,0.0,0,1,0,64.7,93.8,0,32,0.0,0,4,1,100.0,4,95.8,2,50.0,0,32,0,0.0,32.0,8.0,12.2,0,50.0,,0,0,0.0,0,2,0,70.5,90.1,0,16,0.0,0,14,3,92.9,13,68.1,6,46.2,0,35,0,0.0,11.7,2.69,4.0,0,100.0,,0,0,0.0,0,1,0,68.3,80.5,0,17,0.0,0,26,2,92.3,24,110.4,2,8.3,0,21,13,6.5,10.5,0.88,3.8,0,83.3,,0,0,0.0,0,2,0,73.4,79.6,0,17,0.0,0,6,5,100.0,6,95.8,6,25.0,0,42,22,4.4,8.4,7.0
Elijah Arroyo,143933,TE,SEA,13,24,-1.3,0,100.0,,0,0,0.0,0,1,0,70.5,88.1,0,24,0.0,0,3,3,100.0,3,105.6,3,12.5,0,28,32,10.7,9.3,9.33,,0,,,0,0,,0,0,0,,,0,0,0.0,0,9,0,77.8,7,0.0,0,0.0,0,0,0,,,0.0,22.5,0,50.0,100.0,1,1,0.0,0,1,0,64.7,93.9,1,26,0.0,0,8,1,75.0,6,95.8,2,33.3,1,26,3,3.0,26.0,4.33,12.0,0,0.0,,0,0,,0,0,0,,52.2,0,0,0.0,0,13,0,92.3,12,39.6,1,8.3,0,0,0,,,0.0,6.0,0,66.7,100.0,2,2,0.0,0,1,1,72.1,46.4,1,8,5.4,2,37,4,91.9,34,37.5,6,17.6,0,28,4,1.0,7.0,0.82,0,25.2,0,60.0,66.7,2,3,0.0,0,3,0,70.5,97.4,1,32,0.0,0,6,3,83.3,5,104.2,5,20.8,1,85,11,3.7,28.3,17.0,29,-1.5,0,100.0,,0,0,0.0,0,1,0,68.3,89.5,0,24,0.0,0,7,2,100.0,7,118.8,2,28.6,0,27,30,15.0,13.5,3.86,,0,,,0,0,,0,0,0,,60.0,0,0,0.0,0,8,0,87.5,7,0.0,0,0.0,0,0,0,,,0.0,10.5,0,0.0,0.0,0,1,,0,0,0,,31.2,1,0,0.0,0,10,0,90.0,9,0.0,2,22.2,0,0,0,,,0.0,2.5,0,75.0,0.0,0,1,0.0,0,1,0,70.5,69.5,0,12,4.0,1,25,3,92.0,23,87.5,4,17.4,0,22,13,4.3,7.3,0.96,11.0,0,0.0,0.0,0,1,,0,0,0,,27.8,1,0,0.0,0,3,0,100.0,3,0.0,3,12.5,0,0,0,,,0.0,0,-1.0,0,100.0,,0,0,0.0,0,0,0,64.7,61.2,0,1,20.0,1,5,1,80.0,4,79.2,1,25.0,0,1,2,2.0,1.0,0.25,27.0,0,66.7,50.0,1,2,0.0,0,2,0,68.3,95.9,0,32,0.0,0,5,2,100.0,5,109.7,3,60.0,0,59,8,4.0,29.5,11.8,,0,,,0,0,,0,0,0,,,0,0,16.7,1,6,0,83.3,5,0.0,0,0.0,0,0,0,,,0.0,4.7,0,66.7,,0,0,0.0,0,1,0,68.3,75.8,0,10,0.0,0,13,2,100.0,13,79.9,3,23.1,0,16,6,3.0,8.0,1.23,4.6,0,69.2,66.7,2,3,0.0,0,3,1,77.3,65.6,1,12,0.0,0,14,9,92.9,13,48.9,13,54.2,0,66,23,2.6,7.3,5.08
Kareem Hunt,11841,HB,KC,17,24,-2.9,2,83.3,,0,0,0.0,0,4,0,78.7,92.2,0,13,0.0,0,13,10,92.3,12,90.3,12,50.0,0,68,97,9.7,6.8,5.67,-3.9,2,85.7,,0,0,0.0,0,3,0,74.6,92.1,0,13,13.2,5,38,6,86.8,33,95.2,7,21.2,0,48,70,11.7,8.0,1.45,,0,,,0,0,,0,0,0,,,0,0,29.4,5,17,0,64.7,11,0.0,0,0.0,0,0,0,,,0.0,,0,,,0,0,,0,0,0,,,0,0,13.6,3,22,0,77.3,17,0.0,0,0.0,0,0,0,,,0.0,1.5,2,83.3,,0,0,16.7,1,2,0,46.3,59.9,0,22,11.1,7,63,5,88.9,56,102.8,6,10.7,0,52,43,8.6,10.4,0.93,0,,0,,,0,0,,0,0,0,,,0,0,,0,0,0,,0,0.0,0,0.0,0,0,0,,,,16,-1.8,0,75.0,,0,0,0.0,0,0,0,70.5,70.6,0,6,0.0,0,8,3,100.0,8,79.2,4,50.0,0,14,20,6.7,4.7,1.75,,0,,,0,0,,0,0,0,,,0,0,22.2,2,9,0,77.8,7,0.0,0,0.0,0,0,0,,,0.0,,0,,,0,0,,0,0,0,,,0,0,16.7,2,12,0,75.0,9,0.0,0,0.0,0,0,0,,,0.0,0.0,0,100.0,,0,0,0.0,0,0,0,64.7,81.5,0,8,28.6,6,21,1,71.4,15,100.0,1,6.7,0,8,8,8.0,8.0,0.53,13.0,0,0.0,0.0,0,1,,0,0,0,,60.0,1,0,0.0,0,1,0,100.0,1,0.0,1,4.2,0,0,0,,,0.0,0,-1.0,0,100.0,,0,0,0.0,0,1,0,68.3,82.7,0,6,11.1,1,9,1,77.8,7,91.7,1,14.3,0,6,7,7.0,6.0,0.86,,0,,,0,0,,0,0,0,,,0,0,12.5,2,16,0,75.0,12,0.0,0,0.0,0,0,0,,,0.0,13.0,0,0.0,0.0,0,1,,0,0,0,,60.0,1,0,14.3,3,21,0,71.4,15,0.0,1,6.7,0,0,0,,,0.0,3.5,0,50.0,,0,0,0.0,0,2,0,70.5,91.6,0,13,13.0,3,23,2,73.9,17,99.0,4,23.5,1,15,7,3.5,7.5,0.88,2.1,2,72.7,,0,0,11.1,1,4,0,57.0,89.3,0,22,0.0,0,12,8,91.7,11,121.4,11,45.8,1,75,58,7.3,9.4,6.82
Hunter Renfrow,47509,WR,CAR,6,24,-1.0,0,100.0,,0,0,0.0,0,0,0,64.7,61.0,0,1,0.0,0,1,1,100.0,1,79.2,1,4.2,0,1,2,2.0,1.0,1.0,,0,,,0,0,,0,0,0,,,0,0,0.0,0,7,0,100.0,7,0.0,0,0.0,0,0,0,,,0.0,,0,,,0,0,,0,0,0,,,0,0,0.0,0,3,0,100.0,3,0.0,0,0.0,0,0,0,,,0.0,15.7,0,33.3,0.0,0,1,0.0,0,1,0,64.7,75.4,0,15,0.0,0,13,1,92.3,12,50.7,3,25.0,0,15,2,2.0,15.0,1.25,4.6,0,88.9,100.0,3,3,0.0,0,4,0,76.5,88.5,0,7,0.0,0,43,8,93.0,40,122.7,9,22.5,1,41,7,0.9,5.1,1.03,0,26.0,0,0.0,,0,0,,0,0,0,,58.1,0,0,0.0,0,2,0,50.0,1,39.6,1,4.2,0,0,0,,,0.0,5,,0,,,0,0,,0,0,0,,,0,0,0.0,0,1,0,100.0,1,0.0,0,0.0,0,0,0,,,0.0,26.0,0,0.0,,0,0,,0,0,0,,59.9,0,0,0.0,0,4,0,75.0,3,39.6,1,33.3,0,0,0,,,0.0,14.5,0,0.0,0.0,0,2,,0,0,0,,57.0,0,0,0.0,0,16,0,68.8,11,39.6,2,18.2,0,0,0,,,0.0,6.0,0,75.0,,0,0,0.0,0,1,0,70.5,72.9,0,10,0.0,0,13,3,100.0,13,88.5,4,30.8,0,23,8,2.7,7.7,1.77,15.5,0,16.7,0.0,0,3,50.0,1,1,0,28.9,56.5,0,15,0.0,0,7,1,85.7,6,39.6,6,25.0,0,15,2,2.0,15.0,2.5,0,-1.0,0,100.0,,0,0,0.0,0,0,0,64.7,61.0,0,1,0.0,0,1,1,100.0,1,79.2,1,100.0,0,1,2,2.0,1.0,1.0,,0,,,0,0,,0,0,0,,59.8,0,0,0.0,0,9,0,66.7,6,0.0,0,0.0,0,0,0,,,0.0,17.0,0,0.0,,0,0,100.0,1,0,0,28.0,41.1,0,0,0.0,0,8,0,100.0,8,39.6,1,12.5,0,0,0,,,0.0,5.3,0,66.7,,0,0,0.0,0,2,0,68.3,87.6,0,5,0.0,0,14,2,100.0,14,109.7,3,21.4,1,9,2,1.0,4.5,0.64,5.1,0,81.3,100.0,3,3,0.0,0,7,0,80.0,91.1,0,10,0.0,0,16,13,100.0,16,125.3,16,66.7,2,73,17,1.3,5.6,4.56
Zach Charbonnet,97630,HB,SEA,17,23,-3.2,2,100.0,,0,0,0.0,0,1,0,74.6,77.4,0,12,0.0,0,6,6,100.0,6,79.9,6,26.1,0,19,38,6.3,3.2,3.17,-2.8,0,100.0,,0,0,0.0,0,0,0,73.4,69.7,0,6,0.0,0,8,5,100.0,8,79.2,5,62.5,0,7,21,4.2,1.4,0.88,,0,,,0,0,,0,0,0,,,0,0,50.0,4,8,0,37.5,3,0.0,0,0.0,0,0,0,,,0.0,,0,,,0,0,,0,0,0,,,0,0,23.8,5,21,0,71.4,15,0.0,0,0.0,0,0,0,,,0.0,3.1,2,83.3,,0,0,9.1,1,5,0,58.5,89.2,0,21,20.0,14,70,10,75.7,53,99.7,12,22.6,0,95,64,6.4,9.5,1.79,0,,0,,,0,0,,0,0,0,,,0,0,,0,0,0,,0,0.0,0,0.0,0,0,0,,,,29,,0,,,0,0,,0,0,0,,,0,0,0.0,0,7,0,100.0,7,0.0,0,0.0,0,0,0,,,0.0,,0,,,0,0,,0,0,0,,,0,0,66.7,4,6,0,33.3,2,0.0,0,0.0,0,0,0,,,0.0,,0,,,0,0,,0,0,0,,,0,0,33.3,9,27,0,59.3,16,0.0,0,0.0,0,0,0,,,0.0,1.7,0,100.0,,0,0,0.0,0,1,0,70.5,79.6,0,15,24.1,7,29,3,75.9,22,95.8,3,13.6,0,21,16,5.3,7.0,0.95,,0,,,0,0,,0,0,0,,,0,0,,0,0,0,,0,0.0,0,0.0,0,0,0,,,,0,-5.0,2,100.0,,0,0,0.0,0,1,0,64.7,81.8,0,12,16.7,1,6,1,83.3,5,116.7,1,20.0,0,12,17,17.0,12.0,2.4,,0,,,0,0,,0,0,0,,,0,0,41.7,5,12,0,58.3,7,0.0,0,0.0,0,0,0,,,0.0,,0,,,0,0,,0,0,0,,,0,0,21.4,3,14,0,71.4,10,0.0,0,0.0,0,0,0,,,0.0,6.0,0,50.0,,0,0,0.0,0,0,0,64.7,61.1,0,9,38.1,8,21,1,61.9,13,62.5,2,15.4,0,9,4,4.0,9.0,0.69,3.2,2,82.4,,0,0,6.7,1,6,0,64.4,89.1,0,21,0.0,0,17,14,100.0,17,97.3,17,73.9,0,125,84,6.0,8.9,7.35
Tanner Hudson,66924,TE,CIN,12,23,-2.0,0,100.0,,0,0,0.0,0,0,0,68.3,62.5,0,3,0.0,0,2,2,100.0,2,79.2,2,8.7,0,0,4,2.0,0.0,0.0,,0,,,0,0,,0,0,0,,,0,0,0.0,0,7,0,85.7,6,0.0,0,0.0,0,0,0,,,0.0,,0,,,0,0,,0,0,0,,,0,0,0.0,0,2,0,100.0,2,0.0,0,0.0,0,0,0,,,0.0,11.0,0,100.0,100.0,1,1,0.0,0,1,0,64.7,78.6,0,2,0.0,0,12,1,100.0,12,118.8,1,8.3,1,2,0,0.0,2.0,0.17,4.3,1,76.9,33.3,1,3,0.0,0,5,0,78.0,93.6,1,18,0.0,0,34,10,100.0,34,64.9,13,38.2,0,96,58,5.8,9.6,2.82,0,20.3,0,66.7,0.0,0,1,0.0,0,2,0,68.3,96.7,0,33,0.0,0,3,2,100.0,3,149.3,3,13.0,1,47,13,6.5,23.5,15.67,7,-1.0,0,100.0,,0,0,0.0,0,0,0,64.7,61.8,0,3,0.0,0,1,1,100.0,1,79.2,1,100.0,0,3,4,4.0,3.0,3.0,20.0,0,50.0,0.0,0,1,0.0,0,1,0,64.7,91.2,0,33,0.0,0,4,1,100.0,4,95.8,2,50.0,0,33,13,13.0,33.0,8.25,,0,,,0,0,,0,0,0,,,0,0,0.0,0,7,0,100.0,7,0.0,0,0.0,0,0,0,,,0.0,2.5,0,100.0,,0,0,0.0,0,0,0,68.3,63.0,0,9,0.0,0,10,2,90.0,9,87.5,2,22.2,0,10,5,2.5,5.0,1.11,11.0,0,100.0,100.0,1,1,0.0,0,1,0,64.7,78.6,0,2,0.0,0,1,1,100.0,1,118.8,1,4.3,1,2,0,0.0,2.0,2.0,0,-3.0,0,100.0,,0,0,0.0,0,0,0,64.7,61.3,0,-3,33.3,1,3,1,66.7,2,79.2,1,50.0,0,-3,0,0.0,-3.0,-1.5,21.0,0,100.0,,0,0,0.0,0,1,0,64.7,94.8,0,14,0.0,0,5,1,100.0,5,158.3,1,20.0,1,14,0,0.0,14.0,2.8,,0,,,0,0,,0,0,0,,,0,0,0.0,0,6,0,100.0,6,0.0,0,0.0,0,0,0,,,0.0,4.0,2,100.0,,0,0,0.0,0,0,0,68.3,61.3,0,7,0.0,0,7,2,100.0,7,93.8,2,28.6,0,13,5,2.5,6.5,1.86,4.1,3,82.4,33.3,1,3,0.0,0,5,0,80.6,92.1,1,18,0.0,0,17,14,100.0,17,71.3,17,73.9,0,119,68,4.9,8.5,7.0
Kevin Austin Jr.,84345,WR,NO,7,23,-2.0,0,100.0,,0,0,0.0,0,0,0,68.3,61.6,0,3,0.0,0,2,2,100.0,2,79.2,2,8.7,0,5,9,4.5,2.5,2.5,-2.0,0,100.0,,0,0,0.0,0,0,0,64.7,60.5,0,3,6.3,1,16,1,93.8,15,79.2,1,6.7,0,3,5,5.0,3.0,0.2,,0,,,0,0,,0,0,0,,,0,0,0.0,0,3,0,100.0,3,0.0,0,0.0,0,0,0,,,0.0,14.3,0,66.7,,0,0,0.0,0,2,0,68.3,88.7,0,18,0.0,0,12,2,100.0,12,103.5,3,25.0,0,33,3,1.5,16.5,2.75,4.1,0,62.5,0.0,0,2,16.7,1,3,0,49.2,82.9,0,15,0.0,0,31,5,96.8,30,75.5,8,26.7,0,41,22,4.4,8.2,1.37,0,25.5,0,0.0,,0,0,,0,0,0,,58.1,0,0,0.0,0,2,0,100.0,2,39.6,2,8.7,0,0,0,,,0.0,20,,0,,,0,0,,0,0,0,,,0,0,0.0,0,5,0,100.0,5,0.0,0,0.0,0,0,0,,,0.0,29.0,0,0.0,,0,0,,0,0,0,,59.3,0,0,0.0,0,8,0,87.5,7,39.6,1,14.3,0,0,0,,,0.0,12.7,0,66.7,0.0,0,1,0.0,0,1,0,68.3,74.6,0,11,7.1,1,14,2,92.9,13,126.4,3,23.1,1,21,1,0.5,10.5,1.62,5.0,0,0.0,,0,0,100.0,1,0,0,28.8,58.0,0,0,0.0,0,16,0,87.5,14,39.6,2,14.3,0,0,0,,,0.0,13.7,0,71.4,0.0,0,1,0.0,0,4,0,73.4,91.4,0,36,0.0,0,7,5,100.0,7,153.3,7,30.4,1,90,25,5.0,18.0,12.86,0,-2.0,0,100.0,,0,0,0.0,0,0,0,64.7,61.3,0,2,0.0,0,8,1,100.0,8,79.2,1,12.5,0,2,4,4.0,2.0,0.25,22.0,0,0.0,,0,0,,0,0,0,,59.9,0,0,0.0,0,7,0,100.0,7,39.6,1,14.3,0,0,0,,,0.0,15.0,0,100.0,,0,0,0.0,0,1,0,64.7,79.1,0,36,0.0,0,4,1,75.0,3,118.8,1,33.3,0,36,21,21.0,36.0,12.0,4.0,0,50.0,,0,0,50.0,1,0,0,28.8,43.6,0,4,0.0,0,12,1,100.0,12,56.3,2,16.7,0,4,1,1.0,4.0,0.33,4.3,0,50.0,0.0,0,2,33.3,3,3,0,28.7,70.7,0,15,0.0,0,14,6,85.7,12,59.4,12,52.2,0,45,23,3.8,7.5,3.75
Mitchell Tinsley,123470,WR,CIN,17,23,-1.0,0,100.0,,0,0,0.0,0,0,0,64.7,61.0,0,8,0.0,0,1,1,100.0,1,100.0,1,4.3,0,8,9,9.0,8.0,8.0,,0,,,0,0,,0,0,0,,,0,0,16.7,1,6,0,83.3,5,0.0,0,0.0,0,0,0,,,0.0,,0,,,0,0,,0,0,0,,,0,0,0.0,0,2,0,100.0,2,0.0,0,0.0,0,0,0,,,0.0,15.5,0,50.0,33.3,1,3,0.0,0,2,0,68.3,87.0,0,16,0.0,0,13,2,92.3,12,75.0,4,33.3,0,30,0,0.0,15.0,2.5,4.7,0,33.3,,0,0,0.0,0,0,0,64.7,76.8,0,9,0.0,0,29,1,100.0,29,42.4,3,10.3,0,9,5,5.0,9.0,0.31,0,25.0,0,25.0,50.0,1,2,33.3,1,2,0,30.0,72.7,0,27,0.0,0,8,2,100.0,8,89.6,8,34.8,1,44,1,0.5,22.0,5.5,7,-1.0,0,100.0,,0,0,0.0,0,0,0,64.7,61.0,0,8,0.0,0,11,1,100.0,11,100.0,1,9.1,0,8,9,9.0,8.0,0.73,22.3,0,33.3,,0,0,0.0,0,1,0,64.7,89.8,0,17,0.0,0,6,1,83.3,5,93.1,3,60.0,1,17,0,0.0,17.0,3.4,13.7,0,0.0,0.0,0,1,100.0,1,0,0,27.9,30.0,0,0,0.0,0,10,0,90.0,9,39.6,3,33.3,0,0,0,,,0.0,,0,,,0,0,,0,0,0,,,0,0,0.0,0,13,0,100.0,13,0.0,0,0.0,0,0,0,,,0.0,14.5,0,36.4,28.6,2,7,33.3,2,4,0,28.6,86.8,0,16,0.0,0,12,4,91.7,11,83.5,11,47.8,1,55,0,0.0,13.8,5.0,0,,0,,,0,0,,0,0,0,,,0,0,0.0,0,9,0,100.0,9,0.0,0,0.0,0,0,0,,,0.0,26.6,0,20.0,50.0,1,2,50.0,1,1,0,28.9,54.5,0,27,0.0,0,9,1,88.9,8,49.6,5,62.5,0,27,1,1.0,27.0,3.38,14.3,0,50.0,33.3,1,3,33.3,1,2,0,29.9,92.6,0,13,0.0,0,14,2,85.7,12,109.4,4,33.3,1,25,0,0.0,12.5,2.08,,0,,,0,0,,0,0,0,,,0,0,0.0,0,11,0,100.0,11,0.0,0,0.0,0,0,0,,,0.0,4.7,0,33.3,,0,0,0.0,0,0,0,64.7,76.8,0,9,0.0,0,3,1,100.0,3,42.4,3,13.0,0,9,5,5.0,9.0,3.0
Luke Schoonmaker,84005,TE,DAL,17,23,-1.0,0,100.0,,0,0,0.0,0,0,0,64.7,61.8,0,1,0.0,0,1,1,100.0,1,79.2,1,4.3,0,1,2,2.0,1.0,1.0,-1.0,0,100.0,,0,0,0.0,0,0,0,64.7,61.8,0,1,33.3,4,12,1,66.7,8,79.2,1,12.5,0,1,2,2.0,1.0,0.13,,0,,,0,0,,0,0,0,,,0,0,40.0,2,5,0,60.0,3,0.0,0,0.0,0,0,0,,,0.0,15.0,0,33.3,50.0,1,2,0.0,0,1,0,64.7,77.4,0,12,35.7,5,14,1,57.1,8,46.5,3,37.5,0,12,0,0.0,12.0,1.5,3.7,1,83.3,0.0,0,1,0.0,0,3,0,73.4,94.2,0,29,7.1,2,28,5,92.9,26,113.9,6,23.1,0,68,50,10.0,13.6,2.62,0,22.3,0,0.0,0.0,0,1,,0,0,0,,55.7,0,0,0.0,0,3,0,100.0,3,39.6,3,13.0,0,0,0,,,0.0,9,,0,,,0,0,,0,0,0,,,0,0,58.3,7,12,0,41.7,5,0.0,0,0.0,0,0,0,,,0.0,,0,,,0,0,,0,0,0,,,0,0,22.2,2,9,0,77.8,7,0.0,0,0.0,0,0,0,,,0.0,,0,,,0,0,,0,0,0,,,0,0,50.0,3,6,0,50.0,3,0.0,0,0.0,0,0,0,,,0.0,2.5,0,100.0,,0,0,0.0,0,0,0,68.3,63.9,0,10,10.5,2,19,2,89.5,17,93.8,2,11.8,0,13,8,4.0,6.5,0.76,15.0,0,33.3,50.0,1,2,0.0,0,1,0,64.7,77.4,0,12,0.0,0,3,1,100.0,3,46.5,3,13.0,0,12,0,0.0,12.0,4.0,0,,0,,,0,0,,0,0,0,,,0,0,0.0,0,1,0,100.0,1,0.0,0,0.0,0,0,0,,,0.0,22.3,0,0.0,0.0,0,1,,0,0,0,,55.7,0,0,14.3,2,14,0,71.4,10,39.6,3,30.0,0,0,0,,,0.0,,0,,,0,0,,0,0,0,,,0,0,25.0,2,8,0,62.5,5,0.0,0,0.0,0,0,0,,,0.0,2.8,0,62.5,50.0,1,2,16.7,1,3,0,49.2,82.2,0,14,11.5,3,26,5,84.6,22,74.0,8,36.4,0,38,25,5.0,7.6,1.73,3.1,1,75.0,33.3,1,3,7.7,1,6,0,63.2,92.4,0,29,0.0,0,17,12,94.1,16,95.6,16,69.6,0,119,83,6.9,9.9,7.44
Kimani Vidal,123727,HB,LAC,14,23,-3.7,0,84.6,,0,0,0.0,0,2,0,78.7,92.5,0,15,0.0,0,13,11,100.0,13,84.0,13,56.5,0,54,93,8.5,4.9,4.15,-4.5,0,66.7,,0,0,0.0,0,1,0,72.1,79.9,0,15,8.3,1,12,4,83.3,10,70.1,6,60.0,0,16,34,8.5,4.0,1.6,,0,,,0,0,,0,0,0,,,0,0,10.0,1,10,0,80.0,8,0.0,0,0.0,0,0,0,,,0.0,,0,,,0,0,,0,0,0,,,0,0,52.2,12,23,0,47.8,11,0.0,0,0.0,0,0,0,,,0.0,2.8,1,75.0,,0,0,0.0,0,2,0,70.5,91.5,0,60,23.9,17,71,3,74.6,53,116.7,4,7.5,0,75,68,22.7,25.0,1.42,0,23.5,0,0.0,,0,0,,0,0,0,,56.3,0,0,0.0,0,2,0,100.0,2,39.6,2,8.7,0,0,0,,,0.0,27,-2.0,0,100.0,,0,0,0.0,0,0,0,68.3,83.7,0,9,15.4,2,13,2,84.6,11,81.3,2,18.2,0,7,11,5.5,3.5,0.64,,0,,,0,0,,0,0,0,,,0,0,21.4,3,14,0,64.3,9,0.0,0,0.0,0,0,0,,,0.0,,0,,,0,0,,0,0,0,,,0,0,44.4,4,9,0,55.6,5,0.0,0,0.0,0,0,0,,,0.0,,0,,,0,0,,0,0,0,,,0,0,31.0,9,29,0,69.0,20,0.0,0,0.0,0,0,0,,,0.0,,0,,,0,0,,0,0,0,,,0,0,,0,0,0,,0,0.0,0,0.0,0,0,0,,,,0,-3.4,0,100.0,,0,0,0.0,0,1,0,73.4,91.5,0,13,35.7,5,14,5,64.3,9,92.5,5,55.6,0,31,48,9.6,6.2,3.44,23.5,0,0.0,,0,0,,0,0,0,,56.3,0,0,37.5,6,16,0,62.5,10,39.6,2,20.0,0,0,0,,,0.0,,0,,,0,0,,0,0,0,,,0,0,23.1,3,13,0,61.5,8,0.0,0,0.0,0,0,0,,,0.0,0.5,3,100.0,,0,0,0.0,0,2,0,72.1,91.6,0,11,34.4,11,32,4,65.6,21,134.4,4,19.0,1,27,25,6.3,6.8,1.29,1.6,4,87.5,,0,0,0.0,0,4,0,75.6,93.8,0,60,0.0,0,8,7,100.0,8,158.3,8,34.8,1,102,93,13.3,14.6,12.75
Tory Horton,128232,WR,SEA,8,22,,0,,,0,0,,0,0,0,,,0,0,,0,0,0,,0,0.0,0,0.0,0,0,0,,,,,0,,,0,0,,0,0,0,,,0,0,0.0,0,9,0,88.9,8,0.0,0,0.0,0,0,0,,,0.0,43.0,0,0.0,0.0,0,1,,0,0,0,,58.4,0,0,0.0,0,5,0,80.0,4,39.6,2,50.0,0,0,0,,,0.0,11.0,0,100.0,,0,0,0.0,0,0,0,64.7,61.1,0,11,0.0,0,14,1,100.0,14,112.5,1,7.1,0,11,0,0.0,11.0,0.79,6.6,1,80.0,50.0,1,2,0.0,0,2,0,73.4,91.7,0,13,0.0,0,38,4,94.7,36,102.5,5,13.9,0,43,15,3.8,10.8,1.19,0,37.2,0,33.3,0.0,0,2,0.0,0,2,0,68.3,89.5,0,25,0.0,0,7,2,85.7,6,101.4,6,27.3,2,46,0,0.0,23.0,7.67,29,,0,,,0,0,,0,0,0,,,0,0,0.0,0,3,0,100.0,3,0.0,0,0.0,0,0,0,,,0.0,43.0,0,0.0,0.0,0,1,,0,0,0,,57.8,0,0,0.0,0,5,0,80.0,4,39.6,2,50.0,0,0,0,,,0.0,13.0,0,66.7,100.0,1,1,0.0,0,2,0,68.3,92.3,0,21,0.0,0,13,2,92.3,12,131.9,3,25.0,2,25,5,2.5,12.5,2.08,5.5,0,50.0,0.0,0,1,0.0,0,0,0,68.3,72.8,0,9,0.0,0,12,2,91.7,11,60.4,4,36.4,0,16,8,4.0,8.0,1.45,13.3,0,66.7,100.0,1,1,0.0,0,3,0,72.1,93.3,0,21,0.0,0,6,4,100.0,6,131.9,6,27.3,3,50,5,1.3,12.5,8.33,0,,0,,,0,0,,0,0,0,,,0,0,0.0,0,1,0,100.0,1,0.0,0,0.0,0,0,0,,,0.0,25.5,0,100.0,,0,0,0.0,0,2,0,68.3,93.1,0,25,0.0,0,6,2,100.0,6,158.3,2,33.3,2,46,0,0.0,23.0,7.67,15.0,0,50.0,,0,0,0.0,0,1,0,64.7,89.8,0,14,0.0,0,6,1,100.0,6,112.5,2,33.3,1,14,0,0.0,14.0,2.33,6.0,0,100.0,,0,0,0.0,0,0,0,68.3,61.7,0,6,0.0,0,17,1,88.2,15,91.7,1,6.7,0,6,0,0.0,6.0,0.4,6.1,1,70.0,33.3,1,3,0.0,0,2,0,77.3,90.3,0,13,0.0,0,12,7,83.3,10,87.5,10,45.5,0,65,23,3.3,9.3,6.5
Treylon Burks,99218,WR,WAS,8,22,-2.0,0,100.0,,0,0,0.0,0,0,0,64.7,61.1,0,6,0.0,0,1,1,100.0,1,91.7,1,4.5,0,6,8,8.0,6.0,6.0,-2.0,0,100.0,,0,0,0.0,0,0,0,64.7,61.1,0,6,0.0,0,11,1,81.8,9,91.7,1,11.1,0,6,8,8.0,6.0,0.67,,0,,,0,0,,0,0,0,,,0,0,0.0,0,7,0,85.7,6,0.0,0,0.0,0,0,0,,,0.0,15.3,0,66.7,100.0,1,1,0.0,0,2,0,70.5,95.3,1,24,0.0,0,17,2,88.2,15,69.4,3,20.0,0,37,7,3.5,18.5,2.47,7.3,0,33.3,0.0,0,1,0.0,0,0,0,64.7,57.9,0,8,0.0,0,28,1,92.9,26,42.4,3,11.5,0,8,3,3.0,8.0,0.31,0,28.8,0,20.0,0.0,0,1,0.0,0,1,0,64.7,77.9,0,37,0.0,0,7,1,71.4,5,57.9,5,22.7,0,37,10,10.0,37.0,7.4,32,,0,,,0,0,,0,0,0,,,0,0,0.0,0,5,0,100.0,5,0.0,0,0.0,0,0,0,,,0.0,25.5,0,50.0,,0,0,0.0,0,1,0,64.7,90.3,0,37,0.0,0,7,1,85.7,6,95.8,2,33.3,0,37,10,10.0,37.0,6.17,15.0,0,100.0,,0,0,0.0,0,1,0,64.7,79.2,0,14,0.0,0,11,1,100.0,11,118.8,1,9.1,0,14,-1,-1.0,14.0,1.27,,0,,,0,0,,0,0,0,,,0,0,0.0,0,6,0,100.0,6,0.0,0,0.0,0,0,0,,,0.0,15.4,0,50.0,50.0,2,4,0.0,0,4,0,73.4,97.2,1,24,0.0,0,9,4,88.9,8,72.9,8,36.4,1,56,6,1.5,14.0,7.0,0,,0,,,0,0,,0,0,0,,,0,0,0.0,0,5,0,100.0,5,0.0,0,0.0,0,0,0,,,0.0,31.0,0,0.0,0.0,0,1,,0,0,0,,55.6,0,0,0.0,0,10,0,80.0,8,39.6,3,37.5,0,0,0,,,0.0,15.5,0,25.0,33.3,1,3,0.0,0,1,0,64.7,92.4,0,5,0.0,0,8,1,100.0,8,79.2,4,50.0,1,5,0,0.0,5.0,0.63,5.2,1,60.0,,0,0,0.0,0,2,0,70.5,70.9,1,11,0.0,0,11,3,100.0,11,31.7,5,45.5,0,23,9,3.0,7.7,2.09,6.0,1,50.0,0.0,0,1,0.0,0,2,0,72.1,67.5,1,11,0.0,0,8,4,100.0,8,20.3,8,36.4,0,31,12,3.0,7.8,3.88
Mitchell Evans,147486,TE,CAR,18,22,-3.0,1,100.0,,0,0,0.0,0,1,0,73.4,82.7,0,13,0.0,0,5,5,100.0,5,95.8,5,22.7,0,35,50,10.0,7.0,7.0,-4.0,1,100.0,,0,0,0.0,0,0,0,70.5,64.2,0,7,25.0,3,12,3,66.7,8,90.3,3,37.5,0,17,29,9.7,5.7,2.13,,0,,,0,0,,0,0,0,,,0,0,50.0,2,4,0,50.0,2,0.0,0,0.0,0,0,0,,,0.0,13.5,0,50.0,,0,0,0.0,0,1,0,64.7,89.0,1,21,9.1,1,11,1,81.8,9,47.9,2,22.2,0,21,4,4.0,21.0,2.33,4.1,1,77.8,,0,0,12.5,1,3,0,52.1,94.7,0,16,7.7,2,26,7,88.5,23,132.4,9,39.1,1,62,33,4.7,8.9,2.7,0,,0,,,0,0,,0,0,0,,,0,0,,0,0,0,,0,0.0,0,0.0,0,0,0,,,,5,-2.0,0,100.0,,0,0,0.0,0,0,0,64.7,61.2,0,5,11.1,1,9,1,77.8,7,87.5,1,14.3,0,5,7,7.0,5.0,0.71,,0,,,0,0,,0,0,0,,,0,0,0.0,0,6,0,83.3,5,0.0,0,0.0,0,0,0,,,0.0,19.0,0,100.0,,0,0,0.0,0,1,0,64.7,90.4,0,25,20.0,2,10,1,80.0,8,118.8,1,12.5,0,25,6,6.0,25.0,3.13,4.0,0,100.0,,0,0,0.0,0,2,0,70.5,87.8,0,10,12.5,2,16,3,87.5,14,93.1,3,21.4,0,19,7,2.3,6.3,1.36,15.3,0,66.7,,0,0,0.0,0,2,0,68.3,92.8,1,25,0.0,0,3,2,100.0,3,70.1,3,13.6,0,46,10,5.0,23.0,15.33,0,-1.0,0,100.0,,0,0,0.0,0,1,0,64.7,90.4,0,13,0.0,0,8,1,100.0,8,118.8,1,12.5,0,13,14,14.0,13.0,1.63,,0,,,0,0,,0,0,0,,,0,0,25.0,1,4,0,75.0,3,0.0,0,0.0,0,0,0,,,0.0,,0,,,0,0,,0,0,0,,,0,0,16.7,1,6,0,83.3,5,0.0,0,0.0,0,0,0,,,0.0,4.0,0,100.0,,0,0,0.0,0,1,0,68.3,88.9,0,7,5.6,1,18,2,94.4,17,125.0,2,11.8,1,9,7,3.5,4.5,0.53,4.1,1,85.7,,0,0,7.7,1,6,0,61.8,94.9,0,16,0.0,0,14,12,100.0,14,133.0,14,63.6,2,90,47,3.9,7.5,6.43
Xavier Smith,102585,WR,LA,17,22,-4.5,0,100.0,,0,0,0.0,0,1,0,68.3,78.0,0,14,0.0,0,2,2,100.0,2,97.9,2,9.1,0,15,24,12.0,7.5,7.5,-5.0,0,100.0,,0,0,0.0,0,0,0,64.7,61.4,0,1,0.0,0,7,1,100.0,7,79.2,1,14.3,0,1,6,6.0,1.0,0.14,42.0,0,100.0,,0,0,0.0,0,1,0,64.7,91.0,0,48,0.0,0,6,1,100.0,6,118.8,1,16.7,0,48,6,6.0,48.0,8.0,16.0,0,100.0,,0,0,0.0,0,1,0,64.7,90.9,0,36,0.0,0,18,1,94.4,17,118.8,1,5.9,0,36,20,20.0,36.0,2.12,6.0,0,100.0,,0,0,0.0,0,3,0,72.1,91.1,0,12,0.0,0,44,4,100.0,44,101.0,4,9.1,0,33,9,2.3,8.3,0.75,0,40.0,0,42.9,0.0,0,1,0.0,0,3,0,70.5,94.8,1,51,0.0,0,8,3,87.5,7,50.3,7,31.8,0,135,17,5.7,45.0,19.29,26,-4.0,0,100.0,,0,0,0.0,0,1,0,64.7,79.4,0,14,0.0,0,8,1,87.5,7,118.8,1,14.3,0,14,18,18.0,14.0,2.0,40.0,0,50.0,0.0,0,1,0.0,0,2,0,68.3,94.2,1,51,0.0,0,18,2,94.4,17,56.3,4,23.5,0,87,11,5.5,43.5,5.12,12.0,0,100.0,,0,0,0.0,0,1,0,64.7,79.4,0,18,0.0,0,14,1,100.0,14,118.8,1,7.1,0,18,6,6.0,18.0,1.29,4.0,0,100.0,,0,0,0.0,0,0,0,70.5,63.7,0,8,0.0,0,10,3,100.0,10,90.3,3,30.0,0,17,5,1.7,5.7,1.7,14.0,0,100.0,,0,0,0.0,0,2,0,68.3,93.3,0,36,0.0,0,2,2,100.0,2,118.8,2,9.1,0,54,26,13.0,27.0,27.0,0,,0,,,0,0,,0,0,0,,,0,0,0.0,0,6,0,100.0,6,0.0,0,0.0,0,0,0,,,0.0,39.0,0,0.0,,0,0,,0,0,0,,56.8,0,0,6.3,1,16,0,75.0,12,39.6,2,16.7,0,0,0,,,0.0,,0,,,0,0,,0,0,0,,,0,0,0.0,0,5,0,80.0,4,0.0,0,0.0,0,0,0,,,0.0,5.5,0,100.0,,0,0,0.0,0,2,0,72.1,90.9,0,27,5.0,1,20,4,90.0,18,117.7,4,22.2,0,49,27,6.8,12.3,2.72,5.3,0,100.0,,0,0,0.0,0,5,0,78.7,92.7,0,27,0.0,0,11,11,100.0,11,104.2,11,50.0,0,99,41,3.7,9.0,9.0
Josh Reynolds,11872,WR,NYJ,5,21,,0,,,0,0,,0,0,0,,,0,0,,0,0,0,,0,0.0,0,0.0,0,0,0,,,,,0,,,0,0,,0,0,0,,,0,0,0.0,0,5,0,80.0,4,0.0,0,0.0,0,0,0,,,0.0,33.5,0,0.0,0.0,0,1,,0,0,0,,58.2,1,0,0.0,0,3,0,100.0,3,0.0,2,66.7,0,0,0,,,0.0,11.5,0,100.0,100.0,1,1,0.0,0,0,0,68.3,90.3,0,13,0.0,0,8,2,100.0,8,118.8,2,25.0,0,25,2,1.0,12.5,3.13,5.9,2,71.4,0.0,0,1,0.0,0,2,0,73.4,76.8,0,11,0.0,0,42,5,97.6,41,83.0,7,17.1,0,36,7,1.4,7.2,0.88,0,34.0,0,0.0,0.0,0,2,,0,0,0,,56.4,2,0,0.0,0,4,0,100.0,4,0.0,4,19.0,0,0,0,,,0.0,22,,0,,,0,0,,0,0,0,,,0,0,,0,0,0,,0,0.0,0,,0,0,0,,,,43.0,0,0.0,,0,0,,0,0,0,,59.3,0,0,0.0,0,4,0,100.0,4,39.6,1,25.0,0,0,0,,,0.0,13.0,0,0.0,0.0,0,2,,0,0,0,,58.6,0,0,0.0,0,5,0,80.0,4,39.6,2,50.0,0,0,0,,,0.0,9.0,0,100.0,,0,0,0.0,0,1,0,68.3,90.5,0,10,0.0,0,18,1,94.4,17,108.3,1,5.9,0,10,1,1.0,10.0,0.59,13.3,0,50.0,33.3,1,3,0.0,0,0,0,70.5,90.3,0,13,0.0,0,6,3,100.0,6,70.1,6,28.6,0,38,2,0.7,12.7,6.33,0,,0,,,0,0,,0,0,0,,,0,0,0.0,0,3,0,66.7,2,0.0,0,0.0,0,0,0,,,0.0,26.0,0,0.0,0.0,0,1,,0,0,0,,59.7,1,0,0.0,0,6,0,83.3,5,0.0,1,20.0,0,0,0,,,0.0,15.5,0,50.0,,0,0,0.0,0,0,0,64.7,76.9,0,13,0.0,0,5,1,60.0,3,70.8,2,66.7,0,13,0,0.0,13.0,4.33,6.3,1,66.7,50.0,1,2,33.3,1,1,0,36.2,81.5,0,9,0.0,0,20,2,90.0,18,81.3,3,16.7,0,17,4,2.0,8.5,0.94,6.3,3,72.7,33.3,1,3,11.1,1,4,0,58.5,90.7,0,11,0.0,0,13,8,84.6,11,86.6,11,52.4,0,63,12,1.5,7.9,5.73
Cade Stover,101486,TE,HST,11,21,-1.3,0,100.0,,0,0,0.0,0,1,0,70.5,82.1,0,8,0.0,0,3,3,100.0,3,90.3,3,14.3,0,17,21,7.0,5.7,5.67,-1.0,0,100.0,,0,0,0.0,0,0,0,64.7,61.8,0,2,0.0,0,5,1,100.0,5,79.2,1,20.0,0,2,3,3.0,2.0,0.4,,0,,,0,0,,0,0,0,,,0,0,,0,0,0,,0,0.0,0,,0,0,0,,,,,0,,,0,0,,0,0,0,,,0,0,17.6,3,17,0,76.5,13,0.0,0,0.0,0,0,0,,,0.0,2.7,0,57.1,66.7,2,3,33.3,2,2,0,28.6,46.8,0,10,7.4,2,27,4,88.9,24,64.6,7,29.2,0,25,12,3.0,6.3,1.04,0,,0,,,0,0,,0,0,0,,,0,0,,0,0,0,,0,0.0,0,0.0,0,0,0,,,,13,-1.5,0,100.0,,0,0,0.0,0,1,0,68.3,82.6,0,8,33.3,1,3,2,66.7,2,97.9,2,100.0,0,15,18,9.0,7.5,7.5,,0,,,0,0,,0,0,0,,,0,0,40.0,2,5,0,60.0,3,0.0,0,0.0,0,0,0,,,0.0,,0,,,0,0,,0,0,0,,,0,0,25.0,2,8,0,75.0,6,0.0,0,0.0,0,0,0,,,0.0,3.0,1,66.7,,0,0,0.0,0,0,0,68.3,61.9,0,6,7.7,1,13,2,92.3,12,72.9,3,25.0,0,11,8,4.0,5.5,0.92,,0,,,0,0,,0,0,0,,,0,0,,0,0,0,,0,0.0,0,0.0,0,0,0,,,,0,,0,,,0,0,,0,0,0,,,0,0,0.0,0,2,0,100.0,2,0.0,0,0.0,0,0,0,,,0.0,,0,,,0,0,,0,0,0,,,0,0,0.0,0,8,0,62.5,5,0.0,0,0.0,0,0,0,,,0.0,,0,,,0,0,,0,0,0,,,0,0,55.6,5,9,0,44.4,4,0.0,0,0.0,0,0,0,,,0.0,2.6,0,75.0,100.0,1,1,0.0,0,1,0,74.6,90.8,0,11,6.7,1,15,6,93.3,14,84.4,8,57.1,0,38,21,3.5,6.3,2.71,2.7,1,66.7,75.0,3,4,14.3,2,3,0,45.7,73.1,0,11,0.0,0,18,12,100.0,18,74.8,18,85.7,0,74,41,3.4,6.2,4.11
Gabe Davis,55410,WR,BUF,7,21,,0,,,0,0,,0,0,0,,,0,0,,0,0,0,,0,0.0,0,0.0,0,0,0,,,,,0,,,0,0,,0,0,0,,,0,0,0.0,0,23,0,100.0,23,0.0,0,0.0,0,0,0,,,0.0,,0,,,0,0,,0,0,0,,,0,0,0.0,0,2,0,100.0,2,0.0,0,0.0,0,0,0,,,0.0,14.0,0,40.0,,0,0,33.3,1,2,0,29.9,69.3,0,22,0.0,0,13,2,100.0,13,68.8,5,38.5,0,40,11,5.5,20.0,3.08,4.6,0,70.0,60.0,3,5,12.5,1,2,0,52.1,72.9,1,11,0.0,0,37,7,97.3,36,40.8,10,27.8,0,48,15,2.1,6.9,1.33,0,24.0,0,0.0,,0,0,,0,0,0,,53.0,0,0,0.0,0,1,0,100.0,1,39.6,1,4.8,0,0,0,,,0.0,4,,0,,,0,0,,0,0,0,,,0,0,0.0,0,2,0,100.0,2,0.0,0,0.0,0,0,0,,,0.0,,0,,,0,0,,0,0,0,,,0,0,0.0,0,5,0,80.0,4,0.0,0,0.0,0,0,0,,,0.0,17.0,0,100.0,,0,0,0.0,0,2,0,68.3,90.0,0,22,0.0,0,7,2,100.0,7,118.8,2,28.6,0,39,5,2.5,19.5,5.57,3.0,0,100.0,,0,0,0.0,0,1,0,64.7,78.1,0,5,0.0,0,12,1,91.7,11,87.5,1,9.1,0,5,2,2.0,5.0,0.45,13.8,0,66.7,100.0,2,2,14.3,1,6,0,49.2,92.4,0,22,0.0,0,9,6,100.0,9,136.3,9,42.9,1,90,15,2.5,15.0,10.0,0,,0,,,0,0,,0,0,0,,,0,0,0.0,0,3,0,100.0,3,0.0,0,0.0,0,0,0,,,0.0,24.0,0,0.0,,0,0,,0,0,0,,53.0,0,0,0.0,0,3,0,100.0,3,39.6,1,33.3,0,0,0,,,0.0,10.0,0,100.0,100.0,2,2,0.0,0,2,0,68.3,92.7,0,9,0.0,0,10,2,100.0,10,129.2,2,20.0,1,11,-1,-0.5,5.5,1.1,,0,,,0,0,,0,0,0,,,0,0,0.0,0,10,0,80.0,8,0.0,0,0.0,0,0,0,,,0.0,4.5,0,72.7,60.0,3,5,11.1,1,3,0,54.5,78.1,1,11,0.0,0,11,8,100.0,11,44.9,11,52.4,0,53,17,2.1,6.6,4.82
Chris Moore,10741,WR,WAS,14,21,,0,,,0,0,,0,0,0,,,0,0,,0,0,0,,0,0.0,0,0.0,0,0,0,,,,,0,,,0,0,,0,0,0,,,0,0,0.0,0,17,0,100.0,17,0.0,0,0.0,0,0,0,,,0.0,,0,,,0,0,,0,0,0,,,0,0,0.0,0,4,0,100.0,4,0.0,0,0.0,0,0,0,,,0.0,12.0,0,100.0,,0,0,0.0,0,2,0,68.3,90.8,0,19,0.0,0,33,2,87.9,29,118.8,2,6.9,0,34,10,5.0,17.0,1.17,8.0,0,100.0,100.0,1,1,0.0,0,2,0,70.5,91.6,0,13,0.0,0,56,3,92.9,52,113.9,3,5.8,0,34,10,3.3,11.3,0.65,0,27.3,0,33.3,50.0,1,2,50.0,2,2,0,27.3,72.3,0,34,0.0,0,8,2,75.0,6,108.3,6,28.6,1,56,2,1.0,28.0,9.33,32,,0,,,0,0,,0,0,0,,,0,0,0.0,0,7,0,85.7,6,0.0,0,0.0,0,0,0,,,0.0,27.8,0,25.0,50.0,1,2,50.0,1,1,0,28.8,66.7,0,22,0.0,0,12,1,75.0,9,89.6,4,44.4,1,22,0,0.0,22.0,2.44,12.8,0,50.0,50.0,1,2,0.0,0,2,0,68.3,86.1,0,13,0.0,0,9,2,88.9,8,68.8,4,50.0,0,24,0,0.0,12.0,3.0,6.0,0,0.0,0.0,0,1,100.0,1,0,0,27.9,39.6,0,0,0.0,0,13,0,92.3,12,39.6,3,25.0,0,0,0,,,0.0,13.8,0,62.5,33.3,1,3,0.0,0,5,0,73.4,93.2,0,44,0.0,0,8,5,100.0,8,106.3,8,38.1,0,102,36,7.2,20.4,12.75,0,,0,,,0,0,,0,0,0,,,0,0,0.0,0,6,0,100.0,6,0.0,0,0.0,0,0,0,,,0.0,26.5,0,50.0,,0,0,50.0,1,1,0,28.9,72.0,0,34,0.0,0,11,1,63.6,7,95.8,2,28.6,0,34,2,2.0,34.0,4.86,17.5,0,50.0,0.0,0,1,0.0,0,1,0,64.7,79.7,0,44,0.0,0,15,1,100.0,15,95.8,2,13.3,0,44,26,26.0,44.0,2.93,8.0,0,100.0,,0,0,0.0,0,1,0,64.7,78.8,0,15,0.0,0,16,1,81.3,13,118.8,1,7.7,0,15,7,7.0,15.0,1.15,7.1,0,57.1,50.0,1,2,20.0,1,3,0,41.6,84.1,0,15,0.0,0,7,4,100.0,7,78.9,7,33.3,0,49,17,4.3,12.3,7.0
Samaje Perine,11869,HB,CIN,14,20,-3.7,2,81.8,100.0,1,1,10.0,1,2,0,58.9,80.2,0,8,0.0,0,12,9,91.7,11,79.5,11,55.0,0,34,68,7.6,3.8,3.09,-3.6,2,87.5,100.0,1,1,12.5,1,1,0,54.9,73.4,0,8,0.0,0,17,7,94.1,16,80.2,8,50.0,0,26,50,7.1,3.7,1.63,,0,,,0,0,,0,0,0,,,0,0,25.0,2,8,0,75.0,6,0.0,0,0.0,0,0,0,,,0.0,,0,,,0,0,,0,0,0,,,0,0,9.5,2,21,0,81.0,17,0.0,0,0.0,0,0,0,,,0.0,0.7,5,85.7,,0,0,0.0,0,2,0,74.6,89.5,0,16,15.8,9,57,6,82.5,47,94.6,7,14.9,0,47,42,7.0,7.8,1.0,0,,0,,,0,0,,0,0,0,,,0,0,,0,0,0,,0,0.0,0,0.0,0,0,0,,,,7,-5.0,0,100.0,,0,0,0.0,0,1,0,68.3,82.0,0,8,11.1,1,9,2,88.9,8,83.3,2,25.0,0,8,18,9.0,4.0,1.0,,0,,,0,0,,0,0,0,,,0,0,75.0,6,8,0,25.0,2,0.0,0,0.0,0,0,0,,,0.0,,0,,,0,0,,0,0,0,,,0,0,23.1,3,13,0,76.9,10,0.0,0,0.0,0,0,0,,,0.0,2.5,0,100.0,,0,0,0.0,0,1,0,68.3,91.4,0,5,10.5,2,19,2,78.9,15,79.2,2,13.3,0,6,1,0.5,3.0,0.4,,0,,,0,0,,0,0,0,,,0,0,,0,0,0,,0,0.0,0,0.0,0,0,0,,,,0,-2.0,0,0.0,,0,0,,0,0,0,,60.0,0,0,50.0,2,4,0,50.0,2,39.6,1,50.0,0,0,0,,,0.0,,0,,,0,0,,0,0,0,,,0,0,33.3,5,15,0,60.0,9,0.0,0,0.0,0,0,0,,,0.0,,0,,,0,0,,0,0,0,,,0,0,20.0,2,10,0,70.0,7,0.0,0,0.0,0,0,0,,,0.0,,0,,,0,0,,0,0,0,,,0,0,25.0,4,16,0,75.0,12,0.0,0,0.0,0,0,0,,,0.0,1.1,5,88.9,,0,0,0.0,0,3,0,76.5,92.5,0,16,0.0,0,9,8,100.0,9,91.2,9,45.0,0,53,43,5.4,6.6,5.89
Roman Wilson,129604,WR,PIT,13,20,-2.0,0,75.0,,0,0,0.0,0,0,1,70.5,34.1,0,8,0.0,0,4,3,100.0,4,81.3,4,20.0,0,16,20,6.7,5.3,4.0,-2.0,0,100.0,,0,0,0.0,0,0,0,64.7,61.0,0,4,0.0,0,16,1,93.8,15,83.3,1,6.7,0,4,6,6.0,4.0,0.27,23.7,0,33.3,50.0,1,2,0.0,0,1,0,64.7,87.1,0,21,0.0,0,11,1,90.9,10,98.6,3,30.0,1,21,0,0.0,21.0,2.1,,0,,,0,0,,0,0,0,64.7,79.1,0,0,0.0,0,13,0,84.6,11,0.0,0,0.0,0,0,0,,,0.0,2.3,1,100.0,,0,0,0.0,0,3,0,70.5,91.2,0,27,0.0,0,38,3,97.4,37,158.3,3,8.1,1,43,36,12.0,14.3,1.16,0,30.1,0,25.0,33.3,1,3,0.0,0,2,0,68.3,90.7,0,45,0.0,0,8,2,100.0,8,101.0,8,40.0,1,66,1,0.5,33.0,8.25,25,-2.5,0,50.0,,0,0,0.0,0,0,1,64.7,27.9,0,4,0.0,0,6,1,100.0,6,56.3,2,33.3,0,4,5,5.0,4.0,0.67,35.0,0,0.0,0.0,0,1,,0,0,0,,57.9,0,0,0.0,0,7,0,85.7,6,39.6,2,33.3,0,0,0,,,0.0,15.0,0,100.0,,0,0,0.0,0,1,0,64.7,79.4,0,17,0.0,0,4,1,100.0,4,118.8,1,25.0,0,17,2,2.0,17.0,4.25,5.5,0,50.0,0.0,0,1,0.0,0,0,0,64.7,59.9,0,7,0.0,0,16,1,100.0,16,58.3,2,12.5,0,7,1,1.0,7.0,0.44,15.0,0,100.0,,0,0,0.0,0,1,0,68.3,90.7,0,17,0.0,0,2,1,50.0,1,118.8,1,5.0,0,17,2,2.0,17.0,17.0,0,-1.0,0,100.0,,0,0,0.0,0,0,0,64.7,61.2,0,8,0.0,0,7,1,85.7,6,100.0,1,16.7,0,8,9,9.0,8.0,1.33,33.3,0,33.3,,0,0,0.0,0,1,0,64.7,86.4,0,45,0.0,0,7,1,85.7,6,81.9,3,50.0,0,45,1,1.0,45.0,7.5,,0,,,0,0,,0,0,0,,,0,0,0.0,0,4,0,75.0,3,0.0,0,0.0,0,0,0,,,0.0,5.0,0,100.0,,0,0,0.0,0,1,0,68.3,75.5,0,12,0.0,0,15,2,100.0,15,102.1,2,13.3,0,17,7,3.5,8.5,1.13,4.0,1,85.7,0.0,0,1,0.0,0,4,0,74.6,90.2,0,27,0.0,0,7,6,100.0,7,146.1,7,35.0,1,67,44,7.3,11.2,9.57
Devin Singletary,40485,HB,NYG,17,19,-3.2,4,92.3,,0,0,7.7,1,2,0,61.8,73.4,0,41,0.0,0,13,12,100.0,13,94.6,13,68.4,0,87,126,10.5,7.3,6.69,-3.9,4,100.0,,0,0,0.0,0,2,0,77.3,90.5,0,41,6.3,1,16,9,93.8,15,100.9,9,60.0,0,74,109,12.1,8.2,4.93,,0,,,0,0,,0,0,0,,,0,0,37.5,3,8,0,62.5,5,0.0,0,0.0,0,0,0,,,0.0,,0,,,0,0,,0,0,0,,,0,0,14.3,2,14,0,85.7,12,0.0,0,0.0,0,0,0,,,0.0,1.0,2,100.0,,0,0,0.0,0,0,0,70.5,71.1,0,8,8.3,2,24,3,87.5,21,91.7,3,14.3,0,18,15,5.0,6.0,0.86,0,23.0,0,100.0,100.0,1,1,0.0,0,1,0,64.7,90.4,0,28,0.0,0,1,1,100.0,1,118.8,1,5.3,0,28,5,5.0,28.0,28.0,21,-2.0,0,50.0,,0,0,50.0,1,0,0,28.8,31.3,0,4,0.0,0,6,1,100.0,6,56.3,2,33.3,0,4,6,6.0,4.0,0.67,23.0,0,100.0,100.0,1,1,0.0,0,1,0,64.7,90.4,0,28,28.6,2,7,1,71.4,5,118.8,1,20.0,0,28,5,5.0,28.0,5.6,,0,,,0,0,,0,0,0,,,0,0,36.4,4,11,0,54.5,6,0.0,0,0.0,0,0,0,,,0.0,,0,,,0,0,,0,0,0,68.3,69.3,0,0,22.2,2,9,0,55.6,5,0.0,0,0.0,0,0,0,,,0.0,,0,,,0,0,,0,0,0,,,0,0,,0,0,0,,0,0.0,0,0.0,0,0,0,,,,0,-1.0,0,100.0,,0,0,0.0,0,0,0,68.3,69.4,0,8,25.0,1,4,2,75.0,3,85.4,2,66.7,0,9,11,5.5,4.5,3.0,,0,,,0,0,,0,0,0,,,0,0,45.5,5,11,0,36.4,4,0.0,0,0.0,0,0,0,,,0.0,,0,,,0,0,,0,0,0,,,0,0,22.2,2,9,0,66.7,6,0.0,0,0.0,0,0,0,,,0.0,0.0,1,100.0,,0,0,0.0,0,1,0,68.3,81.8,0,16,40.0,6,15,2,53.3,8,104.2,2,25.0,0,18,18,9.0,9.0,2.25,0.6,3,100.0,,0,0,0.0,0,1,0,75.6,83.4,0,16,0.0,0,7,5,71.4,5,96.7,5,26.3,0,36,33,6.6,7.2,7.2
Nick Chubb,45783,HB,HST,17,19,-2.9,1,100.0,,0,0,0.0,0,1,0,76.5,89.7,0,27,0.0,0,8,7,87.5,7,82.1,7,36.8,0,26,46,6.6,3.7,3.71,-3.3,0,100.0,,0,0,0.0,0,1,0,72.1,83.0,0,27,12.5,1,8,4,87.5,7,91.7,4,57.1,0,24,37,9.3,6.0,3.43,,0,,,0,0,,0,0,0,,,0,0,0.0,0,2,0,100.0,2,0.0,0,0.0,0,0,0,,,0.0,,0,,,0,0,,0,0,0,,,0,0,42.1,8,19,0,57.9,11,0.0,0,0.0,0,0,0,,,0.0,3.7,0,71.4,100.0,1,1,16.7,1,0,0,45.8,51.6,0,9,17.4,8,46,5,78.3,36,81.8,7,19.4,0,34,15,3.0,6.8,0.94,0,,0,,,0,0,,0,0,0,,,0,0,,0,0,0,,0,0.0,0,0.0,0,0,0,,,,13,-3.0,1,100.0,,0,0,0.0,0,0,0,70.5,83.3,0,5,0.0,0,5,2,80.0,4,79.2,2,50.0,0,3,9,4.5,1.5,0.75,,0,,,0,0,,0,0,0,,,0,0,33.3,3,9,0,66.7,6,0.0,0,0.0,0,0,0,,,0.0,,0,,,0,0,,0,0,0,,,0,0,27.3,3,11,0,54.5,6,0.0,0,0.0,0,0,0,,,0.0,4.3,0,0.0,,0,0,,0,0,0,,57.3,0,0,21.4,6,28,0,75.0,21,39.6,3,14.3,0,0,0,,,0.0,,0,,,0,0,,0,0,0,,,0,0,,0,0,0,,0,0.0,0,0.0,0,0,0,,,,0,-1.0,0,100.0,,0,0,0.0,0,0,0,64.7,65.4,0,-1,0.0,0,1,1,100.0,1,79.2,1,100.0,0,-1,0,0.0,-1.0,-1.0,,0,,,0,0,,0,0,0,,,0,0,36.4,4,11,0,63.6,7,0.0,0,0.0,0,0,0,,,0.0,,0,,,0,0,,0,0,0,,,0,0,38.5,5,13,0,53.8,7,0.0,0,0.0,0,0,0,,,0.0,3.0,0,50.0,0.0,0,1,0.0,0,0,0,64.7,61.0,0,7,33.3,10,30,1,63.3,19,58.3,2,10.5,0,7,2,2.0,7.0,0.37,3.8,0,50.0,50.0,1,2,14.3,1,0,0,49.2,54.3,0,9,0.0,0,12,6,100.0,12,58.0,12,63.2,0,41,17,2.8,6.8,3.42
Devin Neal,144558,HB,NO,9,19,-5.1,4,90.0,,0,0,0.0,0,2,0,78.0,90.5,0,18,0.0,0,11,9,90.9,10,84.2,10,52.6,0,42,87,9.7,4.7,4.2,-5.5,3,83.3,,0,0,0.0,0,2,0,73.4,89.3,0,18,0.0,0,7,5,100.0,7,96.5,6,85.7,0,43,70,14.0,8.6,6.14,,0,,,0,0,,0,0,0,,,0,0,,0,0,0,,0,0.0,0,,0,0,0,,,,,0,,,0,0,,0,0,0,,,0,0,18.8,3,16,0,81.3,13,0.0,0,0.0,0,0,0,,,0.0,1.7,0,85.7,50.0,1,2,14.3,1,1,0,49.2,62.6,0,10,11.9,5,42,6,83.3,35,88.1,7,20.0,0,36,25,4.2,6.0,1.03,0,,0,,,0,0,,0,0,0,,,0,0,,0,0,0,,0,0.0,0,0.0,0,0,0,,,,20,-5.0,0,100.0,,0,0,0.0,0,0,0,68.3,69.1,0,-2,0.0,0,4,1,75.0,3,79.2,1,33.3,0,-2,3,3.0,-2.0,-0.67,,0,,,0,0,,0,0,0,,,0,0,57.1,4,7,0,42.9,3,0.0,0,0.0,0,0,0,,,0.0,,0,,,0,0,,0,0,0,,,0,0,21.4,3,14,0,71.4,10,0.0,0,0.0,0,0,0,,,0.0,0.0,0,100.0,,0,0,0.0,0,0,0,64.7,65.9,0,8,15.4,2,13,1,84.6,11,100.0,1,9.1,0,8,8,8.0,8.0,0.73,,0,,,0,0,,0,0,0,,,0,0,,0,0,0,,0,0.0,0,0.0,0,0,0,,,,0,-4.3,1,100.0,,0,0,0.0,0,0,0,70.5,83.0,0,5,14.3,1,7,3,85.7,6,79.2,3,50.0,0,1,14,4.7,0.3,0.17,,0,,,0,0,,0,0,0,,,0,0,23.1,3,13,0,76.9,10,0.0,0,0.0,0,0,0,,,0.0,,0,,,0,0,,0,0,0,,,0,0,0.0,0,9,0,100.0,9,0.0,0,0.0,0,0,0,,,0.0,0.0,1,100.0,,0,0,0.0,0,1,0,64.7,81.5,0,18,33.3,5,15,1,66.7,10,118.8,1,10.0,0,18,18,18.0,18.0,1.8,1.3,1,88.9,50.0,1,2,11.1,1,2,0,54.5,73.1,0,18,0.0,0,9,8,100.0,9,95.4,9,47.4,0,62,51,6.4,7.8,6.89
Mo Alie-Cox,12078,TE,IND,17,19,-1.5,0,50.0,,0,0,0.0,0,0,0,64.7,60.1,0,1,0.0,0,2,1,100.0,2,56.3,2,10.5,0,1,3,3.0,1.0,0.5,,0,,,0,0,,0,0,0,,,0,0,33.3,4,12,0,50.0,6,0.0,0,0.0,0,0,0,,,0.0,,0,,,0,0,,0,0,0,,,0,0,37.5,3,8,0,50.0,4,0.0,0,0.0,0,0,0,,,0.0,13.0,0,40.0,50.0,1,2,33.3,1,2,0,29.9,89.0,1,16,52.4,11,21,2,47.6,10,52.9,5,50.0,1,21,5,2.5,10.5,2.1,3.1,0,100.0,,0,0,0.0,0,1,0,75.6,92.1,0,16,21.9,7,32,7,78.1,25,103.0,7,28.0,0,61,39,5.6,8.7,2.44,0,,0,,,0,0,,0,0,0,,,0,0,,0,0,0,,0,0.0,0,0.0,0,0,0,,,,14,-1.5,0,50.0,,0,0,0.0,0,0,0,64.7,60.1,0,1,60.0,6,10,1,40.0,4,56.3,2,50.0,0,1,3,3.0,1.0,0.25,,0,,,0,0,,0,0,0,,,0,0,72.7,8,11,0,27.3,3,0.0,0,0.0,0,0,0,,,0.0,,0,,,0,0,,0,0,0,,,0,0,66.7,8,12,0,25.0,3,0.0,0,0.0,0,0,0,,,0.0,1.0,1,100.0,,0,0,0.0,0,1,0,70.5,87.9,0,20,31.8,7,22,3,68.2,15,113.9,3,20.0,0,34,31,10.3,11.3,2.27,13.0,0,33.3,33.3,1,3,33.3,1,2,0,29.9,87.8,1,16,0.0,0,6,2,100.0,6,44.4,6,31.6,1,21,5,2.5,10.5,3.5,0,,0,,,0,0,,0,0,0,,,0,0,50.0,1,2,0,50.0,1,0.0,0,0.0,0,0,0,,,0.0,,0,,,0,0,,0,0,0,,,0,0,57.1,4,7,0,42.9,3,0.0,0,0.0,0,0,0,,,0.0,13.0,0,0.0,0.0,0,1,,0,0,0,,58.8,0,0,27.8,5,18,0,66.7,12,39.6,1,8.3,0,0,0,,,0.0,5.0,0,0.0,0.0,0,1,,0,0,0,,60.0,0,0,31.3,5,16,0,68.8,11,39.6,1,9.1,0,0,0,,,0.0,2.7,1,90.9,0.0,0,1,0.0,0,2,0,78.0,92.4,0,20,0.0,0,11,10,100.0,11,102.7,11,57.9,0,95,70,7.0,9.5,8.64
Derrick Henry,10679,HB,BLT,17,19,-2.0,0,80.0,,0,0,0.0,0,0,0,72.1,72.1,0,10,0.0,0,5,4,100.0,5,81.7,5,26.3,0,18,26,6.5,4.5,3.6,-2.3,0,75.0,,0,0,0.0,0,0,0,70.5,70.3,0,10,15.4,2,13,3,84.6,11,80.2,4,36.4,0,15,22,7.3,5.0,1.36,,0,,,0,0,,0,0,0,,,0,0,25.0,1,4,0,75.0,3,0.0,0,0.0,0,0,0,,,0.0,,0,,,0,0,,0,0,0,,,0,0,26.1,6,23,0,73.9,17,0.0,0,0.0,0,0,0,,,0.0,1.7,2,85.7,,0,0,0.0,0,1,0,74.6,89.5,0,19,21.4,9,42,6,78.6,33,96.4,7,21.2,0,50,41,6.8,8.3,1.52,0,,0,,,0,0,,0,0,0,,,0,0,,0,0,0,,0,0.0,0,0.0,0,0,0,,,,3,,0,,,0,0,,0,0,0,,,0,0,0.0,0,3,0,100.0,3,0.0,0,0.0,0,0,0,,,0.0,,0,,,0,0,,0,0,0,,,0,0,12.5,1,8,0,75.0,6,0.0,0,0.0,0,0,0,,,0.0,,0,,,0,0,,0,0,0,,,0,0,0.0,0,8,0,87.5,7,0.0,0,0.0,0,0,0,,,0.0,2.0,1,100.0,,0,0,0.0,0,1,0,64.7,90.4,0,44,42.9,6,14,1,50.0,7,118.8,1,14.3,0,44,42,42.0,44.0,6.29,,0,,,0,0,,0,0,0,,,0,0,,0,0,0,,0,0.0,0,0.0,0,0,0,,,,0,-1.0,0,100.0,,0,0,0.0,0,0,0,64.7,65.4,0,3,33.3,1,3,1,66.7,2,79.2,1,50.0,0,3,4,4.0,3.0,1.5,,0,,,0,0,,0,0,0,,,0,0,0.0,0,9,0,88.9,8,0.0,0,0.0,0,0,0,,,0.0,,0,,,0,0,,0,0,0,,,0,0,26.7,4,15,0,66.7,10,0.0,0,0.0,0,0,0,,,0.0,2.2,2,66.7,,0,0,20.0,1,2,0,41.6,64.5,1,13,25.0,6,24,4,75.0,18,44.4,6,33.3,0,38,30,7.5,9.5,2.11,1.9,5,78.6,,0,0,8.3,1,4,0,60.2,90.2,1,44,0.0,0,14,11,100.0,14,76.2,14,73.7,0,132,113,10.3,12.0,9.43
Julian Hill,88685,TE,MIA,14,19,-2.5,0,100.0,,0,0,0.0,0,0,0,70.5,74.2,0,7,0.0,0,3,2,66.7,2,83.3,2,10.5,0,8,13,6.5,4.0,4.0,-2.0,0,100.0,,0,0,0.0,0,0,0,64.7,62.6,0,7,10.0,2,20,1,85.0,17,95.8,1,5.9,0,7,9,9.0,7.0,0.41,,0,,,0,0,,0,0,0,,,0,0,60.0,3,5,0,40.0,2,0.0,0,0.0,0,0,0,,,0.0,12.0,0,0.0,,0,0,,0,0,0,,60.0,1,0,46.7,14,30,0,46.7,14,0.0,1,7.1,0,0,0,,,0.0,2.7,1,91.7,,0,0,0.0,0,5,0,78.7,92.6,0,19,18.2,6,33,11,75.8,25,102.8,12,48.0,0,104,72,6.5,9.5,4.16,0,24.0,0,0.0,,0,0,,0,0,0,,59.4,0,0,0.0,0,1,0,100.0,1,39.6,1,5.3,0,0,0,,,0.0,17,-3.0,0,100.0,,0,0,0.0,0,0,0,64.7,60.9,0,1,16.7,2,12,1,83.3,10,79.2,1,10.0,0,1,4,4.0,1.0,0.1,24.0,0,0.0,,0,0,,0,0,0,,59.4,0,0,25.0,2,8,0,75.0,6,39.6,1,16.7,0,0,0,,,0.0,,0,,,0,0,,0,0,0,,,0,0,75.0,3,4,0,25.0,1,0.0,0,0.0,0,0,0,,,0.0,2.7,1,66.7,,0,0,33.3,1,1,0,36.2,78.6,0,20,14.3,3,21,2,76.2,16,96.5,3,18.8,0,28,27,13.5,14.0,1.75,12.0,0,0.0,,0,0,,0,0,0,,60.0,1,0,0.0,0,1,0,100.0,1,0.0,1,5.3,0,0,0,,,0.0,0,,0,,,0,0,,0,0,0,64.7,81.3,0,0,40.0,4,10,0,50.0,5,0.0,0,0.0,0,0,0,,,0.0,,0,,,0,0,,0,0,0,,,0,0,33.3,1,3,0,33.3,1,0.0,0,0.0,0,0,0,,,0.0,,0,,,0,0,,0,0,0,,,0,0,64.3,9,14,0,35.7,5,0.0,0,0.0,0,0,0,,,0.0,,0,,,0,0,,0,0,0,,,0,0,38.5,5,13,0,61.5,8,0.0,0,0.0,0,0,0,,,0.0,2.7,2,86.7,,0,0,7.1,1,6,0,64.4,92.3,0,20,0.0,0,16,13,93.8,15,103.3,15,78.9,0,132,99,7.6,10.2,8.8
Blake Corum,129574,HB,LA,20,19,-3.8,1,60.0,,0,0,25.0,1,0,0,36.2,46.0,0,14,0.0,0,5,3,100.0,5,64.6,5,26.3,0,3,18,6.0,1.0,0.6,-5.0,1,100.0,,0,0,0.0,0,0,0,70.5,82.8,0,14,66.7,8,12,3,33.3,4,79.2,3,75.0,0,3,18,6.0,1.0,0.75,,0,,,0,0,,0,0,0,,,0,0,0.0,0,7,0,100.0,7,0.0,0,0.0,0,0,0,,,0.0,,0,,,0,0,,0,0,0,,,0,0,20.8,5,24,0,79.2,19,0.0,0,0.0,0,0,0,,,0.0,2.5,2,70.0,,0,0,22.2,2,1,0,32.2,30.8,0,15,27.1,13,48,7,70.8,34,79.6,10,29.4,0,46,31,4.4,6.6,1.35,0,,0,,,0,0,,0,0,0,,,0,0,,0,0,0,,0,0.0,0,0.0,0,0,0,,,,26,-2.0,0,0.0,,0,0,100.0,1,0,0,27.9,32.7,0,0,40.0,2,5,0,60.0,3,39.6,2,66.7,0,0,0,,,0.0,,0,,,0,0,,0,0,0,,,0,0,23.1,3,13,0,69.2,9,0.0,0,0.0,0,0,0,,,0.0,,0,,,0,0,,0,0,0,,,0,0,16.7,2,12,0,75.0,9,0.0,0,0.0,0,0,0,,,0.0,,0,,,0,0,,0,0,0,,,0,0,52.6,10,19,0,47.4,9,0.0,0,0.0,0,0,0,,,0.0,15.0,0,0.0,,0,0,,0,0,0,,60.0,0,0,0.0,0,1,0,100.0,1,39.6,1,5.3,0,0,0,,,0.0,0,,0,,,0,0,,0,0,0,,,0,0,66.7,2,3,0,33.3,1,0.0,0,0.0,0,0,0,,,0.0,,0,,,0,0,,0,0,0,,,0,0,14.3,2,14,0,57.1,8,0.0,0,0.0,0,0,0,,,0.0,15.0,0,0.0,,0,0,,0,0,0,,60.0,0,0,23.1,3,13,0,76.9,10,39.6,1,10.0,0,0,0,,,0.0,3.0,0,100.0,,0,0,0.0,0,2,0,70.5,82.5,0,13,32.4,12,37,3,62.2,23,100.0,3,13.0,0,24,15,5.0,8.0,1.04,2.6,2,76.9,,0,0,16.7,2,3,0,41.4,46.1,0,15,0.0,0,13,10,100.0,13,88.6,13,68.4,0,70,46,4.6,7.0,5.38
Jackson Hawes,109374,TE,BUF,19,19,-2.0,1,100.0,,0,0,0.0,0,0,0,64.7,61.0,0,5,0.0,0,1,1,100.0,1,87.5,1,5.3,0,5,7,7.0,5.0,5.0,,0,,,0,0,,0,0,0,,,0,0,10.0,1,10,0,80.0,8,0.0,0,0.0,0,0,0,,,0.0,24.3,0,66.7,50.0,1,2,0.0,0,2,0,68.3,97.2,0,29,16.7,1,6,2,83.3,5,149.3,3,60.0,1,55,9,4.5,27.5,11.0,11.0,0,100.0,,0,0,0.0,0,2,0,68.3,94.4,0,18,43.8,7,16,2,56.3,9,118.8,2,22.2,0,30,8,4.0,15.0,3.33,4.7,0,66.7,,0,0,33.3,1,2,0,29.9,77.5,0,18,28.0,7,25,2,72.0,18,126.4,3,16.7,1,21,13,6.5,10.5,1.17,0,24.3,0,66.7,50.0,1,2,0.0,0,2,0,68.3,97.2,0,29,0.0,0,3,2,100.0,3,149.3,3,15.8,1,55,9,4.5,27.5,18.33,4,,0,,,0,0,,0,0,0,,,0,0,100.0,4,4,0,0.0,0,0.0,0,,0,0,0,,,,,0,,,0,0,,0,0,0,,,0,0,66.7,4,6,0,16.7,1,0.0,0,0.0,0,0,0,,,0.0,,0,,,0,0,,0,0,0,,,0,0,100.0,8,8,0,0.0,0,0.0,0,,0,0,0,,,,4.2,1,80.0,100.0,1,1,0.0,0,2,0,72.1,93.0,0,15,14.3,2,14,4,78.6,11,129.6,5,45.5,1,28,16,4.0,7.0,2.55,11.0,0,100.0,,0,0,0.0,0,2,0,68.3,94.4,0,18,0.0,0,2,2,100.0,2,118.8,2,10.5,0,30,8,4.0,15.0,15.0,0,-2.0,1,100.0,,0,0,0.0,0,0,0,64.7,61.0,0,5,0.0,0,7,1,100.0,7,87.5,1,14.3,0,5,7,7.0,5.0,0.71,,0,,,0,0,,0,0,0,,,0,0,40.0,2,5,0,60.0,3,0.0,0,0.0,0,0,0,,,0.0,,0,,,0,0,,0,0,0,,,0,0,44.4,4,9,0,55.6,5,0.0,0,0.0,0,0,0,,,0.0,1.8,2,100.0,,0,0,0.0,0,5,0,73.4,95.2,0,18,21.1,4,19,5,78.9,15,106.7,5,33.3,0,48,39,7.8,9.6,3.2,3.4,3,84.6,100.0,1,1,8.3,1,9,0,60.2,95.6,0,18,0.0,0,13,11,100.0,13,137.3,13,68.4,2,97,68,6.2,8.8,7.46
Brock Wright,60994,TE,DET,11,19,-3.0,0,50.0,,0,0,50.0,1,0,0,28.9,38.9,0,4,0.0,0,2,1,100.0,2,56.3,2,10.5,0,4,5,5.0,4.0,2.0,-5.0,0,0.0,,0,0,100.0,1,0,0,28.0,28.8,0,0,20.0,5,25,0,80.0,20,39.6,1,5.0,0,0,0,,,0.0,,0,,,0,0,,0,0,0,,,0,0,16.7,1,6,0,66.7,4,0.0,0,0.0,0,0,0,,,0.0,,0,,,0,0,,0,0,0,,,0,0,40.9,9,22,0,59.1,13,0.0,0,0.0,0,0,0,,,0.0,3.8,0,63.6,0.0,0,1,0.0,0,3,0,75.6,83.8,2,12,20.9,9,43,7,76.7,33,62.1,11,33.3,1,43,27,3.9,6.1,1.3,0,,0,,,0,0,,0,0,0,,,0,0,,0,0,0,,0,0.0,0,0.0,0,0,0,,,,11,,0,,,0,0,,0,0,0,,,0,0,42.9,3,7,0,57.1,4,0.0,0,0.0,0,0,0,,,0.0,,0,,,0,0,,0,0,0,,,0,0,,0,0,0,,0,0.0,0,,0,0,0,,,,,0,,,0,0,,0,0,0,,,0,0,50.0,3,6,0,50.0,3,0.0,0,0.0,0,0,0,,,0.0,2.0,0,100.0,,0,0,0.0,0,4,0,73.4,94.1,0,20,0.0,0,8,5,100.0,8,153.8,5,62.5,1,57,47,9.4,11.4,7.13,,0,,,0,0,,0,0,0,,,0,0,,0,0,0,,0,0.0,0,0.0,0,0,0,,,,0,-1.0,0,100.0,,0,0,0.0,0,0,0,64.7,61.0,0,4,33.3,2,6,1,66.7,4,83.3,1,25.0,0,4,5,5.0,4.0,1.0,,0,,,0,0,,0,0,0,,,0,0,60.0,3,5,0,40.0,2,0.0,0,0.0,0,0,0,,,0.0,,0,,,0,0,,0,0,0,,,0,0,33.3,2,6,0,66.7,4,0.0,0,0.0,0,0,0,,,0.0,0.0,0,100.0,,0,0,0.0,0,0,0,64.7,61.2,0,4,23.1,3,13,1,76.9,10,83.3,1,10.0,0,4,4,4.0,4.0,0.4,3.1,0,76.5,0.0,0,1,0.0,0,7,0,80.0,92.4,2,20,0.0,0,17,13,100.0,17,90.9,17,89.5,2,104,78,6.0,8.0,6.12
Allen Lazard,48135,WR,NYJ,10,18,-1.5,0,100.0,,0,0,0.0,0,0,0,68.3,61.2,0,7,0.0,0,2,2,100.0,2,91.7,2,11.1,0,12,15,7.5,6.0,6.0,,0,,,0,0,,0,0,0,,,0,0,0.0,0,7,0,85.7,6,0.0,0,0.0,0,0,0,,,0.0,37.0,0,0.0,0.0,0,1,,0,0,0,,58.1,0,0,0.0,0,6,0,100.0,6,39.6,2,33.3,0,0,0,,,0.0,11.7,0,66.7,66.7,2,3,0.0,0,2,0,68.3,87.8,0,10,0.0,0,8,2,100.0,8,116.7,3,37.5,1,14,0,0.0,7.0,1.75,3.8,0,83.3,50.0,1,2,0.0,0,1,0,73.4,71.0,0,9,0.0,0,42,5,97.6,41,91.0,6,14.6,0,35,16,3.2,7.0,0.85,0,32.5,0,0.0,0.0,0,2,,0,0,0,,56.7,0,0,0.0,0,4,0,100.0,4,39.6,4,22.2,0,0,0,,,0.0,22,,0,,,0,0,,0,0,0,,,0,0,0.0,0,1,0,100.0,1,0.0,0,0.0,0,0,0,,,0.0,23.0,0,0.0,,0,0,,0,0,0,,59.9,0,0,0.0,0,3,0,100.0,3,39.6,1,33.3,0,0,0,,,0.0,,0,,,0,0,,0,0,0,,,0,0,0.0,0,6,0,83.3,5,0.0,0,0.0,0,0,0,,,0.0,4.5,0,50.0,,0,0,0.0,0,1,0,64.7,77.4,1,9,0.0,0,14,1,92.9,13,22.9,2,15.4,0,9,5,5.0,9.0,0.69,11.8,0,50.0,50.0,2,4,0.0,0,2,0,68.3,85.3,0,10,0.0,0,4,2,100.0,4,97.9,4,22.2,1,14,0,0.0,7.0,3.5,0,-1.5,0,100.0,,0,0,0.0,0,0,0,68.3,61.2,0,7,0.0,0,6,2,83.3,5,91.7,2,40.0,0,12,15,7.5,6.0,2.4,33.0,0,0.0,0.0,0,1,,0,0,0,,59.8,0,0,0.0,0,7,0,85.7,6,39.6,1,16.7,0,0,0,,,0.0,12.0,0,0.0,0.0,0,1,,0,0,0,,59.8,0,0,14.3,1,7,0,71.4,5,39.6,1,20.0,0,0,0,,,0.0,,0,,,0,0,,0,0,0,,,0,0,0.0,0,18,0,83.3,15,0.0,0,0.0,0,0,0,,,0.0,4.0,0,75.0,50.0,1,2,0.0,0,2,0,74.6,77.5,1,9,0.0,0,8,6,100.0,8,47.9,8,44.4,0,44,21,3.5,7.3,5.5
Josh Oliver,47083,TE,MIN,15,18,-3.7,1,66.7,,0,0,0.0,0,1,0,73.4,89.8,1,12,0.0,0,7,4,85.7,6,30.6,6,33.3,0,17,28,7.0,4.3,2.83,-2.5,0,100.0,,0,0,0.0,0,1,0,70.5,87.5,0,12,6.7,1,15,2,73.3,11,97.9,2,18.2,0,15,20,10.0,7.5,1.36,,0,,,0,0,,0,0,0,,,0,0,0.0,0,3,0,66.7,2,0.0,0,0.0,0,0,0,,,0.0,15.0,0,100.0,100.0,1,1,0.0,0,2,0,68.3,95.3,0,32,31.3,5,16,2,68.8,11,158.3,2,18.2,2,50,20,10.0,25.0,4.55,4.5,0,75.0,0.0,0,1,0.0,0,2,0,70.5,91.8,0,12,15.4,4,26,3,84.6,22,130.2,4,18.2,2,25,12,4.0,8.3,1.14,0,,0,,,0,0,,0,0,0,,,0,0,,0,0,0,,0,0.0,0,0.0,0,0,0,,,,18,-3.0,0,0.0,,0,0,,0,0,0,,58.2,0,0,20.0,1,5,0,80.0,4,39.6,1,25.0,0,0,0,,,0.0,,0,,,0,0,,0,0,0,,,0,0,50.0,5,10,0,40.0,4,0.0,0,0.0,0,0,0,,,0.0,,0,,,0,0,,0,0,0,,,0,0,66.7,6,9,0,33.3,3,0.0,0,0.0,0,0,0,,,0.0,3.7,0,100.0,,0,0,0.0,0,1,0,70.5,91.7,0,9,0.0,0,6,3,83.3,5,95.8,3,60.0,0,21,10,3.3,7.0,4.2,15.0,0,100.0,100.0,1,1,0.0,0,2,0,68.3,95.3,0,32,0.0,0,2,2,100.0,2,158.3,2,11.1,2,50,20,10.0,25.0,25.0,0,-4.7,1,66.7,,0,0,0.0,0,0,0,68.3,88.6,1,5,16.7,1,6,2,83.3,5,30.6,3,60.0,0,2,8,4.0,1.0,0.4,,0,,,0,0,,0,0,0,,,0,0,57.1,4,7,0,42.9,3,0.0,0,0.0,0,0,0,,,0.0,,0,,,0,0,,0,0,0,,,0,0,35.7,5,14,0,57.1,8,0.0,0,0.0,0,0,0,,,0.0,4.7,0,100.0,,0,0,0.0,0,3,0,70.5,93.1,0,22,30.0,6,20,3,70.0,14,118.8,3,21.4,0,47,33,11.0,15.7,3.36,4.3,0,90.0,0.0,0,1,0.0,0,6,0,77.3,95.6,0,22,0.0,0,10,9,100.0,10,145.0,10,55.6,2,93,55,6.1,10.3,9.3
Chris Brooks,83644,HB,GB,18,18,-4.3,4,83.3,,0,0,16.7,1,1,0,46.3,68.9,0,16,0.0,0,6,5,100.0,6,91.0,6,33.3,0,35,60,12.0,7.0,5.83,-4.8,4,100.0,,0,0,0.0,0,1,0,72.1,92.0,0,16,0.0,0,10,4,100.0,10,102.1,4,40.0,0,34,53,13.3,8.5,3.4,,0,,,0,0,,0,0,0,,,0,0,28.6,2,7,0,71.4,5,0.0,0,0.0,0,0,0,,,0.0,,0,,,0,0,,0,0,0,,,0,0,30.0,3,10,0,60.0,6,0.0,0,0.0,0,0,0,,,0.0,2.8,1,83.3,,0,0,0.0,0,1,0,73.4,81.3,0,16,11.8,2,17,5,88.2,15,95.8,6,40.0,0,42,31,6.2,8.4,2.8,0,,0,,,0,0,,0,0,0,,,0,0,,0,0,0,,0,0.0,0,0.0,0,0,0,,,,12,-3.5,0,50.0,,0,0,50.0,1,0,0,28.9,27.5,0,1,0.0,0,4,1,100.0,4,56.3,2,50.0,0,1,7,7.0,1.0,0.25,,0,,,0,0,,0,0,0,,,0,0,40.0,4,10,0,60.0,6,0.0,0,0.0,0,0,0,,,0.0,,0,,,0,0,,0,0,0,,,0,0,36.4,4,11,0,63.6,7,0.0,0,0.0,0,0,0,,,0.0,3.0,0,75.0,,0,0,0.0,0,1,0,70.5,78.5,0,10,25.0,4,16,3,75.0,12,85.4,4,33.3,0,20,16,5.3,6.7,1.67,,0,,,0,0,,0,0,0,,,0,0,,0,0,0,,0,0.0,0,0.0,0,0,0,,,,0,,0,,,0,0,,0,0,0,,,0,0,0.0,0,2,0,100.0,2,0.0,0,0.0,0,0,0,,,0.0,,0,,,0,0,,0,0,0,,,0,0,25.0,2,8,0,62.5,5,0.0,0,0.0,0,0,0,,,0.0,,0,,,0,0,,0,0,0,,,0,0,44.4,4,9,0,55.6,5,0.0,0,0.0,0,0,0,,,0.0,3.0,0,50.0,,0,0,50.0,1,0,0,28.8,28.4,0,5,12.5,2,16,1,87.5,14,56.3,2,14.3,0,5,2,2.0,5.0,0.36,2.9,1,75.0,,0,0,10.0,1,2,0,56.7,65.5,0,16,0.0,0,12,9,100.0,12,87.8,12,66.7,0,67,49,5.4,7.4,5.58
Brycen Tremayne,84425,WR,CAR,17,18,,0,,,0,0,,0,0,0,,,0,0,,0,0,0,,0,0.0,0,0.0,0,0,0,,,,,0,,,0,0,,0,0,0,,,0,0,0.0,0,5,0,100.0,5,0.0,0,0.0,0,0,0,,,0.0,22.0,0,100.0,,0,0,0.0,0,1,0,64.7,90.9,0,26,0.0,0,2,1,100.0,2,118.8,1,50.0,0,26,4,4.0,26.0,13.0,13.0,0,33.3,,0,0,0.0,0,1,0,64.7,88.5,0,15,0.0,0,10,1,90.0,9,50.7,3,33.3,0,15,3,3.0,15.0,1.67,4.9,2,100.0,100.0,1,1,0.0,0,1,0,75.6,77.5,0,9,0.0,0,27,7,92.6,25,98.2,7,28.0,0,53,19,2.7,7.6,2.12,0,22.0,0,100.0,,0,0,0.0,0,1,0,64.7,90.9,0,26,0.0,0,1,1,100.0,1,118.8,1,5.6,0,26,4,4.0,26.0,26.0,5,,0,,,0,0,,0,0,0,,,0,0,0.0,0,4,0,100.0,4,0.0,0,0.0,0,0,0,,,0.0,,0,,,0,0,,0,0,0,,,0,0,0.0,0,1,0,100.0,1,0.0,0,0.0,0,0,0,,,0.0,11.0,0,100.0,,0,0,0.0,0,1,0,64.7,78.5,0,11,0.0,0,12,1,91.7,11,112.5,1,9.1,0,11,0,0.0,11.0,1.0,5.0,0,100.0,,0,0,0.0,0,2,0,70.5,90.2,0,20,0.0,0,15,3,100.0,15,109.7,3,20.0,0,31,16,5.3,10.3,2.07,12.3,0,42.9,0.0,0,1,0.0,0,3,1,70.5,72.3,0,24,0.0,0,7,3,100.0,7,67.6,7,38.9,0,50,15,5.0,16.7,7.14,0,,0,,,0,0,,0,0,0,,,0,0,0.0,0,1,0,100.0,1,0.0,0,0.0,0,0,0,,,0.0,,0,,,0,0,,0,0,0,,,0,0,0.0,0,1,0,100.0,1,0.0,0,0.0,0,0,0,,,0.0,12.0,0,33.3,0.0,0,1,0.0,0,1,1,64.7,34.6,0,24,14.3,1,7,1,71.4,5,63.2,3,60.0,0,24,12,12.0,24.0,4.8,,0,,,0,0,,0,0,0,,59.8,0,0,0.0,0,8,0,87.5,7,0.0,0,0.0,0,0,0,,,0.0,4.9,2,100.0,100.0,1,1,0.0,0,3,0,78.0,86.6,0,20,0.0,0,11,10,90.9,10,101.7,10,55.6,0,84,35,3.5,8.4,8.4
Nick Westbrook-Ikhine,47861,WR,MIA,14,18,-4.5,0,100.0,,0,0,0.0,0,0,0,68.3,61.8,0,1,0.0,0,2,2,100.0,2,79.2,2,11.1,0,-1,8,4.0,-0.5,-0.5,-4.5,0,100.0,,0,0,0.0,0,0,0,68.3,61.8,0,1,0.0,0,28,2,96.4,27,79.2,2,7.4,0,-1,8,4.0,-0.5,-0.04,,0,,,0,0,,0,0,0,,,0,0,0.0,0,3,0,100.0,3,0.0,0,0.0,0,0,0,,,0.0,12.5,1,100.0,,0,0,0.0,0,2,0,68.3,76.7,0,18,0.0,0,24,2,91.7,22,118.8,2,9.1,0,35,10,5.0,17.5,1.59,6.3,1,28.6,50.0,1,2,50.0,2,2,0,28.0,57.7,1,11,0.0,0,47,2,95.7,45,0.0,7,15.6,0,18,5,2.5,9.0,0.4,0,,0,,,0,0,,0,0,0,,,0,0,,0,0,0,,0,0.0,0,0.0,0,0,0,,,,17,,0,,,0,0,,0,0,0,,,0,0,0.0,0,10,0,100.0,10,0.0,0,0.0,0,0,0,,,0.0,,0,,,0,0,,0,0,0,,,0,0,0.0,0,8,0,100.0,8,0.0,0,0.0,0,0,0,,,0.0,,0,,,0,0,,0,0,0,,,0,0,22.2,2,9,0,77.8,7,0.0,0,0.0,0,0,0,,,0.0,5.3,0,66.7,,0,0,33.3,1,2,0,29.9,58.3,0,7,0.0,0,23,2,95.7,22,74.3,3,13.6,0,12,3,1.5,6.0,0.55,12.5,1,100.0,,0,0,0.0,0,2,0,68.3,76.7,0,18,0.0,0,4,2,50.0,2,118.8,2,11.1,0,35,10,5.0,17.5,17.5,0,,0,,,0,0,,0,0,0,,,0,0,14.3,1,7,0,57.1,4,0.0,0,0.0,0,0,0,,,0.0,,0,,,0,0,,0,0,0,,,0,0,0.0,0,2,0,100.0,2,0.0,0,0.0,0,0,0,,,0.0,,0,,,0,0,,0,0,0,,,0,0,0.0,0,9,0,100.0,9,0.0,0,0.0,0,0,0,,,0.0,6.8,0,75.0,,0,0,0.0,0,2,0,70.5,83.8,0,11,4.5,1,22,3,90.9,20,90.6,4,20.0,0,25,3,1.0,8.3,1.25,6.2,1,50.0,50.0,1,2,30.0,3,6,0,28.7,68.7,1,11,0.0,0,16,7,87.5,14,30.4,14,77.8,0,55,11,1.6,7.9,3.93
Elijah Moore,84302,WR,DEN,10,18,-3.8,1,75.0,,0,0,25.0,1,0,0,36.2,49.1,0,5,0.0,0,4,3,100.0,4,77.1,4,22.2,0,2,14,4.7,0.7,0.5,-4.0,0,100.0,,0,0,0.0,0,0,0,64.7,61.0,0,-3,0.0,0,13,1,92.3,12,79.2,1,8.3,0,-3,1,1.0,-3.0,-0.25,28.0,0,100.0,,0,0,0.0,0,1,0,64.7,91.0,0,28,0.0,0,1,1,100.0,1,118.8,1,100.0,0,28,0,0.0,28.0,28.0,14.7,0,66.7,100.0,1,1,0.0,0,2,0,68.3,92.3,1,31,0.0,0,10,2,100.0,10,70.1,3,30.0,0,45,20,10.0,22.5,4.5,6.0,1,50.0,33.3,1,3,0.0,0,1,0,68.3,85.8,0,30,0.0,0,24,2,100.0,24,79.2,4,16.7,0,34,23,11.5,17.0,1.42,0,25.5,0,50.0,,0,0,0.0,0,1,0,64.7,90.7,0,28,0.0,0,2,1,100.0,2,95.8,2,11.1,0,28,0,0.0,28.0,14.0,10,-4.0,1,100.0,,0,0,0.0,0,0,0,68.3,61.5,0,5,0.0,0,4,2,100.0,4,79.2,2,50.0,0,5,13,6.5,2.5,1.25,,0,,,0,0,,0,0,0,,,0,0,,0,0,0,,0,0.0,0,,0,0,0,,,,17.0,0,0.0,,0,0,,0,0,0,,59.3,0,0,0.0,0,6,0,83.3,5,39.6,1,20.0,0,0,0,,,0.0,7.0,0,0.0,0.0,0,1,,0,0,0,,59.3,0,0,0.0,0,8,0,100.0,8,39.6,1,12.5,0,0,0,,,0.0,14.6,0,40.0,50.0,1,2,0.0,0,2,0,68.3,90.7,1,31,0.0,0,5,2,100.0,5,33.3,5,27.8,0,45,20,10.0,22.5,9.0,0,-3.0,0,0.0,,0,0,100.0,1,0,0,27.9,39.5,0,0,0.0,0,4,0,100.0,4,39.6,1,25.0,0,0,0,,,0.0,23.0,0,0.0,,0,0,,0,0,0,,60.0,0,0,0.0,0,1,0,100.0,1,39.6,1,100.0,0,0,0,,,0.0,12.0,0,0.0,0.0,0,1,,0,0,0,,59.8,0,0,0.0,0,7,0,100.0,7,39.6,1,14.3,0,0,0,,,0.0,3.5,0,100.0,,0,0,0.0,0,0,0,68.3,61.9,0,4,0.0,0,8,2,87.5,7,81.3,2,28.6,0,7,0,0.0,3.5,1.0,5.4,1,57.1,25.0,1,4,0.0,0,1,0,72.1,78.8,0,30,0.0,0,7,4,100.0,7,74.1,7,38.9,0,41,23,5.8,10.3,5.86
Emari Demercado,77763,HB,ARZ,11,18,-3.3,1,85.7,100.0,1,1,14.3,1,1,0,49.2,60.8,0,7,0.0,0,7,6,100.0,7,118.8,7,38.9,1,14,32,5.3,2.3,2.0,-2.3,0,66.7,100.0,1,1,33.3,1,1,0,29.9,42.6,0,7,0.0,0,9,2,100.0,9,109.7,3,33.3,1,6,8,4.0,3.0,0.67,,0,,,0,0,,0,0,0,,,0,0,,0,0,0,,0,0.0,0,,0,0,0,,,,19.0,0,100.0,,0,0,0.0,0,1,0,64.7,90.3,0,28,8.3,1,12,1,83.3,10,118.8,1,10.0,0,28,9,9.0,28.0,2.8,2.6,1,57.1,,0,0,20.0,1,1,0,41.6,48.0,0,34,9.1,3,33,4,84.8,28,78.3,7,25.0,0,48,33,8.3,12.0,1.71,0,,0,,,0,0,,0,0,0,,,0,0,,0,0,0,,0,0.0,0,0.0,0,0,0,,,,1,-5.0,1,100.0,,0,0,0.0,0,0,0,64.7,81.8,0,6,0.0,0,1,1,100.0,1,91.7,1,100.0,0,6,11,11.0,6.0,6.0,,0,,,0,0,,0,0,0,,,0,0,42.9,3,7,0,57.1,4,0.0,0,0.0,0,0,0,,,0.0,,0,,,0,0,,0,0,0,,,0,0,16.7,2,12,0,83.3,10,0.0,0,0.0,0,0,0,,,0.0,0.0,0,100.0,,0,0,0.0,0,0,0,68.3,83.0,0,9,20.0,2,10,2,80.0,8,89.6,2,25.0,0,11,11,5.5,5.5,1.38,19.0,0,100.0,,0,0,0.0,0,1,0,64.7,90.3,0,28,0.0,0,1,1,100.0,1,118.8,1,5.6,0,28,9,9.0,28.0,28.0,0,-3.7,0,100.0,,0,0,0.0,0,0,0,70.5,66.7,0,4,0.0,0,6,3,83.3,5,79.2,3,60.0,0,2,13,4.3,0.7,0.4,,0,,,0,0,,0,0,0,,,0,0,100.0,2,2,0,0.0,0,0.0,0,,0,0,0,,,,,0,,,0,0,,0,0,0,,,0,0,40.0,4,10,0,60.0,6,0.0,0,0.0,0,0,0,,,0.0,7.0,0,0.0,,0,0,,0,0,0,,59.4,0,0,14.3,2,14,0,85.7,12,39.6,1,8.3,0,0,0,,,0.0,2.5,1,60.0,,0,0,14.3,1,1,0,49.2,60.7,0,34,0.0,0,11,6,90.9,10,76.7,10,55.6,0,59,44,7.3,9.8,5.9
Mason Tipton,109617,WR,NO,12,17,-3.5,0,100.0,,0,0,0.0,0,0,0,68.3,61.7,0,5,0.0,0,2,2,100.0,2,81.3,2,11.8,0,7,14,7.0,3.5,3.5,-4.0,0,100.0,,0,0,0.0,0,0,0,64.7,61.0,0,2,0.0,0,12,1,100.0,12,79.2,1,8.3,0,2,6,6.0,2.0,0.17,,0,,,0,0,,0,0,0,,,0,0,,0,0,0,,0,0.0,0,,0,0,0,,,,15.0,0,0.0,0.0,0,1,,0,0,0,,59.3,1,0,0.0,0,21,0,100.0,21,0.0,1,4.8,0,0,0,,,0.0,3.8,1,100.0,,0,0,0.0,0,1,0,72.1,73.2,0,10,0.0,0,37,4,94.6,35,96.9,4,11.4,0,29,14,3.5,7.3,0.83,0,24.3,0,0.0,0.0,0,1,,0,0,0,,56.2,0,0,0.0,0,4,0,75.0,3,39.6,3,17.6,0,0,0,,,0.0,20,,0,,,0,0,,0,0,0,,,0,0,0.0,0,5,0,80.0,4,0.0,0,0.0,0,0,0,,,0.0,20.0,0,0.0,0.0,0,1,,0,0,0,,58.7,0,0,0.0,0,5,0,60.0,3,39.6,1,33.3,0,0,0,,,0.0,13.0,0,0.0,0.0,0,1,,0,0,0,,57.2,0,0,0.0,0,9,0,100.0,9,39.6,2,22.2,0,0,0,,,0.0,4.5,0,100.0,,0,0,0.0,0,2,0,70.5,92.0,0,12,0.0,0,16,2,93.8,15,110.4,2,13.3,0,21,12,6.0,10.5,1.4,12.8,0,25.0,0.0,0,2,0.0,0,1,0,64.7,71.0,1,9,0.0,0,4,1,100.0,4,0.0,4,23.5,0,9,-1,-1.0,9.0,2.25,0,-3.0,0,100.0,,0,0,0.0,0,0,0,64.7,61.0,0,5,0.0,0,9,1,100.0,9,87.5,1,11.1,0,5,8,8.0,5.0,0.56,26.5,0,0.0,,0,0,,0,0,0,,57.2,0,0,0.0,0,12,0,100.0,12,39.6,2,16.7,0,0,0,,,0.0,10.0,0,100.0,,0,0,0.0,0,1,0,64.7,78.2,0,9,0.0,0,6,1,100.0,6,104.2,1,16.7,0,9,-1,-1.0,9.0,1.5,4.5,0,100.0,,0,0,0.0,0,0,0,68.3,60.7,0,5,0.0,0,16,2,87.5,14,87.5,2,14.3,0,10,1,0.5,5.0,0.71,4.1,1,100.0,,0,0,0.0,0,3,0,77.3,88.6,0,12,0.0,0,9,8,88.9,8,97.9,8,47.1,0,60,27,3.4,7.5,7.5
Drew Sample,47259,TE,CIN,17,17,-1.7,1,88.9,0.0,0,1,0.0,0,1,0,76.5,91.0,0,8,0.0,0,9,8,100.0,9,116.7,9,52.9,1,28,42,5.3,3.5,3.11,-1.7,1,100.0,,0,0,0.0,0,0,0,70.5,94.1,0,8,29.2,7,24,3,70.8,17,98.6,3,17.6,0,23,28,9.3,7.7,1.35,,0,,,0,0,,0,0,0,,,0,0,66.7,2,3,0,33.3,1,0.0,0,0.0,0,0,0,,,0.0,,0,,,0,0,,0,0,0,,,0,0,12.5,2,16,0,75.0,12,0.0,0,0.0,0,0,0,,,0.0,2.0,0,100.0,100.0,1,1,0.0,0,3,0,74.6,92.3,0,27,13.3,8,60,6,85.0,51,111.1,6,11.8,0,64,52,8.7,10.7,1.25,0,,0,,,0,0,,0,0,0,,,0,0,,0,0,0,,0,0.0,0,0.0,0,0,0,,,,7,-2.0,0,100.0,,0,0,0.0,0,1,0,72.1,73.9,0,4,23.5,4,17,4,76.5,13,118.8,4,30.8,1,5,13,3.3,1.3,0.38,,0,,,0,0,,0,0,0,,,0,0,30.0,3,10,0,60.0,6,0.0,0,0.0,0,0,0,,,0.0,,0,,,0,0,,0,0,0,,,0,0,13.3,2,15,0,80.0,12,0.0,0,0.0,0,0,0,,,0.0,0.0,0,0.0,,0,0,,0,0,0,,58.8,0,0,13.6,3,22,0,68.2,15,39.6,1,6.7,0,0,0,,,0.0,,0,,,0,0,,0,0,0,,,0,0,,0,0,0,,0,0.0,0,0.0,0,0,0,,,,0,-1.0,0,50.0,0.0,0,1,0.0,0,0,0,64.7,59.1,0,0,36.8,7,19,1,63.2,12,56.3,2,16.7,0,0,1,1.0,0.0,0.0,,0,,,0,0,,0,0,0,,,0,0,33.3,7,21,0,57.1,12,0.0,0,0.0,0,0,0,,,0.0,,0,,,0,0,,0,0,0,,,0,0,30.8,8,26,0,65.4,17,0.0,0,0.0,0,0,0,,,0.0,2.0,0,100.0,,0,0,0.0,0,1,0,64.7,90.2,0,14,35.7,10,28,1,64.3,18,118.8,1,5.6,0,14,12,12.0,14.0,0.78,1.8,0,87.5,100.0,1,1,0.0,0,4,0,75.6,93.4,0,27,0.0,0,8,7,100.0,8,107.3,8,47.1,0,78,64,9.1,11.1,9.75
Isaiah Hodgins,52130,WR,NYG,7,17,,0,,,0,0,,0,0,0,,,0,0,,0,0,0,,0,0.0,0,0.0,0,0,0,,,,,0,,,0,0,,0,0,0,,,0,0,0.0,0,17,0,94.1,16,0.0,0,0.0,0,0,0,,,0.0,21.0,0,100.0,,0,0,0.0,0,1,0,64.7,90.2,0,12,0.0,0,7,1,85.7,6,156.3,1,16.7,1,12,0,0.0,12.0,2.0,11.5,0,50.0,0.0,0,1,0.0,0,2,0,68.3,83.6,0,20,0.0,0,18,2,100.0,18,78.1,4,22.2,0,33,8,4.0,16.5,1.83,4.7,0,100.0,100.0,1,1,0.0,0,1,0,70.5,74.0,0,8,0.0,0,39,3,97.4,38,88.9,3,7.9,0,16,2,0.7,5.3,0.42,0,25.3,0,66.7,,0,0,0.0,0,2,0,68.3,93.5,0,30,0.0,0,5,2,60.0,3,149.3,3,17.6,1,42,0,0.0,21.0,14.0,21,,0,,,0,0,,0,0,0,,,0,0,0.0,0,8,0,100.0,8,0.0,0,0.0,0,0,0,,,0.0,27.5,0,50.0,,0,0,0.0,0,1,0,64.7,90.6,0,30,0.0,0,10,1,90.0,9,95.8,2,22.2,0,30,0,0.0,30.0,3.33,18.0,0,0.0,,0,0,,0,0,0,,59.8,0,0,0.0,0,14,0,71.4,10,39.6,1,10.0,0,0,0,,,0.0,5.0,0,0.0,,0,0,,0,0,0,,58.5,0,0,0.0,0,21,0,90.5,19,39.6,1,5.3,0,0,0,,,0.0,12.7,0,42.9,0.0,0,1,0.0,0,3,0,70.5,87.2,0,20,0.0,0,7,3,100.0,7,64.6,7,41.2,0,45,8,2.7,15.0,6.43,0,,0,,,0,0,,0,0,0,,,0,0,0.0,0,6,0,100.0,6,0.0,0,0.0,0,0,0,,,0.0,,0,,,0,0,,0,0,0,,60.0,0,0,0.0,0,8,0,62.5,5,0.0,0,0.0,0,0,0,,,0.0,12.5,0,50.0,,0,0,0.0,0,1,0,64.7,76.8,0,12,8.3,1,12,1,83.3,10,68.8,2,20.0,0,12,0,0.0,12.0,1.2,3.7,1,66.7,100.0,1,1,0.0,0,0,0,68.3,74.7,0,8,0.0,0,17,2,94.1,16,74.3,3,18.8,0,12,8,4.0,6.0,0.75,4.3,1,71.4,100.0,2,2,0.0,0,1,0,73.4,77.4,0,8,0.0,0,8,5,87.5,7,78.3,7,41.2,0,28,10,2.0,5.6,4.0
Ameer Abdullah,9487,HB,IND,13,17,-2.9,2,100.0,,0,0,0.0,0,3,0,76.5,92.2,0,15,0.0,0,8,8,100.0,8,87.5,8,47.1,0,40,63,7.9,5.0,5.0,-3.2,2,100.0,,0,0,0.0,0,2,0,73.4,89.7,0,15,0.0,0,9,5,100.0,9,86.7,5,55.6,0,24,40,8.0,4.8,2.67,,0,,,0,0,,0,0,0,,,0,0,,0,0,0,,0,0.0,0,,0,0,0,,,,,0,,,0,0,,0,0,0,,,0,0,33.3,1,3,0,66.7,2,0.0,0,0.0,0,0,0,,,0.0,1.7,4,100.0,100.0,1,1,0.0,0,1,0,75.6,89.8,0,14,8.3,2,24,7,83.3,20,97.0,7,35.0,0,51,39,5.6,7.3,2.55,0,,0,,,0,0,,0,0,0,,,0,0,,0,0,0,,0,0.0,0,0.0,0,0,0,,,,14,,0,,,0,0,,0,0,0,,,0,0,,0,0,0,,0,0.0,0,,0,0,0,,,,,0,,,0,0,,0,0,0,,,0,0,0.0,0,2,0,100.0,2,0.0,0,0.0,0,0,0,,,0.0,,0,,,0,0,,0,0,0,,,0,0,0.0,0,1,0,100.0,1,0.0,0,0.0,0,0,0,,,0.0,0.0,0,0.0,,0,0,,0,0,0,,60.0,0,0,0.0,0,6,0,100.0,6,39.6,1,16.7,0,0,0,,,0.0,,0,,,0,0,,0,0,0,,,0,0,,0,0,0,,0,0.0,0,0.0,0,0,0,,,,0,-2.3,0,100.0,,0,0,0.0,0,1,0,70.5,85.2,0,9,0.0,0,4,3,100.0,4,88.9,3,75.0,0,16,23,7.7,5.3,4.0,,0,,,0,0,,0,0,0,,,0,0,50.0,1,2,0,50.0,1,0.0,0,0.0,0,0,0,,,0.0,,0,,,0,0,,0,0,0,,,0,0,0.0,0,1,0,100.0,1,0.0,0,0.0,0,0,0,,,0.0,4.0,0,100.0,,0,0,0.0,0,0,0,64.7,65.2,0,8,16.7,1,6,1,83.3,5,100.0,1,20.0,0,8,4,4.0,8.0,1.6,1.8,4,88.9,100.0,1,1,0.0,0,1,0,76.5,89.5,0,14,0.0,0,9,8,100.0,9,94.0,9,52.9,0,59,43,5.4,7.4,6.56
Johnny Mundt,12206,TE,JAX,17,17,-3.0,0,0.0,,0,0,100.0,1,0,0,27.9,28.8,0,0,0.0,0,1,0,100.0,1,39.6,1,5.9,0,0,0,,,0.0,-3.0,0,0.0,,0,0,100.0,1,0,0,27.9,28.8,0,0,28.6,4,14,0,64.3,9,39.6,1,11.1,0,0,0,,,0.0,,0,,,0,0,,0,0,0,,,0,0,0.0,0,9,0,88.9,8,0.0,0,0.0,0,0,0,,,0.0,,0,,,0,0,,0,0,0,,,0,0,27.3,6,22,0,68.2,15,0.0,0,0.0,0,0,0,,,0.0,4.3,1,71.4,0.0,0,1,16.7,1,4,0,45.8,87.0,0,21,8.8,3,34,5,85.3,29,100.3,7,24.1,0,65,50,10.0,13.0,2.24,0,20.0,0,0.0,0.0,0,1,100.0,1,0,0,27.9,28.3,0,0,0.0,0,1,0,100.0,1,39.6,1,5.9,0,0,0,,,0.0,15,,0,,,0,0,,0,0,0,,,0,0,0.0,0,4,0,75.0,3,0.0,0,0.0,0,0,0,,,0.0,,0,,,0,0,,0,0,0,,,0,0,11.1,1,9,0,77.8,7,0.0,0,0.0,0,0,0,,,0.0,16.0,0,0.0,,0,0,,0,0,0,,59.8,0,0,36.4,4,11,0,63.6,7,39.6,1,14.3,0,0,0,,,0.0,6.5,0,50.0,,0,0,0.0,0,1,0,64.7,86.8,0,14,26.7,4,15,1,73.3,11,72.9,2,18.2,0,14,7,7.0,14.0,1.27,13.0,0,0.0,0.0,0,1,,0,0,0,,56.9,0,0,0.0,0,2,0,100.0,2,39.6,2,11.8,0,0,0,,,0.0,0,,0,,,0,0,,0,0,0,,,0,0,20.0,1,5,0,80.0,4,0.0,0,0.0,0,0,0,,,0.0,20.0,0,0.0,0.0,0,1,100.0,1,0,0,27.9,28.3,0,0,0.0,0,8,0,87.5,7,39.6,1,14.3,0,0,0,,,0.0,10.0,0,0.0,0.0,0,1,,0,0,0,,59.9,0,0,25.0,2,8,0,50.0,4,39.6,1,25.0,0,0,0,,,0.0,4.3,1,75.0,,0,0,0.0,0,1,0,70.5,92.4,0,16,20.0,4,20,3,80.0,16,97.9,4,25.0,0,32,19,6.3,10.7,2.0,4.6,2,69.2,0.0,0,1,10.0,1,6,0,56.7,92.9,0,21,0.0,0,13,9,100.0,13,95.4,13,76.5,0,111,76,8.4,12.3,8.54
John FitzPatrick,83974,TE,GB,15,16,-1.0,0,100.0,,0,0,0.0,0,0,0,64.7,60.9,0,6,0.0,0,2,1,50.0,1,91.7,1,6.3,0,6,7,7.0,6.0,6.0,,0,,,0,0,,0,0,0,,59.9,0,0,22.2,2,9,0,66.7,6,0.0,0,0.0,0,0,0,,,0.0,,0,,,0,0,,0,0,0,,,0,0,22.2,2,9,0,77.8,7,0.0,0,0.0,0,0,0,,,0.0,,0,,,0,0,,0,0,0,,,0,0,27.3,3,11,0,72.7,8,0.0,0,0.0,0,0,0,,,0.0,2.1,1,100.0,,0,0,0.0,0,2,0,75.6,91.9,0,9,16.7,5,30,7,76.7,23,130.1,7,30.4,1,40,27,3.9,5.7,1.74,0,,0,,,0,0,,0,0,0,,,0,0,,0,0,0,,0,0.0,0,0.0,0,0,0,,,,12,,0,,,0,0,,0,0,0,,,0,0,100.0,1,1,0,0.0,0,0.0,0,,0,0,0,,,,,0,,,0,0,,0,0,0,,,0,0,25.0,2,8,0,50.0,4,0.0,0,0.0,0,0,0,,,0.0,,0,,,0,0,,0,0,0,,,0,0,0.0,0,9,0,88.9,8,0.0,0,0.0,0,0,0,,,0.0,1.3,0,75.0,,0,0,25.0,1,1,0,28.0,34.4,0,8,0.0,0,15,3,80.0,12,80.2,4,33.3,0,15,10,3.3,5.0,1.25,19.0,0,0.0,,0,0,,0,0,0,,60.0,0,0,0.0,0,1,0,100.0,1,39.6,1,6.3,0,0,0,,,0.0,0,-1.0,0,100.0,,0,0,0.0,0,0,0,64.7,62.6,0,6,0.0,0,3,1,100.0,3,91.7,1,33.3,0,6,7,7.0,6.0,2.0,,0,,,0,0,,0,0,0,,,0,0,25.0,2,8,0,75.0,6,0.0,0,0.0,0,0,0,,,0.0,19.0,0,0.0,,0,0,,0,0,0,,60.0,0,0,40.0,4,10,0,60.0,6,39.6,1,16.7,0,0,0,,,0.0,2.0,0,33.3,,0,0,50.0,1,1,0,28.9,54.4,0,11,13.3,2,15,1,86.7,13,45.1,3,23.1,0,11,11,11.0,11.0,0.85,1.9,1,78.6,,0,0,15.4,2,4,0,29.9,78.2,0,11,0.0,0,15,11,93.3,14,110.1,14,87.5,1,66,48,4.4,6.0,4.71
Tyler Allgeier,83639,HB,ATL,17,16,-4.2,2,80.0,,0,0,11.1,1,2,0,54.5,72.5,0,31,0.0,0,10,8,100.0,10,97.1,10,62.5,0,73,109,13.6,9.1,7.3,-4.3,1,66.7,,0,0,0.0,0,0,0,68.3,81.0,0,12,12.5,2,16,2,81.3,13,82.6,3,23.1,0,18,29,14.5,9.0,1.38,,0,,,0,0,,0,0,0,,,0,0,0.0,0,2,0,100.0,2,0.0,0,0.0,0,0,0,,,0.0,,0,,,0,0,,0,0,0,,,0,0,20.0,2,10,0,80.0,8,0.0,0,0.0,0,0,0,,,0.0,3.0,0,100.0,,0,0,0.0,0,0,0,64.7,65.5,0,6,25.0,7,28,1,71.4,20,91.7,1,5.0,0,6,3,3.0,6.0,0.3,0,,0,,,0,0,,0,0,0,,60.0,0,0,0.0,0,1,0,0.0,0,0.0,0,0.0,0,0,0,,,,2,-4.0,1,100.0,,0,0,0.0,0,0,0,72.1,73.6,0,4,0.0,0,10,4,100.0,10,79.2,4,40.0,0,3,19,4.8,0.8,0.3,,0,,,0,0,,0,0,0,,60.0,0,0,33.3,2,6,0,50.0,3,0.0,0,0.0,0,0,0,,,0.0,,0,,,0,0,,0,0,0,,,0,0,42.9,3,7,0,57.1,4,0.0,0,0.0,0,0,0,,,0.0,1.8,0,100.0,,0,0,0.0,0,1,0,73.4,75.7,0,5,28.6,4,14,5,71.4,10,80.8,5,50.0,0,17,8,1.6,3.4,1.7,,0,,,0,0,,0,0,0,,,0,0,,0,0,0,,0,0.0,0,0.0,0,0,0,,,,0,-4.3,0,66.7,,0,0,33.3,1,2,0,29.9,48.2,0,31,0.0,0,7,2,100.0,7,109.7,3,42.9,0,52,61,30.5,26.0,7.43,,0,,,0,0,,0,0,0,,,0,0,25.0,1,4,0,50.0,2,0.0,0,0.0,0,0,0,,,0.0,,0,,,0,0,,0,0,0,,,0,0,28.6,2,7,0,71.4,5,0.0,0,0.0,0,0,0,,,0.0,,0,,,0,0,,0,0,0,64.7,65.4,0,0,18.8,3,16,0,75.0,12,0.0,0,0.0,0,0,0,,,0.0,2.0,0,100.0,,0,0,0.0,0,1,0,75.6,77.9,0,6,0.0,0,7,6,85.7,6,82.6,6,37.5,0,23,11,1.8,3.8,3.83
Zay Jones,11792,WR,ARZ,8,16,,0,,,0,0,,0,0,0,,,0,0,,0,0,0,,0,0.0,0,0.0,0,0,0,,,,,0,,,0,0,,0,0,0,,,0,0,0.0,0,12,0,83.3,10,0.0,0,0.0,0,0,0,,,0.0,20.0,1,100.0,,0,0,0.0,0,1,0,64.7,90.9,0,24,0.0,0,5,1,100.0,5,118.8,1,20.0,0,24,4,4.0,24.0,4.8,12.8,0,80.0,,0,0,0.0,0,4,0,72.1,92.7,0,24,0.0,0,16,4,93.8,15,118.8,5,33.3,0,70,18,4.5,17.5,4.67,3.0,0,100.0,,0,0,0.0,0,0,0,70.5,61.4,0,6,0.0,0,39,3,94.9,37,86.1,3,8.1,0,14,5,1.7,4.7,0.38,0,28.3,1,75.0,100.0,1,1,0.0,0,3,0,70.5,95.3,0,43,0.0,0,4,3,100.0,4,116.7,4,25.0,0,88,10,3.3,29.3,22.0,1,,0,,,0,0,,0,0,0,,,0,0,0.0,0,3,0,66.7,2,0.0,0,0.0,0,0,0,,,0.0,35.0,0,0.0,,0,0,,0,0,0,,60.0,0,0,0.0,0,10,0,70.0,7,39.6,1,14.3,0,0,0,,,0.0,,0,,,0,0,,0,0,0,,,0,0,0.0,0,8,0,87.5,7,0.0,0,0.0,0,0,0,,,0.0,5.5,0,100.0,,0,0,0.0,0,0,0,68.3,61.3,0,7,0.0,0,13,2,100.0,13,89.6,2,15.4,0,11,0,0.0,5.5,0.85,13.5,0,66.7,0.0,0,1,0.0,0,4,0,41.6,85.4,0,24,0.0,0,7,4,85.7,6,106.3,6,37.5,0,70,18,4.5,17.5,11.67,0,,0,,,0,0,,0,0,0,,,0,0,0.0,0,6,0,100.0,6,0.0,0,0.0,0,0,0,,,0.0,29.0,0,100.0,100.0,1,1,0.0,0,2,0,68.3,92.9,0,43,0.0,0,9,2,77.8,7,118.8,2,28.6,0,64,6,3.0,32.0,9.14,17.0,0,0.0,0.0,0,1,,0,0,0,27.9,38.5,0,0,0.0,0,12,0,83.3,10,39.6,1,10.0,0,0,0,,,0.0,9.0,0,0.0,,0,0,,0,0,0,,59.3,1,0,0.0,0,11,0,100.0,11,0.0,1,9.1,0,0,0,,,0.0,4.8,0,83.3,,0,0,0.0,0,0,0,73.4,61.1,1,7,0.0,0,6,5,100.0,6,44.4,6,37.5,0,25,5,1.0,5.0,4.17
Emanuel Wilson,154173,HB,GB,17,16,-5.2,3,90.0,,0,0,10.0,1,2,0,56.7,63.7,0,25,0.0,0,11,9,90.9,10,84.2,10,62.5,0,42,88,9.8,4.7,4.2,-7.0,0,100.0,,0,0,0.0,0,0,0,64.7,60.3,0,-2,0.0,0,6,1,83.3,5,79.2,1,20.0,0,-2,5,5.0,-2.0,-0.4,,0,,,0,0,,0,0,0,,,0,0,16.7,1,6,0,83.3,5,0.0,0,0.0,0,0,0,,,0.0,,0,,,0,0,,0,0,0,,,0,0,0.0,0,13,0,100.0,13,0.0,0,0.0,0,0,0,,,0.0,1.8,2,100.0,,0,0,0.0,0,2,1,73.4,44.9,0,14,12.5,4,32,4,78.1,25,105.2,4,16.0,0,37,30,7.5,9.3,1.48,0,,0,,,0,0,,0,0,0,,,0,0,,0,0,0,,0,0.0,0,0.0,0,0,0,,,,12,-4.0,2,100.0,,0,0,0.0,0,2,0,72.1,90.0,0,25,0.0,0,7,4,100.0,7,109.4,4,57.1,0,41,57,14.3,10.3,5.86,,0,,,0,0,,0,0,0,,,0,0,38.5,5,13,0,46.2,6,0.0,0,0.0,0,0,0,,,0.0,,0,,,0,0,,0,0,0,,,0,0,37.5,3,8,0,62.5,5,0.0,0,0.0,0,0,0,,,0.0,1.0,1,100.0,,0,0,0.0,0,1,0,64.7,90.3,0,11,13.3,2,15,1,80.0,12,112.5,1,8.3,0,11,10,10.0,11.0,0.92,,0,,,0,0,,0,0,0,,,0,0,,0,0,0,,0,0.0,0,0.0,0,0,0,,,,0,-5.8,1,80.0,,0,0,20.0,1,0,0,41.6,43.7,0,4,27.3,3,11,4,72.7,8,79.2,5,62.5,0,3,26,6.5,0.8,0.38,,0,,,0,0,,0,0,0,,,0,0,33.3,2,6,0,66.7,4,0.0,0,0.0,0,0,0,,,0.0,,0,,,0,0,,0,0,0,,,0,0,50.0,6,12,0,50.0,6,0.0,0,0.0,0,0,0,,,0.0,1.0,0,100.0,,0,0,0.0,0,0,0,28.8,29.9,0,9,30.0,6,20,1,65.0,13,104.2,1,7.7,0,9,8,8.0,9.0,0.69,1.5,3,100.0,,0,0,0.0,0,3,1,52.1,54.3,0,14,0.0,0,9,6,66.7,6,106.3,6,37.5,0,57,48,8.0,9.5,9.5
Tanner Conner,22777,TE,NYG,9,15,-1.0,0,100.0,,0,0,0.0,0,0,0,68.3,63.9,0,5,0.0,0,2,2,100.0,2,79.2,2,13.3,0,6,8,4.0,3.0,3.0,-1.0,0,100.0,,0,0,0.0,0,0,0,64.7,62.9,0,1,15.4,2,13,1,84.6,11,79.2,1,9.1,0,1,2,2.0,1.0,0.09,20.0,0,0.0,,0,0,,0,0,0,,58.8,1,0,0.0,0,2,0,100.0,2,0.0,1,50.0,0,0,0,,,0.0,12.7,0,33.3,0.0,0,1,50.0,1,1,0,28.8,57.2,0,14,16.7,2,12,1,75.0,9,49.3,3,33.3,0,14,2,2.0,14.0,1.56,3.5,0,100.0,100.0,1,1,0.0,0,0,0,68.3,89.4,0,8,0.0,0,20,2,90.0,18,85.4,2,11.1,0,9,2,1.0,4.5,0.5,0,20.0,0,0.0,,0,0,,0,0,0,,31.5,1,0,0.0,0,2,0,100.0,2,0.0,2,13.3,0,0,0,,,0.0,21,-1.0,0,100.0,,0,0,0.0,0,0,0,64.7,61.8,0,5,0.0,0,7,1,100.0,7,87.5,1,14.3,0,5,6,6.0,5.0,0.71,20.0,0,0.0,,0,0,,0,0,0,,54.3,0,0,0.0,0,7,0,85.7,6,39.6,1,16.7,0,0,0,,,0.0,14.0,0,100.0,,0,0,0.0,0,0,0,64.7,79.1,0,15,20.0,2,10,1,80.0,8,118.8,1,12.5,0,15,1,1.0,15.0,1.88,1.0,0,50.0,,0,0,0.0,0,1,0,64.7,59.2,0,13,0.0,0,9,1,88.9,8,70.8,2,25.0,0,13,11,11.0,13.0,1.63,13.6,0,60.0,0.0,0,1,25.0,1,2,0,36.2,83.1,0,28,0.0,0,5,3,100.0,5,99.6,5,33.3,0,57,15,5.0,19.0,11.4,0,,0,,,0,0,,0,0,0,,,0,0,14.3,1,7,0,85.7,6,0.0,0,0.0,0,0,0,,,0.0,,0,,,0,0,,0,0,0,,,0,0,0.0,0,2,0,50.0,1,0.0,0,0.0,0,0,0,,,0.0,16.0,0,100.0,,0,0,0.0,0,1,0,64.7,90.3,0,28,0.0,0,4,1,100.0,4,118.8,1,25.0,0,28,12,12.0,28.0,7.0,5.5,0,50.0,,0,0,50.0,1,0,0,28.9,43.7,0,6,0.0,0,17,1,100.0,17,56.3,2,11.8,0,6,1,1.0,6.0,0.35,3.3,0,66.7,100.0,1,1,20.0,1,1,0,42.1,59.3,0,13,0.0,0,6,4,100.0,6,77.1,6,40.0,0,28,14,3.5,7.0,4.67
Taysom Hill,12112,TE,NO,13,15,-3.6,1,100.0,,0,0,0.0,0,1,0,73.4,78.2,0,17,0.0,0,5,5,100.0,5,101.7,5,33.3,0,42,60,12.0,8.4,8.4,-4.0,1,100.0,,0,0,0.0,0,1,0,72.1,76.5,0,17,0.0,0,8,4,100.0,8,103.1,4,50.0,0,35,51,12.8,8.8,4.38,,0,,,0,0,,0,0,0,,,0,0,0.0,0,2,0,50.0,1,0.0,0,0.0,0,0,0,,,0.0,,0,,,0,0,,0,0,0,,,0,0,0.0,0,4,0,100.0,4,0.0,0,0.0,0,0,0,,,0.0,3.3,0,75.0,,0,0,25.0,1,1,0,36.8,62.6,0,13,0.0,0,23,3,95.7,22,90.6,4,18.2,0,25,13,4.3,8.3,1.14,0,,0,,,0,0,,0,0,0,,,0,0,,0,0,0,,0,0.0,0,0.0,0,0,0,,,,20,-2.0,0,100.0,,0,0,0.0,0,0,0,64.7,65.4,0,7,0.0,0,2,1,100.0,2,95.8,1,50.0,0,7,9,9.0,7.0,3.5,,0,,,0,0,,0,0,0,,,0,0,25.0,1,4,0,50.0,2,0.0,0,0.0,0,0,0,,,0.0,12.0,0,0.0,0.0,0,1,,0,0,0,,59.9,0,0,0.0,0,9,0,88.9,8,39.6,1,12.5,0,0,0,,,0.0,2.5,0,100.0,,0,0,0.0,0,0,0,68.3,62.2,0,13,0.0,0,5,2,100.0,5,106.3,2,40.0,0,19,14,7.0,9.5,3.8,12.0,0,0.0,0.0,0,1,,0,0,0,64.7,87.6,0,0,0.0,0,2,0,50.0,1,39.6,1,6.7,0,0,0,,,0.0,0,,0,,,0,0,,0,0,0,,,0,0,33.3,1,3,0,33.3,1,0.0,0,0.0,0,0,0,,,0.0,,0,,,0,0,,0,0,0,,,0,0,0.0,0,3,0,100.0,3,0.0,0,0.0,0,0,0,,,0.0,,0,,,0,0,,0,0,0,64.7,90.5,0,0,0.0,0,4,0,50.0,2,0.0,0,0.0,0,0,0,,,0.0,2.7,0,33.3,,0,0,66.7,2,0,0,26.5,24.6,0,5,28.6,2,7,1,71.4,5,42.4,3,60.0,0,5,1,1.0,5.0,1.0,2.9,0,66.7,,0,0,33.3,3,1,0,28.0,38.1,0,13,0.0,0,9,6,100.0,9,80.3,9,60.0,0,49,28,4.7,8.2,5.44
Will Dissly,30762,TE,LAC,10,15,-2.7,1,100.0,,0,0,0.0,0,2,0,70.5,93.1,0,14,0.0,0,3,3,100.0,3,97.2,3,20.0,0,22,30,10.0,7.3,7.33,-3.0,1,100.0,,0,0,0.0,0,1,0,64.7,90.3,0,7,28.6,2,7,1,71.4,5,95.8,1,20.0,0,7,10,10.0,7.0,1.4,,0,,,0,0,,0,0,0,,,0,0,,0,0,0,,0,0.0,0,,0,0,0,,,,11.0,0,0.0,0.0,0,2,,0,0,0,,41.3,0,0,0.0,0,6,0,100.0,6,39.6,2,33.3,0,0,0,,,0.0,5.5,0,75.0,,0,0,25.0,1,0,0,36.2,45.3,0,7,4.3,1,23,3,95.7,22,82.3,4,18.2,0,17,4,1.3,5.7,0.77,0,,0,,,0,0,,0,0,0,,,0,0,,0,0,0,,0,0.0,0,0.0,0,0,0,,,,27,-4.0,0,100.0,,0,0,0.0,0,1,0,64.7,90.5,0,14,0.0,0,2,1,100.0,2,118.8,1,50.0,0,14,18,18.0,14.0,7.0,,0,,,0,0,,0,0,0,,,0,0,16.7,1,6,0,83.3,5,0.0,0,0.0,0,0,0,,,0.0,11.0,0,100.0,,0,0,0.0,0,1,0,64.7,90.6,0,15,20.0,1,5,1,80.0,4,118.8,1,25.0,0,15,4,4.0,15.0,3.75,2.0,0,100.0,,0,0,0.0,0,1,0,64.7,90.8,0,18,16.7,1,6,1,83.3,5,118.8,1,20.0,0,18,16,16.0,18.0,3.6,11.0,0,33.3,0.0,0,2,0.0,0,1,0,64.7,65.9,0,15,0.0,0,3,1,100.0,3,50.7,3,20.0,0,15,4,4.0,15.0,5.0,0,-1.0,0,100.0,,0,0,0.0,0,0,0,64.7,63.6,0,1,25.0,1,4,1,75.0,3,79.2,1,33.3,0,1,2,2.0,1.0,0.33,,0,,,0,0,,0,0,0,,,0,0,25.0,2,8,0,75.0,6,0.0,0,0.0,0,0,0,,,0.0,,0,,,0,0,,0,0,0,,,0,0,20.0,1,5,0,60.0,3,0.0,0,0.0,0,0,0,,,0.0,3.3,0,75.0,0.0,0,1,0.0,0,1,0,70.5,83.7,0,18,7.1,1,14,3,92.9,13,90.6,4,30.8,0,25,14,4.7,8.3,1.92,4.1,0,77.8,0.0,0,1,12.5,1,2,0,52.1,73.1,0,18,0.0,0,9,7,100.0,9,94.4,9,60.0,0,60,34,4.9,8.6,6.67
Luke Farrell,42353,TE,SF,19,15,-3.0,0,50.0,,0,0,50.0,1,0,0,28.9,29.9,0,4,0.0,0,2,1,100.0,2,56.3,2,13.3,0,4,7,7.0,4.0,2.0,-3.0,0,0.0,,0,0,100.0,1,0,0,28.0,28.6,0,0,0.0,0,8,0,100.0,8,39.6,1,12.5,0,0,0,,,0.0,,0,,,0,0,,0,0,0,,,0,0,0.0,0,2,0,100.0,2,0.0,0,0.0,0,0,0,,,0.0,10.0,0,0.0,,0,0,,0,0,0,,59.6,0,0,20.0,4,20,0,80.0,16,39.6,1,6.3,0,0,0,,,0.0,4.4,0,85.7,66.7,2,3,0.0,0,3,1,74.6,80.4,1,11,4.4,2,45,6,95.6,43,56.3,7,16.3,0,49,23,3.8,8.2,1.14,0,,0,,,0,0,,0,0,0,,,0,0,,0,0,0,,0,0.0,0,0.0,0,0,0,,,,28,-3.0,0,100.0,,0,0,0.0,0,0,0,64.7,61.8,0,4,50.0,1,2,1,50.0,1,83.3,1,100.0,0,4,7,7.0,4.0,4.0,,0,,,0,0,,0,0,0,,,0,0,25.0,2,8,0,75.0,6,0.0,0,0.0,0,0,0,,,0.0,,0,,,0,0,,0,0,0,,,0,0,16.7,1,6,0,50.0,3,0.0,0,0.0,0,0,0,,,0.0,1.7,1,100.0,,0,0,0.0,0,2,0,70.5,92.9,0,11,32.1,9,28,3,64.3,18,138.2,3,16.7,2,23,18,6.0,7.7,1.28,10.0,0,0.0,,0,0,,0,0,0,,59.6,0,0,0.0,0,1,0,100.0,1,39.6,1,6.7,0,0,0,,,0.0,0,,0,,,0,0,,0,0,0,,,0,0,20.0,1,5,0,80.0,4,0.0,0,0.0,0,0,0,,,0.0,,0,,,0,0,,0,0,0,,,0,0,33.3,1,3,0,66.7,2,0.0,0,0.0,0,0,0,,,0.0,,0,,,0,0,,0,0,0,,,0,0,12.5,1,8,0,87.5,7,0.0,0,0.0,0,0,0,,,0.0,1.0,0,100.0,,0,0,0.0,0,1,0,68.3,79.8,0,9,20.0,3,15,2,73.3,11,87.5,2,18.2,0,10,8,4.0,5.0,0.91,3.2,1,91.7,66.7,2,3,0.0,0,6,1,78.7,91.8,1,11,0.0,0,12,11,100.0,12,100.0,12,80.0,2,82,49,4.5,7.5,6.83
Tyler Johnson,48054,WR,NYJ,11,15,,0,,,0,0,,0,0,0,,,0,0,,0,0,0,,0,0.0,0,0.0,0,0,0,,,,,0,,,0,0,,0,0,0,,,0,0,0.0,0,4,0,100.0,4,0.0,0,0.0,0,0,0,,,0.0,,0,,,0,0,,0,0,0,,,0,0,0.0,0,1,0,100.0,1,0.0,0,0.0,0,0,0,,,0.0,15.7,1,100.0,100.0,1,1,0.0,0,3,0,70.5,96.0,0,34,0.0,0,7,3,100.0,7,118.8,3,42.9,0,73,26,8.7,24.3,10.43,3.8,0,100.0,,0,0,0.0,0,1,0,72.1,73.0,0,20,0.0,0,35,4,97.1,34,103.1,4,11.8,0,35,20,5.0,8.8,1.03,0,22.0,0,25.0,0.0,0,1,66.7,2,1,0,26.4,44.6,0,35,0.0,0,4,1,100.0,4,63.5,4,26.7,0,35,13,13.0,35.0,8.75,22,,0,,,0,0,,0,0,0,,,0,0,0.0,0,3,0,100.0,3,0.0,0,0.0,0,0,0,,,0.0,21.7,0,33.3,,0,0,50.0,1,1,0,28.8,58.0,0,35,0.0,0,5,1,100.0,5,78.5,3,60.0,0,35,13,13.0,35.0,7.0,,0,,,0,0,,0,0,0,,59.7,0,0,0.0,0,7,0,85.7,6,0.0,0,0.0,0,0,0,,,0.0,,0,,,0,0,,0,0,0,,,0,0,0.0,0,16,0,93.8,15,0.0,0,0.0,0,0,0,,,0.0,15.8,1,100.0,100.0,2,2,0.0,0,6,0,74.6,97.6,0,34,0.0,0,7,6,85.7,6,158.3,6,40.0,1,120,29,4.8,20.0,20.0,0,,0,,,0,0,,0,0,0,,,0,0,0.0,0,7,0,100.0,7,0.0,0,0.0,0,0,0,,,0.0,23.0,0,0.0,0.0,0,1,100.0,1,0,0,27.9,41.1,0,0,0.0,0,3,0,100.0,3,39.6,1,33.3,0,0,0,,,0.0,16.0,0,100.0,100.0,1,1,0.0,0,3,0,70.5,94.2,0,20,0.0,0,8,3,100.0,8,158.3,3,37.5,1,47,3,1.0,15.7,5.88,3.0,1,100.0,,0,0,0.0,0,0,0,64.7,61.0,0,7,0.0,0,20,1,95.0,19,95.8,1,5.3,0,7,4,4.0,7.0,0.37,3.6,1,100.0,,0,0,0.0,0,1,0,73.4,72.0,0,20,0.0,0,5,5,100.0,5,101.7,5,33.3,0,42,24,4.8,8.4,8.4
Zavier Scott,55123,HB,MIN,9,15,-3.7,2,100.0,,0,0,0.0,0,5,0,78.7,90.8,0,20,0.0,0,11,10,90.9,10,93.3,10,66.7,0,64,101,10.1,6.4,6.4,-4.2,2,100.0,,0,0,0.0,0,3,0,74.6,89.5,0,20,0.0,0,7,6,100.0,7,97.9,6,85.7,0,45,70,11.7,7.5,6.43,,0,,,0,0,,0,0,0,,,0,0,0.0,0,4,0,100.0,4,0.0,0,0.0,0,0,0,,,0.0,,0,,,0,0,,0,0,0,,,0,0,33.3,1,3,0,66.7,2,0.0,0,0.0,0,0,0,,,0.0,2.0,0,50.0,,0,0,0.0,0,0,0,64.7,62.1,1,2,6.3,1,16,1,93.8,15,16.7,2,13.3,0,2,2,2.0,2.0,0.13,0,25.0,0,100.0,,0,0,0.0,0,1,0,64.7,90.7,0,16,0.0,0,1,1,100.0,1,158.3,1,6.7,1,16,0,0.0,16.0,16.0,18,-1.0,0,100.0,,0,0,0.0,0,0,0,64.7,60.8,0,3,0.0,0,1,1,100.0,1,79.2,1,100.0,0,3,4,4.0,3.0,3.0,,0,,,0,0,,0,0,0,,,0,0,50.0,1,2,0,50.0,1,0.0,0,0.0,0,0,0,,,0.0,,0,,,0,0,,0,0,0,,59.9,0,0,40.0,2,5,0,40.0,2,0.0,0,0.0,0,0,0,,,0.0,5.0,0,100.0,,0,0,0.0,0,1,0,64.7,78.2,0,9,28.6,2,7,1,57.1,4,104.2,1,25.0,0,9,4,4.0,9.0,2.25,,0,,,0,0,,0,0,0,,59.9,0,0,0.0,0,1,0,0.0,0,0.0,0,0.0,0,0,0,,,,0,-3.7,0,100.0,,0,0,0.0,0,2,0,72.1,89.8,0,8,0.0,0,5,3,80.0,4,88.9,3,75.0,0,16,27,9.0,5.3,4.0,25.0,0,100.0,,0,0,0.0,0,1,0,64.7,90.7,0,16,0.0,0,1,1,100.0,1,158.3,1,100.0,1,16,0,0.0,16.0,16.0,,0,,,0,0,,0,0,0,,,0,0,0.0,0,3,0,100.0,3,0.0,0,0.0,0,0,0,,,0.0,7.0,0,100.0,100.0,1,1,0.0,0,0,0,64.7,65.7,0,7,0.0,0,4,1,100.0,4,95.8,1,25.0,0,7,0,0.0,7.0,1.75,4.0,0,75.0,100.0,1,1,0.0,0,1,0,70.5,85.1,1,9,0.0,0,4,3,100.0,4,43.8,4,26.7,0,18,6,2.0,6.0,4.5
Hunter Long,60859,TE,JAX,9,15,,0,,,0,0,,0,0,0,,,0,0,,0,0,0,,0,0.0,0,0.0,0,0,0,,,,,0,,,0,0,,0,0,0,,,0,0,28.6,4,14,0,71.4,10,0.0,0,0.0,0,0,0,,,0.0,,0,,,0,0,,0,0,0,64.7,94.9,0,0,25.0,1,4,0,50.0,2,0.0,0,0.0,0,0,0,,,0.0,,0,,,0,0,,0,0,0,,,0,0,11.1,1,9,0,88.9,8,0.0,0,0.0,0,0,0,,,0.0,3.9,0,87.5,100.0,1,1,12.5,1,3,0,52.1,89.1,0,11,4.0,1,25,7,96.0,24,131.8,8,33.3,1,49,23,3.3,7.0,2.04,0,,0,,,0,0,,0,0,0,64.7,94.9,0,0,0.0,0,1,0,0.0,0,0.0,0,0.0,0,0,0,,,,15,,0,,,0,0,,0,0,0,,,0,0,0.0,0,1,0,100.0,1,0.0,0,0.0,0,0,0,,,0.0,,0,,,0,0,,0,0,0,,,0,0,30.0,3,10,0,70.0,7,0.0,0,0.0,0,0,0,,,0.0,,0,,,0,0,,0,0,0,,,0,0,33.3,3,9,0,55.6,5,0.0,0,0.0,0,0,0,,,0.0,2.0,0,50.0,,0,0,50.0,1,0,1,28.8,23.8,0,7,14.3,2,14,1,85.7,12,58.3,2,16.7,0,7,4,4.0,7.0,0.58,10.0,0,100.0,,0,0,0.0,0,1,0,64.7,90.2,0,11,0.0,0,1,1,100.0,1,112.5,1,6.7,0,11,1,1.0,11.0,11.0,0,,0,,,0,0,,0,0,0,,,0,0,0.0,0,6,0,100.0,6,0.0,0,0.0,0,0,0,,,0.0,,0,,,0,0,,0,0,0,,,0,0,14.3,1,7,0,71.4,5,0.0,0,0.0,0,0,0,,,0.0,10.0,0,100.0,,0,0,0.0,0,1,0,64.7,90.2,0,11,0.0,0,6,1,83.3,5,112.5,1,20.0,0,11,1,1.0,11.0,2.2,4.3,0,75.0,,0,0,25.0,1,1,0,36.2,58.2,0,7,0.0,0,17,3,100.0,17,122.9,4,23.5,1,18,6,2.0,6.0,1.06,3.7,0,78.6,100.0,1,1,21.4,3,4,1,29.8,63.2,0,11,0.0,0,14,11,100.0,14,128.3,14,93.3,2,74,33,3.0,6.7,5.29
Jordan Mason,62946,HB,MIN,16,15,-4.2,2,92.3,,0,0,0.0,0,0,1,79.4,51.5,0,7,0.0,0,13,12,100.0,13,79.2,13,86.7,0,37,90,7.5,3.1,2.85,-4.4,0,87.5,,0,0,0.0,0,0,1,75.6,37.0,0,6,4.5,1,22,7,90.9,20,79.2,8,40.0,0,10,43,6.1,1.4,0.5,,0,,,0,0,,0,0,0,,,0,0,0.0,0,1,0,100.0,1,0.0,0,0.0,0,0,0,,,0.0,,0,,,0,0,,0,0,0,,,0,0,33.3,6,18,0,61.1,11,0.0,0,0.0,0,0,0,,,0.0,0.0,0,100.0,,0,0,0.0,0,1,0,64.7,81.0,0,13,15.6,5,32,1,84.4,27,118.8,1,3.7,0,13,13,13.0,13.0,0.48,0,,0,,,0,0,,0,0,0,,,0,0,,0,0,0,,0,0.0,0,0.0,0,0,0,,,,18,-5.0,1,100.0,,0,0,0.0,0,0,0,64.7,65.5,0,7,0.0,0,5,1,100.0,5,95.8,1,20.0,0,7,12,12.0,7.0,1.4,,0,,,0,0,,0,0,0,,,0,0,50.0,4,8,0,50.0,4,0.0,0,0.0,0,0,0,,,0.0,,0,,,0,0,,0,0,0,,,0,0,40.0,4,10,0,60.0,6,0.0,0,0.0,0,0,0,,,0.0,0.0,0,100.0,,0,0,0.0,0,0,0,64.7,65.2,0,1,35.7,5,14,1,64.3,9,79.2,1,11.1,0,1,1,1.0,1.0,0.11,,0,,,0,0,,0,0,0,,,0,0,,0,0,0,,0,0.0,0,0.0,0,0,0,,,,0,-3.8,1,100.0,,0,0,0.0,0,0,0,72.1,72.8,0,6,20.0,2,10,4,70.0,7,87.5,4,57.1,0,20,35,8.8,5.0,2.86,,0,,,0,0,,0,0,0,,,0,0,8.3,1,12,0,91.7,11,0.0,0,0.0,0,0,0,,,0.0,,0,,,0,0,,0,0,0,,,0,0,40.9,9,22,0,54.5,12,0.0,0,0.0,0,0,0,,,0.0,,0,,,0,0,,0,0,0,,,0,0,34.5,10,29,0,62.1,18,0.0,0,0.0,0,0,0,,,0.0,0.0,0,100.0,,0,0,0.0,0,1,0,68.3,81.9,0,13,0.0,0,2,2,100.0,2,95.8,2,13.3,0,14,14,7.0,7.0,7.0
Tutu Atwell,77965,WR,LA,11,15,,0,,,0,0,,0,0,0,,,0,0,,0,0,0,,0,0.0,0,0.0,0,0,0,,,,,0,,,0,0,,0,0,0,,,0,0,0.0,0,8,0,100.0,8,0.0,0,0.0,0,0,0,,,0.0,33.0,0,100.0,100.0,1,1,0.0,0,1,0,64.7,91.0,0,34,0.0,0,4,1,100.0,4,118.8,1,25.0,0,34,1,1.0,34.0,8.5,12.0,0,50.0,0.0,0,1,0.0,0,1,0,64.7,76.4,0,19,0.0,0,23,1,95.7,22,83.3,2,9.1,0,19,6,6.0,19.0,0.86,3.0,0,0.0,0.0,0,1,,0,0,0,,60.0,0,0,0.0,0,37,0,94.6,35,39.6,1,2.9,0,0,0,,,0.0,0,31.3,0,42.9,33.3,1,3,0.0,0,3,0,70.5,94.1,0,88,0.0,0,9,3,77.8,7,129.5,7,46.7,1,160,63,21.0,53.3,22.86,26,,0,,,0,0,,0,0,0,,,0,0,0.0,0,3,0,100.0,3,0.0,0,0.0,0,0,0,,,0.0,30.8,0,25.0,0.0,0,2,0.0,0,1,0,64.7,83.4,0,88,0.0,0,8,1,87.5,7,118.8,4,57.1,1,88,62,62.0,88.0,12.57,14.5,0,0.0,0.0,0,1,,0,0,0,,57.8,1,0,0.0,0,8,0,100.0,8,0.0,2,25.0,0,0,0,,,0.0,,0,,,0,0,,0,0,0,,59.4,0,0,0.0,0,9,0,77.8,7,0.0,0,0.0,0,0,0,,,0.0,13.3,0,33.3,0.0,0,2,0.0,0,1,0,68.3,81.4,1,19,0.0,0,6,2,100.0,6,9.7,6,40.0,0,28,2,1.0,14.0,4.67,0,,0,,,0,0,,0,0,0,,,0,0,0.0,0,3,0,100.0,3,0.0,0,0.0,0,0,0,,,0.0,31.5,0,50.0,,0,0,0.0,0,1,0,64.7,88.2,0,38,0.0,0,14,1,78.6,11,95.8,2,18.2,0,38,0,0.0,38.0,3.45,13.5,0,50.0,,0,0,0.0,0,0,0,64.7,78.0,0,9,0.0,0,15,1,93.3,14,62.5,2,14.3,0,9,-4,-4.0,9.0,0.64,4.0,0,100.0,,0,0,0.0,0,0,0,64.7,60.8,0,4,0.0,0,17,1,100.0,17,83.3,1,5.9,0,4,0,0.0,4.0,0.24,3.5,0,50.0,0.0,0,1,0.0,0,0,0,64.7,58.9,0,4,0.0,0,3,1,66.7,2,56.3,2,13.3,0,4,0,0.0,4.0,2.0
Hunter Luepke,91319,FB,DAL,17,15,-5.7,1,100.0,,0,0,0.0,0,1,0,74.6,83.9,0,10,0.0,0,6,6,100.0,6,88.2,6,40.0,0,31,65,10.8,5.2,5.17,-5.8,0,100.0,,0,0,0.0,0,0,0,72.1,73.4,0,7,28.6,4,14,4,71.4,10,84.4,4,40.0,0,17,40,10.0,4.3,1.7,,0,,,0,0,,0,0,0,,,0,0,50.0,1,2,0,50.0,1,0.0,0,0.0,0,0,0,,,0.0,,0,,,0,0,,0,0,0,,,0,0,41.7,5,12,0,58.3,7,0.0,0,0.0,0,0,0,,,0.0,4.8,2,75.0,0.0,0,1,0.0,0,2,0,70.5,89.7,0,14,13.8,4,29,3,75.9,22,100.0,4,18.2,0,34,20,6.7,11.3,1.55,0,,0,,,0,0,,0,0,0,,,0,0,,0,0,0,,0,0.0,0,0.0,0,0,0,,,,9,-5.0,0,100.0,,0,0,0.0,0,1,0,64.7,81.7,0,10,50.0,1,2,1,50.0,1,108.3,1,100.0,0,10,15,15.0,10.0,10.0,,0,,,0,0,,0,0,0,,,0,0,20.0,1,5,0,80.0,4,0.0,0,0.0,0,0,0,,,0.0,,0,,,0,0,,0,0,0,,,0,0,25.0,1,4,0,75.0,3,0.0,0,0.0,0,0,0,,,0.0,3.8,2,75.0,,0,0,25.0,1,2,0,36.2,78.2,0,15,0.0,0,12,3,91.7,11,107.3,4,36.4,0,41,28,9.3,13.7,3.73,,0,,,0,0,,0,0,0,,,0,0,,0,0,0,,0,0.0,0,0.0,0,0,0,,,,0,-6.0,1,100.0,,0,0,0.0,0,0,0,64.7,65.3,0,4,0.0,0,2,1,100.0,2,83.3,1,50.0,0,4,10,10.0,4.0,2.0,,0,,,0,0,,0,0,0,,,0,0,33.3,3,9,0,66.7,6,0.0,0,0.0,0,0,0,,,0.0,,0,,,0,0,,0,0,0,,,0,0,66.7,2,3,0,33.3,1,0.0,0,0.0,0,0,0,,,0.0,2.0,0,100.0,,0,0,0.0,0,1,0,64.7,78.1,0,3,50.0,8,16,1,43.8,7,118.8,1,14.3,1,3,1,1.0,3.0,0.43,4.0,4,77.8,0.0,0,1,12.5,1,5,0,52.1,92.4,0,15,0.0,0,9,7,100.0,9,139.8,9,60.0,1,78,49,7.0,11.1,8.67
Ray Davis,101072,HB,BUF,19,15,-4.6,1,100.0,,0,0,0.0,0,4,0,75.6,92.2,0,21,0.0,0,7,7,100.0,7,136.0,7,46.7,1,50,82,11.7,7.1,7.14,-3.0,0,100.0,,0,0,0.0,0,2,0,70.5,90.1,0,13,10.0,1,10,3,90.0,9,125.7,3,33.3,1,14,23,7.7,4.7,1.56,,0,,,0,0,,0,0,0,,,0,0,0.0,0,3,0,100.0,3,0.0,0,0.0,0,0,0,,,0.0,,0,,,0,0,,0,0,0,,,0,0,11.1,1,9,0,88.9,8,0.0,0,0.0,0,0,0,,,0.0,3.0,0,60.0,0.0,0,1,25.0,1,3,0,36.2,61.2,0,24,14.8,4,27,3,81.5,22,135.0,5,22.7,1,52,51,17.0,17.3,2.36,0,,0,,,0,0,,0,0,0,,,0,0,,0,0,0,,0,0.0,0,0.0,0,0,0,,,,4,,0,,,0,0,,0,0,0,,,0,0,33.3,2,6,0,66.7,4,0.0,0,0.0,0,0,0,,,0.0,,0,,,0,0,,0,0,0,,,0,0,0.0,0,3,0,100.0,3,0.0,0,0.0,0,0,0,,,0.0,,0,,,0,0,,0,0,0,,,0,0,42.9,3,7,0,57.1,4,0.0,0,0.0,0,0,0,,,0.0,1.0,0,0.0,,0,0,,0,0,0,,64.3,0,0,11.1,1,9,0,77.8,7,39.6,1,14.3,0,0,0,,,0.0,,0,,,0,0,,0,0,0,,,0,0,,0,0,0,,0,0.0,0,0.0,0,0,0,,,,0,-5.8,1,100.0,,0,0,0.0,0,2,0,72.1,90.0,0,21,0.0,0,7,4,85.7,6,104.2,4,66.7,0,36,59,14.8,9.0,6.0,,0,,,0,0,,0,0,0,,,0,0,33.3,2,6,0,66.7,4,0.0,0,0.0,0,0,0,,,0.0,,0,,,0,0,,0,0,0,,,0,0,60.0,3,5,0,40.0,2,0.0,0,0.0,0,0,0,,,0.0,4.5,1,100.0,,0,0,0.0,0,2,0,68.3,83.6,0,14,30.0,3,10,2,60.0,6,102.1,2,33.3,0,17,8,4.0,8.5,2.83,3.1,1,62.5,0.0,0,1,16.7,1,4,0,45.8,80.9,0,16,0.0,0,9,5,88.9,8,117.2,8,53.3,1,45,35,7.0,9.0,5.63
Luke McCaffrey,101634,WR,WAS,7,15,-2.7,0,100.0,100.0,1,1,0.0,0,0,0,70.5,74.9,0,9,0.0,0,3,3,100.0,3,86.1,3,20.0,0,14,22,7.3,4.7,4.67,,0,,,0,0,,0,0,0,,,0,0,0.0,0,6,0,100.0,6,0.0,0,0.0,0,0,0,,,0.0,41.0,0,50.0,100.0,1,1,0.0,0,1,0,64.7,93.7,0,50,0.0,0,3,1,100.0,3,95.8,2,66.7,0,50,2,2.0,50.0,16.67,13.5,0,75.0,,0,0,0.0,0,2,0,73.4,93.4,0,43,0.0,0,9,3,55.6,5,156.3,4,80.0,2,64,31,10.3,21.3,12.8,3.0,0,100.0,,0,0,0.0,0,0,0,68.3,46.4,0,6,0.0,0,30,1,90.0,27,91.7,1,3.7,0,6,3,3.0,6.0,0.22,0,31.8,0,50.0,100.0,1,1,0.0,0,2,0,68.3,94.1,0,50,0.0,0,4,2,100.0,4,135.4,4,26.7,1,83,15,7.5,41.5,20.75,32,-3.0,0,100.0,,0,0,0.0,0,0,0,64.7,61.0,0,7,0.0,0,9,1,88.9,8,95.8,1,12.5,0,7,10,10.0,7.0,0.88,20.0,0,100.0,,0,0,0.0,0,1,0,64.7,79.1,0,33,0.0,0,6,1,66.7,4,158.3,1,25.0,1,33,13,13.0,33.0,8.25,,0,,,0,0,,0,0,0,,,0,0,0.0,0,4,0,75.0,3,0.0,0,0.0,0,0,0,,,0.0,,0,,,0,0,,0,0,0,,,0,0,0.0,0,3,0,100.0,3,0.0,0,0.0,0,0,0,,,0.0,14.7,0,71.4,,0,0,0.0,0,4,0,75.6,95.4,0,43,0.0,0,9,5,77.8,7,153.3,7,46.7,2,100,33,6.6,20.0,14.29,0,-2.5,0,100.0,100.0,1,1,0.0,0,0,0,68.3,77.0,0,9,0.0,0,4,2,100.0,4,81.3,2,50.0,0,7,12,6.0,3.5,1.75,25.0,0,0.0,,0,0,,0,0,0,,59.8,0,0,0.0,0,4,0,75.0,3,39.6,1,33.3,0,0,0,,,0.0,16.3,0,66.7,,0,0,0.0,0,2,0,68.3,92.2,0,19,0.0,0,8,2,87.5,7,107.6,3,42.9,0,36,2,1.0,18.0,5.14,,0,,,0,0,,0,0,0,,,0,0,0.0,0,7,0,100.0,7,0.0,0,0.0,0,0,0,,,0.0,3.0,0,100.0,,0,0,0.0,0,0,0,68.3,46.4,0,6,0.0,0,2,1,50.0,1,91.7,1,6.7,0,6,3,3.0,6.0,6.0
Arian Smith,124039,WR,NYJ,16,15,-4.7,0,100.0,,0,0,0.0,0,0,0,72.1,72.5,0,5,0.0,0,4,3,75.0,3,79.2,3,20.0,0,1,15,5.0,0.3,0.33,-3.5,0,100.0,,0,0,0.0,0,0,0,68.3,60.9,0,0,0.0,0,12,2,91.7,11,79.2,2,18.2,0,-4,3,1.5,-2.0,-0.36,,0,,,0,0,,0,0,0,,,0,0,0.0,0,4,0,100.0,4,0.0,0,0.0,0,0,0,,,0.0,10.0,0,0.0,0.0,0,1,,0,0,0,,59.8,0,0,0.0,0,12,0,100.0,12,39.6,1,8.3,0,0,0,,,0.0,5.0,0,50.0,0.0,0,1,0.0,0,1,0,64.7,76.5,0,8,0.0,0,54,1,98.1,53,60.4,2,3.8,0,8,3,3.0,8.0,0.15,0,34.0,0,20.0,0.0,0,1,0.0,0,1,0,64.7,70.2,0,23,0.0,0,5,1,100.0,5,46.3,5,33.3,0,23,2,2.0,23.0,4.6,22,,0,,,0,0,,0,0,0,64.7,79.2,0,0,0.0,0,3,0,66.7,2,0.0,0,0.0,0,0,0,,,0.0,32.0,0,33.3,,0,0,0.0,0,1,0,64.7,75.2,0,23,0.0,0,8,1,100.0,8,61.8,3,37.5,0,23,2,2.0,23.0,2.88,18.0,0,0.0,0.0,0,1,,0,0,0,,59.7,0,0,0.0,0,8,0,87.5,7,39.6,1,14.3,0,0,0,,,0.0,,0,,,0,0,,0,0,0,,,0,0,0.0,0,24,0,95.8,23,0.0,0,0.0,0,0,0,,,0.0,14.7,0,0.0,0.0,0,3,,0,0,0,,45.1,1,0,0.0,0,3,0,100.0,3,0.0,3,20.0,0,0,0,,,0.0,0,-7.0,0,100.0,,0,0,0.0,0,0,0,64.7,60.8,0,5,0.0,0,9,1,100.0,9,87.5,1,11.1,0,5,12,12.0,5.0,0.56,37.0,0,0.0,0.0,0,1,,0,0,0,,56.6,0,0,0.0,0,6,0,83.3,5,39.6,2,40.0,0,0,0,,,0.0,16.0,0,0.0,0.0,0,1,,0,0,0,,51.9,1,0,0.0,0,8,0,100.0,8,0.0,1,12.5,0,0,0,,,0.0,5.0,1,100.0,100.0,1,1,0.0,0,2,0,68.3,75.7,0,14,0.0,0,29,2,93.1,27,108.3,2,7.4,0,20,10,5.0,10.0,0.74,5.0,1,75.0,50.0,1,2,0.0,0,3,0,70.5,83.5,0,14,0.0,0,4,3,100.0,4,93.8,4,26.7,0,28,13,4.3,9.3,7.0
Jalen McMillan,131905,WR,TB,4,15,-2.0,1,100.0,,0,0,0.0,0,0,0,64.7,78.8,0,8,0.0,0,1,1,100.0,1,100.0,1,6.7,0,8,10,10.0,8.0,8.0,,0,,,0,0,,0,0,0,,,0,0,0.0,0,6,0,100.0,6,0.0,0,0.0,0,0,0,,,0.0,,0,,,0,0,,0,0,0,,,0,0,0.0,0,3,0,100.0,3,0.0,0,0.0,0,0,0,,,0.0,15.5,0,100.0,100.0,1,1,0.0,0,2,0,68.3,90.2,0,19,0.0,0,7,2,100.0,7,118.8,2,28.6,0,32,1,0.5,16.0,4.57,3.8,0,80.0,,0,0,20.0,1,2,0,41.6,70.7,0,11,0.0,0,15,4,100.0,15,94.2,5,33.3,0,33,18,4.5,8.3,2.2,0,36.5,0,50.0,,0,0,0.0,0,1,0,64.7,77.4,1,33,0.0,0,2,1,100.0,2,56.3,2,13.3,0,33,4,4.0,33.0,16.5,30,,0,,,0,0,,0,0,0,,,0,0,0.0,0,2,0,100.0,2,0.0,0,0.0,0,0,0,,,0.0,29.0,0,100.0,,0,0,0.0,0,1,0,64.7,78.8,0,33,0.0,0,2,1,100.0,2,118.8,1,50.0,0,33,4,4.0,33.0,16.5,18.0,0,100.0,,0,0,0.0,0,1,0,64.7,78.3,0,18,0.0,0,8,1,87.5,7,118.8,1,14.3,0,18,0,0.0,18.0,2.57,7.0,0,100.0,,0,0,0.0,0,0,0,64.7,60.8,0,7,0.0,0,5,1,80.0,4,95.8,1,25.0,0,7,0,0.0,7.0,1.75,17.0,0,100.0,100.0,2,2,0.0,0,4,0,72.1,92.9,0,19,0.0,0,4,4,100.0,4,118.8,4,26.7,0,69,1,0.3,17.3,17.25,0,-2.0,1,100.0,,0,0,0.0,0,0,0,64.7,78.8,0,8,0.0,0,4,1,100.0,4,100.0,1,25.0,0,8,10,10.0,8.0,2.0,44.0,0,0.0,,0,0,,0,0,0,,60.0,1,0,0.0,0,3,0,100.0,3,0.0,1,33.3,0,0,0,,,0.0,19.0,0,100.0,100.0,1,1,0.0,0,1,0,64.7,78.5,0,19,0.0,0,7,1,100.0,7,118.8,1,14.3,0,19,0,0.0,19.0,2.71,6.0,0,50.0,,0,0,50.0,1,1,0,28.9,59.2,0,28,0.0,0,4,1,100.0,4,95.8,2,50.0,0,28,25,25.0,28.0,7.0,4.8,0,75.0,,0,0,25.0,2,3,0,29.8,67.9,0,28,0.0,0,8,6,100.0,8,100.0,8,53.3,0,68,43,7.2,11.3,8.5
Jimmy Horn Jr.,144483,WR,CAR,14,15,-4.0,2,100.0,,0,0,0.0,0,1,0,74.6,90.8,0,11,0.0,0,6,5,83.3,5,91.7,5,33.3,0,30,50,10.0,6.0,6.0,-3.8,1,100.0,,0,0,0.0,0,1,0,73.4,85.3,0,11,0.0,0,16,4,93.8,15,90.6,4,26.7,0,23,38,9.5,5.8,1.53,,0,,,0,0,,0,0,0,,,0,0,0.0,0,3,0,100.0,3,0.0,0,0.0,0,0,0,,,0.0,,0,,,0,0,,0,0,0,,,0,0,0.0,0,5,0,80.0,4,0.0,0,0.0,0,0,0,,,0.0,3.0,0,100.0,,0,0,0.0,0,0,0,64.7,61.1,0,4,0.0,0,19,1,89.5,17,83.3,1,5.9,0,4,1,1.0,4.0,0.24,0,29.5,0,50.0,,0,0,50.0,1,1,0,28.9,60.2,0,34,0.0,0,2,1,100.0,2,95.8,2,13.3,0,34,6,6.0,34.0,17.0,5,-5.0,1,100.0,,0,0,0.0,0,0,0,64.7,79.1,0,7,0.0,0,3,1,100.0,3,95.8,1,33.3,0,7,12,12.0,7.0,2.33,29.5,0,50.0,,0,0,50.0,1,1,0,28.9,60.2,0,34,0.0,0,5,1,100.0,5,95.8,2,40.0,0,34,6,6.0,34.0,6.8,15.0,0,50.0,,0,0,0.0,0,1,0,64.7,78.0,0,15,0.0,0,6,1,100.0,6,75.0,2,33.3,0,15,1,1.0,15.0,2.5,2.0,0,100.0,,0,0,0.0,0,0,0,64.7,61.5,0,7,0.0,0,4,1,100.0,4,95.8,1,25.0,0,7,5,5.0,7.0,1.75,15.6,0,40.0,,0,0,33.3,1,2,0,29.9,69.6,0,17,0.0,0,5,2,100.0,5,62.1,5,33.3,0,32,4,2.0,16.0,6.4,0,,0,,,0,0,,0,0,0,,,0,0,0.0,0,2,0,100.0,2,0.0,0,0.0,0,0,0,,,0.0,,0,,,0,0,,0,0,0,,,0,0,0.0,0,1,0,100.0,1,0.0,0,0.0,0,0,0,,,0.0,16.0,0,33.3,,0,0,50.0,1,1,0,28.8,57.1,0,17,0.0,0,5,1,100.0,5,53.5,3,60.0,0,17,3,3.0,17.0,3.4,0.0,0,100.0,,0,0,0.0,0,0,0,64.7,60.8,0,1,0.0,0,6,1,83.3,5,79.2,1,20.0,0,1,1,1.0,1.0,0.2,1.7,0,100.0,,0,0,0.0,0,0,0,70.5,62.3,0,7,0.0,0,3,3,100.0,3,83.3,3,20.0,0,12,7,2.3,4.0,4.0
Ben Sinnott,122616,TE,WAS,15,14,-1.0,0,100.0,,0,0,0.0,0,0,0,64.7,65.4,0,1,0.0,0,1,1,100.0,1,79.2,1,7.1,0,1,2,2.0,1.0,1.0,-1.0,0,100.0,,0,0,0.0,0,0,0,64.7,65.4,0,1,0.0,0,7,1,100.0,7,79.2,1,14.3,0,1,2,2.0,1.0,0.14,24.5,0,50.0,,0,0,0.0,0,1,0,64.7,92.7,0,36,0.0,0,3,1,100.0,3,95.8,2,66.7,0,36,14,14.0,36.0,12.0,,0,,,0,0,,0,0,0,,,0,0,26.7,4,15,0,66.7,10,0.0,0,0.0,0,0,0,,,0.0,4.2,1,100.0,100.0,1,1,0.0,0,3,0,74.6,93.5,0,12,9.1,2,22,6,86.4,19,139.6,6,31.6,1,48,23,3.8,8.0,2.53,0,24.7,0,33.3,,0,0,0.0,0,1,0,64.7,91.2,0,36,0.0,0,3,1,100.0,3,79.9,3,21.4,0,36,14,14.0,36.0,12.0,32,,0,,,0,0,,0,0,0,,,0,0,0.0,0,2,0,100.0,2,0.0,0,0.0,0,0,0,,,0.0,,0,,,0,0,,0,0,0,,,0,0,0.0,0,4,0,75.0,3,0.0,0,0.0,0,0,0,,,0.0,,0,,,0,0,,0,0,0,,,0,0,22.2,2,9,0,77.8,7,0.0,0,0.0,0,0,0,,,0.0,1.7,1,100.0,,0,0,0.0,0,1,0,70.5,89.0,0,22,0.0,0,6,3,100.0,6,106.9,3,50.0,0,29,24,8.0,9.7,4.83,,0,,,0,0,,0,0,0,,,0,0,,0,0,0,,0,0.0,0,0.0,0,0,0,,,,0,,0,,,0,0,,0,0,0,,,0,0,0.0,0,1,0,100.0,1,0.0,0,0.0,0,0,0,,,0.0,25.0,0,0.0,,0,0,,0,0,0,,59.8,0,0,20.0,1,5,0,40.0,2,39.6,1,50.0,0,0,0,,,0.0,,0,,,0,0,,0,0,0,,,0,0,14.3,1,7,0,71.4,5,0.0,0,0.0,0,0,0,,,0.0,1.0,0,0.0,,0,0,,0,0,0,,59.9,0,0,10.0,1,10,0,90.0,9,39.6,1,11.1,0,0,0,,,0.0,3.1,2,90.0,100.0,1,1,0.0,0,4,0,77.3,93.6,0,22,0.0,0,10,9,100.0,10,132.1,10,71.4,1,77,47,5.2,8.6,7.7
John Bates,42275,TE,WAS,15,14,-4.0,0,100.0,,0,0,0.0,0,1,0,64.7,90.4,0,11,0.0,0,1,1,100.0,1,112.5,1,7.1,0,11,15,15.0,11.0,11.0,-4.0,0,100.0,,0,0,0.0,0,1,0,64.7,90.4,0,11,25.0,2,8,1,75.0,6,112.5,1,16.7,0,11,15,15.0,11.0,1.83,,0,,,0,0,,0,0,0,,,0,0,0.0,0,4,0,100.0,4,0.0,0,0.0,0,0,0,,,0.0,12.0,0,50.0,,0,0,50.0,1,1,0,28.8,54.0,0,19,50.0,18,36,1,44.4,16,83.3,2,12.5,0,19,6,6.0,19.0,1.19,5.0,0,83.3,0.0,0,1,0.0,0,3,0,73.4,95.6,0,22,25.0,7,28,5,75.0,21,106.3,6,28.6,0,57,36,7.2,11.4,2.71,0,,0,,,0,0,,0,0,0,,,0,0,,0,0,0,,0,0.0,0,0.0,0,0,0,,,,32,,0,,,0,0,,0,0,0,,,0,0,44.4,4,9,0,55.6,5,0.0,0,0.0,0,0,0,,,0.0,,0,,,0,0,,0,0,0,,,0,0,33.3,4,12,0,50.0,6,0.0,0,0.0,0,0,0,,,0.0,,0,,,0,0,,0,0,0,,,0,0,44.4,4,9,0,55.6,5,0.0,0,0.0,0,0,0,,,0.0,0.0,0,100.0,,0,0,0.0,0,0,0,64.7,62.6,0,2,0.0,0,7,1,100.0,7,79.2,1,14.3,0,2,2,2.0,2.0,0.29,11.7,0,66.7,,0,0,33.3,1,2,0,29.9,80.6,0,19,0.0,0,3,2,100.0,3,126.4,3,21.4,1,21,6,3.0,10.5,7.0,0,,0,,,0,0,,0,0,0,,,0,0,40.0,2,5,0,60.0,3,0.0,0,0.0,0,0,0,,,0.0,,0,,,0,0,,0,0,0,,,0,0,33.3,1,3,0,66.7,2,0.0,0,0.0,0,0,0,,,0.0,11.0,0,100.0,,0,0,0.0,0,1,0,64.7,90.1,0,2,41.2,7,17,1,52.9,9,118.8,1,11.1,1,2,0,0.0,2.0,0.22,1.7,0,66.7,0.0,0,1,0.0,0,0,0,68.3,60.8,0,7,8.3,1,12,2,83.3,10,74.3,3,30.0,0,12,10,5.0,6.0,1.2,3.5,0,80.0,0.0,0,2,0.0,0,3,0,76.5,93.0,0,22,0.0,0,11,8,90.9,10,96.3,10,71.4,0,71,48,6.0,8.9,7.1
Trey Benson,131705,HB,ARZ,4,14,-2.4,1,100.0,,0,0,0.0,0,1,0,75.6,78.2,0,10,0.0,0,7,7,100.0,7,84.5,7,50.0,0,30,47,6.7,4.3,4.29,-2.5,0,100.0,,0,0,0.0,0,1,0,72.1,82.7,0,10,0.0,0,8,4,100.0,8,82.3,4,50.0,0,15,25,6.3,3.8,1.88,,0,,,0,0,,0,0,0,,,0,0,0.0,0,2,0,100.0,2,0.0,0,0.0,0,0,0,,,0.0,,0,,,0,0,,0,0,0,,,0,0,0.0,0,5,0,80.0,4,0.0,0,0.0,0,0,0,,,0.0,2.0,3,100.0,,0,0,0.0,0,1,0,72.1,90.0,0,12,11.8,2,17,4,88.2,15,94.8,4,26.7,0,27,19,4.8,6.8,1.8,0,,0,,,0,0,,0,0,0,,,0,0,,0,0,0,,0,0.0,0,0.0,0,0,0,,,,1,,0,,,0,0,,0,0,0,,,0,0,0.0,0,1,0,100.0,1,0.0,0,0.0,0,0,0,,,0.0,,0,,,0,0,,0,0,0,,,0,0,0.0,0,4,0,50.0,2,0.0,0,0.0,0,0,0,,,0.0,12.0,0,0.0,,0,0,,0,0,0,,59.9,1,0,0.0,0,5,0,100.0,5,0.0,1,20.0,0,0,0,,,0.0,0.5,0,100.0,,0,0,0.0,0,0,0,68.3,69.1,0,6,16.7,1,6,2,83.3,5,81.3,2,40.0,0,7,6,3.0,3.5,1.4,12.0,0,0.0,,0,0,,0,0,0,,59.9,1,0,0.0,0,1,0,100.0,1,0.0,1,7.1,0,0,0,,,0.0,0,-2.3,1,100.0,,0,0,0.0,0,0,0,70.5,66.1,0,6,0.0,0,4,3,100.0,4,87.5,3,75.0,0,15,22,7.3,5.0,3.75,,0,,,0,0,,0,0,0,,,0,0,16.7,1,6,0,83.3,5,0.0,0,0.0,0,0,0,,,0.0,,0,,,0,0,,0,0,0,,,0,0,0.0,0,2,0,50.0,1,0.0,0,0.0,0,0,0,,,0.0,,0,,,0,0,,0,0,0,,,0,0,20.0,1,5,0,80.0,4,0.0,0,0.0,0,0,0,,,0.0,1.5,3,100.0,,0,0,0.0,0,1,0,74.6,89.7,0,12,0.0,0,6,6,100.0,6,90.3,6,42.9,0,34,25,4.2,5.7,5.67
J.K. Dobbins,57366,HB,DEN,10,14,-3.6,1,80.0,,0,0,20.0,2,0,0,35.7,41.0,0,5,0.0,0,10,8,100.0,10,79.2,10,71.4,0,15,38,4.8,1.9,1.5,-4.8,1,66.7,,0,0,33.3,2,0,0,28.7,27.2,0,4,7.1,1,14,4,85.7,12,70.1,6,50.0,0,1,17,4.3,0.3,0.08,,0,,,0,0,,0,0,0,,,0,0,16.7,1,6,0,66.7,4,0.0,0,0.0,0,0,0,,,0.0,,0,,,0,0,,0,0,0,,,0,0,22.2,2,9,0,55.6,5,0.0,0,0.0,0,0,0,,,0.0,0.5,0,50.0,0.0,0,1,0.0,0,0,0,64.7,64.2,0,6,20.0,5,25,1,80.0,20,56.3,2,10.0,0,6,5,5.0,6.0,0.3,0,,0,,,0,0,,0,0,0,,,0,0,,0,0,0,,0,0.0,0,0.0,0,0,0,,,,10,-2.0,0,100.0,,0,0,0.0,0,0,0,70.5,66.5,0,5,14.3,1,7,3,85.7,6,81.9,3,50.0,0,11,17,5.7,3.7,1.83,,0,,,0,0,,0,0,0,,,0,0,50.0,3,6,0,50.0,3,0.0,0,0.0,0,0,0,,,0.0,,0,,,0,0,,0,0,0,,,0,0,37.5,3,8,0,50.0,4,0.0,0,0.0,0,0,0,,,0.0,1.5,0,100.0,,0,0,0.0,0,0,0,68.3,83.2,0,9,14.3,2,14,2,85.7,12,100.0,2,16.7,0,16,13,6.5,8.0,1.33,,0,,,0,0,,0,0,0,,,0,0,,0,0,0,,0,0.0,0,0.0,0,0,0,,,,0,-1.0,0,100.0,,0,0,0.0,0,0,0,64.7,81.2,0,3,0.0,0,5,1,100.0,5,79.2,1,20.0,0,3,4,4.0,3.0,0.6,,0,,,0,0,,0,0,0,,,0,0,80.0,4,5,0,20.0,1,0.0,0,0.0,0,0,0,,,0.0,,0,,,0,0,,0,0,0,,,0,0,0.0,0,12,0,91.7,11,0.0,0,0.0,0,0,0,,,0.0,,0,,,0,0,,0,0,0,,,0,0,31.6,6,19,0,63.2,12,0.0,0,0.0,0,0,0,,,0.0,1.0,0,75.0,0.0,0,1,0.0,0,0,0,70.5,81.4,0,9,0.0,0,4,3,100.0,4,87.5,4,28.6,0,22,18,6.0,7.3,5.5
Jalin Hyatt,124282,WR,NYG,7,14,,0,,,0,0,,0,0,0,,,0,0,,0,0,0,,0,0.0,0,0.0,0,0,0,,,,,0,,,0,0,,0,0,0,,,0,0,0.0,0,9,0,88.9,8,0.0,0,0.0,0,0,0,,,0.0,42.5,0,0.0,,0,0,,0,0,0,,57.8,0,0,0.0,0,4,0,100.0,4,39.6,2,50.0,0,0,0,,,0.0,15.0,0,0.0,0.0,0,1,,0,0,0,,54.7,1,0,0.0,0,7,0,100.0,7,0.0,1,14.3,0,0,0,,,0.0,6.5,0,50.0,,0,0,0.0,0,0,0,64.7,59.7,0,4,0.0,0,23,1,100.0,23,56.3,2,8.7,0,4,0,0.0,4.0,0.17,0,39.2,0,0.0,0.0,0,1,,0,0,0,,55.9,1,0,0.0,0,6,0,83.3,5,0.0,5,35.7,0,0,0,,,0.0,21,,0,,,0,0,,0,0,0,,,0,0,0.0,0,3,0,100.0,3,0.0,0,0.0,0,0,0,,,0.0,39.5,0,0.0,0.0,0,1,,0,0,0,,57.6,0,0,0.0,0,5,0,60.0,3,39.6,2,66.7,0,0,0,,,0.0,16.5,0,50.0,,0,0,0.0,0,1,0,64.7,59.1,1,14,0.0,0,4,1,100.0,4,33.3,2,50.0,0,14,0,0.0,14.0,3.5,,0,,,0,0,,0,0,0,,,0,0,0.0,0,8,0,100.0,8,0.0,0,0.0,0,0,0,,,0.0,16.0,0,33.3,0.0,0,1,0.0,0,1,0,64.7,47.5,2,14,0.0,0,3,1,100.0,3,9.7,3,21.4,0,14,0,0.0,14.0,4.67,0,,0,,,0,0,,0,0,0,,,0,0,0.0,0,4,0,100.0,4,0.0,0,0.0,0,0,0,,,0.0,32.0,0,0.0,,0,0,,0,0,0,,59.8,1,0,0.0,0,8,0,62.5,5,0.0,1,20.0,0,0,0,,,0.0,,0,,,0,0,,0,0,0,,,0,0,0.0,0,5,0,80.0,4,0.0,0,0.0,0,0,0,,,0.0,5.8,0,75.0,50.0,1,2,25.0,1,1,0,36.8,60.6,0,6,0.0,0,14,3,100.0,14,82.3,4,28.6,0,17,2,0.7,5.7,1.21,6.0,0,66.7,50.0,1,2,20.0,1,1,0,42.1,60.3,0,6,0.0,0,6,4,100.0,6,72.2,6,42.9,0,21,2,0.5,5.3,3.5
Dare Ogunbowale,12329,HB,HST,15,13,-4.5,1,50.0,,0,0,50.0,1,0,0,28.8,27.4,0,8,0.0,0,2,1,100.0,2,60.4,2,15.4,0,8,12,12.0,8.0,4.0,-4.5,1,50.0,,0,0,50.0,1,0,0,28.8,27.4,0,8,50.0,2,4,1,50.0,2,60.4,2,100.0,0,8,12,12.0,8.0,4.0,,0,,,0,0,,0,0,0,,,0,0,,0,0,0,,0,0.0,0,,0,0,0,,,,,0,,,0,0,,0,0,0,,,0,0,42.9,3,7,0,57.1,4,0.0,0,0.0,0,0,0,,,0.0,3.2,0,80.0,50.0,1,2,0.0,0,1,0,72.1,72.6,0,16,36.0,9,25,4,64.0,16,97.5,5,31.3,0,37,26,6.5,9.3,2.31,0,,0,,,0,0,,0,0,0,,,0,0,,0,0,0,,0,0.0,0,0.0,0,0,0,,,,13,,0,,,0,0,,0,0,0,,,0,0,,0,0,0,,0,0.0,0,,0,0,0,,,,,0,,,0,0,,0,0,0,,,0,0,50.0,2,4,0,50.0,2,0.0,0,0.0,0,0,0,,,0.0,,0,,,0,0,,0,0,0,,,0,0,50.0,2,4,0,50.0,2,0.0,0,0.0,0,0,0,,,0.0,1.0,0,100.0,,0,0,0.0,0,0,0,68.3,69.7,0,2,46.2,6,13,2,53.8,7,79.2,2,28.6,0,4,2,1.0,2.0,0.57,,0,,,0,0,,0,0,0,,,0,0,,0,0,0,,0,0.0,0,0.0,0,0,0,,,,0,,0,,,0,0,,0,0,0,,,0,0,,0,0,0,,0,0.0,0,,0,0,0,,,,,0,,,0,0,,0,0,0,,,0,0,66.7,4,6,0,33.3,2,0.0,0,0.0,0,0,0,,,0.0,,0,,,0,0,,0,0,0,,,0,0,60.0,6,10,0,30.0,3,0.0,0,0.0,0,0,0,,,0.0,3.3,0,75.0,0.0,0,1,0.0,0,2,1,70.5,53.0,0,18,25.0,4,16,3,75.0,12,92.7,4,33.3,0,27,17,5.7,9.0,2.25,2.8,0,81.8,33.3,1,3,0.0,0,3,1,77.3,65.1,0,18,0.0,0,11,9,100.0,11,92.4,11,84.6,0,68,45,5.0,7.6,6.18
Casey Washington,101710,WR,ATL,6,13,,0,,,0,0,,0,0,0,,,0,0,,0,0,0,,0,0.0,0,0.0,0,0,0,,,,,0,,,0,0,,0,0,0,,,0,0,0.0,0,6,0,100.0,6,0.0,0,0.0,0,0,0,,,0.0,27.0,0,0.0,0.0,0,1,,0,0,0,,59.9,0,0,0.0,0,2,0,100.0,2,39.6,1,50.0,0,0,0,,,0.0,13.5,0,50.0,0.0,0,1,0.0,0,1,0,64.7,75.0,0,17,0.0,0,7,1,85.7,6,79.2,2,33.3,0,17,0,0.0,17.0,2.83,,0,,,0,0,,0,0,0,,,0,0,0.0,0,19,0,94.7,18,0.0,0,0.0,0,0,0,,,0.0,0,32.3,0,0.0,0.0,0,1,,0,0,0,,57.6,0,0,0.0,0,3,0,100.0,3,39.6,3,23.1,0,0,0,,,0.0,2,,0,,,0,0,,0,0,0,,,0,0,0.0,0,3,0,100.0,3,0.0,0,0.0,0,0,0,,,0.0,35.0,0,0.0,,0,0,,0,0,0,,58.2,0,0,0.0,0,4,0,75.0,3,39.6,2,66.7,0,0,0,,,0.0,17.4,0,60.0,0.0,0,1,0.0,0,3,0,70.5,87.2,0,25,0.0,0,7,3,100.0,7,104.2,5,71.4,0,63,12,4.0,21.0,9.0,7.0,0,100.0,100.0,1,1,0.0,0,2,0,68.3,90.2,0,7,0.0,0,13,2,84.6,11,95.8,2,18.2,0,14,0,0.0,7.0,1.27,15.8,0,50.0,0.0,0,2,20.0,1,4,0,41.6,78.2,0,25,0.0,0,9,4,88.9,8,85.4,8,61.5,0,80,12,3.0,20.0,10.0,0,,0,,,0,0,,0,0,0,,,0,0,0.0,0,3,0,100.0,3,0.0,0,0.0,0,0,0,,,0.0,,0,,,0,0,,0,0,0,,,0,0,0.0,0,3,0,100.0,3,0.0,0,0.0,0,0,0,,,0.0,12.0,0,0.0,,0,0,100.0,1,0,0,27.9,39.4,0,0,0.0,0,7,0,100.0,7,39.6,1,14.3,0,0,0,,,0.0,,0,,,0,0,,0,0,0,,,0,0,0.0,0,10,0,100.0,10,0.0,0,0.0,0,0,0,,,0.0,7.0,0,100.0,100.0,1,1,0.0,0,2,0,68.3,90.2,0,7,0.0,0,2,2,100.0,2,95.8,2,15.4,0,14,0,0.0,7.0,7.0
Audric Estime,147476,HB,NO,5,13,-5.0,3,100.0,,0,0,0.0,0,2,0,74.6,92.5,0,19,0.0,0,6,6,100.0,6,103.5,6,46.2,0,53,83,13.8,8.8,8.83,-5.0,1,100.0,,0,0,0.0,0,1,0,70.5,90.2,0,19,0.0,0,8,3,100.0,8,108.3,3,37.5,0,30,45,15.0,10.0,3.75,,0,,,0,0,,0,0,0,,,0,0,33.3,1,3,0,66.7,2,0.0,0,0.0,0,0,0,,,0.0,,0,,,0,0,,0,0,0,,,0,0,22.2,2,9,0,77.8,7,0.0,0,0.0,0,0,0,,,0.0,2.7,1,100.0,,0,0,0.0,0,0,0,70.5,82.8,0,9,23.1,6,26,3,73.1,19,93.1,3,15.8,0,19,11,3.7,6.3,1.0,0,,0,,,0,0,,0,0,0,,,0,0,,0,0,0,,0,0.0,0,0.0,0,0,0,,,,20,-5.0,0,100.0,,0,0,0.0,0,0,0,64.7,65.4,0,0,33.3,1,3,1,66.7,2,79.2,1,50.0,0,0,5,5.0,0.0,0.0,,0,,,0,0,,0,0,0,,,0,0,0.0,0,10,0,90.0,9,0.0,0,0.0,0,0,0,,,0.0,16.0,0,100.0,,0,0,0.0,0,1,0,64.7,81.5,0,19,18.2,2,11,1,81.8,9,118.8,1,11.1,0,19,3,3.0,19.0,2.11,2.0,0,50.0,,0,0,0.0,0,0,0,64.7,79.9,0,8,12.5,1,8,1,87.5,7,60.4,2,28.6,0,8,7,7.0,8.0,1.14,16.0,0,100.0,,0,0,0.0,0,1,0,64.7,81.5,0,19,0.0,0,1,1,100.0,1,118.8,1,7.7,0,19,3,3.0,19.0,19.0,0,-5.0,2,100.0,,0,0,0.0,0,1,0,68.3,90.7,0,12,0.0,0,5,2,100.0,5,114.6,2,40.0,0,23,33,16.5,11.5,4.6,,0,,,0,0,,0,0,0,,,0,0,28.6,2,7,0,71.4,5,0.0,0,0.0,0,0,0,,,0.0,,0,,,0,0,,0,0,0,,,0,0,0.0,0,2,0,50.0,1,0.0,0,0.0,0,0,0,,,0.0,0.0,0,100.0,,0,0,0.0,0,0,0,64.7,65.4,0,4,8.3,1,12,1,91.7,11,83.3,1,9.1,0,4,4,4.0,4.0,0.36,2.0,1,83.3,,0,0,0.0,0,0,0,73.4,89.5,0,9,0.0,0,6,5,100.0,6,88.2,6,46.2,0,31,22,4.4,6.2,5.17
Bhayshul Tuten,150568,HB,JAX,14,13,-6.0,2,100.0,,0,0,0.0,0,2,0,72.1,75.3,0,24,0.0,0,4,4,100.0,4,141.7,4,30.8,1,34,58,14.5,8.5,8.5,-6.0,2,100.0,,0,0,0.0,0,2,0,72.1,75.3,0,24,0.0,0,10,4,90.0,9,141.7,4,44.4,1,34,58,14.5,8.5,3.78,,0,,,0,0,,0,0,0,,,0,0,16.7,1,6,0,50.0,3,0.0,0,0.0,0,0,0,,,0.0,,0,,,0,0,,0,0,0,,,0,0,10.0,1,10,0,80.0,8,0.0,0,0.0,0,0,0,,,0.0,2.0,1,75.0,0.0,0,1,0.0,0,0,0,72.1,66.3,0,8,22.2,6,27,3,70.4,19,84.4,4,21.1,0,19,14,4.7,6.3,1.0,0,,0,,,0,0,,0,0,0,,,0,0,,0,0,0,,0,0.0,0,0.0,0,0,0,,,,15,,0,,,0,0,,0,0,0,,,0,0,,0,0,0,,0,0.0,0,,0,0,0,,,,,0,,,0,0,,0,0,0,,,0,0,16.7,2,12,0,83.3,10,0.0,0,0.0,0,0,0,,,0.0,12.0,0,100.0,,0,0,0.0,0,1,0,64.7,81.5,0,16,25.0,2,8,1,75.0,6,158.3,1,16.7,1,16,4,4.0,16.0,2.67,1.7,0,33.3,0.0,0,1,0.0,0,0,0,64.7,62.2,0,2,22.2,2,9,1,66.7,6,42.4,3,50.0,0,2,0,0.0,2.0,0.33,12.0,0,100.0,,0,0,0.0,0,1,0,64.7,81.5,0,16,0.0,0,1,1,100.0,1,158.3,1,7.7,1,16,4,4.0,16.0,16.0,0,,0,,,0,0,,0,0,0,,,0,0,0.0,0,4,0,100.0,4,0.0,0,0.0,0,0,0,,,0.0,,0,,,0,0,,0,0,0,,,0,0,25.0,1,4,0,75.0,3,0.0,0,0.0,0,0,0,,,0.0,,0,,,0,0,,0,0,0,,,0,0,33.3,1,3,0,66.7,2,0.0,0,0.0,0,0,0,,,0.0,1.0,0,100.0,,0,0,0.0,0,0,0,64.7,81.3,0,8,20.0,2,10,1,80.0,8,100.0,1,12.5,0,8,7,7.0,8.0,1.0,1.8,1,62.5,0.0,0,2,0.0,0,0,0,74.6,75.4,0,8,0.0,0,9,5,88.9,8,69.3,8,61.5,0,29,21,4.2,5.8,3.63
Charlie Kolar,60917,TE,BLT,17,13,,0,,,0,0,,0,0,0,,,0,0,,0,0,0,,0,0.0,0,0.0,0,0,0,,,,,0,,,0,0,,0,0,0,,,0,0,16.7,1,6,0,83.3,5,0.0,0,0.0,0,0,0,,,0.0,,0,,,0,0,,0,0,0,,,0,0,0.0,0,1,0,100.0,1,0.0,0,0.0,0,0,0,,,0.0,14.0,0,100.0,100.0,1,1,0.0,0,4,0,72.1,96.2,0,20,23.5,4,17,4,76.5,13,118.8,4,30.8,0,71,15,3.8,17.8,5.46,5.5,0,50.0,0.0,0,1,0.0,0,1,0,68.3,86.0,1,18,9.1,2,22,2,90.9,20,30.2,4,20.0,0,25,12,6.0,12.5,1.25,0,21.0,0,0.0,,0,0,,0,0,0,,58.8,0,0,0.0,0,1,0,100.0,1,39.6,1,7.7,0,0,0,,,0.0,3,,0,,,0,0,,0,0,0,,,0,0,0.0,0,3,0,100.0,3,0.0,0,0.0,0,0,0,,,0.0,,0,,,0,0,,0,0,0,,,0,0,0.0,0,4,0,100.0,4,0.0,0,0.0,0,0,0,,,0.0,,0,,,0,0,,0,0,0,,,0,0,33.3,2,6,0,66.7,4,0.0,0,0.0,0,0,0,,,0.0,5.5,0,100.0,,0,0,0.0,0,2,0,68.3,94.2,0,10,0.0,0,4,2,100.0,4,133.3,2,50.0,2,13,5,2.5,6.5,3.25,13.2,0,100.0,100.0,1,1,0.0,0,5,0,73.4,96.8,0,20,0.0,0,6,5,83.3,5,118.8,5,38.5,0,81,15,3.0,16.2,16.2,0,,0,,,0,0,,0,0,0,,,0,0,50.0,1,2,0,50.0,1,0.0,0,0.0,0,0,0,,,0.0,21.0,0,0.0,,0,0,,0,0,0,,58.8,0,0,28.6,2,7,0,57.1,4,39.6,1,25.0,0,0,0,,,0.0,10.0,0,100.0,,0,0,0.0,0,1,0,64.7,89.9,0,10,18.2,2,11,1,72.7,8,108.3,1,12.5,0,10,0,0.0,10.0,1.25,4.0,0,100.0,,0,0,0.0,0,1,0,64.7,94.9,0,23,0.0,0,12,1,100.0,12,118.8,1,8.3,0,23,19,19.0,23.0,1.92,5.3,0,71.4,0.0,0,1,0.0,0,4,0,73.4,96.6,1,23,0.0,0,7,5,100.0,7,97.9,7,53.8,2,61,36,7.2,12.2,8.71
Brian Robinson,57120,HB,SF,19,13,-5.0,3,100.0,,0,0,0.0,0,1,0,72.1,90.4,0,6,0.0,0,4,4,100.0,4,79.2,4,30.8,0,11,31,7.8,2.8,2.75,-5.0,1,100.0,,0,0,0.0,0,0,0,64.7,65.4,0,4,25.0,1,4,1,75.0,3,83.3,1,33.3,0,4,9,9.0,4.0,1.33,,0,,,0,0,,0,0,0,,,0,0,25.0,1,4,0,75.0,3,0.0,0,0.0,0,0,0,,,0.0,,0,,,0,0,,0,0,0,,,0,0,11.1,1,9,0,77.8,7,0.0,0,0.0,0,0,0,,,0.0,3.2,0,66.7,0.0,0,2,0.0,0,0,0,72.1,71.3,0,4,4.8,1,21,4,81.0,17,70.1,6,35.3,0,15,3,0.8,3.8,0.88,0,,0,,,0,0,,0,0,0,,,0,0,,0,0,0,,0,0.0,0,0.0,0,0,0,,,,28,-6.0,2,100.0,,0,0,0.0,0,1,0,68.3,86.9,0,6,0.0,0,2,2,100.0,2,79.2,2,100.0,0,5,17,8.5,2.5,2.5,,0,,,0,0,,0,0,0,,,0,0,0.0,0,4,0,100.0,4,0.0,0,0.0,0,0,0,,,0.0,,0,,,0,0,,0,0,0,,,0,0,0.0,0,4,0,100.0,4,0.0,0,0.0,0,0,0,,,0.0,1.3,0,33.3,0.0,0,1,0.0,0,0,0,64.7,63.3,0,2,23.5,4,17,1,70.6,12,42.4,3,25.0,0,2,0,0.0,2.0,0.17,,0,,,0,0,,0,0,0,,,0,0,,0,0,0,,0,0.0,0,0.0,0,0,0,,,,0,-3.0,0,100.0,,0,0,0.0,0,0,0,64.7,65.7,0,2,0.0,0,2,1,100.0,2,79.2,1,50.0,0,2,5,5.0,2.0,1.0,,0,,,0,0,,0,0,0,,,0,0,0.0,0,2,0,100.0,2,0.0,0,0.0,0,0,0,,,0.0,,0,,,0,0,,0,0,0,,,0,0,0.0,0,2,0,100.0,2,0.0,0,0.0,0,0,0,,,0.0,,0,,,0,0,,0,0,0,,,0,0,0.0,0,6,0,100.0,6,0.0,0,0.0,0,0,0,,,0.0,2.6,0,55.6,0.0,0,3,0.0,0,0,0,73.4,71.2,0,4,0.0,0,9,5,100.0,9,60.9,9,69.2,0,17,3,0.6,3.4,1.89
Gunner Olszewski,95015,WR,NYG,10,13,-2.5,0,100.0,,0,0,0.0,0,1,0,68.3,76.0,0,6,0.0,0,2,2,100.0,2,89.6,2,15.4,0,11,16,8.0,5.5,5.5,-4.0,0,100.0,,0,0,0.0,0,0,0,64.7,61.0,0,5,0.0,0,8,1,87.5,7,87.5,1,14.3,0,5,9,9.0,5.0,0.71,,0,,,0,0,,0,0,0,,,0,0,0.0,0,2,0,100.0,2,0.0,0,0.0,0,0,0,,,0.0,,0,,,0,0,,0,0,0,,,0,0,0.0,0,4,0,100.0,4,0.0,0,0.0,0,0,0,,,0.0,7.0,0,100.0,100.0,1,1,0.0,0,1,0,64.7,78.3,0,11,0.0,0,11,1,100.0,11,112.5,1,9.1,0,11,4,4.0,11.0,1.0,0,24.5,0,25.0,100.0,1,1,0.0,0,1,0,64.7,91.4,0,24,0.0,0,5,1,80.0,4,91.7,4,30.8,1,24,0,0.0,24.0,6.0,21,-1.0,0,100.0,,0,0,0.0,0,1,0,64.7,78.1,0,6,0.0,0,4,1,100.0,4,91.7,1,25.0,0,6,7,7.0,6.0,1.5,20.0,0,0.0,,0,0,,0,0,0,,66.1,0,0,0.0,0,3,0,66.7,2,39.6,1,50.0,0,0,0,,,0.0,,0,,,0,0,,0,0,0,,,0,0,0.0,0,3,0,66.7,2,0.0,0,0.0,0,0,0,,,0.0,4.7,0,100.0,,0,0,0.0,0,2,0,70.5,92.5,0,19,0.0,0,7,3,100.0,7,118.8,3,42.9,0,42,28,9.3,14.0,6.0,13.5,0,100.0,,0,0,0.0,0,2,0,68.3,93.2,0,28,0.0,0,2,2,100.0,2,118.8,2,15.4,0,51,24,12.0,25.5,25.5,0,,0,,,0,0,,0,0,0,,,0,0,0.0,0,3,0,66.7,2,0.0,0,0.0,0,0,0,,,0.0,26.0,0,33.3,100.0,1,1,0.0,0,1,0,64.7,85.5,0,24,0.0,0,8,1,62.5,5,102.8,3,60.0,1,24,0,0.0,24.0,4.8,13.5,0,100.0,,0,0,0.0,0,2,0,68.3,93.2,0,28,0.0,0,4,2,75.0,3,118.8,2,66.7,0,51,24,12.0,25.5,17.0,4.0,0,100.0,,0,0,0.0,0,0,0,64.7,61.0,0,6,0.0,0,4,1,100.0,4,91.7,1,25.0,0,6,2,2.0,6.0,1.5,5.0,0,100.0,100.0,1,1,0.0,0,3,0,73.4,92.4,0,19,0.0,0,5,5,100.0,5,115.8,5,38.5,0,59,34,6.8,11.8,11.8
Ray-Ray McCloud III,47895,WR,NYG,6,13,-4.3,1,66.7,,0,0,33.3,1,1,0,29.9,59.5,0,12,0.0,0,3,2,100.0,3,70.1,3,23.1,0,5,15,7.5,2.5,1.67,-5.0,0,50.0,,0,0,50.0,1,0,0,28.8,43.0,0,-7,0.0,0,7,1,85.7,6,56.3,2,33.3,0,-7,0,0.0,-7.0,-1.17,,0,,,0,0,,0,0,0,,,0,0,0.0,0,1,0,100.0,1,0.0,0,0.0,0,0,0,,,0.0,,0,,,0,0,,0,0,0,,,0,0,0.0,0,9,0,100.0,9,0.0,0,0.0,0,0,0,,,0.0,6.2,1,60.0,100.0,1,1,0.0,0,2,0,70.5,82.7,0,14,0.0,0,28,3,96.4,27,78.8,5,18.5,0,32,13,4.3,10.7,1.19,0,,0,,,0,0,,0,0,0,,,0,0,,0,0,0,,0,0.0,0,0.0,0,0,0,,,,21,-3.0,1,100.0,,0,0,0.0,0,1,0,64.7,79.1,0,12,0.0,0,5,1,100.0,5,116.7,1,20.0,0,12,15,15.0,12.0,2.4,,0,,,0,0,,0,0,0,,,0,0,0.0,0,3,0,100.0,3,0.0,0,0.0,0,0,0,,,0.0,15.0,0,0.0,,0,0,,0,0,0,,56.8,1,0,0.0,0,10,0,100.0,10,0.0,2,20.0,0,0,0,,,0.0,2.0,0,100.0,,0,0,0.0,0,0,0,64.7,61.1,0,8,0.0,0,18,1,94.4,17,100.0,1,5.9,0,8,6,6.0,8.0,0.47,15.5,1,25.0,,0,0,0.0,0,1,0,64.7,84.0,1,24,0.0,0,4,1,100.0,4,12.5,4,30.8,0,24,9,9.0,24.0,6.0,0,,0,,,0,0,,0,0,0,,,0,0,0.0,0,8,0,100.0,8,0.0,0,0.0,0,0,0,,,0.0,,0,,,0,0,,0,0,0,,,0,0,20.0,1,5,0,80.0,4,0.0,0,0.0,0,0,0,,,0.0,16.0,1,50.0,,0,0,0.0,0,1,0,64.7,90.4,0,24,0.0,0,8,1,100.0,8,93.8,2,25.0,0,24,9,9.0,24.0,3.0,,0,,,0,0,,0,0,0,,,0,0,0.0,0,12,0,100.0,12,0.0,0,0.0,0,0,0,,,0.0,5.5,1,66.7,100.0,1,1,0.0,0,2,0,72.1,80.5,0,14,0.0,0,6,4,100.0,6,85.4,6,46.2,0,40,19,4.8,10.0,6.67
Jamari Thrash,97399,WR,CLV,9,13,,0,,,0,0,,0,0,0,,,0,0,,0,0,0,,0,0.0,0,0.0,0,0,0,,,,,0,,,0,0,,0,0,0,,,0,0,0.0,0,13,0,100.0,13,0.0,0,0.0,0,0,0,,,0.0,,0,,,0,0,,0,0,0,,,0,0,0.0,0,2,0,100.0,2,0.0,0,0.0,0,0,0,,,0.0,,0,,,0,0,,0,0,0,,,0,0,0.0,0,12,0,91.7,11,0.0,0,0.0,0,0,0,,,0.0,5.4,1,100.0,,0,0,0.0,0,2,0,73.4,90.3,0,21,0.0,0,38,5,94.7,36,106.7,5,13.9,0,48,21,4.2,9.6,1.33,0,23.0,0,0.0,,0,0,,0,0,0,,59.0,0,0,0.0,0,1,0,100.0,1,39.6,1,7.7,0,0,0,,,0.0,8,,0,,,0,0,,0,0,0,,,0,0,0.0,0,4,0,100.0,4,0.0,0,0.0,0,0,0,,,0.0,23.0,0,0.0,,0,0,,0,0,0,,59.0,0,0,0.0,0,3,0,100.0,3,39.6,1,33.3,0,0,0,,,0.0,13.7,0,66.7,0.0,0,1,0.0,0,2,0,68.3,85.4,0,23,0.0,0,11,2,100.0,11,109.7,3,27.3,0,45,17,8.5,22.5,4.09,3.0,0,66.7,,0,0,0.0,0,1,0,68.3,71.6,0,5,0.0,0,13,2,92.3,12,70.1,3,25.0,0,8,3,1.5,4.0,0.67,13.7,0,66.7,0.0,0,1,0.0,0,2,0,68.3,85.4,0,23,0.0,0,3,2,100.0,3,109.7,3,23.1,0,45,17,8.5,22.5,15.0,0,,0,,,0,0,,0,0,0,,,0,0,0.0,0,3,0,66.7,2,0.0,0,0.0,0,0,0,,,0.0,,0,,,0,0,,0,0,0,,,0,0,0.0,0,3,0,66.7,2,0.0,0,0.0,0,0,0,,,0.0,,0,,,0,0,,0,0,0,,,0,0,0.0,0,5,0,80.0,4,0.0,0,0.0,0,0,0,,,0.0,6.0,0,100.0,,0,0,0.0,0,0,0,64.7,61.0,0,6,0.0,0,11,1,90.9,10,91.7,1,10.0,0,6,0,0.0,6.0,0.6,4.7,1,88.9,,0,0,0.0,0,3,0,76.5,88.4,0,21,0.0,0,10,8,90.0,9,95.4,9,69.2,0,62,24,3.0,7.8,6.89
Gage Larvadain,150169,WR,CLV,13,13,,0,,,0,0,,0,0,0,,60.0,0,0,0.0,0,1,0,0.0,0,0.0,0,0.0,0,0,0,,,,,0,,,0,0,,0,0,0,,,0,0,0.0,0,10,0,100.0,10,0.0,0,0.0,0,0,0,,,0.0,28.0,0,0.0,,0,0,,0,0,0,,60.0,1,0,0.0,0,2,0,100.0,2,0.0,1,50.0,0,0,0,,,0.0,12.0,0,100.0,,0,0,0.0,0,0,0,64.7,61.1,0,14,0.0,0,9,1,77.8,7,118.8,1,14.3,0,14,2,2.0,14.0,2.0,4.6,2,75.0,0.0,0,1,14.3,1,3,0,49.2,83.9,0,14,0.0,0,42,6,95.2,40,94.3,8,20.0,0,57,28,4.7,9.5,1.43,0,28.5,0,0.0,0.0,0,1,,0,0,0,,58.0,1,0,0.0,0,2,0,100.0,2,0.0,2,15.4,0,0,0,,,0.0,8,,0,,,0,0,,0,0,0,,60.0,0,0,0.0,0,5,0,80.0,4,0.0,0,0.0,0,0,0,,,0.0,29.0,0,0.0,0.0,0,1,,0,0,0,,59.1,0,0,0.0,0,3,0,100.0,3,39.6,1,33.3,0,0,0,,,0.0,,0,,,0,0,,0,0,0,,,0,0,0.0,0,10,0,90.0,9,0.0,0,0.0,0,0,0,,,0.0,,0,,,0,0,,0,0,0,,,0,0,0.0,0,6,0,100.0,6,0.0,0,0.0,0,0,0,,,0.0,13.5,0,50.0,,0,0,0.0,0,0,0,64.7,60.1,0,14,0.0,0,2,1,100.0,2,72.9,2,15.4,0,14,2,2.0,14.0,7.0,0,,0,,,0,0,,0,0,0,,,0,0,0.0,0,1,0,100.0,1,0.0,0,0.0,0,0,0,,,0.0,,0,,,0,0,,0,0,0,,,0,0,0.0,0,3,0,100.0,3,0.0,0,0.0,0,0,0,,,0.0,15.0,0,0.0,,0,0,,0,0,0,,59.7,0,0,0.0,0,4,0,100.0,4,39.6,1,25.0,0,0,0,,,0.0,1.0,0,0.0,,0,0,100.0,1,0,0,28.0,41.1,0,0,0.0,0,10,0,100.0,10,39.6,1,10.0,0,0,0,,,0.0,4.2,2,66.7,0.0,0,1,25.0,2,3,0,29.8,74.6,0,14,0.0,0,9,6,100.0,9,84.0,9,69.2,0,57,28,4.7,9.5,6.33
Brevyn Spann-Ford,84006,TE,DAL,17,13,,0,,,0,0,,0,0,0,,,0,0,,0,0,0,,0,0.0,0,0.0,0,0,0,,,,,0,,,0,0,,0,0,0,,,0,0,50.0,2,4,0,50.0,2,0.0,0,0.0,0,0,0,,,0.0,24.5,0,50.0,0.0,0,1,0.0,0,1,0,64.7,90.4,0,31,0.0,0,5,1,100.0,5,95.8,2,40.0,0,31,11,11.0,31.0,6.2,15.0,0,50.0,,0,0,0.0,0,1,0,64.7,80.7,1,23,35.7,5,14,1,57.1,8,52.1,2,25.0,0,23,8,8.0,23.0,2.88,4.6,0,60.0,33.3,1,3,0.0,0,1,0,70.5,66.3,0,7,13.3,2,15,3,80.0,12,65.4,5,41.7,0,16,3,1.0,5.3,1.33,0,24.5,0,50.0,0.0,0,1,0.0,0,1,0,64.7,90.4,0,31,0.0,0,2,1,100.0,2,95.8,2,15.4,0,31,11,11.0,31.0,15.5,9,,0,,,0,0,,0,0,0,,,0,0,50.0,3,6,0,50.0,3,0.0,0,0.0,0,0,0,,,0.0,,0,,,0,0,,0,0,0,,,0,0,33.3,1,3,0,66.7,2,0.0,0,0.0,0,0,0,,,0.0,,0,,,0,0,,0,0,0,,,0,0,50.0,2,4,0,50.0,2,0.0,0,0.0,0,0,0,,,0.0,1.5,0,100.0,,0,0,0.0,0,0,0,68.3,62.2,0,4,13.3,2,15,2,80.0,12,81.3,2,16.7,0,7,4,2.0,3.5,0.58,14.0,0,66.7,,0,0,0.0,0,2,0,68.3,92.1,1,23,0.0,0,3,2,100.0,3,95.1,3,23.1,1,27,8,4.0,13.5,9.0,0,,0,,,0,0,,0,0,0,,,0,0,0.0,0,1,0,100.0,1,0.0,0,0.0,0,0,0,,,0.0,,0,,,0,0,,0,0,0,,,0,0,50.0,2,4,0,50.0,2,0.0,0,0.0,0,0,0,,,0.0,12.0,0,100.0,,0,0,0.0,0,1,0,64.7,90.4,0,4,50.0,3,6,1,50.0,3,122.9,1,33.3,1,4,0,0.0,4.0,1.33,1.0,0,100.0,,0,0,0.0,0,0,0,68.3,95.2,0,9,22.2,2,9,1,66.7,6,104.2,1,16.7,0,9,8,8.0,9.0,1.5,3.4,0,75.0,33.3,1,3,0.0,0,1,0,75.6,90.8,0,9,0.0,0,9,6,88.9,8,81.3,8,61.5,0,32,15,2.5,5.3,4.0
Ian Thomas,42130,TE,LV,14,13,-3.3,0,100.0,,0,0,0.0,0,1,0,70.5,89.0,0,8,0.0,0,3,3,100.0,3,91.7,3,23.1,0,18,28,9.3,6.0,6.0,-3.3,0,100.0,,0,0,0.0,0,1,0,70.5,89.0,0,8,25.0,3,12,3,75.0,9,91.7,3,33.3,0,18,28,9.3,6.0,2.0,,0,,,0,0,,0,0,0,,,0,0,66.7,2,3,0,33.3,1,0.0,0,0.0,0,0,0,,,0.0,10.0,0,100.0,,0,0,0.0,0,1,0,64.7,90.4,0,12,64.3,9,14,1,35.7,5,116.7,1,20.0,0,12,2,2.0,12.0,2.4,3.0,0,100.0,,0,0,0.0,0,1,0,74.6,76.8,0,14,21.1,4,19,6,78.9,15,97.9,6,40.0,0,45,27,4.5,7.5,3.0,0,,0,,,0,0,,0,0,0,,,0,0,,0,0,0,,0,0.0,0,0.0,0,0,0,,,,23,,0,,,0,0,,0,0,0,,,0,0,50.0,2,4,0,50.0,2,0.0,0,0.0,0,0,0,,,0.0,,0,,,0,0,,0,0,0,,,0,0,66.7,4,6,0,33.3,2,0.0,0,0.0,0,0,0,,,0.0,,0,,,0,0,,0,0,0,,,0,0,80.0,4,5,0,20.0,1,0.0,0,0.0,0,0,0,,,0.0,2.0,1,100.0,,0,0,0.0,0,1,0,68.3,92.5,0,10,27.8,5,18,2,72.2,13,106.3,2,15.4,0,19,15,7.5,9.5,1.46,13.0,0,100.0,,0,0,0.0,0,2,0,68.3,94.0,0,20,0.0,0,2,2,100.0,2,118.8,2,15.4,0,32,6,3.0,16.0,16.0,0,,0,,,0,0,,0,0,0,,,0,0,80.0,8,10,0,20.0,2,0.0,0,0.0,0,0,0,,,0.0,,0,,,0,0,,0,0,0,,,0,0,66.7,8,12,0,33.3,4,0.0,0,0.0,0,0,0,,,0.0,16.0,0,100.0,,0,0,0.0,0,1,0,64.7,90.4,0,20,37.5,3,8,1,50.0,4,118.8,1,25.0,0,20,4,4.0,20.0,5.0,,0,,,0,0,,0,0,0,,,0,0,45.5,5,11,0,54.5,6,0.0,0,0.0,0,0,0,,,0.0,2.8,1,100.0,,0,0,0.0,0,2,0,76.5,90.8,0,14,0.0,0,8,8,100.0,8,100.0,8,61.5,0,64,42,5.3,8.0,8.0
Malachi Corley,66272,WR,CLV,13,13,-4.0,2,83.3,,0,0,0.0,0,0,0,73.4,62.0,0,8,0.0,0,6,5,100.0,6,79.2,6,46.2,0,18,35,7.0,3.6,3.0,-3.5,0,100.0,,0,0,0.0,0,0,0,68.3,61.8,0,7,0.0,0,9,2,88.9,8,81.3,2,25.0,0,7,14,7.0,3.5,0.88,,0,,,0,0,,0,0,0,,,0,0,0.0,0,1,0,100.0,1,0.0,0,0.0,0,0,0,,,0.0,,0,,,0,0,,0,0,0,,,0,0,0.0,0,4,0,100.0,4,0.0,0,0.0,0,0,0,,,0.0,3.3,2,100.0,100.0,1,1,0.0,0,2,0,70.5,86.5,0,17,0.0,0,18,3,94.4,17,109.7,3,17.6,0,31,21,7.0,10.3,1.82,0,,0,,,0,0,,0,0,0,,,0,0,,0,0,0,,0,0.0,0,0.0,0,0,0,,,,8,-3.3,2,100.0,,0,0,0.0,0,0,0,70.5,62.1,0,8,0.0,0,7,3,100.0,7,81.9,3,42.9,0,11,21,7.0,3.7,1.57,,0,,,0,0,,0,0,0,,,0,0,0.0,0,2,0,100.0,2,0.0,0,0.0,0,0,0,,,0.0,,0,,,0,0,,0,0,0,,,0,0,0.0,0,1,0,100.0,1,0.0,0,0.0,0,0,0,,,0.0,0.0,0,100.0,,0,0,0.0,0,0,0,64.7,61.3,0,0,0.0,0,6,1,100.0,6,79.2,1,16.7,0,0,0,0.0,0.0,0.0,11.0,0,100.0,,0,0,0.0,0,1,0,64.7,79.2,0,11,0.0,0,1,1,100.0,1,112.5,1,7.7,0,11,0,0.0,11.0,11.0,0,-7.0,0,0.0,,0,0,,0,0,0,,59.8,0,0,0.0,0,5,0,100.0,5,39.6,1,20.0,0,0,0,,,0.0,,0,,,0,0,,0,0,0,,,0,0,,0,0,0,,0,0.0,0,,0,0,0,,,,11.0,0,100.0,,0,0,0.0,0,1,0,64.7,79.2,0,11,0.0,0,2,1,100.0,2,112.5,1,50.0,0,11,0,0.0,11.0,5.5,4.0,0,50.0,,0,0,0.0,0,1,0,64.7,75.7,1,19,0.0,0,5,1,100.0,5,43.8,2,40.0,0,19,15,15.0,19.0,3.8,3.0,2,83.3,100.0,1,1,0.0,0,3,0,73.4,88.1,1,19,0.0,0,6,5,100.0,6,61.8,6,46.2,0,50,36,7.2,10.0,8.33
Xavier Weaver,101130,WR,ARZ,9,12,,0,,,0,0,,0,0,0,,,0,0,,0,0,0,,0,0.0,0,0.0,0,0,0,,,,,0,,,0,0,,0,0,0,,,0,0,0.0,0,11,0,100.0,11,0.0,0,0.0,0,0,0,,,0.0,29.0,0,0.0,0.0,0,1,,0,0,0,,57.0,1,0,0.0,0,5,0,100.0,5,0.0,3,60.0,0,0,0,,,0.0,11.5,0,100.0,100.0,1,1,0.0,0,1,0,68.3,76.0,0,23,0.0,0,15,2,100.0,15,118.8,2,13.3,0,32,9,4.5,16.0,2.13,4.0,1,100.0,,0,0,0.0,0,0,0,64.7,78.5,0,9,0.0,0,62,1,93.5,58,104.2,1,1.7,0,9,5,5.0,9.0,0.16,0,29.2,0,0.0,0.0,0,2,100.0,1,0,0,28.0,41.8,1,0,0.0,0,5,0,100.0,5,0.0,5,41.7,0,0,0,,,0.0,1,,0,,,0,0,,0,0,0,,,0,0,0.0,0,4,0,100.0,4,0.0,0,0.0,0,0,0,,,0.0,32.0,0,0.0,0.0,0,1,100.0,1,0,0,28.0,40.4,0,0,0.0,0,10,0,90.0,9,39.6,1,11.1,0,0,0,,,0.0,,0,,,0,0,,0,0,0,,,0,0,0.0,0,14,0,92.9,13,0.0,0,0.0,0,0,0,,,0.0,,0,,,0,0,,0,0,0,64.7,79.1,0,0,0.0,0,17,0,82.4,14,0.0,0,0.0,0,0,0,,,0.0,11.5,0,100.0,100.0,1,1,0.0,0,1,0,68.3,74.4,0,23,0.0,0,3,2,66.7,2,118.8,2,16.7,0,32,9,4.5,16.0,16.0,0,,0,,,0,0,,0,0,0,,,0,0,0.0,0,3,0,100.0,3,0.0,0,0.0,0,0,0,,,0.0,27.0,0,0.0,,0,0,,0,0,0,,59.9,0,0,0.0,0,4,0,100.0,4,39.6,1,25.0,0,0,0,,,0.0,,0,,,0,0,,0,0,0,,59.9,0,0,0.0,0,5,0,80.0,4,0.0,0,0.0,0,0,0,,,0.0,4.8,0,100.0,,0,0,0.0,0,1,0,72.1,73.0,0,13,0.0,0,22,4,100.0,22,93.8,4,18.2,0,26,7,1.8,6.5,1.18,4.6,1,100.0,,0,0,0.0,0,1,0,74.6,87.9,0,13,0.0,0,6,5,83.3,5,95.8,5,41.7,0,35,12,2.4,7.0,7.0
Darius Cooper,136866,WR,PHI,14,12,,0,,,0,0,,0,0,0,,,0,0,,0,0,0,,0,0.0,0,0.0,0,0,0,,,,,0,,,0,0,,0,0,0,,,0,0,0.0,0,7,0,100.0,7,0.0,0,0.0,0,0,0,,,0.0,,0,,,0,0,,0,0,0,,,0,0,0.0,0,2,0,100.0,2,0.0,0,0.0,0,0,0,,,0.0,13.3,0,100.0,100.0,1,1,0.0,0,3,0,70.5,93.9,0,17,0.0,0,9,3,100.0,9,118.8,3,33.3,0,46,6,2.0,15.3,5.11,5.5,1,100.0,,0,0,0.0,0,2,0,68.3,89.9,0,9,0.0,0,15,2,100.0,15,97.9,2,13.3,0,15,4,2.0,7.5,1.0,0,29.0,0,0.0,,0,0,,0,0,0,,59.9,0,0,0.0,0,1,0,100.0,1,39.6,1,8.3,0,0,0,,,0.0,24,,0,,,0,0,,0,0,0,,,0,0,0.0,0,4,0,100.0,4,0.0,0,0.0,0,0,0,,,0.0,29.0,0,0.0,,0,0,,0,0,0,,59.9,0,0,0.0,0,2,0,100.0,2,39.6,1,50.0,0,0,0,,,0.0,,0,,,0,0,,0,0,0,,59.3,0,0,0.0,0,7,0,71.4,5,0.0,0,0.0,0,0,0,,,0.0,1.0,0,100.0,,0,0,0.0,0,0,0,70.5,62.2,0,4,0.0,0,12,3,100.0,12,81.9,3,25.0,0,11,8,2.7,3.7,0.92,12.2,0,83.3,50.0,1,2,0.0,0,5,0,73.4,94.2,0,19,0.0,0,7,5,85.7,6,118.8,6,50.0,0,75,12,2.4,15.0,12.5,0,,0,,,0,0,,0,0,0,,,0,0,0.0,0,1,0,0.0,0,0.0,0,,0,0,0,,,,,0,,,0,0,,0,0,0,,,0,0,0.0,0,4,0,100.0,4,0.0,0,0.0,0,0,0,,,0.0,11.0,0,66.7,0.0,0,1,0.0,0,2,0,68.3,88.1,0,19,0.0,0,10,2,100.0,10,97.9,3,30.0,0,29,6,3.0,14.5,2.9,,0,,,0,0,,0,0,0,,,0,0,10.0,1,10,0,90.0,9,0.0,0,0.0,0,0,0,,,0.0,2.8,1,100.0,,0,0,0.0,0,2,0,73.4,80.7,0,9,0.0,0,5,5,100.0,5,88.3,5,41.7,0,26,12,2.4,5.2,5.2
Keaton Mitchell,123826,HB,BLT,12,12,-4.3,0,66.7,,0,0,14.3,1,1,0,49.2,69.9,1,17,0.0,0,9,6,100.0,9,34.3,9,75.0,0,35,62,10.3,5.8,3.89,-3.7,0,66.7,,0,0,33.3,1,1,0,29.9,44.8,1,17,0.0,0,3,2,100.0,3,41.7,3,100.0,0,17,26,13.0,8.5,5.67,,0,,,0,0,,0,0,0,,,0,0,,0,0,0,,0,0.0,0,,0,0,0,,,,,0,,,0,0,,0,0,0,,,0,0,11.1,1,9,0,88.9,8,0.0,0,0.0,0,0,0,,,0.0,0.0,0,100.0,,0,0,0.0,0,0,0,64.7,65.4,0,7,0.0,0,9,1,88.9,8,95.8,1,12.5,0,7,7,7.0,7.0,0.88,0,,0,,,0,0,,0,0,0,27.9,26.0,0,0,0.0,0,1,0,0.0,0,0.0,0,0.0,0,0,0,,,,3,-5.3,0,50.0,,0,0,0.0,0,0,0,68.3,83.2,0,7,16.7,1,6,2,83.3,5,56.3,4,80.0,0,12,23,11.5,6.0,2.4,,0,,,0,0,,0,0,0,27.9,26.0,0,0,0.0,0,3,0,66.7,2,0.0,0,0.0,0,0,0,,,0.0,,0,,,0,0,,0,0,0,,,0,0,0.0,0,3,0,100.0,3,0.0,0,0.0,0,0,0,,,0.0,1.0,0,100.0,,0,0,0.0,0,0,0,64.7,65.2,0,9,0.0,0,4,1,100.0,4,104.2,1,25.0,0,9,8,8.0,9.0,2.25,,0,,,0,0,,0,0,0,,,0,0,,0,0,0,,0,0.0,0,0.0,0,0,0,,,,0,-3.5,0,100.0,,0,0,0.0,0,0,0,68.3,69.4,0,6,0.0,0,3,2,100.0,3,79.2,2,66.7,0,6,13,6.5,3.0,2.0,,0,,,0,0,,0,0,0,,,0,0,,0,0,0,,0,0.0,0,,0,0,0,,,,,0,,,0,0,,0,0,0,,,0,0,0.0,0,2,0,100.0,2,0.0,0,0.0,0,0,0,,,0.0,2.0,0,100.0,,0,0,0.0,0,1,0,64.7,81.3,0,12,25.0,1,4,1,75.0,3,116.7,1,33.3,0,12,10,10.0,12.0,4.0,1.0,0,100.0,,0,0,0.0,0,1,0,70.5,82.4,0,12,0.0,0,3,3,100.0,3,105.6,3,25.0,0,28,25,8.3,9.3,9.33
Raheem Mostert,9783,HB,LV,12,12,-3.6,1,100.0,,0,0,0.0,0,3,0,75.6,90.1,0,14,0.0,0,7,7,100.0,7,85.1,7,58.3,0,31,56,8.0,4.4,4.43,-5.0,1,100.0,,0,0,0.0,0,2,0,70.5,90.1,0,14,0.0,0,6,3,100.0,6,81.9,3,50.0,0,11,26,8.7,3.7,1.83,,0,,,0,0,,0,0,0,,,0,0,25.0,1,4,0,75.0,3,0.0,0,0.0,0,0,0,,,0.0,,0,,,0,0,,0,0,0,,,0,0,20.0,1,5,0,80.0,4,0.0,0,0.0,0,0,0,,,0.0,2.0,1,100.0,,0,0,0.0,0,3,0,72.1,83.2,0,18,6.3,1,16,4,87.5,14,105.2,4,28.6,0,37,29,7.3,9.3,2.64,0,,0,,,0,0,,0,0,0,,,0,0,,0,0,0,,0,0.0,0,0.0,0,0,0,,,,23,,0,,,0,0,,0,0,0,,,0,0,100.0,1,1,0,0.0,0,0.0,0,,0,0,0,,,,,0,,,0,0,,0,0,0,,,0,0,40.0,2,5,0,60.0,3,0.0,0,0.0,0,0,0,,,0.0,,0,,,0,0,,0,0,0,,,0,0,33.3,2,6,0,33.3,2,0.0,0,0.0,0,0,0,,,0.0,,0,,,0,0,,0,0,0,,,0,0,27.3,3,11,0,72.7,8,0.0,0,0.0,0,0,0,,,0.0,,0,,,0,0,,0,0,0,,,0,0,,0,0,0,,0,0.0,0,0.0,0,0,0,,,,0,-2.5,0,100.0,,0,0,0.0,0,1,0,72.1,76.2,0,11,25.0,2,8,4,75.0,6,87.5,4,66.7,0,20,30,7.5,5.0,3.33,,0,,,0,0,,0,0,0,,,0,0,25.0,1,4,0,75.0,3,0.0,0,0.0,0,0,0,,,0.0,,0,,,0,0,,0,0,0,,,0,0,25.0,1,4,0,75.0,3,0.0,0,0.0,0,0,0,,,0.0,1.0,0,100.0,,0,0,0.0,0,0,0,64.7,65.2,0,2,14.3,2,14,1,85.7,12,79.2,1,8.3,0,2,1,1.0,2.0,0.17,1.8,1,100.0,,0,0,0.0,0,3,0,73.4,83.3,0,18,0.0,0,5,5,100.0,5,99.2,5,41.7,0,39,30,6.0,7.8,7.8
KeAndre Lambert-Smith,129789,WR,LAC,10,12,-2.0,0,100.0,,0,0,0.0,0,0,0,64.7,60.8,0,1,0.0,0,1,1,100.0,1,79.2,1,8.3,0,1,3,3.0,1.0,1.0,,0,,,0,0,,0,0,0,,,0,0,0.0,0,5,0,100.0,5,0.0,0,0.0,0,0,0,,,0.0,35.5,0,50.0,,0,0,0.0,0,1,0,64.7,89.6,0,16,0.0,0,3,1,66.7,2,116.7,2,100.0,1,16,0,0.0,16.0,8.0,,0,,,0,0,,0,0,0,,,0,0,0.0,0,5,0,80.0,4,0.0,0,0.0,0,0,0,,,0.0,3.0,0,50.0,100.0,1,1,50.0,1,0,0,28.9,44.0,1,6,0.0,0,16,1,100.0,16,16.7,2,12.5,0,6,2,2.0,6.0,0.38,0,30.5,0,16.7,,0,0,0.0,0,1,0,64.7,79.6,0,16,0.0,0,7,1,85.7,6,79.2,6,50.0,1,16,0,0.0,16.0,2.67,27,-2.0,0,100.0,,0,0,0.0,0,0,0,64.7,60.8,0,1,0.0,0,3,1,100.0,3,79.2,1,33.3,0,1,3,3.0,1.0,0.33,29.3,0,0.0,,0,0,,0,0,0,,57.2,0,0,0.0,0,5,0,100.0,5,39.6,3,60.0,0,0,0,,,0.0,12.0,0,0.0,,0,0,,0,0,0,,60.0,0,0,0.0,0,4,0,100.0,4,39.6,1,25.0,0,0,0,,,0.0,4.0,1,100.0,,0,0,0.0,0,1,0,64.7,79.3,0,10,0.0,0,7,1,100.0,7,108.3,1,14.3,0,10,6,6.0,10.0,1.43,12.0,0,0.0,,0,0,,0,0,0,,60.0,0,0,0.0,0,1,0,100.0,1,39.6,1,8.3,0,0,0,,,0.0,0,,0,,,0,0,,0,0,0,,,0,0,0.0,0,1,0,100.0,1,0.0,0,0.0,0,0,0,,,0.0,24.0,0,0.0,,0,0,,0,0,0,,59.9,0,0,0.0,0,1,0,100.0,1,39.6,1,100.0,0,0,0,,,0.0,,0,,,0,0,,0,0,0,,,0,0,,0,0,0,,0,0.0,0,,0,0,0,,,,8.0,0,100.0,,0,0,0.0,0,1,0,64.7,79.0,0,18,0.0,0,10,1,100.0,10,118.8,1,10.0,0,18,10,10.0,18.0,1.8,4.5,1,75.0,100.0,1,1,25.0,1,2,0,36.8,72.6,1,18,0.0,0,4,3,100.0,4,60.4,4,33.3,0,34,18,6.0,11.3,8.5
LeQuint Allen,158290,HB,JAX,18,12,-3.6,0,85.7,,0,0,0.0,0,0,0,74.6,75.9,0,9,0.0,0,7,6,100.0,7,85.7,7,58.3,0,32,49,8.2,5.3,4.57,-4.3,0,66.7,,0,0,0.0,0,0,0,68.3,68.7,0,6,18.2,2,11,2,81.8,9,70.1,3,33.3,0,9,14,7.0,4.5,1.0,,0,,,0,0,,0,0,0,,,0,0,20.0,2,10,0,80.0,8,0.0,0,0.0,0,0,0,,,0.0,,0,,,0,0,,0,0,0,,,0,0,30.8,8,26,0,61.5,16,0.0,0,0.0,0,0,0,,,0.0,1.5,0,100.0,,0,0,0.0,0,0,0,68.3,64.4,0,9,17.5,7,40,2,82.5,33,93.8,2,6.1,0,13,10,5.0,6.5,0.39,0,,0,,,0,0,,0,0,0,,,0,0,,0,0,0,,0,0.0,0,0.0,0,0,0,,,,15,-1.0,0,100.0,,0,0,0.0,0,0,0,64.7,65.7,0,9,0.0,0,1,1,100.0,1,104.2,1,100.0,0,9,10,10.0,9.0,9.0,,0,,,0,0,,0,0,0,,,0,0,37.5,3,8,0,62.5,5,0.0,0,0.0,0,0,0,,,0.0,,0,,,0,0,,0,0,0,,60.0,0,0,17.6,3,17,0,70.6,12,0.0,0,0.0,0,0,0,,,0.0,,0,,,0,0,,0,0,0,,,0,0,36.4,4,11,0,63.6,7,0.0,0,0.0,0,0,0,,,0.0,,0,,,0,0,,0,0,0,,60.0,0,0,0.0,0,1,0,0.0,0,0.0,0,0.0,0,0,0,,,,0,-3.7,0,100.0,,0,0,0.0,0,0,0,70.5,71.9,0,5,20.0,1,5,3,80.0,4,86.1,3,75.0,0,14,25,8.3,4.7,3.5,,0,,,0,0,,0,0,0,,,0,0,14.3,1,7,0,71.4,5,0.0,0,0.0,0,0,0,,,0.0,,0,,,0,0,,0,0,0,,,0,0,40.0,6,15,0,40.0,6,0.0,0,0.0,0,0,0,,,0.0,1.7,0,100.0,,0,0,0.0,0,0,0,70.5,63.8,0,10,33.3,6,18,3,61.1,11,91.7,3,27.3,0,18,13,4.3,6.0,1.64,1.6,0,100.0,,0,0,0.0,0,0,0,73.4,65.6,0,10,0.0,0,5,5,100.0,5,92.5,5,41.7,0,31,23,4.6,6.2,6.2
Curtis Samuel,11795,WR,BUF,7,12,-1.0,0,100.0,,0,0,0.0,0,1,0,64.7,78.1,0,6,0.0,0,1,1,100.0,1,131.3,1,8.3,1,6,7,7.0,6.0,6.0,,0,,,0,0,,0,0,0,,,0,0,0.0,0,17,0,94.1,16,0.0,0,0.0,0,0,0,,,0.0,33.0,0,0.0,,0,0,,0,0,0,,59.9,1,0,0.0,0,3,0,100.0,3,0.0,1,33.3,0,0,0,,,0.0,16.0,0,100.0,,0,0,0.0,0,1,0,64.7,79.4,0,21,0.0,0,13,1,100.0,13,118.8,1,7.7,0,21,5,5.0,21.0,1.62,,0,,,0,0,,0,0,0,,,0,0,0.0,0,23,0,100.0,23,0.0,0,0.0,0,0,0,,,0.0,0,35.5,0,25.0,100.0,1,1,0.0,0,1,0,64.7,85.1,1,20,0.0,0,4,1,100.0,4,8.3,4,33.3,0,20,0,0.0,20.0,5.0,4,-1.0,0,100.0,,0,0,0.0,0,1,0,64.7,78.1,0,6,0.0,0,4,1,100.0,4,131.3,1,25.0,1,6,7,7.0,6.0,1.5,20.0,0,100.0,100.0,1,1,0.0,0,1,0,64.7,90.7,0,20,0.0,0,4,1,75.0,3,118.8,1,33.3,0,20,0,0.0,20.0,6.67,,0,,,0,0,,0,0,0,,,0,0,0.0,0,3,0,100.0,3,0.0,0,0.0,0,0,0,,,0.0,0.7,0,100.0,,0,0,0.0,0,1,0,70.5,74.1,0,9,0.0,0,4,3,100.0,4,90.3,3,75.0,0,17,15,5.0,5.7,4.25,15.0,0,100.0,,0,0,0.0,0,2,0,68.3,90.6,0,21,0.0,0,2,2,100.0,2,118.8,2,16.7,0,35,5,2.5,17.5,17.5,0,,0,,,0,0,,0,0,0,,,0,0,0.0,0,6,0,83.3,5,0.0,0,0.0,0,0,0,,,0.0,44.5,0,0.0,,0,0,,0,0,0,,58.6,0,0,0.0,0,7,0,100.0,7,39.6,2,28.6,0,0,0,,,0.0,14.0,0,100.0,,0,0,0.0,0,1,0,64.7,79.0,0,14,0.0,0,5,1,100.0,5,118.8,1,20.0,0,14,0,0.0,14.0,2.8,2.0,0,50.0,,0,0,0.0,0,0,0,64.7,60.4,0,5,0.0,0,6,1,100.0,6,56.3,2,33.3,0,5,2,2.0,5.0,0.83,1.2,0,80.0,,0,0,0.0,0,1,0,72.1,71.8,0,9,0.0,0,5,4,100.0,5,85.0,5,41.7,0,22,17,4.3,5.5,4.4
Scott Miller,47481,WR,PIT,13,12,-1.5,1,100.0,,0,0,0.0,0,0,0,72.1,72.4,0,9,0.0,0,4,4,100.0,4,86.5,4,33.3,0,19,25,6.3,4.8,4.75,-1.5,1,100.0,,0,0,0.0,0,0,0,68.3,76.3,0,9,0.0,0,16,2,100.0,16,91.7,2,12.5,0,12,15,7.5,6.0,0.75,,0,,,0,0,,0,0,0,,,0,0,0.0,0,2,0,100.0,2,0.0,0,0.0,0,0,0,,,0.0,10.0,0,100.0,,0,0,0.0,0,1,0,64.7,78.5,0,15,0.0,0,9,1,77.8,7,118.8,1,14.3,0,15,5,5.0,15.0,2.14,5.7,0,100.0,100.0,1,1,0.0,0,2,0,70.5,86.0,0,8,0.0,0,21,3,100.0,21,93.1,3,14.3,0,19,2,0.7,6.3,0.9,0,25.0,0,0.0,,0,0,,0,0,0,,59.0,0,0,0.0,0,1,0,100.0,1,39.6,1,8.3,0,0,0,,,0.0,25,-1.5,0,100.0,,0,0,0.0,0,0,0,68.3,61.3,0,5,0.0,0,4,2,100.0,4,81.3,2,50.0,0,7,10,5.0,3.5,1.75,25.0,0,0.0,,0,0,,0,0,0,,59.0,0,0,0.0,0,2,0,100.0,2,39.6,1,50.0,0,0,0,,,0.0,,0,,,0,0,,0,0,0,,,0,0,0.0,0,4,0,100.0,4,0.0,0,0.0,0,0,0,,,0.0,6.0,0,0.0,,0,0,,0,0,0,,45.1,0,0,0.0,0,10,0,100.0,10,39.6,2,20.0,0,0,0,,,0.0,10.0,0,100.0,,0,0,0.0,0,1,0,68.3,90.3,0,15,0.0,0,2,1,50.0,1,118.8,1,8.3,0,15,5,5.0,15.0,15.0,0,,0,,,0,0,,0,0,0,,,0,0,0.0,0,3,0,100.0,3,0.0,0,0.0,0,0,0,,,0.0,,0,,,0,0,,0,0,0,,,0,0,0.0,0,6,0,83.3,5,0.0,0,0.0,0,0,0,,,0.0,,0,,,0,0,,0,0,0,64.7,79.2,0,0,0.0,0,2,0,50.0,1,0.0,0,0.0,0,0,0,,,0.0,9.0,0,100.0,,0,0,0.0,0,1,0,64.7,90.7,0,9,0.0,0,16,1,100.0,16,104.2,1,6.3,0,9,0,0.0,9.0,0.56,6.3,0,66.7,100.0,1,1,0.0,0,3,0,72.1,89.3,0,9,0.0,0,6,4,100.0,6,77.1,6,50.0,0,28,2,0.5,7.0,4.67
Grant Calcaterra,60997,TE,PHI,16,12,,0,,,0,0,,0,0,0,,,0,0,,0,0,0,,0,0.0,0,0.0,0,0,0,,,,,0,,,0,0,,0,0,0,,,0,0,21.4,3,14,0,78.6,11,0.0,0,0.0,0,0,0,,,0.0,21.0,0,0.0,,0,0,,0,0,0,,58.8,0,0,25.0,1,4,0,75.0,3,39.6,1,33.3,0,0,0,,,0.0,16.0,0,100.0,,0,0,0.0,0,1,0,64.7,78.3,0,15,53.8,7,13,1,46.2,6,158.3,1,16.7,1,15,0,0.0,15.0,2.5,3.0,0,80.0,,0,0,0.0,0,2,0,72.1,88.8,0,16,12.5,3,24,4,87.5,21,94.2,5,23.8,0,33,20,5.0,8.3,1.57,0,21.0,0,0.0,,0,0,,0,0,0,,58.8,0,0,0.0,0,1,0,100.0,1,39.6,1,8.3,0,0,0,,,0.0,24,,0,,,0,0,,0,0,0,,,0,0,0.0,0,2,0,100.0,2,0.0,0,0.0,0,0,0,,,0.0,,0,,,0,0,,0,0,0,,,0,0,22.2,2,9,0,77.8,7,0.0,0,0.0,0,0,0,,,0.0,,0,,,0,0,,0,0,0,,,0,0,20.0,1,5,0,60.0,3,0.0,0,0.0,0,0,0,,,0.0,3.3,0,100.0,,0,0,0.0,0,1,0,70.5,80.1,0,11,5.9,1,17,3,94.1,16,97.2,3,18.8,0,22,12,4.0,7.3,1.38,16.0,0,100.0,,0,0,0.0,0,1,0,64.7,78.3,0,15,0.0,0,1,1,100.0,1,158.3,1,8.3,1,15,0,0.0,15.0,15.0,0,,0,,,0,0,,0,0,0,,,0,0,0.0,0,2,0,100.0,2,0.0,0,0.0,0,0,0,,,0.0,,0,,,0,0,,0,0,0,,,0,0,20.0,1,5,0,80.0,4,0.0,0,0.0,0,0,0,,,0.0,,0,,,0,0,,0,0,0,,,0,0,25.0,2,8,0,75.0,6,0.0,0,0.0,0,0,0,,,0.0,4.5,0,50.0,50.0,1,2,50.0,1,0,0,28.9,38.9,0,6,45.8,11,24,1,54.2,13,56.3,2,15.4,0,6,0,0.0,6.0,0.46,3.4,0,80.0,50.0,1,2,11.1,1,3,0,54.9,79.1,0,16,0.0,0,10,8,100.0,10,92.1,10,83.3,0,61,32,4.0,7.6,6.1
Alec Ingold,34934,FB,MIA,17,11,-5.0,0,100.0,,0,0,0.0,0,1,0,68.3,82.5,0,9,0.0,0,2,2,100.0,2,85.4,2,18.2,0,9,19,9.5,4.5,4.5,-6.0,0,100.0,,0,0,0.0,0,0,0,64.7,65.4,0,0,7.1,1,14,1,92.9,13,79.2,1,7.7,0,0,6,6.0,0.0,0.0,,0,,,0,0,,0,0,0,,,0,0,20.0,1,5,0,80.0,4,0.0,0,0.0,0,0,0,,,0.0,11.0,0,0.0,0.0,0,1,,0,0,0,,59.9,0,0,44.0,11,25,0,52.0,13,39.6,1,7.7,0,0,0,,,0.0,2.5,0,100.0,,0,0,0.0,0,2,0,72.1,89.7,0,9,11.5,3,26,4,88.5,23,85.4,4,17.4,0,18,8,2.0,4.5,0.78,0,,0,,,0,0,,0,0,0,,,0,0,,0,0,0,,0,0.0,0,0.0,0,0,0,,,,17,,0,,,0,0,,0,0,0,,,0,0,16.7,3,18,0,83.3,15,0.0,0,0.0,0,0,0,,,0.0,,0,,,0,0,,0,0,0,,,0,0,25.0,1,4,0,75.0,3,0.0,0,0.0,0,0,0,,,0.0,16.0,0,0.0,,0,0,,0,0,0,,60.0,0,0,50.0,2,4,0,50.0,2,39.6,1,50.0,0,0,0,,,0.0,5.5,0,50.0,,0,0,50.0,1,0,0,28.8,43.2,0,3,25.0,3,12,1,75.0,9,56.3,2,22.2,0,3,-1,-1.0,3.0,0.33,13.5,0,0.0,0.0,0,1,,0,0,0,,57.7,0,0,0.0,0,2,0,100.0,2,39.6,2,18.2,0,0,0,,,0.0,0,-4.0,0,100.0,,0,0,0.0,0,1,0,64.7,81.3,0,9,12.5,1,8,1,75.0,6,104.2,1,16.7,0,9,13,13.0,9.0,1.5,,0,,,0,0,,0,0,0,,,0,0,42.9,3,7,0,42.9,3,0.0,0,0.0,0,0,0,,,0.0,,0,,,0,0,,0,0,0,,,0,0,41.7,5,12,0,58.3,7,0.0,0,0.0,0,0,0,,,0.0,3.0,0,100.0,,0,0,0.0,0,1,0,64.7,81.5,0,22,28.6,2,7,1,71.4,5,118.8,1,20.0,0,22,19,19.0,22.0,4.4,3.4,0,85.7,,0,0,14.3,1,3,0,49.2,67.9,0,22,0.0,0,7,6,100.0,7,92.3,7,63.6,0,43,26,4.3,7.2,6.14
Rasheen Ali,121717,HB,BLT,9,11,-5.3,1,100.0,,0,0,0.0,0,0,0,72.1,73.8,0,7,0.0,0,4,4,100.0,4,79.2,4,36.4,0,9,30,7.5,2.3,2.25,-4.0,1,100.0,,0,0,0.0,0,0,0,68.3,78.9,0,5,0.0,0,3,2,100.0,3,81.3,2,66.7,0,7,15,7.5,3.5,2.33,,0,,,0,0,,0,0,0,,,0,0,0.0,0,3,0,100.0,3,0.0,0,0.0,0,0,0,,,0.0,,0,,,0,0,,0,0,0,,,0,0,30.0,3,10,0,60.0,6,0.0,0,0.0,0,0,0,,,0.0,0.8,1,100.0,,0,0,0.0,0,2,0,73.4,91.1,0,30,17.6,3,17,4,70.6,12,158.3,4,33.3,1,56,53,13.3,14.0,4.67,0,,0,,,0,0,,0,0,0,,,0,0,,0,0,0,,0,0.0,0,0.0,0,0,0,,,,3,,0,,,0,0,,0,0,0,,,0,0,0.0,0,1,0,100.0,1,0.0,0,0.0,0,0,0,,,0.0,,0,,,0,0,,0,0,0,,,0,0,0.0,0,1,0,100.0,1,0.0,0,0.0,0,0,0,,,0.0,,0,,,0,0,,0,0,0,,,0,0,0.0,0,3,0,100.0,3,0.0,0,0.0,0,0,0,,,0.0,1.0,0,0.0,,0,0,100.0,1,0,0,27.9,26.1,0,0,40.0,4,10,0,60.0,6,39.6,1,16.7,0,0,0,,,0.0,16.0,0,0.0,,0,0,,0,0,0,,59.5,1,0,0.0,0,1,0,100.0,1,0.0,1,9.1,0,0,0,,,0.0,0,-6.5,0,100.0,,0,0,0.0,0,0,0,68.3,63.8,0,7,0.0,0,2,2,100.0,2,79.2,2,100.0,0,2,15,7.5,1.0,1.0,,0,,,0,0,,0,0,0,,,0,0,25.0,2,8,0,75.0,6,0.0,0,0.0,0,0,0,,,0.0,16.0,0,0.0,,0,0,,0,0,0,,59.5,1,0,33.3,2,6,0,66.7,4,0.0,1,25.0,0,0,0,,,0.0,2.0,0,100.0,,0,0,0.0,0,0,0,64.7,64.3,0,3,41.7,5,12,1,58.3,7,79.2,1,14.3,0,3,1,1.0,3.0,0.43,1.0,1,83.3,,0,0,16.7,1,2,0,49.2,68.3,0,30,0.0,0,8,5,75.0,6,147.2,6,54.5,1,59,54,10.8,11.8,9.83
Will Shipley,144138,HB,PHI,16,11,-6.0,0,100.0,,0,0,0.0,0,1,0,73.4,84.6,0,12,0.0,0,5,5,100.0,5,86.7,5,45.5,0,24,54,10.8,4.8,4.8,-7.3,0,100.0,,0,0,0.0,0,0,0,70.5,66.6,0,6,0.0,0,4,3,100.0,4,79.2,3,75.0,0,8,30,10.0,2.7,2.0,,0,,,0,0,,0,0,0,,,0,0,0.0,0,2,0,100.0,2,0.0,0,0.0,0,0,0,,,0.0,,0,,,0,0,,0,0,0,,,0,0,28.6,2,7,0,71.4,5,0.0,0,0.0,0,0,0,,,0.0,4.5,0,50.0,,0,0,50.0,1,0,0,28.8,27.4,0,6,28.6,6,21,1,71.4,15,56.3,2,13.3,0,6,1,1.0,6.0,0.4,0,,0,,,0,0,,0,0,0,,,0,0,,0,0,0,,0,0.0,0,0.0,0,0,0,,,,24,-4.0,0,100.0,,0,0,0.0,0,1,0,68.3,87.8,0,12,25.0,1,4,2,75.0,3,100.0,2,66.7,0,16,24,12.0,8.0,5.33,,0,,,0,0,,0,0,0,,,0,0,14.3,1,7,0,71.4,5,0.0,0,0.0,0,0,0,,,0.0,,0,,,0,0,,0,0,0,,,0,0,50.0,1,2,0,0.0,0,0.0,0,,0,0,0,,,,,0,,,0,0,,0,0,0,,,0,0,0.0,0,5,0,100.0,5,0.0,0,0.0,0,0,0,,,0.0,,0,,,0,0,,0,0,0,,,0,0,,0,0,0,,0,0.0,0,0.0,0,0,0,,,,0,,0,,,0,0,,0,0,0,,,0,0,,0,0,0,,0,0.0,0,,0,0,0,,,,,0,,,0,0,,0,0,0,,,0,0,0.0,0,3,0,66.7,2,0.0,0,0.0,0,0,0,,,0.0,,0,,,0,0,,0,0,0,,,0,0,33.3,2,6,0,66.7,4,0.0,0,0.0,0,0,0,,,0.0,5.0,0,100.0,,0,0,0.0,0,1,0,72.1,84.0,0,11,0.0,0,8,4,100.0,8,100.0,4,50.0,0,32,12,3.0,8.0,4.0,4.8,0,83.3,,0,0,16.7,1,1,0,45.8,52.3,0,11,0.0,0,6,5,100.0,6,93.1,6,54.5,0,38,13,2.6,7.6,6.33
Dylan Drummond,78187,WR,ATL,7,11,-4.0,1,100.0,,0,0,0.0,0,0,0,64.7,60.4,0,3,0.0,0,1,1,100.0,1,79.2,1,9.1,0,3,7,7.0,3.0,3.0,-4.0,1,100.0,,0,0,0.0,0,0,0,64.7,60.4,0,3,0.0,0,7,1,100.0,7,79.2,1,14.3,0,3,7,7.0,3.0,0.43,,0,,,0,0,,0,0,0,,,0,0,0.0,0,1,0,100.0,1,0.0,0,0.0,0,0,0,,,0.0,12.5,0,50.0,50.0,1,2,0.0,0,1,0,64.7,77.0,0,15,0.0,0,7,1,100.0,7,75.0,2,28.6,0,15,1,1.0,15.0,2.14,4.6,0,60.0,33.3,1,3,25.0,1,0,0,36.8,52.6,0,9,0.0,0,15,3,100.0,15,67.1,5,33.3,0,18,6,2.0,6.0,1.2,0,39.0,0,0.0,0.0,0,1,,0,0,0,,59.9,0,0,0.0,0,1,0,100.0,1,39.6,1,9.1,0,0,0,,,0.0,2,,0,,,0,0,,0,0,0,,,0,0,,0,0,0,,0,0.0,0,,0,0,0,,,,,0,,,0,0,,0,0,0,,,0,0,0.0,0,2,0,100.0,2,0.0,0,0.0,0,0,0,,,0.0,,0,,,0,0,,0,0,0,,,0,0,0.0,0,4,0,75.0,3,0.0,0,0.0,0,0,0,,,0.0,1.5,0,100.0,,0,0,0.0,0,1,0,68.3,61.3,0,3,0.0,0,7,2,100.0,7,79.2,2,28.6,0,6,3,1.5,3.0,0.86,12.5,0,50.0,50.0,1,2,0.0,0,1,0,64.7,77.0,0,15,0.0,0,2,1,100.0,2,75.0,2,18.2,0,15,1,1.0,15.0,7.5,0,,0,,,0,0,,0,0,0,,,0,0,0.0,0,3,0,100.0,3,0.0,0,0.0,0,0,0,,,0.0,39.0,0,0.0,0.0,0,1,,0,0,0,,59.9,0,0,0.0,0,9,0,77.8,7,39.6,1,14.3,0,0,0,,,0.0,,0,,,0,0,,0,0,0,,,0,0,0.0,0,3,0,100.0,3,0.0,0,0.0,0,0,0,,,0.0,,0,,,0,0,,0,0,0,,,0,0,0.0,0,7,0,100.0,7,0.0,0,0.0,0,0,0,,,0.0,3.7,0,71.4,33.3,1,3,16.7,1,1,0,46.3,54.8,0,9,0.0,0,7,5,100.0,7,75.9,7,63.6,0,24,9,1.8,4.8,3.43
Dante Pettis,48113,WR,NO,7,11,-3.6,5,100.0,,0,0,0.0,0,1,1,73.4,89.7,0,32,0.0,0,5,5,100.0,5,114.2,5,45.5,0,57,75,15.0,11.4,11.4,-4.0,0,100.0,,0,0,0.0,0,0,0,64.7,61.0,0,1,0.0,0,5,1,100.0,5,79.2,1,20.0,0,1,5,5.0,1.0,0.2,,0,,,0,0,,0,0,0,,,0,0,0.0,0,2,0,100.0,2,0.0,0,0.0,0,0,0,,,0.0,17.0,0,0.0,,0,0,,0,0,0,,59.3,0,0,0.0,0,4,0,100.0,4,39.6,1,25.0,0,0,0,,,0.0,4.0,0,100.0,,0,0,0.0,0,1,0,64.7,78.5,0,12,0.0,0,17,1,94.1,16,116.7,1,6.3,0,12,8,8.0,12.0,0.75,0,31.5,0,50.0,0.0,0,1,0.0,0,1,0,64.7,88.5,0,26,0.0,0,3,1,66.7,2,95.8,2,18.2,0,26,3,3.0,26.0,13.0,20,-2.5,4,100.0,,0,0,0.0,0,0,1,68.3,76.4,0,32,0.0,0,2,2,100.0,2,118.8,2,100.0,0,31,36,18.0,15.5,15.5,40.0,0,0.0,0.0,0,1,,0,0,0,,58.4,0,0,0.0,0,9,0,88.9,8,39.6,1,12.5,0,0,0,,,0.0,16.0,0,100.0,,0,0,0.0,0,1,0,68.3,77.0,0,18,0.0,0,6,2,100.0,6,118.8,2,33.3,0,32,0,0.0,16.0,5.33,,0,,,0,0,,0,0,0,,,0,0,0.0,0,4,0,75.0,3,0.0,0,0.0,0,0,0,,,0.0,16.3,0,66.7,,0,0,0.0,0,1,0,68.3,74.5,0,18,0.0,0,3,2,100.0,3,102.1,3,27.3,0,32,0,0.0,16.0,10.67,0,-4.5,1,100.0,,0,0,0.0,0,1,0,68.3,89.9,0,22,0.0,0,4,2,100.0,4,118.8,2,50.0,0,25,34,17.0,12.5,6.25,23.0,0,100.0,,0,0,0.0,0,1,0,64.7,90.9,0,26,0.0,0,6,1,100.0,6,118.8,1,16.7,0,26,3,3.0,26.0,4.33,,0,,,0,0,,0,0,0,,,0,0,0.0,0,2,0,100.0,2,0.0,0,0.0,0,0,0,,,0.0,,0,,,0,0,,0,0,0,,,0,0,0.0,0,7,0,100.0,7,0.0,0,0.0,0,0,0,,,0.0,4.0,0,100.0,,0,0,0.0,0,1,0,64.7,78.5,0,12,0.0,0,1,1,100.0,1,116.7,1,9.1,0,12,8,8.0,12.0,12.0
Bo Melton,61610,WR,GB,9,11,,0,,,0,0,,0,0,0,,,0,0,,0,0,0,,0,0.0,0,0.0,0,0,0,,,,,0,,,0,0,,0,0,0,,,0,0,0.0,0,3,0,100.0,3,0.0,0,0.0,0,0,0,,,0.0,45.0,0,100.0,,0,0,0.0,0,1,0,64.7,91.0,0,45,0.0,0,2,1,100.0,2,158.3,1,50.0,1,45,0,0.0,45.0,22.5,17.5,0,50.0,0.0,0,1,0.0,0,1,0,64.7,77.5,0,18,0.0,0,2,1,100.0,2,81.3,2,100.0,0,18,0,0.0,18.0,9.0,4.0,0,0.0,,0,0,100.0,1,0,0,27.9,40.8,1,0,0.0,0,14,0,100.0,14,0.0,1,7.1,0,0,0,,,0.0,0,35.3,0,66.7,100.0,1,1,0.0,0,2,0,68.3,91.7,0,45,0.0,0,3,2,100.0,3,149.3,3,27.3,1,79,5,2.5,39.5,26.33,12,,0,,,0,0,,0,0,0,,,0,0,0.0,0,1,0,100.0,1,0.0,0,0.0,0,0,0,,,0.0,32.0,0,0.0,,0,0,,0,0,0,,60.0,0,0,0.0,0,2,0,50.0,1,39.6,1,100.0,0,0,0,,,0.0,15.0,0,0.0,0.0,0,1,100.0,1,0,0,27.9,40.1,0,0,0.0,0,2,0,100.0,2,39.6,1,50.0,0,0,0,,,0.0,9.0,0,0.0,,0,0,,0,0,0,,60.0,0,0,0.0,0,2,0,100.0,2,39.6,1,50.0,0,0,0,,,0.0,15.0,0,20.0,0.0,0,2,50.0,1,1,0,28.8,57.4,0,18,0.0,0,5,1,100.0,5,42.1,5,45.5,0,18,0,0.0,18.0,3.6,0,,0,,,0,0,,0,0,0,,,0,0,0.0,0,1,0,100.0,1,0.0,0,0.0,0,0,0,,,0.0,29.0,0,100.0,100.0,1,1,0.0,0,1,0,64.7,90.5,0,34,0.0,0,2,1,50.0,1,118.8,1,100.0,0,34,5,5.0,34.0,34.0,12.5,0,0.0,,0,0,,0,0,0,,58.4,0,0,0.0,0,4,0,100.0,4,39.6,2,50.0,0,0,0,,,0.0,9.0,0,100.0,,0,0,0.0,0,1,0,64.7,79.2,0,10,0.0,0,5,1,100.0,5,108.3,1,20.0,0,10,1,1.0,10.0,2.0,7.3,0,33.3,,0,0,50.0,1,1,0,28.8,59.0,1,10,0.0,0,3,1,100.0,3,4.2,3,27.3,0,10,1,1.0,10.0,3.33
Jacory Croskey-Merritt,102382,HB,WAS,17,11,-5.2,0,83.3,,0,0,0.0,0,2,0,73.4,74.9,0,11,0.0,0,6,5,100.0,6,84.7,6,54.5,0,26,51,10.2,5.2,4.33,-5.4,0,80.0,,0,0,0.0,0,1,0,72.1,73.7,0,11,15.0,3,20,4,80.0,16,84.2,5,31.3,0,21,42,10.5,5.3,1.31,,0,,,0,0,,0,0,0,,,0,0,0.0,0,1,0,100.0,1,0.0,0,0.0,0,0,0,,,0.0,,0,,,0,0,,0,0,0,64.7,81.8,0,0,23.1,6,26,0,69.2,18,0.0,0,0.0,0,0,0,,,0.0,3.7,0,66.7,,0,0,0.0,0,1,0,68.3,80.8,0,28,0.0,0,28,2,89.3,25,106.3,3,12.0,0,35,26,13.0,17.5,1.4,0,,0,,,0,0,,0,0,0,,,0,0,,0,0,0,,0,0.0,0,0.0,0,0,0,,,,32,-4.0,0,100.0,,0,0,0.0,0,1,0,64.7,65.1,0,5,0.0,0,6,1,100.0,6,87.5,1,16.7,0,5,9,9.0,5.0,0.83,,0,,,0,0,,0,0,0,,,0,0,30.0,3,10,0,50.0,5,0.0,0,0.0,0,0,0,,,0.0,,0,,,0,0,,0,0,0,,,0,0,44.4,4,9,0,55.6,5,0.0,0,0.0,0,0,0,,,0.0,3.0,0,100.0,,0,0,0.0,0,0,0,64.7,65.4,0,4,37.5,3,8,1,62.5,5,83.3,1,20.0,0,4,1,1.0,4.0,0.8,,0,,,0,0,,0,0,0,64.7,81.8,0,0,0.0,0,1,0,0.0,0,0.0,0,0.0,0,0,0,,,,0,,0,,,0,0,,0,0,0,,,0,0,33.3,1,3,0,66.7,2,0.0,0,0.0,0,0,0,,,0.0,,0,,,0,0,,0,0,0,,,0,0,20.0,1,5,0,60.0,3,0.0,0,0.0,0,0,0,,,0.0,,0,,,0,0,,0,0,0,,,0,0,21.4,3,14,0,71.4,10,0.0,0,0.0,0,0,0,,,0.0,2.0,0,100.0,,0,0,0.0,0,0,0,64.7,65.5,0,3,30.0,3,10,1,70.0,7,79.2,1,14.3,0,3,1,1.0,3.0,0.43,3.2,0,80.0,,0,0,0.0,0,1,0,72.1,81.8,0,28,0.0,0,5,4,100.0,5,101.7,5,45.5,0,42,28,7.0,10.5,8.4
Nate Adkins,87625,TE,DEN,11,11,-4.0,0,100.0,,0,0,0.0,0,0,0,64.7,61.8,0,-2,0.0,0,1,1,100.0,1,79.2,1,9.1,0,-2,2,2.0,-2.0,-2.0,-4.0,0,100.0,,0,0,0.0,0,0,0,64.7,61.8,0,-2,18.2,2,11,1,81.8,9,79.2,1,11.1,0,-2,2,2.0,-2.0,-0.22,,0,,,0,0,,0,0,0,,,0,0,57.1,4,7,0,42.9,3,0.0,0,0.0,0,0,0,,,0.0,,0,,,0,0,,0,0,0,,,0,0,33.3,1,3,0,66.7,2,0.0,0,0.0,0,0,0,,,0.0,3.5,0,50.0,0.0,0,1,33.3,1,1,0,29.9,59.0,0,15,0.0,0,12,2,100.0,12,66.7,4,33.3,0,22,13,6.5,11.0,1.83,0,,0,,,0,0,,0,0,0,,,0,0,,0,0,0,,0,0.0,0,0.0,0,0,0,,,,10,,0,,,0,0,,0,0,0,,,0,0,0.0,0,4,0,75.0,3,0.0,0,0.0,0,0,0,,,0.0,,0,,,0,0,,0,0,0,,,0,0,60.0,3,5,0,40.0,2,0.0,0,0.0,0,0,0,,,0.0,,0,,,0,0,,0,0,0,,,0,0,0.0,0,4,0,100.0,4,0.0,0,0.0,0,0,0,,,0.0,3.0,0,100.0,,0,0,0.0,0,0,0,64.7,61.0,0,5,0.0,0,8,1,87.5,7,87.5,1,14.3,0,5,2,2.0,5.0,0.71,12.5,0,50.0,,0,0,50.0,1,1,0,28.9,59.1,0,16,0.0,0,2,1,100.0,2,116.7,2,18.2,1,16,3,3.0,16.0,8.0,0,,0,,,0,0,,0,0,0,,,0,0,25.0,1,4,0,75.0,3,0.0,0,0.0,0,0,0,,,0.0,,0,,,0,0,,0,0,0,,,0,0,0.0,0,3,0,100.0,3,0.0,0,0.0,0,0,0,,,0.0,12.5,0,50.0,,0,0,50.0,1,1,0,28.9,59.1,0,16,22.2,2,9,1,77.8,7,116.7,2,28.6,1,16,3,3.0,16.0,2.29,1.0,0,66.7,,0,0,33.3,1,1,0,29.9,36.8,0,7,10.0,1,10,2,70.0,7,70.1,3,42.9,0,8,5,2.5,4.0,1.14,2.5,0,62.5,0.0,0,1,28.6,2,2,0,29.2,49.0,0,15,0.0,0,8,5,100.0,8,72.4,8,72.7,0,35,20,4.0,7.0,4.38
Sean Tucker,123056,HB,TB,14,11,-4.0,0,85.7,,0,0,14.3,1,0,0,49.2,47.8,0,4,0.0,0,7,6,100.0,7,79.2,7,63.6,0,0,25,4.2,0.0,0.0,-4.5,0,75.0,,0,0,25.0,1,0,0,36.2,32.7,0,3,0.0,0,9,3,100.0,9,77.1,4,44.4,0,1,16,5.3,0.3,0.11,,0,,,0,0,,0,0,0,,,0,0,0.0,0,1,0,100.0,1,0.0,0,0.0,0,0,0,,,0.0,,0,,,0,0,,0,0,0,,,0,0,11.1,1,9,0,88.9,8,0.0,0,0.0,0,0,0,,,0.0,,0,,,0,0,,0,0,0,64.7,65.4,0,0,28.6,2,7,0,57.1,4,0.0,0,0.0,0,0,0,,,0.0,0,,0,,,0,0,,0,0,0,,,0,0,,0,0,0,,0,0.0,0,0.0,0,0,0,,,,30,-2.5,0,100.0,,0,0,0.0,0,0,0,68.3,69.4,0,4,0.0,0,2,2,100.0,2,79.2,2,100.0,0,1,6,3.0,0.5,0.5,,0,,,0,0,,0,0,0,,,0,0,0.0,0,2,0,100.0,2,0.0,0,0.0,0,0,0,,,0.0,,0,,,0,0,,0,0,0,,,0,0,28.6,2,7,0,71.4,5,0.0,0,0.0,0,0,0,,,0.0,,0,,,0,0,,0,0,0,,,0,0,12.5,1,8,0,87.5,7,0.0,0,0.0,0,0,0,,,0.0,,0,,,0,0,,0,0,0,,,0,0,,0,0,0,,0,0.0,0,0.0,0,0,0,,,,0,-5.0,0,100.0,,0,0,0.0,0,0,0,64.7,65.5,0,-2,0.0,0,1,1,100.0,1,79.2,1,100.0,0,-2,3,3.0,-2.0,-2.0,,0,,,0,0,,0,0,0,,,0,0,75.0,3,4,0,25.0,1,0.0,0,0.0,0,0,0,,,0.0,,0,,,0,0,,0,0,0,,,0,0,33.3,2,6,0,66.7,4,0.0,0,0.0,0,0,0,,,0.0,5.3,1,50.0,0.0,0,1,0.0,0,1,0,68.3,79.6,0,28,22.2,2,9,2,77.8,7,118.8,4,57.1,1,34,23,11.5,17.0,4.86,5.3,1,50.0,0.0,0,1,0.0,0,1,0,70.5,80.2,0,28,0.0,0,5,2,80.0,4,118.8,4,36.4,1,34,23,11.5,17.0,8.5
Tyler Conklin,47124,TE,LAC,8,10,-4.0,1,50.0,,0,0,50.0,1,0,0,28.8,29.8,0,3,0.0,0,2,1,100.0,2,56.3,2,20.0,0,3,8,8.0,3.0,1.5,-4.0,1,50.0,,0,0,50.0,1,0,0,28.8,29.8,0,3,20.0,1,5,1,80.0,4,56.3,2,50.0,0,3,8,8.0,3.0,0.75,,0,,,0,0,,0,0,0,,,0,0,0.0,0,1,0,100.0,1,0.0,0,0.0,0,0,0,,,0.0,11.0,0,100.0,,0,0,0.0,0,1,1,64.7,29.5,0,33,0.0,0,9,1,100.0,9,118.8,1,11.1,0,33,22,22.0,33.0,3.67,4.4,1,80.0,,0,0,20.0,1,1,0,41.6,71.0,0,21,5.0,1,20,4,95.0,19,106.7,5,26.3,0,48,28,7.0,12.0,2.53,0,,0,,,0,0,,0,0,0,,,0,0,,0,0,0,,0,0.0,0,0.0,0,0,0,,,,27,,0,,,0,0,,0,0,0,,,0,0,0.0,0,1,0,100.0,1,0.0,0,0.0,0,0,0,,,0.0,,0,,,0,0,,0,0,0,,,0,0,0.0,0,2,0,100.0,2,0.0,0,0.0,0,0,0,,,0.0,16.0,0,100.0,,0,0,0.0,0,1,0,64.7,81.5,0,17,0.0,0,3,1,100.0,3,118.8,1,33.3,0,17,1,1.0,17.0,5.67,3.0,0,0.0,0.0,0,1,,0,0,0,64.7,59.2,0,0,25.0,2,8,0,62.5,5,39.6,1,20.0,0,0,0,,,0.0,13.5,0,100.0,,0,0,0.0,0,2,1,68.3,41.7,0,33,0.0,0,3,2,66.7,2,118.8,2,20.0,0,50,23,11.5,25.0,25.0,0,,0,,,0,0,,0,0,0,,,0,0,100.0,1,1,0,0.0,0,0.0,0,,0,0,0,,,,,0,,,0,0,,0,0,0,,,0,0,0.0,0,5,0,100.0,5,0.0,0,0.0,0,0,0,,,0.0,,0,,,0,0,,0,0,0,,60.0,0,0,0.0,0,4,0,50.0,2,0.0,0,0.0,0,0,0,,,0.0,,0,,,0,0,,0,0,0,,,0,0,0.0,0,7,0,100.0,7,0.0,0,0.0,0,0,0,,,0.0,4.2,1,66.7,0.0,0,1,20.0,1,1,0,45.8,69.9,0,21,0.0,0,7,4,85.7,6,91.0,6,60.0,0,48,28,7.0,12.0,8.0
KhaDarel Hodge,26104,WR,ATL,6,10,,0,,,0,0,,0,0,0,,,0,0,,0,0,0,,0,0.0,0,0.0,0,0,0,,,,,0,,,0,0,,0,0,0,,,0,0,0.0,0,3,0,66.7,2,0.0,0,0.0,0,0,0,,,0.0,20.0,0,0.0,,0,0,,0,0,0,,59.7,0,0,0.0,0,1,0,100.0,1,39.6,1,100.0,0,0,0,,,0.0,12.0,1,100.0,,0,0,0.0,0,1,0,64.7,78.1,0,16,0.0,0,3,1,100.0,3,118.8,1,33.3,0,16,4,4.0,16.0,5.33,6.0,0,0.0,0.0,0,1,100.0,1,0,0,27.9,40.7,0,0,0.0,0,11,0,100.0,11,39.6,1,9.1,0,0,0,,,0.0,0,26.0,0,0.0,,0,0,,0,0,0,,57.0,0,0,0.0,0,3,0,100.0,3,39.6,3,30.0,0,0,0,,,0.0,2,,0,,,0,0,,0,0,0,,,0,0,,0,0,0,,0,0.0,0,,0,0,0,,,,29.0,0,0.0,,0,0,,0,0,0,,59.7,0,0,0.0,0,2,0,100.0,2,39.6,1,50.0,0,0,0,,,0.0,17.0,0,0.0,0.0,0,1,,0,0,0,,58.4,0,0,0.0,0,4,0,100.0,4,39.6,2,50.0,0,0,0,,,0.0,3.0,0,100.0,,0,0,0.0,0,0,0,64.7,61.0,0,7,0.0,0,3,1,100.0,3,95.8,1,33.3,0,7,4,4.0,7.0,2.33,14.0,1,25.0,0.0,0,1,0.0,0,1,0,64.7,71.8,0,16,0.0,0,4,1,100.0,4,43.8,4,40.0,0,16,4,4.0,16.0,4.0,0,,0,,,0,0,,0,0,0,,,0,0,0.0,0,1,0,100.0,1,0.0,0,0.0,0,0,0,,,0.0,29.0,0,0.0,,0,0,,0,0,0,,59.3,0,0,0.0,0,2,0,100.0,2,39.6,1,50.0,0,0,0,,,0.0,10.0,0,0.0,,0,0,,0,0,0,,59.1,0,0,0.0,0,2,0,100.0,2,39.6,1,50.0,0,0,0,,,0.0,7.0,0,100.0,,0,0,0.0,0,1,0,64.7,79.2,0,8,0.0,0,5,1,100.0,5,100.0,1,20.0,0,8,1,1.0,8.0,1.6,5.3,0,66.7,0.0,0,1,33.3,1,1,0,29.9,60.2,0,8,0.0,0,3,2,100.0,3,78.5,3,30.0,0,15,5,2.5,7.5,5.0
Noah Brown,11993,WR,WAS,4,10,,0,,,0,0,,0,0,0,,,0,0,,0,0,0,,0,0.0,0,0.0,0,0,0,,,,,0,,,0,0,,0,0,0,,,0,0,0.0,0,9,0,77.8,7,0.0,0,0.0,0,0,0,,,0.0,21.0,0,0.0,,0,0,,0,0,0,,53.0,0,0,0.0,0,1,0,100.0,1,39.6,1,100.0,0,0,0,,,0.0,17.0,0,100.0,,0,0,0.0,0,1,0,64.7,78.2,0,18,0.0,0,10,1,100.0,10,118.8,1,10.0,0,18,1,1.0,18.0,1.8,5.5,1,100.0,,0,0,0.0,0,0,0,68.3,90.2,0,9,0.0,0,8,2,87.5,7,104.2,2,28.6,0,18,7,3.5,9.0,2.57,0,26.0,0,33.3,50.0,1,2,50.0,1,1,0,28.8,60.0,0,28,0.0,0,4,1,75.0,3,68.8,3,30.0,0,28,2,2.0,28.0,9.33,32,,0,,,0,0,,0,0,0,,,0,0,0.0,0,6,0,100.0,6,0.0,0,0.0,0,0,0,,,0.0,,0,,,0,0,,0,0,0,,,0,0,0.0,0,2,0,100.0,2,0.0,0,0.0,0,0,0,,,0.0,,0,,,0,0,,0,0,0,,,0,0,0.0,0,3,0,100.0,3,0.0,0,0.0,0,0,0,,,0.0,3.0,0,0.0,,0,0,,0,0,0,,59.1,0,0,0.0,0,4,0,100.0,4,39.6,1,25.0,0,0,0,,,0.0,18.0,0,66.7,50.0,1,2,0.0,0,2,0,68.3,77.8,0,19,0.0,0,3,2,100.0,3,109.0,3,30.0,0,37,1,0.5,18.5,12.33,0,,0,,,0,0,,0,0,0,,,0,0,0.0,0,2,0,100.0,2,0.0,0,0.0,0,0,0,,,0.0,28.5,0,50.0,50.0,1,2,50.0,1,1,0,28.8,70.6,0,28,0.0,0,3,1,66.7,2,95.8,2,100.0,0,28,2,2.0,28.0,14.0,18.5,0,50.0,50.0,1,2,0.0,0,1,0,64.7,65.0,0,19,0.0,0,3,1,100.0,3,83.3,2,66.7,0,19,0,0.0,19.0,6.33,6.0,0,0.0,0.0,0,1,,0,0,0,64.7,76.8,0,0,0.0,0,3,0,66.7,2,39.6,1,50.0,0,0,0,,,0.0,5.0,1,50.0,0.0,0,1,0.0,0,0,0,70.5,90.5,0,9,0.0,0,5,2,80.0,4,62.5,4,40.0,0,18,7,3.5,9.0,4.5
Theo Wease Jr.,98005,WR,MIA,3,10,,0,,,0,0,,0,0,0,,,0,0,,0,0,0,,0,0.0,0,0.0,0,0,0,,,,,0,,,0,0,,0,0,0,,,0,0,0.0,0,4,0,75.0,3,0.0,0,0.0,0,0,0,,,0.0,20.0,0,0.0,0.0,0,1,,0,0,0,,59.7,1,0,0.0,0,2,0,100.0,2,0.0,1,50.0,0,0,0,,,0.0,15.2,0,60.0,100.0,1,1,0.0,0,3,0,70.5,90.7,1,20,0.0,0,7,3,100.0,7,57.5,5,71.4,0,54,5,1.7,18.0,7.71,3.0,0,100.0,,0,0,0.0,0,1,0,64.7,78.4,0,8,0.0,0,8,1,100.0,8,100.0,1,12.5,0,8,5,5.0,8.0,1.0,0,21.0,0,50.0,0.0,0,1,0.0,0,1,0,64.7,90.0,1,63,0.0,0,2,1,100.0,2,95.8,2,20.0,1,63,41,41.0,63.0,31.5,17,,0,,,0,0,,0,0,0,,,0,0,0.0,0,1,0,100.0,1,0.0,0,0.0,0,0,0,,,0.0,22.0,0,100.0,,0,0,0.0,0,1,0,64.7,90.7,0,63,0.0,0,1,1,100.0,1,158.3,1,100.0,1,63,41,41.0,63.0,63.0,,0,,,0,0,,0,0,0,,,0,0,,0,0,0,,0,0.0,0,,0,0,0,,,,,0,,,0,0,,0,0,0,,,0,0,0.0,0,2,0,100.0,2,0.0,0,0.0,0,0,0,,,0.0,15.3,0,50.0,50.0,1,2,0.0,0,3,0,70.5,90.2,1,20,0.0,0,6,3,100.0,6,41.7,6,60.0,0,54,5,1.7,18.0,9.0,0,,0,,,0,0,,0,0,0,,,0,0,0.0,0,1,0,100.0,1,0.0,0,0.0,0,0,0,,,0.0,,0,,,0,0,,0,0,0,,,0,0,0.0,0,1,0,0.0,0,0.0,0,,0,0,0,,,,16.0,0,0.0,0.0,0,1,,0,0,0,,59.9,0,0,0.0,0,2,0,100.0,2,39.6,1,50.0,0,0,0,,,0.0,5.0,0,100.0,,0,0,0.0,0,1,0,64.7,78.8,0,14,0.0,0,2,1,100.0,2,118.8,1,50.0,0,14,9,9.0,14.0,7.0,4.0,0,100.0,,0,0,0.0,0,2,0,68.3,90.1,0,14,0.0,0,2,2,100.0,2,112.5,2,20.0,0,22,14,7.0,11.0,11.0
Ashton Dulin,91479,WR,IND,11,10,-9.0,0,100.0,,0,0,0.0,0,0,0,64.7,60.8,0,-8,0.0,0,1,1,100.0,1,79.2,1,10.0,0,-8,1,1.0,-8.0,-8.0,,0,,,0,0,,0,0,0,,,0,0,0.0,0,8,0,100.0,8,0.0,0,0.0,0,0,0,,,0.0,20.0,0,100.0,,0,0,0.0,0,1,0,64.7,79.3,0,20,0.0,0,2,1,100.0,2,118.8,1,50.0,0,20,0,0.0,20.0,10.0,16.0,0,0.0,,0,0,,0,0,0,,59.7,0,0,0.0,0,5,0,100.0,5,39.6,1,20.0,0,0,0,,,0.0,,0,,,0,0,,0,0,0,,,0,0,0.0,0,26,0,84.6,22,0.0,0,0.0,0,0,0,,,0.0,0,31.7,0,66.7,100.0,1,1,0.0,0,2,0,68.3,87.6,0,35,0.0,0,4,2,75.0,3,109.7,3,30.0,0,55,3,1.5,27.5,18.33,14,-9.0,0,100.0,,0,0,0.0,0,0,0,64.7,60.8,0,-8,0.0,0,2,1,100.0,2,79.2,1,50.0,0,-8,1,1.0,-8.0,-4.0,32.0,0,100.0,100.0,1,1,0.0,0,1,0,64.7,90.0,0,35,0.0,0,2,1,50.0,1,118.8,1,100.0,0,35,3,3.0,35.0,35.0,18.0,0,0.0,0.0,0,1,,0,0,0,,58.2,0,0,0.0,0,4,0,100.0,4,39.6,2,50.0,0,0,0,,,0.0,5.5,1,100.0,,0,0,0.0,0,2,0,68.3,94.6,0,48,0.0,0,11,2,90.9,10,118.8,2,20.0,0,59,48,24.0,29.5,5.9,15.8,0,0.0,0.0,0,2,,0,0,0,,56.9,0,0,0.0,0,4,0,100.0,4,39.6,4,40.0,0,0,0,,,0.0,0,,0,,,0,0,,0,0,0,,,0,0,0.0,0,3,0,100.0,3,0.0,0,0.0,0,0,0,,,0.0,43.0,0,0.0,,0,0,,0,0,0,,53.0,0,0,0.0,0,3,0,100.0,3,39.6,1,33.3,0,0,0,,,0.0,11.0,0,0.0,0.0,0,1,,0,0,0,,59.9,0,0,0.0,0,4,0,75.0,3,39.6,1,33.3,0,0,0,,,0.0,,0,,,0,0,,0,0,0,,,0,0,0.0,0,3,0,100.0,3,0.0,0,0.0,0,0,0,,,0.0,5.5,1,100.0,,0,0,0.0,0,2,0,68.3,94.6,0,48,0.0,0,2,2,100.0,2,118.8,2,20.0,0,59,48,24.0,29.5,29.5
Savion Williams,123101,WR,GB,11,10,-4.0,2,100.0,,0,0,0.0,0,2,0,75.6,81.3,0,8,0.0,0,7,7,100.0,7,119.9,7,70.0,1,23,51,7.3,3.3,3.29,-3.8,2,100.0,,0,0,0.0,0,1,0,72.1,73.5,0,8,0.0,0,6,4,83.3,5,119.8,4,80.0,1,13,28,7.0,3.3,2.6,,0,,,0,0,,0,0,0,,,0,0,,0,0,0,,0,0.0,0,,0,0,0,,,,,0,,,0,0,,0,0,0,,,0,0,0.0,0,4,0,100.0,4,0.0,0,0.0,0,0,0,,,0.0,4.0,0,100.0,,0,0,0.0,0,0,0,68.3,61.9,0,16,0.0,0,6,2,100.0,6,112.5,2,33.3,0,22,14,7.0,11.0,3.67,0,32.0,0,100.0,100.0,1,1,0.0,0,1,0,64.7,91.1,0,33,0.0,0,1,1,100.0,1,118.8,1,10.0,0,33,1,1.0,33.0,33.0,12,-2.0,0,100.0,,0,0,0.0,0,1,0,64.7,78.6,0,6,0.0,0,4,1,100.0,4,91.7,1,25.0,0,6,8,8.0,6.0,1.5,32.0,0,100.0,100.0,1,1,0.0,0,1,0,64.7,91.1,0,33,0.0,0,3,1,100.0,3,118.8,1,33.3,0,33,1,1.0,33.0,11.0,,0,,,0,0,,0,0,0,,,0,0,0.0,0,1,0,100.0,1,0.0,0,0.0,0,0,0,,,0.0,,0,,,0,0,,0,0,0,,,0,0,0.0,0,2,0,100.0,2,0.0,0,0.0,0,0,0,,,0.0,,0,,,0,0,,0,0,0,,,0,0,,0,0,0,,0,0.0,0,0.0,0,0,0,,,,0,-5.5,0,100.0,,0,0,0.0,0,0,0,68.3,63.2,0,2,0.0,0,3,2,100.0,3,79.2,2,66.7,0,4,15,7.5,2.0,1.33,,0,,,0,0,,0,0,0,,,0,0,,0,0,0,,0,0.0,0,,0,0,0,,,,,0,,,0,0,,0,0,0,,,0,0,0.0,0,4,0,100.0,4,0.0,0,0.0,0,0,0,,,0.0,,0,,,0,0,,0,0,0,,,0,0,0.0,0,3,0,100.0,3,0.0,0,0.0,0,0,0,,,0.0,4.0,0,100.0,,0,0,0.0,0,0,0,68.3,61.9,0,16,0.0,0,2,2,100.0,2,112.5,2,20.0,0,22,14,7.0,11.0,11.0
Jahdae Walker,175944,WR,CHI,6,10,,0,,,0,0,,0,0,0,,,0,0,,0,0,0,,0,0.0,0,0.0,0,0,0,,,,,0,,,0,0,,0,0,0,,,0,0,0.0,0,3,0,100.0,3,0.0,0,0.0,0,0,0,,,0.0,26.0,0,100.0,,0,0,0.0,0,1,0,64.7,90.8,0,25,0.0,0,2,1,50.0,1,158.3,1,100.0,1,25,0,0.0,25.0,25.0,15.0,0,100.0,,0,0,0.0,0,1,0,64.7,79.1,0,15,0.0,0,5,1,100.0,5,118.8,1,20.0,0,15,0,0.0,15.0,3.0,6.0,0,100.0,,0,0,0.0,0,0,0,64.7,78.5,0,11,0.0,0,14,1,100.0,14,112.5,1,7.1,0,11,5,5.0,11.0,0.79,0,24.5,0,50.0,,0,0,0.0,0,1,0,64.7,90.2,0,25,0.0,0,2,1,100.0,2,135.4,2,20.0,1,25,0,0.0,25.0,12.5,6,,0,,,0,0,,0,0,0,,,0,0,0.0,0,1,0,100.0,1,0.0,0,0.0,0,0,0,,,0.0,,0,,,0,0,,0,0,0,,,0,0,0.0,0,1,0,100.0,1,0.0,0,0.0,0,0,0,,,0.0,,0,,,0,0,,0,0,0,,,0,0,0.0,0,2,0,100.0,2,0.0,0,0.0,0,0,0,,,0.0,7.0,0,50.0,,0,0,0.0,0,0,0,64.7,77.1,0,11,0.0,0,6,1,100.0,6,66.7,2,33.3,0,11,3,3.0,11.0,1.83,14.6,0,60.0,0.0,0,1,25.0,1,3,0,36.2,80.4,0,19,0.0,0,5,3,100.0,5,125.0,5,50.0,1,40,1,0.3,13.3,8.0,0,,0,,,0,0,,0,0,0,,,0,0,0.0,0,2,0,100.0,2,0.0,0,0.0,0,0,0,,,0.0,23.0,0,0.0,,0,0,,0,0,0,,59.8,0,0,0.0,0,2,0,100.0,2,39.6,1,50.0,0,0,0,,,0.0,14.5,0,50.0,0.0,0,1,33.3,1,2,0,29.9,70.8,0,19,0.0,0,6,2,100.0,6,109.4,4,66.7,1,25,1,0.5,12.5,4.17,,0,,,0,0,,0,0,0,,,0,0,0.0,0,8,0,100.0,8,0.0,0,0.0,0,0,0,,,0.0,6.7,0,66.7,,0,0,0.0,0,0,0,68.3,88.2,0,11,0.0,0,3,2,100.0,3,88.2,3,30.0,0,22,8,4.0,11.0,7.33
Jack Stoll,42058,TE,NO,14,10,-1.0,0,50.0,,0,0,0.0,0,0,0,64.7,61.6,0,7,0.0,0,2,1,100.0,2,58.3,2,20.0,0,7,8,8.0,7.0,3.5,,0,,,0,0,,0,0,0,,,0,0,12.5,1,8,0,87.5,7,0.0,0,0.0,0,0,0,,,0.0,,0,,,0,0,,0,0,0,,,0,0,100.0,1,1,0,0.0,0,0.0,0,,0,0,0,,,,,0,,,0,0,,0,0,0,,,0,0,100.0,1,1,0,0.0,0,0.0,0,,0,0,0,,,,5.3,0,75.0,100.0,1,1,0.0,0,1,0,70.5,60.5,1,8,18.2,2,11,3,81.8,9,44.8,4,44.4,0,19,5,1.7,6.3,2.11,0,21.0,0,100.0,100.0,1,1,0.0,0,1,0,64.7,91.0,0,13,0.0,0,1,1,100.0,1,158.3,1,10.0,1,13,0,0.0,13.0,13.0,20,-1.0,0,0.0,,0,0,,0,0,0,,60.0,0,0,66.7,2,3,0,33.3,1,39.6,1,100.0,0,0,0,,,0.0,,0,,,0,0,,0,0,0,,,0,0,50.0,1,2,0,50.0,1,0.0,0,0.0,0,0,0,,,0.0,,0,,,0,0,,0,0,0,,,0,0,80.0,4,5,0,20.0,1,0.0,0,0.0,0,0,0,,,0.0,2.0,0,100.0,,0,0,0.0,0,0,0,64.7,61.8,0,7,0.0,0,2,1,100.0,2,95.8,1,50.0,0,7,5,5.0,7.0,3.5,,0,,,0,0,,0,0,0,,,0,0,,0,0,0,,0,0.0,0,0.0,0,0,0,,,,0,-1.0,0,100.0,,0,0,0.0,0,0,0,64.7,61.8,0,7,0.0,0,6,1,83.3,5,95.8,1,20.0,0,7,8,8.0,7.0,1.4,21.0,0,100.0,100.0,1,1,0.0,0,1,0,64.7,91.0,0,13,77.8,7,9,1,22.2,2,158.3,1,50.0,1,13,0,0.0,13.0,6.5,,0,,,0,0,,0,0,0,,,0,0,25.0,1,4,0,50.0,2,0.0,0,0.0,0,0,0,,,0.0,3.0,0,0.0,,0,0,,0,0,0,,55.2,0,0,18.2,2,11,0,81.8,9,39.6,2,22.2,0,0,0,,,0.0,4.1,0,57.1,100.0,1,1,0.0,0,1,0,72.1,59.2,1,8,0.0,0,7,4,100.0,7,25.6,7,70.0,0,26,10,2.5,6.5,3.71
Foster Moreau,47043,TE,NO,11,10,-2.0,1,100.0,,0,0,0.0,0,0,0,68.3,89.8,0,7,0.0,0,2,2,100.0,2,91.7,2,20.0,0,12,16,8.0,6.0,6.0,,0,,,0,0,,0,0,0,,,0,0,20.0,1,5,0,80.0,4,0.0,0,0.0,0,0,0,,,0.0,,0,,,0,0,,0,0,0,,,0,0,50.0,1,2,0,50.0,1,0.0,0,0.0,0,0,0,,,0.0,,0,,,0,0,,0,0,0,,,0,0,30.0,3,10,0,70.0,7,0.0,0,0.0,0,0,0,,,0.0,5.7,0,100.0,,0,0,0.0,0,2,0,70.5,91.4,0,16,5.3,1,19,3,94.7,18,111.1,3,16.7,0,32,15,5.0,10.7,1.78,0,,0,,,0,0,,0,0,0,,,0,0,,0,0,0,,0,0.0,0,0.0,0,0,0,,,,20,-3.0,1,100.0,,0,0,0.0,0,0,0,64.7,62.6,0,5,25.0,1,4,1,75.0,3,87.5,1,33.3,0,5,8,8.0,5.0,1.67,,0,,,0,0,,0,0,0,,,0,0,100.0,1,1,0,0.0,0,0.0,0,,0,0,0,,,,,0,,,0,0,,0,0,0,,,0,0,28.6,2,7,0,71.4,5,0.0,0,0.0,0,0,0,,,0.0,3.0,0,0.0,,0,0,,0,0,0,,58.8,0,0,0.0,0,7,0,85.7,6,39.6,1,16.7,0,0,0,,,0.0,,0,,,0,0,,0,0,0,,,0,0,,0,0,0,,0,0.0,0,0.0,0,0,0,,,,0,-1.0,0,100.0,,0,0,0.0,0,0,0,64.7,90.6,0,7,42.9,3,7,1,42.9,3,95.8,1,33.3,0,7,8,8.0,7.0,2.33,,0,,,0,0,,0,0,0,,,0,0,85.7,6,7,0,14.3,1,0.0,0,0.0,0,0,0,,,0.0,,0,,,0,0,,0,0,0,,,0,0,50.0,1,2,0,50.0,1,0.0,0,0.0,0,0,0,,,0.0,2.5,1,50.0,,0,0,33.3,1,0,0,29.9,54.9,1,9,9.1,1,11,2,90.9,10,19.8,4,40.0,0,15,11,5.5,7.5,1.5,3.8,1,62.5,,0,0,16.7,1,2,0,45.8,84.5,1,16,0.0,0,8,5,100.0,8,39.1,8,80.0,0,47,26,5.2,9.4,5.88
James Proche II,48037,WR,TEN,9,10,,0,,,0,0,,0,0,0,,,0,0,,0,0,0,,0,0.0,0,0.0,0,0,0,,,,,0,,,0,0,,0,0,0,,,0,0,0.0,0,15,0,100.0,15,0.0,0,0.0,0,0,0,,,0.0,21.0,0,100.0,,0,0,0.0,0,1,0,64.7,90.7,0,23,0.0,0,5,1,80.0,4,118.8,1,25.0,0,23,2,2.0,23.0,5.75,13.0,0,100.0,100.0,1,1,0.0,0,0,0,64.7,79.2,0,13,0.0,0,6,1,100.0,6,118.8,1,16.7,0,13,0,0.0,13.0,2.17,6.0,0,100.0,,0,0,0.0,0,0,0,68.3,76.3,0,7,0.0,0,16,1,87.5,14,95.8,1,7.1,0,7,1,1.0,7.0,0.5,0,31.3,0,33.3,0.0,0,1,0.0,0,1,0,64.7,87.8,0,23,0.0,0,3,1,100.0,3,61.8,3,30.0,0,23,2,2.0,23.0,7.67,31,,0,,,0,0,,0,0,0,,,0,0,0.0,0,11,0,90.9,10,0.0,0,0.0,0,0,0,,,0.0,36.5,0,0.0,0.0,0,1,,0,0,0,,58.5,0,0,0.0,0,4,0,100.0,4,39.6,2,50.0,0,0,0,,,0.0,12.7,0,33.3,,0,0,0.0,0,1,0,64.7,59.9,0,12,0.0,0,5,1,100.0,5,46.5,3,60.0,0,12,0,0.0,12.0,2.4,,0,,,0,0,,0,0,0,64.7,60.8,0,0,0.0,0,11,0,90.9,10,0.0,0,0.0,0,0,0,,,0.0,12.8,0,50.0,100.0,1,1,0.0,0,1,0,68.3,72.5,0,13,0.0,0,5,2,80.0,4,69.8,4,40.0,0,25,0,0.0,12.5,6.25,0,,0,,,0,0,,0,0,0,,,0,0,0.0,0,5,0,100.0,5,0.0,0,0.0,0,0,0,,,0.0,,0,,,0,0,,0,0,0,,,0,0,0.0,0,3,0,100.0,3,0.0,0,0.0,0,0,0,,,0.0,,0,,,0,0,,0,0,0,,59.7,0,0,0.0,0,5,0,80.0,4,0.0,0,0.0,0,0,0,,,0.0,5.0,0,100.0,100.0,1,1,0.0,0,0,0,68.3,61.5,0,5,0.0,0,13,2,92.3,12,87.5,2,16.7,0,10,0,0.0,5.0,0.83,5.3,0,100.0,100.0,1,1,0.0,0,0,0,73.4,71.4,0,7,0.0,0,5,3,60.0,3,90.3,3,30.0,0,17,1,0.3,5.7,5.67
Ollie Gordon II,157792,HB,MIA,17,9,-3.6,4,85.7,,0,0,0.0,0,1,0,74.6,71.0,0,20,0.0,0,7,6,100.0,7,124.1,7,77.8,1,30,54,9.0,5.0,4.29,-2.0,1,100.0,,0,0,0.0,0,1,0,70.5,82.8,0,20,0.0,0,10,3,90.0,9,142.4,3,33.3,1,26,32,10.7,8.7,2.89,,0,,,0,0,,0,0,0,,,0,0,40.0,2,5,0,60.0,3,0.0,0,0.0,0,0,0,,,0.0,,0,,,0,0,,0,0,0,,,0,0,35.3,6,17,0,64.7,11,0.0,0,0.0,0,0,0,,,0.0,1.5,0,50.0,,0,0,0.0,0,0,0,64.7,64.6,0,2,18.2,4,22,1,72.7,16,56.3,2,12.5,0,2,1,1.0,2.0,0.13,0,,0,,,0,0,,0,0,0,,,0,0,,0,0,0,,0,0.0,0,0.0,0,0,0,,,,17,-7.0,3,100.0,,0,0,0.0,0,0,0,68.3,63.7,0,2,20.0,1,5,2,80.0,4,79.2,2,50.0,0,1,15,7.5,0.5,0.25,,0,,,0,0,,0,0,0,,,0,0,16.7,1,6,0,83.3,5,0.0,0,0.0,0,0,0,,,0.0,,0,,,0,0,,0,0,0,,,0,0,25.0,2,8,0,75.0,6,0.0,0,0.0,0,0,0,,,0.0,,0,,,0,0,,0,0,0,,,0,0,40.0,4,10,0,60.0,6,0.0,0,0.0,0,0,0,,,0.0,,0,,,0,0,,0,0,0,,,0,0,,0,0,0,,0,0.0,0,0.0,0,0,0,,,,0,-2.5,0,50.0,,0,0,0.0,0,0,0,64.7,59.6,0,3,0.0,0,6,1,100.0,6,56.3,2,33.3,0,3,7,7.0,3.0,0.5,,0,,,0,0,,0,0,0,,,0,0,33.3,1,3,0,66.7,2,0.0,0,0.0,0,0,0,,,0.0,,0,,,0,0,,0,0,0,,,0,0,33.3,2,6,0,66.7,4,0.0,0,0.0,0,0,0,,,0.0,,0,,,0,0,,0,0,0,,,0,0,44.4,4,9,0,55.6,5,0.0,0,0.0,0,0,0,,,0.0,1.5,0,50.0,,0,0,0.0,0,0,0,64.7,64.6,0,2,0.0,0,2,1,100.0,2,56.3,2,22.2,0,2,1,1.0,2.0,1.0
Durham Smythe,47257,TE,CHI,19,9,-3.0,0,100.0,,0,0,0.0,0,0,0,64.7,61.8,0,2,0.0,0,1,1,100.0,1,79.2,1,11.1,0,2,5,5.0,2.0,2.0,,0,,,0,0,,0,0,0,,,0,0,30.8,4,13,0,69.2,9,0.0,0,0.0,0,0,0,,,0.0,,0,,,0,0,,0,0,0,,,0,0,20.0,1,5,0,80.0,4,0.0,0,0.0,0,0,0,,,0.0,,0,,,0,0,,0,0,0,,,0,0,27.3,3,11,0,63.6,7,0.0,0,0.0,0,0,0,,,0.0,5.0,0,50.0,0.0,0,1,33.3,1,0,0,29.9,43.4,0,8,15.0,3,20,2,80.0,16,57.3,4,25.0,0,13,4,2.0,6.5,0.81,0,,0,,,0,0,,0,0,0,,,0,0,,0,0,0,,0,0.0,0,0.0,0,0,0,,,,6,,0,,,0,0,,0,0,0,,,0,0,25.0,1,4,0,75.0,3,0.0,0,0.0,0,0,0,,,0.0,,0,,,0,0,,0,0,0,,,0,0,50.0,3,6,0,50.0,3,0.0,0,0.0,0,0,0,,,0.0,17.0,0,0.0,0.0,0,1,,0,0,0,,59.9,0,0,12.5,1,8,0,87.5,7,39.6,1,14.3,0,0,0,,,0.0,5.0,0,100.0,,0,0,0.0,0,1,0,64.7,81.5,0,11,36.4,4,11,1,54.5,6,112.5,1,16.7,0,11,6,6.0,11.0,1.83,17.0,0,0.0,0.0,0,1,,0,0,0,,59.9,0,0,0.0,0,1,0,100.0,1,39.6,1,11.1,0,0,0,,,0.0,0,-3.0,0,100.0,,0,0,0.0,0,0,0,64.7,61.8,0,2,40.0,2,5,1,60.0,3,79.2,1,33.3,0,2,5,5.0,2.0,0.67,,0,,,0,0,,0,0,0,,,0,0,14.3,1,7,0,71.4,5,0.0,0,0.0,0,0,0,,,0.0,,0,,,0,0,,0,0,0,,,0,0,37.5,3,8,0,62.5,5,0.0,0,0.0,0,0,0,,,0.0,5.0,0,100.0,,0,0,0.0,0,0,0,68.3,63.9,0,6,28.6,4,14,2,71.4,10,87.5,2,20.0,0,10,0,0.0,5.0,1.0,5.0,0,71.4,0.0,0,1,16.7,1,1,0,45.8,51.3,0,11,0.0,0,7,5,100.0,7,81.8,7,77.8,0,34,10,2.0,6.8,4.86
James Conner,11860,HB,ARZ,3,9,-4.0,4,100.0,,0,0,0.0,0,4,0,76.5,92.0,0,18,0.0,0,8,8,100.0,8,126.0,8,88.9,1,38,70,8.8,4.8,4.75,-3.2,3,100.0,,0,0,0.0,0,3,0,73.4,91.4,0,18,0.0,0,8,5,87.5,7,132.9,5,71.4,1,32,48,9.6,6.4,4.57,,0,,,0,0,,0,0,0,,,0,0,100.0,1,1,0,0.0,0,0.0,0,,0,0,0,,,,,0,,,0,0,,0,0,0,,,0,0,0.0,0,1,0,100.0,1,0.0,0,0.0,0,0,0,,,0.0,,0,,,0,0,,0,0,0,,,0,0,18.2,2,11,0,72.7,8,0.0,0,0.0,0,0,0,,,0.0,0,25.0,0,0.0,0.0,0,1,,0,0,0,,60.0,0,0,0.0,0,1,0,100.0,1,39.6,1,11.1,0,0,0,,,0.0,1,-6.0,0,100.0,,0,0,0.0,0,0,0,64.7,65.4,0,-1,0.0,0,4,1,75.0,3,79.2,1,33.3,0,-1,5,5.0,-1.0,-0.33,25.0,0,0.0,0.0,0,1,,0,0,0,,60.0,0,0,0.0,0,1,0,100.0,1,39.6,1,100.0,0,0,0,,,0.0,,0,,,0,0,,0,0,0,,,0,0,0.0,0,2,0,100.0,2,0.0,0,0.0,0,0,0,,,0.0,,0,,,0,0,,0,0,0,,,0,0,50.0,2,4,0,50.0,2,0.0,0,0.0,0,0,0,,,0.0,,0,,,0,0,,0,0,0,,,0,0,,0,0,0,,0,0.0,0,0.0,0,0,0,,,,0,-5.0,1,100.0,,0,0,0.0,0,1,0,68.3,83.0,0,10,0.0,0,2,2,100.0,2,81.3,2,100.0,0,7,17,8.5,3.5,3.5,,0,,,0,0,,0,0,0,,,0,0,,0,0,0,,0,0.0,0,,0,0,0,,,,,0,,,0,0,,0,0,0,,,0,0,0.0,0,1,0,100.0,1,0.0,0,0.0,0,0,0,,,0.0,,0,,,0,0,,0,0,0,,,0,0,25.0,1,4,0,75.0,3,0.0,0,0.0,0,0,0,,,0.0,,0,,,0,0,,0,0,0,,,0,0,,0,0,0,,0,0.0,0,0.0,0,0,0,,,
Cedrick Wilson Jr.,48170,WR,MIA,10,9,-2.0,0,100.0,,0,0,0.0,0,0,0,64.7,62.6,0,2,0.0,0,1,1,100.0,1,79.2,1,11.1,0,2,4,4.0,2.0,2.0,,0,,,0,0,,0,0,0,,,0,0,0.0,0,14,0,92.9,13,0.0,0,0.0,0,0,0,,,0.0,,0,,,0,0,,0,0,0,,,0,0,0.0,0,1,0,100.0,1,0.0,0,0.0,0,0,0,,,0.0,17.0,0,0.0,,0,0,,0,0,0,,60.0,0,0,0.0,0,7,0,100.0,7,39.6,1,14.3,0,0,0,,,0.0,4.5,0,100.0,100.0,1,1,0.0,0,1,0,68.3,75.5,0,8,0.0,0,13,2,92.3,12,97.9,2,16.7,0,15,6,3.0,7.5,1.25,0,28.0,0,0.0,,0,0,,0,0,0,,59.7,0,0,0.0,0,1,0,100.0,1,39.6,1,11.1,0,0,0,,,0.0,17,,0,,,0,0,,0,0,0,,,0,0,0.0,0,8,0,100.0,8,0.0,0,0.0,0,0,0,,,0.0,28.0,0,0.0,,0,0,,0,0,0,,59.7,0,0,0.0,0,1,0,100.0,1,39.6,1,100.0,0,0,0,,,0.0,,0,,,0,0,,0,0,0,,,0,0,,0,0,0,,0,0.0,0,,0,0,0,,,,,0,,,0,0,,0,0,0,,,0,0,0.0,0,5,0,100.0,5,0.0,0,0.0,0,0,0,,,0.0,15.7,0,0.0,0.0,0,1,,0,0,0,,57.7,0,0,0.0,0,3,0,100.0,3,39.6,3,33.3,0,0,0,,,0.0,0,-2.0,0,100.0,,0,0,0.0,0,0,0,64.7,62.6,0,2,0.0,0,3,1,100.0,3,79.2,1,33.3,0,2,4,4.0,2.0,0.67,,0,,,0,0,,0,0,0,,,0,0,0.0,0,2,0,100.0,2,0.0,0,0.0,0,0,0,,,0.0,15.0,0,0.0,0.0,0,1,,0,0,0,,58.1,0,0,0.0,0,5,0,100.0,5,39.6,2,40.0,0,0,0,,,0.0,5.0,2,100.0,,0,0,0.0,0,2,0,68.3,87.8,0,16,0.0,0,5,2,80.0,4,118.8,2,50.0,0,27,17,8.5,13.5,6.75,4.8,2,100.0,100.0,1,1,0.0,0,3,0,72.1,90.0,0,16,0.0,0,5,4,80.0,4,110.4,4,44.4,0,42,23,5.8,10.5,10.5
Andrew Beck,47121,FB,NYJ,14,9,-2.0,0,0.0,,0,0,100.0,1,0,0,28.0,40.4,0,0,0.0,0,1,0,100.0,1,39.6,1,11.1,0,0,0,,,0.0,-2.0,0,0.0,,0,0,100.0,1,0,0,28.0,40.4,0,0,50.0,1,2,0,50.0,1,39.6,1,100.0,0,0,0,,,0.0,,0,,,0,0,,0,0,0,,,0,0,,0,0,0,,0,0.0,0,,0,0,0,,,,,0,,,0,0,,0,0,0,,,0,0,0.0,0,1,0,100.0,1,0.0,0,0.0,0,0,0,,,0.0,4.0,0,100.0,,0,0,0.0,0,0,0,64.7,90.4,0,9,12.5,1,8,1,87.5,7,104.2,1,14.3,0,9,5,5.0,9.0,1.29,0,,0,,,0,0,,0,0,0,,,0,0,,0,0,0,,0,0.0,0,0.0,0,0,0,,,,22,,0,,,0,0,,0,0,0,,,0,0,0.0,0,1,0,100.0,1,0.0,0,0.0,0,0,0,,,0.0,,0,,,0,0,,0,0,0,,,0,0,100.0,1,1,0,0.0,0,0.0,0,,0,0,0,,,,13.5,0,50.0,0.0,0,1,0.0,0,1,0,64.7,82.6,0,17,0.0,0,3,1,100.0,3,79.2,2,66.7,0,17,5,5.0,17.0,5.67,2.5,0,50.0,0.0,0,1,0.0,0,1,0,64.7,76.4,0,10,0.0,0,4,1,100.0,4,64.6,2,50.0,0,10,7,7.0,10.0,2.5,13.5,0,50.0,0.0,0,1,0.0,0,1,0,64.7,82.6,0,17,0.0,0,2,1,100.0,2,79.2,2,22.2,0,17,5,5.0,17.0,8.5,0,,0,,,0,0,,0,0,0,,,0,0,0.0,0,1,0,100.0,1,0.0,0,0.0,0,0,0,,,0.0,,0,,,0,0,,0,0,0,,,0,0,,0,0,0,,0,0.0,0,,0,0,0,,,,,0,,,0,0,,0,0,0,,,0,0,100.0,2,2,0,0.0,0,0.0,0,,0,0,0,,,,2.7,0,100.0,,0,0,0.0,0,2,0,70.5,89.9,0,6,0.0,0,5,3,100.0,5,118.8,3,60.0,2,9,3,1.0,3.0,1.8,2.8,0,83.3,0.0,0,1,0.0,0,3,0,73.4,93.2,0,10,0.0,0,6,5,100.0,6,125.7,6,66.7,2,28,15,3.0,5.6,4.67
Kylen Granson,40630,TE,PHI,16,9,,0,,,0,0,,0,0,0,,,0,0,,0,0,0,,0,0.0,0,0.0,0,0,0,,,,,0,,,0,0,,0,0,0,,,0,0,0.0,0,10,0,100.0,10,0.0,0,0.0,0,0,0,,,0.0,,0,,,0,0,,0,0,0,,,0,0,20.0,1,5,0,80.0,4,0.0,0,0.0,0,0,0,,,0.0,,0,,,0,0,,0,0,0,,,0,0,14.3,1,7,0,71.4,5,0.0,0,0.0,0,0,0,,,0.0,4.0,0,100.0,,0,0,0.0,0,1,0,68.3,61.7,0,7,5.9,1,17,2,94.1,16,89.6,2,12.5,0,11,3,1.5,5.5,0.69,0,31.0,0,0.0,0.0,0,1,100.0,1,0,0,27.9,41.2,0,0,0.0,0,1,0,100.0,1,39.6,1,11.1,0,0,0,,,0.0,24,,0,,,0,0,,0,0,0,,,0,0,0.0,0,3,0,100.0,3,0.0,0,0.0,0,0,0,,,0.0,31.0,0,0.0,0.0,0,1,100.0,1,0,0,27.9,41.2,0,0,0.0,0,4,0,100.0,4,39.6,1,25.0,0,0,0,,,0.0,,0,,,0,0,,0,0,0,,,0,0,50.0,1,2,0,50.0,1,0.0,0,0.0,0,0,0,,,0.0,6.0,0,50.0,,0,0,0.0,0,1,0,64.7,58.1,0,5,9.1,1,11,1,81.8,9,56.3,2,22.2,0,5,2,2.0,5.0,0.56,12.0,0,100.0,,0,0,0.0,0,1,0,64.7,90.6,0,12,0.0,0,1,1,100.0,1,116.7,1,11.1,0,12,0,0.0,12.0,12.0,0,,0,,,0,0,,0,0,0,,,0,0,50.0,1,2,0,50.0,1,0.0,0,0.0,0,0,0,,,0.0,,0,,,0,0,,0,0,0,,,0,0,0.0,0,3,0,100.0,3,0.0,0,0.0,0,0,0,,,0.0,12.0,0,100.0,,0,0,0.0,0,1,0,64.7,90.6,0,12,16.7,1,6,1,66.7,4,116.7,1,25.0,0,12,0,0.0,12.0,3.0,1.7,0,100.0,,0,0,0.0,0,0,0,70.5,64.1,0,6,15.4,2,13,3,84.6,11,83.3,3,27.3,0,12,7,2.3,4.0,1.09,3.6,0,85.7,,0,0,0.0,0,2,0,74.6,62.6,0,7,0.0,0,7,6,100.0,7,83.3,7,77.8,0,28,12,2.0,4.7,4.0
Anthony Firkser,51837,TE,DET,7,9,-3.0,0,100.0,,0,0,0.0,0,0,0,68.3,63.2,0,2,0.0,0,2,2,100.0,2,79.2,2,22.2,0,-2,4,2.0,-1.0,-1.0,-4.0,0,100.0,,0,0,0.0,0,0,0,64.7,60.9,0,-4,33.3,2,6,1,66.7,4,79.2,1,25.0,0,-4,0,0.0,-4.0,-1.0,,0,,,0,0,,0,0,0,,,0,0,12.5,1,8,0,87.5,7,0.0,0,0.0,0,0,0,,,0.0,15.5,0,100.0,100.0,1,1,0.0,0,2,0,68.3,90.5,0,18,11.8,2,17,2,88.2,15,118.8,2,13.3,0,32,1,0.5,16.0,2.13,4.0,0,100.0,100.0,1,1,0.0,0,0,0,68.3,62.9,0,6,13.8,4,29,2,86.2,25,87.5,2,8.0,0,10,2,1.0,5.0,0.4,0,,0,,,0,0,,0,0,0,,,0,0,,0,0,0,,0,0.0,0,0.0,0,0,0,,,,11,-2.0,0,100.0,,0,0,0.0,0,0,0,64.7,63.1,0,2,33.3,1,3,1,66.7,2,79.2,1,50.0,0,2,4,4.0,2.0,1.0,,0,,,0,0,,0,0,0,,,0,0,0.0,0,2,0,50.0,1,0.0,0,0.0,0,0,0,,,0.0,,0,,,0,0,,0,0,0,,,0,0,0.0,0,3,0,100.0,3,0.0,0,0.0,0,0,0,,,0.0,3.0,0,100.0,,0,0,0.0,0,2,0,68.3,90.2,0,7,0.0,0,10,2,100.0,10,93.8,2,20.0,0,13,7,3.5,6.5,1.3,15.5,0,100.0,100.0,1,1,0.0,0,2,0,68.3,90.5,0,18,0.0,0,2,2,100.0,2,118.8,2,22.2,0,32,1,0.5,16.0,16.0,0,,0,,,0,0,,0,0,0,,,0,0,0.0,0,4,0,100.0,4,0.0,0,0.0,0,0,0,,,0.0,,0,,,0,0,,0,0,0,,,0,0,0.0,0,1,0,100.0,1,0.0,0,0.0,0,0,0,,,0.0,,0,,,0,0,,0,0,0,,,0,0,0.0,0,3,0,66.7,2,0.0,0,0.0,0,0,0,,,0.0,4.0,0,0.0,,0,0,,0,0,0,,59.8,0,0,14.3,2,14,0,85.7,12,39.6,1,8.3,0,0,0,,,0.0,3.6,0,80.0,100.0,1,1,0.0,0,2,0,72.1,85.4,0,7,0.0,0,5,4,100.0,5,85.8,5,55.6,0,23,9,2.3,5.8,4.6
Austin Trammell,52195,WR,JAX,6,9,,0,,,0,0,,0,0,0,,,0,0,,0,0,0,,0,0.0,0,0.0,0,0,0,,,,,0,,,0,0,,0,0,0,,,0,0,0.0,0,1,0,100.0,1,0.0,0,0.0,0,0,0,,,0.0,22.0,0,0.0,,0,0,,0,0,0,,53.0,0,0,0.0,0,1,0,100.0,1,39.6,1,100.0,0,0,0,,,0.0,14.0,0,75.0,100.0,1,1,0.0,0,2,0,70.5,91.4,1,18,0.0,0,8,3,100.0,8,72.9,4,50.0,0,46,0,0.0,15.3,5.75,4.5,0,0.0,,0,0,,0,0,0,,58.5,1,0,0.0,0,10,0,90.0,9,0.0,2,22.2,0,0,0,,,0.0,0,25.0,0,0.0,,0,0,100.0,1,0,0,27.9,29.7,0,0,0.0,0,3,0,100.0,3,39.6,3,33.3,0,0,0,,,0.0,15,,0,,,0,0,,0,0,0,,,0,0,,0,0,0,,0,0.0,0,,0,0,0,,,,,0,,,0,0,,0,0,0,,,0,0,0.0,0,3,0,100.0,3,0.0,0,0.0,0,0,0,,,0.0,,0,,,0,0,,0,0,0,,,0,0,0.0,0,4,0,100.0,4,0.0,0,0.0,0,0,0,,,0.0,,0,,,0,0,,0,0,0,,,0,0,0.0,0,1,0,100.0,1,0.0,0,0.0,0,0,0,,,0.0,14.0,0,75.0,100.0,1,1,0.0,0,2,0,70.5,91.4,1,18,0.0,0,4,3,100.0,4,72.9,4,44.4,0,46,0,0.0,15.3,11.5,0,,0,,,0,0,,0,0,0,,,0,0,,0,0,0,,0,0.0,0,,0,0,0,,,,26.5,0,0.0,,0,0,100.0,1,0,0,27.9,38.5,0,0,0.0,0,2,0,100.0,2,39.6,2,100.0,0,0,0,,,0.0,,0,,,0,0,,0,0,0,,,0,0,0.0,0,2,0,100.0,2,0.0,0,0.0,0,0,0,,,0.0,,0,,,0,0,,0,0,0,,,0,0,0.0,0,1,0,100.0,1,0.0,0,0.0,0,0,0,,,0.0,4.5,0,0.0,,0,0,,0,0,0,,58.5,1,0,0.0,0,2,0,100.0,2,0.0,2,22.2,0,0,0,,,0.0
Stone Smartt,60492,TE,NYJ,7,9,,0,,,0,0,,0,0,0,,,0,0,,0,0,0,,0,0.0,0,0.0,0,0,0,,,,,0,,,0,0,,0,0,0,,,0,0,0.0,0,4,0,100.0,4,0.0,0,0.0,0,0,0,,,0.0,,0,,,0,0,,0,0,0,,,0,0,,0,0,0,,0,0.0,0,,0,0,0,,,,,0,,,0,0,,0,0,0,,,0,0,50.0,2,4,0,50.0,2,0.0,0,0.0,0,0,0,,,0.0,4.7,0,100.0,100.0,1,1,0.0,0,2,0,70.5,90.1,0,12,15.4,2,13,3,84.6,11,97.2,3,27.3,0,22,8,2.7,7.3,2.0,0,,0,,,0,0,,0,0,0,,,0,0,,0,0,0,,0,0.0,0,0.0,0,0,0,,,,22,,0,,,0,0,,0,0,0,,,0,0,0.0,0,1,0,100.0,1,0.0,0,0.0,0,0,0,,,0.0,,0,,,0,0,,0,0,0,,,0,0,,0,0,0,,0,0.0,0,,0,0,0,,,,,0,,,0,0,,0,0,0,,,0,0,0.0,0,2,0,100.0,2,0.0,0,0.0,0,0,0,,,0.0,2.0,0,0.0,0.0,0,1,,0,0,0,,58.6,0,0,14.3,1,7,0,85.7,6,39.6,1,16.7,0,0,0,,,0.0,15.0,0,0.0,0.0,0,1,,0,0,0,,59.8,0,0,0.0,0,1,0,100.0,1,39.6,1,11.1,0,0,0,,,0.0,0,,0,,,0,0,,0,0,0,,,0,0,0.0,0,2,0,100.0,2,0.0,0,0.0,0,0,0,,,0.0,,0,,,0,0,,0,0,0,,,0,0,0.0,0,3,0,100.0,3,0.0,0,0.0,0,0,0,,,0.0,15.0,0,0.0,0.0,0,1,,0,0,0,,59.8,0,0,0.0,0,5,0,100.0,5,39.6,1,20.0,0,0,0,,,0.0,3.0,0,100.0,100.0,2,2,0.0,0,1,0,72.1,72.9,0,17,25.0,2,8,4,75.0,6,97.9,4,66.7,0,30,18,4.5,7.5,5.0,3.5,0,87.5,75.0,3,4,0.0,0,3,0,75.6,86.5,0,17,0.0,0,8,7,100.0,8,93.8,8,88.9,0,52,26,3.7,7.4,6.5
Harrison Bryant,26394,TE,HST,14,9,,0,,,0,0,,0,0,0,,,0,0,,0,0,0,,0,0.0,0,0.0,0,0,0,,,,,0,,,0,0,,0,0,0,,,0,0,100.0,1,1,0,0.0,0,0.0,0,,0,0,0,,,,,0,,,0,0,,0,0,0,,,0,0,66.7,2,3,0,33.3,1,0.0,0,0.0,0,0,0,,,0.0,,0,,,0,0,,0,0,0,,,0,0,40.0,2,5,0,60.0,3,0.0,0,0.0,0,0,0,,,0.0,3.7,0,100.0,,0,0,0.0,0,1,0,70.5,63.3,0,9,9.5,2,21,3,90.5,19,90.3,3,15.8,0,17,6,2.0,5.7,0.89,0,26.0,0,0.0,,0,0,,0,0,0,,58.2,0,0,0.0,0,1,0,100.0,1,39.6,1,11.1,0,0,0,,,0.0,13,,0,,,0,0,,0,0,0,,,0,0,,0,0,0,,0,0.0,0,,0,0,0,,,,,0,,,0,0,,0,0,0,,,0,0,66.7,2,3,0,33.3,1,0.0,0,0.0,0,0,0,,,0.0,14.0,0,0.0,,0,0,,0,0,0,,58.2,0,0,50.0,2,4,0,50.0,2,39.6,1,50.0,0,0,0,,,0.0,,0,,,0,0,,0,0,0,,,0,0,33.3,4,12,0,66.7,8,0.0,0,0.0,0,0,0,,,0.0,14.0,0,0.0,,0,0,,0,0,0,,58.2,0,0,0.0,0,1,0,100.0,1,39.6,1,11.1,0,0,0,,,0.0,0,,0,,,0,0,,0,0,0,,,0,0,50.0,1,2,0,50.0,1,0.0,0,0.0,0,0,0,,,0.0,26.0,0,0.0,,0,0,,0,0,0,,58.2,0,0,33.3,2,6,0,66.7,4,39.6,1,25.0,0,0,0,,,0.0,,0,,,0,0,,0,0,0,,,0,0,50.0,3,6,0,50.0,3,0.0,0,0.0,0,0,0,,,0.0,4.8,0,50.0,0.0,0,1,0.0,0,1,0,70.5,60.5,0,6,8.3,1,12,2,75.0,9,56.3,4,44.4,0,11,4,2.0,5.5,1.22,4.3,0,71.4,0.0,0,1,0.0,0,2,0,74.6,62.1,0,9,0.0,0,8,5,87.5,7,78.3,7,77.8,0,28,10,2.0,5.6,4.0
Robbie Chosen,11254,WR,WAS,3,9,,0,,,0,0,,0,0,0,,,0,0,,0,0,0,,0,0.0,0,0.0,0,0,0,,,,,0,,,0,0,,0,0,0,,,0,0,0.0,0,3,0,100.0,3,0.0,0,0.0,0,0,0,,,0.0,,0,,,0,0,,0,0,0,,,0,0,,0,0,0,,0,0.0,0,,0,0,0,,,,,0,,,0,0,,0,0,0,,,0,0,0.0,0,5,0,80.0,4,0.0,0,0.0,0,0,0,,,0.0,2.0,1,100.0,,0,0,0.0,0,0,0,68.3,60.8,0,5,0.0,0,8,2,100.0,8,87.5,2,25.0,0,10,6,3.0,5.0,1.25,0,28.0,0,0.0,0.0,0,1,,0,0,0,,57.2,0,0,0.0,0,3,0,66.7,2,39.6,2,22.2,0,0,0,,,0.0,32,,0,,,0,0,,0,0,0,,,0,0,,0,0,0,,0,0.0,0,,0,0,0,,,,27.0,0,0.0,0.0,0,1,,0,0,0,,59.7,0,0,0.0,0,3,0,100.0,3,39.6,1,33.3,0,0,0,,,0.0,17.0,0,100.0,,0,0,0.0,0,1,0,64.7,78.1,0,17,0.0,0,3,1,100.0,3,118.8,1,33.3,0,17,0,0.0,17.0,5.67,,0,,,0,0,,0,0,0,,,0,0,0.0,0,2,0,100.0,2,0.0,0,0.0,0,0,0,,,0.0,13.6,0,60.0,33.3,1,3,0.0,0,2,0,70.5,90.0,0,17,0.0,0,6,3,83.3,5,87.9,5,55.6,0,43,0,0.0,14.3,8.6,0,,0,,,0,0,,0,0,0,,,0,0,,0,0,0,,0,0.0,0,,0,0,0,,,,29.0,0,0.0,,0,0,,0,0,0,,58.1,0,0,0.0,0,2,0,50.0,1,39.6,1,100.0,0,0,0,,,0.0,12.8,0,50.0,33.3,1,3,0.0,0,1,0,68.3,83.4,0,13,0.0,0,7,2,85.7,6,70.8,4,66.7,0,26,0,0.0,13.0,4.33,,0,,,0,0,,0,0,0,,,0,0,0.0,0,6,0,83.3,5,0.0,0,0.0,0,0,0,,,0.0,2.0,1,100.0,,0,0,0.0,0,0,0,68.3,60.8,0,5,0.0,0,2,2,100.0,2,87.5,2,22.2,0,10,6,3.0,5.0,5.0
Skyy Moore,97116,WR,SF,15,8,-3.0,2,100.0,,0,0,0.0,0,1,0,64.7,90.9,0,15,0.0,0,1,1,100.0,1,118.8,1,12.5,0,15,18,18.0,15.0,15.0,,0,,,0,0,,0,0,0,,,0,0,0.0,0,6,0,100.0,6,0.0,0,0.0,0,0,0,,,0.0,44.0,0,0.0,,0,0,,0,0,0,,57.5,0,0,0.0,0,3,0,100.0,3,39.6,1,33.3,0,0,0,,,0.0,13.7,0,100.0,100.0,1,1,0.0,0,3,0,70.5,94.1,0,21,0.0,0,12,3,100.0,12,118.8,3,25.0,0,49,8,2.7,16.3,4.08,,0,,,0,0,,0,0,0,,,0,0,0.0,0,19,0,94.7,18,0.0,0,0.0,0,0,0,,,0.0,0,33.0,0,50.0,,0,0,0.0,0,1,0,64.7,65.3,0,23,0.0,0,2,1,100.0,2,91.7,2,25.0,0,23,1,1.0,23.0,11.5,28,,0,,,0,0,,0,0,0,,,0,0,0.0,0,1,0,100.0,1,0.0,0,0.0,0,0,0,,,0.0,22.0,0,100.0,,0,0,0.0,0,1,0,64.7,78.1,0,23,0.0,0,4,1,100.0,4,118.8,1,25.0,0,23,1,1.0,23.0,5.75,12.0,0,0.0,,0,0,,0,0,0,,57.0,1,0,0.0,0,3,0,100.0,3,0.0,1,33.3,0,0,0,,,0.0,,0,,,0,0,,0,0,0,,,0,0,0.0,0,6,0,66.7,4,0.0,0,0.0,0,0,0,,,0.0,13.3,0,75.0,100.0,1,1,0.0,0,3,0,70.5,90.9,1,21,0.0,0,4,3,100.0,4,76.0,4,50.0,0,49,8,2.7,16.3,12.25,0,-3.0,2,100.0,,0,0,0.0,0,1,0,64.7,90.9,0,15,0.0,0,2,1,100.0,2,118.8,1,50.0,0,15,18,18.0,15.0,7.5,,0,,,0,0,,0,0,0,,,0,0,0.0,0,4,0,100.0,4,0.0,0,0.0,0,0,0,,,0.0,,0,,,0,0,,0,0,0,,,0,0,0.0,0,3,0,66.7,2,0.0,0,0.0,0,0,0,,,0.0,8.0,0,0.0,,0,0,,0,0,0,,59.0,0,0,0.0,0,7,0,100.0,7,39.6,1,14.3,0,0,0,,,0.0,8.0,0,0.0,,0,0,,0,0,0,,59.0,0,0,0.0,0,1,0,100.0,1,39.6,1,12.5,0,0,0,,,0.0
Braxton Berrios,47961,WR,HST,3,8,-8.0,1,100.0,,0,0,0.0,0,0,0,64.7,65.5,0,-1,0.0,0,1,1,100.0,1,79.2,1,12.5,0,-1,7,7.0,-1.0,-1.0,-8.0,1,100.0,,0,0,0.0,0,0,0,64.7,65.5,0,-1,0.0,0,2,1,100.0,2,79.2,1,50.0,0,-1,7,7.0,-1.0,-0.5,,0,,,0,0,,0,0,0,,,0,0,0.0,0,1,0,100.0,1,0.0,0,0.0,0,0,0,,,0.0,,0,,,0,0,,0,0,0,,,0,0,0.0,0,5,0,100.0,5,0.0,0,0.0,0,0,0,,,0.0,5.0,2,75.0,,0,0,0.0,0,1,0,70.5,73.1,0,14,0.0,0,14,3,92.9,13,89.6,4,30.8,0,24,8,2.7,8.0,1.85,0,,0,,,0,0,,0,0,0,,,0,0,,0,0,0,,0,0.0,0,0.0,0,0,0,,,,13,,0,,,0,0,,0,0,0,,,0,0,0.0,0,2,0,100.0,2,0.0,0,0.0,0,0,0,,,0.0,,0,,,0,0,,0,0,0,,,0,0,0.0,0,1,0,100.0,1,0.0,0,0.0,0,0,0,,,0.0,,0,,,0,0,,0,0,0,,,0,0,0.0,0,1,0,100.0,1,0.0,0,0.0,0,0,0,,,0.0,2.0,0,50.0,0.0,0,1,0.0,0,1,0,64.7,76.5,0,6,0.0,0,9,1,100.0,9,56.3,2,22.2,0,6,2,2.0,6.0,0.67,,0,,,0,0,,0,0,0,,,0,0,,0,0,0,,0,0.0,0,0.0,0,0,0,,,,0,,0,,,0,0,,0,0,0,,,0,0,0.0,0,2,0,100.0,2,0.0,0,0.0,0,0,0,,,0.0,,0,,,0,0,,0,0,0,,,0,0,,0,0,0,,0,0.0,0,,0,0,0,,,,,0,,,0,0,,0,0,0,,,0,0,0.0,0,1,0,100.0,1,0.0,0,0.0,0,0,0,,,0.0,7.0,0,100.0,,0,0,0.0,0,1,0,64.7,79.1,0,8,0.0,0,4,1,100.0,4,100.0,1,25.0,0,8,1,1.0,8.0,2.0,4.4,2,71.4,0.0,0,1,0.0,0,3,0,73.4,87.3,0,14,0.0,0,7,5,100.0,7,84.2,7,87.5,0,38,11,2.2,7.6,5.43
Jaylen Wright,146934,HB,MIA,9,8,-3.3,1,62.5,0.0,0,1,28.6,2,2,0,29.2,37.1,0,18,0.0,0,8,5,100.0,8,77.1,8,100.0,0,44,59,11.8,8.8,5.5,-3.0,0,60.0,,0,0,40.0,2,1,0,28.0,27.2,0,13,0.0,0,10,3,90.0,9,66.3,5,55.6,0,17,26,8.7,5.7,1.89,,0,,,0,0,,0,0,0,,,0,0,,0,0,0,,0,0.0,0,,0,0,0,,,,,0,,,0,0,,0,0,0,,,0,0,0.0,0,8,0,100.0,8,0.0,0,0.0,0,0,0,,,0.0,,0,,,0,0,,0,0,0,,,0,0,0.0,0,3,0,66.7,2,0.0,0,0.0,0,0,0,,,0.0,0,,0,,,0,0,,0,0,0,,,0,0,,0,0,0,,0,0.0,0,0.0,0,0,0,,,,17,-5.0,1,100.0,,0,0,0.0,0,1,0,64.7,81.3,0,18,0.0,0,3,1,100.0,3,118.8,1,33.3,0,18,23,23.0,18.0,6.0,,0,,,0,0,,0,0,0,,,0,0,0.0,0,1,0,100.0,1,0.0,0,0.0,0,0,0,,,0.0,,0,,,0,0,,0,0,0,,,0,0,0.0,0,1,0,100.0,1,0.0,0,0.0,0,0,0,,,0.0,,0,,,0,0,,0,0,0,,,0,0,0.0,0,3,0,100.0,3,0.0,0,0.0,0,0,0,,,0.0,,0,,,0,0,,0,0,0,,,0,0,,0,0,0,,0,0.0,0,0.0,0,0,0,,,,0,-3.0,0,50.0,0.0,0,1,0.0,0,0,0,64.7,79.9,0,9,0.0,0,2,1,100.0,2,62.5,2,100.0,0,9,10,10.0,9.0,4.5,,0,,,0,0,,0,0,0,,,0,0,0.0,0,1,0,0.0,0,0.0,0,,0,0,0,,,,,0,,,0,0,,0,0,0,,,0,0,0.0,0,3,0,100.0,3,0.0,0,0.0,0,0,0,,,0.0,,0,,,0,0,,0,0,0,,,0,0,25.0,1,4,0,75.0,3,0.0,0,0.0,0,0,0,,,0.0,,0,,,0,0,,0,0,0,,,0,0,,0,0,0,,0,0.0,0,0.0,0,0,0,,,
Miles Sanders,40555,HB,DAL,4,8,-4.6,3,100.0,,0,0,0.0,0,0,0,73.4,89.9,0,9,0.0,0,5,5,100.0,5,81.7,5,62.5,0,18,41,8.2,3.6,3.6,-4.0,1,100.0,,0,0,0.0,0,0,0,68.3,82.5,0,8,0.0,0,3,2,100.0,3,89.6,2,66.7,0,11,19,9.5,5.5,3.67,,0,,,0,0,,0,0,0,,,0,0,100.0,1,1,0,0.0,0,0.0,0,,0,0,0,,,,,0,,,0,0,,0,0,0,,,0,0,0.0,0,3,0,100.0,3,0.0,0,0.0,0,0,0,,,0.0,3.3,0,100.0,,0,0,0.0,0,0,0,72.1,73.4,0,6,14.3,1,7,3,71.4,5,83.3,3,60.0,0,12,2,0.7,4.0,2.4,0,,0,,,0,0,,0,0,0,,,0,0,,0,0,0,,0,0.0,0,0.0,0,0,0,,,,9,-7.0,1,100.0,,0,0,0.0,0,0,0,64.7,65.4,0,1,0.0,0,2,1,100.0,2,79.2,1,50.0,0,1,8,8.0,1.0,0.5,,0,,,0,0,,0,0,0,,,0,0,33.3,1,3,0,66.7,2,0.0,0,0.0,0,0,0,,,0.0,,0,,,0,0,,0,0,0,,,0,0,50.0,1,2,0,50.0,1,0.0,0,0.0,0,0,0,,,0.0,,0,,,0,0,,0,0,0,,,0,0,83.3,5,6,0,16.7,1,0.0,0,0.0,0,0,0,,,0.0,,0,,,0,0,,0,0,0,,,0,0,,0,0,0,,0,0.0,0,0.0,0,0,0,,,,0,-4.0,1,100.0,,0,0,0.0,0,0,0,68.3,83.2,0,9,0.0,0,2,2,100.0,2,79.2,2,100.0,0,6,14,7.0,3.0,3.0,,0,,,0,0,,0,0,0,,,0,0,33.3,1,3,0,33.3,1,0.0,0,0.0,0,0,0,,,0.0,,0,,,0,0,,0,0,0,,,0,0,,0,0,0,,0,0.0,0,,0,0,0,,,,,0,,,0,0,,0,0,0,,,0,0,50.0,3,6,0,50.0,3,0.0,0,0.0,0,0,0,,,0.0,3.3,0,100.0,,0,0,0.0,0,0,0,72.1,73.4,0,6,0.0,0,4,3,75.0,3,83.3,3,37.5,0,12,2,0.7,4.0,4.0
Tylan Wallace,61577,WR,BLT,11,8,-1.0,1,100.0,,0,0,0.0,0,0,0,64.7,60.8,0,6,0.0,0,1,1,100.0,1,91.7,1,12.5,0,6,7,7.0,6.0,6.0,,0,,,0,0,,0,0,0,,,0,0,0.0,0,7,0,85.7,6,0.0,0,0.0,0,0,0,,,0.0,,0,,,0,0,,0,0,0,,,0,0,,0,0,0,,0,0.0,0,,0,0,0,,,,,0,,,0,0,,0,0,0,,,0,0,0.0,0,8,0,87.5,7,0.0,0,0.0,0,0,0,,,0.0,3.0,0,100.0,,0,0,0.0,0,1,0,64.7,78.3,0,10,0.0,0,16,1,93.8,15,108.3,1,6.7,0,10,7,7.0,10.0,0.67,0,31.5,0,0.0,0.0,0,1,,0,0,0,,58.2,0,0,0.0,0,2,0,100.0,2,39.6,2,25.0,0,0,0,,,0.0,3,-1.0,1,100.0,,0,0,0.0,0,0,0,64.7,60.8,0,6,0.0,0,2,1,100.0,2,91.7,1,50.0,0,6,7,7.0,6.0,3.0,,0,,,0,0,,0,0,0,,,0,0,0.0,0,3,0,100.0,3,0.0,0,0.0,0,0,0,,,0.0,11.0,0,50.0,,0,0,0.0,0,1,0,64.7,77.3,0,14,0.0,0,8,1,100.0,8,72.9,2,25.0,0,14,3,3.0,14.0,1.75,,0,,,0,0,,0,0,0,27.9,41.7,0,0,0.0,0,6,0,66.7,4,0.0,0,0.0,0,0,0,,,0.0,13.5,0,50.0,0.0,0,1,0.0,0,2,0,68.3,85.9,0,15,0.0,0,4,2,100.0,4,113.5,4,50.0,1,29,3,1.5,14.5,7.25,0,,0,,,0,0,,0,0,0,,,0,0,0.0,0,2,0,100.0,2,0.0,0,0.0,0,0,0,,,0.0,31.5,0,0.0,0.0,0,1,,0,0,0,,58.2,0,0,0.0,0,6,0,83.3,5,39.6,2,40.0,0,0,0,,,0.0,16.0,0,50.0,0.0,0,1,0.0,0,1,0,64.7,76.7,0,15,0.0,0,8,1,100.0,8,114.6,2,25.0,1,15,0,0.0,15.0,1.88,,0,,,0,0,,0,0,0,,,0,0,0.0,0,5,0,100.0,5,0.0,0,0.0,0,0,0,,,0.0,3.0,0,100.0,,0,0,0.0,0,1,0,28.8,59.2,0,10,0.0,0,2,1,50.0,1,108.3,1,12.5,0,10,7,7.0,10.0,10.0
Trayveon Williams,45775,HB,CLV,5,8,-3.8,0,100.0,,0,0,0.0,0,2,0,76.5,89.9,0,26,0.0,0,8,8,100.0,8,95.3,8,100.0,0,55,85,10.6,6.9,6.88,-3.5,0,100.0,,0,0,0.0,0,2,0,72.1,90.4,0,26,0.0,0,4,4,100.0,4,118.8,4,100.0,0,55,69,17.3,13.8,13.75,,0,,,0,0,,0,0,0,,,0,0,100.0,1,1,0,0.0,0,0.0,0,,0,0,0,,,,,0,,,0,0,,0,0,0,,,0,0,0.0,0,4,0,100.0,4,0.0,0,0.0,0,0,0,,,0.0,,0,,,0,0,,0,0,0,,,0,0,16.7,2,12,0,75.0,9,0.0,0,0.0,0,0,0,,,0.0,0,,0,,,0,0,,0,0,0,,,0,0,,0,0,0,,0,0.0,0,0.0,0,0,0,,,,8,,0,,,0,0,,0,0,0,,,0,0,,0,0,0,,0,0.0,0,,0,0,0,,,,,0,,,0,0,,0,0,0,,,0,0,0.0,0,3,0,100.0,3,0.0,0,0.0,0,0,0,,,0.0,,0,,,0,0,,0,0,0,,,0,0,0.0,0,2,0,100.0,2,0.0,0,0.0,0,0,0,,,0.0,,0,,,0,0,,0,0,0,,,0,0,60.0,3,5,0,40.0,2,0.0,0,0.0,0,0,0,,,0.0,,0,,,0,0,,0,0,0,,,0,0,,0,0,0,,0,0.0,0,0.0,0,0,0,,,,0,-4.0,0,100.0,,0,0,0.0,0,0,0,72.1,73.2,0,6,0.0,0,4,4,100.0,4,79.2,4,100.0,0,0,16,4.0,0.0,0.0,,0,,,0,0,,0,0,0,,,0,0,33.3,1,3,0,66.7,2,0.0,0,0.0,0,0,0,,,0.0,,0,,,0,0,,0,0,0,,,0,0,33.3,1,3,0,66.7,2,0.0,0,0.0,0,0,0,,,0.0,,0,,,0,0,,0,0,0,,,0,0,33.3,1,3,0,66.7,2,0.0,0,0.0,0,0,0,,,0.0,,0,,,0,0,,0,0,0,,,0,0,,0,0,0,,0,0.0,0,0.0,0,0,0,,,
Charlie Woerner,42257,TE,ATL,17,8,-4.0,1,100.0,100.0,1,1,0.0,0,0,0,70.5,66.2,0,3,0.0,0,3,3,100.0,3,79.2,3,37.5,0,1,13,4.3,0.3,0.33,-3.0,1,100.0,,0,0,0.0,0,0,0,64.7,61.8,0,3,30.0,6,20,1,70.0,14,79.2,1,7.1,0,3,6,6.0,3.0,0.21,,0,,,0,0,,0,0,0,,,0,0,50.0,4,8,0,25.0,2,0.0,0,0.0,0,0,0,,,0.0,,0,,,0,0,,0,0,0,,,0,0,52.2,12,23,0,43.5,10,0.0,0,0.0,0,0,0,,,0.0,5.3,2,100.0,,0,0,0.0,0,2,0,72.1,91.9,0,18,24.2,8,33,4,75.8,25,112.5,4,16.0,0,44,23,5.8,11.0,1.76,0,,0,,,0,0,,0,0,0,,,0,0,,0,0,0,,0,0.0,0,0.0,0,0,0,,,,2,-2.0,0,100.0,,0,0,0.0,0,0,0,64.7,62.6,0,3,76.9,10,13,1,23.1,3,79.2,1,33.3,0,3,5,5.0,3.0,1.0,,0,,,0,0,,0,0,0,,,0,0,38.5,5,13,0,61.5,8,0.0,0,0.0,0,0,0,,,0.0,,0,,,0,0,,0,0,0,,,0,0,53.3,8,15,0,46.7,7,0.0,0,0.0,0,0,0,,,0.0,,0,,,0,0,,0,0,0,,,0,0,30.8,8,26,0,61.5,16,0.0,0,0.0,0,0,0,,,0.0,,0,,,0,0,,0,0,0,,,0,0,,0,0,0,,0,0.0,0,0.0,0,0,0,,,,0,-7.0,0,100.0,100.0,1,1,0.0,0,0,0,64.7,65.2,0,-5,37.5,3,8,1,62.5,5,79.2,1,20.0,0,-5,2,2.0,-5.0,-1.0,,0,,,0,0,,0,0,0,,,0,0,40.0,2,5,0,60.0,3,0.0,0,0.0,0,0,0,,,0.0,,0,,,0,0,,0,0,0,,,0,0,47.1,8,17,0,47.1,8,0.0,0,0.0,0,0,0,,,0.0,2.0,0,100.0,,0,0,0.0,0,0,0,64.7,61.8,0,3,30.8,4,13,1,61.5,8,79.2,1,12.5,0,3,1,1.0,3.0,0.38,4.6,2,100.0,,0,0,0.0,0,2,0,73.4,91.1,0,18,0.0,0,5,5,100.0,5,105.8,5,62.5,0,47,24,4.8,9.4,9.4
Adam Prentice,35639,FB,DEN,17,8,-1.0,0,100.0,,0,0,0.0,0,1,0,64.7,81.2,0,6,0.0,0,1,1,100.0,1,91.7,1,12.5,0,6,7,7.0,6.0,6.0,,0,,,0,0,,0,0,0,,,0,0,100.0,1,1,0,0.0,0,0.0,0,,0,0,0,,,,,0,,,0,0,,0,0,0,,,0,0,66.7,2,3,0,33.3,1,0.0,0,0.0,0,0,0,,,0.0,,0,,,0,0,,0,0,0,,,0,0,0.0,0,2,0,100.0,2,0.0,0,0.0,0,0,0,,,0.0,5.0,0,100.0,,0,0,0.0,0,0,0,64.7,65.9,0,14,20.0,3,15,1,80.0,12,118.8,1,8.3,0,14,9,9.0,14.0,1.17,0,,0,,,0,0,,0,0,0,,,0,0,,0,0,0,,0,0.0,0,0.0,0,0,0,,,,10,,0,,,0,0,,0,0,0,,,0,0,50.0,2,4,0,50.0,2,0.0,0,0.0,0,0,0,,,0.0,,0,,,0,0,,0,0,0,,,0,0,75.0,3,4,0,25.0,1,0.0,0,0.0,0,0,0,,,0.0,,0,,,0,0,,0,0,0,,,0,0,33.3,1,3,0,66.7,2,0.0,0,0.0,0,0,0,,,0.0,2.0,0,100.0,,0,0,0.0,0,1,0,64.7,81.8,0,11,25.0,2,8,1,75.0,6,112.5,1,16.7,0,11,9,9.0,11.0,1.83,,0,,,0,0,,0,0,0,,,0,0,,0,0,0,,0,0.0,0,0.0,0,0,0,,,,0,-1.0,0,100.0,,0,0,0.0,0,1,0,64.7,81.2,0,6,33.3,2,6,1,66.7,4,91.7,1,25.0,0,6,7,7.0,6.0,1.5,,0,,,0,0,,0,0,0,,,0,0,25.0,1,4,0,75.0,3,0.0,0,0.0,0,0,0,,,0.0,,0,,,0,0,,0,0,0,,,0,0,20.0,1,5,0,80.0,4,0.0,0,0.0,0,0,0,,,0.0,2.0,0,60.0,,0,0,25.0,1,1,0,36.2,62.6,0,13,16.7,3,18,3,83.3,15,70.4,5,33.3,0,22,19,6.3,7.3,1.47,2.4,0,71.4,,0,0,16.7,1,2,0,45.8,71.7,0,14,0.0,0,7,5,100.0,7,89.6,7,87.5,0,47,37,7.4,9.4,6.71
Devontez Walker,145773,WR,BLT,9,8,,0,,,0,0,,0,0,0,,,0,0,,0,0,0,,0,0.0,0,0.0,0,0,0,,,,,0,,,0,0,,0,0,0,,,0,0,0.0,0,4,0,100.0,4,0.0,0,0.0,0,0,0,,,0.0,,0,,,0,0,,0,0,0,,,0,0,0.0,0,3,0,100.0,3,0.0,0,0.0,0,0,0,,,0.0,17.0,0,100.0,,0,0,0.0,0,1,0,64.7,90.8,0,38,0.0,0,6,1,83.3,5,158.3,1,20.0,1,38,21,21.0,38.0,7.6,,0,,,0,0,,0,0,0,,,0,0,0.0,0,11,0,100.0,11,0.0,0,0.0,0,0,0,,,0.0,0,36.0,0,60.0,0.0,0,1,0.0,0,3,0,70.5,95.8,0,34,0.0,0,5,3,100.0,5,143.8,5,62.5,1,88,2,0.7,29.3,17.6,3,,0,,,0,0,,0,0,0,,,0,0,,0,0,0,,0,0.0,0,,0,0,0,,,,36.0,0,60.0,0.0,0,1,0.0,0,3,0,70.5,95.8,0,34,0.0,0,9,3,77.8,7,143.8,5,71.4,1,88,2,0.7,29.3,12.57,,0,,,0,0,,0,0,0,,,0,0,0.0,0,1,0,100.0,1,0.0,0,0.0,0,0,0,,,0.0,8.0,0,100.0,,0,0,0.0,0,0,0,64.7,78.5,0,8,0.0,0,3,1,66.7,2,100.0,1,50.0,0,8,0,0.0,8.0,4.0,14.0,0,100.0,,0,0,0.0,0,2,0,68.3,92.8,0,38,0.0,0,2,2,100.0,2,158.3,2,25.0,2,40,21,10.5,20.0,20.0,0,,0,,,0,0,,0,0,0,,,0,0,0.0,0,1,0,100.0,1,0.0,0,0.0,0,0,0,,,0.0,,0,,,0,0,,0,0,0,,,0,0,0.0,0,4,0,75.0,3,0.0,0,0.0,0,0,0,,,0.0,11.0,0,100.0,,0,0,0.0,0,1,0,64.7,78.1,0,2,0.0,0,3,1,100.0,3,118.8,1,33.3,1,2,0,0.0,2.0,0.67,,0,,,0,0,,0,0,0,,,0,0,0.0,0,3,0,100.0,3,0.0,0,0.0,0,0,0,,,0.0,8.0,0,100.0,,0,0,0.0,0,0,0,64.7,78.5,0,8,0.0,0,1,1,100.0,1,100.0,1,12.5,0,8,0,0.0,8.0,8.0
Quintin Morris,61182,TE,JAX,10,7,,0,,,0,0,,0,0,0,,,0,0,,0,0,0,,0,0.0,0,0.0,0,0,0,,,,,0,,,0,0,,0,0,0,,,0,0,0.0,0,5,0,100.0,5,0.0,0,0.0,0,0,0,,,0.0,,0,,,0,0,,0,0,0,28.0,28.6,0,0,25.0,1,4,0,50.0,2,0.0,0,0.0,0,0,0,,,0.0,10.5,0,100.0,,0,0,0.0,0,2,0,68.3,94.2,0,14,35.7,5,14,2,64.3,9,118.8,2,22.2,0,25,4,2.0,12.5,2.78,3.5,0,100.0,,0,0,0.0,0,1,0,68.3,89.4,0,13,11.8,2,17,2,76.5,13,108.3,2,15.4,0,20,13,6.5,10.0,1.54,0,20.0,0,0.0,,0,0,,0,0,0,28.0,28.3,0,0,0.0,0,2,0,50.0,1,39.6,1,14.3,0,0,0,,,0.0,15,,0,,,0,0,,0,0,0,,,0,0,50.0,1,2,0,50.0,1,0.0,0,0.0,0,0,0,,,0.0,20.0,0,0.0,,0,0,,0,0,0,,59.1,0,0,0.0,0,4,0,100.0,4,39.6,1,25.0,0,0,0,,,0.0,,0,,,0,0,,0,0,0,,,0,0,0.0,0,6,0,66.7,4,0.0,0,0.0,0,0,0,,,0.0,,0,,,0,0,,0,0,0,,,0,0,20.0,1,5,0,80.0,4,0.0,0,0.0,0,0,0,,,0.0,10.5,0,100.0,,0,0,0.0,0,2,0,68.3,94.2,0,14,0.0,0,2,2,100.0,2,118.8,2,28.6,0,25,4,2.0,12.5,12.5,0,,0,,,0,0,,0,0,0,,,0,0,0.0,0,2,0,50.0,1,0.0,0,0.0,0,0,0,,,0.0,,0,,,0,0,,0,0,0,,,0,0,,0,0,0,,0,0.0,0,,0,0,0,,,,,0,,,0,0,,0,0,0,,,0,0,0.0,0,5,0,100.0,5,0.0,0,0.0,0,0,0,,,0.0,3.0,0,100.0,,0,0,0.0,0,1,0,68.3,81.7,0,5,18.2,2,11,2,81.8,9,127.1,2,22.2,1,10,4,2.0,5.0,1.11,3.3,0,100.0,,0,0,0.0,0,2,0,72.1,90.8,0,13,0.0,0,4,4,100.0,4,137.5,4,57.1,1,30,17,4.3,7.5,7.5
Malik Heath,124173,WR,ATL,11,7,-1.0,1,100.0,,0,0,0.0,0,1,0,64.7,78.5,0,13,0.0,0,1,1,100.0,1,118.8,1,14.3,0,13,14,14.0,13.0,13.0,,0,,,0,0,,0,0,0,,,0,0,0.0,0,11,0,81.8,9,0.0,0,0.0,0,0,0,,,0.0,,0,,,0,0,,0,0,0,,,0,0,0.0,0,7,0,100.0,7,0.0,0,0.0,0,0,0,,,0.0,,0,,,0,0,,0,0,0,,,0,0,0.0,0,6,0,100.0,6,0.0,0,0.0,0,0,0,,,0.0,6.3,1,66.7,,0,0,33.3,1,1,0,30.0,60.1,0,11,4.0,1,25,2,96.0,24,85.4,3,12.5,0,20,9,4.5,10.0,0.83,0,37.0,0,100.0,100.0,1,1,0.0,0,1,0,64.7,94.6,0,37,0.0,0,1,1,100.0,1,118.8,1,14.3,0,37,0,0.0,37.0,37.0,2,-1.0,1,100.0,,0,0,0.0,0,1,0,64.7,78.5,0,13,0.0,0,6,1,100.0,6,118.8,1,16.7,0,13,14,14.0,13.0,2.17,37.0,0,100.0,100.0,1,1,0.0,0,1,0,64.7,94.6,0,37,0.0,0,5,1,80.0,4,118.8,1,25.0,0,37,0,0.0,37.0,9.25,,0,,,0,0,,0,0,0,,,0,0,0.0,0,4,0,100.0,4,0.0,0,0.0,0,0,0,,,0.0,8.0,0,100.0,,0,0,0.0,0,0,0,64.7,79.4,0,9,0.0,0,8,1,87.5,7,104.2,1,14.3,0,9,1,1.0,9.0,1.29,,0,,,0,0,,0,0,0,,,0,0,,0,0,0,,0,0.0,0,0.0,0,0,0,,,,0,,0,,,0,0,,0,0,0,,,0,0,25.0,1,4,0,75.0,3,0.0,0,0.0,0,0,0,,,0.0,,0,,,0,0,,0,0,0,,,0,0,0.0,0,1,0,100.0,1,0.0,0,0.0,0,0,0,,,0.0,,0,,,0,0,,0,0,0,,,0,0,0.0,0,4,0,100.0,4,0.0,0,0.0,0,0,0,,,0.0,2.0,0,100.0,,0,0,0.0,0,1,0,64.7,78.6,0,7,0.0,0,4,1,100.0,4,95.8,1,25.0,0,7,5,5.0,7.0,1.75,5.8,1,80.0,,0,0,20.0,1,2,0,42.1,80.6,0,11,0.0,0,5,4,100.0,5,96.7,5,71.4,0,36,15,3.8,9.0,7.2
Austin Ekeler,12164,HB,WAS,2,7,-5.3,2,100.0,,0,0,0.0,0,1,0,72.1,75.4,0,15,0.0,0,4,3,75.0,3,97.2,3,42.9,0,22,38,12.7,7.3,7.33,-7.0,2,100.0,,0,0,0.0,0,1,0,68.3,71.1,0,15,0.0,0,5,1,80.0,4,118.8,1,25.0,0,15,22,22.0,15.0,3.75,,0,,,0,0,,0,0,0,,,0,0,0.0,0,1,0,100.0,1,0.0,0,0.0,0,0,0,,,0.0,,0,,,0,0,,0,0,0,,,0,0,25.0,2,8,0,75.0,6,0.0,0,0.0,0,0,0,,,0.0,1.3,0,66.7,,0,0,0.0,0,1,0,68.3,81.0,0,12,28.6,4,14,2,71.4,10,79.9,3,30.0,0,16,12,6.0,8.0,1.6,0,22.0,0,0.0,0.0,0,1,,0,0,0,,59.9,0,0,0.0,0,1,0,100.0,1,39.6,1,14.3,0,0,0,,,0.0,32,-4.5,0,100.0,,0,0,0.0,0,0,0,68.3,69.4,0,4,0.0,0,3,2,100.0,3,81.3,2,66.7,0,7,16,8.0,3.5,2.33,,0,,,0,0,,0,0,0,,,0,0,50.0,1,2,0,50.0,1,0.0,0,0.0,0,0,0,,,0.0,,0,,,0,0,,0,0,0,,,0,0,,0,0,0,,0,0.0,0,,0,0,0,,,,,0,,,0,0,,0,0,0,,,0,0,0.0,0,1,0,100.0,1,0.0,0,0.0,0,0,0,,,0.0,,0,,,0,0,,0,0,0,,,0,0,,0,0,0,,0,0.0,0,0.0,0,0,0,,,,0,,0,,,0,0,,0,0,0,,,0,0,,0,0,0,,0,0.0,0,,0,0,0,,,,22.0,0,0.0,0.0,0,1,,0,0,0,,59.9,0,0,0.0,0,3,0,100.0,3,39.6,1,33.3,0,0,0,,,0.0,,0,,,0,0,,0,0,0,,,0,0,0.0,0,1,0,100.0,1,0.0,0,0.0,0,0,0,,,0.0,,0,,,0,0,,0,0,0,,,0,0,0.0,0,2,0,100.0,2,0.0,0,0.0,0,0,0,,,0.0,1.3,0,66.7,,0,0,0.0,0,1,0,68.3,81.0,0,12,0.0,0,3,2,100.0,3,79.9,3,42.9,0,16,12,6.0,8.0,5.33
Josh Whyle,54037,TE,GB,9,7,-3.0,0,100.0,,0,0,0.0,0,0,0,68.3,63.0,0,4,0.0,0,2,2,100.0,2,79.2,2,28.6,0,5,11,5.5,2.5,2.5,,0,,,0,0,,0,0,0,,,0,0,0.0,0,4,0,100.0,4,0.0,0,0.0,0,0,0,,,0.0,,0,,,0,0,,0,0,0,,,0,0,14.3,1,7,0,85.7,6,0.0,0,0.0,0,0,0,,,0.0,,0,,,0,0,,0,0,0,,,0,0,0.0,0,5,0,100.0,5,0.0,0,0.0,0,0,0,,,0.0,5.0,1,100.0,,0,0,0.0,0,0,0,64.7,90.6,0,8,16.7,2,12,1,66.7,8,100.0,1,12.5,0,8,3,3.0,8.0,1.0,0,,0,,,0,0,,0,0,0,,,0,0,,0,0,0,,0,0.0,0,0.0,0,0,0,,,,12,,0,,,0,0,,0,0,0,,,0,0,0.0,0,2,0,100.0,2,0.0,0,0.0,0,0,0,,,0.0,,0,,,0,0,,0,0,0,,,0,0,0.0,0,7,0,85.7,6,0.0,0,0.0,0,0,0,,,0.0,,0,,,0,0,,0,0,0,,,0,0,14.3,1,7,0,85.7,6,0.0,0,0.0,0,0,0,,,0.0,4.0,0,100.0,,0,0,0.0,0,0,0,64.7,61.0,0,7,11.1,1,9,1,88.9,8,95.8,1,12.5,0,7,3,3.0,7.0,0.88,12.0,0,100.0,,0,0,0.0,0,1,0,64.7,90.1,0,21,0.0,0,1,1,100.0,1,118.8,1,14.3,0,21,9,9.0,21.0,21.0,0,-3.0,0,100.0,,0,0,0.0,0,0,0,68.3,63.0,0,4,0.0,0,5,2,100.0,5,79.2,2,40.0,0,5,11,5.5,2.5,1.0,,0,,,0,0,,0,0,0,,,0,0,11.1,1,9,0,77.8,7,0.0,0,0.0,0,0,0,,,0.0,12.0,0,100.0,,0,0,0.0,0,1,0,64.7,90.1,0,21,33.3,2,6,1,66.7,4,118.8,1,25.0,0,21,9,9.0,21.0,5.25,4.5,0,50.0,,0,0,0.0,0,1,0,64.7,77.2,0,2,36.4,4,11,1,63.6,7,95.8,2,28.6,1,2,0,0.0,2.0,0.29,4.5,1,75.0,,0,0,0.0,0,1,0,70.5,89.3,0,8,0.0,0,4,3,100.0,4,121.9,4,57.1,1,17,6,2.0,5.7,4.25
Jaleel McLaughlin,138346,HB,DEN,10,7,-5.2,2,80.0,,0,0,20.0,1,1,0,41.6,55.4,0,17,0.0,0,5,4,100.0,5,83.3,5,71.4,0,20,40,10.0,5.0,4.0,-5.5,1,50.0,,0,0,50.0,1,0,0,28.8,27.3,0,2,0.0,0,3,1,100.0,3,56.3,2,66.7,0,2,7,7.0,2.0,0.67,,0,,,0,0,,0,0,0,,,0,0,,0,0,0,,0,0.0,0,,0,0,0,,,,,0,,,0,0,,0,0,0,,,0,0,0.0,0,2,0,100.0,2,0.0,0,0.0,0,0,0,,,0.0,1.5,0,50.0,,0,0,50.0,1,1,0,28.8,29.9,0,9,0.0,0,6,1,100.0,6,62.5,2,33.3,0,9,8,8.0,9.0,1.5,0,,0,,,0,0,,0,0,0,,,0,0,,0,0,0,,0,0.0,0,0.0,0,0,0,,,,10,-6.0,0,100.0,,0,0,0.0,0,0,0,64.7,65.2,0,-5,0.0,0,3,1,100.0,3,79.2,1,33.3,0,-5,1,1.0,-5.0,-1.67,,0,,,0,0,,0,0,0,,,0,0,0.0,0,2,0,100.0,2,0.0,0,0.0,0,0,0,,,0.0,,0,,,0,0,,0,0,0,,,0,0,0.0,0,1,0,100.0,1,0.0,0,0.0,0,0,0,,,0.0,,0,,,0,0,,0,0,0,,,0,0,100.0,1,1,0,0.0,0,0.0,0,,0,0,0,,,,,0,,,0,0,,0,0,0,,,0,0,,0,0,0,,0,0.0,0,0.0,0,0,0,,,,0,-4.5,1,100.0,,0,0,0.0,0,1,0,68.3,90.3,0,17,0.0,0,3,2,100.0,3,114.6,2,66.7,0,23,32,16.0,11.5,7.67,,0,,,0,0,,0,0,0,,,0,0,0.0,0,1,0,100.0,1,0.0,0,0.0,0,0,0,,,0.0,,0,,,0,0,,0,0,0,,,0,0,0.0,0,3,0,100.0,3,0.0,0,0.0,0,0,0,,,0.0,,0,,,0,0,,0,0,0,,,0,0,16.7,1,6,0,83.3,5,0.0,0,0.0,0,0,0,,,0.0,1.5,0,50.0,,0,0,50.0,1,1,0,28.8,29.9,0,9,0.0,0,2,1,100.0,2,62.5,2,28.6,0,9,8,8.0,9.0,4.5
Jawhar Jordan,99595,HB,HST,4,7,-3.6,1,100.0,,0,0,0.0,0,1,0,73.4,76.3,0,14,0.0,0,5,5,100.0,5,82.5,5,71.4,0,19,37,7.4,3.8,3.8,-4.3,0,100.0,,0,0,0.0,0,0,0,70.5,66.1,0,3,20.0,1,5,3,80.0,4,79.2,3,75.0,0,-3,10,3.3,-1.0,-0.75,,0,,,0,0,,0,0,0,,,0,0,,0,0,0,,0,0.0,0,,0,0,0,,,,,0,,,0,0,,0,0,0,,,0,0,0.0,0,2,0,100.0,2,0.0,0,0.0,0,0,0,,,0.0,,0,,,0,0,,0,0,0,,,0,0,12.5,1,8,0,87.5,7,0.0,0,0.0,0,0,0,,,0.0,0,,0,,,0,0,,0,0,0,,,0,0,,0,0,0,,0,0.0,0,0.0,0,0,0,,,,13,-2.0,1,100.0,,0,0,0.0,0,0,0,64.7,65.2,0,8,25.0,1,4,1,75.0,3,100.0,1,33.3,0,8,10,10.0,8.0,2.67,,0,,,0,0,,0,0,0,,,0,0,50.0,1,2,0,0.0,0,0.0,0,,0,0,0,,,,,0,,,0,0,,0,0,0,,,0,0,0.0,0,1,0,100.0,1,0.0,0,0.0,0,0,0,,,0.0,6.0,1,100.0,,0,0,0.0,0,1,0,64.7,78.8,0,9,0.0,0,1,1,100.0,1,104.2,1,100.0,0,9,3,3.0,9.0,9.0,,0,,,0,0,,0,0,0,,,0,0,,0,0,0,,0,0.0,0,0.0,0,0,0,,,,0,-3.0,0,100.0,,0,0,0.0,0,1,0,64.7,81.8,0,14,0.0,0,1,1,100.0,1,118.8,1,100.0,0,14,17,17.0,14.0,14.0,,0,,,0,0,,0,0,0,,,0,0,,0,0,0,,0,0.0,0,,0,0,0,,,,,0,,,0,0,,0,0,0,,,0,0,0.0,0,1,0,0.0,0,0.0,0,,0,0,0,,,,5.0,0,100.0,,0,0,0.0,0,0,0,64.7,65.2,0,6,40.0,2,5,1,60.0,3,91.7,1,33.3,0,6,1,1.0,6.0,2.0,5.5,1,100.0,,0,0,0.0,0,1,0,68.3,87.5,0,9,0.0,0,2,2,100.0,2,97.9,2,28.6,0,15,4,2.0,7.5,7.5
Xavier Restrepo,122220,WR,TEN,2,6,,0,,,0,0,,0,0,0,64.7,61.0,0,0,0.0,0,1,0,0.0,0,0.0,0,0.0,0,0,0,,,,,0,,,0,0,,0,0,0,,,0,0,0.0,0,2,0,100.0,2,0.0,0,0.0,0,0,0,,,0.0,,0,,,0,0,,0,0,0,,,0,0,,0,0,0,,0,0.0,0,,0,0,0,,,,11.5,0,75.0,,0,0,0.0,0,3,0,70.5,91.6,0,15,0.0,0,4,3,100.0,4,107.3,4,100.0,0,41,8,2.7,13.7,10.25,6.0,0,0.0,0.0,0,1,,0,0,0,64.7,60.4,0,0,0.0,0,5,0,80.0,4,39.6,1,25.0,0,0,0,,,0.0,0,28.0,0,0.0,0.0,0,1,,0,0,0,,59.1,0,0,0.0,0,1,0,100.0,1,39.6,1,16.7,0,0,0,,,0.0,31,,0,,,0,0,,0,0,0,64.7,61.0,0,0,0.0,0,1,0,0.0,0,0.0,0,,0,0,0,,,,,0,,,0,0,,0,0,0,,,0,0,,0,0,0,,0,0.0,0,,0,0,0,,,,,0,,,0,0,,0,0,0,,,0,0,,0,0,0,,0,0.0,0,,0,0,0,,,,,0,,,0,0,,0,0,0,,,0,0,0.0,0,1,0,100.0,1,0.0,0,0.0,0,0,0,,,0.0,11.5,0,75.0,,0,0,0.0,0,3,0,70.5,91.6,0,15,0.0,0,4,3,100.0,4,107.3,4,66.7,0,41,8,2.7,13.7,10.25,0,,0,,,0,0,,0,0,0,,,0,0,0.0,0,3,0,100.0,3,0.0,0,0.0,0,0,0,,,0.0,28.0,0,0.0,0.0,0,1,,0,0,0,,59.1,0,0,0.0,0,1,0,100.0,1,39.6,1,100.0,0,0,0,,,0.0,,0,,,0,0,,0,0,0,,,0,0,0.0,0,1,0,100.0,1,0.0,0,0.0,0,0,0,,,0.0,,0,,,0,0,,0,0,0,,,0,0,0.0,0,2,0,100.0,2,0.0,0,0.0,0,0,0,,,0.0,6.0,0,0.0,0.0,0,1,,0,0,0,64.7,60.4,0,0,0.0,0,2,0,50.0,1,39.6,1,16.7,0,0,0,,,0.0
Tucker Fisk,52286,TE,LAC,11,6,-2.0,0,100.0,,0,0,0.0,0,0,0,64.7,61.8,0,7,0.0,0,1,1,100.0,1,95.8,1,16.7,0,7,9,9.0,7.0,7.0,-2.0,0,100.0,,0,0,0.0,0,0,0,64.7,61.8,0,7,14.3,1,7,1,85.7,6,95.8,1,16.7,0,7,9,9.0,7.0,1.17,,0,,,0,0,,0,0,0,,,0,0,20.0,1,5,0,60.0,3,0.0,0,0.0,0,0,0,,,0.0,,0,,,0,0,,0,0,0,,,0,0,45.5,5,11,0,45.5,5,0.0,0,0.0,0,0,0,,,0.0,4.0,0,0.0,0.0,0,1,100.0,1,0,0,27.9,40.9,0,0,12.5,1,8,0,87.5,7,39.6,1,14.3,0,0,0,,,0.0,0,,0,,,0,0,,0,0,0,,,0,0,,0,0,0,,0,0.0,0,0.0,0,0,0,,,,27,,0,,,0,0,,0,0,0,,,0,0,33.3,1,3,0,66.7,2,0.0,0,0.0,0,0,0,,,0.0,,0,,,0,0,,0,0,0,,,0,0,0.0,0,1,0,100.0,1,0.0,0,0.0,0,0,0,,,0.0,,0,,,0,0,,0,0,0,,,0,0,66.7,2,3,0,0.0,0,0.0,0,,0,0,0,,,,,0,,,0,0,,0,0,0,,,0,0,0.0,0,2,0,100.0,2,0.0,0,0.0,0,0,0,,,0.0,,0,,,0,0,,0,0,0,,,0,0,,0,0,0,,0,0.0,0,0.0,0,0,0,,,,0,,0,,,0,0,,0,0,0,,,0,0,0.0,0,5,0,80.0,4,0.0,0,0.0,0,0,0,,,0.0,,0,,,0,0,,0,0,0,,,0,0,50.0,2,4,0,50.0,2,0.0,0,0.0,0,0,0,,,0.0,,0,,,0,0,,0,0,0,,,0,0,0.0,0,1,0,0.0,0,0.0,0,,0,0,0,,,,1.5,0,100.0,,0,0,0.0,0,1,0,72.1,84.8,0,12,38.5,5,13,4,61.5,8,91.7,4,50.0,0,24,18,4.5,6.0,3.0,2.0,0,80.0,0.0,0,1,20.0,1,1,0,41.6,59.6,0,12,0.0,0,5,4,100.0,5,86.7,5,83.3,0,24,18,4.5,6.0,4.8
Beaux Collins,144112,WR,NYG,7,6,,0,,,0,0,,0,0,0,,,0,0,,0,0,0,,0,0.0,0,0.0,0,0,0,,,,,0,,,0,0,,0,0,0,,,0,0,0.0,0,8,0,100.0,8,0.0,0,0.0,0,0,0,,,0.0,38.0,0,0.0,,0,0,,0,0,0,,59.8,0,0,0.0,0,4,0,75.0,3,39.6,1,33.3,0,0,0,,,0.0,13.0,0,100.0,,0,0,0.0,0,1,0,64.7,79.1,0,18,0.0,0,5,1,80.0,4,118.8,1,25.0,0,18,5,5.0,18.0,4.5,3.5,0,0.0,,0,0,,0,0,0,,40.5,1,0,0.0,0,7,0,85.7,6,0.0,2,33.3,0,0,0,,,0.0,0,38.0,0,0.0,,0,0,,0,0,0,,58.2,0,0,0.0,0,2,0,50.0,1,39.6,1,16.7,0,0,0,,,0.0,21,,0,,,0,0,,0,0,0,,,0,0,0.0,0,1,0,100.0,1,0.0,0,0.0,0,0,0,,,0.0,,0,,,0,0,,0,0,0,,,0,0,0.0,0,5,0,100.0,5,0.0,0,0.0,0,0,0,,,0.0,,0,,,0,0,,0,0,0,,,0,0,,0,0,0,,0,0.0,0,,0,0,0,,,,,0,,,0,0,,0,0,0,,,0,0,0.0,0,2,0,100.0,2,0.0,0,0.0,0,0,0,,,0.0,12.5,0,50.0,,0,0,0.0,0,1,0,64.7,77.8,0,18,0.0,0,2,1,100.0,2,81.3,2,33.3,0,18,5,5.0,18.0,9.0,0,,0,,,0,0,,0,0,0,,,0,0,,0,0,0,,0,0.0,0,,0,0,0,,,,,0,,,0,0,,0,0,0,,59.7,0,0,0.0,0,2,0,50.0,1,0.0,0,0.0,0,0,0,,,0.0,12.0,0,0.0,,0,0,,0,0,0,,59.9,0,0,0.0,0,4,0,75.0,3,39.6,1,33.3,0,0,0,,,0.0,5.0,0,100.0,,0,0,0.0,0,0,0,64.7,61.1,0,7,0.0,0,4,1,75.0,3,95.8,1,33.3,0,7,2,2.0,7.0,2.33,4.0,0,33.3,,0,0,0.0,0,0,0,64.7,43.3,1,7,0.0,0,3,1,100.0,3,2.8,3,50.0,0,7,2,2.0,7.0,2.33
Jalen Brooks,111284,WR,ARZ,6,6,,0,,,0,0,,0,0,0,,,0,0,,0,0,0,,0,0.0,0,0.0,0,0,0,,,,,0,,,0,0,,0,0,0,,,0,0,0.0,0,4,0,100.0,4,0.0,0,0.0,0,0,0,,,0.0,,0,,,0,0,,0,0,0,,,0,0,0.0,0,1,0,100.0,1,0.0,0,0.0,0,0,0,,,0.0,,0,,,0,0,,0,0,0,,,0,0,0.0,0,6,0,100.0,6,0.0,0,0.0,0,0,0,,,0.0,4.7,2,33.3,,0,0,50.0,1,1,0,28.8,70.0,0,20,0.0,0,23,1,91.3,21,57.6,3,14.3,0,20,17,17.0,20.0,0.95,0,21.0,0,0.0,,0,0,,0,0,0,,60.0,0,0,0.0,0,1,0,100.0,1,39.6,1,16.7,0,0,0,,,0.0,1,,0,,,0,0,,0,0,0,,,0,0,0.0,0,1,0,100.0,1,0.0,0,0.0,0,0,0,,,0.0,21.0,0,0.0,,0,0,,0,0,0,,60.0,0,0,0.0,0,3,0,100.0,3,39.6,1,33.3,0,0,0,,,0.0,19.0,0,100.0,100.0,1,1,0.0,0,1,0,64.7,90.6,0,19,0.0,0,5,1,100.0,5,118.8,1,20.0,0,19,0,0.0,19.0,3.8,,0,,,0,0,,0,0,0,,,0,0,0.0,0,5,0,100.0,5,0.0,0,0.0,0,0,0,,,0.0,15.0,0,100.0,100.0,1,1,0.0,0,2,0,68.3,93.0,0,19,0.0,0,2,2,100.0,2,118.8,2,33.3,0,31,1,0.5,15.5,15.5,0,,0,,,0,0,,0,0,0,,,0,0,0.0,0,1,0,100.0,1,0.0,0,0.0,0,0,0,,,0.0,,0,,,0,0,,0,0,0,,,0,0,0.0,0,1,0,100.0,1,0.0,0,0.0,0,0,0,,,0.0,11.0,0,100.0,,0,0,0.0,0,1,0,64.7,79.2,0,12,0.0,0,5,1,100.0,5,116.7,1,20.0,0,12,1,1.0,12.0,2.4,,0,,,0,0,,0,0,0,,,0,0,0.0,0,7,0,100.0,7,0.0,0,0.0,0,0,0,,,0.0,4.7,2,33.3,,0,0,50.0,1,1,0,28.8,70.0,0,20,0.0,0,3,1,100.0,3,57.6,3,50.0,0,20,17,17.0,20.0,6.67
D'Wayne Eskridge,29573,WR,MIA,12,6,,0,,,0,0,,0,0,0,,,0,0,,0,0,0,,0,0.0,0,0.0,0,0,0,,,,,0,,,0,0,,0,0,0,,,0,0,0.0,0,6,0,100.0,6,0.0,0,0.0,0,0,0,,,0.0,,0,,,0,0,,0,0,0,,,0,0,0.0,0,1,0,100.0,1,0.0,0,0.0,0,0,0,,,0.0,17.0,0,0.0,,0,0,,0,0,0,,59.9,0,0,0.0,0,8,0,87.5,7,39.6,1,14.3,0,0,0,,,0.0,6.0,0,100.0,100.0,1,1,0.0,0,2,0,70.5,85.6,0,9,0.0,0,9,3,100.0,9,97.2,3,33.3,0,22,4,1.3,7.3,2.44,0,36.0,0,100.0,100.0,1,1,0.0,0,1,0,64.7,94.6,0,40,0.0,0,1,1,100.0,1,118.8,1,16.7,0,40,4,4.0,40.0,40.0,17,,0,,,0,0,,0,0,0,,,0,0,0.0,0,1,0,100.0,1,0.0,0,0.0,0,0,0,,,0.0,36.0,0,100.0,100.0,1,1,0.0,0,1,0,64.7,94.6,0,40,0.0,0,4,1,100.0,4,118.8,1,25.0,0,40,4,4.0,40.0,10.0,,0,,,0,0,,0,0,0,,,0,0,0.0,0,3,0,100.0,3,0.0,0,0.0,0,0,0,,,0.0,,0,,,0,0,,0,0,0,,,0,0,0.0,0,2,0,100.0,2,0.0,0,0.0,0,0,0,,,0.0,17.0,0,0.0,,0,0,,0,0,0,,59.9,0,0,0.0,0,1,0,100.0,1,39.6,1,16.7,0,0,0,,,0.0,0,,0,,,0,0,,0,0,0,,,0,0,0.0,0,5,0,100.0,5,0.0,0,0.0,0,0,0,,,0.0,,0,,,0,0,,0,0,0,,,0,0,0.0,0,1,0,100.0,1,0.0,0,0.0,0,0,0,,,0.0,,0,,,0,0,,0,0,0,,,0,0,0.0,0,2,0,50.0,1,0.0,0,0.0,0,0,0,,,0.0,7.0,0,0.0,,0,0,,0,0,0,,58.8,0,0,0.0,0,9,0,88.9,8,39.6,1,12.5,0,0,0,,,0.0,6.3,0,75.0,100.0,1,1,0.0,0,2,0,70.5,82.5,0,9,0.0,0,4,3,100.0,4,87.5,4,66.7,0,22,4,1.3,7.3,5.5
Zamir White,83665,HB,LV,5,6,-3.3,0,66.7,,0,0,0.0,0,0,0,68.3,67.5,0,9,0.0,0,3,2,100.0,3,77.1,3,50.0,0,14,19,9.5,7.0,4.67,,0,,,0,0,,0,0,0,,,0,0,,0,0,0,,0,0.0,0,,0,0,0,,,,,0,,,0,0,,0,0,0,,,0,0,0.0,0,2,0,100.0,2,0.0,0,0.0,0,0,0,,,0.0,,0,,,0,0,,0,0,0,,,0,0,25.0,1,4,0,75.0,3,0.0,0,0.0,0,0,0,,,0.0,,0,,,0,0,,0,0,0,,,0,0,60.0,6,10,0,40.0,4,0.0,0,0.0,0,0,0,,,0.0,0,,0,,,0,0,,0,0,0,,,0,0,,0,0,0,,0,0.0,0,0.0,0,0,0,,,,23,-1.0,0,100.0,,0,0,0.0,0,0,0,64.7,65.4,0,9,0.0,0,1,1,100.0,1,104.2,1,100.0,0,9,10,10.0,9.0,9.0,,0,,,0,0,,0,0,0,,,0,0,,0,0,0,,0,0.0,0,,0,0,0,,,,,0,,,0,0,,0,0,0,,,0,0,0.0,0,5,0,100.0,5,0.0,0,0.0,0,0,0,,,0.0,1.0,0,100.0,,0,0,0.0,0,0,0,64.7,65.7,0,4,20.0,1,5,1,80.0,4,83.3,1,25.0,0,4,3,3.0,4.0,1.0,,0,,,0,0,,0,0,0,,,0,0,,0,0,0,,0,0.0,0,0.0,0,0,0,,,,0,-4.5,0,50.0,,0,0,0.0,0,0,0,64.7,63.9,0,5,0.0,0,3,1,100.0,3,56.3,2,66.7,0,5,9,9.0,5.0,1.67,,0,,,0,0,,0,0,0,,,0,0,0.0,0,2,0,100.0,2,0.0,0,0.0,0,0,0,,,0.0,,0,,,0,0,,0,0,0,,,0,0,0.0,0,2,0,100.0,2,0.0,0,0.0,0,0,0,,,0.0,0.0,0,50.0,,0,0,0.0,0,0,0,64.7,65.0,0,6,25.0,1,4,1,50.0,2,56.3,2,100.0,0,6,6,6.0,6.0,3.0,0.3,0,66.7,,0,0,0.0,0,0,0,68.3,68.8,0,6,0.0,0,3,2,100.0,3,71.5,3,50.0,0,10,9,4.5,5.0,3.33
Kameron Johnson,165866,WR,TB,10,6,-1.0,0,100.0,,0,0,0.0,0,0,0,64.7,60.4,0,0,0.0,0,1,1,100.0,1,79.2,1,16.7,0,0,1,1.0,0.0,0.0,-1.0,0,100.0,,0,0,0.0,0,0,0,64.7,60.4,0,0,0.0,0,7,1,100.0,7,79.2,1,14.3,0,0,1,1.0,0.0,0.0,,0,,,0,0,,0,0,0,,,0,0,0.0,0,1,0,100.0,1,0.0,0,0.0,0,0,0,,,0.0,13.3,0,33.3,,0,0,50.0,1,1,0,28.8,43.2,1,17,0.0,0,6,1,100.0,6,13.9,3,50.0,0,17,2,2.0,17.0,2.83,7.0,0,100.0,,0,0,0.0,0,1,0,64.7,79.1,0,13,0.0,0,10,1,100.0,10,118.8,1,10.0,0,13,6,6.0,13.0,1.3,0,24.0,0,100.0,,0,0,0.0,0,1,0,64.7,79.5,0,34,0.0,0,1,1,100.0,1,158.3,1,16.7,1,34,10,10.0,34.0,34.0,30,,0,,,0,0,,0,0,0,,,0,0,,0,0,0,,0,0.0,0,,0,0,0,,,,,0,,,0,0,,0,0,0,,,0,0,0.0,0,1,0,100.0,1,0.0,0,0.0,0,0,0,,,0.0,,0,,,0,0,,0,0,0,,,0,0,0.0,0,1,0,100.0,1,0.0,0,0.0,0,0,0,,,0.0,,0,,,0,0,,0,0,0,,,0,0,0.0,0,2,0,100.0,2,0.0,0,0.0,0,0,0,,,0.0,13.3,0,33.3,,0,0,50.0,1,1,0,28.8,43.2,1,17,0.0,0,3,1,100.0,3,13.9,3,50.0,0,17,2,2.0,17.0,5.67,0,,0,,,0,0,,0,0,0,,,0,0,0.0,0,2,0,100.0,2,0.0,0,0.0,0,0,0,,,0.0,24.0,0,100.0,,0,0,0.0,0,1,0,64.7,79.5,0,34,0.0,0,1,1,100.0,1,158.3,1,100.0,1,34,10,10.0,34.0,34.0,,0,,,0,0,,0,0,0,,,0,0,0.0,0,4,0,75.0,3,0.0,0,0.0,0,0,0,,,0.0,,0,,,0,0,,0,0,0,,,0,0,0.0,0,3,0,100.0,3,0.0,0,0.0,0,0,0,,,0.0,7.0,0,100.0,,0,0,0.0,0,1,0,64.7,79.1,0,13,0.0,0,1,1,100.0,1,118.8,1,16.7,0,13,6,6.0,13.0,13.0
George Holani,72154,HB,SEA,3,6,-6.0,0,100.0,,0,0,0.0,0,0,0,64.7,65.5,0,4,0.0,0,1,1,100.0,1,83.3,1,16.7,0,4,10,10.0,4.0,4.0,-6.0,0,100.0,,0,0,0.0,0,0,0,64.7,65.5,0,4,0.0,0,1,1,100.0,1,83.3,1,100.0,0,4,10,10.0,4.0,4.0,,0,,,0,0,,0,0,0,,,0,0,0.0,0,2,0,100.0,2,0.0,0,0.0,0,0,0,,,0.0,,0,,,0,0,,0,0,0,,,0,0,0.0,0,1,0,100.0,1,0.0,0,0.0,0,0,0,,,0.0,2.4,1,80.0,,0,0,0.0,0,2,0,72.1,93.3,0,13,0.0,0,8,4,100.0,8,98.3,5,62.5,0,38,27,6.8,9.5,4.75,0,,0,,,0,0,,0,0,0,,,0,0,,0,0,0,,0,0.0,0,0.0,0,0,0,,,,29,,0,,,0,0,,0,0,0,,,0,0,,0,0,0,,0,0.0,0,,0,0,0,,,,,0,,,0,0,,0,0,0,,,0,0,,0,0,0,,0,0.0,0,,0,0,0,,,,,0,,,0,0,,0,0,0,,,0,0,0.0,0,3,0,100.0,3,0.0,0,0.0,0,0,0,,,0.0,,0,,,0,0,,0,0,0,,,0,0,60.0,3,5,0,40.0,2,0.0,0,0.0,0,0,0,,,0.0,,0,,,0,0,,0,0,0,,,0,0,,0,0,0,,0,0.0,0,0.0,0,0,0,,,,0,,0,,,0,0,,0,0,0,,,0,0,,0,0,0,,0,0.0,0,,0,0,0,,,,,0,,,0,0,,0,0,0,,,0,0,0.0,0,2,0,100.0,2,0.0,0,0.0,0,0,0,,,0.0,,0,,,0,0,,0,0,0,,,0,0,0.0,0,3,0,100.0,3,0.0,0,0.0,0,0,0,,,0.0,,0,,,0,0,,0,0,0,,,0,0,50.0,1,2,0,50.0,1,0.0,0,0.0,0,0,0,,,0.0,2.4,1,80.0,,0,0,0.0,0,2,0,72.1,93.3,0,13,0.0,0,5,4,100.0,5,98.3,5,83.3,0,38,27,6.8,9.5,7.6
Albert Okwuegbunam,41933,TE,LV,1,6,-4.0,2,100.0,,0,0,0.0,0,0,0,68.3,60.7,0,5,0.0,0,2,2,100.0,2,83.3,2,33.3,0,8,16,8.0,4.0,4.0,,0,,,0,0,,0,0,0,,,0,0,0.0,0,1,0,100.0,1,0.0,0,0.0,0,0,0,,,0.0,,0,,,0,0,,0,0,0,,,0,0,0.0,0,1,0,100.0,1,0.0,0,0.0,0,0,0,,,0.0,,0,,,0,0,,0,0,0,,,0,0,0.0,0,1,0,100.0,1,0.0,0,0.0,0,0,0,,,0.0,2.0,0,100.0,,0,0,0.0,0,1,0,64.7,90.4,0,16,0.0,0,3,1,100.0,3,118.8,1,33.3,0,16,14,14.0,16.0,5.33,0,21.0,0,0.0,0.0,0,1,,0,0,0,,67.1,0,0,0.0,0,1,0,100.0,1,39.6,1,16.7,0,0,0,,,0.0,23,,0,,,0,0,,0,0,0,,,0,0,,0,0,0,,0,0.0,0,,0,0,0,,,,,0,,,0,0,,0,0,0,,,0,0,0.0,0,3,0,100.0,3,0.0,0,0.0,0,0,0,,,0.0,,0,,,0,0,,0,0,0,,,0,0,0.0,0,2,0,50.0,1,0.0,0,0.0,0,0,0,,,0.0,4.0,0,100.0,,0,0,0.0,0,1,0,68.3,77.0,0,7,0.0,0,3,2,100.0,3,91.7,2,66.7,0,12,4,2.0,6.0,4.0,,0,,,0,0,,0,0,0,,,0,0,,0,0,0,,0,0.0,0,0.0,0,0,0,,,,0,-4.0,2,100.0,,0,0,0.0,0,0,0,68.3,60.7,0,5,0.0,0,2,2,100.0,2,83.3,2,100.0,0,8,16,8.0,4.0,4.0,21.0,0,0.0,0.0,0,1,,0,0,0,,67.1,0,0,0.0,0,2,0,100.0,2,39.6,1,50.0,0,0,0,,,0.0,,0,,,0,0,,0,0,0,,,0,0,,0,0,0,,0,0.0,0,,0,0,0,,,,,0,,,0,0,,0,0,0,,,0,0,0.0,0,4,0,100.0,4,0.0,0,0.0,0,0,0,,,0.0,3.3,0,100.0,,0,0,0.0,0,2,0,70.5,90.4,0,16,0.0,0,3,3,100.0,3,105.6,3,50.0,0,28,18,6.0,9.3,9.33
Ben Skowronek,27948,WR,PIT,15,6,,0,,,0,0,,0,0,0,,,0,0,,0,0,0,,0,0.0,0,0.0,0,0,0,,,,,0,,,0,0,,0,0,0,,,0,0,11.1,1,9,0,88.9,8,0.0,0,0.0,0,0,0,,,0.0,,0,,,0,0,,0,0,0,,,0,0,,0,0,0,,0,0.0,0,,0,0,0,,,,,0,,,0,0,,0,0,0,,,0,0,0.0,0,3,0,66.7,2,0.0,0,0.0,0,0,0,,,0.0,9.0,0,100.0,,0,0,0.0,0,1,0,64.7,78.6,0,22,0.0,0,11,1,100.0,11,158.3,1,9.1,1,22,13,13.0,22.0,2.0,0,,0,,,0,0,,0,0,0,,,0,0,,0,0,0,,0,0.0,0,0.0,0,0,0,,,,25,,0,,,0,0,,0,0,0,,,0,0,50.0,3,6,0,50.0,3,0.0,0,0.0,0,0,0,,,0.0,,0,,,0,0,,0,0,0,,,0,0,0.0,0,1,0,100.0,1,0.0,0,0.0,0,0,0,,,0.0,15.0,0,0.0,,0,0,,0,0,0,,59.7,0,0,0.0,0,2,0,100.0,2,39.6,1,50.0,0,0,0,,,0.0,,0,,,0,0,,0,0,0,,,0,0,0.0,0,5,0,100.0,5,0.0,0,0.0,0,0,0,,,0.0,15.3,0,66.7,,0,0,0.0,0,2,0,68.3,89.9,0,21,0.0,0,3,2,100.0,3,104.9,3,50.0,0,34,3,1.5,17.0,11.33,0,,0,,,0,0,,0,0,0,,,0,0,0.0,0,8,0,87.5,7,0.0,0,0.0,0,0,0,,,0.0,,0,,,0,0,,0,0,0,,,0,0,0.0,0,2,0,100.0,2,0.0,0,0.0,0,0,0,,,0.0,15.5,0,100.0,,0,0,0.0,0,2,0,68.3,90.8,0,21,0.0,0,2,2,100.0,2,118.8,2,100.0,0,34,3,1.5,17.0,17.0,6.0,0,50.0,,0,0,0.0,0,1,0,64.7,77.0,0,13,0.0,0,10,1,100.0,10,70.8,2,20.0,0,13,9,9.0,13.0,1.3,7.0,0,66.7,,0,0,0.0,0,2,0,68.3,88.4,0,22,0.0,0,3,2,100.0,3,145.8,3,50.0,1,35,22,11.0,17.5,11.67
Andrew Ogletree,138351,TE,IND,15,6,,0,,,0,0,,0,0,0,,,0,0,,0,0,0,,0,0.0,0,0.0,0,0,0,,,,,0,,,0,0,,0,0,0,,,0,0,20.0,1,5,0,60.0,3,0.0,0,0.0,0,0,0,,,0.0,,0,,,0,0,,0,0,0,,,0,0,50.0,1,2,0,50.0,1,0.0,0,0.0,0,0,0,,,0.0,13.0,0,100.0,100.0,1,1,0.0,0,1,0,64.7,91.0,0,4,63.6,7,11,1,36.4,4,122.9,1,25.0,1,4,0,0.0,4.0,1.0,6.0,0,66.7,0.0,0,1,0.0,0,1,0,68.3,67.1,0,11,25.0,5,20,2,70.0,14,84.0,3,21.4,0,19,6,3.0,9.5,1.36,0,,0,,,0,0,,0,0,0,,,0,0,,0,0,0,,0,0.0,0,0.0,0,0,0,,,,14,,0,,,0,0,,0,0,0,,,0,0,0.0,0,3,0,100.0,3,0.0,0,0.0,0,0,0,,,0.0,,0,,,0,0,,0,0,0,,,0,0,75.0,6,8,0,12.5,1,0.0,0,0.0,0,0,0,,,0.0,13.0,0,0.0,,0,0,,0,0,0,,58.8,0,0,57.1,4,7,0,28.6,2,39.6,1,50.0,0,0,0,,,0.0,2.0,0,100.0,,0,0,0.0,0,0,0,64.7,61.8,0,4,33.3,3,9,1,66.7,6,83.3,1,16.7,0,4,2,2.0,4.0,0.67,13.0,0,50.0,100.0,1,1,0.0,0,1,0,64.7,91.3,0,4,0.0,0,3,1,66.7,2,95.8,2,33.3,1,4,0,0.0,4.0,2.0,0,,0,,,0,0,,0,0,0,,,0,0,50.0,1,2,0,50.0,1,0.0,0,0.0,0,0,0,,,0.0,,0,,,0,0,,0,0,0,,,0,0,33.3,1,3,0,66.7,2,0.0,0,0.0,0,0,0,,,0.0,,0,,,0,0,,0,0,0,,58.8,0,0,75.0,6,8,0,12.5,1,0.0,0,0.0,0,0,0,,,0.0,,0,,,0,0,,0,0,0,,,0,0,37.5,3,8,0,62.5,5,0.0,0,0.0,0,0,0,,,0.0,5.0,0,75.0,0.0,0,1,0.0,0,1,0,70.5,67.4,0,11,0.0,0,4,3,100.0,4,88.5,4,66.7,0,23,8,2.7,7.7,5.75
Blake Whiteheart,77881,TE,CLV,14,5,,0,,,0,0,,0,0,0,,,0,0,,0,0,0,,0,0.0,0,0.0,0,0,0,,,,,0,,,0,0,,0,0,0,,,0,0,0.0,0,5,0,100.0,5,0.0,0,0.0,0,0,0,,,0.0,27.0,0,0.0,0.0,0,1,,0,0,0,,59.6,0,0,0.0,0,1,0,100.0,1,39.6,1,100.0,0,0,0,,,0.0,,0,,,0,0,,0,0,0,,,0,0,11.1,1,9,0,77.8,7,0.0,0,0.0,0,0,0,,,0.0,4.0,0,0.0,0.0,0,1,,0,0,0,,59.9,0,0,8.3,2,24,0,91.7,22,39.6,1,4.5,0,0,0,,,0.0,0,27.0,0,0.0,0.0,0,1,,0,0,0,,59.6,0,0,0.0,0,1,0,100.0,1,39.6,1,20.0,0,0,0,,,0.0,8,,0,,,0,0,,0,0,0,,,0,0,22.2,2,9,0,66.7,6,0.0,0,0.0,0,0,0,,,0.0,,0,,,0,0,,0,0,0,,,0,0,66.7,2,3,0,33.3,1,0.0,0,0.0,0,0,0,,,0.0,,0,,,0,0,,0,0,0,,,0,0,37.5,3,8,0,62.5,5,0.0,0,0.0,0,0,0,,,0.0,0.0,0,100.0,,0,0,0.0,0,0,0,64.7,61.8,0,0,28.6,2,7,1,71.4,5,79.2,1,20.0,0,0,0,0.0,0.0,0.0,,0,,,0,0,,0,0,0,,,0,0,,0,0,0,,0,0.0,0,0.0,0,0,0,,,,0,,0,,,0,0,,0,0,0,,,0,0,0.0,0,4,0,100.0,4,0.0,0,0.0,0,0,0,,,0.0,,0,,,0,0,,0,0,0,,,0,0,20.0,1,5,0,80.0,4,0.0,0,0.0,0,0,0,,,0.0,,0,,,0,0,,0,0,0,,,0,0,0.0,0,4,0,100.0,4,0.0,0,0.0,0,0,0,,,0.0,3.0,0,50.0,,0,0,0.0,0,0,1,64.7,29.6,0,4,0.0,0,12,1,91.7,11,56.3,2,18.2,0,4,1,1.0,4.0,0.36,2.5,0,50.0,0.0,0,1,0.0,0,0,1,68.3,31.5,0,4,0.0,0,4,2,100.0,4,56.3,4,80.0,0,4,1,0.5,2.0,1.0
Shane Zylstra,143786,TE,DET,5,5,,0,,,0,0,,0,0,0,,,0,0,,0,0,0,,0,0.0,0,0.0,0,0,0,,,,,0,,,0,0,,0,0,0,,,0,0,25.0,2,8,0,75.0,6,0.0,0,0.0,0,0,0,,,0.0,,0,,,0,0,,0,0,0,,,0,0,33.3,1,3,0,66.7,2,0.0,0,0.0,0,0,0,,,0.0,11.3,0,33.3,100.0,1,1,0.0,0,0,0,64.7,75.6,0,11,7.7,1,13,1,84.6,11,45.1,3,27.3,0,11,0,0.0,11.0,1.0,5.0,0,100.0,100.0,1,1,0.0,0,0,0,64.7,64.3,0,5,7.7,2,26,1,88.5,23,87.5,1,4.3,0,5,0,0.0,5.0,0.22,0,,0,,,0,0,,0,0,0,,,0,0,,0,0,0,,0,0.0,0,0.0,0,0,0,,,,11,,0,,,0,0,,0,0,0,,,0,0,33.3,1,3,0,66.7,2,0.0,0,0.0,0,0,0,,,0.0,,0,,,0,0,,0,0,0,,,0,0,,0,0,0,,0,0.0,0,,0,0,0,,,,,0,,,0,0,,0,0,0,,,0,0,0.0,0,1,0,100.0,1,0.0,0,0.0,0,0,0,,,0.0,2.0,0,100.0,,0,0,0.0,0,1,0,64.7,61.1,0,4,9.1,1,11,1,81.8,9,83.3,1,11.1,0,4,2,2.0,4.0,0.44,11.3,0,33.3,100.0,1,1,0.0,0,0,0,64.7,75.6,0,11,0.0,0,3,1,100.0,3,45.1,3,60.0,0,11,0,0.0,11.0,3.67,0,,0,,,0,0,,0,0,0,,,0,0,0.0,0,3,0,100.0,3,0.0,0,0.0,0,0,0,,,0.0,,0,,,0,0,,0,0,0,,,0,0,0.0,0,1,0,100.0,1,0.0,0,0.0,0,0,0,,,0.0,,0,,,0,0,,0,0,0,,,0,0,100.0,1,1,0,0.0,0,0.0,0,,0,0,0,,,,,0,,,0,0,,0,0,0,,,0,0,45.5,5,11,0,54.5,6,0.0,0,0.0,0,0,0,,,0.0,3.5,0,100.0,100.0,1,1,0.0,0,1,0,68.3,63.7,0,5,0.0,0,2,2,100.0,2,85.4,2,40.0,0,9,2,1.0,4.5,4.5
Tahj Washington,97288,WR,MIA,6,5,,0,,,0,0,,0,0,0,,,0,0,,0,0,0,,0,0.0,0,0.0,0,0,0,,,,,0,,,0,0,,0,0,0,,,0,0,0.0,0,4,0,100.0,4,0.0,0,0.0,0,0,0,,,0.0,45.0,0,0.0,0.0,0,1,,0,0,0,,58.1,1,0,0.0,0,2,0,100.0,2,0.0,2,100.0,0,0,0,,,0.0,,0,,,0,0,,0,0,0,,,0,0,0.0,0,5,0,100.0,5,0.0,0,0.0,0,0,0,,,0.0,4.0,0,100.0,100.0,1,1,0.0,0,0,0,64.7,60.7,0,7,0.0,0,6,1,100.0,6,95.8,1,16.7,0,7,3,3.0,7.0,1.17,0,45.0,0,0.0,0.0,0,1,,0,0,0,,57.5,1,0,0.0,0,3,0,66.7,2,0.0,2,40.0,0,0,0,,,0.0,17,,0,,,0,0,,0,0,0,,,0,0,0.0,0,2,0,100.0,2,0.0,0,0.0,0,0,0,,,0.0,,0,,,0,0,,0,0,0,,,0,0,0.0,0,1,0,100.0,1,0.0,0,0.0,0,0,0,,,0.0,,0,,,0,0,,0,0,0,,,0,0,0.0,0,2,0,100.0,2,0.0,0,0.0,0,0,0,,,0.0,,0,,,0,0,,0,0,0,,,0,0,0.0,0,1,0,100.0,1,0.0,0,0.0,0,0,0,,,0.0,19.0,0,100.0,,0,0,0.0,0,1,0,64.7,78.5,0,19,0.0,0,1,1,100.0,1,118.8,1,20.0,0,19,0,0.0,19.0,19.0,0,,0,,,0,0,,0,0,0,,,0,0,,0,0,0,,0,0.0,0,,0,0,0,,,,,0,,,0,0,,0,0,0,,59.9,0,0,0.0,0,3,0,33.3,1,0.0,0,0.0,0,0,0,,,0.0,19.0,0,100.0,,0,0,0.0,0,1,0,64.7,78.5,0,19,0.0,0,1,1,100.0,1,118.8,1,100.0,0,19,0,0.0,19.0,19.0,5.0,0,100.0,,0,0,0.0,0,0,1,64.7,44.0,0,11,0.0,0,2,1,100.0,2,112.5,1,50.0,0,11,6,6.0,11.0,5.5,4.5,0,100.0,100.0,1,1,0.0,0,0,1,68.3,47.4,0,11,0.0,0,2,2,100.0,2,104.2,2,40.0,0,18,9,4.5,9.0,9.0
Jake Bobo,77997,WR,SEA,13,5,-1.0,0,0.0,,0,0,,0,0,0,,59.1,0,0,0.0,0,1,0,100.0,1,39.6,1,20.0,0,0,0,,,0.0,,0,,,0,0,,0,0,0,,,0,0,0.0,0,2,0,100.0,2,0.0,0,0.0,0,0,0,,,0.0,22.0,0,100.0,100.0,1,1,0.0,0,1,0,64.7,90.9,0,17,0.0,0,2,1,100.0,2,158.3,1,50.0,1,17,0,0.0,17.0,8.5,14.0,0,100.0,,0,0,0.0,0,1,0,64.7,79.1,0,17,0.0,0,6,1,100.0,6,118.8,1,16.7,0,17,3,3.0,17.0,2.83,3.5,0,100.0,,0,0,0.0,0,1,0,68.3,77.2,0,16,0.0,0,11,2,100.0,11,106.3,2,18.2,0,19,12,6.0,9.5,1.73,0,22.0,0,100.0,100.0,1,1,0.0,0,1,0,64.7,90.9,0,17,0.0,0,1,1,100.0,1,158.3,1,20.0,1,17,0,0.0,17.0,17.0,29,-1.0,0,0.0,,0,0,,0,0,0,,59.1,0,0,0.0,0,4,0,100.0,4,39.6,1,25.0,0,0,0,,,0.0,,0,,,0,0,,0,0,0,,,0,0,0.0,0,1,0,0.0,0,0.0,0,,0,0,0,,,,,0,,,0,0,,0,0,0,,,0,0,,0,0,0,,0,0.0,0,,0,0,0,,,,,0,,,0,0,,0,0,0,,,0,0,0.0,0,7,0,100.0,7,0.0,0,0.0,0,0,0,,,0.0,14.0,0,100.0,,0,0,0.0,0,1,0,64.7,79.1,0,17,0.0,0,1,1,100.0,1,118.8,1,20.0,0,17,3,3.0,17.0,17.0,0,,0,,,0,0,,0,0,0,,,0,0,0.0,0,2,0,100.0,2,0.0,0,0.0,0,0,0,,,0.0,,0,,,0,0,,0,0,0,,,0,0,,0,0,0,,0,0.0,0,,0,0,0,,,,,0,,,0,0,,0,0,0,,,0,0,0.0,0,2,0,100.0,2,0.0,0,0.0,0,0,0,,,0.0,,0,,,0,0,,0,0,0,,,0,0,0.0,0,3,0,100.0,3,0.0,0,0.0,0,0,0,,,0.0,3.5,0,100.0,,0,0,0.0,0,1,0,68.3,77.2,0,16,0.0,0,2,2,100.0,2,106.3,2,40.0,0,19,12,6.0,9.5,9.5
Ben Sims,77918,TE,MIN,6,5,,0,,,0,0,,0,0,0,,,0,0,,0,0,0,,0,0.0,0,0.0,0,0,0,,,,,0,,,0,0,,0,0,0,,,0,0,33.3,1,3,0,66.7,2,0.0,0,0.0,0,0,0,,,0.0,,0,,,0,0,,0,0,0,,,0,0,,0,0,0,,0,0.0,0,,0,0,0,,,,12.0,0,0.0,0.0,0,1,,0,0,0,,59.8,0,0,33.3,1,3,0,66.7,2,39.6,1,50.0,0,0,0,,,0.0,5.3,0,66.7,100.0,1,1,0.0,0,1,0,68.3,79.0,0,9,0.0,0,3,2,100.0,3,74.3,3,100.0,0,12,4,2.0,6.0,4.0,0,,0,,,0,0,,0,0,0,,,0,0,,0,0,0,,0,0.0,0,0.0,0,0,0,,,,18,,0,,,0,0,,0,0,0,,,0,0,0.0,0,1,0,100.0,1,0.0,0,0.0,0,0,0,,,0.0,,0,,,0,0,,0,0,0,,,0,0,0.0,0,1,0,100.0,1,0.0,0,0.0,0,0,0,,,0.0,,0,,,0,0,,0,0,0,,,0,0,25.0,1,4,0,75.0,3,0.0,0,0.0,0,0,0,,,0.0,,0,,,0,0,,0,0,0,,,0,0,50.0,1,2,0,50.0,1,0.0,0,0.0,0,0,0,,,0.0,15.0,0,50.0,0.0,0,1,0.0,0,1,0,64.7,90.5,0,18,0.0,0,2,1,100.0,2,81.3,2,40.0,0,18,0,0.0,18.0,9.0,0,,0,,,0,0,,0,0,0,,,0,0,0.0,0,2,0,100.0,2,0.0,0,0.0,0,0,0,,,0.0,,0,,,0,0,,0,0,0,,,0,0,0.0,0,2,0,50.0,1,0.0,0,0.0,0,0,0,,,0.0,18.0,0,100.0,,0,0,0.0,0,1,0,64.7,91.0,0,18,0.0,0,2,1,100.0,2,118.8,1,50.0,0,18,0,0.0,18.0,9.0,,0,,,0,0,,0,0,0,,,0,0,20.0,1,5,0,80.0,4,0.0,0,0.0,0,0,0,,,0.0,5.3,0,66.7,100.0,1,1,0.0,0,1,0,68.3,79.0,0,9,0.0,0,3,2,100.0,3,74.3,3,60.0,0,12,4,2.0,6.0,4.0
David Martin-Robinson,77892,TE,TEN,11,5,,0,,,0,0,,0,0,0,,,0,0,,0,0,0,,0,0.0,0,0.0,0,0,0,,,,,0,,,0,0,,0,0,0,,,0,0,0.0,0,1,0,100.0,1,0.0,0,0.0,0,0,0,,,0.0,,0,,,0,0,,0,0,0,,,0,0,,0,0,0,,0,0.0,0,,0,0,0,,,,,0,,,0,0,,0,0,0,,,0,0,,0,0,0,,0,0.0,0,,0,0,0,,,,7.0,0,100.0,100.0,1,1,0.0,0,1,0,64.7,90.2,0,1,0.0,0,4,1,100.0,4,118.8,1,25.0,1,1,0,0.0,1.0,0.25,0,,0,,,0,0,,0,0,0,,,0,0,,0,0,0,,0,0.0,0,0.0,0,0,0,,,,31,,0,,,0,0,,0,0,0,,,0,0,100.0,1,1,0,0.0,0,0.0,0,,0,0,0,,,,,0,,,0,0,,0,0,0,,,0,0,0.0,0,1,0,100.0,1,0.0,0,0.0,0,0,0,,,0.0,,0,,,0,0,,0,0,0,,,0,0,66.7,2,3,0,33.3,1,0.0,0,0.0,0,0,0,,,0.0,4.0,1,100.0,,0,0,0.0,0,0,0,64.7,90.1,0,14,0.0,0,4,1,100.0,4,118.8,1,25.0,0,14,10,10.0,14.0,3.5,14.0,0,0.0,0.0,0,1,,0,0,0,,60.0,0,0,0.0,0,1,0,100.0,1,39.6,1,20.0,0,0,0,,,0.0,0,,0,,,0,0,,0,0,0,,,0,0,,0,0,0,,0,0.0,0,,0,0,0,,,,,0,,,0,0,,0,0,0,,,0,0,0.0,0,2,0,100.0,2,0.0,0,0.0,0,0,0,,,0.0,14.0,0,0.0,0.0,0,1,,0,0,0,,60.0,0,0,33.3,1,3,0,66.7,2,39.6,1,50.0,0,0,0,,,0.0,4.0,0,100.0,,0,0,0.0,0,2,0,68.3,94.4,0,9,0.0,0,9,2,77.8,7,97.9,2,28.6,0,15,7,3.5,7.5,2.14,4.8,1,100.0,100.0,1,1,0.0,0,3,0,72.1,96.8,0,14,0.0,0,4,4,100.0,4,137.5,4,80.0,1,30,17,4.3,7.5,7.5
Eric Saubert,11929,TE,SEA,13,5,-2.0,0,100.0,,0,0,0.0,0,0,0,64.7,63.6,0,1,0.0,0,1,1,100.0,1,79.2,1,20.0,0,1,3,3.0,1.0,1.0,,0,,,0,0,,0,0,0,,,0,0,25.0,2,8,0,75.0,6,0.0,0,0.0,0,0,0,,,0.0,,0,,,0,0,,0,0,0,,,0,0,60.0,3,5,0,20.0,1,0.0,0,0.0,0,0,0,,,0.0,,0,,,0,0,,0,0,0,,,0,0,33.3,1,3,0,33.3,1,0.0,0,0.0,0,0,0,,,0.0,5.5,0,100.0,,0,0,0.0,0,1,0,70.5,94.8,0,9,25.0,5,20,2,70.0,14,104.2,2,14.3,0,18,7,3.5,9.0,1.29,0,,0,,,0,0,,0,0,0,,,0,0,,0,0,0,,0,0.0,0,0.0,0,0,0,,,,29,,0,,,0,0,,0,0,0,,,0,0,28.6,2,7,0,71.4,5,0.0,0,0.0,0,0,0,,,0.0,,0,,,0,0,,0,0,0,,,0,0,57.1,4,7,0,42.9,3,0.0,0,0.0,0,0,0,,,0.0,,0,,,0,0,,0,0,0,,,0,0,25.0,2,8,0,62.5,5,0.0,0,0.0,0,0,0,,,0.0,,0,,,0,0,,0,0,0,,,0,0,38.5,5,13,0,61.5,8,0.0,0,0.0,0,0,0,,,0.0,15.0,0,0.0,,0,0,,0,0,0,,59.9,0,0,0.0,0,1,0,100.0,1,39.6,1,20.0,0,0,0,,,0.0,0,-2.0,0,100.0,,0,0,0.0,0,0,0,64.7,63.6,0,1,25.0,1,4,1,75.0,3,79.2,1,33.3,0,1,3,3.0,1.0,0.33,,0,,,0,0,,0,0,0,,,0,0,70.0,7,10,0,30.0,3,0.0,0,0.0,0,0,0,,,0.0,15.0,0,0.0,,0,0,,0,0,0,,59.9,0,0,50.0,3,6,0,50.0,3,39.6,1,33.3,0,0,0,,,0.0,6.0,0,100.0,,0,0,0.0,0,1,0,64.7,90.3,0,12,14.3,1,7,1,85.7,6,116.7,1,16.7,0,12,6,6.0,12.0,2.0,5.7,0,100.0,,0,0,0.0,0,2,0,72.1,96.0,0,12,0.0,0,4,3,75.0,3,108.3,3,60.0,0,30,13,4.3,10.0,10.0
Sal Cannella,60853,TE,CLV,2,5,,0,,,0,0,,0,0,0,,,0,0,,0,0,0,,0,0.0,0,0.0,0,0,0,,,,,0,,,0,0,,0,0,0,,,0,0,0.0,0,1,0,100.0,1,0.0,0,0.0,0,0,0,,,0.0,,0,,,0,0,,0,0,0,,,0,0,,0,0,0,,0,0.0,0,,0,0,0,,,,,0,,,0,0,,0,0,0,,,0,0,0.0,0,3,0,100.0,3,0.0,0,0.0,0,0,0,,,0.0,3.0,0,100.0,,0,0,0.0,0,1,0,68.3,84.3,0,6,0.0,0,3,2,100.0,3,89.6,2,66.7,0,11,5,2.5,5.5,3.67,0,39.0,0,0.0,0.0,0,1,100.0,1,0,0,27.9,28.8,0,0,0.0,0,1,0,100.0,1,39.6,1,20.0,0,0,0,,,0.0,8,,0,,,0,0,,0,0,0,,,0,0,0.0,0,2,0,100.0,2,0.0,0,0.0,0,0,0,,,0.0,39.0,0,0.0,0.0,0,1,100.0,1,0,0,27.9,28.8,0,0,0.0,0,1,0,100.0,1,39.6,1,100.0,0,0,0,,,0.0,,0,,,0,0,,0,0,0,,,0,0,0.0,0,1,0,100.0,1,0.0,0,0.0,0,0,0,,,0.0,8.0,0,0.0,,0,0,,0,0,0,,59.4,0,0,0.0,0,1,0,100.0,1,39.6,1,100.0,0,0,0,,,0.0,,0,,,0,0,,0,0,0,,,0,0,,0,0,0,,0,0.0,0,0.0,0,0,0,,,,0,,0,,,0,0,,0,0,0,,,0,0,,0,0,0,,0,0.0,0,,0,0,0,,,,,0,,,0,0,,0,0,0,,,0,0,,0,0,0,,0,0.0,0,,0,0,0,,,,,0,,,0,0,,0,0,0,,,0,0,0.0,0,1,0,100.0,1,0.0,0,0.0,0,0,0,,,0.0,6.0,0,0.0,,0,0,,0,0,0,,59.9,1,0,50.0,1,2,0,50.0,1,0.0,1,100.0,0,0,0,,,0.0,5.0,0,50.0,,0,0,0.0,0,1,0,68.3,78.7,1,6,0.0,0,4,2,100.0,4,16.7,4,80.0,0,11,5,2.5,5.5,2.75
Malik Davis,57196,HB,DAL,9,5,,0,,,0,0,,0,0,0,,,0,0,,0,0,0,,0,0.0,0,0.0,0,0,0,,,,,0,,,0,0,,0,0,0,,,0,0,66.7,2,3,0,33.3,1,0.0,0,0.0,0,0,0,,,0.0,,0,,,0,0,,0,0,0,,,0,0,14.3,1,7,0,85.7,6,0.0,0,0.0,0,0,0,,,0.0,,0,,,0,0,,0,0,0,,,0,0,36.4,4,11,0,54.5,6,0.0,0,0.0,0,0,0,,,0.0,3.6,0,40.0,0.0,0,1,33.3,1,0,0,29.9,29.9,0,10,23.5,4,17,2,76.5,13,48.8,5,38.5,0,16,6,3.0,8.0,1.23,0,,0,,,0,0,,0,0,0,,,0,0,,0,0,0,,0,0.0,0,0.0,0,0,0,,,,9,,0,,,0,0,,0,0,0,,,0,0,50.0,2,4,0,50.0,2,0.0,0,0.0,0,0,0,,,0.0,,0,,,0,0,,0,0,0,,,0,0,0.0,0,3,0,100.0,3,0.0,0,0.0,0,0,0,,,0.0,,0,,,0,0,,0,0,0,,,0,0,33.3,1,3,0,33.3,1,0.0,0,0.0,0,0,0,,,0.0,,0,,,0,0,,0,0,0,64.7,81.8,0,0,45.5,5,11,0,45.5,5,0.0,0,0.0,0,0,0,,,0.0,,0,,,0,0,,0,0,0,,,0,0,,0,0,0,,0,0.0,0,0.0,0,0,0,,,,0,,0,,,0,0,,0,0,0,,,0,0,,0,0,0,,0,0.0,0,,0,0,0,,,,,0,,,0,0,,0,0,0,,,0,0,33.3,2,6,0,50.0,3,0.0,0,0.0,0,0,0,,,0.0,,0,,,0,0,,0,0,0,,,0,0,50.0,1,2,0,50.0,1,0.0,0,0.0,0,0,0,,,0.0,,0,,,0,0,,0,0,0,,,0,0,16.7,1,6,0,83.3,5,0.0,0,0.0,0,0,0,,,0.0,3.6,0,40.0,0.0,0,1,33.3,1,0,0,36.2,43.7,0,10,0.0,0,6,2,83.3,5,48.8,5,100.0,0,16,6,3.0,8.0,3.2
Brenden Bates,53746,TE,CLV,8,5,,0,,,0,0,,0,0,0,,,0,0,,0,0,0,,0,0.0,0,0.0,0,0,0,,,,,0,,,0,0,,0,0,0,,,0,0,75.0,3,4,0,25.0,1,0.0,0,0.0,0,0,0,,,0.0,,0,,,0,0,,0,0,0,,,0,0,0.0,0,1,0,100.0,1,0.0,0,0.0,0,0,0,,,0.0,,0,,,0,0,,0,0,0,,,0,0,50.0,1,2,0,50.0,1,0.0,0,0.0,0,0,0,,,0.0,5.0,0,100.0,100.0,1,1,0.0,0,1,0,64.7,90.3,0,4,33.3,2,6,1,66.7,4,83.3,1,25.0,0,4,-1,-1.0,4.0,1.0,0,,0,,,0,0,,0,0,0,,,0,0,,0,0,0,,0,0.0,0,0.0,0,0,0,,,,8,,0,,,0,0,,0,0,0,,,0,0,66.7,2,3,0,33.3,1,0.0,0,0.0,0,0,0,,,0.0,,0,,,0,0,,0,0,0,,,0,0,100.0,2,2,0,0.0,0,0.0,0,,0,0,0,,,,,0,,,0,0,,0,0,0,,,0,0,100.0,2,2,0,0.0,0,0.0,0,,0,0,0,,,,,0,,,0,0,,0,0,0,,,0,0,0.0,0,2,0,100.0,2,0.0,0,0.0,0,0,0,,,0.0,15.5,1,100.0,,0,0,0.0,0,2,0,68.3,94.1,0,19,0.0,0,2,2,100.0,2,118.8,2,40.0,0,38,7,3.5,19.0,19.0,0,,0,,,0,0,,0,0,0,,,0,0,100.0,2,2,0,0.0,0,0.0,0,,0,0,0,,,,,0,,,0,0,,0,0,0,,,0,0,0.0,0,2,0,100.0,2,0.0,0,0.0,0,0,0,,,0.0,15.5,1,100.0,,0,0,0.0,0,2,0,68.3,94.1,0,19,0.0,0,2,2,100.0,2,118.8,2,100.0,0,38,7,3.5,19.0,19.0,2.0,0,50.0,0.0,0,1,50.0,1,0,0,28.8,30.0,0,6,0.0,0,5,1,100.0,5,56.3,2,40.0,0,6,3,3.0,6.0,1.2,3.0,0,66.7,50.0,1,2,33.3,1,1,0,29.9,57.7,0,6,0.0,0,3,2,100.0,3,71.5,3,60.0,0,10,2,1.0,5.0,3.33
Kendre Miller,123091,HB,NO,7,5,-3.3,1,100.0,,0,0,0.0,0,0,0,70.5,71.7,0,8,0.0,0,3,3,100.0,3,90.3,3,60.0,0,17,27,9.0,5.7,5.67,-4.5,1,100.0,,0,0,0.0,0,0,0,68.3,69.3,0,5,0.0,0,2,2,100.0,2,85.4,2,100.0,0,9,18,9.0,4.5,4.5,,0,,,0,0,,0,0,0,,,0,0,50.0,1,2,0,50.0,1,0.0,0,0.0,0,0,0,,,0.0,,0,,,0,0,,0,0,0,,,0,0,0.0,0,1,0,100.0,1,0.0,0,0.0,0,0,0,,,0.0,4.0,0,100.0,,0,0,0.0,0,1,0,68.3,83.2,0,11,18.2,2,11,1,63.6,7,112.5,1,14.3,0,11,7,7.0,11.0,1.57,0,,0,,,0,0,,0,0,0,,,0,0,,0,0,0,,0,0.0,0,0.0,0,0,0,,,,20,,0,,,0,0,,0,0,0,,,0,0,100.0,1,1,0,0.0,0,0.0,0,,0,0,0,,,,,0,,,0,0,,0,0,0,,,0,0,,0,0,0,,0,0.0,0,,0,0,0,,,,,0,,,0,0,,0,0,0,,,0,0,66.7,4,6,0,33.3,2,0.0,0,0.0,0,0,0,,,0.0,,0,,,0,0,,0,0,0,,,0,0,0.0,0,1,0,100.0,1,0.0,0,0.0,0,0,0,,,0.0,,0,,,0,0,,0,0,0,,,0,0,,0,0,0,,0,0.0,0,0.0,0,0,0,,,,0,-1.0,0,100.0,,0,0,0.0,0,0,0,64.7,65.5,0,8,25.0,1,4,1,50.0,2,100.0,1,50.0,0,8,9,9.0,8.0,4.0,,0,,,0,0,,0,0,0,,,0,0,75.0,3,4,0,25.0,1,0.0,0,0.0,0,0,0,,,0.0,,0,,,0,0,,0,0,0,,,0,0,0.0,0,3,0,100.0,3,0.0,0,0.0,0,0,0,,,0.0,1.0,0,100.0,100.0,1,1,0.0,0,0,0,64.7,61.5,0,2,40.0,4,10,1,60.0,6,79.2,1,16.7,0,2,1,1.0,2.0,0.33,2.5,0,100.0,100.0,1,1,0.0,0,1,0,70.5,74.3,0,11,0.0,0,3,2,66.7,2,93.8,2,40.0,0,13,8,4.0,6.5,6.5
Shedrick Jackson,84136,WR,LV,5,5,,0,,,0,0,,0,0,0,,,0,0,,0,0,0,,0,0.0,0,0.0,0,0,0,,,,,0,,,0,0,,0,0,0,,,0,0,0.0,0,1,0,100.0,1,0.0,0,0.0,0,0,0,,,0.0,27.0,0,100.0,,0,0,0.0,0,1,0,64.7,90.9,0,25,0.0,0,1,1,100.0,1,158.3,1,100.0,1,25,0,0.0,25.0,25.0,,0,,,0,0,,0,0,0,,,0,0,0.0,0,1,0,100.0,1,0.0,0,0.0,0,0,0,,,0.0,,0,,,0,0,,0,0,0,,,0,0,0.0,0,4,0,100.0,4,0.0,0,0.0,0,0,0,,,0.0,0,28.5,0,50.0,0.0,0,1,0.0,0,1,0,64.7,90.4,0,25,0.0,0,2,1,100.0,2,135.4,2,40.0,1,25,0,0.0,25.0,12.5,23,,0,,,0,0,,0,0,0,,,0,0,,0,0,0,,0,0.0,0,,0,0,0,,,,,0,,,0,0,,0,0,0,,,0,0,,0,0,0,,0,0.0,0,,0,0,0,,,,11.0,0,100.0,,0,0,0.0,0,1,0,64.7,79.2,0,11,0.0,0,1,1,100.0,1,112.5,1,100.0,0,11,0,0.0,11.0,11.0,,0,,,0,0,,0,0,0,,,0,0,0.0,0,1,0,100.0,1,0.0,0,0.0,0,0,0,,,0.0,10.5,0,100.0,,0,0,0.0,0,1,0,68.3,76.4,0,11,0.0,0,2,2,100.0,2,112.5,2,40.0,0,22,1,0.5,11.0,11.0,0,,0,,,0,0,,0,0,0,,,0,0,0.0,0,1,0,100.0,1,0.0,0,0.0,0,0,0,,,0.0,30.0,0,0.0,0.0,0,1,,0,0,0,,59.9,0,0,0.0,0,1,0,100.0,1,39.6,1,100.0,0,0,0,,,0.0,10.0,0,100.0,,0,0,0.0,0,0,0,64.7,60.5,0,11,0.0,0,1,1,100.0,1,112.5,1,100.0,0,11,1,1.0,11.0,11.0,5.0,0,100.0,,0,0,0.0,0,0,0,64.7,61.1,0,9,0.0,0,3,1,100.0,3,104.2,1,33.3,0,9,4,4.0,9.0,3.0,5.0,0,100.0,,0,0,0.0,0,0,0,64.7,61.1,0,9,0.0,0,1,1,100.0,1,104.2,1,20.0,0,9,4,4.0,9.0,9.0
Devin Duvernay,40006,WR,CHI,6,5,,0,,,0,0,,0,0,0,,,0,0,,0,0,0,,0,0.0,0,0.0,0,0,0,,,,,0,,,0,0,,0,0,0,,,0,0,0.0,0,2,0,100.0,2,0.0,0,0.0,0,0,0,,,0.0,,0,,,0,0,,0,0,0,,,0,0,0.0,0,2,0,100.0,2,0.0,0,0.0,0,0,0,,,0.0,,0,,,0,0,,0,0,0,,,0,0,0.0,0,1,0,100.0,1,0.0,0,0.0,0,0,0,,,0.0,2.0,0,100.0,100.0,1,1,0.0,0,0,0,64.7,60.5,0,2,0.0,0,5,1,100.0,5,79.2,1,20.0,0,2,0,0.0,2.0,0.4,0,31.0,0,50.0,100.0,1,1,0.0,0,1,0,64.7,89.6,0,24,0.0,0,2,1,100.0,2,93.8,2,40.0,0,24,0,0.0,24.0,12.0,6,,0,,,0,0,,0,0,0,,,0,0,,0,0,0,,0,0.0,0,,0,0,0,,,,,0,,,0,0,,0,0,0,,,0,0,,0,0,0,,0,0.0,0,,0,0,0,,,,12.0,0,0.0,0.0,0,1,,0,0,0,,59.3,0,0,0.0,0,3,0,100.0,3,39.6,1,33.3,0,0,0,,,0.0,,0,,,0,0,,0,0,0,64.7,79.1,0,0,0.0,0,1,0,0.0,0,0.0,0,,0,0,0,,,,12.0,0,0.0,0.0,0,1,,0,0,0,,59.3,0,0,0.0,0,1,0,100.0,1,39.6,1,20.0,0,0,0,,,0.0,0,,0,,,0,0,,0,0,0,,,0,0,,0,0,0,,0,0.0,0,,0,0,0,,,,31.0,0,50.0,100.0,1,1,0.0,0,1,0,64.7,89.6,0,24,0.0,0,2,1,100.0,2,93.8,2,100.0,0,24,0,0.0,24.0,12.0,,0,,,0,0,,0,0,0,,,0,0,0.0,0,2,0,100.0,2,0.0,0,0.0,0,0,0,,,0.0,5.0,0,0.0,,0,0,,0,0,0,,59.9,0,0,0.0,0,5,0,100.0,5,39.6,1,20.0,0,0,0,,,0.0,3.5,0,50.0,100.0,1,1,0.0,0,0,0,68.3,74.8,0,2,0.0,0,3,1,66.7,2,56.3,2,40.0,0,2,0,0.0,2.0,1.0
Trent Sherfield,48021,WR,ARZ,12,5,-1.0,0,100.0,,0,0,0.0,0,0,0,64.7,61.0,0,3,0.0,0,1,1,100.0,1,79.2,1,20.0,0,3,4,4.0,3.0,3.0,,0,,,0,0,,0,0,0,,,0,0,0.0,0,7,0,85.7,6,0.0,0,0.0,0,0,0,,,0.0,,0,,,0,0,,0,0,0,,,0,0,,0,0,0,,0,0.0,0,,0,0,0,,,,,0,,,0,0,,0,0,0,,,0,0,0.0,0,6,0,66.7,4,0.0,0,0.0,0,0,0,,,0.0,4.5,0,100.0,,0,0,0.0,0,1,0,68.3,76.3,0,15,3.8,1,26,2,92.3,24,104.2,2,8.3,0,18,9,4.5,9.0,0.75,0,29.0,0,0.0,,0,0,,0,0,0,,59.9,0,0,0.0,0,1,0,100.0,1,39.6,1,20.0,0,0,0,,,0.0,1,,0,,,0,0,,0,0,0,,,0,0,16.7,1,6,0,66.7,4,0.0,0,0.0,0,0,0,,,0.0,29.0,0,0.0,,0,0,,0,0,0,,59.9,0,0,0.0,0,3,0,100.0,3,39.6,1,33.3,0,0,0,,,0.0,,0,,,0,0,,0,0,0,,,0,0,0.0,0,2,0,50.0,1,0.0,0,0.0,0,0,0,,,0.0,,0,,,0,0,,0,0,0,,,0,0,12.5,1,8,0,87.5,7,0.0,0,0.0,0,0,0,,,0.0,,0,,,0,0,,0,0,0,,,0,0,,0,0,0,,0,0.0,0,0.0,0,0,0,,,,0,-1.0,0,100.0,,0,0,0.0,0,0,0,64.7,61.0,0,3,0.0,0,6,1,100.0,6,79.2,1,16.7,0,3,4,4.0,3.0,0.5,,0,,,0,0,,0,0,0,,,0,0,0.0,0,1,0,100.0,1,0.0,0,0.0,0,0,0,,,0.0,,0,,,0,0,,0,0,0,,,0,0,20.0,1,5,0,80.0,4,0.0,0,0.0,0,0,0,,,0.0,6.0,0,0.0,,0,0,,0,0,0,,59.9,0,0,0.0,0,6,0,100.0,6,39.6,1,16.7,0,0,0,,,0.0,5.0,0,66.7,,0,0,0.0,0,1,0,68.3,74.7,0,15,0.0,0,3,2,100.0,3,82.6,3,60.0,0,18,9,4.5,9.0,6.0
Tip Reiman,129423,TE,ARZ,4,5,-1.0,1,100.0,,0,0,0.0,0,0,0,64.7,61.8,0,2,0.0,0,1,1,100.0,1,79.2,1,20.0,0,2,3,3.0,2.0,2.0,,0,,,0,0,,0,0,0,,,0,0,20.0,1,5,0,80.0,4,0.0,0,0.0,0,0,0,,,0.0,,0,,,0,0,,0,0,0,,,0,0,0.0,0,1,0,100.0,1,0.0,0,0.0,0,0,0,,,0.0,,0,,,0,0,,0,0,0,,,0,0,50.0,1,2,0,50.0,1,0.0,0,0.0,0,0,0,,,0.0,5.3,0,66.7,0.0,0,1,0.0,0,1,0,68.3,88.7,0,10,12.5,1,8,2,75.0,6,79.9,3,50.0,0,16,6,3.0,8.0,2.67,0,,0,,,0,0,,0,0,0,,,0,0,,0,0,0,,0,0.0,0,0.0,0,0,0,,,,1,-1.0,1,100.0,,0,0,0.0,0,0,0,64.7,61.8,0,2,50.0,1,2,1,50.0,1,79.2,1,100.0,0,2,3,3.0,2.0,2.0,,0,,,0,0,,0,0,0,,,0,0,,0,0,0,,0,0.0,0,,0,0,0,,,,,0,,,0,0,,0,0,0,,,0,0,0.0,0,1,0,100.0,1,0.0,0,0.0,0,0,0,,,0.0,,0,,,0,0,,0,0,0,,,0,0,25.0,1,4,0,75.0,3,0.0,0,0.0,0,0,0,,,0.0,,0,,,0,0,,0,0,0,,,0,0,,0,0,0,,0,0.0,0,0.0,0,0,0,,,,0,,0,,,0,0,,0,0,0,,,0,0,50.0,1,2,0,50.0,1,0.0,0,0.0,0,0,0,,,0.0,,0,,,0,0,,0,0,0,,,0,0,50.0,1,2,0,50.0,1,0.0,0,0.0,0,0,0,,,0.0,,0,,,0,0,,0,0,0,,,0,0,,0,0,0,,0,0.0,0,,0,0,0,,,,9.0,0,0.0,0.0,0,1,100.0,1,0,0,28.0,28.8,0,0,16.7,1,6,0,83.3,5,39.6,1,20.0,0,0,0,,,0.0,6.3,0,50.0,0.0,0,2,33.3,1,1,0,30.0,56.8,0,10,0.0,0,4,2,100.0,4,60.4,4,80.0,0,16,6,3.0,8.0,4.0
Jonathan Mingo,97774,WR,DAL,6,4,,0,,,0,0,,0,0,0,,,0,0,,0,0,0,,0,0.0,0,0.0,0,0,0,,,,,0,,,0,0,,0,0,0,,,0,0,0.0,0,2,0,100.0,2,0.0,0,0.0,0,0,0,,,0.0,21.0,0,100.0,,0,0,0.0,0,1,0,64.7,79.4,0,25,0.0,0,1,1,100.0,1,118.8,1,100.0,0,25,4,4.0,25.0,25.0,18.0,0,0.0,0.0,0,1,100.0,1,0,0,28.0,41.9,0,0,0.0,0,6,0,100.0,6,39.6,1,16.7,0,0,0,,,0.0,,0,,,0,0,,0,0,0,,,0,0,0.0,0,8,0,100.0,8,0.0,0,0.0,0,0,0,,,0.0,0,21.0,0,100.0,,0,0,0.0,0,1,0,64.7,78.4,0,25,0.0,0,2,1,50.0,1,118.8,1,25.0,0,25,4,4.0,25.0,25.0,9,,0,,,0,0,,0,0,0,,,0,0,0.0,0,1,0,100.0,1,0.0,0,0.0,0,0,0,,,0.0,,0,,,0,0,,0,0,0,,,0,0,0.0,0,1,0,100.0,1,0.0,0,0.0,0,0,0,,,0.0,10.0,0,0.0,,0,0,,0,0,0,,59.7,0,0,0.0,0,3,0,100.0,3,39.6,1,33.3,0,0,0,,,0.0,8.0,0,0.0,,0,0,,0,0,0,,59.7,0,0,0.0,0,4,0,100.0,4,39.6,1,25.0,0,0,0,,,0.0,14.0,0,0.0,0.0,0,1,100.0,1,0,0,28.0,40.4,0,0,0.0,0,2,0,100.0,2,39.6,2,50.0,0,0,0,,,0.0,0,,0,,,0,0,,0,0,0,,,0,0,0.0,0,1,0,100.0,1,0.0,0,0.0,0,0,0,,,0.0,,0,,,0,0,,0,0,0,,60.0,0,0,0.0,0,3,0,33.3,1,0.0,0,0.0,0,0,0,,,0.0,,0,,,0,0,,0,0,0,,,0,0,0.0,0,1,0,100.0,1,0.0,0,0.0,0,0,0,,,0.0,,0,,,0,0,,0,0,0,,,0,0,0.0,0,3,0,100.0,3,0.0,0,0.0,0,0,0,,,0.0,8.0,0,0.0,,0,0,,0,0,0,,59.7,0,0,0.0,0,1,0,100.0,1,39.6,1,25.0,0,0,0,,,0.0
James Mitchell,77885,TE,CAR,5,4,-3.0,0,100.0,,0,0,0.0,0,1,0,64.7,90.2,0,9,0.0,0,1,1,100.0,1,104.2,1,25.0,0,9,12,12.0,9.0,9.0,-3.0,0,100.0,,0,0,0.0,0,1,0,64.7,90.2,0,9,0.0,0,1,1,100.0,1,104.2,1,100.0,0,9,12,12.0,9.0,9.0,,0,,,0,0,,0,0,0,,,0,0,,0,0,0,,0,0.0,0,,0,0,0,,,,,0,,,0,0,,0,0,0,,,0,0,50.0,2,4,0,50.0,2,0.0,0,0.0,0,0,0,,,0.0,8.0,0,100.0,,0,0,0.0,0,0,0,64.7,61.3,0,8,0.0,0,2,1,100.0,2,100.0,1,50.0,0,8,0,0.0,8.0,4.0,0,,0,,,0,0,,0,0,0,,,0,0,,0,0,0,,0,0.0,0,0.0,0,0,0,,,,5,,0,,,0,0,,0,0,0,,,0,0,0.0,0,1,0,100.0,1,0.0,0,0.0,0,0,0,,,0.0,,0,,,0,0,,0,0,0,,,0,0,,0,0,0,,0,0.0,0,,0,0,0,,,,,0,,,0,0,,0,0,0,,,0,0,,0,0,0,,0,0.0,0,,0,0,0,,,,,0,,,0,0,,0,0,0,,,0,0,0.0,0,2,0,100.0,2,0.0,0,0.0,0,0,0,,,0.0,,0,,,0,0,,0,0,0,,,0,0,,0,0,0,,0,0.0,0,0.0,0,0,0,,,,0,,0,,,0,0,,0,0,0,,,0,0,0.0,0,1,0,100.0,1,0.0,0,0.0,0,0,0,,,0.0,,0,,,0,0,,0,0,0,,,0,0,,0,0,0,,0,0.0,0,,0,0,0,,,,,0,,,0,0,,0,0,0,,,0,0,,0,0,0,,0,0.0,0,,0,0,0,,,,2.5,0,50.0,0.0,0,1,0.0,0,1,0,64.7,90.9,0,11,0.0,0,3,1,100.0,3,66.7,2,66.7,0,11,10,10.0,11.0,3.67,4.3,0,66.7,0.0,0,1,0.0,0,1,0,68.3,82.6,0,11,0.0,0,3,2,100.0,3,84.0,3,75.0,0,19,10,5.0,9.5,6.33
Efton Chism III,141521,WR,NE,8,4,,0,,,0,0,,0,0,0,,,0,0,,0,0,0,,0,0.0,0,0.0,0,0,0,,,,,0,,,0,0,,0,0,0,,,0,0,0.0,0,2,0,100.0,2,0.0,0,0.0,0,0,0,,,0.0,,0,,,0,0,,0,0,0,,59.9,0,0,0.0,0,1,0,0.0,0,0.0,0,,0,0,0,,,,,0,,,0,0,,0,0,0,,,0,0,0.0,0,4,0,75.0,3,0.0,0,0.0,0,0,0,,,0.0,6.0,0,100.0,,0,0,0.0,0,1,0,64.7,91.0,0,30,0.0,0,9,1,100.0,9,118.8,1,11.1,0,30,24,24.0,30.0,3.33,0,,0,,,0,0,,0,0,0,,59.9,0,0,0.0,0,1,0,0.0,0,0.0,0,0.0,0,0,0,,,,19,,0,,,0,0,,0,0,0,,,0,0,50.0,1,2,0,50.0,1,0.0,0,0.0,0,0,0,,,0.0,,0,,,0,0,,0,0,0,,,0,0,0.0,0,2,0,50.0,1,0.0,0,0.0,0,0,0,,,0.0,16.0,0,100.0,,0,0,0.0,0,1,0,64.7,78.8,0,20,0.0,0,3,1,100.0,3,118.8,1,33.3,0,20,4,4.0,20.0,6.67,,0,,,0,0,,0,0,0,,,0,0,0.0,0,4,0,100.0,4,0.0,0,0.0,0,0,0,,,0.0,16.0,0,100.0,100.0,1,1,0.0,0,3,0,70.5,95.4,0,35,0.0,0,3,3,100.0,3,158.3,3,75.0,1,65,20,6.7,21.7,21.67,0,,0,,,0,0,,0,0,0,,,0,0,0.0,0,1,0,100.0,1,0.0,0,0.0,0,0,0,,,0.0,,0,,,0,0,,0,0,0,,,0,0,0.0,0,2,0,100.0,2,0.0,0,0.0,0,0,0,,,0.0,16.0,0,100.0,100.0,1,1,0.0,0,2,0,68.3,95.0,0,35,0.0,0,4,2,75.0,3,158.3,2,66.7,1,45,16,8.0,22.5,15.0,,0,,,0,0,,0,0,0,,,0,0,0.0,0,6,0,100.0,6,0.0,0,0.0,0,0,0,,,0.0,6.0,0,100.0,,0,0,0.0,0,1,0,64.7,91.0,0,30,0.0,0,1,1,100.0,1,118.8,1,25.0,0,30,24,24.0,30.0,30.0
Scott Matlock,82482,FB,LAC,17,4,-1.3,0,100.0,,0,0,0.0,0,1,0,70.5,77.9,0,5,0.0,0,3,3,100.0,3,118.8,3,75.0,1,8,12,4.0,2.7,2.67,,0,,,0,0,,0,0,0,,,0,0,25.0,2,8,0,75.0,6,0.0,0,0.0,0,0,0,,,0.0,,0,,,0,0,,0,0,0,,,0,0,75.0,3,4,0,25.0,1,0.0,0,0.0,0,0,0,,,0.0,,0,,,0,0,,0,0,0,,,0,0,76.9,10,13,0,23.1,3,0.0,0,0.0,0,0,0,,,0.0,,0,,,0,0,,0,0,0,,,0,0,63.6,7,11,0,36.4,4,0.0,0,0.0,0,0,0,,,0.0,0,,0,,,0,0,,0,0,0,,,0,0,,0,0,0,,0,0.0,0,0.0,0,0,0,,,,27,,0,,,0,0,,0,0,0,,,0,0,50.0,2,4,0,50.0,2,0.0,0,0.0,0,0,0,,,0.0,,0,,,0,0,,0,0,0,,,0,0,100.0,2,2,0,0.0,0,0.0,0,,0,0,0,,,,,0,,,0,0,,0,0,0,,,0,0,57.1,4,7,0,42.9,3,0.0,0,0.0,0,0,0,,,0.0,,0,,,0,0,,0,0,0,,,0,0,50.0,2,4,0,50.0,2,0.0,0,0.0,0,0,0,,,0.0,,0,,,0,0,,0,0,0,,,0,0,,0,0,0,,0,0.0,0,0.0,0,0,0,,,,0,-1.3,0,100.0,,0,0,0.0,0,1,0,70.5,77.9,0,5,12.5,1,8,3,87.5,7,118.8,3,42.9,1,8,12,4.0,2.7,1.14,,0,,,0,0,,0,0,0,,,0,0,0.0,0,1,0,100.0,1,0.0,0,0.0,0,0,0,,,0.0,,0,,,0,0,,0,0,0,,,0,0,83.3,5,6,0,16.7,1,0.0,0,0.0,0,0,0,,,0.0,2.0,0,100.0,,0,0,0.0,0,0,0,64.7,60.4,0,4,75.0,9,12,1,25.0,3,83.3,1,33.3,0,4,2,2.0,4.0,1.33,2.0,0,100.0,,0,0,0.0,0,0,0,64.7,60.4,0,4,0.0,0,1,1,100.0,1,83.3,1,25.0,0,4,2,2.0,4.0,4.0
Keleki Latu,146291,TE,BUF,5,4,-1.0,1,100.0,,0,0,0.0,0,1,0,64.7,90.3,0,14,0.0,0,1,1,100.0,1,118.8,1,25.0,0,14,15,15.0,14.0,14.0,-1.0,1,100.0,,0,0,0.0,0,1,0,64.7,90.3,0,14,33.3,2,6,1,66.7,4,118.8,1,25.0,0,14,15,15.0,14.0,3.5,,0,,,0,0,,0,0,0,,,0,0,,0,0,0,,0,0.0,0,,0,0,0,,,,,0,,,0,0,,0,0,0,,,0,0,0.0,0,7,0,100.0,7,0.0,0,0.0,0,0,0,,,0.0,3.0,1,100.0,100.0,1,1,0.0,0,1,0,68.3,89.7,0,10,16.7,2,12,2,75.0,9,95.8,2,22.2,0,14,8,4.0,7.0,1.56,0,,0,,,0,0,,0,0,0,,,0,0,,0,0,0,,0,0.0,0,0.0,0,0,0,,,,4,,0,,,0,0,,0,0,0,,,0,0,,0,0,0,,0,0.0,0,,0,0,0,,,,,0,,,0,0,,0,0,0,,,0,0,0.0,0,2,0,100.0,2,0.0,0,0.0,0,0,0,,,0.0,,0,,,0,0,,0,0,0,,,0,0,,0,0,0,,0,0.0,0,,0,0,0,,,,6.0,0,100.0,,0,0,0.0,0,1,0,64.7,78.6,0,7,14.3,1,7,1,71.4,5,95.8,1,20.0,0,7,1,1.0,7.0,1.4,,0,,,0,0,,0,0,0,,,0,0,,0,0,0,,0,0.0,0,0.0,0,0,0,,,,0,,0,,,0,0,,0,0,0,,,0,0,,0,0,0,,0,0.0,0,,0,0,0,,,,,0,,,0,0,,0,0,0,,,0,0,0.0,0,2,0,100.0,2,0.0,0,0.0,0,0,0,,,0.0,,0,,,0,0,,0,0,0,,,0,0,0.0,0,2,0,100.0,2,0.0,0,0.0,0,0,0,,,0.0,,0,,,0,0,,0,0,0,,,0,0,,0,0,0,,0,0.0,0,,0,0,0,,,,4.0,1,100.0,100.0,1,1,0.0,0,2,0,70.5,91.9,0,10,0.0,0,3,3,100.0,3,95.8,3,75.0,0,21,9,3.0,7.0,7.0
Hassan Haskins,83701,HB,LAC,8,4,-3.5,1,100.0,,0,0,0.0,0,0,0,68.3,69.0,0,2,0.0,0,2,2,100.0,2,79.2,2,50.0,0,2,9,4.5,1.0,1.0,-3.0,1,100.0,,0,0,0.0,0,0,0,64.7,65.1,0,2,66.7,2,3,1,33.3,1,79.2,1,100.0,0,2,5,5.0,2.0,2.0,,0,,,0,0,,0,0,0,,,0,0,50.0,1,2,0,50.0,1,0.0,0,0.0,0,0,0,,,0.0,,0,,,0,0,,0,0,0,,,0,0,12.5,1,8,0,87.5,7,0.0,0,0.0,0,0,0,,,0.0,1.5,0,100.0,,0,0,0.0,0,0,0,68.3,82.9,0,9,21.4,3,14,2,71.4,10,89.6,2,20.0,0,11,8,4.0,5.5,1.1,0,,0,,,0,0,,0,0,0,,,0,0,,0,0,0,,0,0.0,0,0.0,0,0,0,,,,27,,0,,,0,0,,0,0,0,,,0,0,,0,0,0,,0,0.0,0,,0,0,0,,,,,0,,,0,0,,0,0,0,,,0,0,100.0,2,2,0,0.0,0,0.0,0,,0,0,0,,,,,0,,,0,0,,0,0,0,,,0,0,,0,0,0,,0,0.0,0,,0,0,0,,,,,0,,,0,0,,0,0,0,,,0,0,60.0,3,5,0,40.0,2,0.0,0,0.0,0,0,0,,,0.0,,0,,,0,0,,0,0,0,,,0,0,,0,0,0,,0,0.0,0,0.0,0,0,0,,,,0,-4.0,0,100.0,,0,0,0.0,0,0,0,64.7,65.6,0,0,0.0,0,2,1,100.0,2,79.2,1,50.0,0,0,4,4.0,0.0,0.0,,0,,,0,0,,0,0,0,,,0,0,0.0,0,1,0,100.0,1,0.0,0,0.0,0,0,0,,,0.0,,0,,,0,0,,0,0,0,,,0,0,0.0,0,2,0,100.0,2,0.0,0,0.0,0,0,0,,,0.0,,0,,,0,0,,0,0,0,,,0,0,11.1,1,9,0,88.9,8,0.0,0,0.0,0,0,0,,,0.0,1.5,0,100.0,,0,0,0.0,0,0,0,68.3,82.9,0,9,0.0,0,2,2,100.0,2,89.6,2,50.0,0,11,8,4.0,5.5,5.5
Andre Baccellia,47901,WR,ARZ,4,4,-4.0,1,100.0,,0,0,0.0,0,0,0,64.7,61.0,0,3,0.0,0,1,1,100.0,1,79.2,1,25.0,0,3,7,7.0,3.0,3.0,,0,,,0,0,,0,0,0,,,0,0,0.0,0,5,0,100.0,5,0.0,0,0.0,0,0,0,,,0.0,,0,,,0,0,,0,0,0,,,0,0,0.0,0,2,0,100.0,2,0.0,0,0.0,0,0,0,,,0.0,,0,,,0,0,,0,0,0,,,0,0,0.0,0,6,0,100.0,6,0.0,0,0.0,0,0,0,,,0.0,3.0,0,0.0,,0,0,,0,0,0,,60.0,0,0,0.0,0,19,0,100.0,19,39.6,1,5.3,0,0,0,,,0.0,0,,0,,,0,0,,0,0,0,,,0,0,,0,0,0,,0,0.0,0,0.0,0,0,0,,,,1,,0,,,0,0,,0,0,0,,,0,0,,0,0,0,,0,0.0,0,,0,0,0,,,,,0,,,0,0,,0,0,0,,,0,0,0.0,0,2,0,100.0,2,0.0,0,0.0,0,0,0,,,0.0,,0,,,0,0,,0,0,0,,,0,0,0.0,0,5,0,100.0,5,0.0,0,0.0,0,0,0,,,0.0,3.5,0,50.0,,0,0,50.0,1,0,0,28.8,43.3,0,5,0.0,0,6,1,100.0,6,56.3,2,33.3,0,5,0,0.0,5.0,0.83,,0,,,0,0,,0,0,0,,,0,0,,0,0,0,,0,0.0,0,0.0,0,0,0,,,,0,-4.0,1,100.0,,0,0,0.0,0,0,0,64.7,61.0,0,3,0.0,0,2,1,100.0,2,79.2,1,50.0,0,3,7,7.0,3.0,1.5,,0,,,0,0,,0,0,0,,,0,0,,0,0,0,,0,0.0,0,,0,0,0,,,,,0,,,0,0,,0,0,0,,,0,0,0.0,0,4,0,100.0,4,0.0,0,0.0,0,0,0,,,0.0,,0,,,0,0,,0,0,0,,,0,0,0.0,0,8,0,100.0,8,0.0,0,0.0,0,0,0,,,0.0,3.3,0,33.3,,0,0,50.0,1,0,0,28.8,43.8,0,5,0.0,0,3,1,100.0,3,42.4,3,75.0,0,5,0,0.0,5.0,1.67
Tank Bigsby,123974,HB,PHI,13,4,-4.0,3,100.0,,0,0,0.0,0,0,0,68.3,68.9,0,2,0.0,0,2,2,100.0,2,79.2,2,50.0,0,1,9,4.5,0.5,0.5,,0,,,0,0,,0,0,0,,,0,0,0.0,0,2,0,100.0,2,0.0,0,0.0,0,0,0,,,0.0,,0,,,0,0,,0,0,0,,,0,0,0.0,0,2,0,100.0,2,0.0,0,0.0,0,0,0,,,0.0,,0,,,0,0,,0,0,0,,,0,0,40.0,2,5,0,60.0,3,0.0,0,0.0,0,0,0,,,0.0,,0,,,0,0,,0,0,0,,,0,0,20.0,1,5,0,80.0,4,0.0,0,0.0,0,0,0,,,0.0,0,,0,,,0,0,,0,0,0,,,0,0,,0,0,0,,0,0.0,0,0.0,0,0,0,,,,24,-1.0,2,100.0,,0,0,0.0,0,0,0,64.7,65.4,0,2,0.0,0,2,1,100.0,2,79.2,1,50.0,0,2,3,3.0,2.0,1.0,,0,,,0,0,,0,0,0,,,0,0,0.0,0,2,0,100.0,2,0.0,0,0.0,0,0,0,,,0.0,,0,,,0,0,,0,0,0,,,0,0,0.0,0,2,0,100.0,2,0.0,0,0.0,0,0,0,,,0.0,1.0,0,0.0,,0,0,100.0,1,0,0,28.0,26.1,0,0,25.0,2,8,0,75.0,6,39.6,1,16.7,0,0,0,,,0.0,,0,,,0,0,,0,0,0,,,0,0,,0,0,0,,0,0.0,0,0.0,0,0,0,,,,0,-7.0,1,100.0,,0,0,0.0,0,0,0,64.7,65.2,0,-1,0.0,0,1,1,100.0,1,79.2,1,100.0,0,-1,6,6.0,-1.0,-1.0,,0,,,0,0,,0,0,0,,,0,0,0.0,0,1,0,100.0,1,0.0,0,0.0,0,0,0,,,0.0,,0,,,0,0,,0,0,0,,,0,0,42.9,3,7,0,57.1,4,0.0,0,0.0,0,0,0,,,0.0,1.0,1,100.0,,0,0,0.0,0,1,0,64.7,90.5,0,31,16.7,2,12,1,83.3,10,118.8,1,10.0,0,31,30,30.0,31.0,3.1,1.0,1,50.0,,0,0,50.0,1,1,0,28.9,39.6,0,31,0.0,0,2,1,100.0,2,95.8,2,50.0,0,31,30,30.0,31.0,15.5
Cody White,61448,WR,SEA,9,4,,0,,,0,0,,0,0,0,,,0,0,,0,0,0,,0,0.0,0,0.0,0,0,0,,,,,0,,,0,0,,0,0,0,,,0,0,0.0,0,1,0,100.0,1,0.0,0,0.0,0,0,0,,,0.0,,0,,,0,0,,0,0,0,,,0,0,0.0,0,1,0,100.0,1,0.0,0,0.0,0,0,0,,,0.0,,0,,,0,0,,0,0,0,,,0,0,0.0,0,3,0,100.0,3,0.0,0,0.0,0,0,0,,,0.0,8.0,1,50.0,,0,0,0.0,0,1,0,64.7,89.8,1,21,0.0,0,14,1,100.0,14,47.9,2,14.3,0,21,13,13.0,21.0,1.5,0,,0,,,0,0,,0,0,0,,,0,0,,0,0,0,,0,0.0,0,0.0,0,0,0,,,,29,,0,,,0,0,,0,0,0,,,0,0,0.0,0,1,0,100.0,1,0.0,0,0.0,0,0,0,,,0.0,,0,,,0,0,,0,0,0,,,0,0,0.0,0,3,0,66.7,2,0.0,0,0.0,0,0,0,,,0.0,,0,,,0,0,,0,0,0,,,0,0,0.0,0,2,0,100.0,2,0.0,0,0.0,0,0,0,,,0.0,,0,,,0,0,,0,0,0,,,0,0,0.0,0,3,0,100.0,3,0.0,0,0.0,0,0,0,,,0.0,19.0,1,100.0,,0,0,0.0,0,1,0,64.7,90.7,0,60,0.0,0,1,1,100.0,1,158.3,1,25.0,1,60,41,41.0,60.0,60.0,0,,0,,,0,0,,0,0,0,,,0,0,0.0,0,1,0,100.0,1,0.0,0,0.0,0,0,0,,,0.0,,0,,,0,0,,0,0,0,,,0,0,0.0,0,3,0,100.0,3,0.0,0,0.0,0,0,0,,,0.0,19.0,1,100.0,,0,0,0.0,0,1,0,64.7,90.7,0,60,0.0,0,2,1,100.0,2,158.3,1,50.0,1,60,41,41.0,60.0,30.0,6.0,0,100.0,,0,0,0.0,0,0,0,64.7,79.4,0,9,0.0,0,5,1,100.0,5,104.2,1,20.0,0,9,3,3.0,9.0,1.8,7.3,1,66.7,,0,0,0.0,0,1,0,68.3,92.2,1,21,0.0,0,3,2,100.0,3,59.7,3,75.0,0,30,16,8.0,15.0,10.0
Chris Rodriguez Jr.,83689,HB,WAS,13,4,,0,,,0,0,,0,0,0,,,0,0,,0,0,0,,0,0.0,0,0.0,0,0,0,,,,,0,,,0,0,,0,0,0,,,0,0,0.0,0,6,0,100.0,6,0.0,0,0.0,0,0,0,,,0.0,,0,,,0,0,,0,0,0,,,0,0,0.0,0,3,0,100.0,3,0.0,0,0.0,0,0,0,,,0.0,,0,,,0,0,,0,0,0,,,0,0,20.0,3,15,0,73.3,11,0.0,0,0.0,0,0,0,,,0.0,0.0,1,100.0,,0,0,0.0,0,0,0,64.7,65.1,0,6,30.0,6,20,1,70.0,14,91.7,1,7.1,0,6,6,6.0,6.0,0.43,0,,0,,,0,0,,0,0,0,,,0,0,,0,0,0,,0,0.0,0,0.0,0,0,0,,,,32,,0,,,0,0,,0,0,0,,,0,0,50.0,2,4,0,25.0,1,0.0,0,0.0,0,0,0,,,0.0,,0,,,0,0,,0,0,0,,,0,0,16.7,1,6,0,66.7,4,0.0,0,0.0,0,0,0,,,0.0,13.0,0,0.0,,0,0,,0,0,0,,59.9,1,0,11.1,1,9,0,88.9,8,0.0,1,12.5,0,0,0,,,0.0,,0,,,0,0,,0,0,0,,,0,0,20.0,1,5,0,80.0,4,0.0,0,0.0,0,0,0,,,0.0,13.0,0,0.0,,0,0,,0,0,0,,59.9,1,0,0.0,0,1,0,100.0,1,0.0,1,25.0,0,0,0,,,0.0,0,,0,,,0,0,,0,0,0,,,0,0,50.0,1,2,0,50.0,1,0.0,0,0.0,0,0,0,,,0.0,,0,,,0,0,,0,0,0,,,0,0,0.0,0,1,0,100.0,1,0.0,0,0.0,0,0,0,,,0.0,,0,,,0,0,,0,0,0,,,0,0,25.0,1,4,0,75.0,3,0.0,0,0.0,0,0,0,,,0.0,1.0,1,100.0,,0,0,0.0,0,1,0,68.3,88.0,0,18,25.0,2,8,2,62.5,5,116.7,2,40.0,0,24,22,11.0,12.0,4.8,0.7,2,100.0,,0,0,0.0,0,1,0,70.5,90.3,0,18,0.0,0,3,3,100.0,3,108.3,3,75.0,0,30,28,9.3,10.0,10.0
Ryan Miller,78734,WR,NYG,12,4,,0,,,0,0,,0,0,0,,,0,0,,0,0,0,,0,0.0,0,0.0,0,0,0,,,,,0,,,0,0,,0,0,0,,,0,0,0.0,0,9,0,100.0,9,0.0,0,0.0,0,0,0,,,0.0,,0,,,0,0,,0,0,0,,,0,0,0.0,0,2,0,100.0,2,0.0,0,0.0,0,0,0,,,0.0,15.0,0,50.0,100.0,1,1,0.0,0,0,0,64.7,59.2,0,14,0.0,0,4,1,100.0,4,72.9,2,50.0,0,14,0,0.0,14.0,3.5,,0,,,0,0,,0,0,0,,,0,0,0.0,0,3,0,100.0,3,0.0,0,0.0,0,0,0,,,0.0,0,20.5,0,50.0,,0,0,0.0,0,1,0,64.7,90.2,0,20,0.0,0,2,1,100.0,2,125.0,2,50.0,1,20,0,0.0,20.0,10.0,21,,0,,,0,0,,0,0,0,,,0,0,0.0,0,3,0,33.3,1,0.0,0,0.0,0,0,0,,,0.0,,0,,,0,0,,0,0,0,,,0,0,0.0,0,2,0,100.0,2,0.0,0,0.0,0,0,0,,,0.0,,0,,,0,0,,0,0,0,,,0,0,100.0,1,1,0,0.0,0,0.0,0,,0,0,0,,,,,0,,,0,0,,0,0,0,,,0,0,25.0,1,4,0,75.0,3,0.0,0,0.0,0,0,0,,,0.0,15.0,0,50.0,100.0,1,1,0.0,0,0,0,64.7,59.2,0,14,0.0,0,2,1,100.0,2,72.9,2,50.0,0,14,0,0.0,14.0,7.0,0,,0,,,0,0,,0,0,0,,,0,0,,0,0,0,,0,0.0,0,,0,0,0,,,,20.5,0,50.0,,0,0,0.0,0,1,0,64.7,90.2,0,20,0.0,0,2,1,100.0,2,125.0,2,100.0,1,20,0,0.0,20.0,10.0,,0,,,0,0,,0,0,0,,,0,0,0.0,0,1,0,100.0,1,0.0,0,0.0,0,0,0,,,0.0,,0,,,0,0,,0,0,0,,,0,0,,0,0,0,,0,0.0,0,,0,0,0,,,,,0,,,0,0,,0,0,0,,,0,0,,0,0,0,,0,0.0,0,0.0,0,0,0,,,
Ronnie Bell,84288,WR,NO,1,4,,0,,,0,0,,0,0,0,,,0,0,,0,0,0,,0,0.0,0,0.0,0,0,0,,,,,0,,,0,0,,0,0,0,,,0,0,0.0,0,2,0,100.0,2,0.0,0,0.0,0,0,0,,,0.0,,0,,,0,0,,0,0,0,,,0,0,,0,0,0,,0,0.0,0,,0,0,0,,,,,0,,,0,0,,0,0,0,,,0,0,0.0,0,1,0,100.0,1,0.0,0,0.0,0,0,0,,,0.0,6.0,0,100.0,,0,0,0.0,0,0,0,64.7,60.7,0,7,0.0,0,6,1,100.0,6,95.8,1,16.7,0,7,1,1.0,7.0,1.17,0,27.3,0,33.3,,0,0,0.0,0,1,0,64.7,93.1,0,16,0.0,0,3,1,100.0,3,91.7,3,75.0,1,16,0,0.0,16.0,5.33,20,,0,,,0,0,,0,0,0,,,0,0,0.0,0,1,0,100.0,1,0.0,0,0.0,0,0,0,,,0.0,27.3,0,33.3,,0,0,0.0,0,1,0,64.7,93.1,0,16,0.0,0,3,1,100.0,3,91.7,3,100.0,1,16,0,0.0,16.0,5.33,,0,,,0,0,,0,0,0,,,0,0,,0,0,0,,0,0.0,0,,0,0,0,,,,,0,,,0,0,,0,0,0,,,0,0,0.0,0,1,0,100.0,1,0.0,0,0.0,0,0,0,,,0.0,,0,,,0,0,,0,0,0,,,0,0,,0,0,0,,0,0.0,0,0.0,0,0,0,,,,0,,0,,,0,0,,0,0,0,,,0,0,0.0,0,1,0,100.0,1,0.0,0,0.0,0,0,0,,,0.0,,0,,,0,0,,0,0,0,,,0,0,0.0,0,2,0,100.0,2,0.0,0,0.0,0,0,0,,,0.0,,0,,,0,0,,0,0,0,,,0,0,,0,0,0,,0,0.0,0,,0,0,0,,,,,0,,,0,0,,0,0,0,,,0,0,0.0,0,1,0,100.0,1,0.0,0,0.0,0,0,0,,,0.0,6.0,0,100.0,,0,0,0.0,0,0,0,64.7,60.7,0,7,0.0,0,1,1,100.0,1,95.8,1,25.0,0,7,1,1.0,7.0,7.0
Lucas Krull,83962,TE,DEN,3,4,,0,,,0,0,,0,0,0,,,0,0,,0,0,0,,0,0.0,0,0.0,0,0,0,,,,,0,,,0,0,,0,0,0,,,0,0,0.0,0,4,0,100.0,4,0.0,0,0.0,0,0,0,,,0.0,,0,,,0,0,,0,0,0,,,0,0,0.0,0,1,0,100.0,1,0.0,0,0.0,0,0,0,,,0.0,,0,,,0,0,,0,0,0,,,0,0,0.0,0,2,0,50.0,1,0.0,0,0.0,0,0,0,,,0.0,5.3,0,66.7,100.0,1,1,0.0,0,0,0,68.3,61.1,0,9,0.0,0,8,2,100.0,8,78.5,3,37.5,0,15,3,1.5,7.5,1.88,0,,0,,,0,0,,0,0,0,,,0,0,,0,0,0,,0,0.0,0,0.0,0,0,0,,,,10,,0,,,0,0,,0,0,0,,,0,0,0.0,0,1,0,100.0,1,0.0,0,0.0,0,0,0,,,0.0,,0,,,0,0,,0,0,0,,,0,0,,0,0,0,,0,0.0,0,,0,0,0,,,,,0,,,0,0,,0,0,0,,,0,0,0.0,0,2,0,100.0,2,0.0,0,0.0,0,0,0,,,0.0,,0,,,0,0,,0,0,0,,59.8,0,0,0.0,0,2,0,50.0,1,0.0,0,0.0,0,0,0,,,0.0,,0,,,0,0,,0,0,0,,,0,0,,0,0,0,,0,0.0,0,0.0,0,0,0,,,,0,,0,,,0,0,,0,0,0,,,0,0,0.0,0,2,0,100.0,2,0.0,0,0.0,0,0,0,,,0.0,,0,,,0,0,,0,0,0,,,0,0,0.0,0,1,0,100.0,1,0.0,0,0.0,0,0,0,,,0.0,,0,,,0,0,,0,0,0,,,0,0,,0,0,0,,0,0.0,0,,0,0,0,,,,4.0,0,0.0,,0,0,,0,0,0,,58.7,0,0,0.0,0,2,0,100.0,2,39.6,1,50.0,0,0,0,,,0.0,5.0,0,50.0,100.0,1,1,0.0,0,0,0,68.3,58.3,0,9,0.0,0,5,2,80.0,4,59.4,4,100.0,0,15,3,1.5,7.5,3.75
Britain Covey,32933,WR,PHI,2,4,-5.0,0,100.0,,0,0,0.0,0,1,0,64.7,79.1,0,12,0.0,0,1,1,100.0,1,116.7,1,25.0,0,12,17,17.0,12.0,12.0,,0,,,0,0,,0,0,0,,,0,0,0.0,0,1,0,100.0,1,0.0,0,0.0,0,0,0,,,0.0,,0,,,0,0,,0,0,0,,,0,0,0.0,0,1,0,100.0,1,0.0,0,0.0,0,0,0,,,0.0,,0,,,0,0,,0,0,0,,,0,0,0.0,0,2,0,100.0,2,0.0,0,0.0,0,0,0,,,0.0,6.0,0,100.0,,0,0,0.0,0,1,0,64.7,78.3,0,8,0.0,0,5,1,100.0,5,100.0,1,20.0,0,8,2,2.0,8.0,1.6,0,,0,,,0,0,,0,0,0,,,0,0,,0,0,0,,0,0.0,0,0.0,0,0,0,,,,24,-5.0,0,100.0,,0,0,0.0,0,1,0,64.7,79.1,0,12,0.0,0,2,1,100.0,2,116.7,1,50.0,0,12,17,17.0,12.0,6.0,,0,,,0,0,,0,0,0,,,0,0,0.0,0,1,0,100.0,1,0.0,0,0.0,0,0,0,,,0.0,,0,,,0,0,,0,0,0,,,0,0,0.0,0,1,0,100.0,1,0.0,0,0.0,0,0,0,,,0.0,4.0,0,0.0,,0,0,100.0,1,0,0,28.0,41.5,0,0,0.0,0,2,0,100.0,2,39.6,1,50.0,0,0,0,,,0.0,,0,,,0,0,,0,0,0,,,0,0,,0,0,0,,0,0.0,0,0.0,0,0,0,,,,0,,0,,,0,0,,0,0,0,,,0,0,,0,0,0,,0,0.0,0,,0,0,0,,,,,0,,,0,0,,0,0,0,,,0,0,0.0,0,1,0,100.0,1,0.0,0,0.0,0,0,0,,,0.0,,0,,,0,0,,0,0,0,,,0,0,0.0,0,2,0,100.0,2,0.0,0,0.0,0,0,0,,,0.0,5.0,0,0.0,0.0,0,1,,0,0,0,,59.3,0,0,0.0,0,2,0,100.0,2,39.6,1,50.0,0,0,0,,,0.0,5.0,0,33.3,0.0,0,1,50.0,1,1,0,28.9,58.4,0,8,0.0,0,3,1,100.0,3,42.4,3,75.0,0,8,2,2.0,8.0,2.67
Josiah Deguara,47034,TE,ARZ,10,4,,0,,,0,0,,0,0,0,,,0,0,,0,0,0,,0,0.0,0,0.0,0,0,0,,,,,0,,,0,0,,0,0,0,,,0,0,0.0,0,3,0,100.0,3,0.0,0,0.0,0,0,0,,,0.0,,0,,,0,0,,0,0,0,,,0,0,0.0,0,1,0,100.0,1,0.0,0,0.0,0,0,0,,,0.0,,0,,,0,0,,0,0,0,,,0,0,0.0,0,2,0,100.0,2,0.0,0,0.0,0,0,0,,,0.0,4.3,0,66.7,0.0,0,1,0.0,0,1,0,68.3,61.0,0,8,0.0,0,19,2,94.7,18,77.1,3,16.7,0,14,5,2.5,7.0,0.78,0,,0,,,0,0,,0,0,0,,,0,0,,0,0,0,,0,0.0,0,0.0,0,0,0,,,,1,,0,,,0,0,,0,0,0,,,0,0,,0,0,0,,0,0.0,0,,0,0,0,,,,,0,,,0,0,,0,0,0,,,0,0,0.0,0,4,0,100.0,4,0.0,0,0.0,0,0,0,,,0.0,,0,,,0,0,,0,0,0,,,0,0,,0,0,0,,0,0.0,0,,0,0,0,,,,9.0,0,100.0,,0,0,0.0,0,1,0,64.7,94.9,0,7,0.0,0,7,1,85.7,6,135.4,1,16.7,1,7,0,0.0,7.0,1.17,,0,,,0,0,,0,0,0,,,0,0,,0,0,0,,0,0.0,0,0.0,0,0,0,,,,0,,0,,,0,0,,0,0,0,,,0,0,0.0,0,3,0,100.0,3,0.0,0,0.0,0,0,0,,,0.0,,0,,,0,0,,0,0,0,,,0,0,,0,0,0,,0,0.0,0,,0,0,0,,,,,0,,,0,0,,0,0,0,,,0,0,0.0,0,4,0,100.0,4,0.0,0,0.0,0,0,0,,,0.0,,0,,,0,0,,0,0,0,,,0,0,0.0,0,4,0,100.0,4,0.0,0,0.0,0,0,0,,,0.0,5.5,0,75.0,0.0,0,1,0.0,0,2,0,70.5,90.4,0,8,0.0,0,4,3,100.0,4,126.0,4,100.0,1,21,5,1.7,7.0,5.25
Tom Kennedy,94379,WR,DET,3,4,,0,,,0,0,,0,0,0,,,0,0,,0,0,0,,0,0.0,0,0.0,0,0,0,,,,,0,,,0,0,,0,0,0,,,0,0,0.0,0,2,0,100.0,2,0.0,0,0.0,0,0,0,,,0.0,21.0,0,100.0,,0,0,0.0,0,1,0,64.7,91.1,0,23,0.0,0,1,1,100.0,1,118.8,1,100.0,0,23,2,2.0,23.0,23.0,,0,,,0,0,,0,0,0,,,0,0,0.0,0,4,0,100.0,4,0.0,0,0.0,0,0,0,,,0.0,4.5,0,100.0,100.0,1,1,0.0,0,1,0,68.3,76.1,0,7,0.0,0,9,2,100.0,9,89.6,2,22.2,0,11,2,1.0,5.5,1.22,0,21.0,0,100.0,,0,0,0.0,0,1,0,64.7,91.1,0,23,0.0,0,1,1,100.0,1,118.8,1,25.0,0,23,2,2.0,23.0,23.0,11,,0,,,0,0,,0,0,0,,,0,0,0.0,0,1,0,100.0,1,0.0,0,0.0,0,0,0,,,0.0,,0,,,0,0,,0,0,0,,,0,0,,0,0,0,,0,0.0,0,,0,0,0,,,,,0,,,0,0,,0,0,0,,,0,0,0.0,0,1,0,100.0,1,0.0,0,0.0,0,0,0,,,0.0,,0,,,0,0,,0,0,0,,,0,0,0.0,0,2,0,100.0,2,0.0,0,0.0,0,0,0,,,0.0,,0,,,0,0,,0,0,0,,,0,0,,0,0,0,,0,0.0,0,0.0,0,0,0,,,,0,,0,,,0,0,,0,0,0,,,0,0,,0,0,0,,0,0.0,0,,0,0,0,,,,,0,,,0,0,,0,0,0,,,0,0,,0,0,0,,0,0.0,0,,0,0,0,,,,,0,,,0,0,,0,0,0,,,0,0,0.0,0,1,0,100.0,1,0.0,0,0.0,0,0,0,,,0.0,2.0,0,100.0,,0,0,0.0,0,0,0,64.7,60.5,0,2,0.0,0,3,1,100.0,3,79.2,1,33.3,0,2,0,0.0,2.0,0.67,3.7,0,100.0,100.0,1,1,0.0,0,1,0,70.5,73.7,0,7,0.0,0,3,3,100.0,3,84.7,3,75.0,0,13,2,0.7,4.3,4.33
Ty Chandler,62942,HB,MIN,2,4,-5.0,0,75.0,,0,0,0.0,0,1,0,70.5,80.6,0,11,0.0,0,4,3,100.0,4,77.1,4,100.0,0,11,27,9.0,3.7,2.75,-4.0,0,50.0,,0,0,0.0,0,1,0,64.7,79.0,0,11,0.0,0,2,1,100.0,2,66.7,2,100.0,0,11,15,15.0,11.0,5.5,,0,,,0,0,,0,0,0,,,0,0,,0,0,0,,0,0.0,0,,0,0,0,,,,,0,,,0,0,,0,0,0,,,0,0,0.0,0,1,0,100.0,1,0.0,0,0.0,0,0,0,,,0.0,,0,,,0,0,,0,0,0,,,0,0,0.0,0,1,0,0.0,0,0.0,0,,0,0,0,,,,0,,0,,,0,0,,0,0,0,,,0,0,,0,0,0,,0,0.0,0,0.0,0,0,0,,,,18,-7.0,0,100.0,,0,0,0.0,0,0,0,64.7,65.5,0,-2,0.0,0,1,1,100.0,1,79.2,1,100.0,0,-2,5,5.0,-2.0,-2.0,,0,,,0,0,,0,0,0,,,0,0,,0,0,0,,0,0.0,0,,0,0,0,,,,,0,,,0,0,,0,0,0,,,0,0,,0,0,0,,0,0.0,0,,0,0,0,,,,,0,,,0,0,,0,0,0,,,0,0,0.0,0,1,0,100.0,1,0.0,0,0.0,0,0,0,,,0.0,,0,,,0,0,,0,0,0,,,0,0,,0,0,0,,0,0.0,0,0.0,0,0,0,,,,0,-5.0,0,100.0,,0,0,0.0,0,0,0,64.7,65.4,0,2,0.0,0,1,1,100.0,1,79.2,1,100.0,0,2,7,7.0,2.0,2.0,,0,,,0,0,,0,0,0,,,0,0,100.0,2,2,0,0.0,0,0.0,0,,0,0,0,,,,,0,,,0,0,,0,0,0,,,0,0,0.0,0,3,0,100.0,3,0.0,0,0.0,0,0,0,,,0.0,,0,,,0,0,,0,0,0,,,0,0,50.0,1,2,0,50.0,1,0.0,0,0.0,0,0,0,,,0.0,,0,,,0,0,,0,0,0,,,0,0,,0,0,0,,0,0.0,0,0.0,0,0,0,,,
Justin Watson,66915,WR,HST,3,4,,0,,,0,0,,0,0,0,,,0,0,,0,0,0,,0,0.0,0,0.0,0,0,0,,,,,0,,,0,0,,0,0,0,,,0,0,0.0,0,3,0,100.0,3,0.0,0,0.0,0,0,0,,,0.0,,0,,,0,0,,0,0,0,,,0,0,,0,0,0,,0,0.0,0,,0,0,0,,,,,0,,,0,0,,0,0,0,,,0,0,0.0,0,1,0,100.0,1,0.0,0,0.0,0,0,0,,,0.0,3.0,0,100.0,100.0,1,1,0.0,0,0,0,64.7,61.0,0,3,0.0,0,9,1,100.0,9,79.2,1,11.1,0,3,0,0.0,3.0,0.33,0,24.0,0,0.0,,0,0,,0,0,0,,59.0,0,0,0.0,0,1,0,100.0,1,39.6,1,25.0,0,0,0,,,0.0,13,,0,,,0,0,,0,0,0,,,0,0,0.0,0,1,0,100.0,1,0.0,0,0.0,0,0,0,,,0.0,,0,,,0,0,,0,0,0,,,0,0,,0,0,0,,0,0.0,0,,0,0,0,,,,13.0,0,100.0,,0,0,0.0,0,1,0,28.8,59.9,0,15,0.0,0,4,1,75.0,3,118.8,1,33.3,0,15,2,2.0,15.0,5.0,,0,,,0,0,,0,0,0,,,0,0,0.0,0,3,0,100.0,3,0.0,0,0.0,0,0,0,,,0.0,13.0,0,100.0,,0,0,0.0,0,1,0,28.8,59.9,0,15,0.0,0,2,1,50.0,1,118.8,1,25.0,0,15,2,2.0,15.0,15.0,0,,0,,,0,0,,0,0,0,,,0,0,,0,0,0,,0,0.0,0,,0,0,0,,,,24.0,0,0.0,,0,0,,0,0,0,,59.0,0,0,0.0,0,3,0,100.0,3,39.6,1,33.3,0,0,0,,,0.0,,0,,,0,0,,0,0,0,,,0,0,0.0,0,3,0,100.0,3,0.0,0,0.0,0,0,0,,,0.0,1.0,0,100.0,,0,0,0.0,0,0,0,64.7,79.1,0,12,0.0,0,3,1,66.7,2,116.7,1,50.0,0,12,11,11.0,12.0,6.0,2.0,0,100.0,100.0,1,1,0.0,0,0,0,68.3,77.1,0,12,0.0,0,2,2,100.0,2,97.9,2,50.0,0,15,11,5.5,7.5,7.5
Connor Heyward,57301,TE,PIT,14,4,-1.0,0,100.0,,0,0,0.0,0,0,0,64.7,65.4,0,3,0.0,0,1,1,100.0,1,79.2,1,25.0,0,3,4,4.0,3.0,3.0,-1.0,0,100.0,,0,0,0.0,0,0,0,64.7,65.4,0,3,0.0,0,3,1,100.0,3,79.2,1,33.3,0,3,4,4.0,3.0,1.0,,0,,,0,0,,0,0,0,,,0,0,100.0,1,1,0,0.0,0,0.0,0,,0,0,0,,,,19.0,0,100.0,100.0,1,1,0.0,0,1,0,64.7,90.5,0,12,0.0,0,2,1,100.0,2,156.3,1,50.0,1,12,0,0.0,12.0,6.0,,0,,,0,0,,0,0,0,,,0,0,,0,0,0,,0,0.0,0,,0,0,0,,,,0,,0,,,0,0,,0,0,0,,,0,0,,0,0,0,,0,0.0,0,0.0,0,0,0,,,,25,,0,,,0,0,,0,0,0,,,0,0,0.0,0,1,0,100.0,1,0.0,0,0.0,0,0,0,,,0.0,,0,,,0,0,,0,0,0,,,0,0,0.0,0,1,0,100.0,1,0.0,0,0.0,0,0,0,,,0.0,17.0,0,0.0,,0,0,,0,0,0,,59.6,0,0,0.0,0,2,0,100.0,2,39.6,1,50.0,0,0,0,,,0.0,,0,,,0,0,,0,0,0,,,0,0,0.0,0,2,0,50.0,1,0.0,0,0.0,0,0,0,,,0.0,18.0,0,50.0,100.0,1,1,0.0,0,1,0,64.7,90.7,0,12,0.0,0,2,1,100.0,2,108.3,2,50.0,1,12,0,0.0,12.0,6.0,0,,0,,,0,0,,0,0,0,,,0,0,0.0,0,1,0,100.0,1,0.0,0,0.0,0,0,0,,,0.0,,0,,,0,0,,0,0,0,,,0,0,,0,0,0,,0,0.0,0,,0,0,0,,,,,0,,,0,0,,0,0,0,,,0,0,0.0,0,1,0,100.0,1,0.0,0,0.0,0,0,0,,,0.0,4.0,0,100.0,,0,0,0.0,0,0,0,64.7,61.0,0,6,20.0,1,5,1,60.0,3,91.7,1,33.3,0,6,2,2.0,6.0,2.0,4.0,0,100.0,,0,0,0.0,0,0,0,64.7,61.0,0,6,0.0,0,1,1,100.0,1,91.7,1,25.0,0,6,2,2.0,6.0,6.0
Jaret Patterson,77745,HB,LAC,6,4,-1.0,0,66.7,,0,0,0.0,0,0,0,68.3,67.9,0,3,0.0,0,3,2,100.0,3,70.1,3,75.0,0,4,6,3.0,2.0,1.33,-1.0,0,100.0,,0,0,0.0,0,0,0,64.7,65.2,0,1,33.3,1,3,1,66.7,2,79.2,1,50.0,0,1,2,2.0,1.0,0.5,,0,,,0,0,,0,0,0,,,0,0,0.0,0,2,0,100.0,2,0.0,0,0.0,0,0,0,,,0.0,,0,,,0,0,,0,0,0,,,0,0,66.7,2,3,0,33.3,1,0.0,0,0.0,0,0,0,,,0.0,,0,,,0,0,,0,0,0,,,0,0,18.2,2,11,0,81.8,9,0.0,0,0.0,0,0,0,,,0.0,0,,0,,,0,0,,0,0,0,,,0,0,,0,0,0,,0,0.0,0,0.0,0,0,0,,,,27,-1.0,0,0.0,,0,0,,0,0,0,,60.0,0,0,25.0,1,4,0,75.0,3,39.6,1,33.3,0,0,0,,,0.0,,0,,,0,0,,0,0,0,,,0,0,0.0,0,1,0,100.0,1,0.0,0,0.0,0,0,0,,,0.0,,0,,,0,0,,0,0,0,,,0,0,50.0,1,2,0,0.0,0,0.0,0,,0,0,0,,,,0.0,0,100.0,,0,0,0.0,0,1,0,64.7,81.1,0,4,20.0,1,5,1,80.0,4,83.3,1,25.0,0,4,4,4.0,4.0,1.0,,0,,,0,0,,0,0,0,,,0,0,,0,0,0,,0,0.0,0,0.0,0,0,0,,,,0,-1.0,0,100.0,,0,0,0.0,0,0,0,64.7,65.5,0,3,0.0,0,1,1,100.0,1,79.2,1,100.0,0,3,4,4.0,3.0,3.0,,0,,,0,0,,0,0,0,,,0,0,40.0,2,5,0,60.0,3,0.0,0,0.0,0,0,0,,,0.0,,0,,,0,0,,0,0,0,,,0,0,33.3,1,3,0,33.3,1,0.0,0,0.0,0,0,0,,,0.0,,0,,,0,0,,0,0,0,,,0,0,12.5,1,8,0,75.0,6,0.0,0,0.0,0,0,0,,,0.0,0.0,0,100.0,,0,0,0.0,0,1,0,64.7,81.1,0,4,0.0,0,1,1,100.0,1,83.3,1,25.0,0,4,4,4.0,4.0,4.0
Mason Kinsey,115664,WR,TEN,7,4,,0,,,0,0,,0,0,0,,,0,0,,0,0,0,,0,0.0,0,0.0,0,0,0,,,,,0,,,0,0,,0,0,0,,,0,0,0.0,0,2,0,100.0,2,0.0,0,0.0,0,0,0,,,0.0,,0,,,0,0,,0,0,0,,,0,0,,0,0,0,,0,0.0,0,,0,0,0,,,,,0,,,0,0,,0,0,0,,,0,0,0.0,0,1,0,100.0,1,0.0,0,0.0,0,0,0,,,0.0,,0,,,0,0,,0,0,0,,,0,0,0.0,0,10,0,100.0,10,0.0,0,0.0,0,0,0,,,0.0,0,30.0,0,50.0,100.0,1,1,0.0,0,1,0,64.7,80.4,0,34,0.0,0,2,1,100.0,2,95.8,2,50.0,0,34,0,0.0,34.0,17.0,31,,0,,,0,0,,0,0,0,,,0,0,0.0,0,2,0,100.0,2,0.0,0,0.0,0,0,0,,,0.0,,0,,,0,0,,0,0,0,,,0,0,0.0,0,2,0,100.0,2,0.0,0,0.0,0,0,0,,,0.0,19.0,0,0.0,,0,0,,0,0,0,,59.9,0,0,0.0,0,3,0,100.0,3,39.6,1,33.3,0,0,0,,,0.0,,0,,,0,0,,0,0,0,,,0,0,0.0,0,3,0,100.0,3,0.0,0,0.0,0,0,0,,,0.0,15.0,0,50.0,,0,0,0.0,0,1,0,64.7,76.4,0,14,0.0,0,2,1,100.0,2,72.9,2,50.0,0,14,3,3.0,14.0,7.0,0,,0,,,0,0,,0,0,0,,,0,0,0.0,0,1,0,100.0,1,0.0,0,0.0,0,0,0,,,0.0,30.0,0,50.0,100.0,1,1,0.0,0,1,0,64.7,80.4,0,34,0.0,0,5,1,80.0,4,95.8,2,50.0,0,34,0,0.0,34.0,8.5,11.0,0,100.0,,0,0,0.0,0,1,0,64.7,78.3,0,14,0.0,0,2,1,100.0,2,118.8,1,50.0,0,14,3,3.0,14.0,7.0,,0,,,0,0,,0,0,0,,,0,0,0.0,0,3,0,100.0,3,0.0,0,0.0,0,0,0,,,0.0,,0,,,0,0,,0,0,0,,,0,0,,0,0,0,,0,0.0,0,0.0,0,0,0,,,
Raheim Sanders,146626,HB,CLV,3,4,-2.0,0,100.0,,0,0,0.0,0,0,0,64.7,65.7,0,7,0.0,0,1,1,100.0,1,95.8,1,25.0,0,7,9,9.0,7.0,7.0,,0,,,0,0,,0,0,0,,,0,0,,0,0,0,,0,0.0,0,,0,0,0,,,,,0,,,0,0,,0,0,0,,,0,0,,0,0,0,,0,0.0,0,,0,0,0,,,,,0,,,0,0,,0,0,0,,,0,0,0.0,0,3,0,100.0,3,0.0,0,0.0,0,0,0,,,0.0,4.3,3,66.7,,0,0,0.0,0,0,0,68.3,86.9,0,10,0.0,0,5,2,100.0,5,77.1,3,60.0,0,14,4,2.0,7.0,2.8,0,,0,,,0,0,,0,0,0,,,0,0,,0,0,0,,0,0.0,0,0.0,0,0,0,,,,8,-2.0,0,100.0,,0,0,0.0,0,0,0,64.7,65.7,0,7,50.0,1,2,1,50.0,1,95.8,1,100.0,0,7,9,9.0,7.0,7.0,,0,,,0,0,,0,0,0,,,0,0,50.0,1,2,0,50.0,1,0.0,0,0.0,0,0,0,,,0.0,,0,,,0,0,,0,0,0,,,0,0,0.0,0,1,0,100.0,1,0.0,0,0.0,0,0,0,,,0.0,,0,,,0,0,,0,0,0,,,0,0,,0,0,0,,0,0.0,0,,0,0,0,,,,,0,,,0,0,,0,0,0,,,0,0,,0,0,0,,0,0.0,0,0.0,0,0,0,,,,0,,0,,,0,0,,0,0,0,,,0,0,,0,0,0,,0,0.0,0,,0,0,0,,,,,0,,,0,0,,0,0,0,,,0,0,0.0,0,1,0,100.0,1,0.0,0,0.0,0,0,0,,,0.0,,0,,,0,0,,0,0,0,,,0,0,100.0,1,1,0,0.0,0,0.0,0,,0,0,0,,,,,0,,,0,0,,0,0,0,,,0,0,33.3,1,3,0,66.7,2,0.0,0,0.0,0,0,0,,,0.0,4.3,3,66.7,,0,0,0.0,0,0,0,68.3,86.9,0,10,0.0,0,3,2,100.0,3,77.1,3,75.0,0,14,4,2.0,7.0,4.67
Ross Dwelley,20994,TE,DET,7,4,,0,,,0,0,,0,0,0,,,0,0,,0,0,0,,0,0.0,0,0.0,0,0,0,,,,,0,,,0,0,,0,0,0,,,0,0,0.0,0,9,0,88.9,8,0.0,0,0.0,0,0,0,,,0.0,,0,,,0,0,,0,0,0,,,0,0,0.0,0,1,0,100.0,1,0.0,0,0.0,0,0,0,,,0.0,,0,,,0,0,,0,0,0,,,0,0,14.3,1,7,0,85.7,6,0.0,0,0.0,0,0,0,,,0.0,3.0,0,50.0,0.0,0,1,0.0,0,0,0,64.7,59.1,0,4,14.3,1,7,1,85.7,6,56.3,2,33.3,0,4,4,4.0,4.0,0.67,0,,0,,,0,0,,0,0,0,,,0,0,,0,0,0,,0,0.0,0,0.0,0,0,0,,,,11,,0,,,0,0,,0,0,0,,,0,0,100.0,1,1,0,0.0,0,0.0,0,,0,0,0,,,,,0,,,0,0,,0,0,0,,,0,0,,0,0,0,,0,0.0,0,,0,0,0,,,,,0,,,0,0,,0,0,0,,,0,0,50.0,1,2,0,50.0,1,0.0,0,0.0,0,0,0,,,0.0,,0,,,0,0,,0,0,0,,,0,0,50.0,1,2,0,50.0,1,0.0,0,0.0,0,0,0,,,0.0,,0,,,0,0,,0,0,0,,,0,0,,0,0,0,,0,0.0,0,0.0,0,0,0,,,,0,,0,,,0,0,,0,0,0,,,0,0,,0,0,0,,0,0.0,0,,0,0,0,,,,,0,,,0,0,,0,0,0,,,0,0,0.0,0,1,0,100.0,1,0.0,0,0.0,0,0,0,,,0.0,,0,,,0,0,,0,0,0,,,0,0,,0,0,0,,0,0.0,0,,0,0,0,,,,0.5,0,50.0,0.0,0,1,0.0,0,0,0,64.7,59.8,0,3,20.0,1,5,1,80.0,4,56.3,2,50.0,0,3,3,3.0,3.0,0.75,1.8,0,50.0,0.0,0,2,0.0,0,0,0,68.3,59.2,0,4,0.0,0,4,2,100.0,4,56.3,4,100.0,0,7,7,3.5,3.5,1.75
Michael Bandy,91824,WR,DEN,4,4,,0,,,0,0,,0,0,0,,,0,0,,0,0,0,,0,0.0,0,0.0,0,0,0,,,,,0,,,0,0,,0,0,0,,,0,0,,0,0,0,,0,0.0,0,,0,0,0,,,,,0,,,0,0,,0,0,0,,,0,0,,0,0,0,,0,0.0,0,,0,0,0,,,,,0,,,0,0,,0,0,0,,,0,0,0.0,0,1,0,100.0,1,0.0,0,0.0,0,0,0,,,0.0,,0,,,0,0,,0,0,0,,,0,0,0.0,0,1,0,100.0,1,0.0,0,0.0,0,0,0,,,0.0,0,,0,,,0,0,,0,0,0,,,0,0,,0,0,0,,0,0.0,0,0.0,0,0,0,,,,10,,0,,,0,0,,0,0,0,,,0,0,,0,0,0,,0,0.0,0,,0,0,0,,,,,0,,,0,0,,0,0,0,,,0,0,0.0,0,1,0,100.0,1,0.0,0,0.0,0,0,0,,,0.0,,0,,,0,0,,0,0,0,,,0,0,0.0,0,1,0,100.0,1,0.0,0,0.0,0,0,0,,,0.0,6.0,0,100.0,,0,0,0.0,0,2,0,68.3,89.9,0,20,0.0,0,2,2,100.0,2,158.3,2,100.0,1,36,24,12.0,18.0,18.0,,0,,,0,0,,0,0,0,,,0,0,,0,0,0,,0,0.0,0,0.0,0,0,0,,,,0,,0,,,0,0,,0,0,0,,,0,0,,0,0,0,,0,0.0,0,,0,0,0,,,,,0,,,0,0,,0,0,0,,,0,0,,0,0,0,,0,0.0,0,,0,0,0,,,,,0,,,0,0,,0,0,0,,,0,0,0.0,0,1,0,0.0,0,0.0,0,,0,0,0,,,,5.5,0,100.0,100.0,1,1,0.0,0,1,0,68.3,76.0,0,8,0.0,0,3,2,100.0,3,95.8,2,66.7,0,14,3,1.5,7.0,4.67,5.8,0,100.0,100.0,1,1,0.0,0,3,0,72.1,90.5,0,20,0.0,0,4,4,100.0,4,158.3,4,100.0,1,50,27,6.8,12.5,12.5
Tai Felton,144886,WR,MIN,5,3,-2.0,0,100.0,,0,0,0.0,0,1,0,64.7,78.5,0,10,0.0,0,1,1,100.0,1,108.3,1,33.3,0,10,12,12.0,10.0,10.0,,0,,,0,0,,0,0,0,,,0,0,0.0,0,3,0,100.0,3,0.0,0,0.0,0,0,0,,,0.0,,0,,,0,0,,0,0,0,,,0,0,,0,0,0,,0,0.0,0,,0,0,0,,,,,0,,,0,0,,0,0,0,,,0,0,0.0,0,1,0,100.0,1,0.0,0,0.0,0,0,0,,,0.0,7.0,0,100.0,,0,0,0.0,0,0,0,28.8,43.3,0,9,0.0,0,5,1,80.0,4,104.2,1,25.0,0,9,2,2.0,9.0,2.25,0,,0,,,0,0,,0,0,0,,59.0,0,0,0.0,0,1,0,0.0,0,0.0,0,0.0,0,0,0,,,,18,,0,,,0,0,,0,0,0,,,0,0,0.0,0,2,0,100.0,2,0.0,0,0.0,0,0,0,,,0.0,,0,,,0,0,,0,0,0,,,0,0,,0,0,0,,0,0.0,0,,0,0,0,,,,,0,,,0,0,,0,0,0,,,0,0,0.0,0,1,0,100.0,1,0.0,0,0.0,0,0,0,,,0.0,6.0,0,100.0,,0,0,0.0,0,1,0,64.7,79.1,0,6,0.0,0,2,1,100.0,2,91.7,1,50.0,0,6,0,0.0,6.0,3.0,,0,,,0,0,,0,0,0,,,0,0,,0,0,0,,0,0.0,0,0.0,0,0,0,,,,0,-2.0,0,100.0,,0,0,0.0,0,1,0,64.7,78.5,0,10,0.0,0,4,1,100.0,4,108.3,1,25.0,0,10,12,12.0,10.0,2.5,,0,,,0,0,,0,0,0,,59.0,0,0,0.0,0,1,0,0.0,0,0.0,0,,0,0,0,,,,,0,,,0,0,,0,0,0,,,0,0,0.0,0,1,0,100.0,1,0.0,0,0.0,0,0,0,,,0.0,,0,,,0,0,,0,0,0,,,0,0,0.0,0,3,0,100.0,3,0.0,0,0.0,0,0,0,,,0.0,6.5,0,100.0,,0,0,0.0,0,1,0,29.9,59.9,0,9,0.0,0,3,2,66.7,2,97.9,2,66.7,0,15,2,1.0,7.5,7.5
Dylan Laube,88664,HB,LV,3,3,-4.0,1,100.0,,0,0,0.0,0,1,0,68.3,81.8,0,13,0.0,0,2,2,100.0,2,95.8,2,66.7,0,14,22,11.0,7.0,7.0,,0,,,0,0,,0,0,0,,,0,0,,0,0,0,,0,0.0,0,,0,0,0,,,,,0,,,0,0,,0,0,0,,,0,0,,0,0,0,,0,0.0,0,,0,0,0,,,,,0,,,0,0,,0,0,0,,,0,0,,0,0,0,,0,0.0,0,,0,0,0,,,,1.0,0,100.0,,0,0,0.0,0,0,0,64.7,65.4,0,4,33.3,1,3,1,66.7,2,83.3,1,50.0,0,4,3,3.0,4.0,2.0,0,,0,,,0,0,,0,0,0,,,0,0,,0,0,0,,0,0.0,0,0.0,0,0,0,,,,23,-4.0,1,100.0,,0,0,0.0,0,1,0,64.7,81.8,0,13,0.0,0,1,1,100.0,1,118.8,1,100.0,0,13,17,17.0,13.0,13.0,,0,,,0,0,,0,0,0,,,0,0,0.0,0,1,0,100.0,1,0.0,0,0.0,0,0,0,,,0.0,,0,,,0,0,,0,0,0,,,0,0,0.0,0,1,0,100.0,1,0.0,0,0.0,0,0,0,,,0.0,,0,,,0,0,,0,0,0,,,0,0,0.0,0,3,0,100.0,3,0.0,0,0.0,0,0,0,,,0.0,,0,,,0,0,,0,0,0,,,0,0,,0,0,0,,0,0.0,0,0.0,0,0,0,,,,0,-4.0,0,100.0,,0,0,0.0,0,0,0,64.7,64.3,0,1,0.0,0,1,1,100.0,1,79.2,1,100.0,0,1,5,5.0,1.0,1.0,,0,,,0,0,,0,0,0,,,0,0,100.0,1,1,0,0.0,0,0.0,0,,0,0,0,,,,,0,,,0,0,,0,0,0,,,0,0,0.0,0,1,0,100.0,1,0.0,0,0.0,0,0,0,,,0.0,,0,,,0,0,,0,0,0,,,0,0,0.0,0,1,0,100.0,1,0.0,0,0.0,0,0,0,,,0.0,1.0,0,100.0,,0,0,0.0,0,0,0,64.7,65.4,0,4,0.0,0,1,1,100.0,1,83.3,1,33.3,0,4,3,3.0,4.0,4.0
Benjamin Yurosek,131786,TE,MIN,9,3,,0,,,0,0,,0,0,0,,,0,0,,0,0,0,,0,0.0,0,0.0,0,0,0,,,,,0,,,0,0,,0,0,0,,,0,0,25.0,1,4,0,75.0,3,0.0,0,0.0,0,0,0,,,0.0,,0,,,0,0,,0,0,0,,,0,0,100.0,1,1,0,0.0,0,0.0,0,,0,0,0,,,,,0,,,0,0,,0,0,0,,,0,0,50.0,1,2,0,50.0,1,0.0,0,0.0,0,0,0,,,0.0,5.5,0,50.0,,0,0,0.0,0,1,0,64.7,89.9,0,9,0.0,0,7,1,85.7,6,62.5,2,33.3,0,9,4,4.0,9.0,1.5,0,,0,,,0,0,,0,0,0,,,0,0,,0,0,0,,0,0.0,0,0.0,0,0,0,,,,18,,0,,,0,0,,0,0,0,,,0,0,100.0,2,2,0,0.0,0,0.0,0,,0,0,0,,,,,0,,,0,0,,0,0,0,,,0,0,0.0,0,1,0,0.0,0,0.0,0,,0,0,0,,,,,0,,,0,0,,0,0,0,,,0,0,0.0,0,2,0,100.0,2,0.0,0,0.0,0,0,0,,,0.0,,0,,,0,0,,0,0,0,,,0,0,,0,0,0,,0,0.0,0,,0,0,0,,,,,0,,,0,0,,0,0,0,,,0,0,,0,0,0,,0,0.0,0,0.0,0,0,0,,,,0,,0,,,0,0,,0,0,0,,,0,0,33.3,2,6,0,66.7,4,0.0,0,0.0,0,0,0,,,0.0,,0,,,0,0,,0,0,0,,,0,0,100.0,1,1,0,0.0,0,0.0,0,,0,0,0,,,,,0,,,0,0,,0,0,0,,,0,0,50.0,3,6,0,50.0,3,0.0,0,0.0,0,0,0,,,0.0,1.0,0,100.0,,0,0,0.0,0,0,0,64.7,61.8,0,5,25.0,1,4,1,75.0,3,87.5,1,33.3,0,5,4,4.0,5.0,1.67,4.0,0,66.7,,0,0,0.0,0,1,0,68.3,88.8,0,9,0.0,0,3,2,100.0,3,77.1,3,100.0,0,14,8,4.0,7.0,4.67
Jack Westover,84079,FB,NE,20,3,,0,,,0,0,,0,0,0,,,0,0,,0,0,0,,0,0.0,0,0.0,0,0,0,,,,,0,,,0,0,,0,0,0,,,0,0,0.0,0,2,0,100.0,2,0.0,0,0.0,0,0,0,,,0.0,,0,,,0,0,,0,0,0,,,0,0,50.0,1,2,0,50.0,1,0.0,0,0.0,0,0,0,,,0.0,,0,,,0,0,,0,0,0,,,0,0,44.4,4,9,0,55.6,5,0.0,0,0.0,0,0,0,,,0.0,,0,,,0,0,,0,0,0,,,0,0,0.0,0,14,0,100.0,14,0.0,0,0.0,0,0,0,,,0.0,0,,0,,,0,0,,0,0,0,,,0,0,,0,0,0,,0,0.0,0,0.0,0,0,0,,,,19,,0,,,0,0,,0,0,0,,,0,0,,0,0,0,,0,0.0,0,,0,0,0,,,,,0,,,0,0,,0,0,0,,,0,0,25.0,1,4,0,50.0,2,0.0,0,0.0,0,0,0,,,0.0,,0,,,0,0,,0,0,0,,,0,0,0.0,0,8,0,100.0,8,0.0,0,0.0,0,0,0,,,0.0,,0,,,0,0,,0,0,0,,,0,0,14.3,1,7,0,71.4,5,0.0,0,0.0,0,0,0,,,0.0,,0,,,0,0,,0,0,0,,59.9,0,0,0.0,0,1,0,0.0,0,0.0,0,0.0,0,0,0,,,,0,,0,,,0,0,,0,0,0,,,0,0,0.0,0,1,0,100.0,1,0.0,0,0.0,0,0,0,,,0.0,,0,,,0,0,,0,0,0,,,0,0,0.0,0,1,0,100.0,1,0.0,0,0.0,0,0,0,,,0.0,,0,,,0,0,,0,0,0,,59.9,0,0,40.0,2,5,0,40.0,2,0.0,0,0.0,0,0,0,,,0.0,3.0,0,66.7,,0,0,33.3,1,1,0,30.0,61.9,0,8,27.3,3,11,2,72.7,8,70.1,3,37.5,0,8,2,1.0,4.0,1.0,3.0,0,66.7,,0,0,33.3,1,1,0,30.0,61.9,0,8,0.0,0,3,2,100.0,3,70.1,3,100.0,0,8,2,1.0,4.0,2.67
Corey Kiner,86392,HB,ARZ,4,3,,0,,,0,0,,0,0,0,,,0,0,,0,0,0,,0,0.0,0,0.0,0,0,0,,,,,0,,,0,0,,0,0,0,,,0,0,0.0,0,3,0,100.0,3,0.0,0,0.0,0,0,0,,,0.0,,0,,,0,0,,0,0,0,,,0,0,,0,0,0,,0,0.0,0,,0,0,0,,,,,0,,,0,0,,0,0,0,,,0,0,,0,0,0,,0,0.0,0,,0,0,0,,,,4.0,0,66.7,100.0,1,1,33.3,1,1,0,29.9,29.4,0,11,0.0,0,5,2,100.0,5,78.5,3,60.0,0,15,5,2.5,7.5,3.0,0,,0,,,0,0,,0,0,0,,,0,0,,0,0,0,,0,0.0,0,0.0,0,0,0,,,,1,,0,,,0,0,,0,0,0,,,0,0,0.0,0,1,0,100.0,1,0.0,0,0.0,0,0,0,,,0.0,,0,,,0,0,,0,0,0,,,0,0,0.0,0,1,0,100.0,1,0.0,0,0.0,0,0,0,,,0.0,,0,,,0,0,,0,0,0,,,0,0,0.0,0,1,0,100.0,1,0.0,0,0.0,0,0,0,,,0.0,,0,,,0,0,,0,0,0,,,0,0,0.0,0,1,0,100.0,1,0.0,0,0.0,0,0,0,,,0.0,,0,,,0,0,,0,0,0,,,0,0,,0,0,0,,0,0.0,0,0.0,0,0,0,,,,0,,0,,,0,0,,0,0,0,,,0,0,,0,0,0,,0,0.0,0,,0,0,0,,,,,0,,,0,0,,0,0,0,,,0,0,100.0,1,1,0,0.0,0,0.0,0,,0,0,0,,,,,0,,,0,0,,0,0,0,,,0,0,,0,0,0,,0,0.0,0,,0,0,0,,,,,0,,,0,0,,0,0,0,,,0,0,100.0,1,1,0,0.0,0,0.0,0,,0,0,0,,,,4.0,0,66.7,100.0,1,1,33.3,1,1,0,29.9,29.4,0,11,0.0,0,3,2,100.0,3,78.5,3,100.0,0,15,5,2.5,7.5,5.0
Deven Thompkins,84480,WR,ATL,3,3,-4.5,0,100.0,,0,0,0.0,0,0,0,68.3,61.5,0,4,0.0,0,2,2,100.0,2,83.3,2,66.7,0,8,17,8.5,4.0,4.0,-4.0,0,100.0,,0,0,0.0,0,0,0,64.7,60.8,0,4,0.0,0,2,1,100.0,2,83.3,1,50.0,0,4,8,8.0,4.0,2.0,,0,,,0,0,,0,0,0,,,0,0,,0,0,0,,0,0.0,0,,0,0,0,,,,,0,,,0,0,,0,0,0,,,0,0,0.0,0,1,0,100.0,1,0.0,0,0.0,0,0,0,,,0.0,,0,,,0,0,,0,0,0,,,0,0,,0,0,0,,0,0.0,0,,0,0,0,,,,0,,0,,,0,0,,0,0,0,,,0,0,,0,0,0,,0,0.0,0,0.0,0,0,0,,,,2,,0,,,0,0,,0,0,0,,,0,0,,0,0,0,,0,0.0,0,,0,0,0,,,,,0,,,0,0,,0,0,0,,,0,0,,0,0,0,,0,0.0,0,,0,0,0,,,,,0,,,0,0,,0,0,0,,,0,0,,0,0,0,,0,0.0,0,,0,0,0,,,,,0,,,0,0,,0,0,0,,,0,0,0.0,0,1,0,100.0,1,0.0,0,0.0,0,0,0,,,0.0,16.0,0,100.0,,0,0,0.0,0,1,0,64.7,77.9,0,19,0.0,0,1,1,100.0,1,118.8,1,33.3,0,19,3,3.0,19.0,19.0,0,-5.0,0,100.0,,0,0,0.0,0,0,0,64.7,61.0,0,4,0.0,0,2,1,100.0,2,83.3,1,50.0,0,4,9,9.0,4.0,2.0,,0,,,0,0,,0,0,0,,,0,0,,0,0,0,,0,0.0,0,,0,0,0,,,,16.0,0,100.0,,0,0,0.0,0,1,0,64.7,77.9,0,19,0.0,0,1,1,100.0,1,118.8,1,100.0,0,19,3,3.0,19.0,19.0,,0,,,0,0,,0,0,0,,,0,0,,0,0,0,,0,0.0,0,,0,0,0,,,,,0,,,0,0,,0,0,0,,,0,0,,0,0,0,,0,0.0,0,0.0,0,0,0,,,
Payne Durham,84037,TE,TB,17,3,-2.0,0,0.0,,0,0,,0,0,0,,60.0,0,0,0.0,0,1,0,100.0,1,39.6,1,33.3,0,0,0,,,0.0,-2.0,0,0.0,,0,0,,0,0,0,,60.0,0,0,16.7,2,12,0,75.0,9,39.6,1,11.1,0,0,0,,,0.0,,0,,,0,0,,0,0,0,,,0,0,25.0,1,4,0,75.0,3,0.0,0,0.0,0,0,0,,,0.0,,0,,,0,0,,0,0,0,,,0,0,38.5,5,13,0,53.8,7,0.0,0,0.0,0,0,0,,,0.0,,0,,,0,0,,0,0,0,,,0,0,30.8,4,13,0,69.2,9,0.0,0,0.0,0,0,0,,,0.0,0,,0,,,0,0,,0,0,0,,,0,0,,0,0,0,,0,0.0,0,0.0,0,0,0,,,,30,,0,,,0,0,,0,0,0,,,0,0,50.0,1,2,0,0.0,0,0.0,0,,0,0,0,,,,,0,,,0,0,,0,0,0,,,0,0,25.0,1,4,0,50.0,2,0.0,0,0.0,0,0,0,,,0.0,18.0,0,0.0,,0,0,100.0,1,0,0,28.0,41.7,0,0,23.1,3,13,0,69.2,9,39.6,1,11.1,0,0,0,,,0.0,1.0,0,100.0,,0,0,0.0,0,1,0,64.7,79.1,0,11,40.0,4,10,1,50.0,5,112.5,1,20.0,0,11,10,10.0,11.0,2.2,18.0,0,0.0,,0,0,100.0,1,0,0,28.0,41.7,0,0,0.0,0,1,0,100.0,1,39.6,1,33.3,0,0,0,,,0.0,0,,0,,,0,0,,0,0,0,,,0,0,100.0,1,1,0,0.0,0,0.0,0,,0,0,0,,,,,0,,,0,0,,0,0,0,,,0,0,57.1,4,7,0,42.9,3,0.0,0,0.0,0,0,0,,,0.0,,0,,,0,0,,0,0,0,,,0,0,27.3,3,11,0,63.6,7,0.0,0,0.0,0,0,0,,,0.0,,0,,,0,0,,0,0,0,,,0,0,66.7,6,9,0,33.3,3,0.0,0,0.0,0,0,0,,,0.0,1.0,0,100.0,,0,0,0.0,0,1,0,64.7,79.1,0,11,0.0,0,1,1,100.0,1,112.5,1,33.3,0,11,10,10.0,11.0,11.0
Tyler Goodson,101659,HB,IND,8,3,-1.5,0,100.0,,0,0,0.0,0,0,0,68.3,69.2,0,8,0.0,0,2,2,100.0,2,83.3,2,66.7,0,8,11,5.5,4.0,4.0,,0,,,0,0,,0,0,0,,,0,0,0.0,0,3,0,100.0,3,0.0,0,0.0,0,0,0,,,0.0,,0,,,0,0,,0,0,0,,,0,0,0.0,0,1,0,100.0,1,0.0,0,0.0,0,0,0,,,0.0,,0,,,0,0,,0,0,0,,,0,0,14.3,1,7,0,85.7,6,0.0,0,0.0,0,0,0,,,0.0,,0,,,0,0,,0,0,0,,,0,0,0.0,0,4,0,100.0,4,0.0,0,0.0,0,0,0,,,0.0,0,,0,,,0,0,,0,0,0,,,0,0,,0,0,0,,0,0.0,0,0.0,0,0,0,,,,14,-1.5,0,100.0,,0,0,0.0,0,0,0,68.3,69.2,0,8,0.0,0,2,2,100.0,2,83.3,2,100.0,0,8,11,5.5,4.0,4.0,,0,,,0,0,,0,0,0,,,0,0,,0,0,0,,0,0.0,0,,0,0,0,,,,,0,,,0,0,,0,0,0,,,0,0,0.0,0,1,0,100.0,1,0.0,0,0.0,0,0,0,,,0.0,,0,,,0,0,,0,0,0,,,0,0,0.0,0,1,0,100.0,1,0.0,0,0.0,0,0,0,,,0.0,,0,,,0,0,,0,0,0,,,0,0,,0,0,0,,0,0.0,0,0.0,0,0,0,,,,0,,0,,,0,0,,0,0,0,,,0,0,,0,0,0,,0,0.0,0,,0,0,0,,,,,0,,,0,0,,0,0,0,,,0,0,0.0,0,1,0,100.0,1,0.0,0,0.0,0,0,0,,,0.0,,0,,,0,0,,0,0,0,,,0,0,,0,0,0,,0,0.0,0,,0,0,0,,,,0.0,0,0.0,,0,0,,0,0,0,,59.8,0,0,0.0,0,2,0,100.0,2,39.6,1,50.0,0,0,0,,,0.0,0.0,0,0.0,,0,0,,0,0,0,,59.8,0,0,0.0,0,1,0,100.0,1,39.6,1,33.3,0,0,0,,,0.0
Zaire Mitchell-Paden,145197,TE,NO,8,3,,0,,,0,0,,0,0,0,,,0,0,,0,0,0,,0,0.0,0,0.0,0,0,0,,,,,0,,,0,0,,0,0,0,,,0,0,0.0,0,1,0,100.0,1,0.0,0,0.0,0,0,0,,,0.0,,0,,,0,0,,0,0,0,,,0,0,100.0,1,1,0,0.0,0,0.0,0,,0,0,0,,,,,0,,,0,0,,0,0,0,,,0,0,66.7,2,3,0,33.3,1,0.0,0,0.0,0,0,0,,,0.0,9.0,0,100.0,,0,0,0.0,0,1,0,64.7,79.1,0,14,40.0,2,5,1,60.0,3,118.8,1,33.3,0,14,5,5.0,14.0,4.67,0,,0,,,0,0,,0,0,0,,,0,0,,0,0,0,,0,0.0,0,0.0,0,0,0,,,,20,,0,,,0,0,,0,0,0,,,0,0,,0,0,0,,0,0.0,0,,0,0,0,,,,,0,,,0,0,,0,0,0,,,0,0,,0,0,0,,0,0.0,0,,0,0,0,,,,,0,,,0,0,,0,0,0,,,0,0,100.0,1,1,0,0.0,0,0.0,0,,0,0,0,,,,,0,,,0,0,,0,0,0,,,0,0,,0,0,0,,0,0.0,0,,0,0,0,,,,,0,,,0,0,,0,0,0,,,0,0,,0,0,0,,0,0.0,0,0.0,0,0,0,,,,0,,0,,,0,0,,0,0,0,,,0,0,,0,0,0,,0,0.0,0,,0,0,0,,,,,0,,,0,0,,0,0,0,,,0,0,75.0,3,4,0,25.0,1,0.0,0,0.0,0,0,0,,,0.0,,0,,,0,0,,0,0,0,,,0,0,66.7,2,3,0,33.3,1,0.0,0,0.0,0,0,0,,,0.0,5.5,0,50.0,50.0,1,2,0.0,0,0,0,64.7,64.2,0,3,40.0,2,5,1,60.0,3,56.3,2,66.7,0,3,0,0.0,3.0,1.0,6.7,0,66.7,50.0,1,2,0.0,0,1,0,68.3,88.0,0,14,0.0,0,3,2,100.0,3,81.3,3,100.0,0,17,5,2.5,8.5,5.67
Trevor Etienne,157730,HB,CAR,10,3,-3.0,2,100.0,,0,0,0.0,0,0,0,64.7,61.4,0,2,0.0,0,1,1,100.0,1,79.2,1,33.3,0,2,5,5.0,2.0,2.0,,0,,,0,0,,0,0,0,,,0,0,0.0,0,2,0,100.0,2,0.0,0,0.0,0,0,0,,,0.0,,0,,,0,0,,0,0,0,,,0,0,,0,0,0,,0,0.0,0,,0,0,0,,,,,0,,,0,0,,0,0,0,,,0,0,,0,0,0,,0,0.0,0,,0,0,0,,,,,0,,,0,0,,0,0,0,,,0,0,20.0,1,5,0,80.0,4,0.0,0,0.0,0,0,0,,,0.0,0,,0,,,0,0,,0,0,0,,,0,0,,0,0,0,,0,0.0,0,0.0,0,0,0,,,,5,,0,,,0,0,,0,0,0,,,0,0,,0,0,0,,0,0.0,0,,0,0,0,,,,,0,,,0,0,,0,0,0,,,0,0,0.0,0,2,0,100.0,2,0.0,0,0.0,0,0,0,,,0.0,,0,,,0,0,,0,0,0,,,0,0,0.0,0,2,0,50.0,1,0.0,0,0.0,0,0,0,,,0.0,1.0,0,100.0,,0,0,0.0,0,0,0,64.7,65.2,0,4,0.0,0,2,1,100.0,2,83.3,1,50.0,0,4,3,3.0,4.0,2.0,,0,,,0,0,,0,0,0,,,0,0,,0,0,0,,0,0.0,0,0.0,0,0,0,,,,0,-3.0,2,100.0,,0,0,0.0,0,0,0,64.7,61.4,0,2,0.0,0,2,1,100.0,2,79.2,1,50.0,0,2,5,5.0,2.0,1.0,,0,,,0,0,,0,0,0,,,0,0,0.0,0,1,0,100.0,1,0.0,0,0.0,0,0,0,,,0.0,,0,,,0,0,,0,0,0,,,0,0,,0,0,0,,0,0.0,0,,0,0,0,,,,4.0,0,100.0,,0,0,0.0,0,1,0,64.7,60.5,0,7,0.0,0,2,1,100.0,2,95.8,1,50.0,0,7,3,3.0,7.0,3.5,2.5,0,100.0,,0,0,0.0,0,1,0,68.3,62.9,0,7,0.0,0,2,2,100.0,2,89.6,2,66.7,0,11,6,3.0,5.5,5.5
Braelon Allen,145159,HB,NYJ,4,3,,0,,,0,0,,0,0,0,,,0,0,,0,0,0,,0,0.0,0,0.0,0,0,0,,,,,0,,,0,0,,0,0,0,,,0,0,0.0,0,1,0,100.0,1,0.0,0,0.0,0,0,0,,,0.0,,0,,,0,0,,0,0,0,,,0,0,,0,0,0,,0,0.0,0,,0,0,0,,,,,0,,,0,0,,0,0,0,,,0,0,50.0,1,2,0,50.0,1,0.0,0,0.0,0,0,0,,,0.0,,0,,,0,0,,0,0,0,,,0,0,0.0,0,5,0,100.0,5,0.0,0,0.0,0,0,0,,,0.0,0,,0,,,0,0,,0,0,0,,,0,0,,0,0,0,,0,0.0,0,0.0,0,0,0,,,,22,,0,,,0,0,,0,0,0,,,0,0,,0,0,0,,0,0.0,0,,0,0,0,,,,,0,,,0,0,,0,0,0,,,0,0,,0,0,0,,0,0.0,0,,0,0,0,,,,,0,,,0,0,,0,0,0,,,0,0,0.0,0,1,0,100.0,1,0.0,0,0.0,0,0,0,,,0.0,2.5,0,50.0,,0,0,50.0,1,0,0,28.8,27.4,0,5,20.0,1,5,1,60.0,3,56.3,2,66.7,0,5,0,0.0,5.0,1.67,,0,,,0,0,,0,0,0,,,0,0,,0,0,0,,0,0.0,0,0.0,0,0,0,,,,0,,0,,,0,0,,0,0,0,,,0,0,0.0,0,2,0,100.0,2,0.0,0,0.0,0,0,0,,,0.0,,0,,,0,0,,0,0,0,,,0,0,0.0,0,1,0,100.0,1,0.0,0,0.0,0,0,0,,,0.0,,0,,,0,0,,0,0,0,,,0,0,,0,0,0,,0,0.0,0,,0,0,0,,,,3.0,1,100.0,,0,0,0.0,0,1,0,64.7,81.5,0,12,50.0,1,2,1,50.0,1,116.7,1,100.0,0,12,9,9.0,12.0,12.0,2.7,1,66.7,,0,0,33.3,1,1,0,29.9,36.0,0,12,0.0,0,3,2,100.0,3,81.3,3,100.0,0,17,9,4.5,8.5,5.67
Mecole Hardman Jr.,42683,WR,BUF,2,3,,0,,,0,0,,0,0,0,,,0,0,,0,0,0,,0,0.0,0,0.0,0,0,0,,,,,0,,,0,0,,0,0,0,,,0,0,0.0,0,1,0,100.0,1,0.0,0,0.0,0,0,0,,,0.0,46.0,0,0.0,0.0,0,1,,0,0,0,,59.3,0,0,0.0,0,1,0,100.0,1,39.6,1,100.0,0,0,0,,,0.0,,0,,,0,0,,0,0,0,,,0,0,0.0,0,1,0,100.0,1,0.0,0,0.0,0,0,0,,,0.0,,0,,,0,0,,0,0,0,,,0,0,0.0,0,3,0,100.0,3,0.0,0,0.0,0,0,0,,,0.0,0,33.5,0,0.0,0.0,0,1,,0,0,0,,57.7,0,0,0.0,0,2,0,100.0,2,39.6,2,66.7,0,0,0,,,0.0,4,,0,,,0,0,,0,0,0,,,0,0,,0,0,0,,0,0.0,0,,0,0,0,,,,21.0,0,0.0,,0,0,,0,0,0,,59.9,0,0,0.0,0,1,0,100.0,1,39.6,1,100.0,0,0,0,,,0.0,,0,,,0,0,,0,0,0,,,0,0,0.0,0,1,0,100.0,1,0.0,0,0.0,0,0,0,,,0.0,,0,,,0,0,,0,0,0,,,0,0,0.0,0,1,0,100.0,1,0.0,0,0.0,0,0,0,,,0.0,,0,,,0,0,,0,0,0,,,0,0,,0,0,0,,0,0.0,0,0.0,0,0,0,,,,0,,0,,,0,0,,0,0,0,,,0,0,,0,0,0,,0,0.0,0,,0,0,0,,,,,0,,,0,0,,0,0,0,,,0,0,,0,0,0,,0,0.0,0,,0,0,0,,,,,0,,,0,0,,0,0,0,,,0,0,,0,0,0,,0,0.0,0,,0,0,0,,,,2.0,0,100.0,,0,0,0.0,0,1,0,64.7,78.1,0,4,0.0,0,2,1,100.0,2,122.9,1,50.0,1,4,2,2.0,4.0,2.0,2.0,0,100.0,,0,0,0.0,0,1,0,64.7,78.1,0,4,0.0,0,1,1,100.0,1,122.9,1,33.3,1,4,2,2.0,4.0,4.0
Alex Bachman,47996,WR,LV,8,3,,0,,,0,0,,0,0,0,,,0,0,,0,0,0,,0,0.0,0,0.0,0,0,0,,,,,0,,,0,0,,0,0,0,,,0,0,,0,0,0,,0,0.0,0,,0,0,0,,,,,0,,,0,0,,0,0,0,,,0,0,,0,0,0,,0,0.0,0,,0,0,0,,,,,0,,,0,0,,0,0,0,,,0,0,0.0,0,1,0,100.0,1,0.0,0,0.0,0,0,0,,,0.0,5.5,0,50.0,0.0,0,1,0.0,0,1,0,64.7,76.7,0,9,0.0,0,3,1,100.0,3,62.5,2,66.7,0,9,2,2.0,9.0,3.0,0,,0,,,0,0,,0,0,0,,,0,0,,0,0,0,,0,0.0,0,0.0,0,0,0,,,,23,,0,,,0,0,,0,0,0,,,0,0,,0,0,0,,0,0.0,0,,0,0,0,,,,,0,,,0,0,,0,0,0,,,0,0,,0,0,0,,0,0.0,0,,0,0,0,,,,,0,,,0,0,,0,0,0,,,0,0,0.0,0,1,0,100.0,1,0.0,0,0.0,0,0,0,,,0.0,3.0,0,100.0,100.0,1,1,0.0,0,1,0,64.7,77.9,0,3,0.0,0,4,1,100.0,4,79.2,1,25.0,0,3,0,0.0,3.0,0.75,,0,,,0,0,,0,0,0,,,0,0,,0,0,0,,0,0.0,0,0.0,0,0,0,,,,0,,0,,,0,0,,0,0,0,,,0,0,0.0,0,3,0,100.0,3,0.0,0,0.0,0,0,0,,,0.0,,0,,,0,0,,0,0,0,,,0,0,0.0,0,1,0,100.0,1,0.0,0,0.0,0,0,0,,,0.0,,0,,,0,0,,0,0,0,,,0,0,0.0,0,1,0,100.0,1,0.0,0,0.0,0,0,0,,,0.0,,0,,,0,0,,0,0,0,,,0,0,0.0,0,1,0,100.0,1,0.0,0,0.0,0,0,0,,,0.0,4.7,0,66.7,50.0,1,2,0.0,0,2,0,68.3,87.1,0,9,0.0,0,3,2,100.0,3,74.3,3,100.0,0,12,2,1.0,6.0,4.0
Dareke Young,111900,WR,SEA,8,3,,0,,,0,0,,0,0,0,,,0,0,,0,0,0,,0,0.0,0,0.0,0,0,0,,,,,0,,,0,0,,0,0,0,,,0,0,0.0,0,4,0,100.0,4,0.0,0,0.0,0,0,0,,,0.0,,0,,,0,0,,0,0,0,,,0,0,,0,0,0,,0,0.0,0,,0,0,0,,,,12.0,0,100.0,,0,0,0.0,0,1,0,64.7,78.5,0,12,0.0,0,2,1,100.0,2,116.7,1,50.0,0,12,0,0.0,12.0,6.0,9.0,0,0.0,0.0,0,1,,0,0,0,,52.7,0,0,0.0,0,7,0,100.0,7,39.6,1,14.3,0,0,0,,,0.0,0,35.0,0,100.0,100.0,1,1,0.0,0,1,0,64.7,90.9,0,36,0.0,0,1,1,100.0,1,118.8,1,33.3,0,36,1,1.0,36.0,36.0,29,,0,,,0,0,,0,0,0,,,0,0,0.0,0,2,0,100.0,2,0.0,0,0.0,0,0,0,,,0.0,35.0,0,100.0,100.0,1,1,0.0,0,1,0,64.7,90.9,0,36,0.0,0,1,1,100.0,1,118.8,1,100.0,0,36,1,1.0,36.0,36.0,,0,,,0,0,,0,0,0,,,0,0,,0,0,0,,0,0.0,0,,0,0,0,,,,,0,,,0,0,,0,0,0,,,0,0,0.0,0,1,0,100.0,1,0.0,0,0.0,0,0,0,,,0.0,12.0,0,100.0,,0,0,0.0,0,1,0,64.7,78.5,0,12,0.0,0,1,1,100.0,1,116.7,1,33.3,0,12,0,0.0,12.0,12.0,0,,0,,,0,0,,0,0,0,,,0,0,0.0,0,1,0,100.0,1,0.0,0,0.0,0,0,0,,,0.0,,0,,,0,0,,0,0,0,,,0,0,,0,0,0,,0,0.0,0,,0,0,0,,,,,0,,,0,0,,0,0,0,,,0,0,0.0,0,1,0,100.0,1,0.0,0,0.0,0,0,0,,,0.0,,0,,,0,0,,0,0,0,,,0,0,,0,0,0,,0,0.0,0,,0,0,0,,,,9.0,0,0.0,0.0,0,1,,0,0,0,,52.7,0,0,0.0,0,1,0,100.0,1,39.6,1,33.3,0,0,0,,,0.0
Jalen Royals,163442,WR,KC,5,3,-2.0,0,100.0,,0,0,0.0,0,0,0,64.7,61.1,0,2,0.0,0,1,1,100.0,1,79.2,1,33.3,0,2,4,4.0,2.0,2.0,-2.0,0,100.0,,0,0,0.0,0,0,0,64.7,61.1,0,2,0.0,0,6,1,100.0,6,79.2,1,16.7,0,2,4,4.0,2.0,0.33,21.0,0,0.0,,0,0,,0,0,0,,60.0,0,0,0.0,0,2,0,100.0,2,39.6,1,50.0,0,0,0,,,0.0,,0,,,0,0,,0,0,0,,,0,0,,0,0,0,,0,0.0,0,,0,0,0,,,,2.0,0,100.0,100.0,1,1,0.0,0,0,0,64.7,61.1,0,2,0.0,0,5,1,100.0,5,79.2,1,20.0,0,2,0,0.0,2.0,0.4,0,21.0,0,0.0,,0,0,,0,0,0,,60.0,0,0,0.0,0,1,0,100.0,1,39.6,1,33.3,0,0,0,,,0.0,16,,0,,,0,0,,0,0,0,,,0,0,0.0,0,1,0,100.0,1,0.0,0,0.0,0,0,0,,,0.0,,0,,,0,0,,0,0,0,,,0,0,0.0,0,2,0,100.0,2,0.0,0,0.0,0,0,0,,,0.0,,0,,,0,0,,0,0,0,,,0,0,0.0,0,1,0,100.0,1,0.0,0,0.0,0,0,0,,,0.0,,0,,,0,0,,0,0,0,,,0,0,0.0,0,3,0,100.0,3,0.0,0,0.0,0,0,0,,,0.0,,0,,,0,0,,0,0,0,,,0,0,,0,0,0,,0,0.0,0,0.0,0,0,0,,,,0,,0,,,0,0,,0,0,0,,,0,0,0.0,0,2,0,100.0,2,0.0,0,0.0,0,0,0,,,0.0,,0,,,0,0,,0,0,0,,,0,0,0.0,0,1,0,100.0,1,0.0,0,0.0,0,0,0,,,0.0,,0,,,0,0,,0,0,0,,,0,0,0.0,0,3,0,66.7,2,0.0,0,0.0,0,0,0,,,0.0,,0,,,0,0,,0,0,0,,,0,0,0.0,0,1,0,100.0,1,0.0,0,0.0,0,0,0,,,0.0,2.0,0,100.0,100.0,1,1,0.0,0,0,0,64.7,61.1,0,2,0.0,0,1,1,100.0,1,79.2,1,33.3,0,2,0,0.0,2.0,2.0
Antonio Gibson,78050,HB,NE,5,3,-5.0,0,100.0,,0,0,0.0,0,0,0,68.3,69.1,0,5,0.0,0,2,2,100.0,2,79.2,2,66.7,0,6,16,8.0,3.0,3.0,-5.0,0,100.0,,0,0,0.0,0,0,0,68.3,69.1,0,5,0.0,0,3,2,100.0,3,79.2,2,66.7,0,6,16,8.0,3.0,2.0,,0,,,0,0,,0,0,0,,,0,0,,0,0,0,,0,0.0,0,,0,0,0,,,,,0,,,0,0,,0,0,0,,,0,0,0.0,0,1,0,100.0,1,0.0,0,0.0,0,0,0,,,0.0,,0,,,0,0,,0,0,0,,,0,0,0.0,0,2,0,100.0,2,0.0,0,0.0,0,0,0,,,0.0,0,,0,,,0,0,,0,0,0,,,0,0,,0,0,0,,0,0.0,0,0.0,0,0,0,,,,19,,0,,,0,0,,0,0,0,,,0,0,0.0,0,1,0,100.0,1,0.0,0,0.0,0,0,0,,,0.0,,0,,,0,0,,0,0,0,,,0,0,,0,0,0,,0,0.0,0,,0,0,0,,,,,0,,,0,0,,0,0,0,,,0,0,0.0,0,4,0,75.0,3,0.0,0,0.0,0,0,0,,,0.0,,0,,,0,0,,0,0,0,,,0,0,50.0,1,2,0,50.0,1,0.0,0,0.0,0,0,0,,,0.0,,0,,,0,0,,0,0,0,,,0,0,,0,0,0,,0,0.0,0,0.0,0,0,0,,,,0,,0,,,0,0,,0,0,0,,,0,0,,0,0,0,,0,0.0,0,,0,0,0,,,,,0,,,0,0,,0,0,0,,,0,0,,0,0,0,,0,0.0,0,,0,0,0,,,,,0,,,0,0,,0,0,0,,,0,0,0.0,0,1,0,100.0,1,0.0,0,0.0,0,0,0,,,0.0,5.0,0,0.0,0.0,0,1,,0,0,0,,56.1,0,0,0.0,0,1,0,100.0,1,39.6,1,100.0,0,0,0,,,0.0,5.0,0,0.0,0.0,0,1,,0,0,0,,56.1,0,0,0.0,0,1,0,100.0,1,39.6,1,33.3,0,0,0,,,0.0
Derius Davis,78196,WR,LAC,10,3,-4.0,1,100.0,,0,0,0.0,0,0,0,64.7,60.4,0,3,0.0,0,1,1,100.0,1,79.2,1,33.3,0,3,7,7.0,3.0,3.0,-4.0,1,100.0,,0,0,0.0,0,0,0,64.7,60.4,0,3,0.0,0,3,1,100.0,3,79.2,1,33.3,0,3,7,7.0,3.0,1.0,,0,,,0,0,,0,0,0,,,0,0,0.0,0,1,0,100.0,1,0.0,0,0.0,0,0,0,,,0.0,,0,,,0,0,,0,0,0,,,0,0,0.0,0,4,0,100.0,4,0.0,0,0.0,0,0,0,,,0.0,,0,,,0,0,,0,0,0,,,0,0,0.0,0,9,0,100.0,9,0.0,0,0.0,0,0,0,,,0.0,0,30.0,0,0.0,,0,0,,0,0,0,,59.7,0,0,0.0,0,1,0,100.0,1,39.6,1,33.3,0,0,0,,,0.0,27,,0,,,0,0,,0,0,0,,,0,0,0.0,0,3,0,100.0,3,0.0,0,0.0,0,0,0,,,0.0,30.0,0,0.0,,0,0,,0,0,0,,59.7,0,0,0.0,0,2,0,100.0,2,39.6,1,50.0,0,0,0,,,0.0,,0,,,0,0,,0,0,0,,,0,0,0.0,0,2,0,100.0,2,0.0,0,0.0,0,0,0,,,0.0,6.0,0,100.0,,0,0,0.0,0,0,0,64.7,61.1,0,7,0.0,0,3,1,100.0,3,95.8,1,33.3,0,7,1,1.0,7.0,2.33,,0,,,0,0,,0,0,0,64.7,78.1,0,0,0.0,0,1,0,0.0,0,0.0,0,0.0,0,0,0,,,,0,,0,,,0,0,,0,0,0,,,0,0,,0,0,0,,0,0.0,0,,0,0,0,,,,,0,,,0,0,,0,0,0,,,0,0,0.0,0,3,0,100.0,3,0.0,0,0.0,0,0,0,,,0.0,,0,,,0,0,,0,0,0,64.7,78.1,0,0,0.0,0,4,0,75.0,3,0.0,0,0.0,0,0,0,,,0.0,,0,,,0,0,,0,0,0,,,0,0,0.0,0,4,0,75.0,3,0.0,0,0.0,0,0,0,,,0.0,6.0,0,100.0,,0,0,0.0,0,0,0,64.7,61.1,0,7,0.0,0,1,1,100.0,1,95.8,1,33.3,0,7,1,1.0,7.0,7.0
Khalil Herbert,41668,HB,NYJ,3,3,-4.3,0,33.3,,0,0,50.0,1,0,0,28.8,27.7,0,4,0.0,0,3,1,100.0,3,42.4,3,100.0,0,4,9,9.0,4.0,1.33,-4.0,0,0.0,,0,0,,0,0,0,,60.0,0,0,33.3,1,3,0,66.7,2,39.6,1,50.0,0,0,0,,,0.0,,0,,,0,0,,0,0,0,,,0,0,,0,0,0,,0,0.0,0,,0,0,0,,,,,0,,,0,0,,0,0,0,,,0,0,75.0,3,4,0,25.0,1,0.0,0,0.0,0,0,0,,,0.0,,0,,,0,0,,0,0,0,,,0,0,14.3,1,7,0,85.7,6,0.0,0,0.0,0,0,0,,,0.0,0,,0,,,0,0,,0,0,0,,,0,0,,0,0,0,,0,0.0,0,0.0,0,0,0,,,,22,-4.0,0,0.0,,0,0,100.0,1,0,0,27.9,25.8,0,0,50.0,1,2,0,50.0,1,39.6,1,100.0,0,0,0,,,0.0,,0,,,0,0,,0,0,0,,,0,0,,0,0,0,,0,0.0,0,,0,0,0,,,,,0,,,0,0,,0,0,0,,,0,0,0.0,0,1,0,100.0,1,0.0,0,0.0,0,0,0,,,0.0,,0,,,0,0,,0,0,0,,,0,0,83.3,5,6,0,0.0,0,0.0,0,,0,0,0,,,,,0,,,0,0,,0,0,0,,,0,0,,0,0,0,,0,0.0,0,0.0,0,0,0,,,,0,-5.0,0,100.0,,0,0,0.0,0,0,0,64.7,65.4,0,4,0.0,0,1,1,100.0,1,83.3,1,100.0,0,4,9,9.0,4.0,4.0,,0,,,0,0,,0,0,0,,,0,0,0.0,0,1,0,100.0,1,0.0,0,0.0,0,0,0,,,0.0,,0,,,0,0,,0,0,0,,,0,0,0.0,0,1,0,100.0,1,0.0,0,0.0,0,0,0,,,0.0,,0,,,0,0,,0,0,0,,,0,0,100.0,1,1,0,0.0,0,0.0,0,,0,0,0,,,,,0,,,0,0,,0,0,0,,,0,0,,0,0,0,,0,0.0,0,0.0,0,0,0,,,
AJ Dillon,57165,HB,PHI,7,3,,0,,,0,0,,0,0,0,,,0,0,,0,0,0,,0,0.0,0,0.0,0,0,0,,,,,0,,,0,0,,0,0,0,,,0,0,0.0,0,1,0,100.0,1,0.0,0,0.0,0,0,0,,,0.0,,0,,,0,0,,0,0,0,,,0,0,0.0,0,1,0,100.0,1,0.0,0,0.0,0,0,0,,,0.0,,0,,,0,0,,0,0,0,,,0,0,,0,0,0,,0,0.0,0,,0,0,0,,,,4.0,0,100.0,,0,0,0.0,0,0,1,64.7,22.9,0,11,40.0,4,10,1,60.0,6,112.5,1,16.7,0,11,7,7.0,11.0,1.83,0,,0,,,0,0,,0,0,0,,,0,0,,0,0,0,,0,0.0,0,0.0,0,0,0,,,,24,,0,,,0,0,,0,0,0,,,0,0,,0,0,0,,0,0.0,0,,0,0,0,,,,,0,,,0,0,,0,0,0,,,0,0,0.0,0,3,0,66.7,2,0.0,0,0.0,0,0,0,,,0.0,,0,,,0,0,,0,0,0,,,0,0,,0,0,0,,0,0.0,0,,0,0,0,,,,5.0,0,100.0,,0,0,0.0,0,0,0,64.7,65.4,0,7,33.3,1,3,1,66.7,2,95.8,1,50.0,0,7,2,2.0,7.0,3.5,,0,,,0,0,,0,0,0,,,0,0,,0,0,0,,0,0.0,0,0.0,0,0,0,,,,0,,0,,,0,0,,0,0,0,,,0,0,,0,0,0,,0,0.0,0,,0,0,0,,,,,0,,,0,0,,0,0,0,,,0,0,50.0,2,4,0,50.0,2,0.0,0,0.0,0,0,0,,,0.0,,0,,,0,0,,0,0,0,,,0,0,,0,0,0,,0,0.0,0,,0,0,0,,,,3.0,0,100.0,,0,0,0.0,0,0,0,64.7,65.1,0,3,0.0,0,1,1,100.0,1,79.2,1,100.0,0,3,0,0.0,3.0,3.0,4.0,0,100.0,,0,0,0.0,0,0,1,70.5,26.7,0,11,0.0,0,3,3,100.0,3,95.8,3,100.0,0,21,9,3.0,7.0,7.0
Samori Toure,25276,WR,NO,1,3,,0,,,0,0,,0,0,0,,,0,0,,0,0,0,,0,0.0,0,0.0,0,0,0,,,,,0,,,0,0,,0,0,0,,,0,0,,0,0,0,,0,0.0,0,,0,0,0,,,,25.0,0,0.0,,0,0,,0,0,0,,59.0,0,0,0.0,0,1,0,100.0,1,39.6,1,100.0,0,0,0,,,0.0,,0,,,0,0,,0,0,0,,,0,0,,0,0,0,,0,0.0,0,,0,0,0,,,,9.0,0,0.0,,0,0,,0,0,0,,59.3,1,0,0.0,0,3,0,100.0,3,0.0,1,33.3,0,0,0,,,0.0,0,25.0,0,0.0,,0,0,,0,0,0,,59.0,0,0,0.0,0,1,0,100.0,1,39.6,1,33.3,0,0,0,,,0.0,20,,0,,,0,0,,0,0,0,,,0,0,,0,0,0,,0,0.0,0,,0,0,0,,,,,0,,,0,0,,0,0,0,,,0,0,,0,0,0,,0,0.0,0,,0,0,0,,,,,0,,,0,0,,0,0,0,,,0,0,0.0,0,3,0,100.0,3,0.0,0,0.0,0,0,0,,,0.0,3.0,0,100.0,,0,0,0.0,0,0,0,64.7,79.1,0,3,0.0,0,1,1,100.0,1,79.2,1,100.0,0,3,0,0.0,3.0,3.0,,0,,,0,0,,0,0,0,,,0,0,,0,0,0,,0,0.0,0,0.0,0,0,0,,,,0,,0,,,0,0,,0,0,0,,,0,0,,0,0,0,,0,0.0,0,,0,0,0,,,,,0,,,0,0,,0,0,0,,,0,0,,0,0,0,,0,0.0,0,,0,0,0,,,,,0,,,0,0,,0,0,0,,,0,0,,0,0,0,,0,0.0,0,,0,0,0,,,,,0,,,0,0,,0,0,0,,,0,0,,0,0,0,,0,0.0,0,,0,0,0,,,,6.0,0,50.0,,0,0,0.0,0,0,0,64.7,76.8,1,3,0.0,0,2,1,100.0,2,16.7,2,66.7,0,3,0,0.0,3.0,1.5
Najee Harris,57121,HB,LAC,3,3,,0,,,0,0,,0,0,0,,,0,0,,0,0,0,,0,0.0,0,0.0,0,0,0,,,,,0,,,0,0,,0,0,0,,,0,0,,0,0,0,,0,0.0,0,,0,0,0,,,,,0,,,0,0,,0,0,0,,,0,0,,0,0,0,,0,0.0,0,,0,0,0,,,,,0,,,0,0,,0,0,0,,,0,0,33.3,1,3,0,66.7,2,0.0,0,0.0,0,0,0,,,0.0,4.0,0,100.0,,0,0,0.0,0,0,0,64.7,81.5,0,9,16.7,1,6,1,83.3,5,104.2,1,20.0,0,9,5,5.0,9.0,1.8,0,,0,,,0,0,,0,0,0,,,0,0,,0,0,0,,0,0.0,0,0.0,0,0,0,,,,27,,0,,,0,0,,0,0,0,,,0,0,,0,0,0,,0,0.0,0,,0,0,0,,,,,0,,,0,0,,0,0,0,,,0,0,100.0,1,1,0,0.0,0,0.0,0,,0,0,0,,,,,0,,,0,0,,0,0,0,,,0,0,0.0,0,3,0,100.0,3,0.0,0,0.0,0,0,0,,,0.0,1.0,2,100.0,,0,0,0.0,0,1,0,64.7,81.5,0,11,0.0,0,1,1,100.0,1,112.5,1,100.0,0,11,10,10.0,11.0,11.0,,0,,,0,0,,0,0,0,,,0,0,,0,0,0,,0,0.0,0,0.0,0,0,0,,,,0,,0,,,0,0,,0,0,0,,,0,0,,0,0,0,,0,0.0,0,,0,0,0,,,,,0,,,0,0,,0,0,0,,,0,0,0.0,0,1,0,100.0,1,0.0,0,0.0,0,0,0,,,0.0,,0,,,0,0,,0,0,0,,,0,0,0.0,0,2,0,100.0,2,0.0,0,0.0,0,0,0,,,0.0,5.0,0,100.0,,0,0,0.0,0,0,0,64.7,65.7,0,5,0.0,0,1,1,100.0,1,87.5,1,100.0,0,5,0,0.0,5.0,5.0,3.3,2,100.0,,0,0,0.0,0,1,0,70.5,90.4,0,11,0.0,0,3,3,100.0,3,101.4,3,100.0,0,25,15,5.0,8.3,8.33
Jordan Watkins,122730,WR,SF,4,3,,0,,,0,0,,0,0,0,,,0,0,,0,0,0,,0,0.0,0,0.0,0,0,0,,,,,0,,,0,0,,0,0,0,,,0,0,0.0,0,1,0,100.0,1,0.0,0,0.0,0,0,0,,,0.0,,0,,,0,0,,0,0,0,,,0,0,,0,0,0,,0,0.0,0,,0,0,0,,,,19.0,0,100.0,100.0,1,1,0.0,0,1,0,64.7,90.8,0,19,0.0,0,2,1,100.0,2,118.8,1,50.0,0,19,0,0.0,19.0,9.5,,0,,,0,0,,0,0,0,,,0,0,0.0,0,4,0,100.0,4,0.0,0,0.0,0,0,0,,,0.0,0,,0,,,0,0,,0,0,0,,,0,0,,0,0,0,,0,0.0,0,0.0,0,0,0,,,,28,,0,,,0,0,,0,0,0,,,0,0,,0,0,0,,0,0.0,0,,0,0,0,,,,,0,,,0,0,,0,0,0,,,0,0,,0,0,0,,0,0.0,0,,0,0,0,,,,,0,,,0,0,,0,0,0,,,0,0,,0,0,0,,0,0.0,0,,0,0,0,,,,6.0,0,100.0,,0,0,0.0,0,0,0,64.7,61.1,0,7,0.0,0,1,1,100.0,1,95.8,1,100.0,0,7,1,1.0,7.0,7.0,18.5,0,50.0,100.0,1,1,50.0,1,1,0,28.8,72.2,0,19,0.0,0,2,1,100.0,2,83.3,2,66.7,0,19,0,0.0,19.0,9.5,0,,0,,,0,0,,0,0,0,,,0,0,,0,0,0,,0,0.0,0,,0,0,0,,,,,0,,,0,0,,0,0,0,,,0,0,,0,0,0,,0,0.0,0,,0,0,0,,,,18.0,0,0.0,,0,0,100.0,1,0,0,27.9,40.8,0,0,0.0,0,2,0,100.0,2,39.6,1,50.0,0,0,0,,,0.0,,0,,,0,0,,0,0,0,,,0,0,0.0,0,2,0,100.0,2,0.0,0,0.0,0,0,0,,,0.0,6.0,0,100.0,,0,0,0.0,0,0,0,64.7,61.1,0,7,0.0,0,1,1,100.0,1,95.8,1,33.3,0,7,1,1.0,7.0,7.0
Pharaoh Brown,12247,TE,ARZ,7,2,-1.0,0,100.0,,0,0,0.0,0,0,0,64.7,61.8,0,0,0.0,0,1,1,100.0,1,79.2,1,50.0,0,0,1,1.0,0.0,0.0,,0,,,0,0,,0,0,0,,,0,0,33.3,1,3,0,66.7,2,0.0,0,0.0,0,0,0,,,0.0,,0,,,0,0,,0,0,0,,,0,0,0.0,0,1,0,100.0,1,0.0,0,0.0,0,0,0,,,0.0,,0,,,0,0,,0,0,0,,,0,0,50.0,1,2,0,50.0,1,0.0,0,0.0,0,0,0,,,0.0,,0,,,0,0,,0,0,0,,,0,0,25.0,1,4,0,75.0,3,0.0,0,0.0,0,0,0,,,0.0,0,,0,,,0,0,,0,0,0,,,0,0,,0,0,0,,0,0.0,0,0.0,0,0,0,,,,1,,0,,,0,0,,0,0,0,,,0,0,,0,0,0,,0,0.0,0,,0,0,0,,,,,0,,,0,0,,0,0,0,,,0,0,,0,0,0,,0,0.0,0,,0,0,0,,,,,0,,,0,0,,0,0,0,,,0,0,0.0,0,1,0,100.0,1,0.0,0,0.0,0,0,0,,,0.0,,0,,,0,0,,0,0,0,,,0,0,,0,0,0,,0,0.0,0,,0,0,0,,,,,0,,,0,0,,0,0,0,,,0,0,,0,0,0,,0,0.0,0,0.0,0,0,0,,,,0,-1.0,0,100.0,,0,0,0.0,0,0,0,64.7,61.8,0,0,0.0,0,3,1,100.0,3,79.2,1,33.3,0,0,1,1.0,0.0,0.0,,0,,,0,0,,0,0,0,,,0,0,100.0,1,1,0,0.0,0,0.0,0,,0,0,0,,,,,0,,,0,0,,0,0,0,,,0,0,0.0,0,1,0,100.0,1,0.0,0,0.0,0,0,0,,,0.0,1.0,0,100.0,,0,0,0.0,0,0,0,64.7,61.8,0,1,40.0,2,5,1,60.0,3,79.2,1,33.3,0,1,0,0.0,1.0,0.33,1.0,0,100.0,,0,0,0.0,0,0,0,64.7,61.8,0,1,0.0,0,1,1,100.0,1,79.2,1,50.0,0,1,0,0.0,1.0,1.0
Colson Yankoff,83589,TE,WAS,13,2,,0,,,0,0,,0,0,0,,,0,0,,0,0,0,,0,0.0,0,0.0,0,0,0,,,,,0,,,0,0,,0,0,0,,,0,0,0.0,0,5,0,100.0,5,0.0,0,0.0,0,0,0,,,0.0,,0,,,0,0,,0,0,0,,,0,0,0.0,0,1,0,100.0,1,0.0,0,0.0,0,0,0,,,0.0,13.0,0,100.0,,0,0,0.0,0,1,0,64.7,81.8,0,14,0.0,0,6,1,83.3,5,118.8,1,20.0,0,14,1,1.0,14.0,2.8,,0,,,0,0,,0,0,0,,,0,0,0.0,0,4,0,100.0,4,0.0,0,0.0,0,0,0,,,0.0,0,,0,,,0,0,,0,0,0,,,0,0,,0,0,0,,0,0.0,0,0.0,0,0,0,,,,32,,0,,,0,0,,0,0,0,,,0,0,0.0,0,3,0,66.7,2,0.0,0,0.0,0,0,0,,,0.0,,0,,,0,0,,0,0,0,,,0,0,0.0,0,1,0,100.0,1,0.0,0,0.0,0,0,0,,,0.0,,0,,,0,0,,0,0,0,,,0,0,0.0,0,1,0,100.0,1,0.0,0,0.0,0,0,0,,,0.0,,0,,,0,0,,0,0,0,,,0,0,,0,0,0,,0,0.0,0,,0,0,0,,,,13.0,0,100.0,,0,0,0.0,0,1,0,64.7,81.8,0,14,0.0,0,1,1,100.0,1,118.8,1,50.0,0,14,1,1.0,14.0,14.0,0,,0,,,0,0,,0,0,0,,,0,0,0.0,0,4,0,100.0,4,0.0,0,0.0,0,0,0,,,0.0,,0,,,0,0,,0,0,0,,,0,0,0.0,0,2,0,100.0,2,0.0,0,0.0,0,0,0,,,0.0,,0,,,0,0,,0,0,0,,,0,0,25.0,1,4,0,50.0,2,0.0,0,0.0,0,0,0,,,0.0,1.0,0,100.0,,0,0,0.0,0,1,0,64.7,81.5,0,4,20.0,1,5,1,80.0,4,83.3,1,25.0,0,4,3,3.0,4.0,1.0,1.0,0,100.0,,0,0,0.0,0,1,0,64.7,81.5,0,4,0.0,0,1,1,100.0,1,83.3,1,50.0,0,4,3,3.0,4.0,4.0
Anthony Gould,97078,WR,IND,4,2,-5.0,0,100.0,,0,0,0.0,0,0,0,64.7,61.0,0,3,0.0,0,1,1,100.0,1,79.2,1,50.0,0,3,8,8.0,3.0,3.0,-5.0,0,100.0,,0,0,0.0,0,0,0,64.7,61.0,0,3,0.0,0,1,1,100.0,1,79.2,1,100.0,0,3,8,8.0,3.0,3.0,,0,,,0,0,,0,0,0,,,0,0,0.0,0,1,0,100.0,1,0.0,0,0.0,0,0,0,,,0.0,,0,,,0,0,,0,0,0,,,0,0,0.0,0,6,0,100.0,6,0.0,0,0.0,0,0,0,,,0.0,3.0,0,100.0,,0,0,0.0,0,0,0,64.7,61.0,0,3,0.0,0,7,1,100.0,7,79.2,1,14.3,0,3,0,0.0,3.0,0.43,0,,0,,,0,0,,0,0,0,,,0,0,,0,0,0,,0,0.0,0,0.0,0,0,0,,,,14,,0,,,0,0,,0,0,0,,,0,0,,0,0,0,,0,0.0,0,,0,0,0,,,,,0,,,0,0,,0,0,0,,,0,0,,0,0,0,,0,0.0,0,,0,0,0,,,,,0,,,0,0,,0,0,0,,,0,0,0.0,0,1,0,100.0,1,0.0,0,0.0,0,0,0,,,0.0,,0,,,0,0,,0,0,0,,,0,0,0.0,0,4,0,100.0,4,0.0,0,0.0,0,0,0,,,0.0,,0,,,0,0,,0,0,0,,,0,0,,0,0,0,,0,0.0,0,0.0,0,0,0,,,,0,,0,,,0,0,,0,0,0,,,0,0,0.0,0,1,0,100.0,1,0.0,0,0.0,0,0,0,,,0.0,,0,,,0,0,,0,0,0,,,0,0,0.0,0,2,0,100.0,2,0.0,0,0.0,0,0,0,,,0.0,,0,,,0,0,,0,0,0,,,0,0,0.0,0,1,0,100.0,1,0.0,0,0.0,0,0,0,,,0.0,,0,,,0,0,,0,0,0,,,0,0,0.0,0,3,0,66.7,2,0.0,0,0.0,0,0,0,,,0.0,3.0,0,100.0,,0,0,0.0,0,0,0,64.7,61.0,0,3,0.0,0,1,1,100.0,1,79.2,1,50.0,0,3,0,0.0,3.0,3.0
Spencer Rattler,97408,QB,NO,9,2,,0,,,0,0,,0,0,0,,,0,0,,0,0,0,,0,0.0,0,0.0,0,0,0,,,,,0,,,0,0,,0,0,0,,,0,0,0.0,0,21,0,0.0,0,0.0,0,,0,0,0,,,,,0,,,0,0,,0,0,0,,,0,0,0.0,0,10,0,0.0,0,0.0,0,,0,0,0,,,,,0,,,0,0,,0,0,0,,,0,0,0.0,0,22,0,0.0,0,0.0,0,,0,0,0,,,,0.0,0,100.0,,0,0,0.0,0,0,0,,,0,0,0.0,0,66,1,0.0,0,79.2,1,,0,0,0,0.0,0.0,,0,,0,,,0,0,,0,0,0,,,0,0,,0,0,0,,0,0.0,0,0.0,0,0,0,,,,20,,0,,,0,0,,0,0,0,,,0,0,0.0,0,5,0,0.0,0,0.0,0,,0,0,0,,,,,0,,,0,0,,0,0,0,,,0,0,0.0,0,15,0,0.0,0,0.0,0,,0,0,0,,,,,0,,,0,0,,0,0,0,,,0,0,0.0,0,20,0,0.0,0,0.0,0,,0,0,0,,,,,0,,,0,0,,0,0,0,,,0,0,0.0,0,20,0,0.0,0,0.0,0,,0,0,0,,,,,0,,,0,0,,0,0,0,,,0,0,,0,0,0,,0,0.0,0,0.0,0,0,0,,,,0,,0,,,0,0,,0,0,0,,,0,0,0.0,0,9,0,0.0,0,0.0,0,,0,0,0,,,,,0,,,0,0,,0,0,0,,,0,0,0.0,0,15,0,0.0,0,0.0,0,,0,0,0,,,,,0,,,0,0,,0,0,0,,,0,0,0.0,0,13,0,7.7,1,0.0,0,0.0,0,0,0,,,0.0,4.0,0,0.0,,0,0,,0,0,0,,60.0,1,0,0.0,0,43,0,2.3,1,0.0,1,100.0,0,0,0,,,0.0,2.0,0,50.0,,0,0,0.0,0,0,0,,60.0,1,0,0.0,0,2,1,50.0,1,16.7,2,100.0,0,0,0,0.0,0.0,0.0
Jared Wayne,99691,WR,HST,1,2,,0,,,0,0,,0,0,0,,,0,0,,0,0,0,,0,0.0,0,0.0,0,0,0,,,,,0,,,0,0,,0,0,0,,,0,0,0.0,0,1,0,100.0,1,0.0,0,0.0,0,0,0,,,0.0,,0,,,0,0,,0,0,0,,,0,0,,0,0,0,,0,0.0,0,,0,0,0,,,,15.0,0,100.0,,0,0,0.0,0,1,0,64.7,78.5,0,17,0.0,0,2,1,100.0,2,118.8,1,50.0,0,17,2,2.0,17.0,8.5,,0,,,0,0,,0,0,0,,,0,0,0.0,0,1,0,100.0,1,0.0,0,0.0,0,0,0,,,0.0,0,,0,,,0,0,,0,0,0,,,0,0,,0,0,0,,0,0.0,0,0.0,0,0,0,,,,13,,0,,,0,0,,0,0,0,,,0,0,0.0,0,2,0,100.0,2,0.0,0,0.0,0,0,0,,,0.0,,0,,,0,0,,0,0,0,,,0,0,,0,0,0,,0,0.0,0,,0,0,0,,,,,0,,,0,0,,0,0,0,,,0,0,0.0,0,1,0,100.0,1,0.0,0,0.0,0,0,0,,,0.0,,0,,,0,0,,0,0,0,,,0,0,0.0,0,1,0,100.0,1,0.0,0,0.0,0,0,0,,,0.0,15.0,0,100.0,,0,0,0.0,0,1,0,64.7,78.5,0,17,0.0,0,1,1,100.0,1,118.8,1,50.0,0,17,2,2.0,17.0,17.0,0,,0,,,0,0,,0,0,0,,,0,0,,0,0,0,,0,0.0,0,,0,0,0,,,,,0,,,0,0,,0,0,0,,,0,0,0.0,0,2,0,100.0,2,0.0,0,0.0,0,0,0,,,0.0,,0,,,0,0,,0,0,0,,,0,0,,0,0,0,,0,0.0,0,,0,0,0,,,,3.0,0,100.0,,0,0,0.0,0,0,0,64.7,61.6,0,3,0.0,0,2,1,100.0,2,79.2,1,50.0,0,3,0,0.0,3.0,1.5,3.0,0,100.0,,0,0,0.0,0,0,0,64.7,61.6,0,3,0.0,0,1,1,100.0,1,79.2,1,50.0,0,3,0,0.0,3.0,3.0
Tay Martin,61811,WR,WAS,3,2,,0,,,0,0,,0,0,0,,,0,0,,0,0,0,,0,0.0,0,0.0,0,0,0,,,,,0,,,0,0,,0,0,0,,,0,0,,0,0,0,,0,0.0,0,,0,0,0,,,,,0,,,0,0,,0,0,0,,,0,0,,0,0,0,,0,0.0,0,,0,0,0,,,,,0,,,0,0,,0,0,0,,,0,0,0.0,0,2,0,50.0,1,0.0,0,0.0,0,0,0,,,0.0,5.0,0,100.0,,0,0,0.0,0,0,0,64.7,78.5,0,9,0.0,0,1,1,100.0,1,104.2,1,100.0,0,9,4,4.0,9.0,9.0,0,,0,,,0,0,,0,0,0,,,0,0,,0,0,0,,0,0.0,0,0.0,0,0,0,,,,32,,0,,,0,0,,0,0,0,,,0,0,0.0,0,2,0,100.0,2,0.0,0,0.0,0,0,0,,,0.0,,0,,,0,0,,0,0,0,,,0,0,0.0,0,2,0,100.0,2,0.0,0,0.0,0,0,0,,,0.0,13.0,0,100.0,,0,0,0.0,0,1,0,64.7,78.8,0,14,0.0,0,1,1,100.0,1,118.8,1,100.0,0,14,1,1.0,14.0,14.0,,0,,,0,0,,0,0,0,,,0,0,0.0,0,1,0,100.0,1,0.0,0,0.0,0,0,0,,,0.0,13.0,0,100.0,,0,0,0.0,0,1,0,64.7,78.8,0,14,0.0,0,1,1,100.0,1,118.8,1,50.0,0,14,1,1.0,14.0,14.0,0,,0,,,0,0,,0,0,0,,,0,0,,0,0,0,,0,0.0,0,,0,0,0,,,,,0,,,0,0,,0,0,0,,,0,0,0.0,0,1,0,100.0,1,0.0,0,0.0,0,0,0,,,0.0,,0,,,0,0,,0,0,0,,,0,0,,0,0,0,,0,0.0,0,,0,0,0,,,,,0,,,0,0,,0,0,0,,,0,0,,0,0,0,,0,0.0,0,,0,0,0,,,,5.0,0,100.0,,0,0,0.0,0,0,0,64.7,78.5,0,9,0.0,0,1,1,100.0,1,104.2,1,50.0,0,9,4,4.0,9.0,9.0
Jelani Woods,60509,TE,NYJ,3,2,,0,,,0,0,,0,0,0,,,0,0,,0,0,0,,0,0.0,0,0.0,0,0,0,,,,,0,,,0,0,,0,0,0,,,0,0,0.0,0,1,0,100.0,1,0.0,0,0.0,0,0,0,,,0.0,,0,,,0,0,,0,0,0,,,0,0,,0,0,0,,0,0.0,0,,0,0,0,,,,,0,,,0,0,,0,0,0,,,0,0,,0,0,0,,0,0.0,0,,0,0,0,,,,5.0,0,50.0,0.0,0,1,0.0,0,0,0,64.7,60.1,0,4,0.0,0,8,1,100.0,8,56.3,2,25.0,0,4,2,2.0,4.0,0.5,0,,0,,,0,0,,0,0,0,,,0,0,,0,0,0,,0,0.0,0,0.0,0,0,0,,,,22,,0,,,0,0,,0,0,0,,,0,0,,0,0,0,,0,0.0,0,,0,0,0,,,,,0,,,0,0,,0,0,0,,,0,0,0.0,0,1,0,100.0,1,0.0,0,0.0,0,0,0,,,0.0,,0,,,0,0,,0,0,0,,,0,0,,0,0,0,,0,0.0,0,,0,0,0,,,,,0,,,0,0,,0,0,0,,,0,0,33.3,1,3,0,66.7,2,0.0,0,0.0,0,0,0,,,0.0,,0,,,0,0,,0,0,0,,,0,0,,0,0,0,,0,0.0,0,0.0,0,0,0,,,,0,,0,,,0,0,,0,0,0,,,0,0,100.0,2,2,0,0.0,0,0.0,0,,0,0,0,,,,,0,,,0,0,,0,0,0,,,0,0,0.0,0,1,0,100.0,1,0.0,0,0.0,0,0,0,,,0.0,,0,,,0,0,,0,0,0,,,0,0,,0,0,0,,0,0.0,0,,0,0,0,,,,,0,,,0,0,,0,0,0,,,0,0,0.0,0,2,0,100.0,2,0.0,0,0.0,0,0,0,,,0.0,5.0,0,50.0,0.0,0,1,0.0,0,0,0,64.7,60.1,0,4,0.0,0,2,1,100.0,2,56.3,2,100.0,0,4,2,2.0,4.0,2.0
Jakobie Keeney-James,102578,WR,GB,1,2,,0,,,0,0,,0,0,0,,,0,0,,0,0,0,,0,0.0,0,0.0,0,0,0,,,,,0,,,0,0,,0,0,0,,,0,0,,0,0,0,,0,0.0,0,,0,0,0,,,,,0,,,0,0,,0,0,0,,,0,0,,0,0,0,,0,0.0,0,,0,0,0,,,,,0,,,0,0,,0,0,0,,,0,0,,0,0,0,,0,0.0,0,,0,0,0,,,,,0,,,0,0,,0,0,0,,,0,0,0.0,0,3,0,66.7,2,0.0,0,0.0,0,0,0,,,0.0,0,,0,,,0,0,,0,0,0,,,0,0,,0,0,0,,0,0.0,0,0.0,0,0,0,,,,12,,0,,,0,0,,0,0,0,,,0,0,,0,0,0,,0,0.0,0,,0,0,0,,,,,0,,,0,0,,0,0,0,,,0,0,,0,0,0,,0,0.0,0,,0,0,0,,,,,0,,,0,0,,0,0,0,,,0,0,,0,0,0,,0,0.0,0,,0,0,0,,,,,0,,,0,0,,0,0,0,,,0,0,,0,0,0,,0,0.0,0,,0,0,0,,,,,0,,,0,0,,0,0,0,,,0,0,,0,0,0,,0,0.0,0,0.0,0,0,0,,,,0,,0,,,0,0,,0,0,0,,,0,0,0.0,0,2,0,100.0,2,0.0,0,0.0,0,0,0,,,0.0,,0,,,0,0,,0,0,0,,,0,0,,0,0,0,,0,0.0,0,,0,0,0,,,,,0,,,0,0,,0,0,0,,,0,0,,0,0,0,,0,0.0,0,,0,0,0,,,,7.5,0,100.0,100.0,1,1,0.0,0,0,0,68.3,61.5,0,8,0.0,0,4,2,100.0,4,97.9,2,50.0,0,15,0,0.0,7.5,3.75,7.5,0,100.0,100.0,1,1,0.0,0,0,0,68.3,61.5,0,8,0.0,0,2,2,100.0,2,97.9,2,100.0,0,15,0,0.0,7.5,7.5
Xavier Gipson,104136,WR,NYG,3,2,-4.0,0,100.0,,0,0,0.0,0,0,0,68.3,60.9,0,3,0.0,0,2,2,100.0,2,79.2,2,100.0,0,6,14,7.0,3.0,3.0,-4.0,0,100.0,,0,0,0.0,0,0,0,68.3,60.9,0,3,0.0,0,3,2,100.0,3,79.2,2,66.7,0,6,14,7.0,3.0,2.0,,0,,,0,0,,0,0,0,,,0,0,,0,0,0,,0,0.0,0,,0,0,0,,,,,0,,,0,0,,0,0,0,,,0,0,,0,0,0,,0,0.0,0,,0,0,0,,,,,0,,,0,0,,0,0,0,,,0,0,,0,0,0,,0,0.0,0,,0,0,0,,,,0,,0,,,0,0,,0,0,0,,,0,0,,0,0,0,,0,0.0,0,0.0,0,0,0,,,,21,,0,,,0,0,,0,0,0,,,0,0,,0,0,0,,0,0.0,0,,0,0,0,,,,,0,,,0,0,,0,0,0,,,0,0,,0,0,0,,0,0.0,0,,0,0,0,,,,,0,,,0,0,,0,0,0,,,0,0,,0,0,0,,0,0.0,0,,0,0,0,,,,,0,,,0,0,,0,0,0,,,0,0,,0,0,0,,0,0.0,0,,0,0,0,,,,,0,,,0,0,,0,0,0,,,0,0,,0,0,0,,0,0.0,0,0.0,0,0,0,,,,0,,0,,,0,0,,0,0,0,,,0,0,,0,0,0,,0,0.0,0,,0,0,0,,,,,0,,,0,0,,0,0,0,,,0,0,,0,0,0,,0,0.0,0,,0,0,0,,,,,0,,,0,0,,0,0,0,,,0,0,,0,0,0,,0,0.0,0,,0,0,0,,,,,0,,,0,0,,0,0,0,,,0,0,0.0,0,1,0,100.0,1,0.0,0,0.0,0,0,0,,,0.0,,0,,,0,0,,0,0,0,,,0,0,,0,0,0,,0,0.0,0,0.0,0,0,0,,,
Julius Chestnut,109239,HB,TEN,7,2,,0,,,0,0,,0,0,0,,,0,0,,0,0,0,,0,0.0,0,0.0,0,0,0,,,,,0,,,0,0,,0,0,0,,,0,0,0.0,0,1,0,100.0,1,0.0,0,0.0,0,0,0,,,0.0,,0,,,0,0,,0,0,0,,,0,0,,0,0,0,,0,0.0,0,,0,0,0,,,,,0,,,0,0,,0,0,0,,,0,0,0.0,0,2,0,100.0,2,0.0,0,0.0,0,0,0,,,0.0,6.0,0,0.0,,0,0,,0,0,0,,60.0,0,0,16.7,1,6,0,83.3,5,39.6,1,20.0,0,0,0,,,0.0,0,,0,,,0,0,,0,0,0,,,0,0,,0,0,0,,0,0.0,0,0.0,0,0,0,,,,31,,0,,,0,0,,0,0,0,,,0,0,0.0,0,1,0,100.0,1,0.0,0,0.0,0,0,0,,,0.0,,0,,,0,0,,0,0,0,,,0,0,,0,0,0,,0,0.0,0,,0,0,0,,,,,0,,,0,0,,0,0,0,,,0,0,0.0,0,1,0,100.0,1,0.0,0,0.0,0,0,0,,,0.0,,0,,,0,0,,0,0,0,,,0,0,0.0,0,1,0,100.0,1,0.0,0,0.0,0,0,0,,,0.0,12.0,0,0.0,,0,0,,0,0,0,,60.0,0,0,0.0,0,1,0,100.0,1,39.6,1,50.0,0,0,0,,,0.0,0,,0,,,0,0,,0,0,0,,,0,0,0.0,0,1,0,100.0,1,0.0,0,0.0,0,0,0,,,0.0,,0,,,0,0,,0,0,0,,,0,0,,0,0,0,,0,0.0,0,,0,0,0,,,,12.0,0,0.0,,0,0,,0,0,0,,60.0,0,0,0.0,0,3,0,100.0,3,39.6,1,33.3,0,0,0,,,0.0,,0,,,0,0,,0,0,0,,,0,0,,0,0,0,,0,0.0,0,,0,0,0,,,,6.0,0,0.0,,0,0,,0,0,0,,60.0,0,0,0.0,0,1,0,100.0,1,39.6,1,50.0,0,0,0,,,0.0
Clyde Edwards-Helaire,57279,HB,KC,1,2,-2.5,1,100.0,,0,0,0.0,0,0,0,68.3,69.3,0,7,0.0,0,2,2,100.0,2,85.4,2,100.0,0,9,14,7.0,4.5,4.5,,0,,,0,0,,0,0,0,,,0,0,,0,0,0,,0,0.0,0,,0,0,0,,,,,0,,,0,0,,0,0,0,,,0,0,,0,0,0,,0,0.0,0,,0,0,0,,,,,0,,,0,0,,0,0,0,,,0,0,0.0,0,1,0,100.0,1,0.0,0,0.0,0,0,0,,,0.0,,0,,,0,0,,0,0,0,,,0,0,0.0,0,2,0,50.0,1,0.0,0,0.0,0,0,0,,,0.0,0,,0,,,0,0,,0,0,0,,,0,0,,0,0,0,,0,0.0,0,0.0,0,0,0,,,,16,-4.0,0,100.0,,0,0,0.0,0,0,0,64.7,65.5,0,2,0.0,0,1,1,100.0,1,79.2,1,100.0,0,2,6,6.0,2.0,2.0,,0,,,0,0,,0,0,0,,,0,0,0.0,0,1,0,0.0,0,0.0,0,,0,0,0,,,,,0,,,0,0,,0,0,0,,,0,0,0.0,0,1,0,100.0,1,0.0,0,0.0,0,0,0,,,0.0,,0,,,0,0,,0,0,0,,,0,0,,0,0,0,,0,0.0,0,,0,0,0,,,,,0,,,0,0,,0,0,0,,,0,0,,0,0,0,,0,0.0,0,0.0,0,0,0,,,,0,-1.0,1,100.0,,0,0,0.0,0,0,0,64.7,65.4,0,7,0.0,0,1,1,100.0,1,95.8,1,100.0,0,7,8,8.0,7.0,7.0,,0,,,0,0,,0,0,0,,,0,0,,0,0,0,,0,0.0,0,,0,0,0,,,,,0,,,0,0,,0,0,0,,,0,0,0.0,0,1,0,100.0,1,0.0,0,0.0,0,0,0,,,0.0,,0,,,0,0,,0,0,0,,,0,0,0.0,0,1,0,100.0,1,0.0,0,0.0,0,0,0,,,0.0,,0,,,0,0,,0,0,0,,,0,0,,0,0,0,,0,0.0,0,0.0,0,0,0,,,
Drake Dabney,122264,TE,GB,2,2,,0,,,0,0,,0,0,0,,,0,0,,0,0,0,,0,0.0,0,0.0,0,0,0,,,,,0,,,0,0,,0,0,0,,,0,0,,0,0,0,,0,0.0,0,,0,0,0,,,,,0,,,0,0,,0,0,0,,,0,0,,0,0,0,,0,0.0,0,,0,0,0,,,,,0,,,0,0,,0,0,0,,,0,0,,0,0,0,,0,0.0,0,,0,0,0,,,,3.0,0,100.0,100.0,1,1,0.0,0,0,0,64.7,62.9,0,3,20.0,1,5,1,80.0,4,79.2,1,25.0,0,3,0,0.0,3.0,0.75,0,,0,,,0,0,,0,0,0,,,0,0,,0,0,0,,0,0.0,0,0.0,0,0,0,,,,12,,0,,,0,0,,0,0,0,,,0,0,,0,0,0,,0,0.0,0,,0,0,0,,,,,0,,,0,0,,0,0,0,,,0,0,,0,0,0,,0,0.0,0,,0,0,0,,,,,0,,,0,0,,0,0,0,,,0,0,,0,0,0,,0,0.0,0,,0,0,0,,,,,0,,,0,0,,0,0,0,,,0,0,50.0,1,2,0,50.0,1,0.0,0,0.0,0,0,0,,,0.0,,0,,,0,0,,0,0,0,,,0,0,,0,0,0,,0,0.0,0,0.0,0,0,0,,,,0,,0,,,0,0,,0,0,0,,,0,0,100.0,1,1,0,0.0,0,0.0,0,,0,0,0,,,,,0,,,0,0,,0,0,0,,,0,0,,0,0,0,,0,0.0,0,,0,0,0,,,,,0,,,0,0,,0,0,0,,,0,0,,0,0,0,,0,0.0,0,,0,0,0,,,,8.0,0,0.0,,0,0,,0,0,0,,60.0,0,0,66.7,2,3,0,33.3,1,39.6,1,100.0,0,0,0,,,0.0,5.5,0,50.0,100.0,1,1,0.0,0,0,0,64.7,61.3,0,3,0.0,0,2,1,100.0,2,56.3,2,100.0,0,3,0,0.0,3.0,1.5
Tahj Brooks,123133,HB,CIN,7,2,-2.0,0,50.0,,0,0,0.0,0,0,0,64.7,79.3,1,9,0.0,0,2,1,100.0,2,22.9,2,100.0,0,9,11,11.0,9.0,4.5,-2.0,0,100.0,,0,0,0.0,0,0,0,64.7,81.5,0,9,0.0,0,3,1,100.0,3,104.2,1,33.3,0,9,11,11.0,9.0,3.0,,0,,,0,0,,0,0,0,,,0,0,,0,0,0,,0,0.0,0,,0,0,0,,,,,0,,,0,0,,0,0,0,,,0,0,66.7,2,3,0,33.3,1,0.0,0,0.0,0,0,0,,,0.0,,0,,,0,0,,0,0,0,,,0,0,0.0,0,5,0,100.0,5,0.0,0,0.0,0,0,0,,,0.0,0,,0,,,0,0,,0,0,0,,,0,0,,0,0,0,,0,0.0,0,0.0,0,0,0,,,,7,,0,,,0,0,,0,0,0,,,0,0,,0,0,0,,0,0.0,0,,0,0,0,,,,,0,,,0,0,,0,0,0,,,0,0,,0,0,0,,0,0.0,0,,0,0,0,,,,,0,,,0,0,,0,0,0,,,0,0,,0,0,0,,0,0.0,0,,0,0,0,,,,,0,,,0,0,,0,0,0,,,0,0,0.0,0,1,0,100.0,1,0.0,0,0.0,0,0,0,,,0.0,,0,,,0,0,,0,0,0,,,0,0,,0,0,0,,0,0.0,0,0.0,0,0,0,,,,0,-2.0,0,0.0,,0,0,,0,0,0,,59.6,1,0,0.0,0,1,0,100.0,1,0.0,1,100.0,0,0,0,,,0.0,,0,,,0,0,,0,0,0,,,0,0,,0,0,0,,0,0.0,0,,0,0,0,,,,,0,,,0,0,,0,0,0,,,0,0,0.0,0,4,0,100.0,4,0.0,0,0.0,0,0,0,,,0.0,,0,,,0,0,,0,0,0,,,0,0,0.0,0,1,0,100.0,1,0.0,0,0.0,0,0,0,,,0.0,,0,,,0,0,,0,0,0,,,0,0,,0,0,0,,0,0.0,0,0.0,0,0,0,,,
Cam Grandy,134552,TE,CIN,4,2,-3.0,0,100.0,,0,0,0.0,0,0,1,68.3,26.3,0,6,0.0,0,2,2,100.0,2,81.3,2,100.0,0,7,13,6.5,3.5,3.5,-3.0,0,100.0,,0,0,0.0,0,0,1,68.3,26.3,0,6,0.0,0,2,2,100.0,2,81.3,2,100.0,0,7,13,6.5,3.5,3.5,,0,,,0,0,,0,0,0,,,0,0,,0,0,0,,0,0.0,0,,0,0,0,,,,,0,,,0,0,,0,0,0,,,0,0,,0,0,0,,0,0.0,0,,0,0,0,,,,,0,,,0,0,,0,0,0,,,0,0,0.0,0,1,0,100.0,1,0.0,0,0.0,0,0,0,,,0.0,0,,0,,,0,0,,0,0,0,,,0,0,,0,0,0,,0,0.0,0,0.0,0,0,0,,,,7,,0,,,0,0,,0,0,0,,,0,0,0.0,0,1,0,100.0,1,0.0,0,0.0,0,0,0,,,0.0,,0,,,0,0,,0,0,0,,,0,0,,0,0,0,,0,0.0,0,,0,0,0,,,,,0,,,0,0,,0,0,0,,,0,0,,0,0,0,,0,0.0,0,,0,0,0,,,,,0,,,0,0,,0,0,0,,,0,0,0.0,0,1,0,100.0,1,0.0,0,0.0,0,0,0,,,0.0,,0,,,0,0,,0,0,0,,,0,0,,0,0,0,,0,0.0,0,0.0,0,0,0,,,,0,,0,,,0,0,,0,0,0,,,0,0,100.0,1,1,0,0.0,0,0.0,0,,0,0,0,,,,,0,,,0,0,,0,0,0,,,0,0,,0,0,0,,0,0.0,0,,0,0,0,,,,,0,,,0,0,,0,0,0,,,0,0,,0,0,0,,0,0.0,0,,0,0,0,,,,,0,,,0,0,,0,0,0,,,0,0,,0,0,0,,0,0.0,0,,0,0,0,,,,,0,,,0,0,,0,0,0,,,0,0,,0,0,0,,0,0.0,0,0.0,0,0,0,,,
Drake Maye,143969,QB,NE,20,2,-9.0,0,100.0,,0,0,0.0,0,0,0,,,0,2,0.0,0,1,1,0.0,0,79.2,1,50.0,0,2,11,11.0,2.0,,-9.0,0,100.0,,0,0,0.0,0,0,0,,,0,2,0.0,0,37,1,0.0,0,79.2,1,,0,2,11,11.0,2.0,,,0,,,0,0,,0,0,0,,,0,0,0.0,0,23,0,0.0,0,0.0,0,,0,0,0,,,,,0,,,0,0,,0,0,0,,,0,0,0.0,0,66,0,0.0,0,0.0,0,,0,0,0,,,,,0,,,0,0,,0,0,0,,,0,0,0.0,0,144,0,0.0,0,0.0,0,,0,0,0,,,,0,,0,,,0,0,,0,0,0,,,0,0,,0,0,0,,0,0.0,0,0.0,0,0,0,,,,19,,0,,,0,0,,0,0,0,,,0,0,0.0,0,14,0,0.0,0,0.0,0,,0,0,0,,,,,0,,,0,0,,0,0,0,,,0,0,0.0,0,34,0,0.0,0,0.0,0,,0,0,0,,,,,0,,,0,0,,0,0,0,,,0,0,0.0,0,34,0,0.0,0,0.0,0,,0,0,0,,,,,0,,,0,0,,0,0,0,,,0,0,0.0,0,63,0,0.0,0,0.0,0,,0,0,0,,,,11.0,0,0.0,,0,0,,0,0,0,,60.0,0,0,0.0,0,1,0,100.0,1,39.6,1,50.0,0,0,0,,,0.0,0,,0,,,0,0,,0,0,0,,,0,0,0.0,0,14,0,0.0,0,0.0,0,,0,0,0,,,,,0,,,0,0,,0,0,0,,,0,0,0.0,0,32,0,0.0,0,0.0,0,,0,0,0,,,,11.0,0,0.0,,0,0,,0,0,0,,60.0,0,0,0.0,0,37,0,2.7,1,39.6,1,100.0,0,0,0,,,0.0,,0,,,0,0,,0,0,0,,,0,0,0.0,0,68,0,0.0,0,0.0,0,,0,0,0,,,,,0,,,0,0,,0,0,0,,,0,0,,0,0,0,,0,0.0,0,0.0,0,0,0,,,
Phil Mafah,144123,HB,DAL,1,2,-5.5,1,100.0,,0,0,0.0,0,1,0,68.3,82.3,0,10,0.0,0,2,2,100.0,2,89.6,2,100.0,0,11,22,11.0,5.5,5.5,,0,,,0,0,,0,0,0,,,0,0,0.0,0,1,0,100.0,1,0.0,0,0.0,0,0,0,,,0.0,,0,,,0,0,,0,0,0,,,0,0,,0,0,0,,0,0.0,0,,0,0,0,,,,,0,,,0,0,,0,0,0,,,0,0,,0,0,0,,0,0.0,0,,0,0,0,,,,,0,,,0,0,,0,0,0,,,0,0,,0,0,0,,0,0.0,0,,0,0,0,,,,0,,0,,,0,0,,0,0,0,,,0,0,,0,0,0,,0,0.0,0,0.0,0,0,0,,,,9,-6.0,1,100.0,,0,0,0.0,0,1,0,64.7,81.5,0,10,0.0,0,1,1,100.0,1,108.3,1,100.0,0,10,16,16.0,10.0,10.0,,0,,,0,0,,0,0,0,,,0,0,,0,0,0,,0,0.0,0,,0,0,0,,,,,0,,,0,0,,0,0,0,,,0,0,,0,0,0,,0,0.0,0,,0,0,0,,,,,0,,,0,0,,0,0,0,,,0,0,,0,0,0,,0,0.0,0,,0,0,0,,,,,0,,,0,0,,0,0,0,,,0,0,,0,0,0,,0,0.0,0,0.0,0,0,0,,,,0,-5.0,0,100.0,,0,0,0.0,0,0,0,64.7,65.1,0,1,0.0,0,1,1,100.0,1,79.2,1,100.0,0,1,6,6.0,1.0,1.0,,0,,,0,0,,0,0,0,,,0,0,,0,0,0,,0,0.0,0,,0,0,0,,,,,0,,,0,0,,0,0,0,,,0,0,,0,0,0,,0,0.0,0,,0,0,0,,,,,0,,,0,0,,0,0,0,,,0,0,,0,0,0,,0,0.0,0,,0,0,0,,,,,0,,,0,0,,0,0,0,,,0,0,,0,0,0,,0,0.0,0,0.0,0,0,0,,,
DJ Giddens,144595,HB,IND,6,2,-6.0,0,0.0,,0,0,,0,0,0,,60.0,0,0,0.0,0,1,0,100.0,1,39.6,1,50.0,0,0,0,,,0.0,,0,,,0,0,,0,0,0,,,0,0,0.0,0,1,0,100.0,1,0.0,0,0.0,0,0,0,,,0.0,,0,,,0,0,,0,0,0,,,0,0,,0,0,0,,0,0.0,0,,0,0,0,,,,,0,,,0,0,,0,0,0,,,0,0,0.0,0,2,0,100.0,2,0.0,0,0.0,0,0,0,,,0.0,,0,,,0,0,,0,0,0,,,0,0,20.0,2,10,0,70.0,7,0.0,0,0.0,0,0,0,,,0.0,0,,0,,,0,0,,0,0,0,,,0,0,,0,0,0,,0,0.0,0,0.0,0,0,0,,,,14,,0,,,0,0,,0,0,0,,,0,0,0.0,0,1,0,100.0,1,0.0,0,0.0,0,0,0,,,0.0,,0,,,0,0,,0,0,0,,,0,0,,0,0,0,,0,0.0,0,,0,0,0,,,,,0,,,0,0,,0,0,0,,,0,0,0.0,0,1,0,100.0,1,0.0,0,0.0,0,0,0,,,0.0,0.0,0,0.0,,0,0,100.0,1,0,0,28.0,26.0,0,0,50.0,1,2,0,50.0,1,39.6,1,100.0,0,0,0,,,0.0,,0,,,0,0,,0,0,0,,,0,0,,0,0,0,,0,0.0,0,0.0,0,0,0,,,,0,-6.0,0,0.0,,0,0,,0,0,0,,60.0,0,0,0.0,0,2,0,100.0,2,39.6,1,50.0,0,0,0,,,0.0,,0,,,0,0,,0,0,0,,,0,0,,0,0,0,,0,0.0,0,,0,0,0,,,,,0,,,0,0,,0,0,0,,,0,0,0.0,0,2,0,50.0,1,0.0,0,0.0,0,0,0,,,0.0,,0,,,0,0,,0,0,0,,,0,0,,0,0,0,,0,0.0,0,,0,0,0,,,,0.0,0,0.0,,0,0,100.0,1,0,0,28.0,26.0,0,0,0.0,0,1,0,100.0,1,39.6,1,50.0,0,0,0,,,0.0
Caleb Williams,144622,QB,CHI,19,2,-5.0,0,100.0,,0,0,0.0,0,1,0,64.7,91.3,0,20,0.0,0,1,1,100.0,1,118.8,1,50.0,0,20,25,25.0,20.0,20.0,,0,,,0,0,,0,0,0,,,0,0,0.0,0,55,0,0.0,0,0.0,0,,0,0,0,,,,,0,,,0,0,,0,0,0,,,0,0,0.0,0,37,0,0.0,0,0.0,0,,0,0,0,,,,,0,,,0,0,,0,0,0,,,0,0,0.0,0,67,0,0.0,0,0.0,0,,0,0,0,,,,,0,,,0,0,,0,0,0,,,0,0,0.0,0,152,0,0.0,0,0.0,0,,0,0,0,,,,0,,0,,,0,0,,0,0,0,,,0,0,,0,0,0,,0,0.0,0,0.0,0,0,0,,,,6,-5.0,0,100.0,,0,0,0.0,0,1,0,64.7,91.3,0,20,0.0,0,17,1,5.9,1,118.8,1,100.0,0,20,25,25.0,20.0,20.0,,0,,,0,0,,0,0,0,,,0,0,0.0,0,25,0,0.0,0,0.0,0,,0,0,0,,,,,0,,,0,0,,0,0,0,,,0,0,0.0,0,32,0,0.0,0,0.0,0,,0,0,0,,,,,0,,,0,0,,0,0,0,,,0,0,0.0,0,55,0,0.0,0,0.0,0,,0,0,0,,,,,0,,,0,0,,0,0,0,,,0,0,,0,0,0,,0,0.0,0,0.0,0,0,0,,,,0,,0,,,0,0,,0,0,0,,,0,0,0.0,0,20,0,0.0,0,0.0,0,,0,0,0,,,,,0,,,0,0,,0,0,0,,,0,0,0.0,0,38,0,0.0,0,0.0,0,,0,0,0,,,,,0,,,0,0,,0,0,0,,,0,0,0.0,0,42,0,2.4,1,0.0,0,0.0,0,0,0,,,0.0,3.0,0,100.0,,0,0,0.0,0,1,0,64.7,62.0,0,2,0.0,0,85,1,1.2,1,118.8,1,100.0,1,2,0,0.0,2.0,2.0,3.0,0,100.0,,0,0,0.0,0,1,0,64.7,62.0,0,2,0.0,0,1,1,100.0,1,118.8,1,50.0,1,2,0,0.0,2.0,2.0
Reggie Gilliam,40951,FB,BUF,19,2,,0,,,0,0,,0,0,0,,,0,0,,0,0,0,,0,0.0,0,0.0,0,0,0,,,,,0,,,0,0,,0,0,0,,,0,0,0.0,0,1,0,100.0,1,0.0,0,0.0,0,0,0,,,0.0,,0,,,0,0,,0,0,0,,,0,0,50.0,1,2,0,50.0,1,0.0,0,0.0,0,0,0,,,0.0,,0,,,0,0,,0,0,0,,,0,0,50.0,3,6,0,33.3,2,0.0,0,0.0,0,0,0,,,0.0,,0,,,0,0,,0,0,0,,,0,0,8.3,1,12,0,91.7,11,0.0,0,0.0,0,0,0,,,0.0,0,21.0,0,100.0,,0,0,0.0,0,1,0,64.7,90.5,0,22,0.0,0,1,1,100.0,1,118.8,1,50.0,0,22,1,1.0,22.0,22.0,4,,0,,,0,0,,0,0,0,,,0,0,,0,0,0,,0,0.0,0,,0,0,0,,,,,0,,,0,0,,0,0,0,,,0,0,33.3,1,3,0,33.3,1,0.0,0,0.0,0,0,0,,,0.0,,0,,,0,0,,0,0,0,,,0,0,33.3,2,6,0,50.0,3,0.0,0,0.0,0,0,0,,,0.0,,0,,,0,0,,0,0,0,,,0,0,100.0,1,1,0,0.0,0,0.0,0,,0,0,0,,,,,0,,,0,0,,0,0,0,,,0,0,,0,0,0,,0,0.0,0,0.0,0,0,0,,,,0,,0,,,0,0,,0,0,0,,,0,0,66.7,2,3,0,33.3,1,0.0,0,0.0,0,0,0,,,0.0,21.0,0,100.0,,0,0,0.0,0,1,0,64.7,90.5,0,22,33.3,2,6,1,66.7,4,118.8,1,25.0,0,22,1,1.0,22.0,5.5,,0,,,0,0,,0,0,0,,,0,0,33.3,2,6,0,66.7,4,0.0,0,0.0,0,0,0,,,0.0,1.0,0,100.0,,0,0,0.0,0,0,0,64.7,60.7,0,2,42.9,3,7,1,42.9,3,79.2,1,33.3,0,2,1,1.0,2.0,0.67,1.0,0,100.0,,0,0,0.0,0,0,0,64.7,60.7,0,2,0.0,0,2,1,50.0,1,79.2,1,50.0,0,2,1,1.0,2.0,2.0
Moliki Matavao,146561,TE,NO,4,2,,0,,,0,0,,0,0,0,,,0,0,,0,0,0,,0,0.0,0,0.0,0,0,0,,,,,0,,,0,0,,0,0,0,,,0,0,0.0,0,2,0,100.0,2,0.0,0,0.0,0,0,0,,,0.0,,0,,,0,0,,0,0,0,,,0,0,0.0,0,1,0,100.0,1,0.0,0,0.0,0,0,0,,,0.0,,0,,,0,0,,0,0,0,,,0,0,100.0,1,1,0,0.0,0,0.0,0,,0,0,0,,,,2.5,0,100.0,,0,0,0.0,0,0,0,68.3,62.8,0,6,0.0,0,5,2,100.0,5,87.5,2,40.0,0,10,5,2.5,5.0,2.0,0,,0,,,0,0,,0,0,0,,,0,0,,0,0,0,,0,0.0,0,0.0,0,0,0,,,,20,,0,,,0,0,,0,0,0,,,0,0,0.0,0,1,0,100.0,1,0.0,0,0.0,0,0,0,,,0.0,,0,,,0,0,,0,0,0,,,0,0,0.0,0,1,0,100.0,1,0.0,0,0.0,0,0,0,,,0.0,,0,,,0,0,,0,0,0,,,0,0,66.7,2,3,0,33.3,1,0.0,0,0.0,0,0,0,,,0.0,,0,,,0,0,,0,0,0,,,0,0,50.0,1,2,0,0.0,0,0.0,0,,0,0,0,,,,,0,,,0,0,,0,0,0,,,0,0,,0,0,0,,0,0.0,0,0.0,0,0,0,,,,0,,0,,,0,0,,0,0,0,,,0,0,100.0,2,2,0,0.0,0,0.0,0,,0,0,0,,,,,0,,,0,0,,0,0,0,,,0,0,,0,0,0,,0,0.0,0,,0,0,0,,,,,0,,,0,0,,0,0,0,,,0,0,100.0,1,1,0,0.0,0,0.0,0,,0,0,0,,,,,0,,,0,0,,0,0,0,,,0,0,0.0,0,3,0,100.0,3,0.0,0,0.0,0,0,0,,,0.0,2.5,0,100.0,,0,0,0.0,0,0,0,68.3,62.8,0,6,0.0,0,2,2,100.0,2,87.5,2,100.0,0,10,5,2.5,5.0,5.0
Kaleb Johnson,156419,HB,PIT,9,2,-4.0,0,50.0,,0,0,50.0,1,0,0,28.8,29.9,0,9,0.0,0,2,1,100.0,2,62.5,2,100.0,0,9,14,14.0,9.0,4.5,-3.0,0,0.0,,0,0,100.0,1,0,0,27.9,26.0,0,0,0.0,0,3,0,100.0,3,39.6,1,33.3,0,0,0,,,0.0,,0,,,0,0,,0,0,0,,,0,0,,0,0,0,,0,0.0,0,,0,0,0,,,,,0,,,0,0,,0,0,0,,,0,0,100.0,1,1,0,0.0,0,0.0,0,,0,0,0,,,,,0,,,0,0,,0,0,0,,,0,0,25.0,1,4,0,75.0,3,0.0,0,0.0,0,0,0,,,0.0,0,,0,,,0,0,,0,0,0,,,0,0,,0,0,0,,0,0.0,0,0.0,0,0,0,,,,25,,0,,,0,0,,0,0,0,,,0,0,0.0,0,1,0,100.0,1,0.0,0,0.0,0,0,0,,,0.0,,0,,,0,0,,0,0,0,,,0,0,,0,0,0,,0,0.0,0,,0,0,0,,,,,0,,,0,0,,0,0,0,,,0,0,0.0,0,1,0,100.0,1,0.0,0,0.0,0,0,0,,,0.0,,0,,,0,0,,0,0,0,,,0,0,0.0,0,1,0,100.0,1,0.0,0,0.0,0,0,0,,,0.0,,0,,,0,0,,0,0,0,,,0,0,,0,0,0,,0,0.0,0,0.0,0,0,0,,,,0,-5.0,0,100.0,,0,0,0.0,0,0,0,64.7,81.5,0,9,0.0,0,3,1,100.0,3,104.2,1,33.3,0,9,14,14.0,9.0,3.0,,0,,,0,0,,0,0,0,,,0,0,,0,0,0,,0,0.0,0,,0,0,0,,,,,0,,,0,0,,0,0,0,,,0,0,,0,0,0,,0,0.0,0,,0,0,0,,,,,0,,,0,0,,0,0,0,,,0,0,0.0,0,4,0,100.0,4,0.0,0,0.0,0,0,0,,,0.0,,0,,,0,0,,0,0,0,,,0,0,,0,0,0,,0,0.0,0,0.0,0,0,0,,,
C.J. Ham,11347,FB,MIN,11,2,-1.0,0,100.0,,0,0,0.0,0,1,0,64.7,81.2,0,6,0.0,0,1,1,100.0,1,91.7,1,50.0,0,6,7,7.0,6.0,6.0,-1.0,0,100.0,,0,0,0.0,0,1,0,64.7,81.2,0,6,0.0,0,5,1,60.0,3,91.7,1,33.3,0,6,7,7.0,6.0,2.0,,0,,,0,0,,0,0,0,,,0,0,16.7,1,6,0,83.3,5,0.0,0,0.0,0,0,0,,,0.0,,0,,,0,0,,0,0,0,,,0,0,50.0,4,8,0,50.0,4,0.0,0,0.0,0,0,0,,,0.0,,0,,,0,0,,0,0,0,,,0,0,23.1,3,13,0,76.9,10,0.0,0,0.0,0,0,0,,,0.0,0,,0,,,0,0,,0,0,0,,,0,0,,0,0,0,,0,0.0,0,0.0,0,0,0,,,,18,,0,,,0,0,,0,0,0,,,0,0,0.0,0,1,0,100.0,1,0.0,0,0.0,0,0,0,,,0.0,,0,,,0,0,,0,0,0,,,0,0,25.0,1,4,0,75.0,3,0.0,0,0.0,0,0,0,,,0.0,,0,,,0,0,,0,0,0,,,0,0,66.7,4,6,0,33.3,2,0.0,0,0.0,0,0,0,,,0.0,,0,,,0,0,,0,0,0,,,0,0,75.0,3,4,0,25.0,1,0.0,0,0.0,0,0,0,,,0.0,,0,,,0,0,,0,0,0,,60.0,0,0,0.0,0,1,0,0.0,0,0.0,0,0.0,0,0,0,,,,0,,0,,,0,0,,0,0,0,,,0,0,40.0,2,5,0,60.0,3,0.0,0,0.0,0,0,0,,,0.0,,0,,,0,0,,0,0,0,,,0,0,75.0,3,4,0,25.0,1,0.0,0,0.0,0,0,0,,,0.0,,0,,,0,0,,0,0,0,,60.0,0,0,50.0,3,6,0,33.3,2,0.0,0,0.0,0,0,0,,,0.0,5.0,0,100.0,,0,0,0.0,0,0,0,64.7,65.4,0,5,45.5,5,11,1,54.5,6,87.5,1,16.7,0,5,0,0.0,5.0,0.83,5.0,0,100.0,,0,0,0.0,0,0,0,64.7,65.4,0,5,0.0,0,1,1,100.0,1,87.5,1,50.0,0,5,0,0.0,5.0,5.0
Chris Manhertz,10211,TE,NYG,16,2,,0,,,0,0,,0,0,0,,,0,0,,0,0,0,,0,0.0,0,0.0,0,0,0,,,,,0,,,0,0,,0,0,0,,,0,0,100.0,4,4,0,0.0,0,0.0,0,,0,0,0,,,,,0,,,0,0,,0,0,0,,,0,0,100.0,2,2,0,0.0,0,0.0,0,,0,0,0,,,,,0,,,0,0,,0,0,0,,,0,0,66.7,2,3,0,33.3,1,0.0,0,0.0,0,0,0,,,0.0,1.0,0,100.0,,0,0,0.0,0,0,0,64.7,61.8,0,7,57.1,4,7,1,28.6,2,95.8,1,50.0,0,7,6,6.0,7.0,3.5,0,,0,,,0,0,,0,0,0,,,0,0,,0,0,0,,0,0.0,0,0.0,0,0,0,,,,21,,0,,,0,0,,0,0,0,,,0,0,50.0,1,2,0,50.0,1,0.0,0,0.0,0,0,0,,,0.0,,0,,,0,0,,0,0,0,,,0,0,100.0,1,1,0,0.0,0,0.0,0,,0,0,0,,,,,0,,,0,0,,0,0,0,,,0,0,83.3,5,6,0,16.7,1,0.0,0,0.0,0,0,0,,,0.0,,0,,,0,0,,0,0,0,,,0,0,100.0,2,2,0,0.0,0,0.0,0,,0,0,0,,,,12.0,0,0.0,,0,0,,0,0,0,,59.6,0,0,0.0,0,1,0,100.0,1,39.6,1,50.0,0,0,0,,,0.0,0,,0,,,0,0,,0,0,0,,,0,0,33.3,1,3,0,66.7,2,0.0,0,0.0,0,0,0,,,0.0,,0,,,0,0,,0,0,0,,,0,0,100.0,3,3,0,0.0,0,0.0,0,,0,0,0,,,,12.0,0,0.0,,0,0,,0,0,0,,59.6,0,0,66.7,4,6,0,33.3,2,39.6,1,50.0,0,0,0,,,0.0,,0,,,0,0,,0,0,0,,,0,0,100.0,4,4,0,0.0,0,0.0,0,,0,0,0,,,,1.0,0,100.0,,0,0,0.0,0,0,0,64.7,61.8,0,7,0.0,0,1,1,100.0,1,95.8,1,50.0,0,7,6,6.0,7.0,7.0
Kene Nwangwu,40547,HB,NYJ,3,1,-6.0,0,0.0,,0,0,,0,0,0,,59.9,0,0,0.0,0,1,0,100.0,1,39.6,1,100.0,0,0,0,,,0.0,-6.0,0,0.0,,0,0,,0,0,0,,59.9,0,0,0.0,0,2,0,100.0,2,39.6,1,50.0,0,0,0,,,0.0,,0,,,0,0,,0,0,0,,,0,0,,0,0,0,,0,0.0,0,,0,0,0,,,,,0,,,0,0,,0,0,0,,,0,0,,0,0,0,,0,0.0,0,,0,0,0,,,,,0,,,0,0,,0,0,0,,,0,0,0.0,0,5,0,100.0,5,0.0,0,0.0,0,0,0,,,0.0,0,,0,,,0,0,,0,0,0,,,0,0,,0,0,0,,0,0.0,0,0.0,0,0,0,,,,22,,0,,,0,0,,0,0,0,,,0,0,,0,0,0,,0,0.0,0,,0,0,0,,,,,0,,,0,0,,0,0,0,,,0,0,,0,0,0,,0,0.0,0,,0,0,0,,,,,0,,,0,0,,0,0,0,,,0,0,,0,0,0,,0,0.0,0,,0,0,0,,,,,0,,,0,0,,0,0,0,,,0,0,33.3,1,3,0,66.7,2,0.0,0,0.0,0,0,0,,,0.0,,0,,,0,0,,0,0,0,,,0,0,,0,0,0,,0,0.0,0,0.0,0,0,0,,,,0,,0,,,0,0,,0,0,0,,,0,0,0.0,0,2,0,100.0,2,0.0,0,0.0,0,0,0,,,0.0,,0,,,0,0,,0,0,0,,,0,0,,0,0,0,,0,0.0,0,,0,0,0,,,,,0,,,0,0,,0,0,0,,,0,0,100.0,1,1,0,0.0,0,0.0,0,,0,0,0,,,,,0,,,0,0,,0,0,0,,,0,0,0.0,0,1,0,100.0,1,0.0,0,0.0,0,0,0,,,0.0,,0,,,0,0,,0,0,0,,,0,0,,0,0,0,,0,0.0,0,0.0,0,0,0,,,
Brittain Brown,40399,HB,CHI,1,1,,0,,,0,0,,0,0,0,,,0,0,,0,0,0,,0,0.0,0,0.0,0,0,0,,,,,0,,,0,0,,0,0,0,,,0,0,,0,0,0,,0,0.0,0,,0,0,0,,,,,0,,,0,0,,0,0,0,,,0,0,,0,0,0,,0,0.0,0,,0,0,0,,,,,0,,,0,0,,0,0,0,,,0,0,,0,0,0,,0,0.0,0,,0,0,0,,,,4.0,0,0.0,,0,0,,0,0,0,,59.9,0,0,0.0,0,1,0,100.0,1,39.6,1,100.0,0,0,0,,,0.0,0,,0,,,0,0,,0,0,0,,,0,0,,0,0,0,,0,0.0,0,0.0,0,0,0,,,,6,,0,,,0,0,,0,0,0,,,0,0,,0,0,0,,0,0.0,0,,0,0,0,,,,,0,,,0,0,,0,0,0,,,0,0,0.0,0,1,0,100.0,1,0.0,0,0.0,0,0,0,,,0.0,,0,,,0,0,,0,0,0,,,0,0,,0,0,0,,0,0.0,0,,0,0,0,,,,,0,,,0,0,,0,0,0,,,0,0,,0,0,0,,0,0.0,0,,0,0,0,,,,,0,,,0,0,,0,0,0,,,0,0,,0,0,0,,0,0.0,0,0.0,0,0,0,,,,0,,0,,,0,0,,0,0,0,,,0,0,,0,0,0,,0,0.0,0,,0,0,0,,,,,0,,,0,0,,0,0,0,,,0,0,0.0,0,1,0,100.0,1,0.0,0,0.0,0,0,0,,,0.0,,0,,,0,0,,0,0,0,,,0,0,0.0,0,2,0,100.0,2,0.0,0,0.0,0,0,0,,,0.0,,0,,,0,0,,0,0,0,,,0,0,0.0,0,2,0,100.0,2,0.0,0,0.0,0,0,0,,,0.0,4.0,0,0.0,,0,0,,0,0,0,,59.9,0,0,0.0,0,1,0,100.0,1,39.6,1,100.0,0,0,0,,,0.0
Anthony Richardson,124393,QB,IND,1,1,,0,,,0,0,,0,0,0,,,0,0,,0,0,0,,0,0.0,0,0.0,0,0,0,,,,,0,,,0,0,,0,0,0,,,0,0,,0,0,0,,0,0.0,0,,0,0,0,,,,,0,,,0,0,,0,0,0,,,0,0,,0,0,0,,0,0.0,0,,0,0,0,,,,,0,,,0,0,,0,0,0,,,0,0,,0,0,0,,0,0.0,0,,0,0,0,,,,2.0,0,100.0,,0,0,0.0,0,1,0,,,0,9,0.0,0,1,1,0.0,0,104.2,1,,0,9,7,7.0,9.0,,0,,0,,,0,0,,0,0,0,,,0,0,,0,0,0,,0,0.0,0,0.0,0,0,0,,,,14,,0,,,0,0,,0,0,0,,,0,0,,0,0,0,,0,0.0,0,,0,0,0,,,,,0,,,0,0,,0,0,0,,,0,0,,0,0,0,,0,0.0,0,,0,0,0,,,,,0,,,0,0,,0,0,0,,,0,0,,0,0,0,,0,0.0,0,,0,0,0,,,,,0,,,0,0,,0,0,0,,,0,0,,0,0,0,,0,0.0,0,,0,0,0,,,,,0,,,0,0,,0,0,0,,,0,0,,0,0,0,,0,0.0,0,0.0,0,0,0,,,,0,,0,,,0,0,,0,0,0,,,0,0,,0,0,0,,0,0.0,0,,0,0,0,,,,,0,,,0,0,,0,0,0,,,0,0,0.0,0,1,0,0.0,0,0.0,0,,0,0,0,,,,,0,,,0,0,,0,0,0,,,0,0,,0,0,0,,0,0.0,0,,0,0,0,,,,,0,,,0,0,,0,0,0,,,0,0,,0,0,0,,0,0.0,0,,0,0,0,,,,2.0,0,100.0,,0,0,0.0,0,1,0,,,0,9,0.0,0,1,1,0.0,0,104.2,1,100.0,0,9,7,7.0,9.0,
Cody Ford,39805,T,CIN,5,1,,0,,,0,0,,0,0,0,,,0,0,,0,0,0,,0,0.0,0,0.0,0,0,0,,,,,0,,,0,0,,0,0,0,,,0,0,100.0,5,5,0,0.0,0,0.0,0,,0,0,0,,,,,0,,,0,0,,0,0,0,,,0,0,,0,0,0,,0,0.0,0,,0,0,0,,,,,0,,,0,0,,0,0,0,,,0,0,100.0,1,1,0,0.0,0,0.0,0,,0,0,0,,,,,0,,,0,0,,0,0,0,,,0,0,100.0,11,11,0,0.0,0,0.0,0,,0,0,0,,,,0,,0,,,0,0,,0,0,0,,,0,0,,0,0,0,,0,0.0,0,0.0,0,0,0,,,,7,,0,,,0,0,,0,0,0,,,0,0,100.0,1,1,0,0.0,0,0.0,0,,0,0,0,,,,,0,,,0,0,,0,0,0,,,0,0,,0,0,0,,0,0.0,0,,0,0,0,,,,,0,,,0,0,,0,0,0,,,0,0,100.0,3,3,0,0.0,0,0.0,0,,0,0,0,,,,,0,,,0,0,,0,0,0,,,0,0,100.0,4,4,0,0.0,0,0.0,0,,0,0,0,,,,,0,,,0,0,,0,0,0,,,0,0,,0,0,0,,0,0.0,0,0.0,0,0,0,,,,0,,0,,,0,0,,0,0,0,,,0,0,,0,0,0,,0,0.0,0,,0,0,0,,,,,0,,,0,0,,0,0,0,,,0,0,,0,0,0,,0,0.0,0,,0,0,0,,,,,0,,,0,0,,0,0,0,,,0,0,100.0,5,5,0,0.0,0,0.0,0,,0,0,0,,,,4.0,1,100.0,,0,0,0.0,0,1,0,64.7,78.5,0,21,75.0,3,4,1,25.0,1,118.8,1,100.0,0,21,17,17.0,21.0,21.0,4.0,1,100.0,,0,0,0.0,0,1,0,64.7,78.5,0,21,0.0,0,1,1,100.0,1,118.8,1,100.0,0,21,17,17.0,21.0,21.0
Malik Turner,48078,WR,SF,3,1,,0,,,0,0,,0,0,0,,,0,0,,0,0,0,,0,0.0,0,0.0,0,0,0,,,,,0,,,0,0,,0,0,0,,,0,0,0.0,0,1,0,100.0,1,0.0,0,0.0,0,0,0,,,0.0,,0,,,0,0,,0,0,0,,,0,0,,0,0,0,,0,0.0,0,,0,0,0,,,,,0,,,0,0,,0,0,0,,,0,0,,0,0,0,,0,0.0,0,,0,0,0,,,,7.0,0,0.0,,0,0,100.0,1,0,0,27.9,41.5,0,0,0.0,0,2,0,100.0,2,39.6,1,50.0,0,0,0,,,0.0,0,,0,,,0,0,,0,0,0,,,0,0,,0,0,0,,0,0.0,0,0.0,0,0,0,,,,28,,0,,,0,0,,0,0,0,,,0,0,,0,0,0,,0,0.0,0,,0,0,0,,,,,0,,,0,0,,0,0,0,,,0,0,0.0,0,1,0,100.0,1,0.0,0,0.0,0,0,0,,,0.0,,0,,,0,0,,0,0,0,,,0,0,0.0,0,1,0,100.0,1,0.0,0,0.0,0,0,0,,,0.0,,0,,,0,0,,0,0,0,,,0,0,0.0,0,1,0,100.0,1,0.0,0,0.0,0,0,0,,,0.0,,0,,,0,0,,0,0,0,,,0,0,,0,0,0,,0,0.0,0,0.0,0,0,0,,,,0,,0,,,0,0,,0,0,0,,,0,0,,0,0,0,,0,0.0,0,,0,0,0,,,,,0,,,0,0,,0,0,0,,,0,0,,0,0,0,,0,0.0,0,,0,0,0,,,,,0,,,0,0,,0,0,0,,,0,0,,0,0,0,,0,0.0,0,,0,0,0,,,,,0,,,0,0,,0,0,0,,,0,0,0.0,0,1,0,100.0,1,0.0,0,0.0,0,0,0,,,0.0,7.0,0,0.0,,0,0,100.0,1,0,0,27.9,41.5,0,0,0.0,0,1,0,100.0,1,39.6,1,100.0,0,0,0,,,0.0
Steven Sims,48341,WR,ARZ,3,1,,0,,,0,0,,0,0,0,,,0,0,,0,0,0,,0,0.0,0,0.0,0,0,0,,,,,0,,,0,0,,0,0,0,,,0,0,,0,0,0,,0,0.0,0,,0,0,0,,,,,0,,,0,0,,0,0,0,,,0,0,,0,0,0,,0,0.0,0,,0,0,0,,,,,0,,,0,0,,0,0,0,,,0,0,,0,0,0,,0,0.0,0,,0,0,0,,,,2.0,0,0.0,,0,0,100.0,1,0,0,27.9,41.2,0,0,0.0,0,2,0,100.0,2,39.6,1,50.0,0,0,0,,,0.0,0,,0,,,0,0,,0,0,0,,,0,0,,0,0,0,,0,0.0,0,0.0,0,0,0,,,,1,,0,,,0,0,,0,0,0,,,0,0,0.0,0,1,0,100.0,1,0.0,0,0.0,0,0,0,,,0.0,,0,,,0,0,,0,0,0,,,0,0,,0,0,0,,0,0.0,0,,0,0,0,,,,,0,,,0,0,,0,0,0,,,0,0,,0,0,0,,0,0.0,0,,0,0,0,,,,,0,,,0,0,,0,0,0,,,0,0,,0,0,0,,0,0.0,0,,0,0,0,,,,,0,,,0,0,,0,0,0,,,0,0,,0,0,0,,0,0.0,0,0.0,0,0,0,,,,0,,0,,,0,0,,0,0,0,,,0,0,,0,0,0,,0,0.0,0,,0,0,0,,,,,0,,,0,0,,0,0,0,,,0,0,,0,0,0,,0,0.0,0,,0,0,0,,,,,0,,,0,0,,0,0,0,,,0,0,,0,0,0,,0,0.0,0,,0,0,0,,,,,0,,,0,0,,0,0,0,,,0,0,,0,0,0,,0,0.0,0,,0,0,0,,,,2.0,0,0.0,,0,0,100.0,1,0,0,27.9,41.2,0,0,0.0,0,1,0,100.0,1,39.6,1,100.0,0,0,0,,,0.0
Jake Matthews,8641,T,ATL,17,1,,0,,,0,0,,0,0,0,,,0,0,,0,0,0,,0,0.0,0,0.0,0,0,0,,,,,0,,,0,0,,0,0,0,,,0,0,100.0,47,47,0,0.0,0,0.0,0,,0,0,0,,,,,0,,,0,0,,0,0,0,,,0,0,100.0,15,15,0,0.0,0,0.0,0,,0,0,0,,,,,0,,,0,0,,0,0,0,,,0,0,100.0,50,50,0,0.0,0,0.0,0,,0,0,0,,,,6.0,0,0.0,,0,0,100.0,1,0,0,28.0,42.0,0,0,99.1,109,110,0,0.9,1,39.6,1,100.0,0,0,0,,,0.0,0,,0,,,0,0,,0,0,0,,,0,0,,0,0,0,,0,0.0,0,0.0,0,0,0,,,,2,,0,,,0,0,,0,0,0,,,0,0,100.0,20,20,0,0.0,0,0.0,0,,0,0,0,,,,,0,,,0,0,,0,0,0,,,0,0,100.0,27,27,0,0.0,0,0.0,0,,0,0,0,,,,,0,,,0,0,,0,0,0,,,0,0,100.0,43,43,0,0.0,0,0.0,0,,0,0,0,,,,,0,,,0,0,,0,0,0,,,0,0,100.0,61,61,0,0.0,0,0.0,0,,0,0,0,,,,,0,,,0,0,,0,0,0,,,0,0,,0,0,0,,0,0.0,0,0.0,0,0,0,,,,0,,0,,,0,0,,0,0,0,,,0,0,100.0,18,18,0,0.0,0,0.0,0,,0,0,0,,,,,0,,,0,0,,0,0,0,,,0,0,100.0,25,25,0,0.0,0,0.0,0,,0,0,0,,,,,0,,,0,0,,0,0,0,,,0,0,100.0,42,42,0,0.0,0,0.0,0,,0,0,0,,,,,0,,,0,0,,0,0,0,,,0,0,100.0,50,50,0,0.0,0,0.0,0,,0,0,0,,,,6.0,0,0.0,,0,0,100.0,1,0,0,28.0,42.0,0,0,0.0,0,1,0,100.0,1,39.6,1,100.0,0,0,0,,,0.0
Patrick Ricard,48862,FB,BLT,11,1,,0,,,0,0,,0,0,0,,,0,0,,0,0,0,,0,0.0,0,0.0,0,0,0,,,,,0,,,0,0,,0,0,0,,,0,0,0.0,0,1,0,100.0,1,0.0,0,0.0,0,0,0,,,0.0,,0,,,0,0,,0,0,0,,,0,0,100.0,1,1,0,0.0,0,0.0,0,,0,0,0,,,,,0,,,0,0,,0,0,0,,,0,0,73.3,11,15,0,26.7,4,0.0,0,0.0,0,0,0,,,0.0,5.0,0,100.0,,0,0,0.0,0,0,0,64.7,90.6,0,8,50.0,5,10,1,50.0,5,100.0,1,20.0,0,8,3,3.0,8.0,1.6,0,,0,,,0,0,,0,0,0,,,0,0,,0,0,0,,0,0.0,0,0.0,0,0,0,,,,3,,0,,,0,0,,0,0,0,,,0,0,0.0,0,1,0,100.0,1,0.0,0,0.0,0,0,0,,,0.0,,0,,,0,0,,0,0,0,,,0,0,60.0,3,5,0,20.0,1,0.0,0,0.0,0,0,0,,,0.0,,0,,,0,0,,0,0,0,,,0,0,60.0,3,5,0,40.0,2,0.0,0,0.0,0,0,0,,,0.0,,0,,,0,0,,0,0,0,,,0,0,66.7,4,6,0,33.3,2,0.0,0,0.0,0,0,0,,,0.0,,0,,,0,0,,0,0,0,,,0,0,,0,0,0,,0,0.0,0,0.0,0,0,0,,,,0,,0,,,0,0,,0,0,0,,,0,0,50.0,1,2,0,50.0,1,0.0,0,0.0,0,0,0,,,0.0,,0,,,0,0,,0,0,0,,,0,0,100.0,3,3,0,0.0,0,0.0,0,,0,0,0,,,,,0,,,0,0,,0,0,0,,,0,0,75.0,3,4,0,25.0,1,0.0,0,0.0,0,0,0,,,0.0,,0,,,0,0,,0,0,0,,,0,0,33.3,1,3,0,66.7,2,0.0,0,0.0,0,0,0,,,0.0,5.0,0,100.0,,0,0,0.0,0,0,0,64.7,90.6,0,8,0.0,0,1,1,100.0,1,100.0,1,100.0,0,8,3,3.0,8.0,8.0
Malachi Moore,123928,S,NYJ,1,1,,0,,,0,0,,0,0,0,,,0,0,,0,0,0,,0,0.0,0,0.0,0,0,0,,,,,0,,,0,0,,0,0,0,,,0,0,,0,0,0,,0,0.0,0,,0,0,0,,,,,0,,,0,0,,0,0,0,,,0,0,,0,0,0,,0,0.0,0,,0,0,0,,,,,0,,,0,0,,0,0,0,,,0,0,,0,0,0,,0,0.0,0,,0,0,0,,,,3.0,0,100.0,100.0,1,1,0.0,0,1,0,64.7,90.3,0,3,0.0,0,1,1,100.0,1,79.2,1,100.0,0,3,0,0.0,3.0,3.0,0,,0,,,0,0,,0,0,0,,,0,0,,0,0,0,,0,0.0,0,0.0,0,0,0,,,,22,,0,,,0,0,,0,0,0,,,0,0,,0,0,0,,0,0.0,0,,0,0,0,,,,,0,,,0,0,,0,0,0,,,0,0,,0,0,0,,0,0.0,0,,0,0,0,,,,,0,,,0,0,,0,0,0,,,0,0,,0,0,0,,0,0.0,0,,0,0,0,,,,,0,,,0,0,,0,0,0,,,0,0,,0,0,0,,0,0.0,0,,0,0,0,,,,,0,,,0,0,,0,0,0,,,0,0,,0,0,0,,0,0.0,0,0.0,0,0,0,,,,0,,0,,,0,0,,0,0,0,,,0,0,,0,0,0,,0,0.0,0,,0,0,0,,,,,0,,,0,0,,0,0,0,,,0,0,,0,0,0,,0,0.0,0,,0,0,0,,,,,0,,,0,0,,0,0,0,,,0,0,,0,0,0,,0,0.0,0,,0,0,0,,,,,0,,,0,0,,0,0,0,,,0,0,,0,0,0,,0,0.0,0,,0,0,0,,,,3.0,0,100.0,100.0,1,1,0.0,0,1,0,64.7,90.3,0,3,0.0,0,1,1,100.0,1,79.2,1,100.0,0,3,0,0.0,3.0,3.0
Darian Kinnard,51789,T,GB,15,1,-5.0,2,100.0,,0,0,0.0,0,0,1,64.7,29.7,0,6,0.0,0,1,1,100.0,1,91.7,1,100.0,0,6,11,11.0,6.0,6.0,-5.0,2,100.0,,0,0,0.0,0,0,1,64.7,29.7,0,6,88.9,8,9,1,11.1,1,91.7,1,100.0,0,6,11,11.0,6.0,6.0,,0,,,0,0,,0,0,0,,,0,0,100.0,5,5,0,0.0,0,0.0,0,,0,0,0,,,,,0,,,0,0,,0,0,0,,,0,0,100.0,8,8,0,0.0,0,0.0,0,,0,0,0,,,,,0,,,0,0,,0,0,0,,,0,0,100.0,24,24,0,0.0,0,0.0,0,,0,0,0,,,,0,,0,,,0,0,,0,0,0,,,0,0,,0,0,0,,0,0.0,0,0.0,0,0,0,,,,12,,0,,,0,0,,0,0,0,,,0,0,100.0,2,2,0,0.0,0,0.0,0,,0,0,0,,,,,0,,,0,0,,0,0,0,,,0,0,85.7,6,7,0,14.3,1,0.0,0,0.0,0,0,0,,,0.0,,0,,,0,0,,0,0,0,,,0,0,100.0,3,3,0,0.0,0,0.0,0,,0,0,0,,,,,0,,,0,0,,0,0,0,,,0,0,100.0,11,11,0,0.0,0,0.0,0,,0,0,0,,,,,0,,,0,0,,0,0,0,,,0,0,,0,0,0,,0,0.0,0,0.0,0,0,0,,,,0,,0,,,0,0,,0,0,0,,,0,0,100.0,9,9,0,0.0,0,0.0,0,,0,0,0,,,,,0,,,0,0,,0,0,0,,,0,0,100.0,4,4,0,0.0,0,0.0,0,,0,0,0,,,,,0,,,0,0,,0,0,0,,,0,0,90.9,10,11,0,9.1,1,0.0,0,0.0,0,0,0,,,0.0,,0,,,0,0,,0,0,0,,,0,0,100.0,13,13,0,0.0,0,0.0,0,,0,0,0,,,,,0,,,0,0,,0,0,0,,,0,0,,0,0,0,,0,0.0,0,0.0,0,0,0,,,
Nikko Remigio,84150,WR,KC,6,1,,0,,,0,0,,0,0,0,,,0,0,,0,0,0,,0,0.0,0,0.0,0,0,0,,,,,0,,,0,0,,0,0,0,,,0,0,0.0,0,2,0,100.0,2,0.0,0,0.0,0,0,0,,,0.0,,0,,,0,0,,0,0,0,,,0,0,,0,0,0,,0,0.0,0,,0,0,0,,,,,0,,,0,0,,0,0,0,,,0,0,,0,0,0,,0,0.0,0,,0,0,0,,,,,0,,,0,0,,0,0,0,,,0,0,0.0,0,2,0,100.0,2,0.0,0,0.0,0,0,0,,,0.0,0,,0,,,0,0,,0,0,0,,,0,0,,0,0,0,,0,0.0,0,0.0,0,0,0,,,,16,,0,,,0,0,,0,0,0,,,0,0,0.0,0,1,0,100.0,1,0.0,0,0.0,0,0,0,,,0.0,,0,,,0,0,,0,0,0,,,0,0,,0,0,0,,0,0.0,0,,0,0,0,,,,,0,,,0,0,,0,0,0,,,0,0,,0,0,0,,0,0.0,0,,0,0,0,,,,,0,,,0,0,,0,0,0,,,0,0,,0,0,0,,0,0.0,0,,0,0,0,,,,18.0,0,100.0,,0,0,0.0,0,1,0,64.7,79.0,0,21,0.0,0,1,1,100.0,1,118.8,1,100.0,0,21,3,3.0,21.0,21.0,0,,0,,,0,0,,0,0,0,,,0,0,,0,0,0,,0,0.0,0,,0,0,0,,,,,0,,,0,0,,0,0,0,,,0,0,,0,0,0,,0,0.0,0,,0,0,0,,,,18.0,0,100.0,,0,0,0.0,0,1,0,64.7,79.0,0,21,0.0,0,1,1,100.0,1,118.8,1,100.0,0,21,3,3.0,21.0,21.0,,0,,,0,0,,0,0,0,,,0,0,,0,0,0,,0,0.0,0,,0,0,0,,,,,0,,,0,0,,0,0,0,,,0,0,,0,0,0,,0,0.0,0,0.0,0,0,0,,,
Ke'Shawn Williams,123406,WR,CIN,6,1,,0,,,0,0,,0,0,0,,,0,0,,0,0,0,,0,0.0,0,0.0,0,0,0,,,,,0,,,0,0,,0,0,0,,,0,0,0.0,0,1,0,100.0,1,0.0,0,0.0,0,0,0,,,0.0,,0,,,0,0,,0,0,0,,,0,0,,0,0,0,,0,0.0,0,,0,0,0,,,,,0,,,0,0,,0,0,0,,,0,0,0.0,0,1,0,100.0,1,0.0,0,0.0,0,0,0,,,0.0,4.0,0,100.0,,0,0,0.0,0,0,0,64.7,61.1,0,5,0.0,0,4,1,100.0,4,87.5,1,25.0,0,5,1,1.0,5.0,1.25,0,,0,,,0,0,,0,0,0,,,0,0,,0,0,0,,0,0.0,0,0.0,0,0,0,,,,7,,0,,,0,0,,0,0,0,,,0,0,0.0,0,1,0,100.0,1,0.0,0,0.0,0,0,0,,,0.0,,0,,,0,0,,0,0,0,,,0,0,,0,0,0,,0,0.0,0,,0,0,0,,,,,0,,,0,0,,0,0,0,,,0,0,,0,0,0,,0,0.0,0,,0,0,0,,,,,0,,,0,0,,0,0,0,,,0,0,0.0,0,2,0,100.0,2,0.0,0,0.0,0,0,0,,,0.0,,0,,,0,0,,0,0,0,,,0,0,,0,0,0,,0,0.0,0,0.0,0,0,0,,,,0,,0,,,0,0,,0,0,0,,,0,0,,0,0,0,,0,0.0,0,,0,0,0,,,,,0,,,0,0,,0,0,0,,,0,0,,0,0,0,,0,0.0,0,,0,0,0,,,,,0,,,0,0,,0,0,0,,,0,0,,0,0,0,,0,0.0,0,,0,0,0,,,,,0,,,0,0,,0,0,0,,,0,0,0.0,0,3,0,100.0,3,0.0,0,0.0,0,0,0,,,0.0,4.0,0,100.0,,0,0,0.0,0,0,0,64.7,61.1,0,5,0.0,0,1,1,100.0,1,87.5,1,100.0,0,5,1,1.0,5.0,5.0
Charlie Jones,55038,WR,CIN,3,1,,0,,,0,0,,0,0,0,,,0,0,,0,0,0,,0,0.0,0,0.0,0,0,0,,,,,0,,,0,0,,0,0,0,,,0,0,0.0,0,1,0,100.0,1,0.0,0,0.0,0,0,0,,,0.0,,0,,,0,0,,0,0,0,,,0,0,0.0,0,1,0,100.0,1,0.0,0,0.0,0,0,0,,,0.0,,0,,,0,0,,0,0,0,,,0,0,0.0,0,1,0,100.0,1,0.0,0,0.0,0,0,0,,,0.0,,0,,,0,0,,0,0,0,,,0,0,0.0,0,2,0,100.0,2,0.0,0,0.0,0,0,0,,,0.0,0,42.0,0,0.0,,0,0,,0,0,0,,59.3,0,0,0.0,0,1,0,100.0,1,39.6,1,100.0,0,0,0,,,0.0,7,,0,,,0,0,,0,0,0,,,0,0,0.0,0,1,0,100.0,1,0.0,0,0.0,0,0,0,,,0.0,,0,,,0,0,,0,0,0,,,0,0,0.0,0,1,0,100.0,1,0.0,0,0.0,0,0,0,,,0.0,,0,,,0,0,,0,0,0,,,0,0,,0,0,0,,0,0.0,0,,0,0,0,,,,,0,,,0,0,,0,0,0,,,0,0,,0,0,0,,0,0.0,0,,0,0,0,,,,,0,,,0,0,,0,0,0,,,0,0,,0,0,0,,0,0.0,0,0.0,0,0,0,,,,0,,0,,,0,0,,0,0,0,,,0,0,0.0,0,2,0,100.0,2,0.0,0,0.0,0,0,0,,,0.0,42.0,0,0.0,,0,0,,0,0,0,,59.3,0,0,0.0,0,1,0,100.0,1,39.6,1,100.0,0,0,0,,,0.0,,0,,,0,0,,0,0,0,,,0,0,,0,0,0,,0,0.0,0,,0,0,0,,,,,0,,,0,0,,0,0,0,,,0,0,,0,0,0,,0,0.0,0,,0,0,0,,,,,0,,,0,0,,0,0,0,,,0,0,,0,0,0,,0,0.0,0,0.0,0,0,0,,,
Robbie Ouzts,146594,FB,SEA,13,1,,0,,,0,0,,0,0,0,,,0,0,,0,0,0,,0,0.0,0,0.0,0,0,0,,,,,0,,,0,0,,0,0,0,,,0,0,66.7,2,3,0,33.3,1,0.0,0,0.0,0,0,0,,,0.0,,0,,,0,0,,0,0,0,,,0,0,66.7,2,3,0,33.3,1,0.0,0,0.0,0,0,0,,,0.0,,0,,,0,0,,0,0,0,,,0,0,20.0,1,5,0,80.0,4,0.0,0,0.0,0,0,0,,,0.0,,0,,,0,0,,0,0,0,,,0,0,37.5,3,8,0,50.0,4,0.0,0,0.0,0,0,0,,,0.0,0,,0,,,0,0,,0,0,0,,,0,0,,0,0,0,,0,0.0,0,0.0,0,0,0,,,,29,,0,,,0,0,,0,0,0,,,0,0,50.0,1,2,0,50.0,1,0.0,0,0.0,0,0,0,,,0.0,,0,,,0,0,,0,0,0,,,0,0,0.0,0,2,0,100.0,2,0.0,0,0.0,0,0,0,,,0.0,,0,,,0,0,,0,0,0,,,0,0,33.3,1,3,0,66.7,2,0.0,0,0.0,0,0,0,,,0.0,,0,,,0,0,,0,0,0,,,0,0,66.7,6,9,0,33.3,3,0.0,0,0.0,0,0,0,,,0.0,,0,,,0,0,,0,0,0,,,0,0,,0,0,0,,0,0.0,0,0.0,0,0,0,,,,0,,0,,,0,0,,0,0,0,,,0,0,0.0,0,1,0,100.0,1,0.0,0,0.0,0,0,0,,,0.0,,0,,,0,0,,0,0,0,,,0,0,0.0,0,1,0,100.0,1,0.0,0,0.0,0,0,0,,,0.0,,0,,,0,0,,0,0,0,,,0,0,42.9,3,7,0,57.1,4,0.0,0,0.0,0,0,0,,,0.0,0.0,0,0.0,,0,0,100.0,1,0,0,27.9,26.1,0,0,50.0,4,8,0,50.0,4,39.6,1,25.0,0,0,0,,,0.0,0.0,0,0.0,,0,0,100.0,1,0,0,27.9,26.1,0,0,0.0,0,1,0,100.0,1,39.6,1,100.0,0,0,0,,,0.0
DeeJay Dallas,55632,HB,JAX,3,1,-1.0,0,0.0,,0,0,100.0,1,0,0,27.9,26.1,0,0,0.0,0,1,0,100.0,1,39.6,1,100.0,0,0,0,,,0.0,,0,,,0,0,,0,0,0,,,0,0,0.0,0,1,0,100.0,1,0.0,0,0.0,0,0,0,,,0.0,,0,,,0,0,,0,0,0,,,0,0,0.0,0,1,0,100.0,1,0.0,0,0.0,0,0,0,,,0.0,,0,,,0,0,,0,0,0,,,0,0,,0,0,0,,0,0.0,0,,0,0,0,,,,,0,,,0,0,,0,0,0,,,0,0,33.3,1,3,0,66.7,2,0.0,0,0.0,0,0,0,,,0.0,0,,0,,,0,0,,0,0,0,,,0,0,,0,0,0,,0,0.0,0,0.0,0,0,0,,,,15,-1.0,0,0.0,,0,0,100.0,1,0,0,27.9,26.1,0,0,0.0,0,1,0,100.0,1,39.6,1,100.0,0,0,0,,,0.0,,0,,,0,0,,0,0,0,,,0,0,100.0,1,1,0,0.0,0,0.0,0,,0,0,0,,,,,0,,,0,0,,0,0,0,,,0,0,0.0,0,1,0,100.0,1,0.0,0,0.0,0,0,0,,,0.0,,0,,,0,0,,0,0,0,,,0,0,100.0,1,1,0,0.0,0,0.0,0,,0,0,0,,,,,0,,,0,0,,0,0,0,,,0,0,,0,0,0,,0,0.0,0,0.0,0,0,0,,,,0,,0,,,0,0,,0,0,0,,,0,0,,0,0,0,,0,0.0,0,,0,0,0,,,,,0,,,0,0,,0,0,0,,,0,0,0.0,0,1,0,100.0,1,0.0,0,0.0,0,0,0,,,0.0,,0,,,0,0,,0,0,0,,,0,0,0.0,0,3,0,100.0,3,0.0,0,0.0,0,0,0,,,0.0,,0,,,0,0,,0,0,0,,,0,0,,0,0,0,,0,0.0,0,,0,0,0,,,,,0,,,0,0,,0,0,0,,,0,0,,0,0,0,,0,0.0,0,0.0,0,0,0,,,
Quentin Skinner,122579,WR,NYJ,1,1,,0,,,0,0,,0,0,0,,,0,0,,0,0,0,,0,0.0,0,0.0,0,0,0,,,,,0,,,0,0,,0,0,0,,,0,0,0.0,0,1,0,100.0,1,0.0,0,0.0,0,0,0,,,0.0,,0,,,0,0,,0,0,0,,,0,0,,0,0,0,,0,0.0,0,,0,0,0,,,,,0,,,0,0,,0,0,0,,,0,0,0.0,0,1,0,100.0,1,0.0,0,0.0,0,0,0,,,0.0,4.0,0,100.0,,0,0,0.0,0,1,0,64.7,78.1,0,10,0.0,0,3,1,100.0,3,108.3,1,33.3,0,10,6,6.0,10.0,3.33,0,,0,,,0,0,,0,0,0,,,0,0,,0,0,0,,0,0.0,0,0.0,0,0,0,,,,22,,0,,,0,0,,0,0,0,,,0,0,0.0,0,1,0,100.0,1,0.0,0,0.0,0,0,0,,,0.0,,0,,,0,0,,0,0,0,,,0,0,,0,0,0,,0,0.0,0,,0,0,0,,,,,0,,,0,0,,0,0,0,,,0,0,,0,0,0,,0,0.0,0,,0,0,0,,,,,0,,,0,0,,0,0,0,64.7,90.7,0,0,0.0,0,2,0,50.0,1,0.0,0,0.0,0,0,0,,,0.0,,0,,,0,0,,0,0,0,,,0,0,,0,0,0,,0,0.0,0,0.0,0,0,0,,,,0,,0,,,0,0,,0,0,0,,,0,0,0.0,0,1,0,100.0,1,0.0,0,0.0,0,0,0,,,0.0,,0,,,0,0,,0,0,0,,,0,0,,0,0,0,,0,0.0,0,,0,0,0,,,,,0,,,0,0,,0,0,0,,,0,0,,0,0,0,,0,0.0,0,,0,0,0,,,,,0,,,0,0,,0,0,0,,,0,0,,0,0,0,,0,0.0,0,,0,0,0,,,,4.0,0,100.0,,0,0,0.0,0,1,0,68.3,92.7,0,10,0.0,0,2,1,50.0,1,108.3,1,100.0,0,10,6,6.0,10.0,10.0
Cam Akers,57206,HB,SEA,4,1,-6.0,0,0.0,,0,0,100.0,1,0,0,27.9,25.8,0,0,0.0,0,1,0,100.0,1,39.6,1,100.0,0,0,0,,,0.0,,0,,,0,0,,0,0,0,,,0,0,,0,0,0,,0,0.0,0,,0,0,0,,,,,0,,,0,0,,0,0,0,,,0,0,,0,0,0,,0,0.0,0,,0,0,0,,,,,0,,,0,0,,0,0,0,,,0,0,0.0,0,2,0,50.0,1,0.0,0,0.0,0,0,0,,,0.0,,0,,,0,0,,0,0,0,,,0,0,,0,0,0,,0,0.0,0,,0,0,0,,,,0,,0,,,0,0,,0,0,0,,,0,0,,0,0,0,,0,0.0,0,0.0,0,0,0,,,,29,-6.0,0,0.0,,0,0,100.0,1,0,0,27.9,25.8,0,0,0.0,0,1,0,100.0,1,39.6,1,100.0,0,0,0,,,0.0,,0,,,0,0,,0,0,0,,,0,0,,0,0,0,,0,0.0,0,,0,0,0,,,,,0,,,0,0,,0,0,0,,,0,0,,0,0,0,,0,0.0,0,,0,0,0,,,,,0,,,0,0,,0,0,0,,,0,0,,0,0,0,,0,0.0,0,,0,0,0,,,,,0,,,0,0,,0,0,0,,,0,0,,0,0,0,,0,0.0,0,0.0,0,0,0,,,,0,,0,,,0,0,,0,0,0,,,0,0,,0,0,0,,0,0.0,0,,0,0,0,,,,,0,,,0,0,,0,0,0,,,0,0,0.0,0,1,0,100.0,1,0.0,0,0.0,0,0,0,,,0.0,,0,,,0,0,,0,0,0,,,0,0,,0,0,0,,0,0.0,0,,0,0,0,,,,,0,,,0,0,,0,0,0,,,0,0,,0,0,0,,0,0.0,0,,0,0,0,,,,,0,,,0,0,,0,0,0,,,0,0,,0,0,0,,0,0.0,0,0.0,0,0,0,,,
Frank Gore Jr.,121457,HB,BUF,1,1,,0,,,0,0,,0,0,0,,,0,0,,0,0,0,,0,0.0,0,0.0,0,0,0,,,,,0,,,0,0,,0,0,0,,,0,0,0.0,0,1,0,100.0,1,0.0,0,0.0,0,0,0,,,0.0,,0,,,0,0,,0,0,0,,,0,0,,0,0,0,,0,0.0,0,,0,0,0,,,,,0,,,0,0,,0,0,0,,,0,0,,0,0,0,,0,0.0,0,,0,0,0,,,,,0,,,0,0,,0,0,0,,,0,0,,0,0,0,,0,0.0,0,,0,0,0,,,,0,,0,,,0,0,,0,0,0,,,0,0,,0,0,0,,0,0.0,0,0.0,0,0,0,,,,4,,0,,,0,0,,0,0,0,,,0,0,,0,0,0,,0,0.0,0,,0,0,0,,,,,0,,,0,0,,0,0,0,,,0,0,,0,0,0,,0,0.0,0,,0,0,0,,,,,0,,,0,0,,0,0,0,,,0,0,,0,0,0,,0,0.0,0,,0,0,0,,,,2.0,0,100.0,,0,0,0.0,0,0,0,64.7,65.4,0,6,0.0,0,1,1,100.0,1,91.7,1,100.0,0,6,4,4.0,6.0,6.0,,0,,,0,0,,0,0,0,,,0,0,,0,0,0,,0,0.0,0,0.0,0,0,0,,,,0,,0,,,0,0,,0,0,0,,,0,0,,0,0,0,,0,0.0,0,,0,0,0,,,,,0,,,0,0,,0,0,0,,,0,0,,0,0,0,,0,0.0,0,,0,0,0,,,,,0,,,0,0,,0,0,0,,,0,0,,0,0,0,,0,0.0,0,,0,0,0,,,,,0,,,0,0,,0,0,0,,,0,0,,0,0,0,,0,0.0,0,,0,0,0,,,,2.0,0,100.0,,0,0,0.0,0,0,0,64.7,65.4,0,6,0.0,0,1,1,100.0,1,91.7,1,100.0,0,6,4,4.0,6.0,6.0
Jason Brownlee,121451,WR,KC,4,1,,0,,,0,0,,0,0,0,,,0,0,,0,0,0,,0,0.0,0,0.0,0,0,0,,,,,0,,,0,0,,0,0,0,,,0,0,0.0,0,2,0,100.0,2,0.0,0,0.0,0,0,0,,,0.0,,0,,,0,0,,0,0,0,,,0,0,,0,0,0,,0,0.0,0,,0,0,0,,,,,0,,,0,0,,0,0,0,,,0,0,,0,0,0,,0,0.0,0,,0,0,0,,,,,0,,,0,0,,0,0,0,,,0,0,0.0,0,3,0,100.0,3,0.0,0,0.0,0,0,0,,,0.0,0,,0,,,0,0,,0,0,0,,,0,0,,0,0,0,,0,0.0,0,0.0,0,0,0,,,,16,,0,,,0,0,,0,0,0,,,0,0,0.0,0,1,0,100.0,1,0.0,0,0.0,0,0,0,,,0.0,,0,,,0,0,,0,0,0,,,0,0,0.0,0,1,0,100.0,1,0.0,0,0.0,0,0,0,,,0.0,14.0,0,0.0,,0,0,,0,0,0,,59.3,0,0,0.0,0,2,0,50.0,1,39.6,1,100.0,0,0,0,,,0.0,,0,,,0,0,,0,0,0,,,0,0,0.0,0,1,0,100.0,1,0.0,0,0.0,0,0,0,,,0.0,14.0,0,0.0,,0,0,,0,0,0,,59.3,0,0,0.0,0,1,0,100.0,1,39.6,1,100.0,0,0,0,,,0.0,0,,0,,,0,0,,0,0,0,,,0,0,,0,0,0,,0,0.0,0,,0,0,0,,,,,0,,,0,0,,0,0,0,,,0,0,,0,0,0,,0,0.0,0,,0,0,0,,,,,0,,,0,0,,0,0,0,,,0,0,0.0,0,1,0,100.0,1,0.0,0,0.0,0,0,0,,,0.0,,0,,,0,0,,0,0,0,,,0,0,0.0,0,1,0,100.0,1,0.0,0,0.0,0,0,0,,,0.0,,0,,,0,0,,0,0,0,,,0,0,,0,0,0,,0,0.0,0,0.0,0,0,0,,,
Aaron Rodgers,2241,QB,PIT,17,1,-9.0,0,100.0,100.0,1,1,0.0,0,0,0,,,0,-9,0.0,0,1,1,0.0,0,79.2,1,100.0,0,-9,0,0.0,-9.0,,-9.0,0,100.0,100.0,1,1,0.0,0,0,0,,,0,-9,0.0,0,71,1,0.0,0,79.2,1,,0,-9,0,0.0,-9.0,,,0,,,0,0,,0,0,0,,,0,0,0.0,0,16,0,0.0,0,0.0,0,,0,0,0,,,,,0,,,0,0,,0,0,0,,,0,0,0.0,0,42,0,0.0,0,0.0,0,,0,0,0,,,,,0,,,0,0,,0,0,0,,,0,0,0.0,0,119,0,0.0,0,0.0,0,,0,0,0,,,,0,,0,,,0,0,,0,0,0,,,0,0,,0,0,0,,0,0.0,0,0.0,0,0,0,,,,25,,0,,,0,0,,0,0,0,,,0,0,0.0,0,24,0,0.0,0,0.0,0,,0,0,0,,,,,0,,,0,0,,0,0,0,,,0,0,0.0,0,20,0,0.0,0,0.0,0,,0,0,0,,,,,0,,,0,0,,0,0,0,,,0,0,0.0,0,21,0,0.0,0,0.0,0,,0,0,0,,,,,0,,,0,0,,0,0,0,,,0,0,0.0,0,65,0,0.0,0,0.0,0,,0,0,0,,,,,0,,,0,0,,0,0,0,,,0,0,,0,0,0,,0,0.0,0,0.0,0,0,0,,,,0,,0,,,0,0,,0,0,0,,,0,0,0.0,0,31,0,0.0,0,0.0,0,,0,0,0,,,,,0,,,0,0,,0,0,0,,,0,0,0.0,0,27,0,0.0,0,0.0,0,,0,0,0,,,,,0,,,0,0,,0,0,0,,,0,0,0.0,0,24,0,0.0,0,0.0,0,,0,0,0,,,,,0,,,0,0,,0,0,0,,,0,0,0.0,0,57,0,0.0,0,0.0,0,,0,0,0,,,,,0,,,0,0,,0,0,0,,,0,0,,0,0,0,,0,0.0,0,0.0,0,0,0,,,
Ronnie Rivers,57208,HB,LA,3,1,,0,,,0,0,,0,0,0,,,0,0,,0,0,0,,0,0.0,0,0.0,0,0,0,,,,,0,,,0,0,,0,0,0,,,0,0,,0,0,0,,0,0.0,0,,0,0,0,,,,,0,,,0,0,,0,0,0,,,0,0,0.0,0,1,0,0.0,0,0.0,0,,0,0,0,,,,,0,,,0,0,,0,0,0,,,0,0,100.0,1,1,0,0.0,0,0.0,0,,0,0,0,,,,,0,,,0,0,,0,0,0,,,0,0,33.3,1,3,0,66.7,2,0.0,0,0.0,0,0,0,,,0.0,0,,0,,,0,0,,0,0,0,,,0,0,,0,0,0,,0,0.0,0,0.0,0,0,0,,,,26,,0,,,0,0,,0,0,0,,,0,0,,0,0,0,,0,0.0,0,,0,0,0,,,,,0,,,0,0,,0,0,0,,,0,0,0.0,0,1,0,100.0,1,0.0,0,0.0,0,0,0,,,0.0,,0,,,0,0,,0,0,0,,,0,0,,0,0,0,,0,0.0,0,,0,0,0,,,,,0,,,0,0,,0,0,0,,,0,0,,0,0,0,,0,0.0,0,,0,0,0,,,,,0,,,0,0,,0,0,0,,,0,0,,0,0,0,,0,0.0,0,0.0,0,0,0,,,,0,,0,,,0,0,,0,0,0,,,0,0,,0,0,0,,0,0.0,0,,0,0,0,,,,,0,,,0,0,,0,0,0,,,0,0,100.0,1,1,0,0.0,0,0.0,0,,0,0,0,,,,,0,,,0,0,,0,0,0,,,0,0,,0,0,0,,0,0.0,0,,0,0,0,,,,4.0,0,0.0,0.0,0,1,,0,0,0,,59.5,0,0,0.0,0,1,0,100.0,1,39.6,1,100.0,0,0,0,,,0.0,4.0,0,0.0,0.0,0,1,,0,0,0,,59.5,0,0,0.0,0,1,0,100.0,1,39.6,1,100.0,0,0,0,,,0.0
Elijah Mitchell,57272,HB,KC,1,1,,0,,,0,0,,0,0,0,,,0,0,,0,0,0,,0,0.0,0,0.0,0,0,0,,,,,0,,,0,0,,0,0,0,,,0,0,,0,0,0,,0,0.0,0,,0,0,0,,,,,0,,,0,0,,0,0,0,,,0,0,,0,0,0,,0,0.0,0,,0,0,0,,,,,0,,,0,0,,0,0,0,,,0,0,,0,0,0,,0,0.0,0,,0,0,0,,,,,0,,,0,0,,0,0,0,,,0,0,0.0,0,3,0,100.0,3,0.0,0,0.0,0,0,0,,,0.0,0,24.0,0,0.0,,0,0,,0,0,0,,60.0,1,0,0.0,0,1,0,100.0,1,0.0,1,100.0,0,0,0,,,0.0,16,,0,,,0,0,,0,0,0,,,0,0,,0,0,0,,0,0.0,0,,0,0,0,,,,,0,,,0,0,,0,0,0,,,0,0,,0,0,0,,0,0.0,0,,0,0,0,,,,,0,,,0,0,,0,0,0,,,0,0,,0,0,0,,0,0.0,0,,0,0,0,,,,,0,,,0,0,,0,0,0,,,0,0,,0,0,0,,0,0.0,0,,0,0,0,,,,,0,,,0,0,,0,0,0,,,0,0,,0,0,0,,0,0.0,0,0.0,0,0,0,,,,0,,0,,,0,0,,0,0,0,,,0,0,,0,0,0,,0,0.0,0,,0,0,0,,,,24.0,0,0.0,,0,0,,0,0,0,,60.0,1,0,0.0,0,1,0,100.0,1,0.0,1,100.0,0,0,0,,,0.0,,0,,,0,0,,0,0,0,,,0,0,0.0,0,1,0,0.0,0,0.0,0,,0,0,0,,,,,0,,,0,0,,0,0,0,,,0,0,,0,0,0,,0,0.0,0,,0,0,0,,,,,0,,,0,0,,0,0,0,,,0,0,,0,0,0,,0,0.0,0,0.0,0,0,0,,,
Coleman Owen,104969,WR,IND,1,1,,0,,,0,0,,0,0,0,,,0,0,,0,0,0,,0,0.0,0,0.0,0,0,0,,,,,0,,,0,0,,0,0,0,,,0,0,,0,0,0,,0,0.0,0,,0,0,0,,,,,0,,,0,0,,0,0,0,,,0,0,,0,0,0,,0,0.0,0,,0,0,0,,,,,0,,,0,0,,0,0,0,,,0,0,,0,0,0,,0,0.0,0,,0,0,0,,,,3.0,0,0.0,,0,0,,0,0,0,,59.4,0,0,0.0,0,1,0,100.0,1,39.6,1,100.0,0,0,0,,,0.0,0,,0,,,0,0,,0,0,0,,,0,0,,0,0,0,,0,0.0,0,0.0,0,0,0,,,,14,,0,,,0,0,,0,0,0,,,0,0,,0,0,0,,0,0.0,0,,0,0,0,,,,,0,,,0,0,,0,0,0,,,0,0,,0,0,0,,0,0.0,0,,0,0,0,,,,,0,,,0,0,,0,0,0,,,0,0,,0,0,0,,0,0.0,0,,0,0,0,,,,,0,,,0,0,,0,0,0,,,0,0,,0,0,0,,0,0.0,0,,0,0,0,,,,,0,,,0,0,,0,0,0,,,0,0,,0,0,0,,0,0.0,0,0.0,0,0,0,,,,0,,0,,,0,0,,0,0,0,,,0,0,,0,0,0,,0,0.0,0,,0,0,0,,,,,0,,,0,0,,0,0,0,,,0,0,,0,0,0,,0,0.0,0,,0,0,0,,,,,0,,,0,0,,0,0,0,,,0,0,,0,0,0,,0,0.0,0,,0,0,0,,,,,0,,,0,0,,0,0,0,,,0,0,,0,0,0,,0,0.0,0,,0,0,0,,,,3.0,0,0.0,,0,0,,0,0,0,,59.4,0,0,0.0,0,1,0,100.0,1,39.6,1,100.0,0,0,0,,,0.0
Giovanni Ricci,13756,TE,DET,3,1,,0,,,0,0,,0,0,0,,,0,0,,0,0,0,,0,0.0,0,0.0,0,0,0,,,,,0,,,0,0,,0,0,0,,,0,0,0.0,0,1,0,100.0,1,0.0,0,0.0,0,0,0,,,0.0,,0,,,0,0,,0,0,0,,,0,0,,0,0,0,,0,0.0,0,,0,0,0,,,,,0,,,0,0,,0,0,0,,,0,0,100.0,1,1,0,0.0,0,0.0,0,,0,0,0,,,,3.0,0,0.0,,0,0,,0,0,0,,57.8,0,0,33.3,1,3,0,66.7,2,39.6,1,50.0,0,0,0,,,0.0,0,,0,,,0,0,,0,0,0,,,0,0,,0,0,0,,0,0.0,0,0.0,0,0,0,,,,11,,0,,,0,0,,0,0,0,,,0,0,0.0,0,1,0,100.0,1,0.0,0,0.0,0,0,0,,,0.0,,0,,,0,0,,0,0,0,,,0,0,,0,0,0,,0,0.0,0,,0,0,0,,,,,0,,,0,0,,0,0,0,,,0,0,,0,0,0,,0,0.0,0,,0,0,0,,,,,0,,,0,0,,0,0,0,,,0,0,100.0,1,1,0,0.0,0,0.0,0,,0,0,0,,,,,0,,,0,0,,0,0,0,,,0,0,,0,0,0,,0,0.0,0,0.0,0,0,0,,,,0,,0,,,0,0,,0,0,0,,,0,0,,0,0,0,,0,0.0,0,,0,0,0,,,,,0,,,0,0,,0,0,0,,,0,0,100.0,1,1,0,0.0,0,0.0,0,,0,0,0,,,,,0,,,0,0,,0,0,0,,,0,0,,0,0,0,,0,0.0,0,,0,0,0,,,,,0,,,0,0,,0,0,0,,,0,0,0.0,0,3,0,100.0,3,0.0,0,0.0,0,0,0,,,0.0,3.0,0,0.0,,0,0,,0,0,0,,57.8,0,0,0.0,0,1,0,100.0,1,39.6,1,100.0,0,0,0,,,0.0
Trevor Penning,59963,G,LAC,11,1,,0,,,0,0,,0,0,0,,,0,0,,0,0,0,,0,0.0,0,0.0,0,0,0,,,,,0,,,0,0,,0,0,0,,,0,0,100.0,14,14,0,0.0,0,0.0,0,,0,0,0,,,,,0,,,0,0,,0,0,0,,,0,0,100.0,7,7,0,0.0,0,0.0,0,,0,0,0,,,,,0,,,0,0,,0,0,0,,,0,0,100.0,23,23,0,0.0,0,0.0,0,,0,0,0,,,,,0,,,0,0,,0,0,0,,,0,0,100.0,71,71,0,0.0,0,0.0,0,,0,0,0,,,,0,,0,,,0,0,,0,0,0,,,0,0,,0,0,0,,0,0.0,0,0.0,0,0,0,,,,27,,0,,,0,0,,0,0,0,,,0,0,100.0,9,9,0,0.0,0,0.0,0,,0,0,0,,,,,0,,,0,0,,0,0,0,,,0,0,100.0,14,14,0,0.0,0,0.0,0,,0,0,0,,,,,0,,,0,0,,0,0,0,,,0,0,100.0,16,16,0,0.0,0,0.0,0,,0,0,0,,,,5.0,0,0.0,,0,0,,0,0,0,,59.4,0,0,96.4,27,28,0,3.6,1,39.6,1,100.0,0,0,0,,,0.0,,0,,,0,0,,0,0,0,,,0,0,,0,0,0,,0,0.0,0,0.0,0,0,0,,,,0,,0,,,0,0,,0,0,0,,,0,0,100.0,13,13,0,0.0,0,0.0,0,,0,0,0,,,,,0,,,0,0,,0,0,0,,,0,0,100.0,21,21,0,0.0,0,0.0,0,,0,0,0,,,,,0,,,0,0,,0,0,0,,,0,0,100.0,14,14,0,0.0,0,0.0,0,,0,0,0,,,,,0,,,0,0,,0,0,0,,,0,0,100.0,39,39,0,0.0,0,0.0,0,,0,0,0,,,,5.0,0,0.0,,0,0,,0,0,0,,59.4,0,0,0.0,0,1,0,100.0,1,39.6,1,100.0,0,0,0,,,0.0
Terrell Jennings,102408,HB,NE,4,1,,0,,,0,0,,0,0,0,,,0,0,,0,0,0,,0,0.0,0,0.0,0,0,0,,,,,0,,,0,0,,0,0,0,,,0,0,,0,0,0,,0,0.0,0,,0,0,0,,,,,0,,,0,0,,0,0,0,,,0,0,,0,0,0,,0,0.0,0,,0,0,0,,,,,0,,,0,0,,0,0,0,,,0,0,,0,0,0,,0,0.0,0,,0,0,0,,,,2.0,0,100.0,,0,0,0.0,0,0,0,64.7,81.5,0,9,50.0,1,2,1,50.0,1,104.2,1,100.0,0,9,7,7.0,9.0,9.0,0,,0,,,0,0,,0,0,0,,,0,0,,0,0,0,,0,0.0,0,0.0,0,0,0,,,,19,,0,,,0,0,,0,0,0,,,0,0,,0,0,0,,0,0.0,0,,0,0,0,,,,,0,,,0,0,,0,0,0,,,0,0,,0,0,0,,0,0.0,0,,0,0,0,,,,,0,,,0,0,,0,0,0,,,0,0,0.0,0,1,0,100.0,1,0.0,0,0.0,0,0,0,,,0.0,,0,,,0,0,,0,0,0,,,0,0,0.0,0,1,0,100.0,1,0.0,0,0.0,0,0,0,,,0.0,,0,,,0,0,,0,0,0,,,0,0,,0,0,0,,0,0.0,0,0.0,0,0,0,,,,0,,0,,,0,0,,0,0,0,,,0,0,100.0,1,1,0,0.0,0,0.0,0,,0,0,0,,,,,0,,,0,0,,0,0,0,,,0,0,,0,0,0,,0,0.0,0,,0,0,0,,,,,0,,,0,0,,0,0,0,,,0,0,,0,0,0,,0,0.0,0,,0,0,0,,,,,0,,,0,0,,0,0,0,,,0,0,100.0,1,1,0,0.0,0,0.0,0,,0,0,0,,,,2.0,0,100.0,,0,0,0.0,0,0,0,64.7,81.5,0,9,0.0,0,1,1,100.0,1,104.2,1,100.0,0,9,7,7.0,9.0,9.0
Brady Russell,60876,FB,SEA,6,1,,0,,,0,0,,0,0,0,,,0,0,,0,0,0,,0,0.0,0,0.0,0,0,0,,,,,0,,,0,0,,0,0,0,,,0,0,50.0,1,2,0,50.0,1,0.0,0,0.0,0,0,0,,,0.0,,0,,,0,0,,0,0,0,,,0,0,,0,0,0,,0,0.0,0,,0,0,0,,,,,0,,,0,0,,0,0,0,,,0,0,100.0,2,2,0,0.0,0,0.0,0,,0,0,0,,,,,0,,,0,0,,0,0,0,,,0,0,0.0,0,1,0,100.0,1,0.0,0,0.0,0,0,0,,,0.0,0,,0,,,0,0,,0,0,0,,,0,0,,0,0,0,,0,0.0,0,0.0,0,0,0,,,,29,,0,,,0,0,,0,0,0,,,0,0,,0,0,0,,0,0.0,0,,0,0,0,,,,,0,,,0,0,,0,0,0,,,0,0,,0,0,0,,0,0.0,0,,0,0,0,,,,,0,,,0,0,,0,0,0,,,0,0,100.0,2,2,0,0.0,0,0.0,0,,0,0,0,,,,0.0,0,0.0,,0,0,100.0,1,0,0,27.9,25.9,0,0,50.0,1,2,0,50.0,1,39.6,1,100.0,0,0,0,,,0.0,,0,,,0,0,,0,0,0,,,0,0,,0,0,0,,0,0.0,0,0.0,0,0,0,,,,0,,0,,,0,0,,0,0,0,,,0,0,,0,0,0,,0,0.0,0,,0,0,0,,,,,0,,,0,0,,0,0,0,,,0,0,100.0,1,1,0,0.0,0,0.0,0,,0,0,0,,,,,0,,,0,0,,0,0,0,,,0,0,,0,0,0,,0,0.0,0,,0,0,0,,,,,0,,,0,0,,0,0,0,,,0,0,33.3,1,3,0,66.7,2,0.0,0,0.0,0,0,0,,,0.0,0.0,0,0.0,,0,0,100.0,1,0,0,27.9,25.9,0,0,0.0,0,1,0,100.0,1,39.6,1,100.0,0,0,0,,,0.0
Nick Kallerup,101679,TE,SEA,8,1,,0,,,0,0,,0,0,0,,,0,0,,0,0,0,,0,0.0,0,0.0,0,0,0,,,,,0,,,0,0,,0,0,0,,,0,0,50.0,1,2,0,50.0,1,0.0,0,0.0,0,0,0,,,0.0,,0,,,0,0,,0,0,0,,,0,0,,0,0,0,,0,0.0,0,,0,0,0,,,,,0,,,0,0,,0,0,0,,,0,0,60.0,3,5,0,40.0,2,0.0,0,0.0,0,0,0,,,0.0,,0,,,0,0,,0,0,0,,,0,0,50.0,1,2,0,50.0,1,0.0,0,0.0,0,0,0,,,0.0,0,,0,,,0,0,,0,0,0,,,0,0,,0,0,0,,0,0.0,0,0.0,0,0,0,,,,29,,0,,,0,0,,0,0,0,,,0,0,100.0,1,1,0,0.0,0,0.0,0,,0,0,0,,,,,0,,,0,0,,0,0,0,,,0,0,66.7,2,3,0,33.3,1,0.0,0,0.0,0,0,0,,,0.0,,0,,,0,0,,0,0,0,,,0,0,,0,0,0,,0,0.0,0,,0,0,0,,,,,0,,,0,0,,0,0,0,,,0,0,50.0,3,6,0,50.0,3,0.0,0,0.0,0,0,0,,,0.0,,0,,,0,0,,0,0,0,,,0,0,,0,0,0,,0,0.0,0,0.0,0,0,0,,,,0,,0,,,0,0,,0,0,0,,,0,0,,0,0,0,,0,0.0,0,,0,0,0,,,,,0,,,0,0,,0,0,0,,,0,0,100.0,2,2,0,0.0,0,0.0,0,,0,0,0,,,,,0,,,0,0,,0,0,0,,,0,0,100.0,2,2,0,0.0,0,0.0,0,,0,0,0,,,,7.0,0,0.0,0.0,0,1,,0,0,0,,58.8,0,0,33.3,1,3,0,66.7,2,39.6,1,50.0,0,0,0,,,0.0,7.0,0,0.0,0.0,0,1,,0,0,0,,58.8,0,0,0.0,0,1,0,100.0,1,39.6,1,100.0,0,0,0,,,0.0
Robert Tonyan,12193,TE,KC,14,1,,0,,,0,0,,0,0,0,,,0,0,,0,0,0,,0,0.0,0,0.0,0,0,0,,,,,0,,,0,0,,0,0,0,,,0,0,0.0,0,5,0,100.0,5,0.0,0,0.0,0,0,0,,,0.0,,0,,,0,0,,0,0,0,,,0,0,0.0,0,1,0,100.0,1,0.0,0,0.0,0,0,0,,,0.0,,0,,,0,0,,0,0,0,,,0,0,0.0,0,1,0,100.0,1,0.0,0,0.0,0,0,0,,,0.0,1.0,0,100.0,,0,0,0.0,0,0,0,64.7,61.8,0,1,8.3,1,12,1,91.7,11,79.2,1,9.1,0,1,0,0.0,1.0,0.09,0,,0,,,0,0,,0,0,0,,,0,0,,0,0,0,,0,0.0,0,0.0,0,0,0,,,,16,,0,,,0,0,,0,0,0,,,0,0,50.0,2,4,0,50.0,2,0.0,0,0.0,0,0,0,,,0.0,,0,,,0,0,,0,0,0,,,0,0,,0,0,0,,0,0.0,0,,0,0,0,,,,,0,,,0,0,,0,0,0,,,0,0,0.0,0,1,0,100.0,1,0.0,0,0.0,0,0,0,,,0.0,,0,,,0,0,,0,0,0,,,0,0,0.0,0,1,0,0.0,0,0.0,0,,0,0,0,,,,,0,,,0,0,,0,0,0,,,0,0,,0,0,0,,0,0.0,0,0.0,0,0,0,,,,0,,0,,,0,0,,0,0,0,,,0,0,50.0,1,2,0,50.0,1,0.0,0,0.0,0,0,0,,,0.0,,0,,,0,0,,0,0,0,,,0,0,50.0,1,2,0,50.0,1,0.0,0,0.0,0,0,0,,,0.0,,0,,,0,0,,0,0,0,,,0,0,0.0,0,1,0,100.0,1,0.0,0,0.0,0,0,0,,,0.0,,0,,,0,0,,0,0,0,,,0,0,100.0,2,2,0,0.0,0,0.0,0,,0,0,0,,,,1.0,0,100.0,,0,0,0.0,0,0,0,64.7,61.8,0,1,0.0,0,1,1,100.0,1,79.2,1,100.0,0,1,0,0.0,1.0,1.0
Jameis Winston,9434,QB,NYG,3,1,,0,,,0,0,,0,0,0,,,0,0,,0,0,0,,0,0.0,0,0.0,0,0,0,,,,,0,,,0,0,,0,0,0,,,0,0,0.0,0,4,0,0.0,0,0.0,0,,0,0,0,,,,,0,,,0,0,,0,0,0,,,0,0,0.0,0,4,0,0.0,0,0.0,0,,0,0,0,,,,,0,,,0,0,,0,0,0,,,0,0,0.0,0,8,0,0.0,0,0.0,0,,0,0,0,,,,,0,,,0,0,,0,0,0,,,0,0,0.0,0,9,0,0.0,0,0.0,0,,0,0,0,,,,0,,0,,,0,0,,0,0,0,,,0,0,,0,0,0,,0,0.0,0,0.0,0,0,0,,,,21,,0,,,0,0,,0,0,0,,,0,0,0.0,0,3,0,0.0,0,0.0,0,,0,0,0,,,,,0,,,0,0,,0,0,0,,,0,0,0.0,0,3,0,0.0,0,0.0,0,,0,0,0,,,,15.0,1,100.0,,0,0,0.0,0,1,0,64.7,99.3,0,33,0.0,0,8,1,12.5,1,158.3,1,100.0,1,33,18,18.0,33.0,33.0,,0,,,0,0,,0,0,0,,,0,0,0.0,0,6,0,0.0,0,0.0,0,,0,0,0,,,,15.0,1,100.0,,0,0,0.0,0,1,0,64.7,99.3,0,33,0.0,0,1,1,100.0,1,158.3,1,100.0,1,33,18,18.0,33.0,33.0,0,,0,,,0,0,,0,0,0,,,0,0,0.0,0,1,0,0.0,0,0.0,0,,0,0,0,,,,,0,,,0,0,,0,0,0,,,0,0,0.0,0,5,0,0.0,0,0.0,0,,0,0,0,,,,,0,,,0,0,,0,0,0,,,0,0,0.0,0,7,0,0.0,0,0.0,0,,0,0,0,,,,,0,,,0,0,,0,0,0,,,0,0,0.0,0,8,0,0.0,0,0.0,0,,0,0,0,,,,,0,,,0,0,,0,0,0,,,0,0,,0,0,0,,0,0.0,0,0.0,0,0,0,,,
Theo Benedet,169632,T,CHI,17,1,,0,,,0,0,,0,0,0,,,0,0,,0,0,0,,0,0.0,0,0.0,0,0,0,,,,,0,,,0,0,,0,0,0,,,0,0,100.0,23,23,0,0.0,0,0.0,0,,0,0,0,,,,,0,,,0,0,,0,0,0,,,0,0,92.9,13,14,0,7.1,1,0.0,0,0.0,0,0,0,,,0.0,,0,,,0,0,,0,0,0,,,0,0,96.9,31,32,0,3.1,1,0.0,0,0.0,0,0,0,,,0.0,,0,,,0,0,,0,0,0,,,0,0,98.6,69,70,0,1.4,1,0.0,0,0.0,0,0,0,,,0.0,0,,0,,,0,0,,0,0,0,,,0,0,,0,0,0,,0,0.0,0,0.0,0,0,0,,,,6,,0,,,0,0,,0,0,0,,,0,0,100.0,10,10,0,0.0,0,0.0,0,,0,0,0,,,,,0,,,0,0,,0,0,0,,,0,0,100.0,9,9,0,0.0,0,0.0,0,,0,0,0,,,,,0,,,0,0,,0,0,0,,,0,0,100.0,13,13,0,0.0,0,0.0,0,,0,0,0,,,,4.0,0,0.0,,0,0,100.0,1,0,0,27.9,28.5,0,0,96.2,25,26,0,3.8,1,39.6,1,100.0,0,0,0,,,0.0,,0,,,0,0,,0,0,0,,,0,0,,0,0,0,,0,0.0,0,0.0,0,0,0,,,,0,,0,,,0,0,,0,0,0,,,0,0,100.0,6,6,0,0.0,0,0.0,0,,0,0,0,,,,,0,,,0,0,,0,0,0,,,0,0,100.0,20,20,0,0.0,0,0.0,0,,0,0,0,,,,,0,,,0,0,,0,0,0,,,0,0,100.0,17,17,0,0.0,0,0.0,0,,0,0,0,,,,,0,,,0,0,,0,0,0,,,0,0,97.1,33,34,0,2.9,1,0.0,0,0.0,0,0,0,,,0.0,4.0,0,0.0,,0,0,100.0,1,0,0,27.9,28.5,0,0,0.0,0,1,0,100.0,1,39.6,1,100.0,0,0,0,,,0.0
Tim Jones,61669,WR,JAX,4,1,,0,,,0,0,,0,0,0,,,0,0,,0,0,0,,0,0.0,0,0.0,0,0,0,,,,,0,,,0,0,,0,0,0,,,0,0,0.0,0,1,0,100.0,1,0.0,0,0.0,0,0,0,,,0.0,,0,,,0,0,,0,0,0,,,0,0,,0,0,0,,0,0.0,0,,0,0,0,,,,,0,,,0,0,,0,0,0,,,0,0,0.0,0,2,0,100.0,2,0.0,0,0.0,0,0,0,,,0.0,4.0,2,100.0,,0,0,0.0,0,1,0,64.7,78.1,0,15,0.0,0,2,1,100.0,2,118.8,1,50.0,0,15,11,11.0,15.0,7.5,0,,0,,,0,0,,0,0,0,,,0,0,,0,0,0,,0,0.0,0,0.0,0,0,0,,,,15,,0,,,0,0,,0,0,0,,,0,0,,0,0,0,,0,0.0,0,,0,0,0,,,,,0,,,0,0,,0,0,0,,,0,0,,0,0,0,,0,0.0,0,,0,0,0,,,,,0,,,0,0,,0,0,0,,,0,0,,0,0,0,,0,0.0,0,,0,0,0,,,,,0,,,0,0,,0,0,0,,,0,0,50.0,1,2,0,50.0,1,0.0,0,0.0,0,0,0,,,0.0,,0,,,0,0,,0,0,0,,,0,0,,0,0,0,,0,0.0,0,0.0,0,0,0,,,,0,,0,,,0,0,,0,0,0,,,0,0,,0,0,0,,0,0.0,0,,0,0,0,,,,,0,,,0,0,,0,0,0,,,0,0,0.0,0,2,0,100.0,2,0.0,0,0.0,0,0,0,,,0.0,,0,,,0,0,,0,0,0,,,0,0,,0,0,0,,0,0.0,0,,0,0,0,,,,,0,,,0,0,,0,0,0,,,0,0,,0,0,0,,0,0.0,0,,0,0,0,,,,4.0,2,100.0,,0,0,0.0,0,1,0,64.7,78.1,0,15,0.0,0,1,1,100.0,1,118.8,1,100.0,0,15,11,11.0,15.0,15.0
David Moore,11981,WR,CAR,3,1,,0,,,0,0,,0,0,0,,,0,0,,0,0,0,,0,0.0,0,0.0,0,0,0,,,,,0,,,0,0,,0,0,0,,,0,0,0.0,0,3,0,100.0,3,0.0,0,0.0,0,0,0,,,0.0,,0,,,0,0,,0,0,0,,,0,0,0.0,0,2,0,100.0,2,0.0,0,0.0,0,0,0,,,0.0,,0,,,0,0,,0,0,0,,,0,0,0.0,0,3,0,100.0,3,0.0,0,0.0,0,0,0,,,0.0,5.0,0,100.0,,0,0,0.0,0,0,0,64.7,61.1,0,5,0.0,0,8,1,100.0,8,87.5,1,12.5,0,5,0,0.0,5.0,0.63,0,,0,,,0,0,,0,0,0,,,0,0,,0,0,0,,0,0.0,0,0.0,0,0,0,,,,5,,0,,,0,0,,0,0,0,,,0,0,100.0,1,1,0,0.0,0,0.0,0,,0,0,0,,,,,0,,,0,0,,0,0,0,,,0,0,0.0,0,1,0,100.0,1,0.0,0,0.0,0,0,0,,,0.0,,0,,,0,0,,0,0,0,,,0,0,0.0,0,3,0,66.7,2,0.0,0,0.0,0,0,0,,,0.0,,0,,,0,0,,0,0,0,,,0,0,0.0,0,5,0,100.0,5,0.0,0,0.0,0,0,0,,,0.0,,0,,,0,0,,0,0,0,,,0,0,,0,0,0,,0,0.0,0,0.0,0,0,0,,,,0,,0,,,0,0,,0,0,0,,,0,0,0.0,0,4,0,100.0,4,0.0,0,0.0,0,0,0,,,0.0,,0,,,0,0,,0,0,0,,,0,0,0.0,0,1,0,100.0,1,0.0,0,0.0,0,0,0,,,0.0,,0,,,0,0,,0,0,0,,,0,0,0.0,0,2,0,100.0,2,0.0,0,0.0,0,0,0,,,0.0,,0,,,0,0,,0,0,0,,,0,0,0.0,0,3,0,100.0,3,0.0,0,0.0,0,0,0,,,0.0,5.0,0,100.0,,0,0,0.0,0,0,0,64.7,61.1,0,5,0.0,0,1,1,100.0,1,87.5,1,100.0,0,5,0,0.0,5.0,5.0
Tristan Wirfs,64818,T,TB,12,1,,0,,,0,0,,0,0,0,,,0,0,,0,0,0,,0,0.0,0,0.0,0,0,0,,,,,0,,,0,0,,0,0,0,,,0,0,100.0,52,52,0,0.0,0,0.0,0,,0,0,0,,,,,0,,,0,0,,0,0,0,,,0,0,100.0,15,15,0,0.0,0,0.0,0,,0,0,0,,,,,0,,,0,0,,0,0,0,,,0,0,100.0,45,45,0,0.0,0,0.0,0,,0,0,0,,,,1.0,0,100.0,,0,0,0.0,0,1,0,64.7,90.4,0,2,98.9,89,90,1,1.1,1,118.8,1,100.0,1,2,1,1.0,2.0,2.0,0,,0,,,0,0,,0,0,0,,,0,0,,0,0,0,,0,0.0,0,0.0,0,0,0,,,,30,,0,,,0,0,,0,0,0,,,0,0,100.0,11,11,0,0.0,0,0.0,0,,0,0,0,,,,,0,,,0,0,,0,0,0,,,0,0,100.0,12,12,0,0.0,0,0.0,0,,0,0,0,,,,,0,,,0,0,,0,0,0,,,0,0,100.0,31,31,0,0.0,0,0.0,0,,0,0,0,,,,,0,,,0,0,,0,0,0,,,0,0,100.0,43,43,0,0.0,0,0.0,0,,0,0,0,,,,,0,,,0,0,,0,0,0,,,0,0,,0,0,0,,0,0.0,0,0.0,0,0,0,,,,0,,0,,,0,0,,0,0,0,,,0,0,100.0,7,7,0,0.0,0,0.0,0,,0,0,0,,,,,0,,,0,0,,0,0,0,,,0,0,100.0,16,16,0,0.0,0,0.0,0,,0,0,0,,,,,0,,,0,0,,0,0,0,,,0,0,100.0,31,31,0,0.0,0,0.0,0,,0,0,0,,,,,0,,,0,0,,0,0,0,,,0,0,100.0,34,34,0,0.0,0,0.0,0,,0,0,0,,,,1.0,0,100.0,,0,0,0.0,0,1,0,64.7,90.4,0,2,0.0,0,1,1,100.0,1,118.8,1,100.0,1,2,1,1.0,2.0,2.0
Alex Cappa,66578,C,LV,12,1,,0,,,0,0,,0,0,0,,,0,0,,0,0,0,,0,0.0,0,0.0,0,0,0,,,,,0,,,0,0,,0,0,0,,,0,0,100.0,15,15,0,0.0,0,0.0,0,,0,0,0,,,,,0,,,0,0,,0,0,0,,,0,0,100.0,7,7,0,0.0,0,0.0,0,,0,0,0,,,,,0,,,0,0,,0,0,0,,,0,0,100.0,20,20,0,0.0,0,0.0,0,,0,0,0,,,,,0,,,0,0,,0,0,0,,,0,0,100.0,62,62,0,0.0,0,0.0,0,,0,0,0,,,,0,,0,,,0,0,,0,0,0,,,0,0,,0,0,0,,0,0.0,0,0.0,0,0,0,,,,23,,0,,,0,0,,0,0,0,,,0,0,100.0,12,12,0,0.0,0,0.0,0,,0,0,0,,,,,0,,,0,0,,0,0,0,,,0,0,100.0,11,11,0,0.0,0,0.0,0,,0,0,0,,,,,0,,,0,0,,0,0,0,,,0,0,100.0,17,17,0,0.0,0,0.0,0,,0,0,0,,,,,0,,,0,0,,0,0,0,,,0,0,100.0,39,39,0,0.0,0,0.0,0,,0,0,0,,,,,0,,,0,0,,0,0,0,,,0,0,,0,0,0,,0,0.0,0,0.0,0,0,0,,,,0,,0,,,0,0,,0,0,0,,,0,0,100.0,19,19,0,0.0,0,0.0,0,,0,0,0,,,,,0,,,0,0,,0,0,0,,,0,0,100.0,17,17,0,0.0,0,0.0,0,,0,0,0,,,,,0,,,0,0,,0,0,0,,,0,0,100.0,15,15,0,0.0,0,0.0,0,,0,0,0,,,,6.0,0,0.0,0.0,0,1,,0,0,0,,58.1,0,0,97.1,33,34,0,2.9,1,39.6,1,100.0,0,0,0,,,0.0,6.0,0,0.0,0.0,0,1,,0,0,0,,58.1,0,0,0.0,0,1,0,100.0,1,39.6,1,100.0,0,0,0,,,0.0
Jaydon Blue,157303,HB,DAL,5,1,-5.0,0,100.0,,0,0,0.0,0,0,0,64.7,65.2,0,5,0.0,0,1,1,100.0,1,87.5,1,100.0,0,5,10,10.0,5.0,5.0,,0,,,0,0,,0,0,0,,,0,0,0.0,0,2,0,100.0,2,0.0,0,0.0,0,0,0,,,0.0,,0,,,0,0,,0,0,0,,,0,0,,0,0,0,,0,0.0,0,,0,0,0,,,,,0,,,0,0,,0,0,0,,,0,0,0.0,0,3,0,100.0,3,0.0,0,0.0,0,0,0,,,0.0,,0,,,0,0,,0,0,0,,,0,0,0.0,0,5,0,100.0,5,0.0,0,0.0,0,0,0,,,0.0,0,,0,,,0,0,,0,0,0,,,0,0,,0,0,0,,0,0.0,0,0.0,0,0,0,,,,9,-5.0,0,100.0,,0,0,0.0,0,0,0,64.7,65.2,0,5,66.7,2,3,1,33.3,1,87.5,1,100.0,0,5,10,10.0,5.0,5.0,,0,,,0,0,,0,0,0,,,0,0,100.0,1,1,0,0.0,0,0.0,0,,0,0,0,,,,,0,,,0,0,,0,0,0,,,0,0,0.0,0,1,0,100.0,1,0.0,0,0.0,0,0,0,,,0.0,,0,,,0,0,,0,0,0,,,0,0,50.0,1,2,0,50.0,1,0.0,0,0.0,0,0,0,,,0.0,,0,,,0,0,,0,0,0,,,0,0,,0,0,0,,0,0.0,0,0.0,0,0,0,,,,0,,0,,,0,0,,0,0,0,,,0,0,,0,0,0,,0,0.0,0,,0,0,0,,,,,0,,,0,0,,0,0,0,,,0,0,0.0,0,1,0,0.0,0,0.0,0,,0,0,0,,,,,0,,,0,0,,0,0,0,,,0,0,0.0,0,2,0,100.0,2,0.0,0,0.0,0,0,0,,,0.0,,0,,,0,0,,0,0,0,,,0,0,33.3,2,6,0,66.7,4,0.0,0,0.0,0,0,0,,,0.0,,0,,,0,0,,0,0,0,,,0,0,,0,0,0,,0,0.0,0,0.0,0,0,0,,,
Jacoby Jones,157518,WR,WAS,1,1,,0,,,0,0,,0,0,0,,,0,0,,0,0,0,,0,0.0,0,0.0,0,0,0,,,,,0,,,0,0,,0,0,0,,,0,0,0.0,0,1,0,100.0,1,0.0,0,0.0,0,0,0,,,0.0,,0,,,0,0,,0,0,0,,,0,0,,0,0,0,,0,0.0,0,,0,0,0,,,,,0,,,0,0,,0,0,0,,,0,0,,0,0,0,,0,0.0,0,,0,0,0,,,,3.0,0,100.0,,0,0,0.0,0,1,0,64.7,90.9,0,25,0.0,0,1,1,100.0,1,118.8,1,100.0,0,25,22,22.0,25.0,25.0,0,,0,,,0,0,,0,0,0,,,0,0,,0,0,0,,0,0.0,0,0.0,0,0,0,,,,32,,0,,,0,0,,0,0,0,,,0,0,,0,0,0,,0,0.0,0,,0,0,0,,,,,0,,,0,0,,0,0,0,,,0,0,,0,0,0,,0,0.0,0,,0,0,0,,,,,0,,,0,0,,0,0,0,,,0,0,,0,0,0,,0,0.0,0,,0,0,0,,,,,0,,,0,0,,0,0,0,,,0,0,,0,0,0,,0,0.0,0,,0,0,0,,,,,0,,,0,0,,0,0,0,,,0,0,,0,0,0,,0,0.0,0,0.0,0,0,0,,,,0,,0,,,0,0,,0,0,0,,,0,0,,0,0,0,,0,0.0,0,,0,0,0,,,,,0,,,0,0,,0,0,0,,,0,0,,0,0,0,,0,0.0,0,,0,0,0,,,,,0,,,0,0,,0,0,0,,,0,0,,0,0,0,,0,0.0,0,,0,0,0,,,,,0,,,0,0,,0,0,0,,,0,0,,0,0,0,,0,0.0,0,,0,0,0,,,,3.0,0,100.0,,0,0,0.0,0,1,0,64.7,90.9,0,25,0.0,0,1,1,100.0,1,118.8,1,100.0,0,25,22,22.0,25.0,25.0
Jared Wiley,98508,TE,KC,4,1,-4.0,0,100.0,,0,0,0.0,0,1,0,64.7,81.5,0,4,0.0,0,1,1,100.0,1,83.3,1,100.0,0,4,8,8.0,4.0,4.0,-4.0,0,100.0,,0,0,0.0,0,1,0,64.7,81.5,0,4,0.0,0,1,1,100.0,1,83.3,1,100.0,0,4,8,8.0,4.0,4.0,,0,,,0,0,,0,0,0,,,0,0,,0,0,0,,0,0.0,0,,0,0,0,,,,,0,,,0,0,,0,0,0,,,0,0,0.0,0,1,0,100.0,1,0.0,0,0.0,0,0,0,,,0.0,,0,,,0,0,,0,0,0,,,0,0,,0,0,0,,0,0.0,0,,0,0,0,,,,0,,0,,,0,0,,0,0,0,,,0,0,,0,0,0,,0,0.0,0,0.0,0,0,0,,,,16,,0,,,0,0,,0,0,0,,,0,0,0.0,0,2,0,100.0,2,0.0,0,0.0,0,0,0,,,0.0,,0,,,0,0,,0,0,0,,,0,0,50.0,1,2,0,0.0,0,0.0,0,,0,0,0,,,,,0,,,0,0,,0,0,0,,,0,0,,0,0,0,,0,0.0,0,,0,0,0,,,,,0,,,0,0,,0,0,0,,,0,0,,0,0,0,,0,0.0,0,,0,0,0,,,,,0,,,0,0,,0,0,0,,,0,0,,0,0,0,,0,0.0,0,0.0,0,0,0,,,,0,,0,,,0,0,,0,0,0,,,0,0,0.0,0,2,0,100.0,2,0.0,0,0.0,0,0,0,,,0.0,,0,,,0,0,,0,0,0,,,0,0,50.0,1,2,0,50.0,1,0.0,0,0.0,0,0,0,,,0.0,,0,,,0,0,,0,0,0,,,0,0,0.0,0,1,0,100.0,1,0.0,0,0.0,0,0,0,,,0.0,,0,,,0,0,,0,0,0,,,0,0,,0,0,0,,0,0.0,0,,0,0,0,,,,,0,,,0,0,,0,0,0,,,0,0,,0,0,0,,0,0.0,0,0.0,0,0,0,,,
Frank Crum,75860,T,DEN,10,1,,0,,,0,0,,0,0,0,,,0,0,,0,0,0,,0,0.0,0,0.0,0,0,0,,,,,0,,,0,0,,0,0,0,,,0,0,100.0,1,1,0,0.0,0,0.0,0,,0,0,0,,,,,0,,,0,0,,0,0,0,,,0,0,,0,0,0,,0,0.0,0,,0,0,0,,,,,0,,,0,0,,0,0,0,,,0,0,100.0,1,1,0,0.0,0,0.0,0,,0,0,0,,,,,0,,,0,0,,0,0,0,,,0,0,100.0,6,6,0,0.0,0,0.0,0,,0,0,0,,,,0,,0,,,0,0,,0,0,0,,,0,0,,0,0,0,,0,0.0,0,0.0,0,0,0,,,,10,,0,,,0,0,,0,0,0,,,0,0,,0,0,0,,0,0.0,0,,0,0,0,,,,,0,,,0,0,,0,0,0,,,0,0,100.0,1,1,0,0.0,0,0.0,0,,0,0,0,,,,,0,,,0,0,,0,0,0,,,0,0,100.0,1,1,0,0.0,0,0.0,0,,0,0,0,,,,,0,,,0,0,,0,0,0,,,0,0,100.0,1,1,0,0.0,0,0.0,0,,0,0,0,,,,,0,,,0,0,,0,0,0,,,0,0,,0,0,0,,0,0.0,0,0.0,0,0,0,,,,0,,0,,,0,0,,0,0,0,,,0,0,,0,0,0,,0,0.0,0,,0,0,0,,,,,0,,,0,0,,0,0,0,,,0,0,100.0,1,1,0,0.0,0,0.0,0,,0,0,0,,,,,0,,,0,0,,0,0,0,,,0,0,100.0,1,1,0,0.0,0,0.0,0,,0,0,0,,,,1.0,0,100.0,,0,0,0.0,0,1,0,64.7,90.1,0,7,75.0,3,4,1,25.0,1,135.4,1,100.0,1,7,6,6.0,7.0,7.0,1.0,0,100.0,,0,0,0.0,0,1,0,64.7,90.1,0,7,0.0,0,1,1,100.0,1,135.4,1,100.0,1,7,6,6.0,7.0,7.0
Bo Nix,97790,QB,DEN,18,1,,0,,,0,0,,0,0,0,,,0,0,,0,0,0,,0,0.0,0,0.0,0,0,0,,,,,0,,,0,0,,0,0,0,,,0,0,0.0,0,59,0,0.0,0,0.0,0,,0,0,0,,,,,0,,,0,0,,0,0,0,,,0,0,0.0,0,24,0,0.0,0,0.0,0,,0,0,0,,,,,0,,,0,0,,0,0,0,,,0,0,0.0,0,42,0,0.0,0,0.0,0,,0,0,0,,,,,0,,,0,0,,0,0,0,,,0,0,0.0,0,141,0,0.0,0,0.0,0,,0,0,0,,,,0,,0,,,0,0,,0,0,0,,,0,0,,0,0,0,,0,0.0,0,0.0,0,0,0,,,,10,,0,,,0,0,,0,0,0,,,0,0,0.0,0,37,0,0.0,0,0.0,0,,0,0,0,,,,,0,,,0,0,,0,0,0,,,0,0,0.0,0,37,0,0.0,0,0.0,0,,0,0,0,,,,,0,,,0,0,,0,0,0,,,0,0,0.0,0,33,0,0.0,0,0.0,0,,0,0,0,,,,2.0,0,0.0,0.0,0,1,,0,0,1,,58.4,0,0,0.0,0,77,0,1.3,1,39.6,1,100.0,0,0,0,,,0.0,,0,,,0,0,,0,0,0,,,0,0,,0,0,0,,0,0.0,0,0.0,0,0,0,,,,0,,0,,,0,0,,0,0,0,,,0,0,0.0,0,29,0,0.0,0,0.0,0,,0,0,0,,,,,0,,,0,0,,0,0,0,,,0,0,0.0,0,26,0,0.0,0,0.0,0,,0,0,0,,,,,0,,,0,0,,0,0,0,,,0,0,0.0,0,45,0,0.0,0,0.0,0,,0,0,0,,,,,0,,,0,0,,0,0,0,,,0,0,0.0,0,85,0,0.0,0,0.0,0,,0,0,0,,,,2.0,0,0.0,0.0,0,1,,0,0,0,,58.4,0,0,0.0,0,1,0,100.0,1,39.6,1,100.0,0,0,0,,,0.0
Will Mallory,77888,TE,IND,2,1,,0,,,0,0,,0,0,0,,,0,0,,0,0,0,,0,0.0,0,0.0,0,0,0,,,,,0,,,0,0,,0,0,0,,,0,0,,0,0,0,,0,0.0,0,,0,0,0,,,,,0,,,0,0,,0,0,0,,,0,0,,0,0,0,,0,0.0,0,,0,0,0,,,,16.0,0,100.0,100.0,1,1,0.0,0,1,0,64.7,94.8,0,16,50.0,1,2,1,50.0,1,118.8,1,100.0,0,16,0,0.0,16.0,16.0,,0,,,0,0,,0,0,0,,,0,0,0.0,0,3,0,100.0,3,0.0,0,0.0,0,0,0,,,0.0,0,,0,,,0,0,,0,0,0,,,0,0,,0,0,0,,0,0.0,0,0.0,0,0,0,,,,14,,0,,,0,0,,0,0,0,,,0,0,,0,0,0,,0,0.0,0,,0,0,0,,,,,0,,,0,0,,0,0,0,,,0,0,,0,0,0,,0,0.0,0,,0,0,0,,,,,0,,,0,0,,0,0,0,,,0,0,,0,0,0,,0,0.0,0,,0,0,0,,,,,0,,,0,0,,0,0,0,,,0,0,0.0,0,2,0,100.0,2,0.0,0,0.0,0,0,0,,,0.0,16.0,0,100.0,100.0,1,1,0.0,0,1,0,64.7,94.8,0,16,0.0,0,1,1,100.0,1,118.8,1,100.0,0,16,0,0.0,16.0,16.0,0,,0,,,0,0,,0,0,0,,,0,0,,0,0,0,,0,0.0,0,,0,0,0,,,,,0,,,0,0,,0,0,0,,,0,0,0.0,0,1,0,100.0,1,0.0,0,0.0,0,0,0,,,0.0,,0,,,0,0,,0,0,0,,,0,0,,0,0,0,,0,0.0,0,,0,0,0,,,,,0,,,0,0,,0,0,0,,,0,0,,0,0,0,,0,0.0,0,,0,0,0,,,,,0,,,0,0,,0,0,0,,,0,0,,0,0,0,,0,0.0,0,0.0,0,0,0,,,
Garett Bolles,11775,T,DEN,19,1,,0,,,0,0,,0,0,0,,,0,0,,0,0,0,,0,0.0,0,0.0,0,0,0,,,,,0,,,0,0,,0,0,0,,,0,0,100.0,61,61,0,0.0,0,0.0,0,,0,0,0,,,,,0,,,0,0,,0,0,0,,,0,0,100.0,24,24,0,0.0,0,0.0,0,,0,0,0,,,,,0,,,0,0,,0,0,0,,,0,0,100.0,44,44,0,0.0,0,0.0,0,,0,0,0,,,,,0,,,0,0,,0,0,0,,,0,0,100.0,147,147,0,0.0,0,0.0,0,,0,0,0,,,,0,,0,,,0,0,,0,0,0,,,0,0,,0,0,0,,0,0.0,0,0.0,0,0,0,,,,10,,0,,,0,0,,0,0,0,,,0,0,100.0,38,38,0,0.0,0,0.0,0,,0,0,0,,,,,0,,,0,0,,0,0,0,,,0,0,100.0,37,37,0,0.0,0,0.0,0,,0,0,0,,,,,0,,,0,0,,0,0,0,,,0,0,100.0,33,33,0,0.0,0,0.0,0,,0,0,0,,,,8.0,0,0.0,,0,0,,0,0,0,,60.0,0,0,98.8,79,80,0,1.3,1,39.6,1,100.0,0,0,0,,,0.0,,0,,,0,0,,0,0,0,,,0,0,,0,0,0,,0,0.0,0,0.0,0,0,0,,,,0,,0,,,0,0,,0,0,0,,,0,0,100.0,33,33,0,0.0,0,0.0,0,,0,0,0,,,,,0,,,0,0,,0,0,0,,,0,0,100.0,29,29,0,0.0,0,0.0,0,,0,0,0,,,,,0,,,0,0,,0,0,0,,,0,0,100.0,47,47,0,0.0,0,0.0,0,,0,0,0,,,,,0,,,0,0,,0,0,0,,,0,0,100.0,86,86,0,0.0,0,0.0,0,,0,0,0,,,,8.0,0,0.0,,0,0,,0,0,0,,60.0,0,0,0.0,0,1,0,100.0,1,39.6,1,100.0,0,0,0,,,0.0
Patrick Mahomes,11765,QB,KC,14,1,-8.0,0,100.0,,0,0,0.0,0,0,0,,,0,-10,0.0,0,1,1,0.0,0,79.2,1,100.0,0,-10,-2,-2.0,-10.0,,-8.0,0,100.0,,0,0,0.0,0,0,0,,,0,-10,0.0,0,73,1,0.0,0,79.2,1,,0,-10,-2,-2.0,-10.0,,,0,,,0,0,,0,0,0,,,0,0,0.0,0,23,0,0.0,0,0.0,0,,0,0,0,,,,,0,,,0,0,,0,0,0,,,0,0,0.0,0,46,0,0.0,0,0.0,0,,0,0,0,,,,,0,,,0,0,,0,0,0,,,0,0,0.0,0,128,0,0.0,0,0.0,0,,0,0,0,,,,0,,0,,,0,0,,0,0,0,,,0,0,,0,0,0,,0,0.0,0,0.0,0,0,0,,,,16,,0,,,0,0,,0,0,0,,,0,0,0.0,0,26,0,0.0,0,0.0,0,,0,0,0,,,,,0,,,0,0,,0,0,0,,,0,0,0.0,0,20,0,0.0,0,0.0,0,,0,0,0,,,,,0,,,0,0,,0,0,0,,,0,0,0.0,0,21,0,0.0,0,0.0,0,,0,0,0,,,,,0,,,0,0,,0,0,0,,,0,0,0.0,0,38,0,0.0,0,0.0,0,,0,0,0,,,,,0,,,0,0,,0,0,0,,,0,0,,0,0,0,,0,0.0,0,0.0,0,0,0,,,,0,,0,,,0,0,,0,0,0,,,0,0,0.0,0,18,0,0.0,0,0.0,0,,0,0,0,,,,,0,,,0,0,,0,0,0,,,0,0,0.0,0,25,0,0.0,0,0.0,0,,0,0,0,,,,,0,,,0,0,,0,0,0,,,0,0,0.0,0,33,0,0.0,0,0.0,0,,0,0,0,,,,,0,,,0,0,,0,0,0,,,0,0,0.0,0,39,0,0.0,0,0.0,0,,0,0,0,,,,,0,,,0,0,,0,0,0,,,0,0,,0,0,0,,0,0.0,0,0.0,0,0,0,,,
Devin Culp,84080,TE,TB,8,1,,0,,,0,0,,0,0,0,,,0,0,,0,0,0,,0,0.0,0,0.0,0,0,0,,,,,0,,,0,0,,0,0,0,,,0,0,0.0,0,3,0,100.0,3,0.0,0,0.0,0,0,0,,,0.0,,0,,,0,0,,0,0,0,,,0,0,0.0,0,1,0,0.0,0,0.0,0,,0,0,0,,,,12.0,0,100.0,,0,0,0.0,0,1,0,64.7,78.6,0,6,0.0,0,3,1,100.0,3,131.3,1,33.3,1,6,0,0.0,6.0,2.0,,0,,,0,0,,0,0,0,,,0,0,0.0,0,2,0,100.0,2,0.0,0,0.0,0,0,0,,,0.0,0,,0,,,0,0,,0,0,0,,,0,0,,0,0,0,,0,0.0,0,0.0,0,0,0,,,,30,,0,,,0,0,,0,0,0,,,0,0,,0,0,0,,0,0.0,0,,0,0,0,,,,,0,,,0,0,,0,0,0,,,0,0,0.0,0,1,0,100.0,1,0.0,0,0.0,0,0,0,,,0.0,,0,,,0,0,,0,0,0,,,0,0,0.0,0,3,0,100.0,3,0.0,0,0.0,0,0,0,,,0.0,,0,,,0,0,,0,0,0,,,0,0,0.0,0,4,0,75.0,3,0.0,0,0.0,0,0,0,,,0.0,12.0,0,100.0,,0,0,0.0,0,1,0,64.7,78.6,0,6,0.0,0,1,1,100.0,1,131.3,1,100.0,1,6,0,0.0,6.0,6.0,0,,0,,,0,0,,0,0,0,,,0,0,0.0,0,1,0,100.0,1,0.0,0,0.0,0,0,0,,,0.0,,0,,,0,0,,0,0,0,,,0,0,0.0,0,2,0,50.0,1,0.0,0,0.0,0,0,0,,,0.0,,0,,,0,0,,0,0,0,,,0,0,0.0,0,3,0,100.0,3,0.0,0,0.0,0,0,0,,,0.0,,0,,,0,0,,0,0,0,,,0,0,,0,0,0,,0,0.0,0,,0,0,0,,,,,0,,,0,0,,0,0,0,,,0,0,,0,0,0,,0,0.0,0,0.0,0,0,0,,,
Brayden Willis,77917,TE,SF,4,1,,0,,,0,0,,0,0,0,,,0,0,,0,0,0,,0,0.0,0,0.0,0,0,0,,,,,0,,,0,0,,0,0,0,,,0,0,,0,0,0,,0,0.0,0,,0,0,0,,,,,0,,,0,0,,0,0,0,,,0,0,,0,0,0,,0,0.0,0,,0,0,0,,,,,0,,,0,0,,0,0,0,,,0,0,,0,0,0,,0,0.0,0,,0,0,0,,,,,0,,,0,0,,0,0,0,,,0,0,0.0,0,1,0,100.0,1,0.0,0,0.0,0,0,0,,,0.0,0,,0,,,0,0,,0,0,0,,,0,0,,0,0,0,,0,0.0,0,0.0,0,0,0,,,,28,,0,,,0,0,,0,0,0,,,0,0,,0,0,0,,0,0.0,0,,0,0,0,,,,,0,,,0,0,,0,0,0,,,0,0,,0,0,0,,0,0.0,0,,0,0,0,,,,,0,,,0,0,,0,0,0,,,0,0,,0,0,0,,0,0.0,0,,0,0,0,,,,2.0,0,0.0,0.0,0,1,,0,0,0,,59.4,0,0,25.0,1,4,0,75.0,3,39.6,1,33.3,0,0,0,,,0.0,,0,,,0,0,,0,0,0,,,0,0,,0,0,0,,0,0.0,0,0.0,0,0,0,,,,0,,0,,,0,0,,0,0,0,,,0,0,,0,0,0,,0,0.0,0,,0,0,0,,,,,0,,,0,0,,0,0,0,,,0,0,,0,0,0,,0,0.0,0,,0,0,0,,,,,0,,,0,0,,0,0,0,,,0,0,,0,0,0,,0,0.0,0,,0,0,0,,,,,0,,,0,0,,0,0,0,,,0,0,,0,0,0,,0,0.0,0,,0,0,0,,,,2.0,0,0.0,0.0,0,1,,0,0,0,,59.4,0,0,0.0,0,1,0,100.0,1,39.6,1,100.0,0,0,0,,,0.0
Dameon Pierce,83659,HB,KC,2,1,-5.0,0,0.0,,0,0,100.0,1,0,0,27.9,25.9,0,0,0.0,0,1,0,100.0,1,39.6,1,100.0,0,0,0,,,0.0,-5.0,0,0.0,,0,0,100.0,1,0,0,27.9,25.9,0,0,0.0,0,1,0,100.0,1,39.6,1,100.0,0,0,0,,,0.0,,0,,,0,0,,0,0,0,,,0,0,,0,0,0,,0,0.0,0,,0,0,0,,,,,0,,,0,0,,0,0,0,,,0,0,0.0,0,1,0,100.0,1,0.0,0,0.0,0,0,0,,,0.0,,0,,,0,0,,0,0,0,,,0,0,50.0,1,2,0,50.0,1,0.0,0,0.0,0,0,0,,,0.0,0,,0,,,0,0,,0,0,0,,,0,0,,0,0,0,,0,0.0,0,0.0,0,0,0,,,,16,,0,,,0,0,,0,0,0,,,0,0,,0,0,0,,0,0.0,0,,0,0,0,,,,,0,,,0,0,,0,0,0,,,0,0,,0,0,0,,0,0.0,0,,0,0,0,,,,,0,,,0,0,,0,0,0,,,0,0,0.0,0,1,0,100.0,1,0.0,0,0.0,0,0,0,,,0.0,,0,,,0,0,,0,0,0,,,0,0,,0,0,0,,0,0.0,0,,0,0,0,,,,,0,,,0,0,,0,0,0,,,0,0,,0,0,0,,0,0.0,0,0.0,0,0,0,,,,0,,0,,,0,0,,0,0,0,,,0,0,,0,0,0,,0,0.0,0,,0,0,0,,,,,0,,,0,0,,0,0,0,,,0,0,,0,0,0,,0,0.0,0,,0,0,0,,,,,0,,,0,0,,0,0,0,,,0,0,0.0,0,1,0,100.0,1,0.0,0,0.0,0,0,0,,,0.0,,0,,,0,0,,0,0,0,,,0,0,0.0,0,1,0,100.0,1,0.0,0,0.0,0,0,0,,,0.0,,0,,,0,0,,0,0,0,,,0,0,,0,0,0,,0,0.0,0,0.0,0,0,0,,,
Jordan James,163295,HB,SF,1,1,,0,,,0,0,,0,0,0,,,0,0,,0,0,0,,0,0.0,0,0.0,0,0,0,,,,,0,,,0,0,,0,0,0,,,0,0,,0,0,0,,0,0.0,0,,0,0,0,,,,,0,,,0,0,,0,0,0,,,0,0,,0,0,0,,0,0.0,0,,0,0,0,,,,,0,,,0,0,,0,0,0,,,0,0,0.0,0,1,0,100.0,1,0.0,0,0.0,0,0,0,,,0.0,3.0,0,100.0,,0,0,0.0,0,1,0,64.7,65.1,0,7,0.0,0,1,1,100.0,1,95.8,1,100.0,0,7,4,4.0,7.0,7.0,0,,0,,,0,0,,0,0,0,,,0,0,,0,0,0,,0,0.0,0,0.0,0,0,0,,,,28,,0,,,0,0,,0,0,0,,,0,0,,0,0,0,,0,0.0,0,,0,0,0,,,,,0,,,0,0,,0,0,0,,,0,0,,0,0,0,,0,0.0,0,,0,0,0,,,,,0,,,0,0,,0,0,0,,,0,0,,0,0,0,,0,0.0,0,,0,0,0,,,,,0,,,0,0,,0,0,0,,,0,0,,0,0,0,,0,0.0,0,,0,0,0,,,,,0,,,0,0,,0,0,0,,,0,0,,0,0,0,,0,0.0,0,0.0,0,0,0,,,,0,,0,,,0,0,,0,0,0,,,0,0,,0,0,0,,0,0.0,0,,0,0,0,,,,,0,,,0,0,,0,0,0,,,0,0,,0,0,0,,0,0.0,0,,0,0,0,,,,,0,,,0,0,,0,0,0,,,0,0,,0,0,0,,0,0.0,0,,0,0,0,,,,,0,,,0,0,,0,0,0,,,0,0,,0,0,0,,0,0.0,0,,0,0,0,,,,3.0,0,100.0,,0,0,0.0,0,1,0,64.7,65.1,0,7,0.0,0,1,1,100.0,1,95.8,1,100.0,0,7,4,4.0,7.0,7.0
Evan Hull,97302,HB,NO,6,1,-3.0,0,100.0,,0,0,0.0,0,0,0,64.7,65.5,0,6,0.0,0,1,1,100.0,1,91.7,1,100.0,0,6,9,9.0,6.0,6.0,,0,,,0,0,,0,0,0,,,0,0,0.0,0,1,0,100.0,1,0.0,0,0.0,0,0,0,,,0.0,,0,,,0,0,,0,0,0,,,0,0,,0,0,0,,0,0.0,0,,0,0,0,,,,,0,,,0,0,,0,0,0,,,0,0,0.0,0,6,0,100.0,6,0.0,0,0.0,0,0,0,,,0.0,,0,,,0,0,,0,0,0,,,0,0,12.5,1,8,0,87.5,7,0.0,0,0.0,0,0,0,,,0.0,0,,0,,,0,0,,0,0,0,,,0,0,,0,0,0,,0,0.0,0,0.0,0,0,0,,,,20,,0,,,0,0,,0,0,0,,,0,0,0.0,0,1,0,100.0,1,0.0,0,0.0,0,0,0,,,0.0,,0,,,0,0,,0,0,0,,,0,0,0.0,0,1,0,0.0,0,0.0,0,,0,0,0,,,,,0,,,0,0,,0,0,0,,,0,0,0.0,0,3,0,100.0,3,0.0,0,0.0,0,0,0,,,0.0,,0,,,0,0,,0,0,0,,,0,0,16.7,1,6,0,50.0,3,0.0,0,0.0,0,0,0,,,0.0,,0,,,0,0,,0,0,0,,,0,0,,0,0,0,,0,0.0,0,0.0,0,0,0,,,,0,-3.0,0,100.0,,0,0,0.0,0,0,0,64.7,65.5,0,6,33.3,1,3,1,66.7,2,91.7,1,50.0,0,6,9,9.0,6.0,3.0,,0,,,0,0,,0,0,0,,,0,0,,0,0,0,,0,0.0,0,,0,0,0,,,,,0,,,0,0,,0,0,0,,,0,0,0.0,0,2,0,100.0,2,0.0,0,0.0,0,0,0,,,0.0,,0,,,0,0,,0,0,0,,,0,0,0.0,0,1,0,100.0,1,0.0,0,0.0,0,0,0,,,0.0,,0,,,0,0,,0,0,0,,,0,0,,0,0,0,,0,0.0,0,0.0,0,0,0,,,
Spencer Anderson,81719,G,PIT,17,1,,0,,,0,0,,0,0,0,,,0,0,,0,0,0,,0,0.0,0,0.0,0,0,0,,,,,0,,,0,0,,0,0,0,,,0,0,77.3,17,22,0,22.7,5,0.0,0,0.0,0,0,0,,,0.0,,0,,,0,0,,0,0,0,,,0,0,100.0,4,4,0,0.0,0,0.0,0,,0,0,0,,,,,0,,,0,0,,0,0,0,,,0,0,100.0,13,13,0,0.0,0,0.0,0,,0,0,0,,,,1.0,0,100.0,,0,0,0.0,0,0,0,64.7,61.2,0,4,97.0,32,33,1,3.0,1,83.3,1,100.0,0,4,3,3.0,4.0,4.0,0,,0,,,0,0,,0,0,0,,,0,0,,0,0,0,,0,0.0,0,0.0,0,0,0,,,,25,,0,,,0,0,,0,0,0,,,0,0,90.9,10,11,0,9.1,1,0.0,0,0.0,0,0,0,,,0.0,,0,,,0,0,,0,0,0,,,0,0,100.0,5,5,0,0.0,0,0.0,0,,0,0,0,,,,,0,,,0,0,,0,0,0,,,0,0,100.0,6,6,0,0.0,0,0.0,0,,0,0,0,,,,,0,,,0,0,,0,0,0,,,0,0,81.3,13,16,0,18.8,3,0.0,0,0.0,0,0,0,,,0.0,,0,,,0,0,,0,0,0,,,0,0,,0,0,0,,0,0.0,0,0.0,0,0,0,,,,0,,0,,,0,0,,0,0,0,,,0,0,80.0,8,10,0,20.0,2,0.0,0,0.0,0,0,0,,,0.0,,0,,,0,0,,0,0,0,,,0,0,100.0,6,6,0,0.0,0,0.0,0,,0,0,0,,,,,0,,,0,0,,0,0,0,,,0,0,100.0,8,8,0,0.0,0,0.0,0,,0,0,0,,,,,0,,,0,0,,0,0,0,,,0,0,100.0,26,26,0,0.0,0,0.0,0,,0,0,0,,,,1.0,0,100.0,,0,0,0.0,0,0,0,64.7,61.2,0,4,0.0,0,1,1,100.0,1,83.3,1,100.0,0,4,3,3.0,4.0,4.0
Justin Fields,82118,QB,NYJ,9,1,,0,,,0,0,,0,0,0,,,0,0,,0,0,0,,0,0.0,0,0.0,0,0,0,,,,,0,,,0,0,,0,0,0,,,0,0,0.0,0,11,0,0.0,0,0.0,0,,0,0,0,,,,,0,,,0,0,,0,0,0,,,0,0,0.0,0,3,0,0.0,0,0.0,0,,0,0,0,,,,,0,,,0,0,,0,0,0,,,0,0,0.0,0,14,0,0.0,0,0.0,0,,0,0,0,,,,,0,,,0,0,,0,0,0,,,0,0,0.0,0,64,0,0.0,0,0.0,0,,0,0,0,,,,0,,0,,,0,0,,0,0,0,,,0,0,,0,0,0,,0,0.0,0,0.0,0,0,0,,,,22,,0,,,0,0,,0,0,0,,,0,0,0.0,0,4,0,0.0,0,0.0,0,,0,0,0,,,,,0,,,0,0,,0,0,0,,,0,0,0.0,0,11,0,0.0,0,0.0,0,,0,0,0,,,,,0,,,0,0,,0,0,0,,,0,0,0.0,0,11,0,0.0,0,0.0,0,,0,0,0,,,,7.0,0,0.0,0.0,0,1,,0,0,0,,57.6,0,0,0.0,0,27,0,3.7,1,39.6,1,100.0,0,0,0,,,0.0,,0,,,0,0,,0,0,0,,,0,0,,0,0,0,,0,0.0,0,0.0,0,0,0,,,,0,,0,,,0,0,,0,0,0,,,0,0,0.0,0,8,0,0.0,0,0.0,0,,0,0,0,,,,,0,,,0,0,,0,0,0,,,0,0,0.0,0,4,0,0.0,0,0.0,0,,0,0,0,,,,,0,,,0,0,,0,0,0,,,0,0,0.0,0,8,0,12.5,1,0.0,0,0.0,0,0,0,,,0.0,,0,,,0,0,,0,0,0,,,0,0,0.0,0,27,0,0.0,0,0.0,0,,0,0,0,,,,7.0,0,0.0,0.0,0,1,,0,0,0,,57.6,0,0,0.0,0,1,0,100.0,1,39.6,1,100.0,0,0,0,,,0.0
Bryce Oliver,84248,WR,TEN,3,1,,0,,,0,0,,0,0,0,,,0,0,,0,0,0,,0,0.0,0,0.0,0,0,0,,,,,0,,,0,0,,0,0,0,,,0,0,0.0,0,3,0,100.0,3,0.0,0,0.0,0,0,0,,,0.0,,0,,,0,0,,0,0,0,,,0,0,,0,0,0,,0,0.0,0,,0,0,0,,,,,0,,,0,0,,0,0,0,,,0,0,,0,0,0,,0,0.0,0,,0,0,0,,,,6.0,0,100.0,,0,0,0.0,0,0,0,64.7,60.8,0,8,0.0,0,2,1,100.0,2,100.0,1,50.0,0,8,2,2.0,8.0,4.0,0,,0,,,0,0,,0,0,0,,,0,0,,0,0,0,,0,0.0,0,0.0,0,0,0,,,,31,,0,,,0,0,,0,0,0,,,0,0,0.0,0,3,0,100.0,3,0.0,0,0.0,0,0,0,,,0.0,,0,,,0,0,,0,0,0,,,0,0,,0,0,0,,0,0.0,0,,0,0,0,,,,,0,,,0,0,,0,0,0,,,0,0,0.0,0,1,0,100.0,1,0.0,0,0.0,0,0,0,,,0.0,,0,,,0,0,,0,0,0,,,0,0,0.0,0,2,0,100.0,2,0.0,0,0.0,0,0,0,,,0.0,,0,,,0,0,,0,0,0,,,0,0,,0,0,0,,0,0.0,0,0.0,0,0,0,,,,0,,0,,,0,0,,0,0,0,,,0,0,0.0,0,1,0,100.0,1,0.0,0,0.0,0,0,0,,,0.0,,0,,,0,0,,0,0,0,,,0,0,0.0,0,1,0,100.0,1,0.0,0,0.0,0,0,0,,,0.0,,0,,,0,0,,0,0,0,,,0,0,0.0,0,2,0,100.0,2,0.0,0,0.0,0,0,0,,,0.0,,0,,,0,0,,0,0,0,,,0,0,0.0,0,1,0,100.0,1,0.0,0,0.0,0,0,0,,,0.0,6.0,0,100.0,,0,0,0.0,0,0,0,64.7,60.8,0,8,0.0,0,1,1,100.0,1,100.0,1,100.0,0,8,2,2.0,8.0,8.0
Carter Runyon,177002,TE,LV,7,1,-3.0,0,100.0,,0,0,0.0,0,0,0,64.7,60.8,0,3,0.0,0,1,1,100.0,1,79.2,1,100.0,0,3,6,6.0,3.0,3.0,-3.0,0,100.0,,0,0,0.0,0,0,0,64.7,60.8,0,3,0.0,0,1,1,100.0,1,79.2,1,100.0,0,3,6,6.0,3.0,3.0,,0,,,0,0,,0,0,0,,,0,0,50.0,1,2,0,50.0,1,0.0,0,0.0,0,0,0,,,0.0,,0,,,0,0,,0,0,0,,,0,0,50.0,1,2,0,0.0,0,0.0,0,,0,0,0,,,,,0,,,0,0,,0,0,0,,,0,0,100.0,2,2,0,0.0,0,0.0,0,,0,0,0,,,,0,,0,,,0,0,,0,0,0,,,0,0,,0,0,0,,0,0.0,0,0.0,0,0,0,,,,23,,0,,,0,0,,0,0,0,,,0,0,0.0,0,1,0,100.0,1,0.0,0,0.0,0,0,0,,,0.0,,0,,,0,0,,0,0,0,,,0,0,100.0,1,1,0,0.0,0,0.0,0,,0,0,0,,,,,0,,,0,0,,0,0,0,,,0,0,,0,0,0,,0,0.0,0,,0,0,0,,,,,0,,,0,0,,0,0,0,,,0,0,,0,0,0,,0,0.0,0,,0,0,0,,,,,0,,,0,0,,0,0,0,,,0,0,,0,0,0,,0,0.0,0,0.0,0,0,0,,,,0,,0,,,0,0,,0,0,0,,,0,0,100.0,2,2,0,0.0,0,0.0,0,,0,0,0,,,,,0,,,0,0,,0,0,0,,,0,0,,0,0,0,,0,0.0,0,,0,0,0,,,,,0,,,0,0,,0,0,0,,,0,0,0.0,0,2,0,100.0,2,0.0,0,0.0,0,0,0,,,0.0,,0,,,0,0,,0,0,0,,,0,0,0.0,0,1,0,100.0,1,0.0,0,0.0,0,0,0,,,0.0,,0,,,0,0,,0,0,0,,,0,0,,0,0,0,,0,0.0,0,0.0,0,0,0,,,
Connor Colby,144862,G,SF,9,1,-6.0,0,100.0,,0,0,0.0,0,0,0,67.6,66.9,0,-1,100.0,1,1,1,0.0,0,79.2,1,100.0,0,-1,5,5.0,-1.0,,-6.0,0,100.0,,0,0,0.0,0,0,0,67.6,66.9,0,-1,100.0,18,18,1,0.0,0,79.2,1,,0,-1,5,5.0,-1.0,,,0,,,0,0,,0,0,0,,,0,0,100.0,6,6,0,0.0,0,0.0,0,,0,0,0,,,,,0,,,0,0,,0,0,0,,,0,0,100.0,33,33,0,0.0,0,0.0,0,,0,0,0,,,,,0,,,0,0,,0,0,0,,,0,0,100.0,71,71,0,0.0,0,0.0,0,,0,0,0,,,,0,,0,,,0,0,,0,0,0,,,0,0,,0,0,0,,0,0.0,0,0.0,0,0,0,,,,28,,0,,,0,0,,0,0,0,,,0,0,100.0,4,4,0,0.0,0,0.0,0,,0,0,0,,,,,0,,,0,0,,0,0,0,,,0,0,100.0,9,9,0,0.0,0,0.0,0,,0,0,0,,,,,0,,,0,0,,0,0,0,,,0,0,100.0,14,14,0,0.0,0,0.0,0,,0,0,0,,,,,0,,,0,0,,0,0,0,,,0,0,100.0,29,29,0,0.0,0,0.0,0,,0,0,0,,,,,0,,,0,0,,0,0,0,,,0,0,,0,0,0,,0,0.0,0,0.0,0,0,0,,,,0,,0,,,0,0,,0,0,0,,,0,0,100.0,9,9,0,0.0,0,0.0,0,,0,0,0,,,,,0,,,0,0,,0,0,0,,,0,0,100.0,4,4,0,0.0,0,0.0,0,,0,0,0,,,,,0,,,0,0,,0,0,0,,,0,0,100.0,9,9,0,0.0,0,0.0,0,,0,0,0,,,,,0,,,0,0,,0,0,0,,,0,0,100.0,27,27,0,0.0,0,0.0,0,,0,0,0,,,,,0,,,0,0,,0,0,0,,,0,0,,0,0,0,,0,0.0,0,0.0,0,0,0,,,
Jeffery Simmons,43742,DI,TEN,1,1,,0,,,0,0,,0,0,0,,,0,0,,0,0,0,,0,0.0,0,0.0,0,0,0,,,,,0,,,0,0,,0,0,0,,,0,0,,0,0,0,,0,0.0,0,,0,0,0,,,,,0,,,0,0,,0,0,0,,,0,0,,0,0,0,,0,0.0,0,,0,0,0,,,,,0,,,0,0,,0,0,0,,,0,0,,0,0,0,,0,0.0,0,,0,0,0,,,,9.0,0,100.0,,0,0,0.0,0,1,0,64.7,81.5,0,1,0.0,0,1,1,100.0,1,118.8,1,100.0,1,1,0,0.0,1.0,1.0,0,,0,,,0,0,,0,0,0,,,0,0,,0,0,0,,0,0.0,0,0.0,0,0,0,,,,31,,0,,,0,0,,0,0,0,,,0,0,,0,0,0,,0,0.0,0,,0,0,0,,,,,0,,,0,0,,0,0,0,,,0,0,,0,0,0,,0,0.0,0,,0,0,0,,,,,0,,,0,0,,0,0,0,,,0,0,,0,0,0,,0,0.0,0,,0,0,0,,,,,0,,,0,0,,0,0,0,,,0,0,,0,0,0,,0,0.0,0,,0,0,0,,,,,0,,,0,0,,0,0,0,,,0,0,,0,0,0,,0,0.0,0,0.0,0,0,0,,,,0,,0,,,0,0,,0,0,0,,,0,0,,0,0,0,,0,0.0,0,,0,0,0,,,,,0,,,0,0,,0,0,0,,,0,0,,0,0,0,,0,0.0,0,,0,0,0,,,,,0,,,0,0,,0,0,0,,,0,0,,0,0,0,,0,0.0,0,,0,0,0,,,,,0,,,0,0,,0,0,0,,,0,0,,0,0,0,,0,0.0,0,,0,0,0,,,,9.0,0,100.0,,0,0,0.0,0,1,0,64.7,81.5,0,1,0.0,0,1,1,100.0,1,118.8,1,100.0,1,1,0,0.0,1.0,1.0
Quinn Ewers,127253,QB,MIA,4,1,-6.0,0,100.0,100.0,1,1,0.0,0,0,0,,,0,-6,0.0,0,1,1,0.0,0,79.2,1,100.0,0,-6,0,0.0,-6.0,,-6.0,0,100.0,100.0,1,1,0.0,0,0,0,,,0,-6,0.0,0,12,1,0.0,0,79.2,1,,0,-6,0,0.0,-6.0,,,0,,,0,0,,0,0,0,,,0,0,0.0,0,4,0,0.0,0,0.0,0,,0,0,0,,,,,0,,,0,0,,0,0,0,,,0,0,0.0,0,13,0,0.0,0,0.0,0,,0,0,0,,,,,0,,,0,0,,0,0,0,,,0,0,0.0,0,15,0,0.0,0,0.0,0,,0,0,0,,,,0,,0,,,0,0,,0,0,0,,,0,0,,0,0,0,,0,0.0,0,0.0,0,0,0,,,,17,,0,,,0,0,,0,0,0,,,0,0,0.0,0,4,0,0.0,0,0.0,0,,0,0,0,,,,,0,,,0,0,,0,0,0,,,0,0,0.0,0,2,0,0.0,0,0.0,0,,0,0,0,,,,,0,,,0,0,,0,0,0,,,0,0,0.0,0,3,0,0.0,0,0.0,0,,0,0,0,,,,,0,,,0,0,,0,0,0,,,0,0,0.0,0,8,0,0.0,0,0.0,0,,0,0,0,,,,,0,,,0,0,,0,0,0,,,0,0,,0,0,0,,0,0.0,0,0.0,0,0,0,,,,0,,0,,,0,0,,0,0,0,,,0,0,0.0,0,3,0,0.0,0,0.0,0,,0,0,0,,,,,0,,,0,0,,0,0,0,,,0,0,0.0,0,5,0,0.0,0,0.0,0,,0,0,0,,,,,0,,,0,0,,0,0,0,,,0,0,0.0,0,8,0,0.0,0,0.0,0,,0,0,0,,,,,0,,,0,0,,0,0,0,,,0,0,0.0,0,6,0,0.0,0,0.0,0,,0,0,0,,,,,0,,,0,0,,0,0,0,,,0,0,,0,0,0,,0,0.0,0,0.0,0,0,0,,,
