player,player_id,position,team_name,player_game_count,assists,declined_penalties,franchise_id,grades_fgep_defense,grades_fgep_kicker,grades_fgep_offense,grades_kick_return,grades_kickoff_kicker,grades_long_snap,grades_misc_st,grades_punt_return,grades_punter,grades_special_teams_penalty,missed_tackles,penalties,snap_counts_field_goal,snap_counts_field_goal_blocking,snap_counts_kickoff,snap_counts_kickoff_return,snap_counts_punt_coverage,snap_counts_punt_return,tackles
Matt Prater,3471,K,BUF,17,2,0,4,,73.9,,,9.8,,61.0,,,63.5,0,1,81,0,84,0,0,0,0
Nick Folk,3794,K,NYJ,16,0,0,22,,91.3,,,13.0,,60.7,,,62.7,0,0,52,0,30,0,0,0,1
Calais Campbell,4364,DI,ARZ,17,0,0,1,86.4,,63.3,,,,90.5,,,30.5,0,1,43,95,0,0,0,6,0
JJ Jansen,4712,LS,CAR,18,0,0,5,,,84.7,,,54.3,63.8,,,68.0,0,0,65,0,0,0,59,0,0
Thomas Morstead,5088,P,SF,19,0,0,28,,,63.2,,60.0,,63.7,,54.8,75.3,1,0,88,0,8,0,49,0,0
Graham Gano,5443,K,NYG,5,0,0,21,,68.0,,,48.3,,60.3,,,62.0,0,0,19,0,11,0,0,0,0
Brandon Graham,5538,ED,PHI,9,0,0,24,59.7,,,,,,61.9,,,67.7,0,0,0,30,0,0,0,5,0
Jon Weeks,5800,LS,SF,19,0,0,28,,,90.4,,,82.3,78.5,,,67.2,0,0,88,0,0,0,49,0,1
Morgan Cox,6020,LS,TEN,17,1,0,31,,,63.7,,,52.8,64.9,,,68.6,0,0,65,0,0,0,78,0,0
Von Miller,6154,ED,WAS,2,0,0,32,,,,,,,59.7,,,66.5,0,0,0,0,0,0,0,2,0
Cameron Jordan,6176,ED,NO,10,0,0,20,60.0,,,,,,61.9,,,70.9,0,0,0,40,0,0,0,0,0
Cameron Heyward,6183,DI,PIT,18,0,0,25,57.7,,62.8,,,,56.4,,,48.2,0,1,78,48,0,0,0,7,0
Nick Bellore,6515,LB,WAS,16,1,1,32,59.5,,,,,,80.2,,,61.9,3,1,0,78,71,91,54,43,10
Jake McQuaide,6586,LS,LA,12,0,0,26,,,51.4,,,11.6,43.1,,,29.1,1,1,67,0,0,0,41,0,0
Kevin Zeitler,7032,G,TEN,16,0,0,31,,,67.3,,,,64.2,,,75.7,0,0,55,0,0,0,0,0,0
Bobby Wagner,7050,LB,WAS,17,0,0,32,60.0,,,,,,61.3,,,66.2,0,0,0,85,0,1,0,2,0
Bryan Anger,7072,P,DAL,17,0,0,9,,,63.2,,,,63.8,,68.7,75.8,0,1,91,0,0,0,42,0,0
Demario Davis,7079,LB,NO,1,0,0,20,,,,,,,60.0,,,90.6,0,0,0,0,0,0,0,0,0
Kelvin Beachum,7229,T,ARZ,10,0,0,1,,,64.5,,,,62.9,,,72.8,0,0,41,0,0,0,0,0,0
Johnny Hekker,7252,P,TEN,17,1,0,31,,,62.6,,60.0,,65.1,,64.5,73.0,0,2,65,0,4,0,78,0,3
Aaron Brewer,7301,LS,ARZ,17,0,0,1,,,72.5,,,40.5,60.2,,,67.8,1,0,69,0,0,0,61,0,1
Charley Hughlett,7336,LS,PHI,9,0,0,24,,,82.2,,,18.5,49.4,,,28.4,1,1,37,0,0,0,36,0,1
Andrew DePaola,7633,LS,MIN,17,1,0,18,,,89.6,,,79.6,76.9,,,68.0,0,0,67,0,0,0,65,0,0
Greg Van Roten,7746,G,NYG,12,0,0,21,,,64.4,,,,62.6,,,69.3,0,0,43,0,0,0,0,0,0
Josh Harris,7748,LS,LAC,9,0,0,27,,,75.8,,,77.4,69.4,,,66.9,1,0,36,0,0,0,41,0,0
Zach Ertz,7816,TE,WAS,1,0,0,32,,,,,,,60.0,,,62.9,0,0,0,0,0,1,0,0,0
Darius Slay,7817,CB,PIT,4,0,0,25,60.3,,,,,,61.3,,,71.5,0,0,0,10,0,0,0,4,0
Keenan Allen,7857,WR,LAC,1,0,0,27,,,,61.2,,,60.0,,,61.5,0,0,0,0,0,1,0,0,0
John Jenkins,7863,DI,BLT,12,0,0,3,57.7,,,,,,59.7,,,73.2,0,0,0,33,0,0,0,8,0
Kyle Juszczyk,7912,FB,SF,17,0,0,28,,,,61.2,,,59.2,,,66.5,0,0,0,0,0,3,46,0,0
Sam Martin,7947,P,CAR,18,0,0,5,,,62.6,,60.0,,63.8,,77.2,73.2,0,3,65,0,9,0,59,0,1
David Quessenberry,7957,T,LA,16,0,0,26,,,66.2,,,,63.0,,,66.5,0,0,88,0,0,0,0,0,0
Jordan Poyer,8000,S,BUF,9,0,0,4,60.0,,,,,,64.2,,,66.9,0,0,0,2,41,0,0,0,3
Adam Thielen,8288,WR,PIT,2,0,0,25,,,,,,,60.0,,,63.5,0,0,0,0,1,1,0,0,0
Tress Way,8358,P,WAS,17,0,0,32,,,62.6,,,,63.3,,44.0,73.2,0,0,64,0,0,0,57,0,0
Tony Jefferson,8361,S,LAC,10,0,0,27,59.7,,,,,,75.9,,,68.8,0,0,0,2,27,0,0,6,4
Brandon McManus,8437,K,GB,15,0,0,12,,63.5,,,11.6,,60.9,,,63.4,0,1,69,0,75,0,0,0,1
James Winchester,8580,LS,KC,17,0,0,16,,,90.0,,,75.7,78.3,,,67.6,0,0,73,0,0,0,56,0,2
Khalil Mack,8640,ED,LAC,2,0,0,27,59.4,,,,,,59.7,,,63.8,0,0,0,2,0,0,0,0,0
Jake Matthews,8641,T,ATL,17,0,0,2,,,25.1,,,,31.7,,,70.8,0,0,71,0,0,0,0,0,0
DeMarcus Lawrence,8669,ED,SEA,17,0,0,29,58.2,,,,,,59.3,,,73.2,0,0,0,52,0,0,0,0,0
Joel Bitonio,8670,G,CLV,17,0,0,8,,,62.1,,,,61.8,,,66.4,0,0,51,0,0,0,0,0,0
Kyle Van Noy,8675,ED,BLT,1,0,0,3,59.8,,,,,,60.0,,,63.1,0,0,0,1,0,0,0,0,0
Davante Adams,8688,WR,LA,2,0,0,26,,,,,,,59.4,,,62.0,0,0,0,0,0,2,0,0,0
Morgan Moses,8701,T,NE,3,0,0,19,,,60.3,,,,60.8,,,62.1,0,0,10,0,0,0,0,0,0
DaQuan Jones,8747,DI,BUF,13,0,0,4,57.8,,,,,,60.9,,,76.9,0,0,0,54,0,0,0,13,0
Brent Urban,8769,DI,BLT,15,0,0,3,57.4,,61.1,,,,59.5,,,75.3,0,0,28,63,0,0,0,9,0
Pat O'Donnell,8826,P,ARZ,5,0,0,1,,,60.5,,,,61.9,,60.3,69.6,0,0,20,0,0,0,13,0,0
Shelby Harris,8869,DI,CLV,17,0,0,8,67.8,,,,,,75.6,,,78.2,0,1,0,75,0,0,0,14,0
Cairo Santos,8932,K,CHI,17,0,0,6,,82.6,,,12.7,,61.0,,,63.6,2,4,78,0,93,0,0,0,0
Casey Kreiter,8959,LS,NYG,17,0,0,21,,,81.0,,,60.3,65.9,,,67.8,0,0,68,0,0,0,59,0,0
Denico Autry,8982,DI,HST,14,0,0,13,90.1,,,,,,90.9,,,28.1,0,1,0,50,0,0,0,2,0
Chris Boswell,8990,K,PIT,18,0,0,25,,92.5,,,14.4,,61.0,,,63.6,0,3,78,0,92,0,0,0,1
Cornelius Lucas,9025,T,CLV,10,0,0,8,,,61.3,,,,61.5,,,65.6,0,0,31,0,0,0,0,0,0
Tyler Ott,9174,LS,WAS,16,0,0,32,,,83.5,,,81.1,68.4,,,29.5,0,1,60,0,0,0,53,0,0
C.J. Goodwin,9243,CB,DAL,17,3,0,9,58.6,,,,,,65.0,,,36.3,4,3,0,87,102,104,41,54,13
Mike Pennel,9316,DI,KC,10,0,0,16,57.8,,,,,,58.1,,,70.7,0,0,0,50,0,0,0,0,0
Leonard Williams,9439,DI,SEA,18,0,0,29,57.5,,,,,,49.8,,,28.8,0,1,0,61,0,0,0,0,0
Andrus Peat,9446,T,PIT,2,0,0,25,,,60.6,,,,61.1,,,64.3,0,0,8,0,0,0,0,0,0
Arik Armstead,9450,DI,JAX,5,0,0,15,,,,,,,64.9,,,70.5,0,0,0,0,0,0,0,7,0
Bud Dupree,9455,ED,LAC,16,0,0,27,58.8,,,,,,63.3,,,70.6,0,0,0,54,22,0,0,8,0
D.J. Humphries,9457,T,LA,6,0,0,26,,,63.9,,,,61.9,,,62.1,0,0,37,0,0,0,0,0,0
Shaq Thompson,9458,LB,BUF,13,0,0,4,59.9,,,,,,39.1,,,26.6,1,2,0,30,20,15,1,4,2
Laken Tomlinson,9461,G,HST,10,0,0,13,,,65.6,,,,62.5,,,62.8,0,0,44,0,0,0,0,0,0
Mario Edwards Jr.,9468,DI,HST,14,0,0,13,58.2,,,,,,59.2,,,71.5,0,0,0,45,0,0,0,1,0
Eddie Goldman,9472,DI,WAS,1,0,0,32,60.0,,,,,,60.0,,,62.9,0,0,0,1,0,0,0,0,0
Eric Kendricks,9478,LB,SF,5,0,0,28,60.0,,,,,,49.4,,,69.1,0,0,0,12,18,17,0,5,0
Denzel Perryman,9481,LB,LAC,1,0,0,27,60.0,,,,,,60.9,,,64.5,0,0,0,5,0,0,0,1,0
Jordan Phillips,9485,DI,BUF,8,0,0,4,57.9,,,,,,58.7,,,70.4,0,0,0,27,0,0,0,2,0
Ameer Abdullah,9487,HB,IND,13,0,0,14,,,,71.9,,,56.3,,,70.5,0,0,0,0,64,60,5,6,5
Rob Havenstein,9490,T,LA,3,0,0,26,,,25.9,,,,29.2,,,69.9,0,0,16,0,0,0,0,0,0
Danielle Hunter,9521,ED,HST,8,0,0,13,,,,,,,65.1,,,68.9,0,0,0,0,0,0,0,8,0
Grady Jarrett,9570,DI,CHI,12,0,0,6,59.6,,,,,,67.8,,,73.6,0,0,0,1,0,0,0,16,0
Stefon Diggs,9579,WR,NE,3,0,0,19,,,,61.2,,,59.4,,,64.7,0,0,0,0,0,3,0,0,0
Bradley Pinion,9598,P,ATL,17,0,0,2,,,62.8,,22.9,,63.9,,75.9,72.8,2,0,73,0,41,0,64,0,1
Joe Cardona,9599,LS,MIA,17,1,0,17,,,29.9,,,0.0,59.9,,,67.9,0,0,64,0,0,0,63,0,4
Quandre Diggs,9633,S,SEA,1,0,0,29,,,,,,,51.4,,,67.9,0,0,0,0,1,0,0,3,0
Darren Waller,9637,TE,MIA,2,0,0,17,,,,61.2,,,60.0,,,62.3,0,0,0,0,0,2,0,0,0
Rakeem Nunez-Roches,9650,DI,NYG,9,0,0,21,57.9,,,,,,60.4,,,76.2,0,0,0,44,0,0,0,10,0
Bobby Hart,9659,T,LAC,10,0,1,27,,,66.4,,,,56.0,,,26.4,0,1,46,0,0,0,0,0,0
Trent Brown,9677,T,HST,8,0,0,13,,,64.5,,,,62.9,,,72.6,0,0,38,0,0,0,0,0,0
Raheem Mostert,9783,HB,LV,12,0,0,23,,,,78.8,,,58.3,,,63.3,0,0,0,0,0,61,1,0,0
Neville Hewitt,9836,LB,NYG,15,3,0,21,60.0,,,,,,75.5,,,79.1,1,1,0,62,74,79,50,46,8
DeAndre Carter,9859,WR,CLV,4,0,0,8,,,,57.9,,,60.6,59.6,,63.5,0,0,0,0,0,15,0,16,0
Rick Lovato,10007,LS,LAC,9,0,0,27,,,26.4,,,0.0,28.4,,,65.9,1,0,44,0,0,0,25,0,0
Kendall Lamm,10017,T,MIA,13,0,0,17,,,65.2,,,,63.2,,,73.5,0,0,52,0,0,0,0,0,0
Jason Myers,10207,K,SEA,19,0,0,29,,90.5,,,8.5,,61.1,,,64.0,2,4,110,0,117,0,0,0,1
Chris Manhertz,10211,TE,NYG,17,0,0,21,,,64.3,,,,89.9,,,74.1,1,0,68,0,0,90,59,0,1
Joey Bosa,10637,ED,BUF,7,0,0,4,,,,,,,66.5,,,70.3,0,0,0,0,0,0,0,11,0
Jalen Ramsey,10639,S,PIT,18,0,0,25,59.0,,,,,,54.4,,,35.7,0,1,0,76,0,0,0,9,0
DeForest Buckner,10641,DI,IND,4,0,0,14,,,,,,,63.4,,,68.6,0,0,0,0,0,0,0,5,0
Jack Conklin,10642,T,CLV,7,0,0,8,,,62.4,,,,62.0,,,70.1,0,0,19,0,0,0,0,0,0
Eli Apple,10644,CB,SF,2,0,0,28,,,,,,,62.7,,,67.8,0,0,0,0,10,1,0,3,0
Sheldon Rankins,10646,DI,HST,7,0,0,13,59.4,,,,,,64.3,,,71.2,0,0,0,1,0,0,0,7,0
Laremy Tunsil,10647,T,WAS,12,0,0,32,,,64.9,,,,62.2,,,62.5,0,0,47,0,0,0,0,0,0
Laquon Treadwell,10657,WR,IND,10,2,0,14,,,,,,,71.0,,,74.8,2,0,0,0,52,62,1,26,6
Kenny Clark,10661,DI,DAL,7,0,0,9,59.6,,,,,,61.6,,,69.1,0,0,0,40,0,0,0,3,0
Emmanuel Ogbah,10666,ED,JAX,3,0,0,15,59.4,,,,,,60.4,,,65.7,0,0,0,2,0,0,0,1,0
Hunter Henry,10669,TE,NE,6,0,0,19,,,60.0,,,,59.5,,,62.5,0,0,7,0,0,3,0,0,0
Xavien Howard,10672,CB,IND,2,0,0,14,,,,,,,60.0,,,67.7,0,0,0,0,0,0,0,2,0
Austin Johnson,10677,DI,JAX,12,0,0,15,57.2,,,,,,57.3,,,71.3,0,0,0,45,0,0,0,0,0
A'Shawn Robinson,10680,DI,CAR,17,0,0,5,57.4,,,,,,50.6,,,29.1,0,1,0,70,0,0,0,4,0
Jarran Reed,10683,DI,SEA,12,0,0,29,57.9,,,,,,58.7,,,73.2,0,0,0,43,0,0,0,0,0
Deion Jones,10686,LB,TB,17,1,0,30,59.5,,,,,,62.6,,,76.5,2,0,0,76,84,19,55,35,11
Adam Gotsis,10697,DI,TB,2,0,0,30,59.0,,,,,,59.4,,,66.3,0,0,0,7,0,0,0,0,0
Kevin Byard,10698,S,CHI,1,0,0,6,60.0,,,,,,60.0,,,60.8,0,0,0,1,0,0,0,0,0
Maliek Collins,10701,DI,CLV,12,0,0,8,58.0,,,,,,60.5,,,75.0,0,0,0,53,0,0,0,9,0
Joe Thuney,10712,G,CHI,2,0,0,6,,,60.0,,,,60.7,,,64.1,0,0,10,0,0,0,0,0,0
Isaac Seumalo,10713,G,PIT,1,0,0,25,,,60.0,,,,60.0,,,62.5,0,0,1,0,0,0,0,0,0
Austin Hooper,10715,TE,NE,19,0,0,19,,,65.8,61.2,,,60.4,,,62.9,0,0,93,0,0,8,0,0,0
Nick Vannett,10728,TE,LA,11,0,0,26,,,61.3,,,,50.7,,,71.4,0,0,14,0,0,50,16,6,0
Graham Glasgow,10729,C,DET,7,0,0,11,,,62.9,,,,62.0,,,67.9,0,0,23,0,0,0,0,0,0
Sheldon Day,10737,DI,WAS,5,0,0,32,59.3,,,,,,60.2,,,67.1,0,0,0,21,0,0,0,0,0
Eric Murray,10740,S,JAX,5,0,0,15,60.0,,,,,,66.1,,,66.5,0,0,0,2,17,1,0,4,1
Chris Moore,10741,WR,WAS,10,0,0,32,,,,64.4,,,66.2,,,70.4,1,0,0,0,19,35,1,12,3
Tyler Higbee,10744,TE,LA,5,0,0,26,,,,,,,59.5,,,67.0,0,0,0,0,0,5,2,0,0
Miles Killebrew,10745,S,PIT,5,2,0,25,59.8,,,,,,68.2,,,73.0,1,0,0,6,24,22,16,12,3
David Onyemata,10754,DI,ATL,16,0,0,2,56.8,,,,,,57.5,,,75.0,0,0,0,66,0,0,0,3,0
Andrew Billings,10756,DI,CHI,19,0,0,6,56.3,,,,,,56.4,,,75.2,0,0,0,77,0,0,0,3,0
Demarcus Robinson,10760,WR,SF,1,0,0,28,,,,,,,60.0,,,62.9,0,0,0,0,0,1,0,0,0
Dak Prescott,10769,QB,DAL,1,0,0,9,,,,,,,60.0,,,62.5,0,0,0,0,0,0,0,0,0
Matthew Judon,10780,ED,BUF,14,0,0,4,59.7,,,,,,51.1,,,27.7,1,2,0,45,45,0,0,25,2
Tyreek Hill,10799,WR,MIA,1,0,0,17,,,,,,,60.0,61.6,,62.8,0,0,0,0,0,0,0,2,0
DJ Reader,10800,DI,DET,5,0,0,11,58.4,,,,,,60.0,,,70.0,0,0,0,10,0,0,0,4,0
Ted Karras,10855,C,CIN,16,0,0,7,,,68.3,,,,64.7,,,77.1,0,0,73,0,0,0,0,0,0
Riley Dixon,10862,P,TB,17,0,0,30,,,62.8,,,,63.5,,56.4,73.8,1,0,73,0,0,0,65,0,0
Jalen Mills,10867,S,DET,6,2,0,11,59.9,,,,,,74.0,,,72.3,0,0,0,7,19,5,0,12,1
Luke Rhodes,10940,LS,IND,17,0,0,14,,,84.3,,,33.9,66.9,,,67.2,1,0,82,0,0,1,45,0,3
Reid Ferguson,10965,LS,BUF,19,0,0,4,,,85.2,,,73.7,62.3,,,29.9,0,2,86,0,0,0,54,0,0
Kalif Raymond,11028,WR,DET,15,0,0,11,,,,64.4,,,65.9,73.4,,65.8,0,0,0,0,0,24,0,60,0
Wil Lutz,11096,K,DEN,19,0,0,10,,84.1,,,9.5,,61.0,,,63.7,1,2,81,0,97,0,0,0,0
Jake Brendel,11117,C,SF,2,0,0,28,,,60.0,,,,60.6,,,64.1,0,0,6,0,0,0,0,0,0
Ka'imi Fairbairn,11161,K,HST,17,0,0,13,,90.8,,,6.6,,61.0,,,63.7,0,2,85,0,97,0,0,0,0
Jonathan Jones,11217,CB,WAS,7,1,0,32,59.5,,,,,,53.9,,,27.7,0,1,0,5,16,1,0,17,1
George Fant,11282,T,WAS,4,0,0,32,,,62.9,,,,62.2,,,70.8,0,0,23,0,0,0,0,0,0
Roy Robertson-Harris,11341,DI,NYG,17,0,0,21,56.3,,,,,,56.2,,,76.1,0,0,0,83,0,0,0,0,0
C.J. Ham,11347,FB,MIN,11,3,0,18,,,,,,,70.5,,,78.7,0,0,0,0,53,50,38,41,6
Antonio Hamilton Sr.,11353,CB,WAS,15,1,0,32,,,,,,,75.7,60.0,,79.6,4,0,0,0,70,74,4,35,4
Zach Wood,11414,LS,NO,17,1,0,20,,,85.7,,,66.7,75.6,,,67.7,0,0,64,0,0,0,58,0,1
Lucas Patrick,11435,G,CIN,4,0,0,7,,,60.2,,,,60.9,,,64.5,0,0,15,0,0,0,0,0,0
Zach Triner,11518,LS,WAS,1,0,0,32,,,60.0,,,77.9,64.2,,,63.5,0,0,4,0,0,0,4,0,0
Myles Garrett,11756,ED,CLV,17,0,0,8,58.3,,,,,,60.9,,,74.4,0,0,0,75,0,0,0,10,0
Solomon Thomas,11758,DI,DAL,16,0,0,9,56.3,,,,,,56.3,,,75.1,0,0,0,84,0,0,0,1,0
Christian McCaffrey,11763,HB,SF,2,0,0,28,,,,,,,59.6,,,61.1,0,0,0,0,0,3,0,0,0
Marshon Lattimore,11766,CB,WAS,1,0,0,32,,,,,,,60.0,,,66.3,0,0,0,0,0,0,0,1,0
Haason Reddick,11768,ED,TB,1,0,0,30,,,,,,,60.0,,,65.2,0,0,0,0,0,0,0,1,0
Derek Barnett,11769,ED,HST,14,0,0,13,58.6,,,,,,47.2,,,26.8,0,1,0,39,0,0,0,1,0
Malik Hooker,11770,S,DAL,1,0,0,9,59.9,,,,,,60.0,,,61.6,0,0,0,2,0,0,0,0,0
Marlon Humphrey,11771,CB,BLT,2,0,0,3,60.0,,,,,,60.1,,,64.2,0,0,0,2,0,0,0,0,0
Jonathan Allen,11772,DI,MIN,2,0,0,18,59.0,,,,,,60.5,,,67.8,0,0,0,5,0,0,0,2,0
Adoree' Jackson,11773,CB,PHI,7,0,0,24,,,,,,,59.9,,,72.0,0,0,0,0,0,0,0,8,0
Garett Bolles,11775,T,DEN,14,0,0,10,,,64.7,,,,62.8,,,69.7,0,0,47,0,0,0,0,0,0
Jabrill Peppers,11780,S,PIT,15,3,0,25,59.8,,,,,,63.9,,,42.7,0,2,0,32,62,56,41,37,5
Tre'Davious White,11782,CB,BUF,8,0,0,4,60.0,,,,,,60.2,,,75.0,0,0,0,1,0,0,0,14,0
T.J. Watt,11785,ED,PIT,13,0,0,25,60.0,,,,,,61.5,,,67.1,0,0,0,25,0,0,0,5,0
Cam Robinson,11789,T,CLV,16,0,0,8,,,64.3,,,,62.1,,,63.7,0,0,46,0,0,0,0,0,0
Budda Baker,11791,S,ARZ,16,0,0,1,59.1,,,,,,63.5,,,79.4,0,0,0,85,1,0,0,7,0
Marcus Maye,11794,S,LAC,1,0,0,27,,,,,,,60.2,,,63.1,0,0,0,0,0,2,0,1,0
Curtis Samuel,11795,WR,BUF,6,0,0,4,,,,58.5,,,55.0,,,62.1,0,0,0,0,0,26,0,0,0
Marcus Williams,11797,S,LAC,3,0,0,27,,,,,,,49.4,,,64.8,0,0,0,0,2,0,0,1,0
Dalvin Tomlinson,11810,DI,ARZ,7,0,0,1,59.8,,,,,,62.1,,,69.0,0,0,0,18,0,0,0,5,0
Zach Cunningham,11812,LB,DET,4,1,0,11,,,,,,,59.0,,,32.5,0,1,0,0,24,16,13,12,1
Ethan Pocic,11813,C,CLV,5,0,0,8,,,60.0,,,,60.8,,,64.3,0,0,9,0,0,0,0,0,0
Tanoh Kpassagnon,11814,ED,CHI,4,0,0,6,59.1,,,,,,59.8,,,67.3,0,0,0,19,0,0,0,0,0
Chidobe Awuzie,11815,CB,BLT,1,0,0,3,60.0,,,,,,60.0,,,64.8,0,0,0,1,0,0,0,0,0
Dion Dawkins,11818,T,BUF,17,0,0,4,,,66.0,,,,63.5,,,71.3,0,0,78,0,0,0,0,0,0
Taylor Moton,11819,T,CAR,17,0,0,5,,,65.5,,,,63.4,,,74.0,0,0,58,0,0,0,0,0,0
Larry Ogunjobi,11820,DI,BUF,2,0,0,4,59.1,,,,,,60.2,,,66.5,0,0,0,2,0,0,0,1,0
Ahkello Witherspoon,11821,CB,LA,4,0,0,26,60.0,,,,,,60.4,,,71.4,0,0,0,3,0,0,0,7,0
Dawuane Smoot,11823,ED,JAX,10,0,0,15,58.7,,,,,,45.5,,,26.1,0,1,0,20,0,0,0,7,0
Cooper Kupp,11824,WR,SEA,2,0,0,29,,,,,,,59.4,,,62.0,0,0,0,0,0,2,0,0,0
Dan Feeney,11826,G,TB,12,0,0,30,,,23.8,,,,29.4,,,74.4,0,0,43,0,0,0,0,0,0
Chris Wormley,11829,DI,IND,3,0,0,14,,,60.0,,,,60.9,,,64.3,0,0,13,0,0,0,0,0,0
Alex Anzalone,11831,LB,DET,6,0,0,11,,,,,,,64.2,,,68.5,0,0,0,0,5,1,0,5,0
Fabian Moreau,11836,CB,MIN,2,0,0,18,60.0,,,,,,60.0,,,64.4,0,0,0,2,0,0,0,0,0
Shaquill Griffin,11845,CB,SEA,1,0,0,29,,,,,,,60.0,,,90.6,0,0,0,0,0,0,0,0,0
Jourdan Lewis,11846,CB,JAX,5,0,0,15,,,,,,,62.8,,,69.6,0,0,0,0,1,0,0,7,0
Rasul Douglas,11854,CB,MIA,5,0,0,17,60.3,,,,,,55.4,,,74.6,0,0,0,9,1,0,0,3,0
Jonnu Smith,11855,TE,PIT,3,0,0,25,,,,,,,59.8,,,62.9,0,0,0,0,0,4,0,0,0
Trey Hendrickson,11858,ED,CIN,1,0,0,7,,,,,,,60.0,,,64.4,0,0,0,0,0,0,0,1,0
Rayshawn Jenkins,11868,S,CLV,17,5,0,8,60.0,,,,,,90.1,,,74.0,4,0,0,2,66,72,75,21,10
Samaje Perine,11869,HB,CIN,15,5,0,7,,,,72.0,,,71.8,,,70.3,2,0,0,0,65,45,53,5,2
Carl Lawson,11871,ED,BLT,1,0,0,3,,,,,,,60.2,,,67.9,0,0,0,0,0,0,0,2,0
Mack Hollins,11873,WR,NE,9,0,0,19,,,,,,,63.5,,,69.2,1,0,0,0,0,39,1,5,0
Jalen Reeves-Maybin,11879,LB,CHI,5,0,0,6,59.9,,,,,,63.2,,,74.0,0,0,0,9,28,19,14,22,2
Samson Ebukam,11880,ED,IND,2,0,0,14,,,,,,,60.0,,,66.0,0,0,0,0,0,0,0,2,0
David Sharpe,11884,T,LAC,1,0,0,27,,,60.0,,,,60.6,,,63.8,0,0,8,0,0,0,0,0,0
Deatrich Wise Jr.,11886,ED,WAS,2,0,0,32,59.4,,,,,,59.8,,,64.7,0,0,0,4,0,0,0,0,0
Carlos Watkins,11897,DI,TEN,1,0,0,31,,,,,,,61.7,,,62.9,0,0,0,0,2,0,0,0,0
Grover Stewart,11899,DI,IND,16,0,0,14,68.5,,66.2,,,,75.5,,,77.1,0,0,43,73,0,0,0,5,0
Damontae Kazee,11904,S,CLV,4,0,0,8,59.5,,,,,,56.9,,,71.6,0,0,0,9,1,6,2,18,0
Jake Elliott,11908,K,PHI,18,0,0,24,,57.4,,,8.9,,61.0,,,63.6,0,1,74,0,87,0,0,0,0
Jermaine Eluemunor,11914,T,NYG,6,0,0,21,,,62.7,,,,62.1,,,70.5,0,0,21,0,0,0,0,0,0
Anthony Walker Jr.,11916,LB,TB,2,0,0,30,,,,,,,50.6,,,68.2,0,0,0,0,4,6,0,4,0
Jeremy McNichols,11917,HB,WAS,11,0,0,32,,,,55.8,,,62.6,,,69.3,0,0,0,0,1,37,5,16,0
Matt Milano,11918,LB,BUF,5,0,0,4,,,,,,,64.4,,,67.8,0,0,0,0,0,0,0,7,0
Jamal Agnew,11920,WR,ATL,11,0,0,2,,,,74.5,,,59.3,51.4,,64.6,0,0,0,0,0,60,0,36,0
Eric Saubert,11929,TE,SEA,13,3,0,29,,,,,,,72.0,,,27.9,0,2,0,0,77,58,45,5,8
Davon Godchaux,11934,DI,NO,4,0,0,20,58.2,,,,,,43.0,,,25.4,0,1,0,19,0,0,0,0,0
Chuck Clark,11941,S,PIT,16,2,0,25,59.9,,,,,,67.9,,,80.0,0,0,0,33,76,53,1,38,3
Xavier Woods,11946,S,TEN,3,0,0,31,,,,,,,60.1,,,62.8,0,0,0,0,4,0,0,0,0
Al-Quadin Muhammad,11951,ED,DET,11,0,0,11,59.1,,,,,,65.4,,,68.6,1,0,0,11,38,0,0,3,2
D.J. Jones,11953,DI,DEN,18,0,0,10,59.1,,,,,,60.4,,,70.1,0,0,0,71,0,0,0,0,0
Corey Levin,11972,C,TEN,15,0,0,31,,,62.3,,,,61.9,,,66.6,0,0,58,0,0,0,0,0,0
Zane Gonzalez,11979,K,ATL,9,0,0,2,,92.1,,,0.0,,43.3,,,27.0,1,4,41,0,38,0,0,0,0
David Moore,11981,WR,CAR,3,0,0,5,,,,,,,59.9,61.1,,62.2,0,0,0,0,0,2,0,3,0
Harrison Butker,11988,K,KC,17,1,0,16,,68.6,,,5.2,,61.0,,,63.6,1,2,73,0,87,0,0,0,1
Patrick O'Connor,12005,ED,DET,8,2,0,11,58.4,,61.4,,,,60.4,,,72.2,2,0,32,30,46,34,0,1,4
Michael Davis,12040,CB,NO,11,1,0,20,,,,,,,60.0,,,61.2,2,1,0,0,46,0,33,34,2
Younghoe Koo,12042,K,NYG,6,1,0,21,,46.4,,,27.8,,60.5,,,62.4,1,1,24,0,25,0,0,0,2
Mo Alie-Cox,12078,TE,IND,17,0,0,14,,,65.6,,,,86.2,,,71.8,1,0,82,0,0,91,35,0,1
Tim Patrick,12087,WR,JAX,7,0,0,15,,,,,,,33.2,,,25.0,0,1,0,0,0,22,0,3,0
Josh Tupou,12093,DI,BLT,1,0,0,3,59.0,,,,,,59.2,,,64.5,0,0,0,4,0,0,0,0,0
Taysom Hill,12112,TE,NO,13,0,0,20,,,,,,,46.1,,,64.0,1,0,0,0,0,6,40,0,0
Thomas Hennessy,12124,LS,NYJ,17,0,0,22,,,63.6,,,64.4,70.5,,,68.4,0,0,52,0,0,0,71,0,2
Rigoberto Sanchez,12130,P,IND,17,0,0,14,,,63.0,,39.7,,63.6,,76.7,74.6,0,3,82,0,9,0,45,0,0
Robert Tonyan,12193,TE,KC,16,0,0,16,,,60.0,,,,50.2,,,67.6,1,0,4,0,31,69,4,0,1
Johnny Mundt,12206,TE,JAX,15,0,0,15,,,63.7,,,,52.3,,,66.2,2,0,30,0,0,44,2,0,0
Matt Haack,12212,P,ARZ,7,0,0,1,,,61.1,,,,62.3,,74.8,70.2,1,0,28,0,1,0,25,0,0
Adam Butler,12214,DI,LV,15,0,0,23,57.0,,60.8,,,,57.6,,,74.4,0,0,12,63,0,0,0,0,0
Arthur Maulet,12224,CB,DET,9,0,0,11,59.4,,,,,,34.5,,,78.9,0,0,0,18,26,1,0,35,2
Pharaoh Brown,12247,TE,ARZ,7,1,0,1,,,,,,,63.4,,,70.2,0,0,0,0,3,49,19,5,0
Cameron Johnston,12255,P,NYG,4,0,0,21,,,60.7,,,,62.0,,54.8,70.2,1,0,22,0,0,0,13,0,0
Dan Skipper,12307,T,DET,12,0,0,11,,,62.4,,,,61.9,,,66.7,0,0,60,0,0,0,0,0,0
Dare Ogunbowale,12329,HB,HST,19,1,0,13,,,,,,,64.4,,,85.5,7,0,0,0,102,38,80,87,10
Andrew Wylie,12333,G,WAS,16,0,0,32,,,66.1,,,,63.3,,,70.1,0,0,64,0,0,0,0,0,0
Caleb Johnson,12488,LB,MIA,2,1,0,17,,,,,,,60.4,,,68.6,2,0,0,0,8,4,5,5,1
Sione Takitaki,12666,LB,MIN,3,1,0,18,,,,,,,43.4,,,29.1,2,1,0,0,15,8,12,10,1
Sam Mustipher,13026,C,DEN,3,0,0,10,,,60.0,,,,60.9,,,64.4,0,0,13,0,0,0,0,0,0
Giovanni Ricci,13756,TE,DET,3,0,0,11,,,60.9,,,,58.0,,,64.7,0,0,13,0,0,19,0,0,0
Scott Daly,18793,LS,CHI,19,1,0,6,,,82.2,,,41.3,66.3,,,68.0,1,0,90,0,0,0,64,0,1
Christian Kuntz,20035,LS,PIT,18,0,0,25,,,71.2,,,8.4,49.5,,,68.3,1,0,78,0,0,0,71,0,1
Ross Dwelley,20994,TE,DET,11,0,0,11,,,64.5,,,,78.5,,,65.5,0,0,59,0,0,38,17,0,0
Tanner Conner,22777,TE,NYG,9,1,0,21,,,,,,,56.6,,,28.6,0,1,0,0,41,35,29,11,2
Cole Strange,22976,G,MIA,6,0,0,17,,,64.1,,,,62.7,,,71.5,0,0,21,0,0,0,0,0,0
Sam Kamara,24176,DI,CLV,3,0,0,8,58.7,,,,,,60.7,,,71.8,0,0,0,12,0,0,0,4,0
Trent Scott,24481,T,WAS,7,0,0,32,,,63.9,,,,62.4,,,68.9,0,0,35,0,0,0,0,0,0
Nathan Shepherd,24614,DI,NO,16,0,0,20,71.0,,,,,,78.2,,,74.0,0,0,0,72,0,0,0,4,0
Foyesade Oluokun,24904,LB,JAX,18,0,0,15,59.2,,,,,,61.7,,,67.7,0,0,0,62,1,2,0,9,0
Anfernee Jennings,25449,ED,NE,17,1,0,19,58.5,,,,,,60.1,,,73.9,2,0,0,19,84,57,11,11,6
Tytus Howard,25472,T,HST,18,0,0,13,,,66.5,,,,63.8,,,73.2,0,0,87,0,0,0,0,0,0
Clelin Ferrell,25955,ED,SF,6,0,0,28,60.0,,,,,,54.5,,,67.3,0,0,0,8,3,17,0,4,0
Dexter Lawrence,25991,DI,NYG,7,0,0,21,58.4,,,,,,59.2,,,71.8,0,0,0,17,0,0,0,0,0
KhaDarel Hodge,26104,WR,ATL,12,3,0,2,59.5,,,,,,63.5,,,47.9,5,1,0,38,51,50,40,40,6
Maxx Crosby,26316,ED,LV,7,0,0,23,58.3,,,,,,59.4,,,69.2,0,0,0,26,0,0,0,3,0
Harrison Bryant,26394,TE,HST,13,0,0,13,,,61.1,,,,46.0,,,72.8,2,0,14,0,0,43,31,20,1
Jeremiah Moon,26453,ED,PIT,2,1,0,25,60.0,,,,,,58.5,,,64.5,0,0,0,2,8,0,3,0,0
Josh Jones,26634,T,SEA,14,0,0,29,,,63.3,,,,62.4,,,68.0,0,0,81,0,0,0,0,0,0
D.J. Reed,26940,CB,DET,3,0,0,11,,,,,,,29.5,,,21.0,0,1,0,0,0,0,0,3,0
Trent Sieg,27036,LS,DAL,17,0,0,9,,,90.4,,,85.1,79.3,,,67.0,1,0,91,0,0,0,42,0,1
Isaiah Rodgers,27069,CB,MIN,16,0,0,18,88.2,,,,,,90.8,,,77.4,0,0,0,70,0,1,0,0,0
Bryce Huff,27128,ED,SF,10,0,0,28,,,,,,,66.7,,,69.4,0,0,0,0,0,0,0,12,0
Siran Neal,27130,CB,SF,19,4,0,28,58.8,,,,,,82.1,,,79.6,7,1,0,81,104,92,48,48,11
Montez Sweat,27271,ED,CHI,10,0,0,6,59.4,,,,,,64.2,,,71.1,0,0,0,8,0,0,0,12,0
Ben Bredeson,27305,G,TB,7,0,0,30,,,64.0,,,,62.1,,,64.2,0,0,28,0,0,0,0,0,0
Mike Onwenu,27357,G,NE,20,0,0,19,,,67.2,,,,63.7,,,69.2,0,0,99,0,0,0,0,0,0
Devin Bush,27375,LB,CLV,17,0,0,8,59.9,,,,,,58.9,,,69.6,1,0,0,74,3,0,43,1,1
David Long Jr.,27377,CB,CAR,1,0,0,5,,,,,,,61.5,,,67.5,0,0,0,0,0,0,0,3,0
Joshua Uche,27379,ED,PHI,12,2,0,24,59.3,,,,,,50.7,,,71.4,2,1,0,39,55,9,0,11,3
Corey Bojorquez,27626,P,CLV,17,0,0,8,,,62.2,,60.0,,63.3,,76.5,72.0,2,1,53,0,1,0,95,0,0
Nick Leverett,27699,C,DAL,1,0,0,9,,,60.0,,,,61.0,,,67.2,0,0,4,0,0,0,0,0,0
D'Angelo Ross,27732,CB,CLV,10,2,0,8,60.1,,,,,,63.1,,,90.0,5,0,0,18,39,21,54,51,3
Khalil Dorsey,27819,CB,DET,11,0,0,11,59.7,,,,,,71.2,,,88.2,2,0,0,46,52,3,35,35,7
Ben Skowronek,27948,WR,PIT,18,3,0,25,59.3,,,,,,55.1,,,28.4,4,5,0,64,91,50,71,49,19
Michael Jordan,28021,G,TB,1,0,0,30,,,60.0,,,,60.1,,,63.5,0,0,2,0,0,0,0,0,0
DaVon Hamilton,28072,DI,JAX,18,0,0,15,56.9,,60.0,,,0.0,32.6,,,72.4,0,0,2,62,0,0,3,1,0
Dre'Mont Jones,28075,ED,BLT,11,0,0,3,58.9,,,,,,59.7,,,68.3,0,0,0,46,0,0,0,0,0
Damon Arnette,28080,CB,HST,2,0,0,13,60.3,,,,,,50.8,,,73.3,1,0,0,9,15,9,3,8,2
Malik Harrison,28081,LB,PIT,12,0,0,25,,,,,,,55.8,,,75.2,3,0,0,0,50,55,38,31,4
Jerome Baker,28091,LB,CLV,17,1,0,8,,,,,,,65.9,,,76.3,1,2,0,0,28,62,95,20,2
Neville Gallimore,28094,DI,IND,15,0,0,14,58.6,,,,,,59.9,,,71.8,0,0,0,76,0,0,0,0,0
Daniel Carlson,28121,K,LV,17,0,0,23,,76.1,,,13.7,,60.8,,60.0,63.2,1,3,49,0,62,0,1,0,1
Tremon Smith,28196,CB,HST,19,3,1,13,59.4,,,53.8,,,53.4,,,56.5,4,3,0,65,97,46,72,91,5
Calvin Throckmorton,28238,G,DEN,10,0,0,10,,,65.4,,,,62.4,,,62.8,0,0,41,0,0,0,0,0,0
Troy Dye,28251,LB,LAC,17,0,0,27,60.0,,,,,,79.6,,,80.2,2,0,0,62,87,45,65,42,5
Brenden Schooler,28253,S,NE,19,1,0,19,58.7,,,,,,70.0,,,66.4,6,3,0,63,95,79,69,74,16
Ryan Bates,28300,G,CHI,18,0,0,6,,,63.1,,,,62.3,,,67.8,0,0,90,0,0,0,0,0,0
Juwan Johnson,28305,TE,NO,1,0,0,20,,,,,,,60.0,,,62.5,0,0,0,0,0,0,0,0,0
Kevin Givens,28308,DI,SF,1,0,0,28,59.2,,,,,,59.8,,,67.6,0,0,0,4,0,0,0,0,0
Olisaemeka Udoh,28394,T,TEN,17,0,0,31,,,65.5,,,,62.9,,,68.3,0,0,65,0,0,0,0,0,0
Aaron Stinnie,28653,G,NYG,17,0,0,21,,,64.6,,,,62.7,,,67.8,0,0,68,0,0,0,0,0,0
DeShon Elliott,28854,S,PIT,1,0,0,25,60.0,,,,,,60.1,,,61.8,0,0,0,3,0,0,0,0,0
Michael Pittman Jr.,29049,WR,IND,3,0,0,14,,,,,,,61.2,,,63.6,0,0,0,0,3,1,0,0,0
Jack Jones,29050,CB,MIA,1,0,0,17,,,,,,,60.0,,,90.6,0,0,0,0,0,0,0,0,0
Darius Harris,29188,LB,NE,3,2,0,19,60.0,,,,,,86.7,,,70.7,0,0,0,2,16,10,12,12,2
Logan Cooke,29214,P,JAX,18,0,1,15,,,63.2,,,,57.2,,70.3,37.2,0,1,92,0,0,0,64,0,1
Colton McKivitz,29314,T,SF,19,0,0,28,,,66.7,,,,64.1,,,75.8,0,0,88,0,0,0,0,0,0
Jeff Wilson Jr.,29413,HB,MIA,1,0,0,17,,,,,,,60.0,,,62.5,0,0,0,0,0,0,0,0,0
Chris Board,29456,LB,NYG,2,0,0,21,60.0,,,,,,54.2,,,68.9,0,0,0,10,11,11,8,7,1
D'Wayne Eskridge,29573,WR,MIA,13,1,0,17,,,,65.3,,,57.1,,,29.1,1,1,0,0,0,66,12,0,0
Logan Wilson,29623,LB,DAL,9,0,0,9,60.0,,,,,,65.5,,,69.5,0,0,0,39,14,19,8,7,2
Austin Schlottmann,30097,C,NYG,17,0,0,21,,,65.7,,,,56.2,,,27.7,0,1,68,0,0,0,0,0,0
Ty Summers,30242,LB,CHI,6,0,0,6,,,,,,,82.1,,,74.0,1,0,0,0,10,24,17,16,2
Jacob Bobenmoyer,30352,LS,LV,17,1,0,23,,,69.9,,,0.0,49.9,,,68.6,3,0,49,0,1,0,74,0,2
Dillon Radunz,30551,G,NO,15,0,0,20,,,62.9,,,,62.2,,,67.3,0,0,65,0,0,0,0,0,0
T.J. Edwards,30737,LB,CHI,9,0,0,6,60.0,,,,,,62.8,,,67.1,0,0,0,12,0,0,3,8,0
Will Dissly,30762,TE,LAC,7,0,0,27,,,61.0,,,,55.7,,,67.6,0,0,13,0,0,31,29,0,0
George Odum,31342,S,IND,3,0,0,14,,,,,,,55.0,,,68.4,2,1,0,0,15,17,0,6,4
Khalen Saunders,31534,DI,NYJ,6,0,0,22,58.9,,,,,,34.2,,,23.5,0,1,0,30,0,0,0,0,0
Jakob Johnson,32565,FB,HST,6,0,0,13,,,60.0,,,,86.1,,,73.3,0,0,6,0,4,1,10,23,1
Britain Covey,32933,WR,PHI,7,0,0,24,,,,57.6,,,56.5,71.3,,64.3,0,0,0,0,0,27,0,30,0
Dane Jackson,32989,CB,BUF,5,2,0,4,60.0,,,,,,68.0,,,73.0,0,0,0,6,22,11,2,9,2
Tommy Townsend,33007,P,HST,19,0,0,13,,,63.2,,,,63.9,,81.9,75.1,1,0,92,0,0,0,80,0,0
Chase McLaughlin,33285,K,TB,17,0,0,30,,92.9,,,11.2,,61.0,,,63.5,3,1,73,0,84,0,0,0,0
Parker Romo,33384,K,ATL,7,0,0,2,,54.4,,,,,60.2,,,61.6,0,0,27,0,0,0,0,0,0
Robert Rochell,33693,CB,CAR,7,2,0,5,,,,,,,43.5,,,43.3,1,1,0,0,28,0,16,18,2
Eric Johnson,33698,DI,IND,6,0,0,14,58.3,,60.0,,,,58.8,,,67.6,0,0,3,13,0,0,0,0,0
Jake Bailey,33963,P,MIA,17,0,0,17,,,62.6,,,,63.8,,75.1,73.1,0,1,65,0,0,0,63,0,1
Mike Hughes,34057,CB,ATL,1,0,0,2,,,,,,,60.0,,,67.2,0,0,0,0,0,0,0,1,0
Dan Chisena,34061,WR,CAR,1,0,0,5,,,,,,,50.6,,,69.4,1,0,0,0,2,0,4,3,0
Kendall Sheffield,34105,CB,MIA,2,0,0,17,59.9,,,,,,60.2,,,67.2,0,0,0,1,0,0,2,0,0
Darnell Savage,34247,S,BUF,7,1,0,4,59.9,,,,,,62.8,,,74.1,0,0,0,1,25,0,1,22,2
David Sills V,34579,WR,ATL,6,0,0,2,,,,,,,47.1,,,72.3,1,0,0,0,0,1,15,3,0
Zayne Anderson,34622,S,GB,14,5,0,12,,,,,,,74.3,,,80.9,1,0,0,0,69,59,35,43,8
Zack Baun,34632,LB,PHI,14,0,0,24,,,,,,,67.0,,,65.9,0,0,0,0,0,4,0,18,0
Ross Matiscik,34710,LS,JAX,18,3,1,15,,,28.0,,,0.0,44.7,,,31.1,1,1,89,0,0,0,61,0,2
Jack Fox,34735,P,DET,17,0,0,11,,,63.2,,,,64.2,,64.0,75.2,0,1,90,0,1,0,57,0,1
Rex Sunahara,34769,LS,CLV,17,1,0,8,,,81.8,,,62.0,84.2,,,69.3,3,0,53,0,0,0,95,0,5
Akeem Davis-Gaither,34788,LB,ARZ,17,3,0,1,59.6,,,,,,73.5,,,47.3,4,2,0,21,82,15,59,11,13
Daniel Brunskill,34807,G,MIA,16,0,0,17,,,62.5,,,,62.0,,,67.0,0,0,65,0,0,0,0,0,0
Jamel Dean,34918,CB,TB,5,0,0,30,,,,,,,59.9,,,71.0,0,0,0,0,0,0,0,7,0
Alec Ingold,34934,FB,MIA,17,0,0,17,,,,,,,37.3,,,68.3,2,0,0,0,0,39,50,0,0
Josh Butler,35097,CB,DAL,1,0,0,9,60.2,,,,,,58.7,,,70.1,0,0,0,6,1,3,1,2,0
Liam McCullough,35213,LS,ATL,17,0,0,2,,,90.0,,,54.0,68.3,,,68.0,0,0,73,0,0,0,64,0,1
Trevis Gipson,35241,ED,CAR,13,0,0,5,60.0,,,,,,67.3,,,78.3,1,0,0,42,26,61,0,28,2
Michael Dickson,35381,P,SEA,19,0,0,29,,,63.6,,,,64.2,,92.3,76.9,1,0,110,0,0,0,60,0,0
Blake Cashman,35413,LB,MIN,4,0,0,18,,,,,,,62.4,,,66.8,0,0,0,0,0,0,0,5,0
Adam Prentice,35639,FB,DEN,19,3,0,10,,,,,,,67.8,,,78.9,2,0,0,0,46,88,82,34,6
Dawson Knox,35883,TE,BUF,1,0,0,4,,,,,,,60.0,,,63.4,0,0,0,0,0,1,0,0,0
David Edwards,35941,G,BUF,19,0,0,4,,,63.0,,,,62.3,,,67.8,0,0,86,0,0,0,0,0,0
Darrell Taylor,36001,ED,HST,4,2,0,13,60.0,,,,,,71.0,,,68.7,0,0,0,2,21,0,0,6,1
AJ Cole,36038,P,LV,17,0,0,23,,,62.1,,60.0,,55.0,,72.2,30.6,1,3,49,0,1,0,73,0,1
Charlie Heck,36501,T,TB,17,0,0,30,,,63.1,,,,62.1,,,66.8,0,0,73,0,0,0,0,0,0
Jon Runyan,36661,G,NYG,14,0,0,21,,,67.2,,,,64.1,,,74.9,0,0,54,0,0,0,0,0,0
Austen Pleasants,37066,T,SF,17,0,0,28,,,66.0,,,,63.4,,,71.2,0,0,78,0,0,0,0,0,0
Jonah Jackson,37070,G,CHI,18,0,0,6,,,59.9,,,,61.5,,,78.1,0,0,88,0,0,0,0,0,0
Erik McCoy,37347,C,NO,1,0,0,20,,,60.0,,,,60.0,,,62.4,0,0,2,0,0,0,0,0,0
Quinton Bell,37468,ED,MIA,7,2,0,17,60.0,,,,,,70.6,,,73.9,0,0,0,23,28,33,24,24,2
Troy Reeder,38268,LB,LA,20,1,0,26,59.9,,,,,,88.3,,,80.6,2,1,0,76,119,94,66,39,15
Camryn Bynum,38408,S,IND,17,0,0,14,60.5,,,,,,65.3,,,75.5,0,0,0,81,0,1,0,8,0
Cameron Goode,38410,ED,MIA,17,7,0,17,59.8,,,,,,69.7,,,84.2,1,0,0,25,80,87,63,62,4
Jake Curhan,38549,G,CAR,15,0,0,5,,,64.5,,,,62.3,,,65.2,0,0,56,0,0,0,0,0,0
Michael Deiter,38554,C,WAS,2,0,0,32,,,60.5,,,,61.0,,,61.7,0,0,7,0,0,0,0,0,0
Folorunso Fatukasi,38558,DI,HST,2,0,0,13,59.3,,,,,,59.6,,,64.7,0,0,0,7,0,0,0,0,0
Maurice Hurst,38563,DI,CLV,2,0,0,8,58.8,,,,,,60.2,,,69.4,0,0,0,10,0,0,0,2,0
Eric Wilson,38587,LB,MIN,16,0,0,18,60.0,,,,,,90.3,,,74.4,2,0,0,75,25,17,19,36,8
Evan Brown,38709,G,ARZ,10,0,0,1,,,66.5,,,,63.7,,,74.7,0,0,42,0,0,0,0,0,0
JK Scott,38809,P,LAC,18,0,0,27,,,63.0,,,,63.6,,88.1,74.3,0,0,80,0,0,0,66,0,0
Mitchell Fraboni,38930,LS,DEN,19,0,0,10,,,88.1,,,75.0,72.1,,,27.9,1,2,81,0,0,0,85,0,3
Justin Skule,38951,T,MIN,15,0,0,18,,,62.4,,,,61.9,,,66.8,0,0,59,0,0,0,0,0,0
Nick Moore,39090,LS,BLT,17,0,0,3,,,75.9,,,39.9,53.9,,,67.5,2,0,80,0,0,0,54,0,0
Joey Slye,39235,K,TEN,16,0,0,31,,84.3,,,7.1,,47.1,,,28.4,0,5,63,0,67,0,0,0,2
Nick Allegretti,39268,G,WAS,16,0,0,32,,,62.6,,,,62.0,,,66.9,0,0,64,0,0,0,0,0,0
Coleman Shelton,39316,C,LA,15,0,0,26,,,62.9,,,,62.3,,,67.7,0,0,82,0,0,0,0,0,0
Joe Giles-Harris,39382,LB,CIN,10,6,0,7,60.0,,,,,,90.8,,,54.5,2,2,0,17,58,55,31,29,14
Michael Badgley,39417,K,BUF,9,0,0,4,,54.4,,,15.1,,60.7,,,62.9,0,2,37,0,46,0,0,0,0
Terence Steele,39461,T,DAL,17,0,0,9,,,65.7,,,,62.5,,,62.7,0,0,91,0,0,0,0,0,0
Corliss Waitman,39620,P,PIT,18,0,0,25,,,46.2,,,,50.9,,70.2,35.5,0,1,78,0,0,0,71,0,0
Matthew Wright,39675,K,HST,4,0,0,13,,65.4,,,45.4,,60.2,,,62.1,0,0,10,0,14,0,0,0,0
Cody Ford,39805,T,CIN,16,0,0,7,,,67.1,,,,63.1,,,63.3,0,0,73,0,0,0,0,0,0
Devin Duvernay,40006,WR,CHI,19,0,0,6,,,,73.3,,,55.3,68.5,,70.2,2,0,0,0,60,97,8,64,1
Feleipe Franks,40217,TE,ATL,17,1,0,2,,,61.9,,,,35.8,,,25.5,7,4,19,0,76,91,61,52,9
Tershawn Wharton,40292,DI,CAR,4,0,0,5,60.0,,,,,,35.9,,,23.9,0,1,0,18,0,0,0,1,0
Chazz Surratt,40313,LB,SEA,11,2,0,29,,,,,,,69.7,,,38.5,4,1,0,0,62,43,31,45,6
Brittain Brown,40399,HB,CHI,3,0,0,6,,,,59.9,,,68.5,,,67.2,0,0,0,0,5,5,0,7,1
Devin Singletary,40485,HB,NYG,6,0,0,21,,,,69.0,,,59.1,,,62.1,0,0,0,0,0,26,0,0,0
Kene Nwangwu,40547,HB,NYJ,12,1,0,22,,,,90.0,,,64.4,,,76.0,0,0,0,0,4,62,37,2,0
Miles Sanders,40555,HB,DAL,2,0,0,9,,,,59.5,,,58.9,,,61.4,0,0,0,0,0,9,0,0,0
Velus Jones Jr.,40573,HB,SEA,9,2,0,29,,,,60.9,,,75.7,,,78.6,0,0,0,0,42,41,32,17,2
Kylen Granson,40630,TE,PHI,18,2,0,24,,,60.0,,,,75.9,,,83.8,5,0,7,0,87,81,80,50,15
Rico Dowdle,40693,HB,CAR,12,0,0,5,,,,66.2,,,67.0,,,62.2,0,0,0,0,0,33,0,0,0
T.J. Hockenson,40912,TE,MIN,1,0,0,18,,,,,,,60.0,,,61.5,0,0,0,0,0,1,0,0,0
Reggie Gilliam,40951,FB,BUF,19,3,0,4,,,64.9,,,,90.7,,,86.0,4,0,85,0,104,91,54,39,11
Alaric Jackson,40972,T,LA,19,0,0,26,,,66.8,,,,63.9,,,72.3,0,0,104,0,0,0,0,0,0
Luke Wattenberg,41024,C,DEN,10,0,0,10,,,61.7,,,,61.6,,,66.0,0,0,40,0,0,0,0,0,0
Trystan Colon,41117,G,DET,12,0,0,11,,,65.3,,,,62.6,,,65.2,0,0,66,0,0,0,0,0,0
Ryan Neuzil,41123,C,ATL,9,0,0,2,,,65.4,,,,62.4,,,62.8,0,0,41,0,0,0,0,0,0
Matt Hennessy,41141,C,SF,18,0,0,28,,,27.0,,,,43.2,,,67.7,0,0,87,0,0,0,0,0,0
Tyler Biadasz,41178,C,WAS,1,0,0,32,,,60.0,,,,60.0,,,62.4,0,0,2,0,0,0,0,0,0
Ko Kieft,41372,TE,TB,3,0,0,30,,,60.9,,,,74.8,,,69.2,0,0,14,0,16,14,13,8,2
Mike Caliendo,41446,G,KC,17,0,0,16,,,62.7,,,,62.1,,,67.1,0,0,73,0,0,0,0,0,0
Ben Powers,41482,G,DEN,8,0,0,10,,,65.0,,,,53.1,,,25.3,0,1,35,0,0,0,0,0,0
Will Fries,41530,G,MIN,16,0,0,18,,,66.6,,,,63.0,,,64.7,0,0,67,0,0,0,0,0,0
Brandon Walton,41533,G,CAR,3,0,0,5,,,61.5,,,,61.3,,,63.5,0,0,15,0,0,0,0,0,0
Teven Jenkins,41534,G,CLV,17,0,0,8,,,64.8,,,,62.9,,,69.6,0,0,52,0,0,0,0,0,0
Cole Van Lanen,41583,T,JAX,16,0,0,15,,,66.0,,,,63.5,,,71.2,0,0,79,0,0,0,0,0,0
Jimmy Morrissey,41626,C,IND,1,0,0,14,,,60.0,,,,60.1,,,60.7,0,0,3,0,0,0,0,0,0
Jonah Williams,41651,T,ARZ,6,0,0,1,,,60.6,,,,61.2,,,65.0,0,0,20,0,0,0,0,0,0
Alohi Gilman,41662,S,BLT,13,0,0,3,59.3,,,,,,59.7,,,68.5,0,0,0,29,9,0,18,11,0
Jawaan Taylor,41665,T,KC,4,0,0,16,,,27.5,,,,28.6,,,66.2,0,0,10,0,0,0,0,0,0
Khalil Herbert,41668,HB,NYJ,6,1,0,22,,,,59.5,,,61.0,,,69.5,1,0,0,0,14,35,0,12,1
Ben Cleveland,41696,G,BLT,10,0,0,3,,,64.7,,,,62.8,,,70.5,0,0,47,0,0,0,0,0,0
Landon Dickerson,41712,G,PHI,15,0,0,24,,,67.8,,,,64.4,,,76.3,0,0,62,0,0,0,0,0,0
John Simpson,41715,G,NYJ,16,0,0,22,,,62.1,,,,61.8,,,66.6,0,0,52,0,0,0,0,0,0
Josh Sills,41748,G,IND,3,0,0,14,,,62.0,,,,61.7,,,67.7,0,0,12,0,0,0,0,0,0
Stone Forsythe,41795,T,LV,15,0,1,23,,,65.0,,,,54.4,,,26.2,0,1,49,0,0,0,0,0,0
Trevon Diggs,41817,CB,GB,1,0,0,12,60.0,,,,,,60.1,,,65.5,0,0,0,2,0,0,0,0,0
Lloyd Cushenberry III,41924,C,TEN,1,0,0,31,,,60.0,,,,60.0,,,61.8,0,0,1,0,0,0,0,0,0
Ezra Cleveland,41973,G,JAX,17,0,0,15,,,67.9,,,,63.8,,,67.4,0,0,83,0,0,0,0,0,0
Ryan McCollum,41974,C,PIT,17,0,0,25,,,68.4,,,,64.8,,,77.3,0,0,75,0,0,0,0,0,0
Luke Fortner,42028,C,NO,9,0,0,20,,,63.9,,,,62.6,,,71.4,0,0,32,0,0,0,0,0,0
Jack Stoll,42058,TE,NO,14,0,0,20,,,60.0,,,,49.0,,,75.2,1,0,4,0,0,75,46,6,1
Ian Thomas,42130,TE,LV,15,0,0,23,,,60.0,,,,45.1,,,71.2,0,1,1,0,0,61,34,0,0
Greg Dortch,42237,WR,ARZ,12,0,0,1,,,,75.1,,,75.3,79.0,,65.8,0,0,0,2,0,64,3,34,1
Lil'Jordan Humphrey,42247,WR,DEN,10,0,0,10,,,,,,,53.6,,,68.9,0,0,0,0,0,39,2,1,0
Charlie Woerner,42257,TE,ATL,17,0,0,2,,,65.6,,,,51.9,,,70.7,0,0,73,0,31,84,6,0,3
Sean McKeon,42266,TE,IND,1,0,0,14,,,60.0,,,,60.6,,,61.2,0,0,6,0,0,0,0,0,0
John Bates,42275,TE,WAS,15,0,0,32,,,63.8,,,,40.7,,,73.6,2,0,48,0,0,82,49,0,0
Spencer Brown,42296,T,BUF,4,0,0,4,,,62.7,,,,62.1,,,70.5,0,0,21,0,0,0,0,0,0
Luke Farrell,42353,TE,SF,19,2,0,28,,,65.9,,,,72.0,,,73.6,0,0,88,0,76,92,36,14,5
Noah Fant,42388,TE,CIN,3,0,0,7,,,,,,,49.2,,,67.1,0,0,0,0,0,17,0,0,0
Amen Ogbongbemiga,42449,LB,CHI,9,0,0,6,60.0,,,,,,66.9,,,75.1,0,0,0,28,36,35,31,25,1
Isaiah Simmons,42451,LB,CAR,6,0,0,5,59.4,,,,,,83.1,,,72.3,0,0,0,30,28,22,18,16,3
K'Von Wallace,42467,S,HST,3,0,0,13,59.8,,,,,,47.2,,,68.1,1,1,0,8,13,8,0,8,0
Tomon Fox,42486,ED,NYG,9,0,0,21,59.4,,,,,,78.4,,,76.1,2,0,0,39,42,39,17,24,4
Daniel Thomas,42544,S,DET,12,3,0,11,59.4,,,59.9,,,80.4,,,80.6,1,0,0,44,70,56,27,35,8
Krys Barnes,42548,LB,CAR,6,2,0,5,60.0,,,,,,54.3,,,71.0,1,0,0,3,21,12,19,6,1
Nazeeh Johnson,42553,CB,KC,2,0,0,16,,,,,,,62.5,,,72.9,0,0,0,0,10,5,3,8,1
Justin Strnad,42659,LB,DEN,16,2,0,10,59.5,,,,,,71.5,,,74.4,0,0,0,20,27,16,71,25,4
Mecole Hardman Jr.,42683,WR,BUF,3,0,0,4,,,,73.4,,,48.8,40.1,,62.7,0,0,0,0,0,11,0,7,0
Chauncey Golston,42718,ED,NYG,10,1,0,21,57.9,,,,,,69.2,,,80.0,1,1,0,48,53,52,20,31,5
Nick Bosa,42741,ED,SF,1,0,0,28,,,,,,,60.0,,,65.2,0,0,0,0,0,0,0,1,0
Osa Odighizuwa,42754,DI,DAL,17,0,0,9,58.2,,,,,,59.3,,,73.2,0,0,0,88,0,0,0,0,0
Chase Lucas,42833,CB,SF,16,2,0,28,59.1,,,,,,58.5,,,55.9,2,1,0,59,88,17,4,40,4
Curtis Robinson,42871,LB,SF,16,3,0,28,59.9,,,,,,70.8,,,76.6,2,0,0,35,62,68,36,34,5
Avery Williams,42873,HB,NYJ,1,0,0,22,,,,58.8,,,60.2,63.3,,62.6,0,0,0,0,0,7,0,5,0
Kristian Fulton,42894,CB,KC,2,0,0,16,,,,,,,39.7,,,25.1,0,1,0,0,0,0,0,10,0
Rashan Gary,42905,ED,GB,2,0,0,12,60.0,,,,,,60.8,,,63.6,0,0,0,7,0,0,0,1,0
Khalid Kareem,42993,ED,ATL,3,0,0,2,58.8,,,,,,61.6,,,69.0,0,0,0,8,12,0,0,5,0
Jonathon Cooper,43021,ED,DEN,5,0,0,10,,,,,,,62.2,,,68.8,0,0,0,0,0,0,0,6,0
Charvarius Ward,43034,CB,IND,2,0,0,14,60.1,,,,,,60.6,,,66.4,0,0,0,8,0,0,0,1,0
Mack Wilson Sr.,43190,LB,ARZ,3,0,0,1,,,,,,,58.9,,,66.0,0,0,0,0,0,1,0,4,0
Richie Grant,43196,S,NE,1,0,0,19,,,,,,,39.8,,,22.7,0,1,0,0,3,2,0,4,1
Joe Bachie,43250,LB,TEN,15,1,1,31,59.7,,,,,,70.9,,,29.2,2,3,0,21,72,68,52,41,7
Damar Hamlin,43291,S,BUF,5,0,0,4,60.0,,,,,,48.4,,,71.1,0,0,0,1,31,1,3,13,1
Myles Bryant,43336,S,HST,13,2,0,13,60.0,,,,,,65.1,,,76.1,0,0,0,20,64,16,2,46,3
Josh Metellus,43395,S,MIN,7,0,0,18,59.6,,,,,,60.3,,,68.2,0,0,0,2,0,0,2,6,0
Nick Niemann,43500,LB,GB,8,2,0,12,,,,,,,82.5,,,73.4,0,0,0,0,43,39,26,23,10
Alex Highsmith,43507,ED,PIT,6,0,0,25,59.8,,,,,,62.5,,,67.2,0,0,0,5,0,0,0,4,0
William Kwenkeu,43510,LB,BLT,1,0,0,3,,,,,,,60.9,,,65.9,0,0,0,0,5,6,2,1,0
Darrell Baker Jr.,43542,CB,TEN,12,1,0,31,59.2,,,,,,66.5,,,80.9,0,0,0,43,31,14,9,18,2
Sam Franklin Jr.,43580,S,BUF,19,3,0,4,59.3,,,,,,56.8,,,28.3,8,4,0,59,110,90,54,60,11
Jake Hansen,43645,LB,HST,15,3,0,13,60.1,,,,,,90.8,,,90.4,4,0,0,46,78,54,60,68,16
Jaylon Moore,43678,T,KC,15,0,0,16,,,65.8,,,,63.6,,,74.4,0,0,65,0,0,0,0,0,0
Jeffery Simmons,43742,DI,TEN,15,0,0,31,62.6,,,,,,46.2,,,25.0,0,3,0,74,0,0,0,3,0
Cole Christiansen,43856,LB,KC,3,0,0,16,,,,,,,65.0,,,72.0,0,0,0,0,15,15,14,10,2
Derrick Brown,43883,DI,CAR,18,0,0,5,57.2,,,,,,51.0,,,29.7,0,1,0,81,0,0,0,6,0
Tyler Hall,43958,CB,SEA,1,0,0,29,,,,,,,61.3,,,66.4,0,0,0,0,0,0,0,3,0
Benito Jones,44035,DI,MIA,14,0,0,17,57.7,,,,,,60.5,,,77.8,0,0,0,54,0,0,0,11,0
Eddy Pineiro,44140,K,SF,16,0,0,28,,88.7,,,0.0,,48.7,,,29.0,1,2,75,0,87,0,0,0,0
Quinnen Williams,44216,DI,DAL,15,0,0,9,57.4,,,,,,58.1,,,75.1,0,0,0,79,0,0,0,0,0
Boogie Basham,44320,ED,CAR,3,0,0,5,,,60.0,,,,41.5,,,73.2,1,0,1,0,6,0,0,6,0
Naquan Jones,44363,DI,HST,13,0,0,13,58.5,,,,,,59.9,,,70.4,0,0,0,44,0,0,0,5,0
Isaiahh Loudermilk,44416,DI,PIT,1,0,0,25,59.1,,60.0,,,,59.9,,,65.1,0,0,6,5,0,0,0,0,0
Kyzir White,44485,LB,TEN,1,0,0,31,,,,,,,29.5,,,23.1,0,1,0,0,5,6,0,1,0
Elijah Garcia,44498,DI,ATL,5,0,0,2,58.7,,,,,,60.2,,,72.1,0,0,0,26,0,0,0,8,0
Brian Burns,44522,ED,NYG,3,0,0,21,59.3,,,,,,59.0,,,65.7,0,0,0,2,0,0,0,2,0
D.J. Wonnum,44550,ED,CAR,8,0,0,5,59.3,,,,,,61.4,,,68.1,0,0,0,19,0,0,0,4,0
Jack Heflin,44570,DI,LA,1,0,0,26,59.4,,,,,,59.5,,,67.0,0,0,0,4,0,0,0,2,0
Jonah Williams,44597,DI,NO,15,0,0,20,57.8,,63.7,,,,57.0,,,59.8,0,1,36,66,26,0,23,42,1
Leki Fotu,44614,DI,HST,5,0,0,13,58.3,,,,,,59.7,,,69.2,0,0,0,16,0,0,0,3,0
Mitch Wishnowsky,44663,P,BUF,15,0,0,4,,,62.5,,27.4,,63.3,,71.3,73.0,0,1,63,0,17,0,41,0,1
Braden Mann,44664,P,PHI,18,0,0,24,,,62.8,,,,63.7,,80.9,73.8,0,1,74,0,8,0,80,0,0
Kayode Awosika,44909,G,DET,13,0,0,11,,,56.9,,,,60.0,,,76.0,0,0,64,0,0,0,0,0,0
Olamide Zaccheaus,44920,WR,CHI,2,0,0,6,,,,60.0,,,60.0,60.0,,61.5,0,0,0,0,0,1,0,1,0
Hjalte Froholdt,44959,C,ARZ,16,0,0,1,,,66.7,,,,62.9,,,63.1,0,0,63,0,0,0,0,0,0
Blake Gillikin,45045,P,ARZ,5,0,0,1,,,60.6,,,,62.0,,68.7,69.3,0,0,21,0,0,0,23,0,0
Terrell Burgess,45255,S,NO,16,2,0,20,,,,,,,63.7,,,77.7,1,1,0,0,73,82,14,36,6
Jordan Fuller,45326,S,ATL,5,0,0,2,59.7,,,,,,58.7,,,69.4,0,0,0,10,5,0,19,12,0
Eyioma Uwazurike,45414,DI,DEN,19,0,0,10,56.5,,,,,,59.3,,,81.4,0,0,0,77,0,0,0,16,0
Hakeem Adeniji,45419,G,DAL,12,0,0,9,,,62.5,,,,62.1,,,67.1,0,0,65,0,0,0,0,0,0
Brandon Stephens,45644,CB,NYJ,4,0,0,22,60.0,,,,,,61.7,,,76.2,0,0,0,3,0,0,0,1,0
D'Ernest Johnson,45734,HB,NE,9,0,0,19,,,,60.8,,,58.2,,,64.9,0,0,0,0,0,35,2,4,0
Ty Johnson,45769,HB,BUF,16,0,0,4,,,,67.4,,,71.5,,,43.7,0,1,0,0,2,45,51,29,2
Trayveon Williams,45775,HB,CLV,7,0,0,8,,,,54.5,,,57.5,,,71.0,0,0,0,0,14,30,28,21,0
Chase Edmonds,45851,HB,WAS,3,0,0,32,,,,63.0,,,61.4,,,64.3,0,0,0,0,1,16,0,2,0
Travis Homer,45859,HB,CHI,12,2,0,6,,,,,,,77.0,,,75.3,4,1,0,0,69,61,37,29,8
Justice Hill,45865,HB,BLT,7,0,0,3,,,,58.7,,,62.3,,,63.3,0,0,0,0,5,28,0,0,0
Myles Gaskin,45914,HB,SEA,1,0,0,29,,,,,,,63.4,,,68.6,0,0,0,0,0,0,0,5,0
Josh Jacobs,45953,HB,GB,5,0,0,12,,,,46.3,,,60.0,,,62.6,0,0,0,0,0,7,0,0,0
Garrett Bradbury,46013,C,NE,1,0,0,19,,,,,,,60.0,,,62.5,0,0,0,0,0,0,0,0,0
Aaron Brewer,46014,C,MIA,1,0,0,17,,,,,,,60.0,,,62.5,0,0,0,0,0,0,0,0,0
Wyatt Teller,46131,G,CLV,13,0,0,8,,,66.4,,,,63.7,,,74.6,0,0,41,0,0,0,0,0,0
Robert Hunt,46139,G,CAR,3,0,0,5,,,60.0,,,,60.4,,,63.5,0,0,6,0,0,0,0,0,0
Matt Peart,46179,G,DEN,6,0,0,10,,,60.9,,,,61.3,,,65.3,0,0,23,0,0,0,0,0,0
Will Hernandez,46180,G,ARZ,2,0,0,1,,,61.3,,,,61.6,,,69.1,0,0,8,0,0,0,0,0,0
Patrick Mekari,46219,G,JAX,12,0,0,15,,,63.2,,,,62.2,,,67.3,0,0,57,0,0,0,0,0,0
Orlando Brown Jr.,46227,T,CIN,16,0,0,7,,,65.8,,,,63.3,,,70.9,0,0,73,0,0,0,0,0,0
Chuma Edoga,46232,T,JAX,15,0,0,15,,,67.7,,,,64.0,,,70.9,0,0,73,0,0,0,0,0,0
Elijah Wilkinson,46238,T,ATL,17,0,0,2,,,24.0,,,,29.6,,,74.9,0,0,73,0,0,0,0,0,0
Calvin Anderson,46247,T,PIT,9,0,0,25,,,64.3,,,,62.6,,,69.2,0,0,40,0,0,0,0,0,0
Joe Noteboom,46249,T,BLT,10,0,0,3,,,63.5,,,,62.3,,,68.7,0,0,35,0,0,0,0,0,0
Mike McGlinchey,46275,T,DEN,17,0,0,10,,,66.1,,,,63.8,,,75.0,0,0,73,0,0,0,0,0,0
Blake Brandel,46282,C,MIN,10,0,0,18,,,63.8,,,,62.5,,,69.4,0,0,42,0,0,0,0,0,0
Austin Corbett,46290,G,CAR,11,0,0,5,,,63.8,,,,62.0,,,64.3,0,0,35,0,0,0,0,0,0
Elgton Jenkins,46298,C,GB,5,0,0,12,,,61.0,,,,61.3,,,65.2,0,0,26,0,0,0,0,0,0
Blake Hance,46301,G,TEN,4,0,0,31,,,60.4,,,,61.1,,,64.8,0,0,17,0,0,0,0,0,0
Chukwuma Okorafor,46302,T,NYJ,14,0,0,22,,,64.6,,,,62.7,,,69.5,0,0,45,0,0,0,0,0,0
Matt Pryor,46647,T,PHI,18,0,0,24,,,66.3,,,,63.8,,,75.1,0,0,74,0,0,0,0,0,0
Chris Lindstrom,46692,G,ATL,8,0,0,2,,,65.6,,,,63.3,,,73.5,0,0,32,0,0,0,0,0,0
Kevin Dotson,46735,G,LA,16,0,0,26,,,67.0,,,,57.9,,,28.0,0,1,82,0,0,0,0,0,0
Braden Smith,46794,T,IND,6,0,0,14,,,62.7,,,,62.1,,,70.5,0,0,21,0,0,0,0,0,0
Brett Toth,46848,G,PHI,15,0,0,24,,,63.6,,,,62.4,,,67.8,0,0,61,0,0,0,0,0,0
Brian O'Neill,46854,T,MIN,4,0,0,18,,,61.6,,,,61.7,,,69.4,0,0,14,0,0,0,0,0,0
Fred Johnson,46951,T,PHI,18,0,0,24,,,65.9,,,,63.4,,,71.0,0,0,74,0,0,0,0,0,0
Dalton Risner,47008,G,CIN,9,0,0,7,,,21.9,,,,28.3,,,66.0,0,0,42,0,0,0,0,0,0
Kolton Miller,47013,T,LV,4,0,0,23,,,60.9,,,,60.8,,,60.8,0,0,14,0,0,0,0,0,0
Josiah Deguara,47034,TE,ARZ,12,0,0,1,,,,,,,51.2,,,35.0,0,2,0,0,32,78,38,22,3
Foster Moreau,47043,TE,NO,11,0,0,20,,,63.7,,,,60.2,,,62.7,0,0,41,0,0,5,0,0,0
Andre James,47058,C,LAC,18,0,0,27,,,62.9,,,,62.2,,,67.5,0,0,80,0,0,0,0,0,0
Josh Oliver,47083,TE,MIN,14,0,0,18,,,64.7,61.2,,,76.0,,,67.1,0,0,51,0,0,54,0,0,0
Andrew Beck,47121,FB,NYJ,17,3,0,22,60.0,,,,,,84.1,,,82.7,4,0,0,3,70,108,71,63,6
Tyler Conklin,47124,TE,LAC,13,0,0,27,,,64.3,,,,58.0,,,69.6,0,0,49,0,0,53,8,4,0
Durham Smythe,47257,TE,CHI,19,0,0,6,,,64.9,,,,31.9,,,27.4,3,2,90,0,8,75,63,21,2
Drew Sample,47259,TE,CIN,17,0,0,7,,,66.1,,,,62.0,,,72.2,0,0,73,0,0,98,65,0,1
Dallas Goedert,47272,TE,PHI,3,0,0,24,,,,67.4,,,59.9,,,62.3,0,0,0,0,0,3,0,0,0
Dalton Schultz,47304,TE,HST,1,0,0,13,,,60.0,,,,60.0,,,60.9,0,0,2,0,0,0,0,0,0
Danny Pinter,47339,C,IND,16,0,0,14,,,62.8,,,,62.2,,,67.4,0,0,79,0,0,0,0,0,0
River Cracraft,47417,WR,WAS,2,0,0,32,,,,,,,60.1,61.2,,62.8,0,0,0,0,0,0,0,4,0
Van Jefferson,47447,WR,TEN,7,0,0,31,,,,,,,57.8,,,76.7,2,0,0,0,2,17,20,11,0
Jakobi Meyers,47468,WR,JAX,3,0,0,15,,,,,,,58.8,,,64.4,0,0,0,0,0,3,0,0,0
Scott Miller,47481,WR,PIT,9,0,0,25,59.8,,,,,,48.5,62.6,,70.9,1,0,0,1,0,2,7,7,0
Hunter Renfrow,47509,WR,CAR,3,0,0,5,,,,,,,60.1,62.1,,62.8,0,0,0,0,0,0,0,6,0
KaVontae Turpin,47658,WR,DAL,15,0,1,9,,,,77.8,,,29.8,66.7,,25.3,0,2,0,0,0,91,0,47,0
DJ Turner,47663,WR,LV,1,0,0,23,,,,,,,65.3,60.1,,63.3,1,0,0,0,3,0,0,1,0
Marquez Valdes-Scantling,47809,WR,PIT,1,0,0,25,,,,,,,60.0,,,64.5,0,0,0,0,0,1,0,0,0
Nick Westbrook-Ikhine,47861,WR,MIA,14,0,0,17,,,,,,,74.1,,,76.8,1,1,0,0,49,65,11,23,5
D.K. Metcalf,47864,WR,PIT,6,0,0,25,,,,61.2,,,52.8,,,65.3,0,0,0,0,2,4,1,0,0
Ray-Ray McCloud III,47895,WR,NYG,3,0,0,21,,,,62.6,,,69.2,62.0,,62.5,0,0,0,0,0,13,0,4,0
Andre Baccellia,47901,WR,ARZ,4,0,0,1,,,,61.4,,,59.8,,,66.6,0,0,0,0,0,22,5,0,0
Parris Campbell,47940,WR,DAL,1,0,0,9,,,,,,,69.6,,,65.0,0,0,0,0,6,0,0,0,1
Braxton Berrios,47961,WR,HST,4,0,0,13,,,,62.2,,,72.2,61.6,,64.0,0,0,0,0,0,13,0,4,0
Alex Bachman,47996,WR,LV,13,1,0,23,,,,62.9,,,42.2,66.0,,69.6,2,0,0,0,38,26,0,55,1
Trent Sherfield,48021,WR,ARZ,12,2,0,1,,,,60.0,,,46.8,,,81.7,1,1,0,0,57,62,49,16,3
Jauan Jennings,48027,WR,SF,2,0,0,28,,,,59.9,,,59.3,,,63.7,0,0,0,0,0,3,0,0,0
James Proche II,48037,WR,TEN,6,0,0,31,,,,60.0,,,59.7,,,67.9,0,0,0,0,4,19,1,2,0
Malik Turner,48078,WR,SF,4,1,0,28,,,,,,,90.4,,,71.0,0,0,0,0,9,18,2,9,3
Nyheim Miller-Hines,48103,HB,NO,4,0,0,20,,,,60.7,,,68.4,61.1,,62.2,0,0,0,0,0,20,0,2,0
Dante Pettis,48113,WR,NO,8,0,0,20,,,,63.7,,,68.6,66.6,,64.1,0,0,0,0,0,26,0,27,0
Courtland Sutton,48164,WR,DEN,1,0,0,10,,,,,,,60.0,,,61.5,0,0,0,0,0,1,0,0,0
Cedrick Wilson Jr.,48170,WR,MIA,8,0,0,17,,,,61.2,,,64.2,,,69.4,0,0,0,0,1,17,0,3,0
DJ Moore,48267,WR,CHI,2,0,0,6,,,,,,,59.4,,,62.0,0,0,0,0,0,2,0,0,0
Deebo Samuel,48274,WR,WAS,6,0,0,32,,,,61.5,,,59.9,,,62.2,0,0,0,0,0,27,0,0,0
A.J. Brown,48327,WR,PHI,1,0,0,24,,,,61.2,,,60.0,,,61.5,0,0,0,0,0,1,0,0,0
Steven Sims,48341,WR,ARZ,3,0,0,1,,,,55.1,,,56.8,62.3,,62.5,0,0,0,0,0,20,0,4,0
Da'Shawn Hand,48386,DI,LAC,14,0,0,27,57.9,,60.0,,,,60.3,,,75.9,0,0,1,49,0,0,0,8,0
Jalyn Holmes,48400,DI,WAS,7,0,0,32,58.8,,,,,,59.5,,,67.7,0,0,0,32,0,0,0,0,0
Kentavius Street,48404,DI,ATL,5,0,0,2,57.5,,,,,,57.5,,,69.8,0,0,0,28,0,0,0,0,0
Anthony Nelson,48405,ED,TB,15,1,0,30,58.2,,64.4,,,,63.3,,,46.8,1,2,40,65,52,50,48,30,5
Mike Danna,48415,ED,KC,14,0,0,16,57.8,,,,,,59.3,,,71.8,0,0,0,55,0,0,0,8,0
Tyquan Lewis,48475,ED,IND,9,0,0,14,58.2,,,,,,58.9,,,71.7,0,0,0,37,0,0,0,0,0
Carl Granderson,48500,ED,NO,17,0,0,20,57.9,,,,,,59.1,,,72.9,0,0,0,77,0,0,0,4,0
Bradley Chubb,48526,ED,MIA,1,0,0,17,,,,,,,60.0,,,90.6,0,0,0,0,0,0,0,0,0
Dorance Armstrong,48557,ED,WAS,1,0,0,32,,,,,,,60.0,,,64.3,0,0,0,0,0,0,0,1,0
Harold Landry III,48600,ED,NE,1,0,0,19,,,,,,,60.0,,,90.6,0,0,0,0,0,0,0,0,0
Roy Lopez,48676,DI,DET,16,0,0,11,56.6,,,,,,57.0,,,75.4,0,0,0,70,0,0,0,2,0
Harrison Phillips,48690,DI,NYJ,4,0,0,22,58.5,,,,,,59.5,,,72.1,0,0,0,10,0,0,0,0,0
Daron Payne,48698,DI,WAS,15,0,0,32,56.5,,,,,,56.5,,,74.0,0,0,0,62,0,0,0,2,0
Greg Gaines,48706,DI,TB,1,0,0,30,59.4,,,,,,60.5,,,66.2,0,0,0,5,0,0,0,1,0
Taven Bryan,48753,DI,BLT,3,0,0,3,59.4,,,,,,61.0,,,67.0,0,0,0,2,0,0,0,3,0
Patrick Ricard,48862,FB,BLT,4,0,0,3,,,,,,,79.1,,,64.4,0,0,0,0,0,22,0,0,0
Daniel Ekuale,48874,DI,PIT,3,0,0,25,59.1,,,,,,59.7,,,67.9,0,0,0,6,0,0,0,0,0
Poona Ford,48875,DI,LA,20,0,0,26,56.4,,,,,,56.8,,,75.8,0,0,0,76,0,0,0,5,0
Vita Vea,48956,DI,TB,17,0,0,30,59.1,,,,,,54.0,,,29.8,0,1,0,75,0,0,0,23,0
Tim Settle,48966,DI,HST,12,0,0,13,57.9,,,,,,58.9,,,71.2,0,0,0,40,0,0,0,2,0
Nick Scott,49012,S,CAR,17,0,0,5,60.0,,,,,,64.6,,,71.4,0,0,0,35,0,0,40,0,2
Josh Woods,49023,LB,ATL,12,5,0,2,60.0,,,,,,72.6,,,77.3,1,1,0,55,56,62,39,38,5
Justin Reid,49048,S,NO,12,0,1,20,79.7,,,,,,66.3,,,26.1,0,2,0,52,0,0,0,0,0
Tre Flowers,49059,CB,PIT,3,0,0,25,,,,,,,59.9,,,74.4,0,0,0,0,1,0,0,12,0
Jalen Thompson,49116,S,ARZ,2,0,0,1,60.0,,,,,,60.2,,,62.2,0,0,0,8,0,0,0,0,0
Jessie Bates III,49162,S,ATL,6,0,0,2,59.5,,,,,,59.8,,,64.8,0,0,0,20,1,2,0,1,0
Elijah Campbell,49190,S,MIA,10,1,0,17,59.2,,,,,,72.6,,,82.3,1,0,0,38,47,37,31,30,4
Ronnie Harrison,49206,LB,ATL,10,0,0,2,59.8,,,,,,60.4,,,75.9,0,0,0,37,49,41,28,26,1
Demetrius Flannigan-Fowles,49231,LB,NYG,9,1,0,21,,,,,,,72.0,,,71.6,0,0,0,0,31,29,28,17,3
Andrew Wingard,49268,S,JAX,16,0,0,15,59.9,,,,,,50.1,,,66.6,0,0,0,18,1,11,61,4,0
Carlton Davis III,49335,CB,NE,1,0,0,19,,,,,,,60.0,,,90.6,0,0,0,0,0,0,0,0,0
Kindle Vildor,49346,CB,TB,11,0,0,30,61.5,,,,,,66.5,,,81.1,0,0,0,46,1,0,0,29,0
Ugo Amadi,49352,CB,NO,7,1,0,20,60.0,,,,,,61.5,,,72.6,0,1,0,5,33,38,5,15,0
Isaac Yiadom,49355,CB,NO,14,1,1,20,59.2,,,,,,57.8,,,29.4,5,2,0,29,47,2,42,46,9
Chris Lammons,49368,CB,IND,10,1,0,14,59.0,,,,,,77.1,,,42.2,0,1,0,39,56,6,7,24,6
C.J. Gardner-Johnson,49371,S,CHI,7,0,0,6,60.0,,,,,,65.6,,,69.9,0,0,0,1,0,0,0,9,0
Jaylon Jones,49374,CB,CHI,17,6,0,6,60.0,,,,,,48.4,,,87.8,3,0,0,22,92,62,45,42,7
Donte Jackson,49377,CB,LAC,1,0,0,27,59.9,,,,,,60.5,,,66.6,0,0,0,3,0,0,0,0,0
Cam Lewis,49395,S,BUF,19,1,0,4,60.0,,,,,,54.5,,,27.9,4,2,0,2,85,53,51,40,6
M.J. Stewart,49397,S,HST,8,1,1,13,59.7,,,,,,58.5,,,28.8,0,1,0,14,40,11,14,23,5
Donovan Wilson,49408,S,DAL,1,0,0,9,60.0,,,,,,60.1,,,61.8,0,0,0,3,0,0,0,0,0
Julian Blackmon,49434,S,NO,1,0,0,20,,,,,,,60.1,,,63.7,0,0,0,0,3,0,0,0,0
Keion Crossen,49454,CB,CAR,1,0,0,5,,,,,,,56.1,,,69.7,0,0,0,0,6,0,2,3,0
Taron Johnson,49511,CB,BUF,10,0,0,4,59.9,,,,,,65.8,,,69.6,0,0,0,3,0,0,0,11,0
Nick McCloud,49535,CB,CHI,15,0,0,6,60.3,,,,,,47.4,,,43.0,0,1,0,63,32,27,0,21,1
Denzel Ward,49558,CB,CLV,13,0,0,8,59.3,,,,,,62.4,,,75.2,0,0,0,52,0,0,0,0,0
Ashtyn Davis,49560,S,MIA,15,0,0,17,59.8,,,,,,53.9,,,69.8,0,0,0,68,41,13,55,1,1
Rock Ya-Sin,49564,CB,DET,16,1,0,11,59.6,,,,,,85.1,,,77.8,1,0,0,56,46,55,1,28,1
Matt Dickerson,49601,DI,JAX,9,0,0,15,59.8,,65.1,,,,66.4,,,66.8,0,0,50,1,0,7,0,4,0
Zach Allen,49605,DI,DEN,19,0,0,10,57.9,,,,,,58.3,,,71.9,0,0,0,77,0,0,0,0,0
Cole Holcomb,49753,LB,PIT,15,3,0,25,60.0,,,,,,82.1,,,71.7,0,0,0,6,46,72,46,6,6
Quincy Williams,49779,LB,NYJ,1,1,0,22,60.0,,,,,,50.2,,,63.6,0,0,0,1,4,0,0,0,0
Azeez Al-Shaair,49792,LB,HST,1,0,0,13,,,,,,,60.0,,,60.0,0,0,0,0,0,0,0,0,0
Zaire Franklin,49834,LB,IND,17,0,0,14,59.2,,,,,,61.7,,,67.6,0,0,0,80,3,1,0,8,0
Christian Rozeboom,49862,LB,CAR,4,0,0,5,,,,,,,65.7,,,65.0,0,0,0,0,0,0,16,0,0
B.J. Hill,49894,DI,CIN,11,0,0,7,58.4,,,,,,59.8,,,70.8,0,0,0,35,0,0,0,3,0
Sebastian Joseph-Day,49935,DI,TEN,17,0,0,31,58.1,,,,,,59.5,,,74.1,0,0,0,82,0,0,0,2,0
Jerry Tillery,49949,DI,KC,17,0,0,16,56.9,,,,,,58.4,,,76.7,0,0,0,65,0,0,0,9,0
Derrick Nnadi,49970,DI,KC,15,0,0,16,57.3,,,,,,59.1,,,75.8,0,0,0,56,0,0,0,8,0
Broderick Washington,50049,DI,BLT,3,0,0,3,60.0,,60.3,,,,62.2,,,67.2,0,0,16,16,0,0,0,3,0
Uchenna Nwosu,50084,ED,SEA,3,0,0,29,60.0,,,,,,60.8,,,66.2,0,0,0,11,0,0,0,0,0
John Franklin-Myers,50088,DI,DEN,14,0,1,10,59.9,,,,,,46.4,,,26.5,0,1,0,53,0,0,0,0,0
Josh Sweat,50120,ED,ARZ,2,0,0,1,,,,,,,60.0,,,65.4,0,0,0,0,0,0,0,2,0
Jacob Martin,50152,ED,WAS,17,0,0,32,58.1,,,,,,58.4,,,72.6,0,0,0,84,7,4,12,2,0
Malcolm Roach,50191,DI,DEN,14,0,0,10,57.6,,,,,,60.6,,,75.3,0,0,0,56,0,0,0,18,0
Arden Key,50201,ED,TEN,12,0,0,31,75.3,,,,,,75.4,,,28.3,0,1,0,55,0,0,0,4,0
Oren Burks,50203,LB,CIN,17,6,0,7,59.9,,,,,,77.7,,,83.5,4,0,0,82,89,98,65,51,9
Josh Hines-Allen,50235,ED,JAX,18,0,0,15,58.2,,,,,,59.8,,,72.6,0,0,0,61,0,0,0,11,0
Marcus Davenport,50291,ED,DET,7,0,0,11,58.2,,,,,,58.7,,,69.1,0,0,0,37,0,0,0,1,0
Cornell Armstrong,50351,CB,MIA,3,0,0,17,,,,,,,60.1,,,71.8,0,0,0,0,0,0,0,8,0
Nik Needham,50356,CB,NYJ,1,0,0,22,,,,,,,60.0,,,66.3,0,0,0,0,0,0,0,1,0
Isaiah Oliver,50393,S,NYJ,14,3,0,22,59.7,,,,,,73.6,,,78.9,3,0,0,61,54,69,58,57,4
A.J. Green III,50394,CB,MIA,4,0,0,17,,,,,,,61.8,,,71.4,0,0,0,0,10,0,3,6,1
Jeremy Reaves,50406,S,WAS,17,0,0,32,59.9,,,,,,75.0,,,76.1,3,0,0,77,40,37,57,25,9
Juan Thornhill,50426,S,JAX,10,0,0,15,60.0,,,,,,53.6,,,74.8,0,0,0,13,26,5,0,21,2
Jalen Davis,50431,CB,CIN,2,0,0,7,60.0,,,,,,68.7,,,65.3,0,0,0,1,4,0,0,0,1
Mike Jackson,50437,CB,CAR,18,0,0,5,61.1,,,,,,65.0,,,79.6,0,0,0,82,0,0,0,5,0
Parry Nickerson,50511,CB,PHI,5,0,0,24,59.3,,,,,,48.4,,,29.4,0,1,0,23,0,22,0,15,0
Amani Oruwariye,50533,CB,BLT,1,1,0,3,60.0,,,,,,65.9,,,69.2,0,0,0,2,6,0,0,4,0
Mike Ford,50535,CB,ATL,17,2,0,2,58.9,,,,,,63.5,60.1,,90.6,8,1,0,75,83,88,64,56,13
Avonte Maddox,50543,S,DET,14,0,0,11,60.0,,,,,,67.3,,,82.5,0,0,0,36,7,6,0,39,1
Luke Gifford,50675,LB,SF,18,6,0,28,59.9,,,,,,84.0,,,83.4,3,0,0,79,99,91,46,58,13
Cody Barton,50727,LB,TEN,1,0,0,31,60.0,,,,,,60.2,,,62.3,0,0,0,8,0,0,0,0,0
Jordyn Brooks,50851,LB,MIA,3,0,0,17,60.0,,,,,,60.7,,,80.8,0,0,0,2,0,0,0,0,0
Roquan Smith,50892,LB,BLT,2,0,0,3,60.0,,,,,,60.0,,,62.1,0,0,0,2,0,0,0,0,0
Tremaine Edmunds,50905,LB,CHI,10,0,0,6,60.0,,,,,,66.5,,,68.4,0,0,0,1,0,0,0,12,0
Robert Spillane,50918,LB,NE,13,0,0,19,60.0,,,,,,61.4,,,67.7,0,0,0,42,1,3,0,0,0
Bobby Okereke,50954,LB,NYG,17,0,0,21,60.0,,,,,,60.9,,,65.8,0,0,0,83,0,0,0,0,0
Frankie Luvu,51028,LB,WAS,3,0,0,32,60.0,,,,,,60.6,,,66.3,0,0,0,1,0,1,0,2,0
Tyrel Dodson,51045,LB,MIA,11,0,0,17,59.9,,,,,,61.5,,,70.2,0,0,0,7,0,2,34,0,1
Jahlani Tavai,51055,LB,NE,15,3,0,19,60.0,,,,,,77.9,,,79.8,0,2,0,46,76,50,55,47,8
Julian Love,51081,S,SEA,8,0,0,29,90.2,,,,,,91.3,,,63.5,0,0,0,30,0,0,0,0,0
Marcelino McCrary-Ball,51112,LB,NYJ,5,1,0,22,59.4,,,,,,85.0,,,74.5,0,0,0,28,24,29,20,19,7
Taylor Rapp,51172,S,BUF,4,0,0,4,59.8,,,,,,63.0,,,67.1,0,0,0,1,0,0,0,5,0
P.J. Locke,51189,S,DEN,15,2,0,10,60.0,,,,,,62.7,,,82.1,0,0,0,1,78,53,6,67,4
Minkah Fitzpatrick,51206,S,MIA,14,0,0,17,59.6,,,,,,63.8,,,30.9,1,1,0,54,48,3,0,1,6
Fred Warner,51222,LB,SF,6,0,0,28,58.6,,,,,,60.9,,,64.4,0,0,0,22,0,0,0,8,0
Drue Tranquill,51276,LB,KC,17,0,0,16,59.5,,,,,,64.0,,,76.2,0,0,0,65,1,0,0,8,0
Mike Edwards,51282,S,KC,5,1,0,16,,,,,,,37.4,,,27.0,0,2,0,0,0,0,21,16,0
Kristian Welch,51283,LB,GB,8,2,0,12,60.0,,,,,,75.7,,,69.8,1,0,0,1,34,26,17,9,1
Terrell Edmunds,51334,S,LV,1,0,0,23,,,,,,,60.0,,,62.1,0,0,0,0,1,0,0,0,0
Will Harris,51336,S,WAS,4,0,0,32,,,,,,,60.3,,,61.8,0,0,0,0,2,0,0,2,0
Derwin James Jr.,51368,S,LAC,9,0,0,27,60.0,,,,,,61.6,,,69.0,0,0,0,2,0,0,0,10,0
Amani Hooker,51378,S,TEN,6,0,0,31,59.7,,,,,,60.2,,,63.4,0,0,0,30,0,0,0,0,0
Marcus Epps,51391,S,PHI,8,1,0,24,59.3,,,,,,51.1,,,29.6,0,1,0,38,4,43,13,21,1
Jaylinn Hawkins,51423,S,NE,17,0,0,19,59.4,,,,,,57.4,,,29.7,0,1,0,34,0,8,13,8,1
Kaden Elliss,51485,LB,ATL,7,0,0,2,60.0,,,,,,62.7,,,69.0,0,0,0,20,1,0,3,7,0
J.T. Gray,51495,S,TB,5,0,0,30,59.7,,,,,,78.8,,,76.3,1,0,0,6,21,24,14,18,3
Kenny Moore II,51596,CB,IND,14,0,0,14,60.3,,,61.2,,,62.4,,,69.9,0,0,0,67,0,1,0,0,0
Darian Kinnard,51789,T,GB,18,0,0,12,,,66.1,,,,63.5,,,71.8,0,0,82,0,0,0,0,0,0
Anthony Firkser,51837,TE,DET,7,0,0,11,,,61.8,,,,67.8,,,70.4,0,0,19,0,0,43,4,14,0
Brady Christensen,51985,G,CAR,8,0,0,5,,,63.2,,,,61.6,,,62.1,0,0,29,0,0,0,0,0,0
Khyiris Tonga,52000,DI,NE,12,0,0,19,58.2,,61.7,,,,61.5,,,74.2,0,0,39,22,0,0,0,7,0
Claudin Cherelus,52094,LB,CAR,15,1,0,5,60.0,,,,,,64.3,,,74.8,2,0,0,63,39,50,37,28,3
Austin Trammell,52195,WR,JAX,4,0,0,15,,,,57.2,,,56.5,62.3,,62.6,0,0,0,0,0,5,0,4,0
Colby Parkinson,52266,TE,LA,11,0,0,26,,,,61.2,,,50.0,,,67.2,0,0,0,0,0,32,12,0,0
Drew Dalman,52270,C,CHI,5,0,0,6,,,62.6,,,,61.6,,,63.7,0,0,16,0,0,0,0,0,0
Foster Sarell,52272,G,LAC,4,0,0,27,,,62.6,,,,61.7,,,65.2,0,0,23,0,0,0,0,0,0
Tucker Fisk,52286,TE,LAC,7,0,0,27,,,,,,,53.3,,,67.0,0,0,0,0,0,9,16,2,0
Walker Little,52287,T,JAX,16,0,0,15,,,66.3,,,,63.8,,,75.1,0,0,76,0,0,0,0,0,0
Ivan Pace Jr.,53587,LB,MIN,17,2,3,18,59.7,,,,,,53.3,,,26.3,0,5,0,76,81,59,65,51,10
Brenden Bates,53746,TE,CLV,9,0,0,8,,,61.7,,,,47.3,,,71.0,0,0,19,0,0,25,4,9,0
Carrington Valentine,53750,CB,GB,14,0,0,12,60.4,,,,,,63.8,,,78.5,0,0,0,18,29,4,0,29,0
Josh Whyle,54037,TE,GB,8,0,0,12,,,,,,,59.4,,,70.4,0,1,0,0,0,39,11,8,0
Brock Hoffman,54535,C,DAL,17,0,0,9,,,67.8,,,,58.1,,,27.9,0,1,91,0,0,0,0,0,0
Malcolm Koonce,55015,ED,LV,17,1,0,23,59.3,,,,,,51.8,,,73.3,0,0,0,76,0,3,69,16,2
Charlie Jones,55038,WR,CIN,14,0,0,7,,,,79.4,,,57.3,67.2,,64.6,0,0,0,0,0,73,0,34,0
Coby Bryant,55088,S,SEA,15,1,0,29,59.1,,,,,,65.8,,,68.0,0,0,0,50,9,0,0,0,1
Ryan Van Demark,55113,T,BUF,19,0,0,4,,,67.1,,,,63.6,,,74.8,0,1,86,0,0,11,0,0,0
Zavier Scott,55123,HB,MIN,16,1,0,18,,,,,,,75.3,,,75.8,2,0,0,0,21,34,57,36,3
Boye Mafe,55220,ED,SEA,18,0,0,29,59.8,,,,,,61.6,,,70.7,0,0,0,60,0,0,0,0,0
Esezi Otomewo,55221,DI,PIT,11,0,0,25,58.4,,,,,,59.7,,,73.0,0,0,0,22,0,0,0,7,0
John Michael Schmitz Jr.,55238,C,NYG,2,0,0,21,,,60.0,,,,60.5,,,63.6,0,0,7,0,0,0,0,0,0
Mark Robinson,55265,LB,PIT,8,0,1,25,,,,,,,46.3,,,27.2,0,3,0,0,33,24,23,25,4
Tycen Anderson,55351,S,CIN,17,7,0,7,59.4,,,,,,83.4,,,59.5,3,1,0,81,89,98,65,49,10
Kalia Davis,55389,DI,SF,18,0,0,28,57.4,,,,,,58.3,,,74.2,0,0,0,74,0,0,0,4,0
Alex Ward,55396,LS,LA,8,1,0,26,,,49.3,,,74.3,58.2,,,27.8,0,1,41,0,0,0,25,0,0
Ja'Sir Taylor,55426,CB,NYJ,17,3,0,22,59.3,,,,,,47.9,,,58.8,2,1,0,42,78,37,25,50,6
Zach Tom,55443,T,GB,11,0,0,12,,,64.7,,,,62.1,,,62.4,0,0,44,0,0,0,0,0,0
Elijah Hicks,55584,S,CHI,19,0,0,6,59.5,,,,,,91.5,,,77.8,0,1,0,84,108,96,15,47,12
Josh Blackwell,55589,CB,CHI,17,4,0,6,88.1,,,47.5,,,69.4,,,78.6,4,1,0,76,95,60,54,44,6
Marco Wilson,55592,CB,CIN,3,1,0,7,60.0,,,,,,67.4,,,72.6,0,0,0,11,10,0,2,7,1
CJ Henderson,55593,CB,ATL,4,0,0,2,59.7,,,,,,64.2,,,72.9,0,0,0,15,0,6,0,8,0
Lonnie Johnson Jr.,55615,S,LV,9,0,1,23,,,,,,,46.1,,,26.6,1,2,0,0,28,10,1,28,0
Amik Robertson,55619,CB,DET,5,0,0,11,,,,,,,52.1,,,71.6,0,0,0,0,0,0,0,5,0
DeeJay Dallas,55632,HB,JAX,6,0,0,15,60.0,,,66.4,,,87.8,62.0,,68.9,1,0,0,3,13,28,20,15,2
Jeff Okudah,55674,CB,MIN,5,1,0,18,,,,,,,74.0,,,85.7,0,0,0,0,26,0,0,9,2
Tre Brown,55677,CB,NYJ,10,0,0,22,59.3,,,,,,45.1,,,26.9,1,2,0,10,29,0,14,29,0
Deommodore Lenoir,55686,CB,SF,12,0,0,28,60.0,,,,,,60.0,,,75.2,0,0,0,1,0,0,0,14,0
Marcus Jones,55717,CB,NE,20,0,0,19,,,,,,,61.9,91.1,,68.0,0,0,0,0,0,3,0,78,0
Darious Williams,55724,CB,LA,13,0,0,26,60.0,,,,,,54.3,,,78.1,0,0,0,2,8,0,0,30,0
Ja'Marcus Ingram,55738,CB,HST,13,3,0,13,59.8,,,,,,71.5,,,88.2,2,1,0,35,69,24,23,54,5
Xavier McKinney,55775,S,GB,17,1,0,12,60.3,,,,,,61.6,,,73.2,1,0,0,68,86,4,0,3,4
Montaric Brown,55797,CB,JAX,16,1,0,15,59.2,,,,,,54.1,,,72.9,3,0,0,10,70,2,0,6,3
Kamren Curl,55800,S,LA,11,0,0,26,60.0,,,,,,65.6,,,68.8,0,0,0,43,0,0,0,21,0
Arron Mosby,55908,ED,GB,13,2,0,12,59.9,,,,,,66.4,,,56.6,3,1,0,43,62,65,38,34,8
Ameer Speed,55918,CB,HST,2,0,0,13,60.0,,,,,,53.4,,,27.3,1,1,0,6,10,7,8,8,2
Grant Stuard,55933,LB,DET,17,7,0,11,60.0,,,59.1,,,83.0,,,53.8,3,3,0,69,99,91,57,59,7
Bryan Cook,55940,S,KC,16,0,0,16,,,,,,,63.3,,,70.0,0,0,0,0,10,2,45,8,3
Nate Hobbs,55948,CB,GB,8,0,0,12,60.5,,,59.7,,,66.8,,,72.2,0,0,0,19,5,2,0,3,1
Tony Adams,55953,S,NYJ,7,0,0,22,59.9,,,,,,68.0,,,72.4,0,0,0,10,20,15,0,8,1
Raheem Layne,55960,S,NYG,3,0,0,21,,,,,,,29.8,,,67.0,1,0,0,0,18,0,0,1,1
Geno Stone,55967,S,CIN,17,0,0,7,59.3,,,,,,59.6,,,64.4,0,0,0,79,0,0,0,0,0
Markquese Bell,56033,S,DAL,17,3,2,9,77.1,,,,,,68.4,,,25.3,2,6,0,67,77,81,39,40,7
Mike Brown,56054,S,TEN,9,0,2,31,59.5,,,,,,50.9,,,24.8,0,3,0,40,33,46,41,31,3
Benjamin St-Juste,56061,CB,LAC,17,5,0,27,59.9,,,,,,55.3,60.1,,29.6,4,3,0,50,84,77,39,58,2
Reed Blankenship,56065,S,PHI,14,0,0,24,60.0,,,,,,66.7,,,68.7,0,0,0,1,0,4,0,18,0
Ty Okada,56089,S,SEA,15,0,0,29,59.7,,,,,,60.9,,,76.5,0,0,0,15,32,32,45,24,2
Nephi Sewell,56107,LB,NO,3,0,0,20,,,,,,,34.5,,,26.8,1,1,0,0,14,18,8,9,0
Kemon Hall,56123,CB,TEN,4,0,0,31,60.0,,,,,,55.1,,,78.9,0,0,0,21,12,12,10,15,0
Jason Pinnock,56144,S,SF,14,0,0,28,59.3,,,,,,62.2,,,73.8,0,0,0,24,24,38,5,24,1
Tre Avery,56146,CB,CLV,10,2,1,8,,,,,,,76.8,,,66.4,3,2,0,0,11,2,54,42,6
Marte Mapu,56159,LB,NE,20,3,0,19,60.0,,,,,,57.8,,,30.0,2,2,0,21,88,72,71,47,9
Keisean Nixon,56167,CB,GB,17,0,1,12,59.0,,,58.7,,,52.9,33.3,,31.4,0,1,0,67,0,10,0,7,0
Ifeatu Melifonwu,56203,S,MIA,14,1,0,17,60.0,,,,,,55.3,,,76.3,0,1,0,15,26,36,0,26,0
Christian Braswell,56207,CB,JAX,18,1,0,15,60.5,,,,,,65.6,,,89.1,1,0,0,59,33,23,4,57,0
Quentin Lake,56245,S,LA,13,0,0,26,59.4,,,61.2,,,61.3,,,67.9,0,0,0,44,0,3,0,12,0
Darnay Holmes,56247,CB,LV,13,0,0,23,,,,,,,61.8,,,33.2,0,1,0,0,0,0,0,49,0
Keith Taylor Jr.,56289,CB,JAX,3,0,0,15,,,,,,,59.9,,,74.0,0,0,0,0,0,0,0,10,0
Elijah Molden,56290,S,LAC,5,0,0,27,60.0,,,,,,63.1,,,67.8,0,0,0,3,3,0,0,5,0
Devon Key,56307,S,DEN,19,4,0,10,59.3,,,,,,87.1,,,87.1,3,0,0,65,97,88,85,99,22
Chris Rumph II,56345,ED,NO,17,3,0,20,60.0,,,,,,58.2,,,38.7,1,4,0,77,71,90,58,54,10
Victor Dimukeje,56347,ED,NYG,5,0,0,21,58.6,,,,,,59.6,,,72.3,1,0,0,22,13,30,2,11,2
A.J. Epenesa,56369,ED,BUF,13,0,0,4,59.7,,,,,,68.9,,,28.7,0,1,0,45,39,16,0,6,2
Andre Jones Jr.,56395,ED,BUF,4,0,0,4,58.6,,,,,,47.4,,,71.9,1,0,0,15,19,19,0,8,2
Chase Young,56436,ED,NO,1,0,0,20,,,,,,,60.0,,,90.6,0,0,0,0,0,0,0,0,0
Yetur Gross-Matos,56444,ED,SF,5,0,0,28,59.8,,,,,,61.0,,,67.6,0,0,0,1,0,0,0,5,0
Patrick Johnson,56460,ED,PHI,9,1,0,24,59.7,,,,,,42.0,,,78.0,4,0,0,18,41,43,41,29,3
Cam Sample,56462,ED,CIN,9,0,1,7,60.0,,,,,,40.5,,,24.4,0,2,0,36,0,26,0,4,0
LaBryan Ray,56501,DI,CAR,6,0,0,5,59.8,,,,,,60.6,,,66.1,0,0,0,13,0,0,0,0,0
Phidarian Mathis,56504,DI,BUF,1,0,0,4,59.4,,,,,,59.8,,,63.7,0,0,0,1,0,0,0,0,0
D.J. Davidson,56523,DI,NYG,15,0,0,21,57.7,,66.5,,,,61.8,,,75.7,0,0,55,66,0,0,0,17,0
T.J. Slaton,56597,DI,CIN,17,0,0,7,56.5,,,,,,56.9,,,76.7,0,0,0,76,0,0,0,3,0
Demontrey Jacobs,56619,T,ARZ,5,0,0,1,,,62.0,,,,61.8,,,69.6,0,0,16,0,0,0,0,0,0
Kendrick Green,56642,G,CLV,1,0,0,8,,,60.0,,,,60.0,,,60.7,0,0,1,0,0,0,0,0,0
Quinton Bohanna,56673,DI,GB,2,0,0,12,59.4,,,,,,60.3,,,65.2,0,0,0,1,0,0,0,1,0
Milton Williams,56682,DI,NE,4,0,0,19,58.0,,,,,,59.6,,,73.4,0,0,0,13,0,0,0,4,0
DJ Johnson,56704,ED,CAR,4,0,0,5,,,,,,,42.0,,,69.4,1,0,0,0,15,13,12,6,0
Jonathan Ford,56705,DI,GB,5,0,0,12,58.8,,60.0,,,,60.2,,,70.6,0,0,4,14,0,0,0,1,0
Kwity Paye,56713,ED,IND,6,0,0,14,,,,,,,63.7,,,69.1,0,0,0,0,0,0,0,7,0
Jordan Elliott,56734,DI,SF,18,0,0,28,70.6,,,,,,71.0,,,29.2,0,1,0,72,0,0,0,2,0
Jordon Riley,56759,DI,GB,4,0,0,12,58.7,,,,,,59.0,,,66.0,0,0,0,12,0,0,0,0,0
Javon Kinlaw,56834,DI,WAS,17,0,0,32,68.7,,,,,,76.3,,,78.0,0,0,0,84,0,0,0,1,0
Kingsley Jonathan,56856,ED,NYJ,1,0,0,22,,,,,,,75.5,,,65.1,0,0,0,0,2,6,0,0,0
Arnold Ebiketie,56862,ED,ATL,3,0,0,2,59.6,,,,,,61.2,,,64.9,1,0,0,4,4,2,0,0,0
Ta'Quon Graham,56868,DI,ATL,1,0,0,2,60.0,,,,,,60.0,,,67.2,0,0,0,1,0,0,0,0,0
Micheal Clemons,56872,ED,NYJ,16,0,0,22,58.3,,63.7,,,,60.6,,,72.7,0,0,52,86,0,0,0,3,0
Jaelan Phillips,56902,ED,PHI,8,0,0,24,59.5,,,,,,63.1,,,70.6,0,0,0,7,0,0,0,12,0
Jay Tufele,56913,DI,NYJ,12,0,0,22,58.4,,64.7,,,,60.6,,,68.7,0,0,32,30,0,0,0,0,0
Dayo Odeyingbo,56923,ED,CHI,6,0,0,6,59.2,,,,,,61.6,,,68.4,0,0,0,24,0,0,0,6,0
DeAngelo Malone,56941,ED,ATL,9,3,0,2,60.0,,,,,,55.0,,,77.5,2,0,0,38,40,46,32,29,3
Jordan Jackson,56957,DI,DEN,6,0,0,10,58.6,,,,,,59.7,,,70.0,0,0,0,27,0,0,0,4,0
James Lynch,56962,DI,TEN,3,0,0,31,60.0,,,,,,60.7,,,65.4,0,0,0,15,0,0,0,0,0
Cory Durden,56976,DI,NE,16,0,0,19,57.1,,62.2,,,,52.6,,,30.9,0,1,53,47,0,0,0,15,0
Larrell Murchison,57004,DI,LA,8,0,0,26,58.3,,60.0,,,,61.1,,,73.6,0,0,13,25,0,0,0,6,0
Brandon Pili,57036,DI,SEA,11,0,0,29,58.2,,,,,,73.9,,,73.9,0,0,0,25,8,0,0,9,1
Brian Robinson,57120,HB,SF,14,0,0,28,,,,65.9,,,69.3,,,63.0,0,0,0,0,0,72,0,0,0
Gary Brightwell,57133,HB,CIN,2,0,0,7,,,,55.5,,,61.4,,,66.8,0,0,0,0,0,6,3,3,0
AJ Dillon,57165,HB,PHI,5,0,0,24,,,,54.1,,,70.1,,,67.1,0,0,0,0,0,11,9,3,1
Travis Etienne Jr.,57185,HB,JAX,1,0,0,15,,,,,,,60.0,,,62.5,0,0,0,0,0,0,0,0,0
Malik Davis,57196,HB,DAL,10,2,0,9,,,,,,,71.9,,,29.5,0,1,0,0,53,44,20,30,5
Cam Akers,57206,HB,SEA,6,0,0,29,,,,59.2,,,43.0,,,26.1,0,1,0,0,0,5,0,18,0
Ronnie Rivers,57208,HB,LA,14,0,0,26,,,,60.0,,,51.8,,,70.0,0,0,0,0,10,58,48,6,1
Jordan Mims,57209,HB,TEN,1,0,0,31,,,,,,,83.7,,,64.1,0,0,0,0,5,4,0,0,1
Connor Heyward,57301,TE,PIT,18,2,0,25,,,,67.4,,,64.8,,,48.4,0,1,0,0,91,95,71,49,6
Michael Carter,57337,HB,ARZ,2,0,0,1,,,,59.9,,,56.1,,,64.2,0,0,0,0,0,3,0,1,0
Trey Sermon,57372,HB,PIT,4,0,0,25,,,,62.8,,,51.4,,,68.8,0,1,0,0,11,19,9,7,0
Chuba Hubbard,57373,HB,CAR,10,0,0,5,,,,58.0,,,67.3,,,62.2,0,0,0,0,0,32,0,0,0
Owen Wright,57486,HB,TB,2,0,0,30,,,,58.3,,,57.6,,,63.8,0,0,0,0,0,15,0,2,0
Lucas Havrisik,57498,K,GB,3,0,0,12,,67.7,,,31.5,,60.3,,,62.2,0,0,13,0,16,0,0,0,0
Blake Grupe,57502,K,IND,16,0,0,14,,66.4,,,9.7,,60.9,,,63.3,2,2,63,0,70,0,0,0,1
Riley Patterson,57556,K,MIA,17,0,0,17,,76.1,,,9.8,,60.9,,,63.4,0,2,65,0,80,0,0,0,3
Andre Szmyt,57624,K,CLV,17,1,0,8,,77.5,,,14.0,,60.8,,,63.3,0,0,53,0,67,0,0,0,1
Daniel Whelan,57639,P,GB,18,0,0,12,,,63.0,,,,63.7,,88.2,74.8,0,0,82,0,6,0,54,0,0
Matt Gay,57643,K,SF,12,0,0,28,,62.0,,,10.4,,60.8,,,63.1,0,3,49,0,60,0,0,0,0
Jordan Stout,57649,P,BLT,17,0,0,3,,,63.0,,,,64.0,,53.9,74.6,0,0,80,0,1,0,54,0,1
Jack Gibbens,57662,LB,NE,19,3,0,19,59.8,,,,,,55.7,,,81.7,1,1,0,64,71,63,65,61,4
D'Marco Jackson,57691,LB,CHI,18,2,0,6,59.8,,,,,,65.6,,,41.6,4,2,0,61,70,68,55,29,6
Jon Rhattigan,57718,LB,LV,13,3,0,23,59.6,,,,,,51.9,,,78.1,6,0,0,38,41,68,58,36,2
K.J. Britt,57727,LB,MIA,17,1,0,17,59.8,,,,,,65.5,,,53.2,1,2,0,68,73,72,61,59,10
Jalen Pitre,57737,S,HST,3,0,0,13,59.7,,,,,,60.0,,,63.5,0,0,0,3,2,0,0,0,0
Terrel Bernard,57739,LB,BUF,12,0,0,4,60.0,,,,,,62.9,,,67.3,0,0,0,44,0,0,0,9,0
Isaiah McDuffie,57754,LB,GB,18,5,0,12,59.2,,,,,,83.5,,,78.5,3,1,0,72,78,72,54,48,10
Baylon Spector,57782,LB,BUF,5,1,0,4,,,,,,,69.6,,,71.2,0,0,0,0,29,25,6,13,3
Nate Landman,57788,LB,LA,20,0,0,26,60.0,,,,,,70.3,,,69.3,0,0,0,76,0,0,1,33,0
Ventrell Miller,57809,LB,JAX,18,3,0,15,59.9,,,,,,43.6,,,26.5,10,4,0,55,88,70,64,43,7
James Houston,57810,ED,DAL,17,3,0,9,59.4,,,,,,72.9,,,43.0,1,1,0,1,84,48,0,47,8
Mykal Walker,57834,LB,NYJ,14,2,0,22,59.5,,,,,,80.2,,,83.0,0,0,0,44,56,87,60,55,9
Monty Rice,57839,LB,DET,1,1,0,11,60.0,,,,,,53.0,,,26.3,0,1,0,3,9,3,0,4,1
Robert Beal Jr.,57840,ED,SF,8,2,0,28,59.9,,,,,,75.1,,,75.1,0,0,0,33,40,37,3,22,3
Del'Shawn Phillips,57868,LB,LAC,18,4,1,27,59.2,,,,,,82.2,,,53.1,4,1,0,67,92,89,66,57,18
Jake Hummel,57879,LB,BLT,17,3,0,3,59.9,,,,,,83.9,,,69.2,3,1,0,78,94,93,54,52,11
Patrick Queen,57941,LB,PIT,17,0,0,25,59.8,,,,,,62.4,,,69.9,0,0,0,72,0,0,0,8,0
K'Lavon Chaisson,57945,ED,NE,18,0,0,19,57.8,,,,,,47.6,,,50.8,1,1,0,59,1,5,33,18,0
Willie Gay,57987,LB,MIA,17,2,0,17,,,,,,,55.3,,,78.3,1,0,0,0,58,32,2,34,3
Pete Werner,58093,LB,NO,11,0,0,20,,,,,,,52.0,,,66.1,1,0,0,0,2,0,35,0,0
Baron Browning,58095,ED,ARZ,5,0,0,1,,,,,,,54.4,,,67.4,1,0,0,0,12,0,0,4,0
Kenneth Murray Jr.,58099,LB,DAL,7,0,0,9,60.0,,,,,,60.6,,,64.0,0,0,0,40,0,0,0,0,0
Derrick Barnes,58120,LB,DET,17,3,0,11,60.3,,,,,,62.1,,,71.9,1,0,0,35,46,2,57,4,1
Buddy Johnson,58189,LB,IND,13,2,0,14,59.8,,,,,,76.1,,,78.4,4,0,0,5,70,77,39,28,7
Devin Lloyd,58238,LB,JAX,15,2,0,15,,,,,,,65.9,,,68.5,1,0,0,0,87,2,0,7,5
Joe Tryon-Shoyinka,58272,ED,CHI,16,1,0,6,59.8,,,,,,78.3,,,76.3,0,0,0,2,37,10,0,44,4
Chris Stoll,58391,LS,SEA,19,0,0,29,,,90.3,,,61.5,68.3,,,67.8,0,1,110,0,0,0,60,0,1
Cal Adomitis,58393,LS,PHI,9,0,0,24,,,70.1,,,23.4,62.0,,,67.1,1,0,37,0,0,0,44,0,2
Xavier Newman,58525,G,NYJ,2,0,0,22,,,60.0,,,,60.4,,,61.2,0,0,3,0,0,0,0,0,0
John Ojukwu,58530,T,TEN,2,0,0,31,,,61.0,,,,61.5,,,69.0,0,0,11,0,0,0,0,0,0
Will Sherman,59662,G,NO,7,0,0,20,,,65.0,,,,62.3,,,62.7,0,0,36,0,0,0,0,0,0
Sidy Sow,59675,G,HST,2,0,0,13,,,60.0,,,,61.1,,,67.6,0,0,6,0,0,0,0,0,0
Nick Zakelj,59693,G,SF,3,0,0,28,,,60.0,,,,60.8,,,64.2,0,0,11,0,0,0,0,0,0
Alex Palczewski,59738,G,DEN,19,0,0,10,,,62.9,,,,62.2,,,67.5,0,0,81,0,0,0,0,0,0
Vederian Lowe,59741,T,NE,20,0,0,19,,,29.4,,,,48.1,,,73.0,0,0,99,0,0,0,0,0,0
Mekhi Becton,59818,G,LAC,15,0,0,27,,,65.4,,,,63.1,,,71.0,0,0,60,0,0,0,0,0,0
Ed Ingram,59819,G,HST,16,0,0,13,,,26.9,,,,39.1,,,77.7,0,0,81,0,0,0,0,0,0
Saahdiq Charles,59820,G,CAR,2,0,0,5,,,61.5,,,,61.2,,,61.9,0,0,10,0,0,0,0,0,0
Austin Deculus,59821,T,LAC,11,0,0,27,,,64.3,,,,52.9,,,25.5,0,1,41,0,0,0,0,0,0
James Hudson III,59854,T,NYG,11,0,0,21,,,63.0,,,,62.2,,,67.6,0,0,44,0,0,0,0,0,0
Cesar Ruiz,59857,G,NO,14,0,0,20,,,63.9,,,,61.9,,,63.5,0,0,45,0,0,0,0,0,0
Ben Brown,59869,G,NE,20,0,0,19,,,68.6,,,,64.3,,,69.4,0,0,99,0,0,0,0,0,0
Larry Borom,59879,T,MIA,15,0,0,17,,,62.5,,,,62.0,,,66.9,0,0,64,0,0,0,0,0,0
Brenden Jaimes,59909,C,NE,4,0,0,19,,,61.1,,,,61.4,,,65.4,0,0,28,0,0,0,0,0,0
Trevor Penning,59963,G,LAC,14,0,0,27,,,64.5,,,,62.1,,,62.6,0,0,43,0,0,0,0,0,0
Robert Hainsey,59980,C,JAX,3,0,0,15,,,60.0,,,,60.8,,,64.8,0,0,6,0,0,0,0,0,0
Aaron Banks,59983,G,GB,15,0,0,12,,,66.5,,,,62.9,,,63.7,0,0,62,0,0,0,0,0,0
Josh Myers,59992,C,NYJ,6,0,0,22,,,64.7,,,,62.9,,,72.5,0,0,24,0,0,0,0,0,0
Thayer Munford Jr.,59994,T,NE,8,0,0,19,,,64.5,,,,62.6,,,69.0,0,0,42,0,0,0,0,0,0
Creed Humphrey,59996,C,KC,17,0,0,16,,,62.7,,,,62.2,,,67.4,0,0,73,0,0,0,0,0,0
Alex Forsyth,60012,C,DEN,18,0,0,10,,,65.4,,,,62.4,,,62.2,0,0,73,0,0,0,0,0,0
Braxton Jones,60092,T,CHI,5,0,0,6,,,63.1,,,,62.1,,,68.9,0,0,25,0,0,0,0,0,0
Sam Cosmi,60114,G,WAS,8,0,0,32,,,63.9,,,,61.9,,,62.4,0,0,24,0,0,0,0,0,0
Dan Moore Jr.,60120,T,TEN,6,0,0,31,,,63.0,,,,62.1,,,69.0,0,0,24,0,0,0,0,0,0
Abraham Lucas,60218,T,SEA,17,0,0,29,,,63.2,,,,62.4,,,67.9,0,0,98,0,0,0,0,0,0
Jordan Meredith,60235,C,LV,11,0,0,23,,,64.9,,,,62.2,,,62.7,0,0,34,0,0,0,0,0,0
Bryce Baringer,60274,P,NE,20,0,0,19,,,63.4,,,,64.0,,59.8,75.6,1,2,99,0,1,0,71,0,0
Brad Robbins,60291,P,BUF,1,0,0,4,,,60.0,,,,60.7,,51.2,66.9,0,0,6,0,0,0,4,0,0
Tua Tagovailoa,60326,QB,MIA,1,0,0,17,,,,,,,60.0,,,62.5,0,0,0,0,0,0,0,0,0
Stone Smartt,60492,TE,NYJ,15,0,0,22,,,,,,,70.8,,,76.9,0,0,0,0,10,77,9,42,3
Jelani Woods,60509,TE,NYJ,2,0,0,22,,,,,,,84.5,,,64.0,0,0,0,0,0,12,0,0,0
Daniel Scott,60640,S,IND,4,0,0,14,60.0,,,,,,56.5,,,26.5,0,1,0,1,26,17,0,6,1
Michael Carter II,60644,CB,PHI,10,1,0,24,59.7,,,,,,66.9,,,80.4,0,0,0,30,4,19,0,29,0
James Pierre,60649,CB,PIT,15,0,0,25,59.2,,,,,,59.0,,,84.7,1,0,0,24,31,42,31,42,1
Grant Delpit,60685,S,CLV,17,3,0,8,59.0,,,,,,75.4,,,76.2,1,0,0,48,67,0,65,13,6
Malcolm Rodriguez,60731,LB,DET,7,1,0,11,60.0,,,,,,66.6,,,74.3,0,0,0,34,40,43,20,23,1
Darren Hall,60742,S,ARZ,13,1,0,1,59.9,,,,,,71.6,,,76.3,1,0,0,41,53,81,7,29,3
Garret Wallow,60761,LB,SF,13,1,0,28,59.7,,,,,,46.9,,,55.5,3,1,0,9,65,55,36,40,3
Isaiah Pola-Mao,60781,S,LV,17,1,0,23,60.0,,,,,,58.8,,,73.1,1,0,0,1,0,2,65,2,2
Austin Jackson,60816,T,MIA,1,0,0,17,,,60.0,,,,60.6,,,66.2,0,0,4,0,0,0,0,0,0
Andrew Vorhees,60818,G,BLT,17,0,0,3,,,67.2,,,,63.3,,,65.4,0,0,69,0,0,0,0,0,0
Yosh Nijman,60822,T,CAR,17,0,0,5,,,64.1,,,,62.4,,,67.3,0,0,63,0,0,0,0,0,0
Sal Cannella,60853,TE,CLV,2,0,0,8,,,,,,,56.2,,,66.5,0,0,0,0,0,6,0,0,0
Hunter Long,60859,TE,JAX,7,0,0,15,,,60.5,,,,70.0,,,69.1,0,0,11,0,7,33,25,2,0
Jake Tonges,60864,TE,SF,18,0,0,28,,,28.2,,,,51.8,,,75.9,1,0,72,0,29,76,43,25,2
Brady Russell,60876,FB,SEA,19,1,1,29,,,66.0,,,,71.9,,,67.7,5,2,110,0,117,79,58,76,13
Noah Gray,60878,TE,KC,16,0,0,16,,,64.3,,,,66.0,,,29.4,0,1,67,0,1,22,1,34,0
Charlie Kolar,60917,TE,BLT,17,4,0,3,,,65.5,,,,55.3,,,77.9,5,1,80,0,71,93,17,31,3
Dylan Parham,60953,G,LV,13,0,0,23,,,66.5,,,,63.8,,,74.8,0,0,42,0,0,0,0,0,0
Brock Wright,60994,TE,DET,11,0,0,11,,,65.3,58.7,,,53.9,,,67.7,1,0,58,0,0,43,29,0,0
Cole Kmet,60995,TE,CHI,17,0,0,6,,,66.3,,,,67.4,,,63.8,0,0,77,0,0,1,4,0,1
Grant Calcaterra,60997,TE,PHI,16,0,1,24,,,64.5,,,,44.5,,,27.0,1,2,63,0,0,49,61,0,1
Keion White,60998,ED,SF,15,0,0,28,57.9,,62.6,,,,62.4,,,74.4,0,0,20,60,0,0,0,13,0
Travis Vokolek,61004,TE,ARZ,5,0,0,1,,,60.0,,,,81.3,,,71.3,0,0,5,0,3,20,13,4,2
Cade Otton,61071,TE,TB,2,0,0,30,,,,,,,32.9,,,63.0,0,0,0,0,2,0,0,0,1
Jake Ferguson,61081,TE,DAL,2,0,0,9,,,,,,,60.1,,,64.2,0,0,0,0,0,3,0,0,0
DeVonta Smith,61100,WR,PHI,4,0,0,24,,,,61.2,,,58.9,,,64.8,0,0,0,0,0,4,0,0,0
Tyrell Shavers,61107,WR,BUF,18,1,0,4,,,,,,,70.5,,,82.8,0,0,0,0,89,75,24,55,2
Noah Igbinoghene,61155,CB,WAS,14,0,0,32,59.8,,,61.1,,,48.0,,,79.1,0,1,0,2,6,10,0,34,0
Quintin Morris,61182,TE,JAX,15,2,0,15,,,63.9,,,,71.0,,,77.4,1,0,50,0,74,68,52,27,6
Brandon Smith,61327,WR,NYJ,2,0,0,22,,,,,,,74.2,,,67.8,0,0,0,0,4,3,0,6,0
Justin Jefferson,61398,WR,MIN,1,0,0,18,,,,,,,60.0,,,62.9,0,0,0,0,0,1,0,0,0
Calvin Austin III,61418,WR,PIT,12,0,0,25,,,,,,,61.1,66.8,,64.6,0,0,0,0,0,0,0,34,0
Dominique Robinson,61436,ED,CHI,14,0,0,6,58.3,,60.0,,,,67.2,,,78.0,0,1,1,54,27,43,40,34,2
Cody White,61448,WR,SEA,10,2,0,29,,,,62.6,,,68.7,,,75.1,0,0,0,0,42,26,17,32,5
Daiyan Henley,61500,LB,LAC,8,0,0,27,60.0,,,,,,62.9,,,65.1,0,0,0,7,2,0,7,1,2
CeeDee Lamb,61570,WR,DAL,1,0,0,9,,,,,,,60.0,,,61.5,0,0,0,0,0,1,0,0,0
Tylan Wallace,61577,WR,BLT,14,3,0,3,,,,62.3,,,57.3,,,75.7,2,0,0,0,69,42,7,33,6
Bo Melton,61610,WR,GB,16,1,0,12,60.0,,,69.4,,,59.9,,,28.9,2,3,0,2,28,68,39,49,2
Jalen Tolbert,61637,WR,DAL,7,0,0,9,,,,54.9,,,37.1,60.1,,26.7,0,1,0,0,3,29,0,1,0
Tim Jones,61669,WR,JAX,5,1,0,15,,,,,,,51.9,,,73.4,3,0,0,0,19,24,5,13,0
Tariq Woolen,61790,CB,SEA,5,0,0,29,59.9,,,,,,61.8,,,70.4,0,0,0,13,0,0,0,0,0
Tay Martin,61811,WR,WAS,3,0,0,32,,,,,,,67.6,,,26.3,1,1,0,0,20,16,0,6,1
Christian Elliss,61853,LB,NE,18,6,0,19,59.7,,,,,,88.5,,,74.1,2,0,0,35,95,3,61,7,13
Joey Blount,62771,S,ARZ,1,0,0,1,60.0,,,,,,64.8,,,65.4,0,0,0,2,3,3,1,1,1
Charles Snowden,62775,ED,LV,14,0,0,23,58.9,,,,,,46.9,,,28.2,0,3,0,7,4,60,5,36,0
Theo Jackson,62919,S,MIN,11,0,0,18,59.6,,,,,,45.9,,,67.1,1,0,0,16,30,0,31,1,1
Matthew Butler,62931,DI,MIA,7,0,0,17,57.8,,,,,,49.8,,,28.0,0,1,0,31,0,0,0,12,0
Ty Chandler,62942,HB,MIN,3,0,0,18,,,,59.5,,,54.8,,,70.2,1,0,0,0,2,7,16,2,1
Jordan Mason,62946,HB,MIN,1,0,0,18,,,,,,,60.0,,,63.4,0,0,0,0,0,1,0,0,0
Trey Smith,62960,G,KC,12,0,0,16,,,66.9,,,,64.0,,,75.2,0,0,48,0,0,0,0,0,0
Princeton Fant,62982,TE,DAL,1,1,0,9,,,,,,,91.7,,,62.8,0,0,0,0,4,6,1,0,0
Carlos Washington Jr.,63268,HB,ATL,1,0,0,2,,,,,,,61.6,,,69.0,0,0,0,0,5,1,0,4,0
Jamie Gillan,63303,P,NYG,16,0,0,21,,,62.5,,6.4,,63.3,,57.0,72.0,2,4,63,0,43,0,55,0,1
Jack Cochrane,63345,LB,KC,17,3,0,16,59.8,,,,,,68.1,,,48.4,2,3,0,65,87,79,56,54,11
Rashid Shaheed,63707,WR,SEA,20,0,0,29,,,,77.2,,,61.3,81.2,,65.6,0,0,0,0,0,47,0,65,0
Tristan Wirfs,64818,T,TB,3,0,0,30,,,60.8,,,,60.9,,,61.3,0,0,11,0,0,0,0,0,0
Akayleb Evans,65033,CB,CAR,17,2,0,5,59.2,,,,,,58.7,,,70.2,4,1,0,10,60,0,50,46,8
Samuel Womack III,65771,CB,NYJ,5,0,0,22,59.6,,,,,,58.6,,,77.6,0,0,0,10,0,2,9,16,0
Malachi Corley,66272,WR,CLV,11,0,0,8,,,,63.2,,,58.0,,,63.1,0,0,0,0,2,44,0,1,0
Alex Cappa,66578,C,LV,12,0,0,23,,,64.3,,,,62.6,,,69.3,0,0,40,0,0,0,0,0,0
Christian Watson,66581,WR,GB,1,0,0,12,,,,,,,60.0,,,60.7,0,0,0,0,0,1,0,0,0
Cody Mauch,66637,G,TB,2,0,0,30,,,61.3,,,,61.6,,,69.1,0,0,8,0,0,0,0,0,0
John Ridgeway,66694,DI,NO,4,0,0,20,58.7,,,,,,59.3,,,68.7,0,0,0,18,0,0,0,0,0
Zyon McCollum,66769,CB,TB,11,0,0,30,58.9,,,,,,51.8,,,29.7,0,1,0,51,1,0,0,8,0
Tristin McCollum,66771,S,LV,16,1,0,23,59.3,,,,,,68.4,,,29.3,3,3,0,69,53,89,59,50,4
Josh Hayes,66798,CB,TB,17,2,0,30,59.3,,,,,,66.1,,,29.6,6,4,0,76,84,82,65,57,11
Kobie Turner,66894,DI,LA,20,0,0,26,57.9,,,,,,62.5,,,76.2,0,0,0,77,0,0,0,32,0
Justin Watson,66915,WR,HST,4,0,0,13,,,,,,,77.3,,,71.7,0,0,0,0,5,16,3,15,1
Jordan Mailata,66916,T,PHI,17,0,0,24,,,62.7,,,,62.1,,,67.1,0,0,71,0,0,0,0,0,0
Zach Sieler,66917,DI,MIA,17,0,0,17,70.6,,65.1,,,,70.6,,,29.8,0,1,59,76,0,0,0,12,0
Tanner Hudson,66924,TE,CIN,15,0,0,7,,,64.1,,,,66.8,,,38.2,1,1,63,0,6,83,44,28,0
Dennis Gardeck,66928,LB,JAX,18,3,1,15,60.2,,,,,,74.7,,,57.6,5,1,0,43,102,84,29,25,7
Jonathan Owens,66930,S,CHI,19,3,0,6,60.0,,,,,,90.1,,,84.9,3,0,0,1,108,93,45,48,11
Tavierre Thomas,66931,S,MIN,17,6,0,18,70.9,,,,,,84.4,,,57.6,4,4,0,76,84,82,65,63,14
Easton Mascarenas-Arnold,71410,LB,CLV,16,2,0,8,,,,,,,65.4,,,82.0,2,0,0,0,45,61,88,68,5
Sean Rhyan,72009,C,GB,18,0,0,12,,,68.5,,,,64.6,,,74.5,0,0,82,0,0,0,0,0,0
George Holani,72154,HB,SEA,10,3,0,29,,,,61.5,,,60.0,,,72.6,1,0,0,0,50,39,14,30,1
Trent McDuffie,72191,CB,KC,2,0,0,16,,,,,,,60.0,,,69.0,0,0,0,0,0,0,0,2,0
Rome Odunze,73774,WR,CHI,2,0,0,6,,,,59.9,,,60.0,,,63.9,0,0,0,0,0,2,0,0,0
Evan Williams,73864,S,GB,17,5,0,12,59.7,,,,,,74.4,,,72.3,4,0,0,6,81,3,54,5,7
Jowon Briggs,74867,DI,NYJ,17,0,0,22,56.9,,66.3,,,,59.4,,,77.0,0,0,45,95,0,0,0,3,0
Jonah Laulu,75763,DI,LV,17,0,0,23,57.8,,62.9,,,,60.3,,,75.6,0,0,23,73,0,0,0,13,0
Chad Muma,75818,LB,NE,11,1,0,19,59.9,,,,,,70.2,,,76.0,1,0,0,12,62,37,29,30,6
Evan Deckers,75827,LS,TB,17,0,0,30,,,86.5,,,71.3,49.3,,,30.6,2,1,73,0,0,0,65,0,1
Frank Crum,75860,T,DEN,13,0,0,10,76.7,,65.1,,,,82.3,,,73.4,0,0,54,48,0,0,0,0,0
Trey McBride,75916,TE,ARZ,1,0,0,1,,,,,,,60.0,,,61.5,0,0,0,0,0,1,0,0,0
Asante Samuel Jr.,76625,CB,PIT,4,0,0,25,59.6,,,,,,42.6,,,25.7,0,1,0,3,0,0,1,11,0
Erick Hallett,76631,S,TEN,1,0,0,31,59.8,,,,,,60.0,,,65.0,0,0,0,5,0,0,0,1,0
Elijah Jones,76632,CB,ARZ,10,0,0,1,60.5,,,,,,63.8,,,73.8,0,0,0,24,2,30,0,12,0
Andre Cisco,76641,S,NYJ,1,0,0,22,,,,,,,60.0,,,90.6,0,0,0,0,0,0,0,0,0
Juanyeh Thomas,76655,S,DAL,7,0,0,9,89.0,,,,,,90.6,,,69.5,2,0,0,34,17,24,20,12,5
Chamarri Conner,76662,S,KC,16,2,0,16,,,,,,,75.5,,,72.8,3,0,0,0,80,0,2,8,8
Tanner Ingle,76667,S,LA,4,1,0,26,60.0,,,,,,59.5,,,68.9,2,0,0,1,26,19,10,3,2
DJ Ivey,76670,CB,CIN,17,2,0,7,58.7,,,,,,56.4,,,70.6,4,2,0,67,89,0,65,52,6
Zaire Barnes,76766,LB,NYG,11,7,1,21,,,,,,,63.7,,,28.3,5,2,0,0,47,55,37,29,5
D'Shawn Jamison,76791,CB,PIT,4,0,0,25,,,,59.5,,,53.6,,,72.1,1,0,0,0,1,4,12,0,0
Xavier Thomas,76807,ED,ARZ,4,0,0,1,,,,,,,47.1,,,69.6,0,0,0,0,17,20,0,5,0
KJ Henry,76808,ED,CLV,1,0,0,8,60.0,,,,,,60.2,,,62.8,0,0,0,5,0,0,0,0,0
Tyler Lacy,76836,ED,DET,7,0,0,11,58.1,,,,,,58.7,,,67.9,0,0,0,22,0,0,0,2,0
Will McDonald IV,76842,ED,NYJ,14,0,1,22,81.1,,,,,,74.5,,,27.0,0,2,0,76,0,0,0,6,0
Desjuan Johnson,76850,ED,LA,9,0,0,26,,,,,,,67.3,,,51.4,1,1,0,0,50,35,0,34,0
Jalen Redmond,76861,DI,MIN,17,0,0,18,57.9,,,,,,60.7,,,78.3,0,0,0,76,0,0,0,9,0
Greg Rousseau,76889,ED,BUF,18,0,0,4,80.4,,,,,,90.3,,,73.3,0,0,0,70,0,0,0,11,0
Travis Jones,76914,DI,BLT,16,0,0,3,57.0,,62.7,,,,53.5,,,36.5,0,1,74,62,0,0,0,10,0
Logan Hall,76919,DI,TB,17,0,0,30,56.6,,61.9,,,,59.8,,,78.5,0,0,46,70,0,0,0,22,0
Moro Ojomo,76927,DI,PHI,17,0,0,24,58.6,,,,,,52.1,,,28.8,0,1,0,68,0,0,0,14,0
Dante Stills,76937,DI,ARZ,17,0,0,1,57.3,,61.2,,,,59.7,,,80.3,0,0,29,94,0,0,0,4,0
Karl Brooks,76941,DI,GB,17,0,0,12,57.6,,49.2,,,,52.5,,,38.9,0,1,53,61,0,9,0,32,0
Braden Fiske,76958,DI,LA,15,0,0,26,58.1,,,,,,61.6,,,78.1,0,0,0,48,0,0,0,21,0
Alim McNeill,76996,DI,DET,10,0,0,11,58.2,,,,,,60.0,,,72.8,0,0,0,42,0,0,0,4,0
Cameron Dicker,77069,K,LAC,18,0,0,27,,91.0,,,11.8,,61.0,,,63.6,1,3,80,0,92,0,0,0,2
Chad Ryland,77083,K,ARZ,17,0,0,1,,73.9,,,4.7,,48.3,,,28.8,0,4,69,0,82,0,0,0,0
Yasir Abdullah,77100,LB,JAX,11,1,0,15,60.0,,,,,,78.4,,,56.6,2,1,0,22,61,49,33,32,8
Shaka Heyward,77120,LB,CIN,12,3,0,7,,,,,,,82.5,,,79.4,1,0,0,0,53,59,49,38,8
Payton Wilson,77127,LB,PIT,18,3,0,25,59.3,,,,,,84.0,,,59.0,0,1,0,79,67,86,71,49,13
Zaven Collins,77190,ED,ARZ,17,1,0,1,59.9,,,,,,60.1,,,72.6,2,0,0,42,0,1,61,6,2
Brian Asamoah II,77195,LB,CIN,4,0,0,7,,,,,,,61.6,,,69.9,0,0,0,0,18,25,6,8,0
Nik Bonitto,77196,ED,DEN,7,0,0,10,58.7,,,,,,47.3,,,27.0,0,1,0,17,0,0,0,15,0
Joseph Ossai,77205,ED,CIN,14,0,0,7,72.5,,,,,,81.2,,,72.5,0,0,0,69,0,0,0,2,0
Steve Avila,77319,G,LA,17,0,0,26,,,58.3,,,,59.7,,,63.5,0,0,92,0,0,0,0,0,0
Christian Haynes,77339,G,SEA,8,0,0,29,,,62.9,,,,62.1,,,67.2,0,0,33,0,0,0,0,0,0
Michael Jurgens,77345,C,MIN,10,0,0,18,,,63.1,,,,62.1,,,68.1,0,0,41,0,0,0,1,0,0
Luke Tenuta,77367,T,IND,4,0,0,14,58.7,,62.3,,,,60.6,,,68.9,0,0,18,9,0,0,0,0,0
Christian Darrisaw,77373,T,MIN,1,0,0,18,,,60.0,,,,60.2,,,64.2,0,0,2,0,0,0,0,0,0
Christian Jones,77463,T,ARZ,2,0,0,1,,,60.0,,,,60.9,,,65.3,0,0,6,0,0,0,0,0,0
KT Leveston,77487,T,CLV,16,0,0,8,,,64.8,,,,62.8,,,69.8,0,0,49,0,0,0,0,0,0
Luke Goedeke,77548,T,TB,7,0,0,30,,,63.7,,,,62.5,,,71.1,0,0,31,0,0,0,0,0,0
Jordan McFadden,77578,G,CHI,8,0,0,6,,,63.8,,,,62.4,,,69.1,0,0,33,0,0,0,0,0,0
Chris Paul,77579,G,WAS,16,0,0,32,,,67.9,,,,64.5,,,76.5,0,0,64,0,0,0,0,0,0
Ryan Wright,77591,P,MIN,17,0,0,18,,,62.7,,,,63.4,,81.3,73.4,0,0,67,0,2,0,65,0,0
Trevor Lawrence,77632,QB,JAX,1,0,0,15,,,,,,,60.0,,,62.5,0,0,0,0,0,0,0,0,0
British Brooks,77714,FB,HST,17,4,0,13,,,,,,,65.7,,,82.1,2,1,0,0,101,67,69,75,7
Kenneth Gainwell,77737,HB,PIT,18,0,0,25,,,,73.3,,,79.2,,,66.5,1,0,0,0,52,94,2,1,5
Jaret Patterson,77745,HB,LAC,3,0,0,27,,,,65.7,,,59.9,,,62.8,0,0,0,0,0,13,0,1,0
Emari Demercado,77763,HB,ARZ,12,1,0,1,,,,57.9,,,73.0,,,69.7,0,0,0,0,9,12,42,6,3
Javonte Williams,77803,HB,DAL,1,0,0,9,,,,,,,60.0,,,62.5,0,0,0,0,0,0,0,0,0
Delarrin Turner-Yell,77836,S,DEN,1,0,0,10,,,,,,,67.3,,,67.6,0,0,0,0,3,2,0,3,1
Jarrick Bernard-Converse,77841,CB,NYG,10,0,0,21,,,,,,,55.9,,,79.9,0,0,0,0,15,15,8,34,2
Tre'von Moehrig,77847,S,CAR,1,0,0,5,60.0,,,,,,60.0,,,61.4,0,0,0,4,0,0,0,0,0
Ar'Darius Washington,77848,S,BLT,2,0,0,3,,,,,,,66.4,,,68.8,0,0,0,0,1,0,0,4,0
Blake Whiteheart,77881,TE,CLV,17,2,0,8,,,64.2,,,,72.8,,,77.4,3,0,45,0,1,83,95,18,7
James Mitchell,77885,TE,CAR,6,0,0,5,,,,,,,56.0,,,66.4,0,0,0,0,0,36,13,0,0
Will Mallory,77888,TE,IND,1,0,0,14,,,,,,,60.0,,,65.5,0,0,0,0,0,0,0,1,0
David Martin-Robinson,77892,TE,TEN,17,1,0,31,,,65.4,,,,67.0,,,29.8,4,2,65,0,72,100,78,62,9
Brayden Willis,77917,TE,SF,7,2,0,28,,,61.6,,,,80.3,,,72.0,0,0,16,0,38,40,6,14,3
Ben Sims,77918,TE,MIN,11,0,0,18,,,63.1,,,,78.5,,,66.3,0,0,29,0,0,32,0,2,0
Bernhard Raimann,77948,T,IND,13,0,0,14,,,65.5,,,,63.1,,,70.5,0,0,64,0,0,0,0,0,0
Dyami Brown,77986,WR,JAX,4,0,0,15,,,,57.6,,,59.8,,,61.7,0,0,0,0,0,12,0,0,0
Jake Bobo,77997,WR,SEA,13,0,0,29,,,,,,,57.5,,,37.6,0,3,0,0,37,55,29,46,3
Derion Kendrick,78022,CB,LA,15,0,0,26,60.0,,,,,,46.1,,,39.5,1,1,0,1,52,6,11,42,2
Alec Pierce,78038,WR,IND,4,0,0,14,,,,60.0,,,64.6,,,62.9,0,0,0,0,3,2,0,0,1
Antonio Gibson,78050,HB,NE,5,0,0,19,,,,63.0,,,55.1,,,62.9,0,0,0,0,3,20,0,0,0
Tyquan Thornton,78092,WR,KC,8,0,0,16,,,,68.6,,,55.9,,,65.6,0,0,0,0,6,29,3,0,0
Jayden Reed,78171,WR,GB,2,0,0,12,,,,,,,59.4,61.6,,63.7,0,0,0,0,0,2,0,2,0
Dylan Drummond,78187,WR,ATL,6,0,0,2,,,,56.0,,,62.3,,,67.8,0,0,0,0,1,23,0,14,0
Derius Davis,78196,WR,LAC,12,0,0,27,,,,52.5,,,66.7,68.0,,64.7,0,0,0,0,0,51,0,40,0
Mason McCormick,78326,G,PIT,18,0,0,25,,,66.3,,,,63.9,,,75.3,0,0,78,0,0,0,0,0,0
Ryan Miller,78734,WR,NYG,13,0,0,21,,,,,,,47.1,,,79.1,6,0,0,0,63,63,52,26,8
Shemar Bartholomew,78995,CB,GB,1,0,0,12,60.0,,,,,,80.4,,,71.1,0,0,0,2,1,0,4,4,2
Cobie Durant,79126,CB,LA,20,0,0,26,60.3,,,,,,59.9,,,82.1,0,0,0,72,11,0,2,17,1
Christian Benford,79181,CB,BUF,16,0,0,4,60.7,,,,,,60.9,,,79.7,0,0,0,62,0,1,0,13,0
Nick Hampton,81162,ED,LA,15,4,0,26,,,,,,,66.7,,,80.8,4,0,0,0,85,62,54,49,3
Cam Jones,81244,LB,NYJ,10,0,0,22,59.7,,,,,,81.2,,,74.7,1,1,0,6,41,65,30,25,6
Micah McFadden,81246,LB,NYG,1,0,0,21,,,,,,,70.3,,,62.3,0,0,0,0,1,0,0,0,1
Damone Clark,81282,LB,HST,16,1,0,13,59.3,,,,,,78.7,,,50.8,3,1,0,57,74,78,56,48,15
Durell Nchami,81292,ED,IND,3,0,0,14,59.8,,,,,,54.6,,,71.2,0,0,0,1,3,0,0,12,0
Cameron McGrone,81300,LB,CLV,5,0,0,8,,,,,,,51.9,,,69.4,2,0,0,0,30,20,11,7,1
Nick Bolton,81322,LB,KC,17,0,0,16,59.9,,,,,,62.3,,,66.7,0,0,0,64,0,0,0,8,0
Dylan Horton,81335,ED,HST,18,3,1,13,59.8,,,,,,73.6,,,36.5,0,2,0,61,71,53,55,54,4
Ernest Jones,81399,LB,SEA,15,0,0,29,59.2,,,,,,60.5,,,69.4,0,0,0,56,0,0,0,1,0
Jackson Sirmon,81458,LB,NYJ,1,0,0,22,,,,,,,39.9,,,69.3,1,0,0,0,3,4,5,6,0
Edefuan Ulofoshio,81459,LB,CLV,1,0,0,8,,,,,,,66.0,,,68.2,0,0,0,0,4,4,0,4,0
Damien Lewis,81532,G,CAR,17,0,0,5,,,67.8,,,,64.4,,,76.3,0,0,62,0,0,0,0,0,0
Jamaree Salyer,81656,T,LAC,13,0,0,27,,,66.6,,,,63.6,,,72.0,0,0,53,0,0,0,0,0,0
Max Mitchell,81707,T,NYJ,2,0,0,22,,,60.1,,,,61.0,,,65.6,0,0,7,0,0,0,0,0,0
Dalton Tucker,81717,G,IND,16,0,0,14,,,67.6,,,,63.5,,,65.7,0,0,79,0,0,0,0,0,0
Spencer Anderson,81719,G,PIT,17,0,0,25,,,67.0,,,,63.1,,,63.2,0,0,70,0,0,0,0,0,0
Daniel Faalele,81734,G,BLT,17,0,0,3,,,67.1,,,,64.0,,,73.5,0,0,80,0,0,0,0,0,0
Jarrett Patterson,81775,G,HST,18,0,0,13,,,66.5,,,,62.8,,,63.0,0,0,89,0,0,0,0,0,0
Penei Sewell,81788,T,DET,13,0,0,11,,,65.6,,,,63.2,,,70.7,0,0,67,0,0,0,0,0,0
Rasheed Walker,81798,T,GB,18,0,0,12,,,62.9,,,,62.3,,,67.6,0,0,82,0,0,0,0,0,0
Juice Scruggs,81800,G,HST,18,0,0,13,,,67.1,,,,63.5,,,67.5,0,0,87,0,0,0,0,0,0
Jovaughn Gwyn,81839,G,ATL,17,0,0,2,,,67.8,,,,64.1,,,71.0,0,0,73,0,0,0,0,0,0
Jerome Carvin,81852,C,JAX,1,0,0,15,,,60.0,,,,60.3,,,60.5,0,0,5,0,0,0,0,0,0
Jake Andrews,81868,C,HST,3,0,0,13,,,60.0,,,,60.6,,,64.7,0,0,3,0,0,0,0,0,0
Jon Gaines II,81879,G,ARZ,17,0,0,1,,,63.2,,,,62.2,,,66.8,0,0,69,0,0,0,0,0,0
Alec Anderson,81882,G,BUF,19,0,1,4,58.5,,63.3,,,,60.5,,,26.4,0,2,86,42,0,25,0,0,0
Elijah Klein,81912,G,TB,9,0,0,30,,,63.5,,,,62.0,,,65.1,0,0,42,0,0,0,0,0,0
Spencer Burford,81920,G,SF,12,0,0,28,,,67.2,,,,64.1,,,75.0,0,0,59,0,0,0,0,0,0
Tyler Steen,81921,G,PHI,18,0,0,24,,,67.1,,,,63.1,,,63.3,0,0,73,0,0,0,0,0,0
Jarrett Kingston,81933,G,HST,4,0,0,13,,,62.5,,,,61.9,,,67.3,0,0,21,0,0,0,0,0,0
Brenton Cox Jr.,81957,ED,GB,3,0,0,12,59.2,,,,,,63.9,,,69.3,0,0,0,4,0,16,0,4,0
Azeez Ojulari,81959,ED,PHI,1,0,0,24,,,,,,,60.0,,,64.3,0,0,0,0,0,0,0,1,0
Cade Mays,81995,C,CAR,4,0,0,5,,,60.0,,,,60.6,,,63.9,0,0,8,0,0,0,0,0,0
Reese Taylor,82132,CB,DEN,5,0,0,10,,,,,,,62.8,,,80.5,0,0,0,0,23,19,23,27,2
Odafe Oweh,82161,ED,LAC,8,0,0,27,59.4,,,,,,63.3,,,69.6,0,0,0,15,1,0,0,10,0
Thomas Booker IV,82168,DI,LV,17,0,0,23,57.8,,,,,,58.1,,,70.1,0,0,0,76,0,0,0,0,0
Christian Barmore,82198,DI,NE,14,0,0,19,58.1,,,,,,60.1,,,74.0,0,0,0,42,0,0,0,13,0
Teair Tart,82261,DI,LAC,11,0,0,27,57.9,,,,,,46.7,,,26.6,0,1,0,32,0,0,0,0,0
Devonte Wyatt,82268,DI,GB,5,0,0,12,59.4,,,,,,59.9,,,65.3,0,0,0,13,0,0,0,0,0
Aidan Hutchinson,82330,ED,DET,6,0,0,11,,,,,,,64.1,,,69.3,0,0,0,0,0,0,0,6,0
Eku Leota,82363,ED,NO,3,0,0,20,,,,,,,71.0,,,67.5,0,0,0,0,11,15,0,5,1
Cameron Thomas,82387,ED,CLV,17,0,1,8,58.4,,,,,,66.4,,,30.0,2,2,0,74,45,66,0,78,1
Kingsley Enagbare,82409,ED,GB,18,0,1,12,58.3,,,,,,38.7,,,27.7,2,3,0,66,1,6,54,32,1
Bobby Brown III,82429,DI,CAR,18,0,0,5,57.4,,,,,,58.8,,,75.6,0,0,0,75,0,0,0,5,0
Tyree Wilson,82432,ED,LV,16,0,0,23,59.6,,,,,,62.6,,,71.4,0,0,0,73,0,0,0,10,0
Atonio Mafi,82449,G,LV,2,0,0,23,,,60.1,,,,60.9,,,61.6,0,0,6,0,0,0,0,0,0
Otito Ogbonnia,82450,DI,LAC,9,0,0,27,58.2,,,,,,58.8,,,71.5,0,0,0,33,0,0,0,0,0
Taki Taimani,82468,DI,MIN,2,0,0,18,59.9,,60.0,,,,60.8,,,66.7,0,0,4,1,0,0,0,1,0
Brennan Jackson,82474,ED,LV,3,1,0,23,,,,,,,61.4,,,72.3,0,0,0,0,14,19,5,9,2
Scott Matlock,82482,FB,LAC,17,0,0,27,59.3,,62.7,,,,62.9,,,74.7,0,0,72,9,0,63,0,15,0
Tommy Togiai,82501,DI,HST,12,0,0,13,58.3,,,,,,60.0,,,71.1,0,0,0,33,0,0,0,4,0
PJ Mustipher,82505,DI,ARZ,14,0,0,1,59.9,,,,,,61.5,,,68.3,0,0,0,77,0,0,0,1,0
Ben VanSumeren,82523,FB,PHI,1,0,0,24,,,,,,,60.0,,,62.1,0,0,0,0,1,0,0,0,0
Quay Walker,82547,LB,GB,15,0,0,12,59.3,,,,,,60.6,,,66.7,0,0,0,60,0,0,0,3,0
Channing Tindall,82548,LB,ARZ,7,2,0,1,60.0,,,,,,82.3,,,70.8,0,0,0,1,28,43,23,13,5
Jack Sanborn,82566,LB,DAL,6,0,0,9,59.7,,,,,,51.7,,,65.8,1,0,0,26,0,4,13,0,0
Evan McPherson,82583,K,CIN,17,0,0,7,,90.0,,,13.8,,61.0,,,63.6,0,0,73,0,88,0,0,0,0
Jake Moody,82603,K,WAS,9,0,0,32,,64.9,,,6.9,,60.7,,,62.9,0,1,39,0,43,0,0,0,0
Matt Araiza,82642,P,KC,17,0,0,16,,,62.8,,,,63.5,,68.7,74.0,2,0,73,0,0,0,56,0,0
Ale Kaho,82646,LB,WAS,8,1,0,32,,,,,,,83.1,,,76.4,1,0,0,0,39,40,21,20,4
Cameron Latu,82647,TE,PHI,16,4,0,24,,,,,,,74.7,,,27.8,6,4,0,0,77,71,75,48,8
Justin Dedich,83018,G,LA,19,0,0,26,,,69.4,,,,65.4,,,77.2,0,0,106,0,0,0,0,0,0
Chigozie Anusiem,83031,CB,LV,3,1,0,23,59.5,,,,,,63.4,,,75.0,1,0,0,11,5,18,12,8,0
Mekhi Blackmon,83036,CB,IND,13,0,0,14,59.3,,,,,,61.3,,,77.5,0,0,0,37,4,0,0,13,0
Kendall Williamson,83090,S,LAC,17,4,0,27,,,,,,,55.4,,,81.3,1,0,0,0,90,81,45,47,5
Ethan Bonner,83091,CB,MIA,14,4,1,17,59.5,,,,,,43.7,,,47.9,6,3,0,61,58,25,53,56,2
Pat Surtain II,83119,CB,DEN,12,0,0,10,60.1,,,,,,63.3,,,73.9,0,0,0,39,0,0,0,0,0
Jalyn Armour-Davis,83120,CB,TEN,2,0,0,31,60.0,,,,,,61.5,,,70.0,0,0,0,6,0,0,1,1,0
Josh Jobe,83122,CB,SEA,8,0,0,29,59.8,,,,,,58.0,,,74.8,0,0,0,23,0,0,0,2,0
Kyle Hinton,83163,G,ATL,17,0,0,2,,,62.7,,,,62.1,,,67.2,0,0,73,0,0,0,0,0,0
Jamien Sherwood,83175,LB,NYJ,17,0,0,22,60.0,,,,,,61.7,,,68.1,0,0,0,96,1,2,0,1,0
Roger McCreary,83176,CB,LA,9,0,0,26,60.0,,,,,,58.2,,,31.7,0,1,0,1,38,0,21,27,1
Tyson Campbell,83217,CB,CLV,8,0,0,8,60.0,,,,,,62.7,,,69.8,0,0,0,5,16,0,0,4,0
Chris Smith II,83220,S,NYJ,14,0,0,22,59.8,,,,,,65.8,,,74.4,4,0,0,39,64,71,10,39,2
Quan Martin,83236,S,WAS,17,1,0,32,59.3,,,,,,48.5,,,28.7,1,1,0,84,68,1,0,0,3
Kerby Joseph,83239,S,DET,4,0,0,11,59.7,,,,,,61.5,,,65.2,0,0,0,7,1,0,0,3,0
Sydney Brown,83241,S,PHI,18,3,2,24,59.7,,,,,,58.1,,,26.0,8,6,0,71,83,75,71,52,14
JuJu Brents,83256,CB,MIA,6,1,0,17,60.0,,,,,,67.4,,,27.1,0,1,0,7,14,6,0,11,2
Kaevon Merriweather,83257,S,HST,13,2,0,13,59.6,,,,,,55.2,,,75.0,3,1,0,30,60,69,10,34,4
Riley Moss,83259,CB,DEN,19,0,0,10,60.4,,,,,,60.9,60.1,,79.7,0,0,0,76,0,1,0,9,0
Percy Butler,83271,S,WAS,16,3,0,32,,,,,,,71.0,,,57.4,4,2,0,0,68,89,53,40,6
Jordan Howden,83305,S,NO,16,1,0,20,60.0,,,,,,60.3,,,52.0,1,2,0,72,62,65,17,51,3
Keidron Smith,83310,S,NYJ,3,0,0,22,,,,,,,59.9,,,67.1,0,0,0,0,8,3,0,3,0
Isaiah Stalbird,83325,LB,NO,17,4,1,20,59.3,,,,,,69.5,,,50.6,5,1,0,77,77,90,58,55,10
Cam Taylor-Britt,83326,CB,CIN,1,0,0,7,,,,,,,60.0,,,66.3,0,0,0,0,0,0,0,1,0
Greg Newsome II,83341,CB,JAX,13,1,0,15,60.0,,,,,,54.2,,,29.3,0,1,0,32,14,0,2,14,0
Kitan Oladapo,83349,S,GB,18,0,0,12,59.5,,,,,,55.5,,,42.1,2,2,0,4,83,83,19,26,4
Christian Izien,83360,S,TB,14,1,0,30,59.9,,,,,,58.2,,,41.6,1,1,0,42,59,11,22,45,4
Israel Mukuamu,83377,S,CAR,1,0,0,5,,,,,,,29.5,,,22.8,0,1,0,0,7,0,0,4,0
Kyler Gordon,83451,CB,CHI,4,0,0,6,,,,,,,62.6,,,67.2,0,0,0,0,0,0,0,4,0
Alontae Taylor,83469,CB,NO,1,0,0,20,,,,,,,60.0,,,90.6,0,0,0,0,0,0,0,0,0
Jaden Crumedy,83508,DI,CAR,3,0,0,5,59.8,,,,,,60.8,,,65.6,0,0,0,13,0,0,0,1,0
Javontae Jean-Baptiste,83514,ED,WAS,3,0,0,32,58.9,,,,,,59.3,,,66.5,0,0,0,11,0,0,0,0,0
Tyler Shough,83537,QB,NO,1,0,0,20,,,,,,,60.0,,,62.5,0,0,0,0,0,0,0,0,0
Colson Yankoff,83589,TE,WAS,14,3,0,32,,,61.6,,,,58.8,,,61.4,5,2,18,0,67,81,43,37,5
Jerome Ford,83601,HB,CLV,6,0,0,8,,,,62.6,,,59.5,,,63.2,0,0,0,0,0,28,0,1,0
Tyler Allgeier,83639,HB,ATL,17,0,0,2,,,,,,,56.1,,,71.4,1,0,0,0,27,74,64,0,1
Chris Brooks,83644,HB,GB,18,4,0,12,,,,,,,79.9,,,86.6,2,1,0,0,75,85,54,33,9
Dameon Pierce,83659,HB,KC,4,0,0,16,,,,57.9,,,56.4,,,61.7,0,0,0,0,0,13,0,0,0
Zamir White,83665,HB,LV,6,0,0,23,,,,59.0,,,58.0,,,64.9,0,0,0,0,3,29,22,0,0
Chris Rodriguez Jr.,83689,HB,WAS,9,0,0,32,,,,,,,66.3,,,71.4,1,0,0,0,5,3,24,15,1
Hassan Haskins,83701,HB,LAC,13,4,0,27,,,,58.3,,,81.3,,,75.9,1,0,0,0,62,19,49,36,8
Tyler Badie,83714,HB,DEN,18,2,0,10,,,,62.1,,,29.8,,,62.5,1,1,0,0,92,56,79,70,4
Jermar Jefferson,83740,HB,ARZ,2,0,0,1,,,,,,,62.5,,,69.3,0,0,0,0,0,0,0,6,0
Isaac Guerendo,83806,HB,SF,14,0,0,28,,,,61.7,,,77.1,,,76.6,2,0,0,0,70,27,39,37,4
Austin Ajiake,83826,LB,IND,16,6,0,14,59.5,,,,,,73.0,,,77.5,4,0,0,54,74,87,44,37,6
Corey Ballentine,83833,CB,DAL,6,1,0,9,60.0,,,,,,60.4,,,76.9,0,0,0,5,21,13,12,16,1
Jevon Holland,83873,S,NYG,12,1,0,21,,,,,,,62.7,62.3,,68.1,0,0,0,0,50,0,0,5,3
Talanoa Hufanga,83903,S,DEN,19,0,0,10,60.0,,,,,,60.8,,,66.0,0,0,0,76,8,1,0,0,0
Lucas Krull,83962,TE,DEN,3,1,0,10,,,,,,,65.8,,,67.1,0,0,0,0,0,12,13,3,0
Kyle Pitts,83964,TE,ATL,2,0,0,2,,,,59.7,,,60.0,,,63.9,0,0,0,0,0,2,0,0,0
John FitzPatrick,83974,TE,GB,9,0,0,12,,,60.3,,,,59.4,,,66.8,0,0,10,0,0,30,0,0,0
Chigoziem Okonkwo,84000,TE,TEN,1,0,0,31,,,,,,,60.0,,,64.5,0,0,0,0,0,1,0,0,0
Luke Schoonmaker,84005,TE,DAL,17,0,0,9,,,66.1,,,,67.8,,,74.6,2,0,90,0,0,106,42,2,3
Brevyn Spann-Ford,84006,TE,DAL,17,6,0,9,,,60.0,,,,49.9,,,75.4,9,0,3,0,93,101,40,6,14
Cam Jurgens,84014,C,PHI,2,0,0,24,,,60.0,,,,60.2,,,63.1,0,0,4,0,0,0,0,0,0
Tommy Tremble,84025,TE,CAR,18,0,1,5,,,61.5,,,,62.8,,,71.5,0,1,17,0,0,77,8,0,1
Jeremy Ruckert,84029,TE,NYJ,15,1,0,22,,,,,,,76.9,,,28.8,0,1,0,0,0,84,28,5,1
Teagan Quitoriano,84036,TE,ATL,17,0,0,2,,,61.9,,,,69.2,,,74.0,1,0,21,0,68,82,61,7,1
Payne Durham,84037,TE,TB,17,0,0,30,,,65.1,,,,58.3,,,72.2,1,0,72,0,14,87,65,2,2
Daniel Bellinger,84041,TE,NYG,16,0,0,21,,,65.6,,,,53.3,,,71.6,0,0,61,0,1,55,44,5,0
Greg Dulcich,84068,TE,MIA,10,0,0,17,,,60.0,,,,49.9,,,70.4,0,0,3,0,0,40,5,3,0
Jack Westover,84079,FB,NE,20,0,0,19,,,62.6,,,,62.2,,,81.4,0,0,23,0,1,78,58,55,0
Devin Culp,84080,TE,TB,13,0,0,30,,,,,,,50.2,,,29.0,1,2,0,0,1,65,24,20,1
Pat Freiermuth,84085,TE,PIT,9,0,0,25,,,22.1,,,,28.2,,,62.3,0,0,30,0,0,4,0,0,0
Jaylen Waddle,84088,WR,MIA,5,0,0,17,,,,62.9,,,59.5,,,65.1,0,0,0,0,0,4,0,0,0
Chris Blair,84096,WR,ATL,2,0,0,2,,,,,,,77.5,,,64.9,0,0,0,0,1,10,0,0,1
Shedrick Jackson,84136,WR,LV,4,0,0,23,60.0,,,,,,67.9,,,71.8,0,0,0,3,8,14,5,8,1
Khalil Shakir,84140,WR,BUF,14,0,0,4,,,,,,,61.3,67.0,,65.0,0,0,0,0,0,0,0,43,0
Nikko Remigio,84150,WR,KC,14,0,0,16,,,,70.7,,,54.1,66.6,,27.6,0,1,0,1,1,58,0,45,0
Tyrone Tracy,84226,HB,NYG,1,0,0,21,,,,58.8,,,60.0,,,61.4,0,0,0,0,0,7,0,0,0
Ben Bartch,84236,G,SF,5,0,0,28,,,60.8,,,,61.2,,,65.1,0,0,23,0,0,0,0,0,0
Bryce Oliver,84248,WR,TEN,3,0,0,31,59.5,,,,,,73.9,,,75.5,0,0,0,8,11,12,16,6,1
Josh Newton,84268,CB,CIN,13,0,0,7,60.0,,,,,,50.2,,,30.0,1,1,0,1,54,0,3,34,2
Ja'Marr Chase,84270,WR,CIN,1,0,0,7,,,,,,,60.0,,,61.6,0,0,0,1,0,0,0,0,0
Jeshaun Jones,84283,WR,MIN,1,0,0,18,,,,,,,60.2,56.2,,63.5,0,0,0,0,0,1,0,6,0
Ronnie Bell,84288,WR,NO,2,0,0,20,,,,,,,69.5,,,63.4,0,0,0,0,10,0,0,0,0
Jalen Nailor,84292,WR,MIN,3,0,0,18,,,,,,,60.1,61.0,,63.0,0,0,0,0,0,1,0,5,0
Miles Battle,84301,CB,NE,5,1,0,19,60.0,,,,,,63.2,,,74.9,0,0,0,6,13,17,0,15,0
Elijah Moore,84302,WR,DEN,1,0,0,10,,,,,,,60.0,,,60.7,0,0,0,0,0,1,0,0,0
Romeo Doubs,84329,WR,GB,15,0,0,12,,,,57.9,,,60.8,67.3,,64.7,0,0,0,0,0,4,0,34,0
Cole Turner,84330,TE,TEN,1,0,0,31,,,60.0,,,,60.0,,,60.3,0,0,2,0,0,0,0,0,0
Kevin Austin Jr.,84345,WR,NO,5,0,0,20,,,,,,,72.4,,,65.7,0,0,0,0,1,17,0,0,0
Chris Olave,84355,WR,NO,1,0,0,20,,,,,,,60.0,,,62.5,0,0,0,0,0,0,0,0,0
Jahan Dotson,84375,WR,PHI,7,0,0,24,,,,,,,60.8,61.3,,64.0,0,0,0,0,0,0,0,22,0
Justin Shorter,84376,WR,LV,7,0,0,23,,,,,,,60.2,,,72.9,1,1,0,0,28,37,0,16,3
Darius Rush,84416,CB,WAS,1,0,0,32,,,,,,,60.0,,,67.7,0,0,0,0,0,0,0,2,0
Michael Wilson,84423,WR,ARZ,3,0,0,1,,,,60.0,,,60.0,60.5,,63.2,0,0,0,0,0,1,0,4,0
Simi Fehoko,84424,WR,ARZ,8,3,0,1,,,,,,,53.6,,,79.2,5,0,0,0,36,39,26,15,4
Brycen Tremayne,84425,WR,CAR,17,4,0,5,,,,,,,73.9,60.1,,50.9,4,1,0,0,74,87,47,42,10
Amon-Ra St. Brown,84470,WR,DET,4,0,0,11,,,,59.7,,,59.7,,,61.3,0,0,0,0,0,5,0,0,0
Deven Thompkins,84480,WR,ATL,7,0,0,2,,,,58.2,,,57.7,64.2,,63.3,0,0,0,0,0,35,0,12,0
Markees Watts,84537,ED,TB,15,3,0,30,,,,,,,64.7,,,79.5,2,0,0,0,72,75,55,32,4
Darius Muasau,86008,LB,NYG,12,2,0,21,,,,,,,65.3,,,69.3,2,0,0,0,4,46,41,2,2
Corey Kiner,86392,HB,ARZ,1,0,0,1,,,,58.4,,,59.4,,,61.4,0,0,0,0,0,6,0,0,0
Jonah Monheim,86461,C,JAX,18,0,0,15,,,63.9,,,,62.2,,,66.1,0,0,90,0,0,0,0,0,0
Drake London,86519,WR,ATL,2,0,0,2,,,,,,,59.4,,,62.0,0,0,0,0,0,2,0,0,0
Donovan Jennings,86861,G,GB,1,0,0,12,,,60.8,,,,61.3,,,65.7,0,0,7,0,0,0,0,0,0
Rico Payton,86957,CB,NYG,9,2,0,21,,,,,,,62.2,,,81.1,5,0,0,0,44,0,26,25,2
Chris Williams,87178,DI,CHI,9,0,0,6,58.3,,,,,,59.9,,,71.1,0,0,0,21,0,0,0,4,0
LaCale London,87179,DI,ATL,10,0,0,2,58.0,,,,,,58.9,,,73.7,0,0,0,42,0,0,0,0,0
Jacob Saylors,87559,HB,DET,16,0,0,11,,,,67.6,,,60.7,,,78.2,6,0,0,0,85,84,57,55,8
Nate Adkins,87625,TE,DEN,11,0,0,10,,,60.0,,,,51.0,,,70.2,0,0,8,0,0,21,32,1,0
Khristian Boyd,88444,DI,NO,4,0,0,20,58.2,,,,,,58.8,,,68.8,0,0,0,22,0,0,0,0,0
Dylan Laube,88664,HB,LV,17,1,0,23,,,,53.7,,,54.0,60.0,,27.3,1,2,0,0,63,93,0,46,5
Julian Hill,88685,TE,MIA,14,0,0,17,,,64.0,,,,57.1,,,72.7,0,0,47,0,1,73,54,0,0
Josh Simmons,88924,T,KC,8,0,0,16,,,64.1,,,,62.3,,,67.1,0,0,36,0,0,0,0,0,0
Gabriel Murphy,89099,ED,MIN,1,0,0,18,60.0,,,,,,45.6,,,64.9,0,1,0,5,2,6,0,0,0
Charles Woods,89148,CB,NE,17,0,0,19,60.2,,,,,,61.3,,,90.0,2,1,0,30,84,0,24,71,4
Andre Sam,89166,S,PHI,4,0,0,24,,,,,,,67.5,,,66.1,0,0,0,0,18,18,0,0,1
Patrick O'Connell,89300,LB,SEA,11,2,0,29,,,,,,,81.1,,,77.1,2,0,0,0,70,43,31,39,7
Ricky Lee,89386,T,JAX,1,0,0,15,,,60.0,,,,60.4,,,63.5,0,0,6,0,0,0,0,0,0
Kyle Dugger,90621,S,PIT,17,0,0,25,60.0,,,,,,61.2,,,70.0,0,0,0,40,37,28,0,11,3
Brodric Martin,91288,DI,LV,1,0,0,23,59.2,,,,,,59.5,,,63.6,0,0,0,2,0,0,0,0,0
Hunter Luepke,91319,FB,DAL,17,4,0,9,,,,,,,53.3,,,77.0,1,1,0,0,83,85,42,30,7
Daniel Hardy,91336,ED,CHI,19,11,0,6,59.4,,,,,,90.4,,,83.7,3,1,0,84,108,95,64,47,11
Jalen Sundell,91396,C,SEA,15,0,0,29,,,66.1,,,,63.5,,,71.4,0,0,80,0,0,0,0,0,0
Trey Pipkins III,91462,T,LAC,14,0,0,27,,,65.0,,,,63.0,,,72.3,0,0,51,0,0,0,0,0,0
Ashton Dulin,91479,WR,IND,12,4,0,14,59.9,,,92.0,,,80.2,,,29.0,2,2,0,11,73,59,26,26,8
Hunter Nourzad,91674,G,KC,11,0,0,16,,,65.6,,,,63.0,,,69.0,0,0,43,0,0,0,0,0,0
Dylan Cook,91689,T,PIT,1,0,0,25,,,60.0,,,,60.7,,,61.5,0,0,5,0,0,0,0,0,0
Dalton Kincaid,91791,TE,BUF,1,0,0,4,,,,,,,60.0,,,62.9,0,0,0,0,0,1,0,0,0
Michael Bandy,91824,WR,DEN,2,0,0,10,,,,,,,60.7,43.7,,63.8,0,0,0,0,0,0,0,16,0
E.J. Speed,94351,LB,HST,18,3,0,13,59.5,,,,,,71.5,,,60.0,2,1,0,47,68,47,74,39,13
Stephen Carlson,94365,TE,CHI,2,0,0,6,,,,,,,91.0,,,63.9,0,0,0,0,0,12,0,0,0
Matt Orzech,94369,LS,GB,18,0,0,12,,,72.5,,,24.4,59.7,,,67.5,5,1,82,0,0,0,54,0,4
Anthony Pittman,94372,LB,DET,1,0,0,11,60.0,,,,,,51.2,,,67.8,0,0,0,5,4,6,4,2,1
Tom Kennedy,94379,WR,DET,6,0,0,11,,,,66.3,,,59.9,62.9,,65.5,0,0,0,0,0,36,4,4,0
Craig Reynolds,94383,HB,DET,7,1,0,11,,,,62.8,,,71.4,,,51.6,0,1,0,0,37,25,22,22,4
Jordan Davis,94854,DI,PHI,18,0,0,24,71.2,,65.7,,,,78.1,,,75.1,0,0,73,70,0,0,0,6,0
Gunner Olszewski,95015,WR,NYG,16,0,0,21,,,60.0,65.0,,,51.8,69.9,,65.4,0,0,1,0,2,77,0,51,0
Anthony Gould,97078,WR,IND,11,0,0,14,,,,61.7,,,47.3,66.8,,64.2,0,0,0,0,0,45,0,27,0
Malik Washington,97108,WR,MIA,17,0,0,17,,,,72.4,,,58.6,78.2,,65.6,0,0,0,0,0,85,0,60,0
Skyy Moore,97116,WR,SF,19,0,0,28,,,,67.3,,,57.6,65.2,,65.6,0,0,0,0,0,96,0,63,0
Kyren Williams,97118,HB,LA,6,0,0,26,,,,,,,40.9,63.2,,63.5,0,0,0,0,0,3,0,8,0
Bralyn Lux,97143,CB,CIN,2,0,0,7,,,,,,,63.9,,,72.5,0,0,0,0,0,0,0,11,0
Isaiah Williams,97156,WR,NYJ,15,0,0,22,,,,73.8,,,56.3,92.4,,66.0,1,0,0,0,0,82,2,57,0
Mike Sainristil,97180,CB,WAS,17,0,0,32,59.7,,,,,,75.8,53.3,,41.3,0,1,0,85,57,0,0,3,7
Lew Nichols,97187,HB,PIT,1,0,0,25,,,,,,,67.6,,,64.8,0,0,0,0,6,0,0,0,1
Marcus Harris,97230,CB,TEN,10,1,0,31,60.0,,,,,,50.5,,,28.4,3,2,0,34,35,36,23,24,2
Rashad Wisdom,97249,S,TB,3,1,0,30,60.0,,,,,,66.7,,,68.6,0,0,0,5,10,13,0,6,1
Jaden Davis,97250,CB,ARZ,3,0,0,1,59.8,,,,,,62.8,,,69.3,0,0,0,1,11,9,0,3,1
Jalen Cropper,97273,WR,DAL,3,0,0,9,,,,58.8,,,49.7,56.7,,63.7,1,0,0,0,5,11,0,6,0
Tahj Washington,97288,WR,MIA,2,0,0,17,,,,,,,52.7,,,66.6,0,0,0,0,0,2,2,0,0
Reddy Steward,97289,CB,DAL,13,3,0,9,59.7,,,,,,64.3,,,70.6,0,0,0,11,52,9,0,10,5
Dell Pettus,97290,S,NE,20,5,0,19,59.7,,,,,,73.4,,,89.4,1,1,0,66,109,80,42,82,4
Evan Hull,97302,HB,NO,6,0,0,20,,,,61.8,,,66.8,,,69.9,0,0,0,0,0,21,0,19,0
Jordan Clark,97324,CB,NYJ,3,0,0,22,,,,,,,60.8,,,72.7,0,0,0,0,8,10,0,13,0
Thomas Harper,97325,S,DET,8,0,0,11,59.8,,,,,,67.9,,,72.4,0,0,0,19,1,12,0,15,0
Nic Jones,97327,CB,NYG,13,3,0,21,60.8,,,,,,52.3,,,90.1,7,1,0,32,64,0,49,46,3
Cameron Mitchell,97340,CB,IND,8,0,0,14,59.8,,,,,,54.5,,,78.0,0,0,0,6,0,18,0,24,0
Dadrion Taylor-Demerson,97348,S,ARZ,12,2,0,1,59.8,,,,,,61.7,,,74.2,0,0,0,49,51,41,9,22,2
Christian Roland-Wallace,97374,S,KC,11,4,0,16,59.9,,,,,,76.1,,,78.4,2,1,0,1,57,45,28,31,7
Jamari Thrash,97399,WR,CLV,1,0,0,8,,,,,,,60.3,,,63.6,0,0,0,0,2,0,0,0,0
John Metchie III,97400,WR,NYJ,6,0,0,22,,,,49.9,,,71.7,,,68.2,0,0,0,0,13,14,2,4,1
Bam Knight,97432,HB,ARZ,5,0,0,1,,,,52.4,,,56.9,,,64.6,0,0,0,0,0,27,0,5,0
Jarrian Jones,97486,CB,JAX,18,1,0,15,59.1,,,,,,64.4,,,58.1,0,1,0,31,94,0,2,58,5
Dean Clark,97495,S,NYJ,12,1,0,22,59.8,,,,,,67.9,,,35.4,0,1,0,37,48,52,0,35,6
Nick Cross,97514,S,IND,8,0,0,14,,,,,,,43.8,,,25.1,0,1,0,0,0,0,1,8,0
Dax Hill,97519,CB,CIN,17,0,0,7,61.2,,,,,,71.2,,,78.8,0,0,0,79,19,0,0,0,3
Drake Thomas,97525,LB,SEA,19,4,0,29,59.9,,,,,,82.7,,,81.9,1,0,0,9,49,27,54,18,6
Quincy Riley,97539,CB,NO,17,1,0,20,61.5,,,,,,63.3,,,84.1,0,0,0,72,16,0,0,24,1
Tyrique Stevenson,97562,CB,CHI,8,0,0,6,59.7,,,,,,64.8,,,72.4,0,0,0,8,5,0,0,7,1
Elijah Chatman,97568,DI,NYG,4,0,0,21,58.9,,,,,,60.6,,,70.5,0,0,0,7,0,0,0,2,0
Tyler Davis,97610,DI,LA,17,0,0,26,59.4,,,,,,70.4,,,72.7,0,0,0,1,0,0,0,31,0
Jordan Whittington,97623,WR,LA,19,1,0,26,,,,67.0,,,64.8,,,77.0,1,0,0,0,63,81,32,21,1
Zach Charbonnet,97630,HB,SEA,3,0,0,29,,,,59.9,,,59.9,,,62.8,0,0,0,0,0,2,1,0,0
Josh Wallace,97676,S,LA,17,0,0,26,60.0,,,,,,50.3,,,37.5,2,1,0,2,97,47,4,30,4
Alex Austin,97683,CB,NE,12,3,0,19,61.1,,,,,,80.4,,,87.1,0,0,0,27,38,28,0,48,2
Eli Neal,97693,LB,LA,4,0,0,26,,,,,,,72.8,,,68.2,0,0,0,0,20,15,16,7,3
Dorian Williams,97694,LB,BUF,18,2,0,4,59.6,,,,,,82.7,,,52.7,2,2,0,15,85,75,52,44,14
Ronnie Hickman Jr.,97702,S,CLV,17,1,0,8,59.3,,,,,,44.9,,,73.7,0,0,0,59,3,44,19,20,0
Storm Duck,97705,CB,MIA,2,0,0,17,60.0,,,,,,60.5,,,70.8,0,0,0,3,0,0,0,4,0
Omar Speights,97723,LB,LA,19,2,0,26,59.7,,,,,,72.0,,,75.4,2,1,0,76,115,87,63,0,3
Mohamed Kamara,97731,ED,TB,3,0,0,30,,,,,,,64.8,,,68.9,0,0,0,0,17,14,0,4,0
Jonathan Mingo,97774,WR,DAL,4,1,0,9,,,,,,,71.2,,,68.9,0,0,0,0,9,28,0,8,0
Javon Solomon,97821,ED,BUF,19,3,0,4,59.5,,,,,,52.6,,,57.7,7,1,0,10,110,90,51,55,9
Jack Kiser,97889,LB,JAX,14,1,0,15,,,,,,,75.2,,,80.4,0,0,0,0,31,65,51,44,3
Tyler Nubin,97895,S,NYG,13,1,0,21,59.3,,,,,,52.4,,,68.7,2,0,0,66,61,0,0,4,1
Adetomiwa Adebawore,97934,DI,IND,17,5,0,14,57.6,,,,,,54.9,,,64.7,4,1,0,82,81,92,45,24,3
Levelle Bailey,97956,LB,DEN,3,0,0,10,,,,,,,63.4,,,70.3,0,0,0,0,16,11,0,10,0
Theo Wease Jr.,98005,WR,MIA,2,0,0,17,,,,,,,54.5,,,70.6,0,0,0,0,0,10,6,1,0
Elijah Higgins,98027,TE,ARZ,17,2,0,1,,,60.0,,,,48.1,,,74.7,5,0,5,0,77,104,61,16,7
Jacob Monk,98058,C,GB,8,0,0,12,,,62.4,,,,61.2,,,60.9,0,0,28,0,0,0,0,0,0
Treyton Welch,98097,TE,NO,3,0,0,20,,,,,,,51.6,,,67.4,0,0,0,0,0,21,0,0,0
Jahfari Harvey,98118,ED,LV,1,0,0,23,,,,,,,61.3,,,66.9,0,0,0,0,0,0,0,3,0
Derick Hall,98130,ED,SEA,14,0,0,29,59.8,,,,,,57.0,,,67.5,1,0,0,45,9,0,0,2,0
Jordan Magee,98155,LB,WAS,17,0,0,32,60.0,,,,,,63.5,,,80.6,4,2,0,83,67,96,57,35,4
Jalen Graham,98165,LB,SF,4,0,0,28,,,,,,,71.9,,,70.7,0,0,0,0,19,15,7,12,1
Bryan Hudson,98241,C,NYG,2,0,0,21,,,60.0,,,,60.8,,,64.2,0,0,12,0,0,0,0,0,0
Wanya Morris,98247,T,KC,11,0,0,16,,,65.3,,,,62.7,,,66.6,0,0,51,0,0,0,0,0,0
Kingsley Eguakun,98248,C,CLV,2,0,0,8,,,60.5,,,,60.7,,,60.8,0,0,11,0,0,0,0,0,0
Derek Stingley Jr.,98253,CB,HST,4,0,0,13,60.0,,,,,,60.5,,,69.7,0,0,0,1,0,0,0,2,0
Christian Mahogany,98261,G,DET,11,0,0,11,,,66.2,,,,62.8,,,63.4,0,0,53,0,0,0,0,0,0
Ikem Ekwonu,98286,T,CAR,15,0,0,5,,,65.0,,,,62.9,,,69.9,0,0,53,0,0,0,0,0,0
Colby Wooden,98312,DI,GB,16,0,0,12,57.3,,,,,,60.9,,,77.5,0,0,0,65,0,0,0,11,0
Alex Wright,98318,ED,CLV,10,0,0,8,90.3,,,,,,90.5,,,69.0,0,0,0,23,21,0,0,4,2
George Karlaftis,98319,ED,KC,16,0,0,16,57.8,,,,,,59.1,,,72.1,0,0,0,61,0,0,0,7,0
Darius Alexander,98333,DI,NYG,7,0,0,21,58.5,,,,,,58.8,,,67.8,0,0,0,21,0,0,0,0,0
Marshawn Kneeland,98344,ED,DAL,5,0,0,9,,,,,,,62.0,,,72.5,0,0,0,0,9,0,0,14,0
Tyler Smith,98385,G,DAL,15,0,0,9,,,65.9,,,,63.4,,,71.0,0,0,74,0,0,0,0,0,0
Nathan Thomas,98390,T,DAL,17,0,0,9,,,63.1,,,,62.3,,,67.7,0,0,90,0,0,0,0,0,0
Charles Cross,98401,T,SEA,14,0,0,29,,,66.4,,,,57.5,,,28.2,0,1,86,0,0,0,0,0,0
Caedan Wallace,98427,G,NE,4,0,0,19,,,61.5,,,,61.3,,,64.3,0,0,24,0,0,0,0,0,0
Kayvon Thibodeaux,98444,ED,NYG,10,0,0,21,59.5,,,,,,60.5,,,66.9,0,0,0,49,0,0,0,0,0
Eric Watts,98459,ED,NYJ,4,1,0,22,58.9,,,,,,64.7,,,70.0,0,0,0,20,4,0,0,8,0
Darnell Wright,98480,T,CHI,15,0,0,6,,,25.3,,,,31.9,,,69.3,0,0,71,0,0,0,0,0,0
Luke Musgrave,98499,TE,GB,8,0,0,12,,,22.8,,,,28.4,,,67.6,0,0,13,0,0,22,0,0,0
Zach Harrison,98503,DI,ATL,7,0,0,2,58.3,,,,,,61.4,,,74.9,0,0,0,29,0,0,0,23,0
Jared Wiley,98508,TE,KC,4,0,0,16,,,60.0,,,,75.1,,,69.1,0,0,7,0,0,10,0,7,0
Chase Lundt,98515,T,BUF,1,0,0,4,,,60.0,,,,60.4,,,63.4,0,0,5,0,0,0,0,0,0
Tatum Bethune,98532,LB,SF,14,0,0,28,58.9,,,,,,67.9,,,72.8,4,0,0,36,28,24,15,20,2
Matt Lee,98544,C,CIN,5,0,0,7,,,60.3,,,,61.0,,,64.6,0,0,16,0,0,0,0,0,0
Swayze Bozeman,98634,LB,NYG,6,0,1,21,59.9,,,,,,59.3,,,73.4,2,2,0,12,29,27,18,18,4
Nick Jackson,98640,LB,TB,2,0,0,30,,,,,,,65.2,,,68.2,0,0,0,0,10,12,10,3,1
Jordan Morgan,98652,G,GB,18,0,0,12,,,25.6,,,,34.1,,,75.8,0,0,82,0,0,0,0,0,0
Rhamondre Stevenson,98689,HB,NE,3,0,0,19,,,,59.7,,,60.0,,,63.4,0,0,0,0,0,5,0,0,0
Jaylen Warren,98692,HB,PIT,8,0,0,25,,,,57.1,,,71.9,,,62.2,0,0,0,0,0,35,0,0,0
Kaiir Elam,98693,CB,TEN,5,0,0,31,60.1,,,,,,59.2,,,72.7,0,0,0,4,1,1,0,7,0
Mohamoud Diabate,98780,LB,CLV,17,2,0,8,60.0,,,,,,57.7,,,62.4,1,1,0,2,52,3,93,55,2
Ty'Ron Hopper,98781,LB,GB,18,2,0,12,59.6,,,,,,73.4,,,30.7,3,3,0,12,91,86,54,52,12
Ja'Markis Weston,98826,LB,NYJ,3,0,0,22,59.9,,,,,,67.6,,,72.9,0,0,0,3,16,15,6,16,2
Jay Ward,98833,S,MIN,17,1,0,18,60.8,,,,,,55.6,,,29.0,0,4,0,76,75,74,0,58,2
Cor'Dale Flott,98834,CB,NYG,2,0,0,21,,,,,,,65.0,,,64.5,0,0,0,0,6,0,0,0,0
Jammie Robinson,98836,S,ATL,6,0,0,2,59.6,,,,,,87.4,,,73.8,1,0,0,27,34,29,13,18,1
Jaylen McCollough,98845,S,LA,20,1,1,26,59.5,,,,,,67.0,,,52.0,3,2,0,62,113,80,39,72,5
Demani Richardson,98852,S,CAR,13,1,0,5,59.4,,,,,,68.0,,,72.3,1,0,0,50,57,38,12,10,1
Jordan Battle,98857,S,CIN,14,3,0,7,,,,,,,75.1,,,68.3,2,0,0,0,65,0,0,5,8
Marcus Banks,98861,S,TB,3,1,0,30,,,,,,,67.3,,,69.0,0,0,0,0,12,15,0,5,0
DeMarcco Hellams,98863,S,ATL,11,1,0,2,59.3,,,,,,65.8,,,75.2,1,1,0,48,52,54,46,37,8
Nehemiah Pritchett,98875,CB,SEA,19,0,0,29,60.8,,,,,,63.7,,,82.0,3,1,0,39,110,4,59,75,9
Jaylin Simpson,98876,S,GB,1,0,0,12,59.8,,,,,,60.4,,,70.4,0,0,0,4,1,0,0,4,0
Brandin Echols,98900,CB,PIT,17,1,0,25,,,,,,,64.8,,,44.6,1,1,0,0,45,0,22,46,1
Elijah Simmons,98915,DI,TB,2,0,0,30,59.1,,,,,,59.4,,,64.2,0,0,0,2,0,0,0,0,0
DeMarvin Leal,98919,ED,PIT,3,0,0,25,,,,,,,55.5,,,67.0,0,0,0,0,5,3,0,2,0
Byron Young,98923,DI,PHI,17,0,0,24,58.5,,,,,,60.0,,,71.3,0,0,0,71,0,0,0,4,0
Justin Eboigbe,98925,DI,LAC,17,1,0,27,58.5,,60.1,,,,60.8,,,76.6,2,0,8,62,63,0,0,25,5
Eric Gregory,98930,DI,NE,4,0,0,19,58.9,,,,,,61.1,,,69.0,0,0,0,9,0,0,0,5,0
Travon Walker,98940,ED,JAX,15,0,1,15,58.5,,,,,,49.9,,,27.9,0,1,0,41,0,0,0,9,0
Zion Logue,98944,DI,BUF,2,0,0,4,59.6,,,,,,59.8,,,63.0,0,0,0,2,0,0,0,0,0
Darius Robinson,98946,DI,ARZ,11,0,0,1,56.9,,,,,,57.1,,,72.6,0,0,0,50,0,0,0,1,0
Isaiah McGuire,98948,ED,CLV,7,0,0,8,58.9,,,,,,59.7,,,66.3,0,0,0,19,1,0,0,1,0
Will Reichard,98965,K,MIN,17,0,0,18,,93.8,,,9.2,,61.0,,,63.5,1,2,67,0,84,0,0,0,1
Henry To'oTo'o,98982,LB,HST,14,1,0,13,60.0,,,,,,52.5,,,69.1,1,0,0,21,14,14,37,5,1
Christian Harris,98996,LB,HST,16,3,0,13,59.9,,,,,,70.3,,,78.2,0,0,0,3,80,56,0,43,2
Owen Pappoe,99006,LB,ARZ,17,3,0,1,59.3,,,,,,61.3,,,78.4,0,1,0,89,82,104,61,36,6
Nolan Smith,99014,ED,PHI,6,0,0,24,,,,,,,65.4,,,68.3,0,0,0,0,0,0,0,9,0
Jermaine Johnson,99015,ED,NYJ,6,0,0,22,59.1,,,,,,59.5,,,67.4,0,0,0,26,0,0,0,1,0
Nakobe Dean,99018,LB,PHI,6,0,0,24,,,,,,,60.1,,,64.4,0,0,0,0,0,6,2,6,0
Amari Kight,99064,T,SEA,5,0,0,29,,,62.1,,,,61.8,,,67.2,0,0,25,0,0,0,0,0,0
Beaux Limmer,99067,G,LA,4,0,0,26,,,25.9,,,,29.4,,,65.5,0,0,20,0,0,0,0,0,0
Warren McClendon Jr.,99081,T,LA,20,0,0,26,,,63.4,,,,62.5,,,68.2,0,0,108,0,0,0,0,0,0
Xavier Truss,99082,G,NO,7,0,0,20,,,62.6,,,,50.3,,,25.8,0,1,30,0,0,0,0,0,0
Anthony Bradford,99103,G,SEA,19,0,0,29,,,68.5,,,,63.8,,,64.5,0,0,109,0,0,0,0,0,0
Sam Williams,99106,ED,DAL,17,0,0,9,68.9,,,,,,86.9,,,81.3,0,0,0,88,12,0,0,43,1
Eric Gray,99143,HB,NYG,3,0,0,21,,,,54.7,,,50.5,,,62.3,0,0,0,0,0,13,0,0,0
Josh Williams,99171,HB,TB,2,0,0,30,,,,58.8,,,59.6,,,61.6,0,0,0,0,0,10,0,0,0
Xavier Legette,99197,WR,CAR,3,0,0,5,,,,63.5,,,70.8,,,61.7,0,0,0,0,0,13,0,0,0
Treylon Burks,99218,WR,WAS,3,0,0,32,,,,59.9,,,53.9,,,61.6,0,0,0,0,0,11,0,0,0
George Pickens,99229,WR,DAL,2,0,0,9,,,,61.2,,,59.4,,,64.7,0,0,0,0,0,3,0,0,0
Jacardia Wright,99250,HB,SEA,1,0,0,29,,,,,,,56.2,,,61.1,0,0,0,0,0,3,0,0,0
Tyler Owens,99271,S,WAS,17,1,0,32,58.6,,,,,,71.7,,,43.5,5,5,0,84,78,97,56,44,8
T'Vondre Sweat,99321,DI,TEN,11,0,0,31,57.3,,,,,,58.0,,,74.4,0,0,0,57,0,0,0,2,0
Jordan Jefferson,99325,DI,CIN,2,0,0,7,59.0,,,,,,60.2,,,69.0,0,0,0,3,0,0,0,2,0
Gabe Hall,99350,DI,PHI,1,0,0,24,59.5,,,,,,59.9,,,65.0,0,0,0,4,0,0,0,0,0
Austin McNamara,99363,P,NYJ,17,0,1,22,,,62.2,,17.9,,63.1,,90.3,71.2,0,4,52,0,43,0,71,0,0
Jared Bartlett,99374,LB,ARZ,2,0,0,1,,,,,,,36.0,,,67.8,1,0,0,0,9,17,7,2,0
Dee Winters,99376,LB,SF,12,0,0,28,60.0,,,,,,67.3,,,64.0,0,0,0,1,0,1,0,16,0
Cooper Beebe,99434,C,DAL,4,0,0,9,,,60.2,,,,61.0,,,64.6,0,0,15,0,0,0,0,0,0
Roschon Johnson,99467,HB,CHI,7,1,0,6,,,,59.9,,,72.3,,,71.8,0,1,0,0,39,29,19,15,7
Darien Porter,99553,CB,LV,17,0,0,23,59.7,,,,,,57.4,,,33.3,5,2,0,57,41,0,31,26,4
RJ Harvey,99622,HB,DEN,10,0,0,10,,,,52.9,,,61.2,,,62.7,0,0,0,0,0,39,3,0,0
Will Putnam,99655,C,LV,14,0,0,23,,,63.9,,,,62.3,,,66.8,0,0,44,0,0,0,0,0,0
Matthew Bergeron,99658,G,ATL,14,0,0,2,,,63.8,,,,62.0,,,64.7,0,0,61,0,0,0,0,0,0
Asim Richards,99674,T,NO,15,0,0,20,,,62.3,,,,61.9,,,66.7,0,0,58,0,0,0,0,0,0
Matt Goncalves,99680,G,IND,16,0,0,14,,,65.0,,,,63.2,,,70.6,0,0,78,0,0,0,0,0,0
Zion Johnson,99681,G,LAC,18,0,0,27,,,67.6,,,,63.5,,,65.5,0,0,80,0,0,0,0,0,0
Jared Wayne,99691,WR,HST,1,0,0,13,,,,,,,62.1,,,68.1,0,0,0,0,0,3,0,5,0
Davis Allen,99697,TE,LA,20,0,0,26,,,66.1,,,,60.8,,,71.7,0,0,108,0,0,94,44,1,1
Dontayvion Wicks,99711,WR,GB,1,0,0,12,,,,61.2,,,60.0,,,62.9,0,0,0,0,0,1,0,0,0
Garrett Williams,99723,CB,ARZ,5,0,0,1,60.2,,,,,,59.4,,,72.2,0,0,0,6,0,0,0,8,0
Demetrius Knight Jr.,99728,LB,CIN,3,0,0,7,,,,,,,61.5,,,67.3,0,0,0,0,0,0,0,3,0
Jarvis Brownlee Jr.,99734,CB,NYJ,5,0,0,22,60.0,,,,,,32.0,,,23.8,0,2,0,2,0,0,0,16,0
SirVocea Dennis,99767,LB,TB,16,0,0,30,60.0,,,,,,67.5,,,68.6,0,0,0,70,6,0,0,18,1
Ruke Orhorhoro,99768,DI,ATL,17,0,0,2,57.3,,,,,,57.4,,,71.8,0,0,0,74,0,0,0,0,0
Renardo Green,99773,CB,SF,10,0,0,28,,,,,,,59.9,,,73.1,0,0,0,0,0,0,0,12,0
Ryan Fitzgerald,99867,K,CAR,18,0,0,5,,68.0,,,10.8,,60.9,,,63.4,0,2,65,0,77,0,0,0,2
Kyu Blu Kelly,100375,CB,LV,2,0,0,23,,,,,,,60.0,,,69.9,0,0,0,0,1,0,0,4,0
Trikweze Bridges,100378,CB,DAL,13,0,0,9,61.4,,,,,,56.8,,,44.4,1,1,0,52,36,22,2,24,1
D.J. James,100379,CB,NE,1,0,0,19,,,,,,,59.9,,,70.0,0,0,0,0,0,0,0,5,0
Carl Jones Jr.,100406,LB,BLT,13,4,0,3,,,,,,,53.6,,,28.8,4,3,0,0,78,63,40,24,6
Nahshon Wright,100412,CB,CHI,14,0,0,6,60.0,,,,,,63.0,,,75.2,0,0,0,1,0,0,0,19,0
Brandon Dorlus,100452,DI,ATL,14,0,0,2,58.2,,,,,,62.3,,,76.7,0,0,0,45,0,0,0,23,0
Troy Fautanu,100521,T,PIT,6,0,0,25,,,62.7,,,,61.9,,,67.7,0,0,21,0,0,0,0,0,0
Laiatu Latu,100551,ED,IND,7,0,0,14,59.5,,,,,,61.0,,,68.3,0,0,0,1,0,0,0,7,0
Walter Rouse,100564,T,MIN,7,0,0,18,,,64.4,,,,62.5,,,67.6,0,0,32,0,0,0,0,0,0
Jamal Hill,100609,LB,HST,14,2,1,13,59.7,,,,,,71.8,,,64.4,3,1,0,38,74,52,53,67,5
Craig Woodson,100612,S,NE,14,0,0,19,59.5,,,,,,71.9,,,68.6,0,0,0,15,59,4,0,0,6
Puka Nacua,100632,WR,LA,2,0,0,26,,,,,,,59.4,,,63.9,0,0,0,0,0,2,0,0,0
Devaughn Vele,100637,WR,NO,7,0,0,20,,,,,,,65.8,,,68.3,0,1,0,0,1,35,0,0,0
Kain Medrano,100655,LB,WAS,9,1,0,32,59.7,,,,,,68.5,,,74.9,2,0,0,8,33,50,26,17,5
Ricky Pearsall,100660,WR,SF,1,0,0,28,,,,,,,59.4,,,62.0,0,0,0,0,0,2,0,0,0
Sauce Gardner,100903,CB,IND,2,0,0,14,,,,,,,60.9,,,82.8,0,0,0,0,0,0,0,1,0
Ja'Quan McMillian,100931,CB,DEN,1,0,0,10,60.0,,,,,,60.0,,,64.8,0,0,0,1,0,0,0,0,0
Spencer Shrader,100974,K,IND,5,0,0,14,,72.8,,,18.2,,60.5,,,62.5,0,1,29,0,27,0,0,0,0
Patrick Paul,101019,T,MIA,16,0,0,17,,,65.5,,,,56.2,,,27.6,0,1,65,0,0,0,0,0,0
Ray Davis,101072,HB,BUF,19,1,0,4,,,,81.0,60.0,,69.2,,,71.3,0,0,0,0,1,66,54,24,1
Tre Tucker,101106,WR,LV,7,0,0,23,,,,59.9,,,60.4,59.7,,63.8,0,0,0,1,0,3,0,17,0
Xavier Weaver,101130,WR,ARZ,5,0,0,1,,,,58.0,,,54.9,,,62.0,0,0,0,0,0,23,0,0,0
Jacoby Windmon,101226,LB,CAR,1,0,0,5,,,,,,,66.8,,,66.2,0,0,0,0,3,0,3,3,0
Brandon Crenshaw-Dickson,101241,T,TEN,4,0,0,31,,,61.1,,,,61.3,,,65.3,0,0,15,0,0,0,0,0,0
JL Skinner,101311,S,DEN,18,1,0,10,59.5,,,,,,77.9,,,62.3,4,4,0,15,95,83,72,75,12
Jerrick Reed II,101322,S,TEN,7,1,0,31,,,,,,,59.0,,,28.7,1,1,0,0,40,19,4,23,3
Ajani Carter,101343,CB,HST,2,0,0,13,60.0,,,,,,69.6,,,74.2,0,0,0,6,8,8,6,8,0
Joey Porter Jr.,101364,CB,PIT,8,0,0,25,59.5,,,,,,60.7,,,71.7,0,0,0,8,0,0,0,5,0
DJ Turner II,101376,CB,CIN,1,0,0,7,59.8,,,,,,56.4,,,70.5,0,0,0,4,4,0,4,2,0
Deonte Banks,101384,CB,NYG,16,0,0,21,59.0,,,83.8,,,63.3,,,84.1,0,0,0,76,0,49,0,35,0
Devon Witherspoon,101388,CB,SEA,2,0,0,29,59.8,,,,,,61.3,,,68.7,0,0,0,8,0,0,0,0,0
Dane Belton,101398,S,NYG,17,4,0,21,59.1,,,,,,71.6,,,79.3,4,0,0,83,85,49,59,34,16
Sebastian Castro,101402,S,PIT,10,2,0,25,,,,,,,59.7,,,27.4,1,1,0,0,46,41,0,0,2
Logan Lee,101416,DI,PIT,4,0,0,25,58.7,,61.1,,,,59.9,,,66.7,0,0,13,12,0,0,0,0,0
Mazi Smith,101419,DI,NYJ,6,0,0,22,59.7,,,,,,60.5,,,66.1,0,0,0,28,0,0,0,0,0
David Ojabo,101420,ED,BLT,13,0,0,3,60.0,,,,,,64.7,,,75.7,1,0,0,6,28,6,0,28,4
Mike Morris,101421,DI,SEA,19,3,0,29,59.3,,66.4,,,,82.5,,,84.1,2,0,95,12,117,76,18,71,9
Sam Okuayinonu,101425,ED,SF,14,0,0,28,60.0,,,,,,70.5,,,73.4,1,0,0,25,11,4,7,24,0
Ty Robinson,101446,DI,PHI,9,0,0,24,58.3,,,,,,48.4,,,70.1,0,0,0,29,3,0,0,2,0
Leo Chenal,101463,LB,KC,14,1,0,16,60.2,,,,,,91.0,,,79.4,0,0,0,52,19,64,42,50,2
Maema Njongmeta,101465,LB,CAR,16,3,0,5,,,,,,,62.6,,,65.0,9,1,0,0,71,83,55,45,9
Cade Stover,101486,TE,HST,11,0,0,13,,,64.1,,,,55.6,,,68.4,2,0,56,0,8,40,32,0,2
Tommy Eichenberg,101488,LB,LV,17,5,0,23,59.9,,,,,,81.4,,,28.3,5,4,0,77,63,94,74,62,15
Jack Campbell,101515,LB,DET,17,3,0,11,,,,,,,80.1,,,69.7,0,0,0,0,79,5,3,7,5
William Wagner,101523,LS,CIN,17,0,0,7,,,27.3,,,0.0,29.7,,,68.1,3,0,73,0,0,0,65,0,2
Keeanu Benton,101536,DI,PIT,15,0,0,25,58.3,,60.0,,,,60.1,,,70.8,0,0,2,30,0,0,0,5,0
Trevor Keegan,101544,G,DAL,2,0,0,9,,,61.2,,,,61.6,,,69.0,0,0,12,0,0,0,0,0,0
Dawand Jones,101550,T,CLV,1,0,0,8,,,60.0,,,,60.4,,,64.2,0,0,3,0,0,0,0,0,0
Joe Tippmann,101568,G,NYJ,16,0,0,22,,,62.1,,,,61.8,,,66.4,0,0,52,0,0,0,0,0,0
Nick Samac,101570,C,CAR,11,0,0,5,,,62.3,,,,58.2,,,66.8,0,0,40,0,0,6,0,0,0
Brant Banks,101581,T,TEN,2,0,0,31,,,60.0,,,,60.7,,,64.6,0,0,6,0,0,0,0,0,0
John Bullock,101601,LB,TB,15,5,1,30,60.0,,,,,,56.7,,,28.3,0,2,0,6,74,79,59,34,5
Luke McCaffrey,101634,WR,WAS,9,1,0,32,,,,82.7,,,79.4,,,69.0,0,0,0,0,36,46,0,12,3
Tyler Goodson,101659,HB,IND,11,0,1,14,,,,62.3,,,50.8,,,38.2,6,1,0,0,56,11,31,29,7
Jaquan Brisker,101665,S,CHI,19,0,0,6,59.5,,,,,,62.9,,,68.3,0,0,0,84,0,0,0,17,0
Nick Kallerup,101679,TE,SEA,11,0,0,29,,,,,,,69.9,,,67.5,1,0,0,0,17,42,0,2,2
Hayden Rucci,101680,TE,DET,4,0,0,11,,,61.6,,,,75.9,,,66.2,0,0,18,0,0,13,11,0,1
Sam LaPorta,101690,TE,DET,4,0,0,11,,,,61.2,,,58.5,,,62.5,0,0,0,0,0,5,0,0,0
Brenton Strange,101694,TE,JAX,2,0,0,15,,,,61.2,,,60.0,,,61.5,0,0,0,0,0,2,0,0,0
Jameson Williams,101701,WR,DET,1,0,0,11,,,,,,,60.0,,,60.7,0,0,0,0,0,1,0,0,0
Dalevon Campbell,101711,WR,LAC,2,0,0,27,,,,,,,59.8,,,72.1,1,0,0,0,1,0,6,2,1
Wan'Dale Robinson,101735,WR,NYG,1,0,0,21,,,,59.2,,,60.0,,,61.2,0,0,0,0,0,4,0,0,0
Alijah Huzzie,101807,CB,HST,2,0,0,13,,,,,,,58.6,,,69.5,0,0,0,0,8,2,2,2,1
Jared Verse,101912,ED,LA,20,0,0,26,85.1,,,,,,91.0,,,72.0,0,0,0,76,0,0,0,2,0
Isaiah Land,102108,ED,DAL,1,0,0,9,,,,,,,47.6,,,66.3,0,0,0,0,5,0,0,2,0
Hogan Hatten,102135,LS,DET,17,0,0,11,,,89.7,,,77.3,79.9,,,67.7,0,0,90,0,0,0,57,0,2
C.J. Hanson,102272,G,KC,3,0,0,16,,,61.0,,,,61.1,,,61.6,0,0,11,0,0,0,0,0,0
Terrell Jennings,102408,HB,NE,7,2,0,19,,,,73.4,,,80.3,,,69.2,1,0,0,0,25,17,0,9,2
Jakobie Keeney-James,102578,WR,GB,1,0,0,12,,,,54.8,,,60.1,60.9,,62.4,0,0,0,0,0,5,0,4,0
Xavier Smith,102585,WR,LA,19,2,0,26,,,,65.4,,,58.0,70.7,,76.1,2,0,0,1,44,30,41,65,2
Kyle Hamilton,102684,S,BLT,3,0,0,3,59.8,,,,,,60.0,,,62.4,0,0,0,5,0,0,0,0,0
Isaiah Foskey,102728,ED,CIN,8,0,0,7,,,,,,,70.5,,,76.7,0,0,0,0,35,15,0,21,2
JD Bertrand,102787,LB,ATL,15,2,0,2,60.0,,,,,,39.0,,,81.2,5,0,0,68,72,65,60,44,4
Marist Liufau,102789,LB,DAL,17,5,0,9,59.5,,,,,,65.2,,,29.3,2,3,0,65,102,106,34,54,8
O'Cyrus Torrence,102821,G,BUF,19,0,0,4,,,31.6,,,,49.1,,,65.1,0,0,86,0,0,0,0,0,0
Dalen Cambre,102933,WR,NYG,7,1,0,21,60.0,,,,,,60.8,,,73.0,1,0,0,1,36,31,4,17,3
Cam Hart,102955,CB,LAC,17,2,0,27,59.8,,,,,,46.8,60.1,,78.2,1,1,0,14,67,9,9,35,1
Jarius Monroe,103580,S,NYJ,4,1,0,22,59.7,,,,,,61.1,,,70.0,1,0,0,18,11,27,12,6,1
Tucker Kraft,104034,TE,GB,5,0,0,12,,,60.6,,,,60.9,,,64.5,0,0,12,0,0,3,0,0,0
Xavier Gipson,104136,WR,NYG,7,0,0,21,,,,60.6,,,66.1,49.5,,63.9,0,0,0,0,0,30,0,21,0
Demario Douglas,104155,WR,NE,2,0,0,19,,,,60.0,,,59.8,,,61.1,0,0,0,0,0,3,0,0,0
Kei'Trel Clark,104163,CB,ARZ,14,2,0,1,60.4,,,,,,73.1,,,48.5,1,1,0,58,65,18,1,26,8
PJ Jules,104232,S,CIN,14,3,0,7,59.9,,,,,,91.0,,,52.2,6,3,0,1,68,80,41,35,13
Coleman Owen,104969,WR,IND,2,0,0,14,,,,61.5,,,59.6,61.6,,62.5,0,0,0,0,0,15,0,4,0
Branson Combs,105001,LB,JAX,11,3,0,15,59.8,,,,,,86.1,,,58.1,2,1,0,8,63,51,36,35,7
Chris Edmonds,105737,S,CLV,9,4,0,8,,,,,,,86.2,,,76.4,0,0,0,0,21,43,52,38,3
Jalyx Hunt,105989,ED,PHI,15,0,0,24,59.3,,,,,,58.0,,,70.7,0,0,0,49,0,0,49,10,0
Jordan Colbert,106063,S,MIA,5,2,0,17,59.5,,,,,,63.0,,,69.3,3,0,0,5,19,24,6,8,4
Isaiah Johnson,106073,CB,MIA,4,0,0,17,,,,,,,69.2,,,71.2,0,0,0,0,18,20,8,9,3
Brandon Codrington,106248,CB,BUF,4,0,0,4,60.0,,,65.5,,,60.2,61.2,,63.7,0,0,0,1,0,20,0,18,0
Truman Jones,106527,ED,TEN,10,0,0,31,58.8,,,,,,80.8,,,78.3,1,0,0,12,22,47,3,27,1
Dom Jones,106697,CB,CLV,8,0,0,8,,,,,,,57.4,,,79.4,0,0,0,0,6,17,0,34,0
Joe Andreessen,108177,LB,BUF,19,5,0,4,60.0,,,61.2,,,89.9,,,82.8,3,2,0,73,110,91,54,57,17
Rodney Thomas II,108389,S,IND,17,2,0,14,59.2,,,,,,72.7,,,81.2,0,0,0,82,77,32,45,39,7
Michael Niese,108444,C,DET,8,0,0,11,,,65.1,,,,63.1,,,70.3,0,0,45,0,0,0,0,0,0
Henry Byrd,108783,G,MIN,2,0,0,18,,,60.2,,,,61.1,,,65.3,0,0,12,0,0,0,0,0,0
Michael Hoecht,108840,ED,BUF,2,0,0,4,59.1,,,,,,70.3,,,69.8,0,0,0,6,0,7,0,7,0
Corey Bullock,108855,C,BLT,15,0,0,3,,,67.1,,,,63.9,,,73.1,0,0,55,0,0,0,0,0,0
Julius Chestnut,109239,HB,TEN,17,2,1,31,59.8,,,58.7,,,76.5,,,33.3,3,3,0,3,72,100,77,63,11
Jackson Hawes,109374,TE,BUF,18,0,0,4,,,60.0,,,,50.0,,,37.7,0,3,1,0,3,81,0,4,0
Mason Tipton,109617,WR,NO,11,0,0,20,,,,81.0,,,55.5,,,64.9,0,0,0,0,2,39,0,3,0
Adam Trautman,109795,TE,DEN,19,0,0,10,,,65.6,61.2,,,61.4,,,67.6,1,0,81,0,0,1,29,4,0
E.J. Jenkins,109834,TE,PHI,2,0,0,24,,,60.0,,,,69.5,,,67.5,0,0,5,0,9,11,5,1,0
Dee Alford,110542,CB,ATL,11,0,0,2,60.5,,,56.1,,,67.4,60.1,,74.7,1,0,0,14,40,5,0,14,3
Jalen Brooks,111284,WR,ARZ,6,0,0,1,,,,48.6,,,56.3,,,68.8,1,1,0,0,12,27,4,4,3
D'Anthony Bell,111578,S,CAR,15,2,0,5,59.9,,,60.0,,,67.2,,,80.3,3,0,0,25,95,53,26,65,4
Dareke Young,111900,WR,SEA,11,3,0,29,,,,80.7,,,68.2,,,83.1,1,0,0,0,67,48,35,39,7
Ethan Evans,112090,P,LA,20,0,0,26,,,63.5,,0.0,,64.4,,66.9,74.9,0,1,108,0,77,0,66,0,1
Quinn Meinerz,112915,G,DEN,19,0,0,10,,,49.2,,,,57.1,,,77.6,0,0,79,0,0,0,0,0,0
Mason Kinsey,115664,WR,TEN,10,1,0,31,59.4,,,,,,76.2,60.5,,84.1,2,0,0,52,43,62,36,33,3
Darrell Luter Jr.,121428,CB,SF,19,2,0,28,61.8,,,,,,68.9,,,90.4,0,0,0,83,79,57,43,46,4
Jamie Sheriff,121433,ED,SEA,1,0,0,29,,,,,,,45.8,,,67.2,0,0,0,0,6,4,2,3,0
Natrone Brooks,121449,CB,ATL,17,0,0,2,60.2,,,50.2,,,66.4,61.5,,83.7,2,0,0,50,40,42,22,43,5
Jason Brownlee,121451,WR,KC,4,1,0,16,,,,,,,69.1,,,65.9,0,0,0,0,21,0,0,0,2
Frank Gore Jr.,121457,HB,BUF,1,0,0,4,,,,,,,70.3,,,66.6,0,0,0,0,7,0,0,3,1
Mac McWilliams,121497,CB,PHI,6,0,0,24,60.0,,,,,,63.6,,,74.8,1,0,0,5,0,3,9,8,1
Trevian Thomas,121544,S,CAR,1,0,0,5,60.0,,,,,,55.7,,,71.1,0,0,0,1,2,0,1,6,1
Jimmy Ciarlo,121563,LB,BUF,1,0,0,4,,,,,,,48.4,,,65.1,0,0,0,0,5,5,1,2,0
Rasheen Ali,121717,HB,BLT,15,2,0,3,,,,60.4,,,61.5,,,73.5,6,0,0,0,73,75,40,31,9
Cam'Ron Jackson,121769,DI,CAR,10,0,0,5,75.8,,60.0,,,,84.1,,,70.9,0,0,5,35,0,0,0,2,0
Jaylin Lane,121811,WR,WAS,14,0,0,32,,,,30.8,,,55.5,78.7,,64.7,0,0,0,0,0,40,0,40,0
Upton Stout,121906,CB,SF,2,0,0,28,,,,,,,60.6,,,65.6,0,0,0,0,0,0,0,3,0
Marcus Bryant,121917,T,NE,12,0,0,19,,,64.4,,,,62.6,,,68.1,0,0,56,0,0,0,0,0,0
Jake Bates,121959,K,DET,17,1,0,11,,85.1,,,5.5,,61.0,,,63.7,2,5,90,0,99,0,0,0,2
Zion Childress,121963,S,DAL,3,1,0,9,60.0,,,,,,52.6,,,64.6,0,0,0,17,11,0,0,0,1
Tyrice Knight,122025,LB,SEA,13,1,0,29,59.9,,,,,,65.7,,,77.6,2,0,0,1,68,42,27,47,11
Tyler Batty,122052,ED,MIN,12,1,0,18,58.1,,61.3,,,,72.2,,,81.0,4,2,26,55,58,58,26,44,7
Ryan Rehkow,122074,P,CIN,17,0,0,7,,,62.8,,60.0,,63.5,,67.8,73.7,0,2,73,0,1,0,65,0,0
Bryan Bresee,122142,DI,NO,15,0,0,20,69.6,,,,,,77.3,,,76.4,0,0,0,66,0,0,0,0,0
R.J. Mickens,122153,S,LAC,11,0,0,27,59.8,,,,,,54.6,,,72.4,2,0,0,1,49,13,0,24,4
Myles Murphy,122154,ED,CIN,8,0,0,7,59.0,,,,,,59.8,,,67.0,0,0,0,19,0,0,0,1,0
Trenton Simpson,122157,LB,BLT,17,3,0,3,60.0,,,,,,58.9,,,57.4,3,1,0,21,54,89,54,18,8
Xavier Restrepo,122220,WR,TEN,2,0,0,31,,,,,,,60.2,,,65.7,0,0,0,0,0,1,0,1,0
Jalen Rivers,122221,G,CIN,16,0,0,7,,,62.7,,,,62.1,,,67.3,0,0,73,0,0,0,0,0,0
Elijah Roberts,122222,DI,TB,17,0,0,30,57.4,,,,,,60.5,,,79.0,0,0,0,69,0,7,0,24,0
Drake Dabney,122264,TE,GB,2,0,0,12,,,,,,,53.4,,,67.0,0,0,0,0,0,12,0,4,0
Graham Barton,122367,C,TB,16,0,0,30,,,65.7,,,,63.3,,,71.3,0,0,68,0,0,0,0,0,0
Dorian Mausi,122378,LB,TEN,17,1,0,31,60.0,,,,,,65.7,,,28.2,3,3,0,27,72,99,78,65,6
Aeneas Peebles,122379,DI,BLT,5,0,0,3,58.1,,,,,,58.6,,,68.7,0,0,0,32,0,0,0,1,0
Jared Ivey,122480,ED,SEA,2,0,0,29,,,,,,,68.7,,,65.1,0,0,0,0,9,0,0,1,0
Kyle Kennard,122483,ED,LAC,3,0,0,27,60.0,,,,,,63.4,,,69.4,0,0,0,3,2,0,0,8,0
Xavier Hutchinson,122518,WR,HST,14,0,0,13,,,,,,,67.9,,,79.2,0,0,0,0,4,32,11,45,0
T.J. Tampa,122537,CB,BLT,17,4,0,3,59.7,,,,,,73.1,,,89.0,4,1,0,78,91,79,52,52,10
Bryce Cabeldue,122550,G,SEA,6,0,0,29,,,63.6,,,,63.0,,,70.7,0,0,30,0,0,0,0,2,0
Ben Sinnott,122616,TE,WAS,16,0,0,32,,,61.5,,,,53.1,,,73.0,0,1,15,0,1,86,51,18,0
Trey Amos,122628,CB,WAS,2,0,0,32,,,,,,,67.5,,,67.7,0,0,0,0,0,0,0,2,0
Tre Harris,122676,WR,LAC,13,0,0,27,,,,,,,64.4,,,72.7,0,0,0,0,0,61,5,7,1
Yaya Diaby,122705,ED,TB,17,0,0,30,58.5,,,,,,62.6,,,74.7,0,0,0,76,0,0,0,21,0
Josh Downs,122832,WR,IND,4,0,0,14,,,,,,,60.7,51.6,,63.8,0,0,0,0,0,0,0,16,0
Cedric Gray,122835,LB,TEN,15,1,0,31,59.6,,,,,,73.2,,,29.0,0,1,0,70,24,5,0,18,3
Michael Mayer,122906,TE,LV,13,0,0,23,,,63.1,,,,74.2,,,66.7,1,0,32,0,0,2,51,0,2
Rylie Mills,122907,DI,SEA,1,0,0,29,,,,,,,59.8,,,66.3,0,0,0,0,0,0,0,1,0
Xavier Watts,122914,S,ATL,9,2,0,2,,,,,,,59.8,,,66.9,2,0,0,0,41,0,1,0,3
Anton Harrison,122929,T,JAX,13,0,0,15,,,63.0,,,,62.2,,,67.6,0,0,62,0,0,0,0,0,0
Marvin Mims Jr.,122937,WR,DEN,17,0,0,10,,,,68.8,,,57.0,79.6,,66.1,0,0,0,0,0,68,0,82,0
Perrion Winfrey,122952,DI,DAL,1,0,0,9,59.3,,,,,,59.5,,,64.1,0,0,0,6,0,0,0,0,0
Korie Black,122958,CB,NYG,10,0,0,21,59.4,,,,,,46.6,,,75.1,1,0,0,9,28,0,3,15,0
Brennan Presley,122982,WR,LA,1,0,0,26,,,,60.0,,,60.2,,,66.8,0,0,0,0,0,2,2,0,0
Ben Sauls,123021,K,NYG,3,0,0,21,,75.5,,,33.9,,60.2,,,61.9,0,1,15,0,10,0,0,0,0
Justin Barron,123032,LB,DAL,2,0,0,9,,,,,,,69.6,,,68.4,0,0,0,0,11,14,0,5,0
Sean Tucker,123056,HB,TB,15,0,0,30,,,,52.0,,,54.5,,,39.0,1,1,0,0,0,62,42,22,0
Marlowe Wax,123057,LB,LAC,18,3,0,27,59.4,,,,,,80.7,,,29.1,3,2,0,44,92,89,66,50,13
Brandon Coleman,123068,T,WAS,11,0,0,32,,,64.4,,,,62.4,,,67.4,0,0,37,0,0,0,0,0,0
Tyler Guyton,123076,T,DAL,7,0,0,9,,,63.1,,,,62.2,,,70.0,0,0,25,0,0,0,0,0,0
Kendre Miller,123091,HB,NO,7,0,0,20,,,,73.0,,,53.2,,,62.2,0,0,0,0,0,35,0,0,0
Savion Williams,123101,WR,GB,12,0,0,12,,,,69.6,,,74.8,,,63.9,0,0,0,0,0,50,2,0,1
Jahdae Barron,123105,CB,DEN,15,0,0,10,,,,,,,58.1,,,82.1,0,0,0,0,43,0,0,50,2
Alfred Collins,123110,DI,SF,18,0,0,28,57.4,,,,,,52.0,,,29.9,0,1,0,74,0,0,0,9,0
Kitan Crawford,123111,S,ARZ,15,2,0,1,76.9,,,,,,74.4,,,56.4,7,2,0,79,70,86,54,30,8
Jaylan Ford,123114,LB,NO,17,3,0,20,59.7,,,,,,66.6,,,80.2,2,1,0,53,77,90,58,51,7
Tahj Brooks,123133,HB,CIN,16,0,0,7,,,,60.3,,,63.6,,,32.6,2,1,0,0,56,57,27,39,6
Kobee Minor,123148,CB,NE,5,0,0,19,59.8,,,,,,58.0,,,76.6,0,0,0,1,0,5,1,19,0
Myles Price,123155,WR,MIN,16,0,0,18,,,,71.7,,,59.3,60.2,,65.4,0,0,0,0,0,80,0,59,0
Caleb Rogers,123157,G,LV,3,0,0,23,,,60.7,,,,61.2,,,66.2,0,0,9,0,0,0,0,0,0
Keonta Jenkins,123352,LB,BUF,3,1,0,4,,,,,,,69.7,,,69.8,0,0,0,0,19,8,0,13,4
Dorian Strong,123366,CB,BUF,4,0,0,4,59.6,,,,,,54.3,,,76.3,0,0,0,15,14,0,3,15,2
Caelen Carson,123377,CB,DAL,6,0,0,9,61.1,,,,,,35.5,,,25.4,0,2,0,26,1,8,0,10,0
Ke'Shawn Williams,123406,WR,CIN,11,0,0,7,,,,53.8,,,63.7,61.4,,64.7,0,0,0,0,0,51,0,33,0
Austin Brinkman,123409,LS,HST,19,1,0,13,,,82.7,,,36.1,68.2,,,68.7,0,0,92,0,0,0,80,0,2
Zach Frazier,123419,C,PIT,1,0,0,25,,,60.0,,,,60.7,,,66.5,0,0,3,0,0,0,0,0,0
Daryl Porter Jr.,123429,CB,PIT,1,0,0,25,,,,,,,60.4,,,68.6,0,0,0,0,0,0,2,1,0
Mitchell Tinsley,123470,WR,CIN,17,0,0,7,,,,,,,68.0,61.6,,75.7,0,0,0,0,1,78,6,38,0
Ozzy Trapilo,123552,T,CHI,15,0,0,6,,,66.1,,,,63.6,,,72.8,0,0,77,0,0,0,0,0,0
Joe Huber,123565,G,MIN,12,0,0,18,,,64.8,,,,62.9,,,69.9,0,0,49,0,0,0,0,0,0
LaJohntay Wester,123616,WR,BLT,17,0,0,3,,,,49.0,,,58.9,62.4,,65.2,0,0,0,1,0,19,0,52,0
Miles Frazier,123626,G,DET,5,0,0,11,,,61.1,,,,61.4,,,65.4,0,0,28,0,0,0,0,0,0
Art Green,123666,CB,NYG,11,1,1,21,60.7,,,,,,79.7,,,70.4,1,1,0,45,55,36,35,35,9
Kimani Vidal,123727,HB,LAC,6,0,0,27,,,,55.6,,,58.2,,,64.9,0,0,0,0,0,27,1,3,0
Corey Thornton,123763,CB,CAR,10,0,0,5,,,,,,,51.8,,,77.5,0,1,0,0,33,21,2,27,2
Keaton Mitchell,123826,HB,BLT,11,0,0,3,,,,70.7,,,56.8,,,70.4,0,0,0,0,19,53,5,11,0
Ben Chukwuma,123850,T,TB,13,0,0,30,,,65.5,,,,63.1,,,70.8,0,0,56,0,0,0,0,0,0
Will Anderson Jr.,123903,ED,HST,12,0,0,13,58.5,,,,,,61.1,,,70.2,0,0,0,17,0,0,0,8,0
Brian Branch,123907,S,DET,11,0,0,11,59.5,,,,,,61.6,,,67.7,0,0,0,31,1,3,0,7,0
Chris Braswell,123908,ED,TB,17,2,0,30,59.2,,,,,,72.0,,,76.4,1,1,0,11,82,87,9,13,8
Malachi Moore,123928,S,NYJ,17,2,0,22,59.7,,,,,,60.1,,,81.7,2,0,0,9,31,20,71,11,6
Quandarrius Robinson,123932,ED,DEN,7,2,0,10,60.0,,,,,,82.9,,,31.3,1,1,0,7,33,34,4,39,3
Jackson Woodard,123973,LB,MIA,4,0,0,17,59.7,,,,,,73.4,,,70.3,0,0,0,4,18,22,16,9,2
Tank Bigsby,123974,HB,PHI,7,0,0,24,,,,48.6,,,63.7,,,69.8,1,0,0,1,5,28,11,5,2
JJ Pegues,123998,DI,LV,6,0,0,23,58.3,,,,,,60.5,,,73.1,0,0,0,16,0,1,0,4,0
Warren Brinson,124013,DI,GB,12,0,0,12,57.9,,,,,,58.9,,,71.7,0,0,0,47,0,0,0,2,0
Jalen Carter,124019,DI,PHI,12,0,0,24,88.6,,,,,,90.5,,,28.9,0,1,0,46,0,0,0,12,0
Broderick Jones,124025,T,PIT,3,0,0,25,,,61.1,,,,61.3,,,66.4,0,0,11,0,0,0,0,0,0
Ladd McConkey,124030,WR,LAC,9,0,0,27,,,,,,,61.1,70.1,,64.0,0,0,0,0,0,1,0,18,0
Tate Ratledge,124034,G,DET,17,0,0,11,,,29.4,,,,47.8,,,75.9,0,0,90,0,0,0,0,0,0
Kelee Ringo,124035,CB,PHI,18,4,0,24,60.4,,,,,,67.5,,,70.1,4,2,0,67,87,51,61,65,10
Arian Smith,124039,WR,NYJ,15,0,0,22,,,,59.7,,,78.1,,,79.0,0,0,0,0,4,6,44,0,3
Nazir Stackhouse,124040,DI,GB,9,0,0,12,58.7,,60.0,,,,59.7,,,68.5,0,0,5,30,0,0,0,0,0
Sedrick Van Pran-Granger,124042,C,BUF,16,0,0,4,,,68.0,,,,63.6,,,74.7,0,0,68,0,0,11,0,0,0
Darnell Washington,124044,TE,PIT,16,0,0,25,57.9,,65.4,,,,60.2,,,70.4,0,0,64,48,0,4,0,0,0
Andru Phillips,124075,CB,NYG,1,0,0,21,,,,,,,60.0,,,67.7,0,0,0,0,0,0,0,2,0
Kayshon Boutte,124087,WR,NE,2,0,0,19,,,,,,,60.0,,,62.8,0,0,0,0,0,1,0,0,0
Ali Gaye,124095,ED,TEN,3,0,0,31,59.1,,,,,,61.0,,,68.5,0,0,0,6,4,4,2,5,0
Dwight McGlothern,124103,CB,MIN,10,0,0,18,60.0,,,,,,50.7,,,26.4,0,1,0,2,1,2,0,15,0
BJ Ojulari,124105,ED,ARZ,8,1,0,1,60.0,,,,,,57.6,,,72.4,0,0,0,51,6,25,0,13,0
Cedric Johnson,124136,ED,CIN,9,5,0,7,60.0,,,,,,90.6,,,71.8,0,0,0,41,51,49,7,7,6
Austin Keys,124137,LB,ARZ,11,0,0,1,,,,,,,87.4,,,78.5,4,0,0,0,56,56,41,38,4
Deane Leonard,124140,CB,LAC,9,1,0,27,59.2,,,,,,70.4,,,86.2,3,0,0,34,42,41,41,29,5
Tavius Robinson,124147,ED,BLT,10,0,0,3,58.2,,64.4,,,,60.9,,,70.4,0,0,47,46,0,1,0,6,0
Emmanuel Forbes,124166,CB,LA,20,0,0,26,58.9,,,,,,59.9,,,81.5,0,0,0,75,4,0,0,20,0
Malik Heath,124173,WR,ATL,5,0,0,2,,,,,,,70.4,,,68.6,0,0,0,0,6,17,3,0,0
Woody Marks,124179,HB,HST,2,0,0,13,,,,,,,76.5,,,67.7,0,0,0,0,0,1,0,4,0
Decamerion Richardson,124183,CB,LV,15,0,0,23,60.5,,,,,,48.0,,,56.9,2,2,0,16,44,46,42,56,10
Tyrus Wheat,124191,ED,DET,15,1,0,11,57.5,,,,,,69.6,,,74.9,0,0,0,56,86,72,0,1,10
Kris Abrams-Draine,124194,CB,DEN,19,1,0,10,59.8,,,,,,53.2,,,70.6,2,2,0,32,78,15,27,99,6
Jaylon Carlies,124196,LB,IND,2,0,0,14,,,,,,,55.8,,,70.0,0,0,0,0,5,14,3,3,1
Harrison Mevis,124212,K,LA,12,0,0,26,,85.4,,,60.0,,60.8,,,62.7,0,0,67,0,13,0,0,0,0
Jordan Burch,124227,ED,ARZ,17,1,0,1,57.0,,,,,,56.5,,,80.9,0,0,0,48,82,79,0,33,2
Tonka Hemingway,124238,DI,LV,8,0,0,23,57.9,,,,,,59.6,,,74.8,0,0,0,36,0,0,0,6,0
Kai Kroeger,124245,P,NO,17,0,0,20,,,62.8,,,,63.5,,63.9,74.0,0,0,72,0,5,0,58,0,0
Vershon Lee,124246,C,MIN,1,0,0,18,,,60.0,,,,60.2,,,63.1,0,0,4,0,0,0,0,0,0
Tyler Baron,124268,ED,NYJ,6,0,0,22,59.0,,,,,,61.4,,,72.0,0,0,0,27,0,0,0,8,0
Jalin Hyatt,124282,WR,NYG,1,0,0,21,,,,59.3,,,59.7,,,61.4,0,0,0,0,0,7,0,0,0
De'Von Achane,124305,HB,MIA,4,0,0,17,,,,61.2,,,58.9,,,63.1,0,0,0,0,0,4,0,0,0
Edgerrin Cooper,124311,LB,GB,17,1,0,12,59.3,,,,,,67.0,,,67.5,0,0,0,61,25,0,0,2,0
Fadil Diggs,124314,ED,NO,4,0,0,20,60.0,,,,,,55.5,,,72.7,0,0,0,5,8,18,0,10,0
McKinnley Jackson,124324,DI,CIN,7,0,0,7,58.1,,,,,,58.1,,,67.3,0,0,0,19,0,0,0,0,0
Antonio Johnson,124326,S,JAX,18,1,0,15,59.5,,,,,,72.6,,,85.4,4,0,0,40,31,39,51,42,3
Jaylon Jones,124328,CB,IND,9,0,0,14,,,,,,,61.3,,,73.8,0,1,0,0,40,46,9,10,3
Jeremy Crawshaw,124372,P,DEN,19,0,1,10,,,63.0,,,,64.1,,72.7,74.3,0,1,81,0,0,0,85,0,1
Gervon Dexter Sr.,124374,DI,CHI,19,0,0,6,57.7,,61.2,,,,60.0,,,77.0,0,0,12,84,0,0,0,12,0
Princely Umanmielen,124398,ED,CAR,16,1,0,5,,,,,,,78.8,,,74.8,1,0,0,0,68,1,3,22,2
Armand Membou,125008,T,NYJ,16,0,0,22,,,65.2,,,,62.3,,,62.5,0,0,52,0,0,0,0,0,0
Jaylin Noel,125155,WR,HST,19,0,0,13,,,,79.1,,,59.5,76.2,,66.4,0,0,0,0,0,61,0,93,0
Marques Sigle,125305,S,SF,17,1,0,28,59.3,,,,,,64.2,,,74.2,0,0,0,72,50,40,45,28,5
Grey Zabel,125314,G,SEA,18,0,0,29,,,61.0,,,,62.0,,,77.9,0,0,102,0,0,0,0,0,0
Mekhi Wingo,128050,DI,DET,1,0,0,11,,,,,,,46.5,,,63.8,0,0,0,0,5,0,0,0,0
Tory Horton,128232,WR,SEA,8,0,0,29,,,,,,,61.1,79.0,,64.7,0,0,0,0,0,0,0,37,0
Segun Olubi,128312,LB,IND,17,0,1,14,59.9,,,,,,66.0,,,78.0,5,1,0,81,101,92,45,40,12
Kyle Williams,128374,WR,NE,6,0,0,19,,,,64.9,,,59.6,,,62.0,0,0,0,0,0,22,0,0,0
Nohl Williams,128375,CB,KC,17,1,0,16,59.5,,,,,,70.0,,,29.7,1,2,0,54,81,73,15,56,8
Reuben Lowery III,129393,S,IND,3,0,0,14,,,,,,,36.9,,,65.7,0,0,0,0,13,9,0,0,0
Jer'Zhan Newton,129420,DI,WAS,9,0,0,32,77.3,,,,,,86.3,,,70.0,0,0,0,40,0,0,0,0,0
Tip Reiman,129423,TE,ARZ,4,0,0,1,,,61.2,,,,70.9,,,67.6,0,0,16,0,0,17,17,0,0
AJ Barner,129433,TE,SEA,8,1,0,29,,,61.7,,,,70.1,,,67.0,0,0,15,0,0,13,16,0,1
Luke Haggard,129442,G,TB,11,0,0,30,,,66.2,,,,63.2,,,68.1,0,0,50,0,0,0,0,0,0
Yahya Black,129460,DI,PIT,18,0,0,25,57.0,,62.6,,,,52.9,,,37.1,0,1,69,76,0,0,0,5,0
Jay Higgins,129469,LB,BLT,11,2,0,3,,,,,,,62.4,,,76.3,4,0,0,0,63,62,34,25,6
Mason Richman,129479,T,SEA,3,0,0,29,,,61.4,,,,61.5,,,67.0,0,0,16,0,0,0,0,0,0
Tory Taylor,129481,P,CHI,19,0,0,6,,,63.2,,60.0,,63.8,,64.4,75.1,0,0,90,0,10,0,64,0,1
Lukas Van Ness,129482,ED,GB,7,0,0,12,59.9,,,,,,58.0,,,28.6,0,1,0,28,4,5,16,18,0
Jakorian Bennett,129496,CB,PHI,10,0,0,24,59.5,,,,,,62.4,,,76.2,0,0,0,42,5,0,2,6,0
Beau Brade,129499,S,NYG,15,0,0,21,59.7,,,,,,62.3,,,75.9,4,0,0,23,53,64,9,44,2
DJ Glaze,129511,T,LV,15,0,0,23,,,62.0,,,,61.8,,,66.6,0,0,49,0,0,0,0,0,0
Ruben Hyppolite II,129516,LB,CHI,6,0,0,6,59.9,,,,,,48.9,,,28.3,0,2,0,19,22,27,0,14,2
Tarheeb Still,129537,CB,LAC,8,0,0,27,60.2,,,,,,62.3,62.9,,71.7,0,0,0,23,0,0,0,7,0
Blake Corum,129574,HB,LA,14,0,0,26,,,,62.8,,,53.6,,,66.1,2,0,0,0,5,22,38,0,1
Jaylen Harrell,129579,ED,TEN,17,1,0,31,59.5,,,,,,57.3,,,61.9,1,2,0,87,27,48,32,34,5
Kris Jenkins,129584,DI,CIN,14,0,0,7,57.6,,,,,,58.1,,,73.0,0,0,0,69,0,0,0,0,0
Braiden McGregor,129586,ED,NYJ,12,0,0,22,58.3,,,,,,64.8,,,76.3,0,0,0,64,9,2,0,28,1
Kalel Mullings,129590,HB,TEN,9,1,1,31,,,,,,,43.6,,,24.9,1,3,0,0,36,49,23,29,1
Roman Wilson,129604,WR,PIT,6,0,0,25,60.0,,,61.2,,,68.6,,,70.2,0,0,0,1,0,3,7,0,0
Zak Zinter,129605,G,CLV,5,0,0,8,,,62.1,,,,61.9,,,69.9,0,0,17,0,0,0,0,0,0
Ricky White,129639,WR,SEA,2,0,0,29,,,,,,,60.0,,,72.6,0,0,0,0,0,0,1,8,0
Aireontae Ersery,129649,T,HST,18,0,0,13,,,63.0,,,,62.3,,,67.8,0,0,88,0,0,0,0,0,0
Cody Lindenberg,129660,LB,LV,17,1,0,23,59.8,,,,,,81.6,,,84.9,2,0,0,76,63,94,74,54,7
Danny Striggow,129668,ED,JAX,9,1,0,15,59.9,,,,,,76.8,,,72.3,2,0,0,6,17,34,25,10,1
Peter Skoronski,129737,G,TEN,17,0,0,31,,,66.8,,,,63.0,,,63.2,0,0,65,0,0,0,0,0,0
Josh Fryar,129746,T,ARZ,12,0,0,1,,,63.8,,,,62.5,,,68.5,0,0,49,0,0,0,0,0,0
Paris Johnson Jr.,129749,T,ARZ,12,0,0,1,,,64.7,,,,62.8,,,69.7,0,0,48,0,0,0,0,0,0
Lathan Ransom,129755,S,CAR,16,2,0,5,59.6,,,,,,57.9,,,41.5,4,1,0,46,66,36,0,37,6
Cody Simon,129757,LB,ARZ,16,5,0,1,60.0,,,,,,66.4,,,72.5,0,0,0,80,29,31,19,13,3
Jaxon Smith-Njigba,129758,WR,SEA,2,0,0,29,,,,,,,59.4,,,63.9,0,0,0,0,0,2,0,0,0
Luke Wypler,129764,C,CLV,17,0,0,8,,,66.1,,,,62.7,,,63.0,0,0,52,0,0,0,0,0,0
Ji'Ayir Brown,129767,S,SF,18,2,0,28,59.9,,,,,,73.3,,,71.9,1,1,0,12,97,23,0,14,11
Olumuyiwa Fashanu,129777,T,NYJ,16,0,0,22,,,65.2,,,,63.2,,,73.5,0,0,52,0,0,0,0,0,0
Curtis Jacobs,129785,LB,TEN,3,0,0,31,60.0,,,,,,59.1,,,69.4,0,0,0,5,8,17,0,9,0
KeAndre Lambert-Smith,129789,WR,LAC,8,0,0,27,,,,58.9,,,50.6,,,28.9,0,1,0,0,0,38,15,0,0
Tyler Warren,129798,TE,IND,2,0,0,14,,,60.0,,,,60.2,,,63.7,0,0,2,0,0,1,0,0,0
Parker Washington,129799,WR,JAX,17,0,0,15,,,,59.1,,,60.6,89.1,,67.8,0,0,0,0,0,13,0,62,0
Sanoussi Kane,129820,S,TEN,8,2,0,31,59.3,,,,,,49.6,,,73.4,0,0,0,40,37,52,20,24,0
Max Melton,129889,CB,ARZ,8,0,0,1,59.4,,,,,,75.8,,,74.6,0,0,0,7,17,0,12,5,0
Chimere Dike,129918,WR,TEN,17,0,0,31,,,,68.7,,,61.7,91.0,,65.9,0,0,0,1,0,94,0,66,0
Nick Herbig,129920,ED,PIT,14,0,0,25,59.9,,,,,,77.8,,,47.8,2,1,0,10,3,49,48,8,0
Jack Nelson,129927,T,ATL,10,0,0,2,,,61.9,,,,61.7,,,66.3,0,0,45,0,0,0,0,0,0
Jordan Turner,129932,LB,DEN,9,4,0,10,,,,,,,58.3,,,76.1,4,0,0,0,49,41,28,35,2
Shaun Dolac,130406,LB,LA,17,4,0,26,59.9,,,,,,76.4,,,56.4,3,2,0,2,100,72,49,34,14
Adin Huntington,130493,DI,CLV,13,1,0,8,59.3,,,,,,63.4,,,52.8,2,1,0,19,46,5,0,47,4
CJ West,130507,DI,SF,8,0,0,28,58.4,,,,,,59.0,,,68.6,0,0,0,22,0,0,0,2,0
Byron Murphy II,131252,DI,SEA,18,0,0,29,57.3,,,,,,58.2,,,77.3,0,0,0,64,0,0,0,0,0
Shemar Turner,131273,ED,CHI,1,0,0,6,59.8,,,,,,60.0,,,62.3,0,0,0,1,0,0,0,0,0
Tyler Loop,131582,K,BLT,17,0,0,3,,59.1,,,1.3,,61.0,,,63.6,2,8,80,0,94,0,0,0,2
Christian Gonzalez,131679,CB,NE,1,0,0,19,,,,,,,60.0,,,66.3,0,0,0,0,0,0,0,1,0
T.J. Bass,131703,G,DAL,16,0,0,9,,,68.9,,,,59.9,,,28.8,0,1,87,0,0,0,0,0,0
Noah Sewell,131722,LB,CHI,13,3,0,6,60.0,,,,,,64.3,,,72.2,1,1,0,40,40,33,32,12,2
Bradyn Swinson,131726,ED,NE,4,0,0,19,59.5,,,,,,76.4,,,71.3,0,0,0,2,5,10,0,14,1
Taliese Fuaga,131732,T,NO,13,0,0,20,,,65.1,,,,55.2,,,27.0,0,1,54,0,0,0,0,0,0
Rejzohn Wright,131756,CB,NO,4,1,0,20,59.8,,,,,,70.3,,,72.7,0,0,0,1,12,12,0,10,0
Joshua Karty,131765,K,ARZ,8,0,0,1,,52.7,,,37.4,,60.6,,,62.7,0,1,41,0,36,0,0,0,1
Benjamin Yurosek,131786,TE,MIN,12,1,0,18,,,63.1,,,,80.1,,,28.8,0,1,36,0,0,54,19,16,1
Tuli Tuipulotu,131840,ED,LAC,17,1,0,27,58.6,,,,,,62.8,,,73.6,1,0,0,63,33,1,59,4,2
Connor O'Toole,131869,ED,SEA,10,3,0,29,59.5,,,,,,67.0,,,77.0,2,0,0,9,51,39,9,30,4
Clark Phillips III,131871,CB,ATL,1,0,0,2,60.0,,,,,,75.5,,,70.6,0,0,0,5,0,0,2,2,1
Zemaiah Vaughn,131882,CB,MIN,1,0,0,18,,,,,,,59.9,,,72.0,0,0,0,0,0,0,0,8,0
Carson Bruener,131889,LB,PIT,18,8,0,25,60.0,,,,,,91.5,,,79.3,0,0,0,1,92,91,71,48,15
Cooper McDonald,131903,ED,KC,17,6,0,16,60.0,,,,,,82.1,,,53.1,5,1,0,14,86,79,56,53,12
Roger Rosengarten,131912,T,BLT,16,0,0,3,,,63.9,,,,62.1,,,65.1,0,0,65,0,0,0,0,0,0
Chau Smith-Wade,131956,CB,CAR,17,0,1,5,58.5,,,,,,49.8,,,28.5,0,2,0,73,10,0,0,31,1
Jaylen Watson,131960,CB,KC,1,0,0,16,,,,,,,64.9,,,67.2,0,0,0,0,0,0,0,1,0
Cam Grandy,134552,TE,CIN,5,0,1,7,,,60.3,,,,51.8,,,25.6,1,1,10,0,0,28,3,3,0
CJ Ravenell,134584,DI,TEN,6,0,0,31,59.8,,60.0,,,,60.8,,,65.3,0,0,9,11,0,0,0,0,0
Sam Webb,134606,CB,CLV,5,0,0,8,,,,,,,59.9,,,77.6,0,0,0,0,1,1,0,27,0
Kion Smith,136103,G,MIA,13,0,0,17,,,67.0,,,,64.0,,,75.2,0,0,54,0,0,0,0,0,0
Darius Cooper,136866,WR,PHI,14,0,0,24,,,,,,,70.2,,,75.9,0,0,0,0,17,55,6,31,0
Keondre Jackson,138208,S,BLT,12,1,0,3,88.3,,,,,,90.8,,,28.5,3,3,0,43,65,58,31,29,13
Isaiah Davis,138299,HB,NYJ,16,2,0,22,,,,68.6,,,80.6,,,73.9,2,0,0,0,70,91,66,18,5
Keyon Martin,138344,CB,BLT,13,1,0,3,59.0,,,,,,49.7,,,45.1,3,2,0,67,68,9,37,40,5
Jaleel McLaughlin,138346,HB,DEN,4,0,0,10,,,,59.3,,,58.1,,,66.2,0,0,0,0,6,13,0,3,0
Andrew Ogletree,138351,TE,IND,15,4,0,14,,,65.3,,,,66.6,,,27.7,0,3,71,0,88,76,38,20,8
Elijah Williams,138526,DI,MIN,5,1,0,18,58.3,,,,,,69.8,,,68.5,0,0,0,17,11,0,0,1,2
Chandler Martin,139005,LB,BLT,3,2,0,3,,,,,,,64.1,,,69.7,1,0,0,0,13,5,8,8,3
Julian Ashby,139018,LS,NE,20,1,0,19,,,87.6,,,52.8,70.5,,,26.2,0,3,99,0,0,0,71,0,3
Micah Robinson,139042,CB,TEN,9,0,1,31,58.9,,,,,,70.9,,,56.3,0,1,0,42,25,33,31,35,5
Efton Chism III,141521,WR,NE,10,0,0,19,,,,63.0,,,57.5,61.2,,69.3,0,0,0,0,12,35,0,20,0
Myles Harden,141857,CB,CLV,16,2,0,8,60.3,,,,,,57.6,,,58.9,1,2,0,47,50,63,1,65,6
Teddye Buchanan,142172,LB,BLT,14,1,0,3,60.0,,,,,,66.0,,,74.9,1,0,0,64,45,66,46,16,6
Malik Mustapha,142358,S,SF,8,0,0,28,,,,,,,64.4,,,68.2,0,0,0,0,7,0,0,9,0
Charles Grant,142410,T,LV,6,0,0,23,,,60.2,,,,60.9,,,63.9,0,0,13,0,0,0,0,0,0
Carson Vinson,142734,T,BLT,7,0,0,3,,,63.9,,,,62.5,,,69.6,0,0,34,0,0,0,0,0,0
Elijah Ponder,142819,ED,NE,18,3,0,19,59.3,,,,,,57.0,,,29.0,3,3,0,7,93,37,66,58,8
Ajani Cornelius,142968,T,DAL,1,0,0,9,,,60.1,,,,61.0,,,65.6,0,0,7,0,0,0,0,0,0
Luke Newman,143066,G,CHI,10,0,0,6,,,65.9,,,,62.7,,,63.4,0,0,50,0,0,0,0,0,0
Jalen Coker,143068,WR,CAR,1,0,0,5,,,,,,,60.0,60.0,,61.5,0,0,0,0,0,0,0,1,0
Shane Zylstra,143786,TE,DET,6,0,0,11,,,62.3,,,,73.1,,,68.0,1,0,20,0,1,30,15,2,1
Donovan Ezeiruaku,143824,ED,DAL,11,0,0,9,60.0,,,,,,64.7,,,73.5,0,0,0,49,7,4,0,25,0
Drew Kendall,143829,C,PHI,6,0,0,24,,,60.8,,,,61.2,,,65.1,0,0,22,0,0,0,0,0,0
Brandon Johnson,143858,S,PHI,2,1,0,24,,,,,,,55.6,,,66.2,0,0,0,0,4,2,0,3,0
Joshua Farmer,143880,DI,NE,6,0,0,19,58.7,,,,,,60.9,,,74.3,0,0,0,14,0,0,0,3,0
Kevin Knowles II,143885,CB,KC,13,2,0,16,59.4,,,,,,47.8,,,45.4,3,3,0,51,64,36,42,37,8
Zeek Biggers,143903,DI,MIA,8,0,0,17,74.7,,60.0,,,,84.2,,,75.0,0,0,3,35,0,0,0,12,0
Elijah Arroyo,143933,TE,SEA,9,0,0,29,,,,,,,45.3,,,67.4,0,0,0,0,0,24,0,0,0
Andres Borregales,143934,K,NE,20,0,0,19,,70.1,,,2.7,,61.1,,,63.9,0,2,99,0,109,0,0,0,2
Kamren Kinchens,143946,S,LA,14,0,0,26,,,,,,,53.3,,,68.0,1,0,0,0,73,0,0,0,4
Brashard Smith,143951,HB,KC,14,0,0,16,,,,77.4,,,69.5,69.6,,63.2,0,0,0,0,0,46,0,9,0
Leonard Taylor III,143953,DI,NE,4,0,0,19,90.0,,,,,,91.1,,,70.3,0,0,0,20,0,0,0,2,0
James Williams,143955,LB,TEN,16,0,1,31,59.8,,,,,,67.6,,,26.8,3,5,0,81,60,86,70,58,8
Drake Maye,143969,QB,NE,1,0,0,19,,,,,,,60.0,,,62.5,0,0,0,0,0,0,0,0,0
Anthony Belton,143985,G,GB,14,0,0,12,,,62.9,,,,62.0,,,66.5,0,0,58,0,0,0,0,0,0
Chandler Zavala,144009,G,CAR,6,0,0,5,,,62.2,,,,61.4,,,62.9,0,0,16,0,0,0,0,0,0
Oronde Gadsden II,144046,TE,LAC,14,0,0,27,,,,,,,73.1,,,74.0,0,0,0,0,0,67,0,23,0
Barrett Carter,144109,LB,CIN,12,1,0,7,58.7,,,,,,59.3,,,72.5,0,0,0,26,19,36,31,17,2
Beaux Collins,144112,WR,NYG,9,1,0,21,,,,,,,67.5,,,72.4,1,0,0,0,41,46,3,19,3
Phil Mafah,144123,HB,DAL,1,0,0,9,,,,,,,29.2,,,63.7,0,2,0,0,1,2,0,0,0
Payton Page,144131,DI,NYJ,4,0,0,22,59.2,,,,,,59.8,,,65.6,0,0,0,19,0,0,0,0,0
Will Shipley,144138,HB,PHI,16,3,0,24,,,,70.8,,,53.7,,,80.0,5,0,0,0,77,69,67,46,6
Jeremiah Trotter Jr.,144142,LB,PHI,18,5,0,24,59.7,,,,,,80.4,,,26.5,1,4,0,66,83,72,78,51,15
Nate Wiggins,144143,CB,BLT,3,0,0,3,59.8,,,,,,60.2,,,68.5,0,0,0,2,0,0,0,2,0
Ashton Gillotte,144154,ED,KC,15,1,0,16,90.8,,,,,,88.8,,,72.4,2,0,0,10,44,10,0,12,0
Rayuan Lane III,144326,S,JAX,18,1,0,15,59.6,,,,,,72.1,,,43.9,5,3,0,56,101,83,64,57,11
Jimmy Horn Jr.,144483,WR,CAR,2,0,0,5,,,,,,,59.7,60.1,,66.8,0,0,0,0,0,0,0,5,0
Devin Neal,144558,HB,NO,5,0,0,20,,,,55.5,,,45.2,,,63.9,0,0,0,0,8,12,4,0,0
Cobee Bryant,144575,CB,ATL,6,0,0,2,59.4,,,,,,50.2,,,27.8,0,1,0,9,0,1,0,19,0
Danny Stutsman,144632,LB,NO,17,2,0,20,,,,,,,79.6,,,81.6,2,0,0,0,77,90,58,55,10
Ethan Downs,144636,ED,KC,1,3,0,16,59.0,,,,,,90.4,,,66.3,1,0,0,4,6,5,6,1,2
Billy Bowman Jr.,144638,CB,ATL,2,0,0,2,,,,,,,60.2,,,71.5,0,0,0,0,0,0,0,6,0
Collin Oliver,144664,ED,GB,1,0,0,12,,,,,,,61.4,,,69.0,0,0,0,0,1,5,0,4,0
Nickolas Martin,144667,LB,SF,7,1,0,28,,,,,,,73.9,,,71.3,2,0,0,0,28,28,3,15,5
Ja'Tavion Sanders,144717,TE,CAR,13,1,0,5,,,63.5,,,,81.4,,,70.3,0,0,39,0,0,47,33,0,3
Xavier Worthy,144718,WR,KC,1,0,0,16,,,,,,,60.3,63.0,,63.1,0,0,0,0,0,0,0,8,0
Hayden Conner,144723,G,ARZ,5,0,0,1,,,63.9,,,,62.6,,,71.7,0,0,19,0,0,0,0,0,0
Gunnar Helm,144726,TE,TEN,16,0,0,31,,,63.1,,,,54.7,,,76.3,1,0,40,0,0,47,42,0,1
Barryn Sorrell,144739,ED,GB,11,0,0,12,59.1,,,,,,72.2,,,74.0,0,0,0,5,1,50,0,20,0
Wyatt Milum,144785,G,JAX,11,0,0,15,,,65.8,,,,63.4,,,71.2,0,0,58,0,0,0,0,0,0
Pat Bryant,144800,WR,DEN,10,0,0,10,,,,,,,56.8,,,67.2,0,1,0,0,11,24,0,0,1
Connor Colby,144862,G,SF,15,0,0,28,,,64.7,,,,62.9,,,69.1,0,0,69,0,0,0,0,0,0
Cooper DeJean,144867,CB,PHI,17,1,0,24,59.8,,,,,,65.6,,,70.6,1,0,0,2,81,4,0,17,6
Tai Felton,144886,WR,MIN,17,0,0,18,,,,58.1,,,51.3,,,66.3,6,2,0,0,82,77,65,69,8
CJ Dippre,144888,TE,NE,2,0,0,19,,,61.2,,,,69.2,,,68.0,0,0,14,0,0,5,1,6,0
Dante Trader Jr.,144900,S,MIA,17,0,0,17,59.4,,,,,,76.0,,,78.0,0,0,0,58,80,60,2,61,4
Chop Robinson,144901,ED,MIA,3,0,0,17,59.6,,,,,,61.2,,,69.4,0,0,0,13,0,0,0,1,0
Kendell Brooks,144946,S,TEN,11,1,0,31,59.3,,,,,,56.7,,,79.0,0,2,0,57,33,47,51,40,5
Keon Coleman,144949,WR,BUF,2,0,0,4,,,,,,,60.2,61.7,,62.9,0,0,0,0,0,0,0,6,0
Derrick Harmon,144962,DI,PIT,12,0,0,25,58.1,,64.0,,,,60.7,,,71.0,0,0,50,41,0,0,0,6,0
Austin Booker,144990,ED,CHI,11,0,0,6,59.1,,,,,,61.8,,,70.3,0,0,0,35,0,0,0,11,0
Thomas Fidone II,144997,TE,NYG,7,0,0,21,,,60.0,,,,72.3,,,72.8,0,0,7,0,0,39,20,14,1
TreVeyon Henderson,145059,HB,NE,6,0,0,19,,,,61.4,,,33.2,,,22.6,0,1,0,0,0,25,0,0,0
Donovan Jackson,145064,G,MIN,14,0,0,18,,,67.3,,,,64.2,,,75.6,0,0,54,0,0,0,0,0,0
Jordan Hancock,145067,S,BUF,15,4,0,4,58.8,,,,,,59.1,,,41.2,1,2,0,51,85,6,20,53,5
Denzel Burke,145070,CB,ARZ,14,0,0,1,60.7,,,,,,57.5,,,78.1,1,0,0,16,26,13,3,22,2
Jack Sawyer,145071,ED,PIT,18,4,0,25,58.9,,,,,,77.7,,,69.7,4,1,0,63,87,91,71,46,10
JT Tuimoloau,145074,ED,IND,13,1,1,14,58.2,,,,,,70.1,,,27.1,1,2,0,37,27,27,2,6,4
Tyleik Williams,145080,DI,DET,4,0,0,11,59.7,,,,,,62.0,,,68.3,0,0,0,2,0,0,0,3,0
Kalen King,145096,CB,ARZ,1,1,0,1,,,,,,,64.5,,,65.9,0,0,0,0,6,0,0,1,0
Kobe King,145097,LB,NYJ,14,1,0,22,,,,,,,69.8,,,79.6,1,2,0,0,57,78,33,47,6
Jaylen Reed,145100,S,HST,6,0,0,13,59.9,,,,,,49.8,,,74.8,1,0,0,23,31,27,6,26,0
Marcus Mbow,145113,T,NYG,10,0,0,21,,,25.6,,,,30.7,,,65.7,0,0,36,0,0,0,0,0,0
Alijah Clark,145141,S,DAL,10,5,0,9,59.6,,,,,,73.6,,,76.6,1,1,0,5,67,54,17,31,5
Braelon Allen,145159,HB,NYJ,2,0,0,22,,,,59.3,,,59.9,,,61.5,0,0,0,0,0,8,0,0,0
Zaire Mitchell-Paden,145197,TE,NO,8,0,0,20,,,,,,,49.1,,,72.1,0,0,0,0,10,46,5,11,0
Tre Hawkins III,145387,CB,WAS,1,0,0,32,,,,,,,60.0,,,69.0,0,0,0,0,0,0,0,2,0
Tejhaun Palmer,145443,WR,ARZ,1,0,0,1,,,,,,,60.0,,,66.5,0,0,0,0,0,0,0,2,0
Konata Mumpfield,145598,WR,LA,15,0,0,26,,,,,,,68.2,,,76.5,0,0,0,0,1,33,7,32,0
Thomas Incoom,145694,ED,CAR,18,5,0,5,59.5,,,,,,78.6,,,29.5,5,4,0,83,79,97,59,54,10
Devontez Walker,145773,WR,BLT,12,2,0,3,,,,,,,61.1,,,81.2,2,1,0,0,48,63,30,26,0
Bo Richter,145962,ED,MIN,17,0,0,18,59.6,,,,,,76.2,,,59.6,2,1,0,76,84,82,65,64,6
Johnathan Baldwin,146214,S,GB,2,0,0,12,59.9,,,,,,76.4,,,68.3,1,0,0,4,1,12,3,4,0
B.J. Green II,146277,ED,JAX,15,0,0,15,59.5,,,,,,71.2,,,60.7,3,1,0,1,44,50,54,49,4
Keleki Latu,146291,TE,BUF,5,2,0,4,,,,,,,82.5,,,71.3,1,0,0,0,20,20,0,12,0
Oluwafemi Oladejo,146302,ED,TEN,6,0,0,31,59.9,,,,,,61.4,,,66.2,0,0,0,28,0,0,0,2,0
Nikko Reed,146321,CB,LAC,5,0,0,27,,,,,,,30.8,,,72.9,1,0,0,0,11,0,1,14,0
Carson Schwesinger,146401,LB,CLV,16,2,0,8,60.0,,,,,,73.6,,,68.6,2,0,0,72,57,0,2,12,6
Jay Toia,146406,DI,DAL,5,0,0,9,59.2,,,,,,60.0,,,67.3,0,0,0,26,0,0,0,0,0
Jaylin Smith,146422,CB,HST,4,1,0,13,59.9,,,,,,64.4,,,79.9,2,0,0,8,17,11,18,23,1
Calen Bullock,146424,S,HST,6,0,0,13,59.7,,,,,,29.5,,,64.5,1,0,0,6,7,0,0,0,0
Karene Reid,146447,LB,DEN,10,0,0,10,,,,,,,60.4,,,79.3,3,0,0,0,48,38,25,59,3
Cole Bishop,146454,S,BUF,18,0,0,4,59.3,,,,,,59.8,,,64.6,0,0,0,73,0,0,0,0,0
Jonah Elliss,146458,ED,DEN,15,3,0,10,59.4,,,,,,75.8,,,82.6,4,0,0,41,65,59,62,74,8
Jaden Hicks,146512,S,KC,17,1,0,16,59.2,,,,,,63.8,,,65.3,1,1,0,65,56,79,56,51,6
Francisco Mauigoa,146521,LB,NYJ,12,2,0,22,59.4,,,,,,65.6,,,76.5,1,0,0,57,34,58,29,26,2
Jackson Powers-Johnson,146550,G,LV,7,0,0,23,,,61.8,,,,61.4,,,64.5,0,0,24,0,0,0,0,0,0
Jeffrey Bassa,146552,LB,KC,17,0,0,16,,,,,,,76.6,,,84.5,1,1,0,0,87,79,56,53,8
Kingsley Suamataia,146558,G,KC,17,0,1,16,,,67.1,,,,56.9,,,27.2,0,1,71,0,0,0,0,0,0
Moliki Matavao,146561,TE,NO,6,0,0,20,,,62.7,,,,54.7,,,63.1,0,0,27,0,0,9,0,0,0
Terrance Ferguson,146563,TE,LA,16,0,0,26,,,60.1,,,,55.8,,,67.3,0,0,8,0,0,71,3,2,0
Robbie Ouzts,146594,FB,SEA,13,0,0,29,,,,,,,54.6,,,70.1,0,0,0,0,3,46,2,8,0
JC Latham,146596,T,TEN,13,0,0,31,,,64.8,,,,63.0,,,72.9,0,0,46,0,0,0,0,0,0
Kool-Aid McKinstry,146602,CB,NO,2,0,0,20,,,,,,,60.0,,,90.0,0,0,0,0,1,0,0,0,0
Terrion Arnold,146603,CB,DET,5,0,0,11,60.0,,,,,,65.7,,,70.1,0,0,0,3,0,2,0,4,0
Dallas Turner,146604,ED,MIN,15,2,0,18,59.4,,,,,,77.2,,,68.7,1,0,0,67,33,0,17,6,2
Cam Little,146646,K,JAX,18,0,0,15,,92.3,,,3.7,,61.1,,,63.8,1,3,92,0,102,0,0,0,1
Jarquez Hunter,146662,HB,LA,6,0,0,26,,,,,,,81.9,,,69.5,0,0,0,0,7,15,0,13,1
Donovan McMillon,146700,S,CLV,17,5,0,8,59.8,,,,,,73.7,,,75.0,1,1,0,8,64,82,86,69,9
Jason Marshall Jr.,146704,CB,MIA,12,1,0,17,61.1,,,,,,74.0,,,83.8,0,0,0,28,17,4,3,42,1
Adonai Mitchell,146712,WR,NYJ,2,0,0,22,,,,,,,60.4,,,68.2,0,0,0,0,0,1,3,0,0
Jackson Meeks,146714,WR,DET,2,0,0,11,,,,,,,62.5,,,71.0,0,0,0,0,3,8,0,12,0
Dylan Fairchild,146716,G,CIN,2,0,0,7,,,60.0,,,,60.0,,,64.6,0,0,2,0,0,0,0,0,0
Jared Wilson,146717,G,NE,15,0,0,19,,,67.8,,,,64.4,,,75.6,0,0,65,0,0,0,0,0,0
Amarius Mims,146719,T,CIN,16,0,0,7,,,66.1,,,,63.7,,,74.8,0,0,71,0,0,0,0,0,0
Jamon Johnson,146721,LB,GB,2,0,0,12,60.0,,,,,,69.7,,,68.6,0,0,0,4,7,10,0,4,0
Smael Mondon Jr.,146725,LB,PHI,18,7,0,24,60.1,,,,,,82.6,,,81.2,7,0,0,8,87,77,80,51,10
Javon Bullard,146726,S,GB,17,0,0,12,,,,,,,40.0,,,29.2,1,3,0,0,88,4,3,35,2
Kamari Lassiter,146727,CB,HST,4,0,0,13,,,,,,,59.9,,,69.8,0,0,0,0,0,0,0,4,0
Chaz Chambliss,146728,ED,MIN,12,2,0,18,60.0,,,,,,74.8,,,78.3,0,0,0,3,54,43,38,45,5
Tyrion Ingram-Dawkins,146730,DI,MIN,14,0,0,18,56.9,,,,,,57.6,,,75.6,1,0,0,60,16,0,0,18,1
Maxwell Hairston,146746,CB,BUF,8,0,0,4,59.8,,,,,,62.8,,,77.5,0,0,0,1,0,0,0,21,0
Trevin Wallace,146747,LB,CAR,1,0,0,5,,,,,,,61.7,,,68.5,0,0,0,0,0,0,0,3,0
Garrett Dellinger,146770,G,TEN,1,0,0,31,,,60.0,,,,60.0,,,63.8,0,0,1,0,0,0,0,0,0
Jack Bech,146771,WR,LV,16,1,0,23,,,,,,,45.2,,,28.9,0,1,0,0,45,86,0,0,1
Maason Smith,146774,DI,JAX,7,0,0,15,58.3,,,,,,59.4,,,68.4,0,0,0,17,0,0,0,3,0
Sai'vion Jones,146782,DI,DEN,3,0,0,10,59.5,,,,,,60.6,,,66.1,0,0,0,5,0,0,0,1,0
Landon Jackson,146784,ED,BUF,2,0,0,4,58.7,,,,,,59.3,,,67.9,0,0,0,10,0,0,0,3,0
Trey Washington,146822,S,IND,4,0,0,14,60.0,,,,,,58.8,,,67.0,0,0,0,1,4,17,0,4,0
Dominic Lovett,146872,WR,DET,10,0,0,11,,,,59.9,,,62.4,60.7,,76.6,0,0,0,0,1,5,18,26,0
Bam Martin-Scott,146904,LB,CAR,18,1,0,5,60.0,,,,,,71.5,,,80.7,4,1,0,13,77,97,59,47,11
T.J. Sanders,146925,DI,BUF,6,0,0,4,58.8,,,,,,60.6,,,69.0,0,0,0,13,0,0,0,4,0
Kamal Hadden,146931,CB,GB,10,0,0,12,60.0,,,,,,64.0,,,29.3,0,1,0,1,9,28,0,28,0
Byron Young,146932,ED,LA,15,0,0,26,,,,,,,69.8,,,72.8,0,0,0,0,0,0,0,31,0
Jaylen Wright,146934,HB,MIA,2,0,0,17,,,,57.8,,,59.8,,,61.2,0,0,0,0,0,4,0,0,0
Josaiah Stewart,147092,ED,LA,20,0,0,26,59.4,,,,,,66.1,,,76.2,2,0,0,2,108,0,0,32,1
Nate Carter,147376,HB,ATL,6,0,0,2,,,,51.8,,,68.3,,,72.4,0,0,0,0,5,26,0,18,0
Audric Estime,147476,HB,NO,6,0,0,20,,,,,,,61.9,,,65.2,0,0,0,0,0,26,0,0,0
Blake Fisher,147479,T,HST,18,0,0,13,,,63.2,,,,62.3,,,67.7,0,0,89,0,0,0,0,0,0
Joe Alt,147481,T,LAC,5,0,0,27,,,62.7,,,,61.4,,,61.6,0,0,25,0,0,0,0,0,0
Mitchell Evans,147486,TE,CAR,18,0,0,5,,,60.5,,,,55.9,,,68.8,0,0,11,0,0,97,0,0,0
Daijahn Anthony,147537,S,CIN,5,0,0,7,59.8,,,,,,59.0,,,75.2,0,1,0,2,22,22,9,15,1
Cam Skattebo,147787,HB,NYG,1,0,0,21,,,,,,,54.8,,,65.0,0,0,0,0,0,7,1,0,0
Jackson Slater,147796,G,TEN,12,0,0,31,,,26.3,,,,37.6,,,67.7,0,0,47,0,0,0,0,0,0
Johnathan Edwards,148086,CB,IND,12,2,0,14,60.0,,,,,,60.9,,,78.9,0,0,0,1,6,27,9,26,0
Amar Johnson,148220,HB,LAC,1,0,0,27,,,,,,,61.1,,,66.5,0,0,0,0,0,0,0,3,0
Zach Horton,148361,TE,DET,2,0,0,11,,,,,,,60.4,,,64.3,0,0,0,0,0,9,0,0,0
Ethan Robinson,149264,CB,MIA,2,0,0,17,59.9,,,,,,59.7,,,66.5,0,0,0,1,0,8,0,0,0
Gage Larvadain,150169,WR,CLV,13,0,0,8,,,,,,,63.9,48.5,,65.7,0,0,0,0,3,0,0,61,0
Jayden Higgins,150240,WR,HST,8,0,0,13,,,,,,,74.1,,,73.8,0,0,0,0,0,21,0,25,0
Drew Moss,150351,G,TEN,5,0,0,31,,,63.9,,,,62.6,,,71.7,0,0,19,0,0,0,0,0,0
Torricelli Simpkins III,150473,G,NO,15,0,0,20,,,67.9,,,,64.5,,,76.5,0,0,64,0,0,0,0,0,0
Bhayshul Tuten,150568,HB,JAX,15,0,0,15,,,,60.4,,,44.9,,,23.4,0,2,0,0,0,66,0,4,0
Cam'Ron Silmon-Craig,150938,S,JAX,3,0,0,15,59.7,,,,,,58.6,,,64.9,0,0,0,9,0,0,3,0,0
Mike Green,151084,ED,BLT,15,0,0,3,58.8,,,,,,61.3,,,74.5,0,0,0,57,16,30,0,16,0
Jonas Sanker,151097,S,NO,16,1,0,20,59.5,,,,,,69.0,,,72.4,1,0,0,24,63,5,4,4,2
Emanuel Wilson,154173,HB,GB,6,0,0,12,,,,57.5,,,51.1,,,62.0,0,0,0,0,1,29,0,0,0
Jalen Travis,155412,T,IND,17,0,0,14,,,66.5,,,,63.8,,,72.1,0,0,82,0,0,0,0,0,0
Sam Roberts,156069,DI,ATL,3,0,0,2,58.8,,,,,,59.4,,,68.1,0,0,0,11,0,0,0,0,0
Joshua Williams,156083,CB,KC,15,2,1,16,59.2,,,,,,52.9,,,28.9,5,4,0,23,76,56,49,51,5
Dallis Flowers,156091,CB,CHI,1,0,0,6,,,,,,,56.2,,,68.6,0,0,0,0,6,0,0,2,1
Nikola Kalinic,156095,TE,CHI,4,1,0,6,,,,,,,57.1,,,71.1,1,0,0,0,20,18,11,13,2
Brandon Aubrey,156112,K,DAL,17,0,1,9,,94.0,,,3.8,,61.1,,,63.8,0,5,91,0,102,0,0,0,1
Jeremiah Pharms Jr.,156117,DI,NE,3,0,0,19,58.6,,60.0,,,,59.7,,,69.0,0,0,3,7,0,0,0,2,0
Dondrea Tillman,156124,ED,DEN,19,3,0,10,59.6,,,,,,70.6,,,62.2,2,2,0,28,64,74,47,99,8
Haggai Ndubuisi,156132,DI,HST,1,0,0,13,59.2,,,,,,59.7,,,65.1,0,0,0,3,0,0,0,0,0
Kaden Davis,156151,WR,CLV,2,0,0,8,,,,59.5,,,66.6,,,73.7,0,0,0,0,0,4,13,6,1
Matthew Golden,156165,WR,GB,6,0,0,12,,,,,,,60.2,64.2,,63.5,0,0,0,0,0,3,0,14,0
Azareye'h Thomas,156277,CB,NYJ,9,1,0,22,59.6,,,,,,59.4,,,81.0,2,0,0,24,35,0,7,32,1
Kaleb Johnson,156419,HB,PIT,2,0,0,25,,,,39.4,,,60.0,,,61.6,0,0,0,0,0,11,0,0,0
Loren Strickland,156894,S,DET,2,0,0,11,59.8,,,,,,47.3,,,69.6,1,0,0,5,11,5,2,10,0
Benjamin Morrison,156968,CB,TB,6,0,0,30,60.0,,,,,,65.8,,,76.1,0,0,0,5,0,0,0,19,0
Tyler Booker,157001,G,DAL,14,0,0,9,,,65.7,,,,63.5,,,72.8,0,0,73,0,0,0,0,0,0
Jihaad Campbell,157013,LB,PHI,13,3,0,24,,,,,,,71.2,,,70.8,0,0,0,0,33,0,0,23,2
Mykel Williams,157061,ED,SF,9,0,0,28,58.3,,,,,,60.7,,,71.2,0,0,0,35,0,0,0,9,0
Malaki Starks,157069,S,BLT,17,0,0,3,59.9,,,,,,71.1,,,77.7,0,0,0,64,21,13,34,13,5
Jalon Walker,157070,ED,ATL,11,0,0,2,60.0,,,,,,55.6,,,29.1,2,1,0,20,45,4,0,0,4
Will Campbell,157106,T,NE,6,0,0,19,,,60.4,,,,61.1,,,65.0,0,0,18,0,0,0,0,0,0
Emery Jones Jr.,157117,G,BLT,3,0,0,3,,,61.7,,,,61.8,,,69.4,0,0,9,0,0,0,0,0,0
Mason Taylor,157122,TE,NYJ,2,0,0,22,,,,,,,57.4,,,63.5,0,0,0,0,0,3,0,0,0
Luther Burden III,157170,WR,CHI,6,0,0,6,,,,71.0,,,55.0,,,62.0,0,0,0,0,0,34,0,0,0
Cody Schrader,157177,HB,DEN,1,0,0,10,,,,,,,77.1,,,65.8,0,0,0,0,0,2,0,2,0
Ashton Jeanty,157196,HB,LV,2,0,0,23,,,,60.0,,,60.0,,,60.9,0,0,0,0,0,2,0,0,0
Elic Ayomanor,157263,WR,TEN,2,0,0,31,,,,,,,64.5,,,63.9,0,0,0,0,1,6,0,0,0
Jaydon Blue,157303,HB,DAL,3,0,0,9,,,,62.5,,,43.3,,,63.9,1,0,0,0,0,9,2,0,0
Jacoby Jones,157518,WR,WAS,1,0,0,32,,,,,,,61.6,,,65.5,0,0,0,0,0,5,0,2,0
Jordan Phillips,157619,DI,MIA,15,0,0,17,57.5,,,,,,58.8,,,75.1,0,0,0,57,0,0,0,7,0
Trevor Etienne,157730,HB,CAR,18,0,0,5,,,,63.3,,,44.6,38.6,,66.7,0,0,0,0,8,97,0,44,0
Shemar James,157749,LB,DAL,13,3,0,9,59.3,,,,,,64.8,,,29.6,2,2,0,45,72,45,13,6,8
Jacob Parrish,157777,CB,TB,17,1,0,30,59.3,,,,,,53.4,,,78.7,2,0,0,49,65,0,0,12,5
Ollie Gordon II,157792,HB,MIA,15,0,0,17,,,,59.9,,,50.8,,,72.5,2,0,0,0,26,15,27,26,2
Nick Emmanwori,158121,S,SEA,15,0,0,29,83.9,,,,,,90.2,,,76.0,0,0,0,45,1,0,0,0,0
Isaiah Adams,158192,G,ARZ,17,0,0,1,,,66.0,,,,62.6,,,62.7,0,0,69,0,0,0,0,0,0
LeQuint Allen,158290,HB,JAX,18,1,1,15,,,,64.8,,,83.1,,,79.0,1,1,0,0,63,59,0,49,3
Sione Vaki,158505,HB,DET,11,2,0,11,59.9,,,59.7,,,75.4,,,76.5,2,0,0,1,59,61,31,34,7
Mason Graham,158535,DI,CLV,14,0,0,8,57.8,,,,,,59.9,,,73.0,0,0,0,56,0,0,0,11,0
Will Johnson,158536,CB,ARZ,4,0,0,1,,,,,,,64.8,,,73.0,0,0,0,0,0,0,0,8,0
Colston Loveland,158540,TE,CHI,4,0,0,6,,,,,,,59.4,,,63.5,0,0,0,0,0,2,3,0,0
Walter Nolen,158666,DI,ARZ,1,0,0,1,,,,,,,60.0,,,64.4,0,0,0,0,0,0,0,1,0
Shemar Stewart,158675,ED,CIN,1,0,0,7,,,,,,,60.0,,,65.5,0,0,0,0,0,0,0,1,0
Jonah Savaiinaea,158742,G,MIA,16,0,0,17,,,66.8,,,,63.0,,,63.3,0,0,65,0,0,0,0,0,0
Ryan Flournoy,159617,WR,DAL,12,1,0,9,,,,,,,53.2,,,27.3,3,3,0,0,39,46,10,38,1
Travis Hunter,160766,WR,JAX,1,0,0,15,,,,,,,60.0,,,70.0,0,0,0,0,0,0,0,3,0
Jamaree Caldwell,162505,DI,LAC,18,0,0,27,56.9,,,,,,58.8,,,76.9,0,0,0,67,0,0,0,14,0
Omarion Hampton,162750,HB,LAC,2,0,0,27,,,,59.5,,,59.6,,,61.1,0,0,0,0,0,3,0,0,0
Kenneth Grant,162816,DI,MIA,17,0,0,17,58.0,,,,,,64.9,,,76.8,0,0,0,43,0,0,0,26,0
Nic Scourton,162878,ED,CAR,13,0,1,5,58.5,,,,,,51.9,,,32.7,0,1,0,48,0,0,4,7,0
Jude McAtamney,162910,K,NYG,4,0,0,21,,32.4,,,60.0,,60.1,,,61.7,0,0,14,0,5,0,0,0,0
Harold Fannin Jr.,163104,TE,CLV,15,0,0,8,,,61.0,,,,70.1,,,78.6,0,0,13,0,3,73,1,0,1
Josh Conerly Jr.,163291,T,WAS,16,0,0,32,,,62.5,,,,62.0,,,67.0,0,0,64,0,0,0,0,0,0
Jordan James,163295,HB,SF,5,0,0,28,,,,,,,66.0,,,68.5,0,0,0,0,6,17,0,6,0
Jalen Royals,163442,WR,KC,5,0,0,16,,,,59.9,,,31.8,,,70.4,2,0,0,0,31,8,5,8,0
Isaiah Bond,163586,WR,CLV,3,0,0,8,,,,,,,60.1,62.4,,62.8,0,0,0,0,0,1,0,6,0
Dylan Sampson,163772,HB,CLV,12,0,0,8,,,,54.4,,,57.3,,,62.6,0,0,0,0,2,57,0,0,0
Deone Walker,163783,DI,BUF,19,0,0,4,56.6,,66.6,,,,59.2,,,76.6,0,0,86,71,0,0,0,8,0
Dominick Puni,163815,G,SF,19,0,0,28,,,67.7,,,,63.4,,,63.4,0,0,88,0,0,0,0,0,0
Kelvin Banks Jr.,163839,T,NO,17,0,0,20,,,66.5,,,,63.5,,,70.5,0,0,69,0,0,0,0,0,0
Cameron Williams,163867,T,PHI,1,0,0,24,,,60.0,,,,60.3,,,65.6,0,0,3,0,0,0,0,0,0
Abdul Carter,164160,ED,NYG,10,0,0,21,59.8,,,,,,76.5,,,74.7,0,0,0,1,0,0,0,35,0
Kevin Winston Jr.,164192,S,TEN,8,1,1,31,,,,,,,62.4,,,71.8,0,1,0,0,29,15,5,16,1
Levi Drake Rodriguez,165670,DI,MIN,16,0,0,18,67.5,,,,,,72.5,,,71.6,0,0,0,76,0,0,0,8,0
Kameron Johnson,165866,WR,TB,17,0,0,30,,,,72.1,,,67.5,80.2,,77.0,2,0,0,0,32,87,47,58,3
Theo Benedet,169632,T,CHI,16,0,0,6,,,62.9,,,,62.2,,,67.4,0,0,80,0,0,0,0,0,0
Caleb Murphy,169634,ED,NYG,11,1,0,21,58.8,,,,,,56.0,,,79.6,4,0,0,15,58,51,34,39,4
Qwan'tez Stiggers,169764,CB,NYJ,15,2,0,22,61.1,,,,,,70.4,,,67.3,2,2,0,84,53,63,42,45,5
Nick Whiteside,169772,CB,DET,9,0,0,11,60.0,,,,,,62.0,,,78.8,1,0,0,3,12,22,1,33,1
Chukwuebuka Godrick,169778,T,KC,3,0,0,16,,,60.2,,,,61.2,,,68.2,0,0,8,0,0,0,0,0,0
Basil Okoye,169780,DI,BLT,10,0,0,3,57.9,,60.0,,,,58.3,,,70.6,0,0,1,40,0,0,0,0,0
Trevor Nowaske,169859,ED,DET,15,5,0,11,60.1,,,,,,76.3,,,83.7,1,1,0,62,86,77,50,54,8
Isaac TeSlaa,172430,WR,DET,12,0,0,11,,,,,,,55.0,,,78.0,1,1,0,0,0,21,29,18,0
Esa Pole,174220,T,KC,5,0,0,16,,,62.2,,,,61.7,,,67.4,0,0,17,0,0,0,0,0,0
Jahdae Walker,175944,WR,CHI,5,2,0,6,,,,,,,46.7,,,70.4,4,1,0,0,31,20,3,7,1
Carter Runyon,177002,TE,LV,13,0,0,23,,,,,,,61.8,,,76.3,1,0,0,0,47,73,52,33,1
Mike Jerrell,183057,T,ATL,1,0,0,2,,,60.0,,,,60.1,,,63.5,0,0,2,0,0,0,0,0,0
Charlie Smyth,183080,K,NO,6,0,0,20,,76.3,,,12.2,,60.6,,,62.7,0,1,30,0,34,0,0,0,0
Giovanni Manu,183106,T,DET,2,0,0,11,,,60.0,,,,60.8,,,64.3,0,0,12,0,0,0,0,0,0
